id	ฉาก	ผู้พูด	TH
B01-0001	บท 1 คัตซีน · a01_010	Caller (?)	ใช่
B01-0002	บท 1 คัตซีน · a01_010	Caller (?) [อีกแทร็ก]	เข้าใจแล้ว
B01-0003	บท 1 คัตซีน · a01_010	Saori (ญ)	เข้าใจดี ไม่มีปัญหาเลย
B01-0004	บท 1 คัตซีน · a01_010	Saori (ญ) [อีกแทร็ก]	อ้อ งั้นเหรอ?
B01-0005	บท 1 คัตซีน · a01_010	Saori (ญ)	เราช่วยเหลือคุณ\nได้อย่างแน่นอน
B01-0006	บท 1 คัตซีน · a01_010	Saori (ญ) [อีกแทร็ก]	ได้ แน่นอน เราช่วย\nคุณได้แน่นอน
B01-0007	บท 1 คัตซีน · a01_010	Saori (ญ)	รับประกันได้เลย
B01-0008	บท 1 คัตซีน · a01_010	Saori (ญ) [อีกแทร็ก]	ไม่ต้องเป็นห่วง
B01-0009	บท 1 คัตซีน · a01_010	Saori (ญ)	อ๋อ คุณคงหมายถึง\nยากามิสินะ
B01-0010	บท 1 คัตซีน · a01_010	Saori (ญ) [อีกแทร็ก]	หือ? อ๋อ... หมายถึงยากามิเหรอ?
B01-0011	บท 1 คัตซีน · a01_010	Saori (ญ)	แน่นอน เราขอบคุณที่คุณสนใจ\nแต่ว่า เอ่อ...
B01-0012	บท 1 คัตซีน · a01_010	Saori (ญ) [อีกแทร็ก]	ต้องขออภัยจริงๆ แต่ตอนนี้\nเขาติดงานยุ่งอยู่พักหนึ่ง
B01-0013	บท 1 คัตซีน · a01_010	Office coworker (?)	โห นี่สินะ ความเป็นร็อกสตาร์\nคงฟินน่าดูเลยเนอะ
B01-0014	บท 1 คัตซีน · a01_010	Office coworker (?) [อีกแทร็ก]	ไม่เอาน่า กระแสยากามิเนี่ย\nจะฮิตไปถึงเมื่อไหร่กันเนี่ย
B01-0015	บท 1 คัตซีน · a01_010	Office coworker (?)	ใช่ไหมล่ะ ซาโอริจัง?
B01-0016	บท 1 คัตซีน · a01_010	Saori (ญ)	สำนักงานกฎหมายเก็นดะ ซาโอริรับสายค่ะ
B01-0017	บท 1 คัตซีน · a01_010	Saori (ญ) [อีกแทร็ก]	สำนักงานกฎหมายเก็นดะค่ะ
B01-0018	บท 1 คัตซีน · a01_010	Saori (ญ)	ค่ะ ยากามิเป็นพนักงาน\nของสำนักงานเราอยู่ค่ะ
B01-0019	บท 1 คัตซีน · a01_010	Saori (ญ) [อีกแทร็ก]	ค่ะ ยากามิเป็นทีมงานที่นี่ค่ะ
B01-0020	บท 1 คัตซีน · a01_010	Office coworker (?)	วันๆ ก็เจอแต่เรื่องบ้าๆ แบบนี้
B01-0021	บท 1 คัตซีน · a01_010	Office coworker (?) [อีกแทร็ก]	อีกแล้วเหรอ?
B01-0022	บท 1 คัตซีน · a01_010	Office coworker (?)	คงเพราะทุกคนอยากได้ทนาย\nที่ชนะคดีได้สินะ
B01-0023	บท 1 คัตซีน · a01_010	Office coworker (?) [อีกแทร็ก]	ใครๆ ก็อยากได้ทนาย\nที่แก้ต่างชนะได้ใช่ไหมล่ะ
B01-0024	บท 1 คัตซีน · a01_010	Caller (?)	อาจารย์ยากามิ?
B01-0025	บท 1 คัตซีน · a01_010	Shintani (ช)	เฮ้ย ปราณีกันบ้างสิ
B01-0026	บท 1 คัตซีน · a01_010	Shintani (ช) [อีกแทร็ก]	หยุดเหอะน่า
B01-0027	บท 1 คัตซีน · a01_010	Yagami (ช)	ผมคงไม่มีทางชนะได้เลย\nถ้าไม่มีสองคนนี้ช่วย
B01-0028	บท 1 คัตซีน · a01_010	Yagami (ช) [อีกแทร็ก]	แค่ผมโชคดีมากๆ\nในครั้งนั้นแหละครับ
B01-0029	บท 1 คัตซีน · a01_010	Shintani (ช)	แหงอยู่แล้วละ นายจะชนะเองได้ไง
B01-0030	บท 1 คัตซีน · a01_010	Shintani (ช) [อีกแทร็ก]	ฮึ่ม ก็บอกว่าใช่ไง
B01-0031	บท 1 คัตซีน · a01_010	Shintani (ช)	คดีแบบนี้ร้อยละ 99\nจบที่การตัดสินว่าผิด
B01-0032	บท 1 คัตซีน · a01_010	Shintani (ช) [อีกแทร็ก]	ยิ่งคิดว่า 99% ของการพิจารณาคดี\nจบที่การตัดสินว่าผิดด้วยแล้ว
B01-0033	บท 1 คัตซีน · a01_010	Shintani (ช)	การพ้นผิดเลยเป็นเรื่องใหญ่มาก\nถึงจะเป็นแค่โชคช่วยก็ตาม
B01-0034	บท 1 คัตซีน · a01_010	Shintani (ช) [อีกแทร็ก]	การพ้นผิดถึงเป็นเรื่องใหญ่ขนาดนั้น\nถึงจะเป็นแค่โชคช่วยเฉยๆ
B01-0035	บท 1 คัตซีน · a01_010	Shintani (ช)	พูดได้เลยว่าทนายคนนั้นคือฮีโร่
B01-0036	บท 1 คัตซีน · a01_010	Shintani (ช) [อีกแทร็ก]	ทนายคนไหนทำแบบนั้นได้\nก็เป็นฮีโร่ทั้งนั้น
B01-0037	บท 1 คัตซีน · a01_010	Shintani (ช)	ทำให้แม้แต่อดีตนักเลง\nยังดูดีขึ้นมาได้
B01-0038	บท 1 คัตซีน · a01_010	Shintani (ช) [อีกแทร็ก]	แม้แต่พวกที่เคยเป็นอันธพาลก็ตาม
B01-0039	บท 1 คัตซีน · a01_010	Yagami (ช)	ก็คงงั้นแหละ
B01-0040	บท 1 คัตซีน · a01_010	Yagami (ช) [อีกแทร็ก]	นายพูดถูก
B01-0041	บท 1 คัตซีน · a01_010	Shintani (ช)	เลิกยิ้มแบบนั้นซะที\nคิดว่าตัวเองเก่งกว่าพวกเราเหรอ
B01-0042	บท 1 คัตซีน · a01_010	Shintani (ช) [อีกแทร็ก]	"นายพูดถูก" งั้นเหรอ!?\nอย่าเหิมเกริมไปหน่อยเลย!
B01-0043	บท 1 คัตซีน · a01_010	Yagami (ช)	ผมไม่ใช่คนดีเลิศอะไรหรอกครับ
B01-0044	บท 1 คัตซีน · a01_010	Yagami (ช) [อีกแทร็ก]	ผมไม่กล้าพูดแบบนั้นหรอกครับ
B01-0045	บท 1 คัตซีน · a01_010	Shintani (ช)	ดูไม่ออกเลยนะ
B01-0046	บท 1 คัตซีน · a01_010	Shintani (ช) [อีกแทร็ก]	จากมุมที่ผมมองอยู่\nมันก็ดูเป็นแบบนั้นแหละนะ
B01-0047	บท 1 คัตซีน · a01_010	Shintani (ช)	รู้ไว้นะ\nนายจะชนะทุกคดีไม่ได้หรอก
B01-0048	บท 1 คัตซีน · a01_010	Shintani (ช) [อีกแทร็ก]	รู้ไว้ด้วยนะ นายจะ\nชนะได้ทุกครั้งซะเมื่อไหร่
B01-0049	บท 1 คัตซีน · a01_010	Shintani (ช)	เชื่อผมเถอะน่า\nสถิติของผมมันไม่ได้...
B01-0050	บท 1 คัตซีน · a01_010	Shintani (ช) [อีกแทร็ก]	ในฐานะรุ่นพี่ ผมเตือนไว้ก่อนนะ
B01-0051	บท 1 คัตซีน · a01_010	Shintani (ช)	ฟังอยู่รึเปล่าเนี่ย?
B01-0052	บท 1 คัตซีน · a01_010	Shintani (ช) [อีกแทร็ก]	นายฟังอยู่รึเปล่าเนี่ย!?
B01-0053	บท 1 คัตซีน · a01_010	Yagami (ช)	แน่นอนครับ\nผมเก็ตแล้วครับ
B01-0054	บท 1 คัตซีน · a01_010	Yagami (ช) [อีกแทร็ก]	รับทราบคำเตือนแล้วครับ ขอบคุณครับ
B01-0055	บท 1 คัตซีน · a01_010	Shintani (ช)	ฮึ่ม
B01-0056	บท 1 คัตซีน · a01_010	Saori (ญ)	เอาล่ะ ตอนนี้ชินทานิว่างอยู่นะ
B01-0057	บท 1 คัตซีน · a01_010	Saori (ญ) [อีกแทร็ก]	ถ้าต้องการคนตอนนี้เลย\nชินทานิว่างอยู่
B01-0058	บท 1 คัตซีน · a01_010	Saori (ญ)	ใช่เลย!\nเขามีประสบการณ์มากกว่าด้วยนะ
B01-0059	บท 1 คัตซีน · a01_010	Saori (ญ) [อีกแทร็ก]	ใช่ เขามีประสบการณ์มากกว่ายากามิด้วย
B01-0060	บท 1 คัตซีน · a01_010	Shintani (ช)	ได้ยินป่ะเนี่ย\nตอนนี้ฉันโดนป้อนเดนๆ ของนายมาแทนแล้วนะ
B01-0061	บท 1 คัตซีน · a01_010	Shintani (ช) [อีกแทร็ก]	ได้ยินนี่ป่ะ\nดูเหมือนฉันจะได้แต่เดนๆ ของนาย
B01-0062	บท 1 คัตซีน · a01_010	Yagami (ช)	หยุดพูดได้แล้วน่า...
B01-0063	บท 1 คัตซีน · a01_010	Yagami (ช) [อีกแทร็ก]	ใจเย็นๆ หน่อยได้ไหม?
B01-0064	บท 1 คัตซีน · a01_010	Saori (ญ)	โอเค\nแล้วแน่ใจนะ?
B01-0065	บท 1 คัตซีน · a01_010	Saori (ญ) [อีกแทร็ก]	ไม่นะ... แน่ใจเหรอ?
B01-0066	บท 1 คัตซีน · a01_010	Saori (ญ)	แต่มันเป็นไปไม่ได้หรอก
B01-0067	บท 1 คัตซีน · a01_010	Saori (ญ) [อีกแทร็ก]	ใช่ มันแค่เชื่อยากไปหน่อย...
B01-0068	บท 1 คัตซีน · a01_010	Saori (ญ)	เขาฝีมือดีที่สุดเท่าที่จะหาได้แล้ว\nเชื่อฉันสิ
B01-0069	บท 1 คัตซีน · a01_010	Saori (ญ) [อีกแทร็ก]	ไม่นะ เขาไม่เคยชนะคดีจนพ้นผิดเลย\nรู้ไหมว่ามันหายากแค่ไหน
B01-0070	บท 1 คัตซีน · a01_010	Saori (ญ)	เปล่าเลย เขาไม่เคยชนะคดีสักคดี\nรู้ไหมว่ามันหายากแค่ไหน
B01-0071	บท 1 คัตซีน · a01_010	Saori (ญ) [อีกแทร็ก]	ไม่รู้เหรอ\nในญี่ปุ่น คดีในศาล 99.9% จบที่ตัดสินว่าผิด
B01-0072	บท 1 คัตซีน · a01_010	Saori (ญ)	ไม่เคยได้ยินเหรอ คดีอาญาในศาล 99.9%\nจบด้วยการที่จำเลยติดคุก
B01-0073	บท 1 คัตซีน · a01_010	Saori (ญ) [อีกแทร็ก]	มันไร้สาระไปหน่อยเนอะ?
B01-0074	บท 1 คัตซีน · a01_010	Yagami (ช)	ไร้สาระใช่ไหมล่ะ\nหา? อ้อ...
B01-0075	บท 1 คัตซีน · a01_010	Yagami (ช) [อีกแทร็ก]	หือ? อ้อ...
B01-0076	บท 1 คัตซีน · a01_010	Saori (ญ)	แต่คุณก็ยังอยากได้ยากามิอยู่ดีสินะ
B01-0077	บท 1 คัตซีน · a01_010	Saori (ญ) [อีกแทร็ก]	คุณจะเอาแต่ยากามิเท่านั้นเหรอ?
B01-0078	บท 1 คัตซีน · a01_010	Shintani (ช)	พอกันทีเถอะ
B01-0079	บท 1 คัตซีน · a01_010	Shintani (ช) [อีกแทร็ก]	ให้ตายสิวะ\nช่างหัวมันเถอะ!
B01-0080	บท 1 คัตซีน · a01_010	Genda (ช)	เฮ้ย! หุบปากซะที!
B01-0081	บท 1 คัตซีน · a01_010	Genda (ช) [อีกแทร็ก]	ทุกคน หุบปากซะที!
B01-0082	บท 1 คัตซีน · a01_010	Genda (ช)	ใช่ ใช่
B01-0083	บท 1 คัตซีน · a01_010	Genda (ช) [อีกแทร็ก]	ใช่ โอเค
B01-0084	บท 1 คัตซีน · a01_010	Genda (ช)	แล้วแน่ใจแบบร้อยเปอร์เซ็นต์นะ?
B01-0085	บท 1 คัตซีน · a01_010	Genda (ช) [อีกแทร็ก]	ไม่มีข้อสงสัยเลยใช่ไหม?
B01-0086	บท 1 คัตซีน · a01_010	Genda (ช)	เข้าใจแล้วล่ะ
B01-0087	บท 1 คัตซีน · a01_010	Genda (ช) [อีกแทร็ก]	รับทราบ
B01-0088	บท 1 คัตซีน · a01_010	Genda (ช)	เดี๋ยวจะบอกเขาให้
B01-0089	บท 1 คัตซีน · a01_010	Yagami (ช)	ใครเหรอ?
B01-0090	บท 1 คัตซีน · a01_010	Yagami (ช) [อีกแทร็ก]	เป็นไงบ้าง?
B01-0091	บท 1 คัตซีน · a01_010	Genda (ช)	โทรมาหาอาจารย์ยากามิอีกแล้ว
B01-0092	บท 1 คัตซีน · a01_010	Genda (ช) [อีกแทร็ก]	เป็นงานของอาจารย์ยากามินะ
B01-0093	บท 1 คัตซีน · a01_010	Yagami (ช)	ก็แล้วไง
B01-0094	บท 1 คัตซีน · a01_010	Yagami (ช) [อีกแทร็ก]	แหงอยู่แล้ว
B01-0095	บท 1 คัตซีน · a01_010	Genda (ช)	แต่ลูกความคือ... ชินเป โอคุโบะ
B01-0096	บท 1 คัตซีน · a01_010	Genda (ช) [อีกแทร็ก]	ลูกความคือชินเป โอคุโบะ
B01-0097	บท 1 คัตซีน · a01_010	Yagami (ช)	อืม...
B01-0098	บท 1 คัตซีน · a01_010	Yagami (ช) [อีกแทร็ก]	อืมมม...
B01-0099	บท 1 คัตซีน · a01_010	Yagami (ช)	หา!?
B01-0100	บท 1 คัตซีน · a01_010	Yagami (ช) [อีกแทร็ก]	ว่าไงนะ!?
B01-0101	บท 1 คัตซีน · a01_010	Yagami (ช)	ไม่ค่อยเชื่อเท่าไหร่\nโอคุโบะเป็นอิสระแล้วนี่นา
B01-0102	บท 1 คัตซีน · a01_010	Yagami (ช) [อีกแทร็ก]	ชินเป โอคุโบะ...\nหมายถึงคนที่เพิ่งพ้นผิดไปเหรอ?
B01-0103	บท 1 คัตซีน · a01_010	Genda (ช)	ไม่ใช่แล้วล่ะ\nเขาถูกจับข้อหาฆาตกรรม
B01-0104	บท 1 คัตซีน · a01_010	Genda (ช) [อีกแทร็ก]	เขาถูกจับในข้อหาฆาตกรรม
B01-0105	บท 1 คัตซีน · a01_010	Yagami (ช)	ไม่เอาน่า\nเราเพิ่งพิสูจน์ว่าเขาบริสุทธิ์ ไปไม่ใช่เหรอ?
B01-0106	บท 1 คัตซีน · a01_010	Yagami (ช) [อีกแทร็ก]	เดี๋ยวนะ แต่ผมเพิ่ง—
B01-0107	บท 1 คัตซีน · a01_010	Genda (ช)	เป็นคดีใหม่\nตอนนี้กำลังดำเนินการอยู่
B01-0108	บท 1 คัตซีน · a01_010	Genda (ช) [อีกแทร็ก]	เป็นข้อหาใหม่
B01-0109	บท 1 คัตซีน · a01_010	Genda (ช)	สิ่งที่เขาบอกผมคือ... เขาแทงแฟนสาวตัวเอง\nเอมิ จนตาย แล้วจุดไฟเผาอพาร์ตเมนต์
B01-0110	บท 1 คัตซีน · a01_010	Genda (ช) [อีกแทร็ก]	เมื่อกี้นี้ โอคุโบะแทงแฟนสาวตัวเอง\nแล้วราดน้ำมันจุดไฟเผาห้องเธอ
B01-0111	บท 1 คัตซีน · a01_010	Yagami (ช)	โอคุโบะไม่มีทางทำแบบนั้น!
B01-0112	บท 1 คัตซีน · a01_010	Yagami (ช) [อีกแทร็ก]	ล้อเล่นใช่ไหมเนี่ย!
B01-0113	บท 1 คัตซีน · a01_010	Unknown office staff (?)	แทงเอมิจัง...
B01-0114	บท 1 คัตซีน · a01_010	Unknown office staff (?) [อีกแทร็ก]	ที่บอกว่าเขา\nแทงแฟนสาวตัวเอง...
B01-0115	บท 1 คัตซีน · a01_010	Yagami (ช)	ผมไม่เข้าใจเลยจริงๆ
B01-0116	บท 1 คัตซีน · a01_010	Yagami (ช) [อีกแทร็ก]	หมายความว่าเขาฆ่าเอมิจังเหรอ?
B01-0117	บท 1 คัตซีน · a01_010	Inamine (?)	โอคุโบะ...
B01-0118	บท 1 คัตซีน · a01_010	Inamine (?) [อีกแทร็ก]	ไม่จริงน่า...
B01-0119	บท 1 คัตซีน · a01_010	Unknown (?)	ทำไมเขาถึง...
B01-0120	บท 1 คัตซีน · a01_010	Unknown (?) [อีกแทร็ก]	ทำไมเขาถึงทำแบบนั้น...
B01-0121	บท 1 คัตซีน · a01_010	Police officer (ช)	คุมตัวผู้ต้องสงสัยได้แล้วครับ!
B01-0122	บท 1 คัตซีน · a01_010	Police officer (ช) [อีกแทร็ก]	คุมตัวผู้ต้องสงสัยไว้ให้ดี!
B01-0123	บท 1 คัตซีน · a01_010	Police officer (ช)	หลีกไปครับ ตรงนี้ไม่ปลอดภัย\nทุกคนถอยไปเดี๋ยวนี้!
B01-0124	บท 1 คัตซีน · a01_010	Police officer (ช) [อีกแทร็ก]	ถอยไป!\nออกห่างจากตึกด้วย! ถอย!
B01-0125	บท 1 คัตซีน · a01_010	Yagami (ช)	วันนั้น...
B01-0126	บท 1 คัตซีน · a01_010	Yagami (ช)	อาชีพทนายของผมตายไปพร้อมกับ\nเอมิจัง...
B01-0127	บท 1 คัตซีน · a01_010	Yagami (ช) [อีกแทร็ก]	ชีวิตทนายความของผมตายไปพร้อมกับ\nเอมิจัง...
B01-0128	บท 1 คัตซีน · a01_010	Yagami (ช)	ทั้งคู่ถูกฆ่าโดยชินเป โอคุโบะ
B01-0129	บท 1 คัตซีน · a01_010	Yagami (ช) [อีกแทร็ก]	ทั้งคู่ถูกฆ่าโดยชินเป โอคุโบะ\nฆาตกรต่อเนื่อง
B01-0130	บท 1 คัตซีน · a01_020	Yagami (ช)	ตอบด้วย ไคโตะซัง
B01-0131	บท 1 คัตซีน · a01_020	Yagami (ช) [อีกแทร็ก]	นี่ยากามิเอง
B01-0132	บท 1 คัตซีน · a01_020	Yagami (ช)	ใกล้ถึงหรือยัง?
B01-0133	บท 1 คัตซีน · a01_020	Yagami (ช) [อีกแทร็ก]	ไคโตะซัง สถานะเป็นไง?
B01-0134	บท 1 คัตซีน · a01_020	Kaito (ช)	ใช่ อยู่แถวๆ Don Quijote นี่แหละ
B01-0135	บท 1 คัตซีน · a01_020	Kaito (ช) [อีกแทร็ก]	ใกล้แล้ว\nฉันอยู่แถว Don Quijote
B01-0136	บท 1 คัตซีน · a01_020	Yagami (ช)	กำลังไปหานายนะ
B01-0137	บท 1 คัตซีน · a01_020	Yagami (ช) [อีกแทร็ก]	กำลังไปทางนายแล้ว
B01-0138	บท 1 คัตซีน · a01_020	Yagami (ช)	เห็นตัวเป้าหมายรึยัง?
B01-0139	บท 1 คัตซีน · a01_020	Yagami (ช) [อีกแทร็ก]	เห็นตัวเขาไหม?
B01-0140	บท 1 คัตซีน · a01_020	Kaito (ช)	เห็นแล้ว เจอเขาแล้ว
B01-0141	บท 1 คัตซีน · a01_020	Kaito (ช) [อีกแทร็ก]	ใช่ เจอแล้ว
B01-0142	บท 1 คัตซีน · a01_020	Yagami (ช)	เขาไม่รู้ตัวเลยสินะ
B01-0143	บท 1 คัตซีน · a01_020	Yagami (ช) [อีกแทร็ก]	เขาไม่รู้ตัวเลย
B01-0144	บท 1 คัตซีน · a01_020	Yagami (ช)	นายเก่งขึ้นเรื่อยๆ นะ\nเกือบจะเป็นมืออาชีพแล้ว
B01-0145	บท 1 คัตซีน · a01_020	Yagami (ช) [อีกแทร็ก]	นายเก่งเรื่องนี้ขึ้นเยอะเลยนะ
B01-0146	บท 1 คัตซีน · a01_020	Kaito (ช)	โห ขอบใจนะ ฝันอยากเป็น\nนักสะกดรอยมืออาชีพมาตลอดเลย
B01-0147	บท 1 คัตซีน · a01_020	Kaito (ช) [อีกแทร็ก]	ใช่เลย เก่งจนตัวเองยังขนลุก
B01-0148	บท 1 คัตซีน · a01_020	Yagami (ช)	ไม่แน่ใจว่าจะเรียกแบบนั้นได้นะ
B01-0149	บท 1 คัตซีน · a01_020	Yagami (ช) [อีกแทร็ก]	ฉันคงไม่พูดไปไกลขนาดนั้นหรอก
B01-0150	บท 1 คัตซีน · a01_020	Kaito (ช)	ต้องยอมรับนะ\nเรื่องนี้มันบ้ามากจริงๆ
B01-0151	บท 1 คัตซีน · a01_020	Kaito (ช) [อีกแทร็ก]	ถึงยังไง เชื่อไหมล่ะเนี่ย?
B01-0152	บท 1 คัตซีน · a01_020	Yagami (ช)	นักสืบสะกดรอยตามนักสืบด้วยกันเอง
B01-0153	บท 1 คัตซีน · a01_020	Yagami (ช) [อีกแทร็ก]	นักสืบสะกดรอยตามนักสืบ...
B01-0154	บท 1 คัตซีน · a01_020	Kaito (ช)	เรื่องแบบนี้เจอแต่ในทีวีนะ
B01-0155	บท 1 คัตซีน · a01_020	Kaito (ช) [อีกแทร็ก]	นี่มันระดับในทีวีเลยนะเนี่ย
B01-0156	บท 1 คัตซีน · a01_020	Yagami (ช)	บ้าหรือไม่บ้าก็เถอะ...\nมีสมาธิไว้ก่อน
B01-0157	บท 1 คัตซีน · a01_020	Yagami (ช) [อีกแทร็ก]	เอาล่ะ พอคุยได้แล้ว\nระวังตัวด้วยนะ
B01-0158	บท 1 คัตซีน · a01_020	Kaito (ช)	โอเค\nเดี๋ยวไปสมทบเร็วๆ นี้
B01-0159	บท 1 คัตซีน · a01_020	Kaito (ช) [อีกแทร็ก]	งั้นไปสมทบกับนายก็แล้วกัน
B01-0160	บท 1 คัตซีน · a01_020	Yagami (ช)	ครับ
B01-0161	บท 1 คัตซีน · a01_020	Yagami (ช) [อีกแทร็ก]	ใช่.
B01-0162	บท 1 คัตซีน · a01_020	Thug (ช)	หลีกไปเลยตาแก่!
B01-0163	บท 1 คัตซีน · a01_020	Thug (ช) [อีกแทร็ก]	ไปให้พ้นเลยตาเฒ่า!
B01-0164	บท 1 คัตซีน · a01_020	Thug (ช)	ไอ้ขยะบัดซบ
B01-0165	บท 1 คัตซีน · a01_020	Thug (ช) [อีกแทร็ก]	น่ารำคาญชะมัด
B01-0166	บท 1 คัตซีน · a01_020	Thug (ช)	เฮ้ย ไอ้เวร เขาบอกให้ไปแล้วไง!
B01-0167	บท 1 คัตซีน · a01_020	Thug (ช) [อีกแทร็ก]	ไสหัวไปเลย!
B01-0168	บท 1 คัตซีน · a01_020	Yagami (ช)	หา?
B01-0169	บท 1 คัตซีน · a01_020	Thug (ช)	แกทำบ้าอะไรวะ!?
B01-0170	บท 1 คัตซีน · a01_020	Thug (ช) [อีกแทร็ก]	แกมีปัญหาอะไรวะ!?
B01-0171	บท 1 คัตซีน · a01_020	Thug (ช)	ไง อยากตายเหรอไอ้นี่?
B01-0172	บท 1 คัตซีน · a01_020	Thug (ช) [อีกแทร็ก]	หา? อะไรอีก\nอยากตายเหรอ?
B01-0173	บท 1 คัตซีน · a01_020	Thug (ช)	ไอ้นี่มันเป็นบ้าอะไรวะ?
B01-0174	บท 1 คัตซีน · a01_020	Thug (ช) [อีกแทร็ก]	ไอ้โง่จริงๆ...
B01-0175	บท 1 คัตซีน · a01_020	Kaito (ช)	เกิดอะไรขึ้น\nตรงนั้นน่ะเพื่อน?
B01-0176	บท 1 คัตซีน · a01_020	Kaito (ช) [อีกแทร็ก]	เฮ้ย ทำอะไรอยู่น่ะ ทาคุ?
B01-0177	บท 1 คัตซีน · a01_020	Yagami (ช)	เอ่อ... ดูเหมือนผมต้อง\nสั่งสอนไอ้พวกนี้หน่อยแล้ว
B01-0178	บท 1 คัตซีน · a01_020	Yagami (ช) [อีกแทร็ก]	พวกอันธพาลหาเรื่องผมก่อน\nแล้วผมก็ตอบโต้ไปโดยอัตโนมัติ...
B01-0179	บท 1 คัตซีน · a01_020	Kaito (ช)	"ต้องแล้ว" งั้นเหรอ? นายไม่ได้บอกฉัน\nให้สงบเสงี่ยมไว้เหรอไง?
B01-0180	บท 1 คัตซีน · a01_020	Kaito (ช) [อีกแทร็ก]	ตอบโต้อัตโนมัติงั้นเหรอ? นายเองไม่ใช่เหรอ\nที่บอกให้ฉันระวังตัว?
B01-0181	บท 1 คัตซีน · a01_020	Thug (ช)	เฮ้ย ใครวะที่แกเรียกว่าอันธพาล\nไอ้ไร้บ้านบัดซบ?
B01-0182	บท 1 คัตซีน · a01_020	Thug (ช) [อีกแทร็ก]	ใครวะที่แกเรียกว่าอันธพาล ไอ้เวร?
B01-0183	บท 1 คัตซีน · a01_020	Yagami (ช)	หา!?
B01-0184	บท 1 คัตซีน · a01_020	Yagami (ช)	ขอโทษนะ ไคโตะ\nเดี๋ยวตามไปเร็วๆ นี้นะ?
B01-0185	บท 1 คัตซีน · a01_020	Yagami (ช) [อีกแทร็ก]	ขอโทษที ไคโตะซัง\nเดี๋ยวตามไปทันเร็วๆ นี้
B01-0186	บท 1 คัตซีน · a01_020	Kaito (ช)	แล้วที่บอกให้ระวังตัวล่ะ
B01-0187	บท 1 คัตซีน · a01_020	Kaito (ช) [อีกแทร็ก]	ตั้งสติหน่อยเพื่อน
B01-0188	บท 1 คัตซีน · a01_020	Thug (ช)	ดูไอ้นี่สิ\nเห็นเรื่องบ้านี่ไหมวะ?
B01-0189	บท 1 คัตซีน · a01_020	Thug (ช) [อีกแทร็ก]	อะไรวะเนี่ย!?\nไอ้นี่มันจริงจังรึเปล่าวะ?
B01-0190	บท 1 คัตซีน · a01_020	Thug (ช)	เฮ่อ ได้เลย\nไอ้หนุ่มคนนี้ดาราหนังแฮะ
B01-0191	บท 1 คัตซีน · a01_020	Thug (ช) [อีกแทร็ก]	เฮ้ย ได้เลย\nพวกกูจะลองซัดกับมึงดู!
B01-0192	บท 1 คัตซีน · a01_020	Yagami (ช)	ฮวา! ฮวาช่า!\nเป็นไงล่ะ?
B01-0193	บท 1 คัตซีน · a01_020	Yagami (ช) [อีกแทร็ก]	อาชย่า อาชย่า!\nว่าไงล่ะ!?
B01-0194	บท 1 คัตซีน · a01_020	Thug (ช)	แกมันไอ้ตัวตลกชัดๆ
B01-0195	บท 1 คัตซีน · a01_020	Thug (ช) [อีกแทร็ก]	ไอ้โง่...
B01-0196	บท 1 คัตซีน · a01_020	Yagami (ช)	เอาล่ะ ลุยกันเลย!
B01-0197	บท 1 คัตซีน · a01_020	Yagami (ช) [อีกแทร็ก]	รุมกระทืบมันเลย!
B01-0198	บท 1 คัตซีน · a01_025	Thug (ช)	แก... แกเป็นใครวะ?
B01-0199	บท 1 คัตซีน · a01_025	Thug (ช) [อีกแทร็ก]	...แกมันใครวะ?
B01-0200	บท 1 คัตซีน · a01_025	Yagami (ช)	จบแล้วครับ
B01-0201	บท 1 คัตซีน · a01_025	Yagami (ช) [อีกแทร็ก]	จบแล้ว
B01-0202	บท 1 คัตซีน · a01_025	Yagami (ช)	ไคโตะซัง
B01-0203	บท 1 คัตซีน · a01_025	Yagami (ช) [อีกแทร็ก]	ไคโตะซัง?
B01-0204	บท 1 คัตซีน · a01_025	Yagami (ช)	เป้าหมายเราไปทางไหน?
B01-0205	บท 1 คัตซีน · a01_025	Yagami (ช) [อีกแทร็ก]	นายอยู่ไหนตอนนี้?
B01-0206	บท 1 คัตซีน · a01_025	Kaito (ช)	กำลังมุ่งหน้าไปทางถนนพิงก์สตรีท
B01-0207	บท 1 คัตซีน · a01_025	Kaito (ช) [อีกแทร็ก]	ตรอกที่มุ่งหน้าไปทางถนนพิงก์สตรีท
B01-0208	บท 1 คัตซีน · a01_025	Kaito (ช)	คนเริ่มบางตาแล้ว\nรีบมาซะดีๆ
B01-0209	บท 1 คัตซีน · a01_025	Kaito (ช) [อีกแทร็ก]	แถวนี้คนไม่เยอะเท่าไหร่
B01-0210	บท 1 คัตซีน · a01_025	Yagami (ช)	ได้เลย
B01-0211	บท 1 คัตซีน · a01_025	Kaito (ช)	แล้วรีบมาไวๆ ด้วย
B01-0212	บท 1 คัตซีน · a01_025	Kaito (ช) [อีกแทร็ก]	งั้นรีบมาเร็วๆ เข้า
B01-0213	บท 1 คัตซีน · a01_025	Yagami (ช)	อีกเดี๋ยวเขาก็คง\nจับได้ว่าฉันสะกดรอยตามอยู่
B01-0214	บท 1 คัตซีน · a01_025	Yagami (ช) [อีกแทร็ก]	เขาต้องจับได้แน่\nถ้ามีแค่ฉันคนเดียวตามอยู่
B01-0215	บท 1 คัตซีน · a01_030	Debtor (ช)	ไม่เข้าใจเลย...
B01-0216	บท 1 คัตซีน · a01_030	Debtor (ช) [อีกแทร็ก]	แก...
B01-0217	บท 1 คัตซีน · a01_030	Debtor (ช)	แกไม่ได้บอกเหรอ\nว่าเป็นนักสืบ?
B01-0218	บท 1 คัตซีน · a01_030	Debtor (ช) [อีกแทร็ก]	แกก็เป็นนักสืบเหมือนกันใช่ไหม?
B01-0219	บท 1 คัตซีน · a01_030	Yagami (ช)	แกชื่ออะไรเหรอ?
B01-0220	บท 1 คัตซีน · a01_030	Debtor (ช)	ฉันไม่เคยบอกว่าจะตอบ\nคำถามให้ ไอ้เวร
B01-0221	บท 1 คัตซีน · a01_030	Debtor (ช) [อีกแทร็ก]	ตอนนี้อยากแลกนามบัตรกันแล้วเหรอ?
B01-0222	บท 1 คัตซีน · a01_030	Yagami (ช)	ยากามิ
B01-0223	บท 1 คัตซีน · a01_030	Yagami (ช)	ดูให้ดีๆ\nทีนี้เชื่อรึยัง?
B01-0224	บท 1 คัตซีน · a01_030	Yagami (ช) [อีกแทร็ก]	จากสำนักงานนักสืบยากามิ คามุโรโจ
B01-0225	บท 1 คัตซีน · a01_030	Yagami (ช)	เอาล่ะ มาคุยกันดีๆ นะ
B01-0226	บท 1 คัตซีน · a01_030	Yagami (ช) [อีกแทร็ก]	เอาแบบง่ายๆ กันดีกว่า
B01-0227	บท 1 คัตซีน · a01_030	Yagami (ช)	แค่ยกเงินมาให้ เข้าใจนะ\nสัก 150,000 เยนพอไหม?
B01-0228	บท 1 คัตซีน · a01_030	Yagami (ช) [อีกแทร็ก]	เอาเงินที่ติดค้างมาคืน\nปัดขึ้นเป็น 150,000 เยนเป็นค่าเหนื่อยกู
B01-0229	บท 1 คัตซีน · a01_030	Debtor (ช)	ถอยไปไกลๆ เลยวะ!
B01-0230	บท 1 คัตซีน · a01_030	Debtor (ช) [อีกแทร็ก]	ไปตายซะ...
B01-0231	บท 1 คัตซีน · a01_030	Debtor (ช)	แกกำลังรีดไถ\nอะไรอยู่รึเปล่าวะ?
B01-0232	บท 1 คัตซีน · a01_030	Debtor (ช) [อีกแทร็ก]	นี่มันแก๊งรีดไถอะไรกันวะ!?
B01-0233	บท 1 คัตซีน · a01_030	Debtor (ช)	ฉันจะฟ้องแกเลยนะ!
B01-0234	บท 1 คัตซีน · a01_030	Kaito (ช)	งั้นเหรอ?
B01-0235	บท 1 คัตซีน · a01_030	Kaito (ช) [อีกแทร็ก]	นี่!
B01-0236	บท 1 คัตซีน · a01_030	Kaito (ช)	จะฟ้องกูเหรอ?
B01-0237	บท 1 คัตซีน · a01_030	Kaito (ช) [อีกแทร็ก]	จะฟ้องกันสินะ!?
B01-0238	บท 1 คัตซีน · a01_030	Kaito (ช)	แกคิดว่าตัวเองเป็นใครวะ\nหา!?
B01-0239	บท 1 คัตซีน · a01_030	Kaito (ช) [อีกแทร็ก]	แกคิดว่ามันเป็นแบบนั้นเหรอ หา!?
B01-0240	บท 1 คัตซีน · a01_030	Yagami (ช)	เดี๋ยวก่อน ไคโตะซัง
B01-0241	บท 1 คัตซีน · a01_030	Yagami (ช) [อีกแทร็ก]	เอ่อ ไคโตะซัง...
B01-0242	บท 1 คัตซีน · a01_030	White-suited Hooligan (ช)	อะไรวะเนี่ย!?
B01-0243	บท 1 คัตซีน · a01_030	White-suited Hooligan (ช) [อีกแทร็ก]	อะไรวะเนี่ย!?
B01-0244	บท 1 คัตซีน · a01_030	White-suited Hooligan (ช)	แกไม่ใช่นักสืบหรอก ไอ้เวร\nแกมันยากูซ่าชัดๆ!
B01-0245	บท 1 คัตซีน · a01_030	White-suited Hooligan (ช) [อีกแทร็ก]	แกไม่ใช่นักสืบ แกคือยากูซ่า!
B01-0246	บท 1 คัตซีน · a01_030	Kaito (ช)	งั้นเหรอ? งั้นแกก็คงรู้ดีว่าจะเกิดอะไรขึ้น\nถ้าไม่จ่ายเงินนะ!
B01-0247	บท 1 คัตซีน · a01_030	Kaito (ช) [อีกแทร็ก]	หุบปาก!\nอย่าพล่ามแล้วเอาเงินมาซะ!
B01-0248	บท 1 คัตซีน · a01_030	Yagami (ช)	ใจเย็นๆ หน่อย ไคโตะซัง
B01-0249	บท 1 คัตซีน · a01_030	Yagami (ช) [อีกแทร็ก]	ฟังเขาไว้บ้างก็ดีนะ
B01-0250	บท 1 คัตซีน · a01_030	Yagami (ช)	ผมว่าเขาคงไม่อยากทำให้คุณ\nโมโหไปกว่านี้หรอก
B01-0251	บท 1 คัตซีน · a01_030	Yagami (ช) [อีกแทร็ก]	เว้นแต่นายอยากให้เขาโมโหกว่านี้อีก?
B01-0252	บท 1 คัตซีน · a01_030	Debtor (ช)	ก็ได้...
B01-0253	บท 1 คัตซีน · a01_030	Debtor (ช) [อีกแทร็ก]	ก็ได้...!
B01-0254	บท 1 คัตซีน · a01_030	Debtor (ช)	บอกว่าก็ได้ไงวะ!
B01-0255	บท 1 คัตซีน · a01_030	Debtor (ช) [อีกแทร็ก]	ก็ได้!
B01-0256	บท 1 คัตซีน · a01_030	Debtor (ช)	ฟังนะไอ้เวร\nกูจะฟ้องมึงให้จมดินเลยว่ะ
B01-0257	บท 1 คัตซีน · a01_030	Debtor (ช) [อีกแทร็ก]	แน่ใจนะ\nถ้าเอาแบบนี้ กูจะฟ้องมึงจริง ๆ ว่ะ
B01-0258	บท 1 คัตซีน · a01_030	Debtor (ช)	เห็นนี่ไหม!?\nมันต่อยจมูกกูหักเลยว่ะ!
B01-0259	บท 1 คัตซีน · a01_030	Debtor (ช) [อีกแทร็ก]	กูพูดจริงนะ\nมึงต่อยจมูกกูหักว่ะ
B01-0260	บท 1 คัตซีน · a01_030	Yagami (ช)	อย่ามาทำเป็นดราม่าไปหน่อยเลย
B01-0261	บท 1 คัตซีน · a01_030	Yagami (ช) [อีกแทร็ก]	ผมว่ามันก็แค่เลือดกำเดาไหลนะ
B01-0262	บท 1 คัตซีน · a01_030	Yagami (ช)	ผมว่าเราสองคนก็รู้กันดีอยู่แล้วนะ\nว่าใครชกก่อน
B01-0263	บท 1 คัตซีน · a01_030	Yagami (ช) [อีกแทร็ก]	แล้วก็อย่าลืมด้วยนะ\nว่าใครเป็นคนชกก่อน
B01-0264	บท 1 คัตซีน · a01_030	Debtor (ช)	กูไม่มีทางปล่อยผ่านเรื่องนี้แน่!
B01-0265	บท 1 คัตซีน · a01_030	Debtor (ช) [อีกแทร็ก]	ไม่มีทาง มึงต่อยกูก่อนต่างหาก!
B01-0266	บท 1 คัตซีน · a01_030	Debtor (ช)	คอยดูเถอะ\nเดี๋ยวศาลจะ...
B01-0267	บท 1 คัตซีน · a01_030	Debtor (ช) [อีกแทร็ก]	คอยดูไว้เลย เดี๋ยวศาลจะ...
B01-0268	บท 1 คัตซีน · a01_030	Debtor (ช)	หา? แต่นั่นมัน...
B01-0269	บท 1 คัตซีน · a01_030	Debtor (ช) [อีกแทร็ก]	หา? นั่นมัน...
B01-0270	บท 1 คัตซีน · a01_030	Debtor (ช)	บัตรทนายความ
B01-0271	บท 1 คัตซีน · a01_030	Debtor (ช) [อีกแทร็ก]	มึงเป็นทนายความเหรอ?
B01-0272	บท 1 คัตซีน · a01_030	Debtor (ช)	งั้นมึงก็... ไม่ใช่นักสืบสิ
B01-0273	บท 1 คัตซีน · a01_030	Debtor (ช) [อีกแทร็ก]	มึงบอกว่าเป็นนักสืบไม่ใช่เหรอ...
B01-0274	บท 1 คัตซีน · a01_030	Yagami (ช)	แล้วไง?
B01-0275	บท 1 คัตซีน · a01_030	Yagami (ช) [อีกแทร็ก]	แล้วมันเป็นไง?
B01-0276	บท 1 คัตซีน · a01_030	Yagami (ช)	ยังอยากจะฟ้องอยู่อีกไหมล่ะ?
B01-0277	บท 1 คัตซีน · a01_030	Yagami (ช) [อีกแทร็ก]	ยังอยากเอาเรื่องนี้ขึ้นศาลอยู่ไหม?
B01-0278	บท 1 คัตซีน · a01_030	Yagami (ช)	รู้อะไรไหม...
B01-0279	บท 1 คัตซีน · a01_030	Yagami (ช) [อีกแทร็ก]	ขอเตือนไว้ก่อนนะ...
B01-0280	บท 1 คัตซีน · a01_030	Yagami (ช)	เดี๋ยวจะไม่รู้ตัวด้วยซ้ำว่าโดน อะไรเข้าไป
B01-0281	บท 1 คัตซีน · a01_030	Yagami (ช) [อีกแทร็ก]	ฟ้องผมน่ะ ความคิดแย่มากนะ
B01-0282	บท 1 คัตซีน · a01_040	Yagami (ช)	คามุโรโจ\nไม่มีที่ไหนเหมาะกับค่ำคืนสนุก ๆ ไปกว่านี้อีกแล้ว
B01-0283	บท 1 คัตซีน · a01_040	Yagami (ช) [อีกแทร็ก]	ไม่มีที่ไหนเหมาะกับค่ำคืนออกไปเที่ยว\nมากไปกว่าคามุโรโจอีกแล้ว
B01-0284	บท 1 คัตซีน · a01_040	Yagami (ช)	เมืองแห่งแสงนีออน... แต่ยิ่งแสงสว่างจ้าเท่าไหร่\nเงามืดก็ยิ่งเข้มขึ้นเท่านั้น
B01-0285	บท 1 คัตซีน · a01_040	Yagami (ช) [อีกแทร็ก]	ที่นี่ แสงนีออนที่สว่างจ้า\nกลับทำให้เงายิ่งมืดเข้มกว่าเดิม...
B01-0286	บท 1 คัตซีน · a01_040	Yagami (ช)	เมืองทั้งเมืองถูกคุมโดยตระกูลยากูซ่า\nที่โหดที่สุดอย่างตระกูลโทโจ
B01-0287	บท 1 คัตซีน · a01_040	Yagami (ช) [อีกแทร็ก]	ตระกูลโทโจ ยากูซ่าที่แข็งแกร่งที่สุดของญี่ปุ่น\nกุมเมืองนี้ไว้อย่างเบ็ดเสร็จ
B01-0288	บท 1 คัตซีน · a01_040	Yagami (ช)	และยิ่งขุดลึกลงไปเท่าไหร่\nเรื่องราวก็ยิ่งน่าสนใจขึ้นเท่านั้น
B01-0289	บท 1 คัตซีน · a01_040	Yagami (ช) [อีกแทร็ก]	คามุโรโจยิ่งน่าสนใจขึ้นเรื่อย ๆ\nยิ่งเจาะลึกเข้าไปเท่าไหร่...
B01-0290	บท 1 คัตซีน · a01_040	Yagami (ช)	อันตรายขึ้นด้วยเหมือนกัน
B01-0291	บท 1 คัตซีน · a01_040	Yagami (ช) [อีกแทร็ก]	...แต่ก็อันตรายขึ้นด้วยเหมือนกัน
B01-0292	บท 1 คัตซีน · a01_040	Yagami (ช)	อย่างแก๊งขโมยขึ้นบ้านนี่ไง\nก็แค่เด็กกลุ่มหนึ่งที่หาความตื่นเต้น
B01-0293	บท 1 คัตซีน · a01_040	Yagami (ช) [อีกแทร็ก]	อย่างแก๊งขโมยขึ้นบ้านนี่ไง\nก็แค่เด็กกลุ่มหนึ่งที่ทำไป เพื่อความมันส์
B01-0294	บท 1 คัตซีน · a01_040	Yagami (ช)	ว่ากันว่าพวกมันรู้จักกันผ่าน เว็บไซต์แปลก ๆ\nไม่เคยเห็นหน้ากันด้วยซ้ำ
B01-0295	บท 1 คัตซีน · a01_040	Yagami (ช) [อีกแทร็ก]	ว่ากันว่าพวกมันเจอกันผ่าน เว็บไซต์มั่ว ๆ\nและไม่เคยเปิดหน้าให้กันเห็นเลย ด้วยซ้ำ
B01-0296	บท 1 คัตซีน · a01_040	Yagami (ช)	ส่วนตำรวจน่ะเหรอ...\nจับไม่ได้สักคนเลย
B01-0297	บท 1 คัตซีน · a01_040	Yagami (ช) [อีกแทร็ก]	แล้วตำรวจก็ยังจับ\nพวกมันไม่ได้สักคนด้วยซ้ำ
B01-0298	บท 1 คัตซีน · a01_040	Yagami (ช)	แต่สิ่งเดียวที่ทุกคนสนใจกันจริง ๆ\nในคามุโรโจตอนนี้...
B01-0299	บท 1 คัตซีน · a01_040	Yagami (ช) [อีกแทร็ก]	ถึงอย่างนั้น สิ่งเดียวที่ใคร ๆ สนใจ\nในคามุโรโจช่วงนี้...
B01-0300	บท 1 คัตซีน · a01_040	Yagami (ช)	...ก็คือคดีฆาตกรรม
B01-0301	บท 1 คัตซีน · a01_040	Yagami (ช) [อีกแทร็ก]	...ก็คือคดีฆาตกรรมต่อเนื่อง
B01-0302	บท 1 คัตซีน · a01_040	Yagami (ช)	ตลอดสามเดือนที่ผ่านมา\nยากูซ่าสายคันไซตายไปแล้วสามคน
B01-0303	บท 1 คัตซีน · a01_040	Yagami (ช) [อีกแทร็ก]	ในช่วงสามเดือนหลังสุด\nยากูซ่าสายคันไซพบเป็นศพไปแล้วสามคน
B01-0304	บท 1 คัตซีน · a01_040	Yagami (ช)	หลายคนคิดว่าเป็นฝีมือตระกูลโทโจ\nที่กำลังงัดข้อแย่งพื้นที่กันอยู่
B01-0305	บท 1 คัตซีน · a01_040	Yagami (ช) [อีกแทร็ก]	หลายคนคิดว่าตระกูลโทโจ\nกำลังข่มขู่สายคันไซอยู่
B01-0306	บท 1 คัตซีน · a01_040	Yagami (ช)	ศพนี้ก็ถูกควักลูกตาไปเหมือนกัน
B01-0307	บท 1 คัตซีน · a01_040	Yagami (ช) [อีกแทร็ก]	ศพนี้ก็โดนควักลูกตาออกเหมือนกัน
B01-0308	บท 1 คัตซีน · a01_040	Yagami (ช)	แต่นั่นไม่ใช่แค่นั้น\nทั้งสามศพถูกควักลูกตาไปหมด
B01-0309	บท 1 คัตซีน · a01_040	Yagami (ช) [อีกแทร็ก]	ยากูซ่าสามคน ลูกตาหกลูก\nหายไปโดยไม่เหลือร่องรอย
B01-0310	บท 1 คัตซีน · a01_040	Yagami (ช)	ผมเปิดสำนักงานนักสืบเล็ก ๆ\nอยู่มุมหนึ่งของเมืองนี้
B01-0311	บท 1 คัตซีน · a01_040	Yagami (ช) [อีกแทร็ก]	ในมุมหนึ่งของเมืองนี้\nผมเปิดสำนักงานนักสืบเอาไว้
B01-0312	บท 1 คัตซีน · a01_040	Yagami (ช)	ผมทำงานร่วมกับหุ้นส่วนของผม ไคโตะซัง\nตลกดีที่เขาเคยเป็นยากูซ่า ตระกูลโทโจมาก่อน
B01-0313	บท 1 คัตซีน · a01_040	Yagami (ช) [อีกแทร็ก]	มีอานิกิเก่าคนหนึ่งทำงานให้ผมด้วย\nไคโตะซัง อดีตยากูซ่าตระกูลโทโจ
B01-0314	บท 1 คัตซีน · a01_040	Yagami (ช)	แล้วผมล่ะ?
B01-0315	บท 1 คัตซีน · a01_040	Yagami (ช) [อีกแทร็ก]	ส่วนผม...
B01-0316	บท 1 คัตซีน · a01_040	Yagami (ช)	ผมชื่อทาคายูกิ ยากามิ เคยเป็นทนายความ\nแต่ผมทิ้งชีวิตแบบนั้นไปแล้ว เมื่อสามปีก่อน
B01-0317	บท 1 คัตซีน · a01_040	Yagami (ช) [อีกแทร็ก]	ผมชื่อทาคายูกิ ยากามิ เมื่อสามปีก่อน\nผมทิ้งชีวิตในวงการกฎหมายไปแล้ว
B01-0318	บท 1 คัตซีน · a01_040	Yagami (ช)	ส่วนบัตรทนายความของผม...
B01-0319	บท 1 คัตซีน · a01_040	Yagami (ช) [อีกแทร็ก]	ตอนนี้บัตรทนายความของผม...
B01-0320	บท 1 คัตซีน · a01_040	Yagami (ช)	ป่านนี้แทบจะเหลือไว้\nเป็นแค่ของประดับเท่านั้นเอง
B01-0321	บท 1 คัตซีน · a01_040	Yagami (ช) [อีกแทร็ก]	...ก็แค่ของประดับเฉย ๆ
B01-0322	บท 1 คัตซีน · a01_050	Thug (ช)	อึ๋ย! ไอ้เวรเอ๊ย!
B01-0323	บท 1 คัตซีน · a01_050	Thug (ช) [อีกแทร็ก]	ไอ้ลูกหมา!
B01-0324	บท 1 คัตซีน · a01_050	Yagami (ช)	พอหรือยังล่ะ?
B01-0325	บท 1 คัตซีน · a01_050	Yagami (ช) [อีกแทร็ก]	จบกันแค่นี้ได้หรือยัง?
B01-0326	บท 1 คัตซีน · a01_050	Yagami (ช)	นี่!
B01-0327	บท 1 คัตซีน · a01_050	Hamura (ช)	หาเรื่องอยู่เรื่อยเลยนะเนี่ย...
B01-0328	บท 1 คัตซีน · a01_050	Hamura (ช) [อีกแทร็ก]	ยังหาเรื่องได้อยู่เรื่อยเลยนะ ทาคุ?
B01-0329	บท 1 คัตซีน · a01_050	Yagami (ช)	กัปตันฮามุระ...
B01-0330	บท 1 คัตซีน · a01_050	Thug (ช)	ปล่อยนะ!
B01-0331	บท 1 คัตซีน · a01_050	Thug (ช) [อีกแทร็ก]	ปล่อยกูเดี๋ยวนี้เลยน่า!
B01-0332	บท 1 คัตซีน · a01_050	Yagami (ช)	แก... เอ่อ...
B01-0333	บท 1 คัตซีน · a01_050	Yagami (ช) [อีกแทร็ก]	เอ่อ...
B01-0334	บท 1 คัตซีน · a01_050	Hamura (ช)	ทาคุของเรามันไม่หาเรื่อง\nถ้าไม่มีเหตุผลจริง ๆ หรอกนะ
B01-0335	บท 1 คัตซีน · a01_050	Hamura (ช) [อีกแทร็ก]	ทาคุน่ะไม่หาเรื่องกับ\nพวกอันธพาลถ้าไม่มีเหตุผลหรอกนะ
B01-0336	บท 1 คัตซีน · a01_050	Hamura (ช)	ซึ่งนั่นก็หมายความว่า...
B01-0337	บท 1 คัตซีน · a01_050	Hamura (ช) [อีกแทร็ก]	พูดอีกอย่างก็คือ...
B01-0338	บท 1 คัตซีน · a01_050	Hamura (ช)	เป็นพวกมึงนี่เอง\nไอ้พวกโง่ ดันไปหาเรื่องผิดคนซะแล้ว
B01-0339	บท 1 คัตซีน · a01_050	Hamura (ช) [อีกแทร็ก]	พวกมึงไม่รู้เลยสินะ\nว่าไปก่อเรื่องกับใครเข้า
B01-0340	บท 1 คัตซีน · a01_050	Thug (ช)	หา? ไม่ใช่...
B01-0341	บท 1 คัตซีน · a01_050	Hamura (ช)	รู้ไหมว่าไอ้หมอนี่น่ะ\nเหมือนลูกชายของโอยาบุน ตระกูลมัตสึกาเนะเลยนะ
B01-0342	บท 1 คัตซีน · a01_050	Hamura (ช) [อีกแทร็ก]	รู้ไหมว่าไอ้หมอนี่มันเหมือน\nลูกชายของโอยาบุนของกูเลยนะ?
B01-0343	บท 1 คัตซีน · a01_050	Hamura (ช)	เข้าใจที่กูพยายามจะสื่อไหม\nไอ้เวร
B01-0344	บท 1 คัตซีน · a01_050	Hamura (ช) [อีกแทร็ก]	เข้าใจสถานการณ์รึยัง?
B01-0345	บท 1 คัตซีน · a01_050	Thug (ช)	ไม่เอาน่ากัปตัน ปล่อยเรื่องนี้ไปเถอะนะ
B01-0346	บท 1 คัตซีน · a01_050	Thug (ช) [อีกแทร็ก]	ไม่เอาน่า ปล่อยผ่านไปเถอะนะ
B01-0347	บท 1 คัตซีน · a01_050	Hamura (ช)	ทำไม่ได้หรอก
B01-0348	บท 1 คัตซีน · a01_050	Hamura (ช) [อีกแทร็ก]	ทำไม่ได้หรอกว่ะ
B01-0349	บท 1 คัตซีน · a01_050	Hamura (ช)	เรื่องนี้น่ะ...
B01-0350	บท 1 คัตซีน · a01_050	Hamura (ช) [อีกแทร็ก]	โชคร้ายหน่อยนะ...
B01-0351	บท 1 คัตซีน · a01_050	Hamura (ช)	กลายเป็นเรื่องเกียรติ\nของตระกูลมัตสึกาเนะไปซะแล้ว
B01-0352	บท 1 คัตซีน · a01_050	Hamura (ช) [อีกแทร็ก]	...มันคือเรื่องเกียรติ\nของตระกูลมัตสึกาเนะ
B01-0353	บท 1 คัตซีน · a01_050	Kim (ช)	ข-ขอโทษครับ...
B01-0354	บท 1 คัตซีน · a01_050	Kim (ช) [อีกแทร็ก]	ขอโทษนะ...
B01-0355	บท 1 คัตซีน · a01_060	Yagami (ช)	ไง ซาโอริซัง
B01-0356	บท 1 คัตซีน · a01_060	Yagami (ช) [อีกแทร็ก]	เฮ้ ซาโอริซัง
B01-0357	บท 1 คัตซีน · a01_060	Yagami (ช)	ดูนี่สิ โดรายากิ\nรุ่นพิเศษเลยนะ
B01-0358	บท 1 คัตซีน · a01_060	Yagami (ช) [อีกแทร็ก]	ผมเอาโดรายากิมาฝาก\nรุ่นลิมิเต็ดเอดิชั่นด้วยนะ...
B01-0359	บท 1 คัตซีน · a01_060	Yagami (ช)	สำนักงานกฎหมายเก็นดะ\nที่ที่ผมเคยทำงานอยู่
B01-0360	บท 1 คัตซีน · a01_060	Yagami (ช) [อีกแทร็ก]	นี่คือสำนักงานกฎหมายเก็นดะ\nที่ที่ผมเคยทำงาน
B01-0361	บท 1 คัตซีน · a01_060	Yagami (ช)	อะไร ๆ ก็ไม่ค่อยเปลี่ยนไป\nมากนักตลอดสามปีที่ผ่านมา
B01-0362	บท 1 คัตซีน · a01_060	Yagami (ช) [อีกแทร็ก]	ผมออกมาตั้งแต่สามปีก่อน\nพนักงานเลยเปลี่ยนไปบ้าง
B01-0363	บท 1 คัตซีน · a01_060	Hoshino (ช)	สวัสดีครับ ยากามิซัง
B01-0364	บท 1 คัตซีน · a01_060	Hoshino (ช) [อีกแทร็ก]	หวัดดีครับ ยากามิซัง
B01-0365	บท 1 คัตซีน · a01_060	Yagami (ช)	โอ้ ไม่เห็นคุณอยู่ตรงนั้นเลย\nเข้าที่เข้าทางกันดีไหม?
B01-0366	บท 1 คัตซีน · a01_060	Yagami (ช) [อีกแทร็ก]	โฮชิโนะคุง ไง\nเข้าที่เข้าทางกันดีไหม?
B01-0367	บท 1 คัตซีน · a01_060	Hoshino (ช)	ครับ\nทุกคนที่นี่ดีมากเลยครับ
B01-0368	บท 1 คัตซีน · a01_060	Hoshino (ช) [อีกแทร็ก]	ครับ ทุกคนที่นี่ดีมากเลยครับ
B01-0369	บท 1 คัตซีน · a01_060	Yagami (ช)	ได้ยินมาว่าคุณเก่งนี่\nสอบเนติบัณฑิตได้คะแนนอันดับต้น ๆ เลยด้วย
B01-0370	บท 1 คัตซีน · a01_060	Yagami (ช) [อีกแทร็ก]	ได้ยินว่าฝีมือดีนี่?\nสอบเนติบัณฑิตได้ที่หนึ่งของ รุ่นเลยเหรอ?
B01-0371	บท 1 คัตซีน · a01_060	Yagami (ช)	แล้วมาลงเอยที่ออฟฟิศกระจอก ๆ นี่ได้ไง\nทำไมไม่ไปสำนักงานใหญ่ ๆ ล่ะ?
B01-0372	บท 1 คัตซีน · a01_060	Yagami (ช) [อีกแทร็ก]	แล้วทำไมไม่ไปเข้าสำนักงานใหญ่ ๆ ล่ะ?
B01-0373	บท 1 คัตซีน · a01_060	Hoshino (ช)	หา? เอ่อ ก็คือว่า...นั่นมัน...
B01-0374	บท 1 คัตซีน · a01_060	Hoshino (ช) [อีกแทร็ก]	อ้อ ก็คือ...รู้ไหมครับ...
B01-0375	บท 1 คัตซีน · a01_060	Genda (ช)	ได้ยินอยู่นะ ยากามิ
B01-0376	บท 1 คัตซีน · a01_060	Genda (ช) [อีกแทร็ก]	ผมได้ยินอยู่นะ ยากามิ
B01-0377	บท 1 คัตซีน · a01_060	Yagami (ช)	สวัสดีครับ อาจารย์เก็นดะ
B01-0378	บท 1 คัตซีน · a01_060	Yagami (ช) [อีกแทร็ก]	อาจารย์เก็นดะ! สวัสดีครับ!
B01-0379	บท 1 คัตซีน · a01_060	Yagami (ช)	นอกจากพ่อแท้ ๆ ของผมแล้ว\nยังมีอีกสองคนที่ผมนับถือเหมือนพ่อ
B01-0380	บท 1 คัตซีน · a01_060	Yagami (ช) [อีกแทร็ก]	ผมมีคนที่นับถือเหมือนพ่อ\nอยู่สามคน พ่อแท้ ๆ ของผมเป็นหนึ่งในนั้น
B01-0381	บท 1 คัตซีน · a01_060	Yagami (ช)	อาจารย์เก็นดะเป็นหนึ่งในนั้น
B01-0382	บท 1 คัตซีน · a01_060	Yagami (ช) [อีกแทร็ก]	อาจารย์เก็นดะก็เป็นอีกคนหนึ่ง
B01-0383	บท 1 คัตซีน · a01_060	Yagami (ช)	อาจารย์ให้งานผมทำที่นี่\nตั้งแต่ผมยังไม่จบโรงเรียน กฎหมายด้วยซ้ำ
B01-0384	บท 1 คัตซีน · a01_060	Yagami (ช) [อีกแทร็ก]	อาจารย์ให้ผมทำงานที่นี่\nก่อนที่ผมจะเป็นทนายความด้วยซ้ำ
B01-0385	บท 1 คัตซีน · a01_060	Yagami (ช)	อาจารย์ชินทานิออกไปแล้วเหรอ ครับคืนนี้?
B01-0386	บท 1 คัตซีน · a01_060	Yagami (ช) [อีกแทร็ก]	อาจารย์ชินทานิอยู่ไหนครับ?
B01-0387	บท 1 คัตซีน · a01_060	Genda (ช)	ผมตามเด็กคนนั้นไม่ทันจริง ๆ
B01-0388	บท 1 คัตซีน · a01_060	Genda (ช) [อีกแทร็ก]	ไม่เห็นเขาอยู่พักหนึ่งแล้วนะ
B01-0389	บท 1 คัตซีน · a01_060	Genda (ช)	แต่ผมว่าคุณคงดีใจอยู่นะ\nที่ไม่ต้องเจอกับเขา
B01-0390	บท 1 คัตซีน · a01_060	Genda (ช) [อีกแทร็ก]	ก็ดีสำหรับคุณแล้วนี่ ใช่ไหม\nรอดตัวไปเลย
B01-0391	บท 1 คัตซีน · a01_060	Yagami (ช)	หา?
B01-0392	บท 1 คัตซีน · a01_060	Genda (ช)	สองคนนั้นทนกันไม่ได้เลยนะ
B01-0393	บท 1 คัตซีน · a01_060	Genda (ช) [อีกแทร็ก]	เกลียดขี้หน้ากันสุด ๆ เลยไม่ใช่เหรอ?
B01-0394	บท 1 คัตซีน · a01_060	Genda (ช)	เกลียดขี้หน้ากันชะมัด\nพูดตรง ๆ กับผมมาเถอะน่า
B01-0395	บท 1 คัตซีน · a01_060	Genda (ช) [อีกแทร็ก]	ทั้งคู่คิดว่าอีกฝ่ายมันโง่ทั้ง นั้นแหละ
B01-0396	บท 1 คัตซีน · a01_060	Yagami (ช)	เดี๋ยวก่อนนะครับ\nชินทานิเหมือนอาจารย์ของผมเลยนะ
B01-0397	บท 1 คัตซีน · a01_060	Yagami (ช) [อีกแทร็ก]	ไม่เอาน่า ผมนับถือเขาเหมือนอาจารย์เลยนะ
B01-0398	บท 1 คัตซีน · a01_060	Yagami (ช)	งั้น...เรื่องตำแหน่งที่อาจารย์ทำอยู่น่ะครับ
B01-0399	บท 1 คัตซีน · a01_060	Yagami (ช) [อีกแทร็ก]	ผมไม่คิดว่าเขาโง่หรอกนะ
B01-0400	บท 1 คัตซีน · a01_060	Genda (ช)	ถ้าอยากได้ตำแหน่งนั้นจริง ๆ\nคุณต้องเข้ากับเขาให้ได้ก่อนนะ
B01-0401	บท 1 คัตซีน · a01_060	Genda (ช) [อีกแทร็ก]	ถ้าอยากได้ตำแหน่งของผมสักวัน\nคุณต้องเข้ากับเขาให้ได้
B01-0402	บท 1 คัตซีน · a01_060	Genda (ช)	งั้นก็ให้เกียรติรุ่นพี่\nของคุณสักหน่อยสิ
B01-0403	บท 1 คัตซีน · a01_060	Genda (ช) [อีกแทร็ก]	ให้ความเคารพอาจารย์ของคุณหน่อยสิ
B01-0404	บท 1 คัตซีน · a01_060	Yagami (ช)	อ้าว อาจารย์เก็นดะ
B01-0405	บท 1 คัตซีน · a01_060	Yagami (ช) [อีกแทร็ก]	โห อาจารย์เก็นดะ
B01-0406	บท 1 คัตซีน · a01_060	Yagami (ช)	ผมเอาโดรายากิมาฝากด้วยนะครับ
B01-0407	บท 1 คัตซีน · a01_060	Yagami (ช) [อีกแทร็ก]	โดรายากิเป็นไงครับ?
B01-0408	บท 1 คัตซีน · a01_060	Yagami (ช)	นั่งตรงนั้นก่อนนะครับ\nเดี๋ยวผมหยิบให้
B01-0409	บท 1 คัตซีน · a01_060	Yagami (ช) [อีกแทร็ก]	ผมว่าอาจารย์ต้องชอบแน่ ๆ\nมันคือ...
B01-0410	บท 1 คัตซีน · a01_060	Genda (ช)	ซาโอริ?
B01-0411	บท 1 คัตซีน · a01_060	Genda (ช) [อีกแทร็ก]	จริงเหรอ?
B01-0412	บท 1 คัตซีน · a01_060	Genda (ช)	คุณ...กินหมดเลยเหรอ?
B01-0413	บท 1 คัตซีน · a01_060	Genda (ช) [อีกแทร็ก]	หมดไปแล้ว...เหรอเนี่ย?
B01-0414	บท 1 คัตซีน · a01_060	Saori (ญ)	เหลืออยู่ครึ่งเดียวค่ะ\nหวังว่าคงไม่ว่ากันนะคะ
B01-0415	บท 1 คัตซีน · a01_060	Saori (ญ) [อีกแทร็ก]	เหลืออยู่...ครึ่งหนึ่งค่ะ
B01-0416	บท 1 คัตซีน · a01_080	Yagami (ช)	อะไรเนี่ย...\nทำไมเธอถึงมาอยู่ตรงนี้?
B01-0417	บท 1 คัตซีน · a01_080	Yagami (ช) [อีกแทร็ก]	หา? มาทำอะไรตรงนี้เนี่ย?
B01-0418	บท 1 คัตซีน · a01_080	Shintani (ช)	ไปถามเธอเองสิ\nไอ้หนุ่มโรมิโอ
B01-0419	บท 1 คัตซีน · a01_080	Shintani (ช) [อีกแทร็ก]	มีมารยาทหน่อยสิ ทาคุ
B01-0420	บท 1 คัตซีน · a01_080	Mafuyu Fujii (ญ)	ดีใจที่ได้เจอนะ ยากามิคุง
B01-0421	บท 1 คัตซีน · a01_080	Mafuyu Fujii (ญ) [อีกแทร็ก]	แล้วคุณเป็นไงบ้าง ยากามิคุง?
B01-0422	บท 1 คัตซีน · a01_080	Shintani (ช)	ไม่ต้องห่วงหรอก\nมันไม่ใช่แบบที่คุณคิดหรอกนะ
B01-0423	บท 1 คัตซีน · a01_080	Shintani (ช) [อีกแทร็ก]	แค่อยากให้รู้ไว้ว่า...
B01-0424	บท 1 คัตซีน · a01_080	Shintani (ช)	แล้วก่อนที่คุณจะถาม\nเธอไม่ได้มาแย่งใจคุณกลับคืนหรอกนะ
B01-0425	บท 1 คัตซีน · a01_080	Shintani (ช) [อีกแทร็ก]	...เธอไม่ได้มาง้อขอคุณคืน\nหรืออะไรทำนองนั้นหรอก
B01-0426	บท 1 คัตซีน · a01_080	Yagami (ช)	แย่งใจผมกลับเหรอ?
B01-0427	บท 1 คัตซีน · a01_080	Yagami (ช) [อีกแทร็ก]	ง้อขอผมคืนเหรอ?
B01-0428	บท 1 คัตซีน · a01_080	Yagami (ช)	เดี๋ยวก่อนนะ ขอพูดให้ชัด ๆ\nไว้อย่างหนึ่งก่อน เราไม่เคยคบกันนะ
B01-0429	บท 1 คัตซีน · a01_080	Yagami (ช) [อีกแทร็ก]	มันก็ไม่ใช่ว่าเราเคยคบกัน\nจริง ๆ จัง ๆ สักหน่อย...
B01-0430	บท 1 คัตซีน · a01_080	Shintani (ช)	งั้นก็คงพูดผิดไปแล้วสินะ
B01-0431	บท 1 คัตซีน · a01_080	Shintani (ช) [อีกแทร็ก]	ขออภัยเป็นอย่างสูง...
B01-0432	บท 1 คัตซีน · a01_080	Shintani (ช)	อย่าฟ้องนะ
B01-0433	บท 1 คัตซีน · a01_080	Shintani (ช) [อีกแทร็ก]	ท่านอัยการสาวของเรา
B01-0434	บท 1 คัตซีน · a01_085	Yagami (ช)	มาฟุยุ
B01-0435	บท 1 คัตซีน · a01_085	Yagami (ช) [อีกแทร็ก]	มาฟุยุ!
B01-0436	บท 1 คัตซีน · a01_085	Yagami (ช)	เดี๋ยวก่อนสิครับ คุณเป็นใครเหรอ?
B01-0437	บท 1 คัตซีน · a01_085	Yagami (ช) [อีกแทร็ก]	คุณเป็นใครกันแน่?
B01-0438	บท 1 คัตซีน · a01_085	Yagami (ช)	หา? หัวหน้าอัยการเหรอครับ?
B01-0439	บท 1 คัตซีน · a01_085	Yagami (ช) [อีกแทร็ก]	หืม? หัวหน้าอัยการเหรอ?
B01-0440	บท 1 คัตซีน · a01_085	Mafuyu Fujii (ญ)	แล้วยากามิคุงล่ะ?\nทำอะไรอยู่เนี่ย?
B01-0441	บท 1 คัตซีน · a01_085	Mafuyu Fujii (ญ) [อีกแทร็ก]	ยากามิคุง? ทำอะไรอยู่เนี่ย?
B01-0442	บท 1 คัตซีน · a01_085	Yagami (ช)	ก็...ผมกะว่าจะ\nไปส่งคุณกลับบ้านน่ะ
B01-0443	บท 1 คัตซีน · a01_085	Yagami (ช) [อีกแทร็ก]	ผมแค่คิดว่าจะไปส่งคุณกลับ...
B01-0444	บท 1 คัตซีน · a01_085	Mafuyu Fujii (ญ)	จริงเหรอ?\nหวานซะไม่มี
B01-0445	บท 1 คัตซีน · a01_085	Mafuyu Fujii (ญ) [อีกแทร็ก]	อ๋อ แค่นั้นเองเหรอ?
B01-0446	บท 1 คัตซีน · a01_085	Yagami (ช)	งั้นก็...\nขอโทษที่ทำตัวเซ้าซี้ไปหน่อยนะครับ
B01-0447	บท 1 คัตซีน · a01_085	Yagami (ช) [อีกแทร็ก]	อ้อ อย่างนี้นี่เอง งั้นคุณคือยากามิสินะ
B01-0448	บท 1 คัตซีน · a01_085	Yagami (ช)	ใช่
B01-0449	บท 1 คัตซีน · a01_085	Yagami (ช) [อีกแทร็ก]	ใช่
B01-0450	บท 1 คัตซีน · a01_085	Mafuyu Fujii (ญ)	นี่คือท่านหัวหน้าอัยการโมริตะ
B01-0451	บท 1 คัตซีน · a01_085	Mafuyu Fujii (ญ)	แล้วก็ เอ่อ...
B01-0452	บท 1 คัตซีน · a01_085	Mafuyu Fujii (ญ) [อีกแทร็ก]	อ้อ แล้วก็...
B01-0453	บท 1 คัตซีน · a01_085	Mafuyu Fujii (ญ)	คุณรู้จักอัยการอิซุมิดะ\nอยู่แล้วนี่นา
B01-0454	บท 1 คัตซีน · a01_085	Mafuyu Fujii (ญ) [อีกแทร็ก]	คุณรู้จักอัยการอิซุมิดะอยู่แล้ว
B01-0455	บท 1 คัตซีน · a01_085	Keigo Izumida (ช)	ไม่เจอกันนานเลยนะ อาจารย์ยากามิ
B01-0456	บท 1 คัตซีน · a01_085	Keigo Izumida (ช) [อีกแทร็ก]	ไม่ได้เจอกันนานจริง ๆ นะ อาจารย์ยากามิ
B01-0457	บท 1 คัตซีน · a01_085	Keigo Izumida (ช)	ห้องพิจารณาคดีมันไม่เหมือนเดิมเลย\nตั้งแต่คุณหายหน้าไป แทบใจสลายเลยนะ
B01-0458	บท 1 คัตซีน · a01_085	Keigo Izumida (ช) [อีกแทร็ก]	ห้องพิจารณาคดีดูว่างเปล่าไปหน่อย\nตั้งแต่คุณเลิกโผล่มา
B01-0459	บท 1 คัตซีน · a01_090	Female receptionist (ญ)	เชิญทางนี้เลยค่ะ
B01-0460	บท 1 คัตซีน · a01_090	Female receptionist (ญ) [อีกแทร็ก]	เชิญทางนี้เลยค่ะ
B01-0461	บท 1 คัตซีน · a01_090	Yagami (ช)	ตระกูลมัตสึกาเนะเป็น\nสาขาย่อยของตระกูลโทโจ
B01-0462	บท 1 คัตซีน · a01_090	Yagami (ช) [อีกแทร็ก]	ตระกูลมัตสึกาเนะของตระกูลโทโจ...
B01-0463	บท 1 คัตซีน · a01_090	Yagami (ช)	ไม่ใช่ตระกูลยากูซ่า\nที่ใหญ่ที่สุดในย่านนี้หรอก
B01-0464	บท 1 คัตซีน · a01_090	Yagami (ช) [อีกแทร็ก]	ไม่ใช่ตระกูลที่ใหญ่ที่สุดใน ย่านนี้ซะทีเดียว
B01-0465	บท 1 คัตซีน · a01_090	Yagami (ช)	เป็นแค่สาขาเล็ก ๆ\nที่อยู่ล่างสุดของตระกูล
B01-0466	บท 1 คัตซีน · a01_090	Yagami (ช) [อีกแทร็ก]	อยู่ล่างสุดของสายตระกูล\nเป็น "ตระกูลสาขา" สำหรับคนที่รู้เรื่องจริง ๆ
B01-0467	บท 1 คัตซีน · a01_090	Yagami (ช)	แต่โอยาบุนของตระกูล\nมิตสึกุ มัตสึกาเนะ เป็นเหมือนพ่อของผม
B01-0468	บท 1 คัตซีน · a01_090	Yagami (ช) [อีกแทร็ก]	แต่สำหรับผมกับไคโตะซัง\nโอยาบุนของพวกเขา มิตสึกุ มัตสึกาเนะ...
B01-0469	บท 1 คัตซีน · a01_090	Yagami (ช)	แล้วก็ไคโตะซัง
B01-0470	บท 1 คัตซีน · a01_090	Yagami (ช) [อีกแทร็ก]	...เป็นเหมือนพ่อ
B01-0471	บท 1 คัตซีน · a01_090	Matsugane aide (ช)	ขออนุญาตครับ\nยากามิซังมาเยี่ยมท่านครับ
B01-0472	บท 1 คัตซีน · a01_090	Matsugane aide (ช) [อีกแทร็ก]	ท่านครับ\nยากามิซังมาพบท่านครับ
B01-0473	บท 1 คัตซีน · a01_090	Mitsugu Matsugane (ช)	โอ้ ดีใจจริง ๆ ที่ได้เจอ\nคุณอีกครั้งนะ ไอ้หนุ่ม
B01-0474	บท 1 คัตซีน · a01_090	Mitsugu Matsugane (ช) [อีกแทร็ก]	โอ้ ไม่เจอกันนานเลยนะ ไอ้หนุ่ม
B01-0475	บท 1 คัตซีน · a01_090	Mitsugu Matsugane (ช)	เอาล่ะ รู้สึกเหมือนผ่านไปนานมาก\nตั้งแต่คุณแวะมาครั้งล่าสุด
B01-0476	บท 1 คัตซีน · a01_090	Mitsugu Matsugane (ช) [อีกแทร็ก]	ทำไมไม่ค่อยแวะมาหาผมเลยล่ะ?
B01-0477	บท 1 คัตซีน · a01_090	Yagami (ช)	ก็นั่นสิครับ\nสงสัยเหมือนกันว่าทำไมนะ?
B01-0478	บท 1 คัตซีน · a01_090	Yagami (ช) [อีกแทร็ก]	อยากรู้ไหมครับว่าทำไม?
B01-0479	บท 1 คัตซีน · a01_090	Yagami (ช)	หรือว่าเป็นเพราะท่าน\nคือคนเดียวที่ดีใจที่ได้เจอผมกันแน่?
B01-0480	บท 1 คัตซีน · a01_090	Yagami (ช) [อีกแทร็ก]	เพราะท่านเป็นคนเดียว\nที่นี่ที่ดีใจได้เจอผมไง
B01-0481	บท 1 คัตซีน · a01_090	Mitsugu Matsugane (ช)	ก็จริงของคุณอยู่นะ
B01-0482	บท 1 คัตซีน · a01_090	Mitsugu Matsugane (ช) [อีกแทร็ก]	ก็คงจริงอย่างที่ว่า
B01-0483	บท 1 คัตซีน · a01_090	Mitsugu Matsugane (ช)	ช่วงนี้ไคโตะเป็นยังไงบ้าง\nไม่หาเรื่องใช่ไหม?
B01-0484	บท 1 คัตซีน · a01_090	Mitsugu Matsugane (ช) [อีกแทร็ก]	ไคโตะเป็นยังไงบ้าง ยังสบายดีอยู่ไหม?
B01-0485	บท 1 คัตซีน · a01_090	Yagami (ช)	เขาก็สบายดีครับ
B01-0486	บท 1 คัตซีน · a01_090	Yagami (ช) [อีกแทร็ก]	เขาสบายดีครับ
B01-0487	บท 1 คัตซีน · a01_090	Mitsugu Matsugane (ช)	ถ้าไม่ใช่เพราะเหตุการณ์นั้น\nเขาก็คงยังอยู่กับตระกูลนี้อยู่นะ
B01-0488	บท 1 คัตซีน · a01_090	Mitsugu Matsugane (ช) [อีกแทร็ก]	ถ้าไม่ใช่เพราะเรื่องยุ่งเหยิงนั้น\nเขาก็คงยังเป็นพวกเราอยู่นะ
B01-0489	บท 1 คัตซีน · a01_090	Mitsugu Matsugane (ช)	ไม่อยากเชื่อเลยว่า\nผ่านมาเป็นปีแล้ว
B01-0490	บท 1 คัตซีน · a01_090	Mitsugu Matsugane (ช) [อีกแทร็ก]	ผ่านมาเป็นปีเต็ม ๆ แล้วจริง ๆ เหรอเนี่ย?
B01-0491	บท 1 คัตซีน · a01_090	Mitsugu Matsugane (ช)	ช่างเถอะ พวกคุณทั้งสองคน\nก็เหมือนลูกชายที่ผมไม่เคยมีนั่นแหละ
B01-0492	บท 1 คัตซีน · a01_090	Mitsugu Matsugane (ช) [อีกแทร็ก]	พวกคุณทั้งคู่เหมือนลูกชาย\nของผมเลยนะ รู้ไหม
B01-0493	บท 1 คัตซีน · a01_090	Mitsugu Matsugane (ช)	อดีตก็คืออดีต
B01-0494	บท 1 คัตซีน · a01_090	Mitsugu Matsugane (ช) [อีกแทร็ก]	อะไรที่ทำไปแล้วก็แล้วไป
B01-0495	บท 1 คัตซีน · a01_090	Yagami (ช)	จริงด้วย
B01-0496	บท 1 คัตซีน · a01_090	Yagami (ช) [อีกแทร็ก]	จริงด้วย...
B01-0497	บท 1 คัตซีน · a01_090	Yagami (ช)	แต่ผมก็ดีใจนะที่ได้ยิน\nว่าเขาสบายดี...ภายใต้การดูแลของคุณ
B01-0498	บท 1 คัตซีน · a01_090	Yagami (ช) [อีกแทร็ก]	แต่ถ้าเขาสบายดีเมื่ออยู่กับคุณ...\nผมก็มีความสุขแล้ว
B01-0499	บท 1 คัตซีน · a01_090	Yagami (ช)	ผมมั่นใจว่าไคโตะซัง\nจะยังคงเป็นอานิกิของผมตลอดไป
B01-0500	บท 1 คัตซีน · a01_090	Yagami (ช) [อีกแทร็ก]	ไคโตะซังก็ยังคงเป็นอานิกิของผม อยู่เสมอ
B01-0501	บท 1 คัตซีน · a01_090	Yagami (ช)	ถ้าไม่มีท่าน ผมคงเลือกเดินไปอีกทาง\nในชีวิต คงเป็นคนละคนกับตอนนี้เลยครับ
B01-0502	บท 1 คัตซีน · a01_090	Yagami (ช) [อีกแทร็ก]	ถ้าผมไม่ได้เจอทั้งสองคนเมื่อ ยี่สิบปีก่อน\nตอนนี้ผมคงเป็นคนละคนไปแล้ว
B01-0503	บท 1 คัตซีน · a01_090	Mitsugu Matsugane (ช)	คุณก็คงเติบโตมาดี\nอยู่แล้วแหละ ไอ้หนุ่ม
B01-0504	บท 1 คัตซีน · a01_090	Mitsugu Matsugane (ช) [อีกแทร็ก]	แต่ลึกๆ แล้วนายก็ยังเป็นเด็กดี เหมือนเดิมนั่นแหละ!
B01-0505	บท 1 คัตซีน · a01_090	Yagami (ช)	ขอโทษนะ
B01-0506	บท 1 คัตซีน · a01_090	Matsugane office aide (ช)	ชาครับ
B01-0507	บท 1 คัตซีน · a01_090	Matsugane office aide (ช) [อีกแทร็ก]	นี่จ้ะ รับไปเลย
B01-0508	บท 1 คัตซีน · a01_090	Mitsugu Matsugane (ช)	งั้นก็เลย...
B01-0509	บท 1 คัตซีน · a01_090	Mitsugu Matsugane (ช) [อีกแทร็ก]	แล้วไง?
B01-0510	บท 1 คัตซีน · a01_090	Mitsugu Matsugane (ช)	อะไรจะทำให้นายยอมกลับมาที่ออฟฟิศ\nที่นายไม่ค่อยเป็นที่ต้อนรับนักล่ะ?
B01-0511	บท 1 คัตซีน · a01_090	Mitsugu Matsugane (ช) [อีกแทร็ก]	อะไรทำให้นายมาที่ออฟฟิศ\nที่นายไม่เป็นที่ต้อนรับล่ะ?
B01-0512	บท 1 คัตซีน · a01_090	Yagami (ช)	ฮามุระสร้างปัญหาให้ผมอยู่ครับ
B01-0513	บท 1 คัตซีน · a01_090	Yagami (ช) [อีกแทร็ก]	เรื่องของกัปตันฮามุระน่ะครับ
B01-0514	บท 1 คัตซีน · a01_090	Mitsugu Matsugane (ช)	งั้นเหรอ?
B01-0515	บท 1 คัตซีน · a01_090	Mitsugu Matsugane (ช) [อีกแทร็ก]	อ๋อ เรื่องนั้นเหรอ?
B01-0516	บท 1 คัตซีน · a01_090	Yagami (ช)	ผมนึกว่า\nเก็นดะกำลังจัดการเรื่องนี้อยู่ซะอีก
B01-0517	บท 1 คัตซีน · a01_090	Yagami (ช) [อีกแทร็ก]	เราขอให้เก็นดะซังช่วยแก้ต่าง ให้เขาแล้ว
B01-0518	บท 1 คัตซีน · a01_090	Mitsugu Matsugane (ช)	นายกำลังช่วยเขา\nในคดีนี้อยู่ด้วยเหรอ?
B01-0519	บท 1 คัตซีน · a01_090	Mitsugu Matsugane (ช) [อีกแทร็ก]	นายช่วยเรื่องนั้นด้วยเหรอ?
B01-0520	บท 1 คัตซีน · a01_090	Yagami (ช)	ชินทานิให้ผมตามหา\nตระกูลเคียวเรอิอยู่ครับ
B01-0521	บท 1 คัตซีน · a01_090	Yagami (ช) [อีกแทร็ก]	ตระกูลเคียวเรอิมีฐานอยู่\nในคามุโรโจใช่ไหมครับ?
B01-0522	บท 1 คัตซีน · a01_090	Yagami (ช)	แค่ต้องหาตัวพวกเขาให้เจอ\nจะได้ถามอะไรสักสองสามอย่างครับ
B01-0523	บท 1 คัตซีน · a01_090	Yagami (ช) [อีกแทร็ก]	ผมต้องหาที่นั่นให้เจอ จะได้ถามอะไรหน่อยครับ
B01-0524	บท 1 คัตซีน · a01_090	Mitsugu Matsugane (ช)	ไม่ฉลาดเลยนะ ไอ้หนู นายก็รู้ดี\nว่าตอนนี้พวกมันกำลังฮึกเหิมกันสุดขีด
B01-0525	บท 1 คัตซีน · a01_090	Mitsugu Matsugane (ช) [อีกแทร็ก]	นายก็รู้อยู่แล้วนี่\nว่าตอนนี้พวกมันกำลังฮึกเหิมกันสุดขีด?
B01-0526	บท 1 คัตซีน · a01_090	Mitsugu Matsugane (ช)	แน่ใจเหรอว่าจะทำแบบนี้?
B01-0527	บท 1 คัตซีน · a01_090	Mitsugu Matsugane (ช) [อีกแทร็ก]	แน่ใจเหรอว่ามันฉลาด?
B01-0528	บท 1 คัตซีน · a01_090	Yagami (ช)	ไม่ต้องห่วงครับ\nผมแค่อยากคุยด้วยสักหน่อย
B01-0529	บท 1 คัตซีน · a01_090	Yagami (ช) [อีกแทร็ก]	ผมแค่อยากคุยด้วยสักหน่อยครับ
B01-0530	บท 1 คัตซีน · a01_090	Yagami (ช)	ชื่อกลุ่มคาจิฮิระ\nคุ้นหูนายไหม?
B01-0531	บท 1 คัตซีน · a01_090	Yagami (ช) [อีกแทร็ก]	เคยได้ยินชื่อบริษัทก่อสร้าง\nที่ชื่อกลุ่มคาจิฮิระไหม?
B01-0532	บท 1 คัตซีน · a01_090	Mitsugu Matsugane (ช)	ไม่เลยครับ ไม่คุ้นหูเท่าไหร่
B01-0533	บท 1 คัตซีน · a01_090	Mitsugu Matsugane (ช) [อีกแทร็ก]	เปล่า ไม่คุ้นเลย
B01-0534	บท 1 คัตซีน · a01_090	Mitsugu Matsugane (ช)	เป็นแก๊งจากคันไซน่ะ
B01-0535	บท 1 คัตซีน · a01_090	Mitsugu Matsugane (ช) [อีกแทร็ก]	พวกมันใหญ่โตในคันไซเลยล่ะ
B01-0536	บท 1 คัตซีน · a01_090	Mitsugu Matsugane (ช)	คือ... พวกมันมีหน้าฉากอยู่ในเมืองด้วย\nสำนักงาน KJ Art แถวถนนเซ็นเรียว
B01-0537	บท 1 คัตซีน · a01_090	Mitsugu Matsugane (ช) [อีกแทร็ก]	ยังไงก็เถอะ พวกมันมีสำนักงาน\nชื่อ KJ Art อยู่บนถนนเซ็นเรียว
B01-0538	บท 1 คัตซีน · a01_090	Mitsugu Matsugane (ช)	แต่ระวังตัวไว้ด้วยล่ะ มีพวกเคียวเรอิยั้วเยี้ยอยู่ทุกชั้น\nแถวนี้เป็นถนนของตระกูลโทโจ แต่ตอนนี้กลายเป็นเขตของพวกมันไปแล้ว
B01-0539	บท 1 คัตซีน · a01_090	Mitsugu Matsugane (ช) [อีกแทร็ก]	ตึกทั้งตึกเป็นของพวกมัน\nนั่นแหละคือที่ที่นายจะเจอ ตระกูลเคียวเรอิ
B01-0540	บท 1 คัตซีน · a01_090	Yagami (ช)	ถนนเซ็นเรียว KJ Art สินะ
B01-0541	บท 1 คัตซีน · a01_090	Yagami (ช) [อีกแทร็ก]	ถนนเซ็นเรียว KJ Art ใช่ไหมครับ?
B01-0542	บท 1 คัตซีน · a01_090	Yagami (ช)	ไปดูให้ครับ
B01-0543	บท 1 คัตซีน · a01_090	Yagami (ช) [อีกแทร็ก]	ได้เลย
B01-0544	บท 1 คัตซีน · a01_090	Mitsugu Matsugane (ช)	รู้แหละว่านายยุ่งอยู่...
B01-0545	บท 1 คัตซีน · a01_090	Mitsugu Matsugane (ช) [อีกแทร็ก]	ท่าทางนายจะยุ่งน่าดูเลยนะ
B01-0546	บท 1 คัตซีน · a01_090	Mitsugu Matsugane (ช)	แต่นายว่าสักวันผมจะไปเยี่ยม\nที่ออฟฟิศนายได้ไหม? แบบไม่ให้ใครรู้น่ะ
B01-0547	บท 1 คัตซีน · a01_090	Mitsugu Matsugane (ช) [อีกแทร็ก]	จริงๆ แล้วผมอยากไปเยี่ยม\nออฟฟิศนายสักครั้งนะ เก็บเป็นความลับกันแค่เราสองคน
B01-0548	บท 1 คัตซีน · a01_090	Yagami (ช)	ใช่ แน่นอนอยู่แล้ว
B01-0549	บท 1 คัตซีน · a01_100	Yagami (ช)	เฮ้ย!
B01-0550	บท 1 คัตซีน · a01_100	Yagami (ช) [อีกแทร็ก]	เฮ้ย ไอ้สารเลว!
B01-0551	บท 1 คัตซีน · a01_100	Akira Murase (ช)	กูรู้จักมึงนี่หว่า!?
B01-0552	บท 1 คัตซีน · a01_100	Akira Murase (ช) [อีกแทร็ก]	ดูสิใครมา!
B01-0553	บท 1 คัตซีน · a01_100	Yagami (ช)	มุราเสะ?
B01-0554	บท 1 คัตซีน · a01_100	Akira Murase (ช)	บังเอิญจริงๆ ว่ะ
B01-0555	บท 1 คัตซีน · a01_100	Akira Murase (ช) [อีกแทร็ก]	บังเอิญจริงๆ!
B01-0556	บท 1 คัตซีน · a01_100	Akira Murase (ช)	เคลียร์คิวไว้เลยนะ\nเพราะกูจะเล่นมึงให้เต็มที่
B01-0557	บท 1 คัตซีน · a01_100	Akira Murase (ช) [อีกแทร็ก]	กูจะเอาเวลาเล่นกับมึงให้เต็มอิ่มเลย...
B01-0558	บท 1 คัตซีน · a01_100	Akira Murase (ช)	ลูกน้อง!
B01-0559	บท 1 คัตซีน · a01_100	Akira Murase (ช)	ลากไอ้เวรนี่กลับไปที่ออฟฟิศซะ!
B01-0560	บท 1 คัตซีน · a01_100	Yagami (ช)	ผมไม่มีเวลามาเล่นด้วยจริงๆ นะเนี่ย
B01-0561	บท 1 คัตซีน · a01_100	Yagami (ช) [อีกแทร็ก]	แย่แล้ว นี่ไม่ได้อยู่ในแผนเลย...
B01-0562	บท 1 คัตซีน · a01_100	Masaharu Kaito (ช)	เฮ้ย ทาคุ!
B01-0563	บท 1 คัตซีน · a01_100	Masaharu Kaito (ช) [อีกแทร็ก]	ทาคุ!
B01-0564	บท 1 คัตซีน · a01_100	Yagami (ช)	ไคโตะซัง!
B01-0565	บท 1 คัตซีน · a01_100	Yagami (ช) [อีกแทร็ก]	ไคโตะซังงั้นเหรอ!?
B01-0566	บท 1 คัตซีน · a01_100	Akira Murase (ช)	อย่ามายุ่งกับเรื่องนี้เว้ย!
B01-0567	บท 1 คัตซีน · a01_100	Yagami (ช)	มึงหายไปไหน...!?
B01-0568	บท 1 คัตซีน · a01_100	Yagami (ช) [อีกแทร็ก]	เดี๋ยว อะไรนะ?
B01-0569	บท 1 คัตซีน · a01_100	Masaharu Kaito (ช)	มาเลย!
B01-0570	บท 1 คัตซีน · a01_100	Masaharu Kaito (ช) [อีกแทร็ก]	ลุยกันเลย!
B01-0571	บท 1 คัตซีน · a01_100	Masaharu Kaito (ช)	เมื่อกี้เจ๋งเป็นบ้าเลยว่ะ
B01-0572	บท 1 คัตซีน · a01_100	Masaharu Kaito (ช) [อีกแทร็ก]	เมื่อกี้แม่งเท่สุดๆ เลยว่ะ!
B01-0573	บท 1 คัตซีน · a01_100	Masaharu Kaito (ช)	เฮ้ อยากลองช่วยไหมล่ะ?
B01-0574	บท 1 คัตซีน · a01_100	Masaharu Kaito (ช) [อีกแทร็ก]	อยากร่วมด้วยไหม ทาคุ!?
B01-0575	บท 1 คัตซีน · a01_100	Yagami (ช)	ได้เลย ไม่ต้องห่วง
B01-0576	บท 1 คัตซีน · a01_100	Yagami (ช) [อีกแทร็ก]	อยากสิวะ
B01-0577	บท 1 คัตซีน · a01_100	Akira Murase (ช)	ตาฉัน!
B01-0578	บท 1 คัตซีน · a01_100	Akira Murase (ช) [อีกแทร็ก]	พวกนาย...
B01-0579	บท 1 คัตซีน · a01_100	Akira Murase (ช)	มึงสองคนซวยแน่ตอนนี้!
B01-0580	บท 1 คัตซีน · a01_100	Akira Murase (ช) [อีกแทร็ก]	มึงทั้งคู่ตายห่าแน่!
B01-0581	บท 1 คัตซีน · a01_110	Shintani (ช)	วิดีโอนี้แสดงทุกอย่าง\nที่คุณต้องเห็นครับ
B01-0582	บท 1 คัตซีน · a01_110	Shintani (ช) [อีกแทร็ก]	กล้องตัวนี้บันทึกทุกสิ่งที่ สำคัญไว้ครับ
B01-0583	บท 1 คัตซีน · a01_110	Shintani (ช)	ลูกความของผม คุณฮามุระ เมาแล้วทำร้าย\nคนเดินถนนคนนี้ในคืนที่เกิดเหตุ ฆาตกรรมครับ
B01-0584	บท 1 คัตซีน · a01_110	Shintani (ช) [อีกแทร็ก]	นี่คือภาพจำเลยเมาแล้วทำร้าย\nคนเดินถนนในคืนที่เกิดเหตุฆาตกรรม
B01-0585	บท 1 คัตซีน · a01_110	Shintani (ช)	จากนั้น หลังจากทะเลาะกัน คนเดินถนนคนเดียวกันนี้\nเห็นคุณฮามุระเดินเข้าไปใน ซาวน่าโกเท็นครับ
B01-0586	บท 1 คัตซีน · a01_110	Shintani (ช) [อีกแทร็ก]	หลังจากทะเลาะกัน คนเดินถนนคนนั้น\nเห็นจำเลยเดินเข้าไปในซาวน่า
B01-0587	บท 1 คัตซีน · a01_110	Shintani (ช)	ไม่มีใครออกมาจากตึกนั้นอีกเลย\nจนกระทั่งรถไฟเที่ยวแรกเริ่ม วิ่งตอนเช้าครับ
B01-0588	บท 1 คัตซีน · a01_110	Shintani (ช) [อีกแทร็ก]	ไม่มีใครออกจากซาวน่า\nหลังจากนั้นจนถึงรถไฟเที่ยวแรก
B01-0589	บท 1 คัตซีน · a01_110	Shintani (ช)	หมายความว่าที่อยู่ของจำเลย ได้รับการยืนยัน\nตลอดช่วงเวลาที่เกิดเหตุครับ
B01-0590	บท 1 คัตซีน · a01_110	Shintani (ช) [อีกแทร็ก]	พูดง่ายๆ คือจำเลย\nอยู่ในนั้นจนถึงเช้า
B01-0591	บท 1 คัตซีน · a01_110	Shintani (ช)	ฝ่ายจำเลยขอยืนยันว่าวิดีโอนี้\nพิสูจน์ให้เห็นพยานที่อยู่อย่างชัดเจน...\n 
B01-0592	บท 1 คัตซีน · a01_110	Shintani (ช) [อีกแทร็ก]	นี่คือหลักฐานที่พิสูจน์พยานที่อยู่\nของจำเลยได้อย่างชัดเจน...
B01-0593	บท 1 คัตซีน · a01_110	Shintani (ช)	...ซึ่งเป็นเพียงสิ่งเดียวที่พิสูจน์ได้\nว่าคุณฮามุระบริสุทธิ์ 
B01-0594	บท 1 คัตซีน · a01_110	Shintani (ช) [อีกแทร็ก]	...และพิสูจน์ความบริสุทธิ์ของเขาด้วย
B01-0595	บท 1 คัตซีน · a01_110	Shintani (ช)	ด้วยเหตุนี้\nผมมีคำถามสำหรับฝ่ายอัยการครับ
B01-0596	บท 1 คัตซีน · a01_110	Shintani (ช) [อีกแทร็ก]	ในประเด็นนี้ ผมมีคำถามให้ฝ่ายอัยการครับ
B01-0597	บท 1 คัตซีน · a01_110	Shintani (ช)	คุณรู้เรื่องวิดีโอนี้มาก่อน\nที่การพิจารณาคดีจะเริ่มหรือไม่ครับ?
B01-0598	บท 1 คัตซีน · a01_110	Shintani (ช) [อีกแทร็ก]	คุณไม่เคยรู้เรื่องภาพนี้มาก่อน\nที่จะเข้าสู่การพิจารณาคดีใช่ไหมครับ?
B01-0599	บท 1 คัตซีน · a01_110	Prosecutor (Izumida) (ช)	ขอยืนยันว่าเราตรวจสอบภาพจาก กล้องวงจรปิดรอบซาวน่า\nทั้งหมดแล้ว แต่ก็ไม่พบจำเลยอยู่ในนั้นเลย ท่านทนายความ
B01-0600	บท 1 คัตซีน · a01_110	Prosecutor (Izumida) (ช) [อีกแทร็ก]	ตำรวจตรวจสอบภาพจากรอบๆ\nซาวน่าแล้ว แต่ไม่เคยพบจำเลยเลย
B01-0601	บท 1 คัตซีน · a01_110	Prosecutor (Izumida) (ช)	อย่างน้อยก็ตามที่ได้รับรายงานมา
B01-0602	บท 1 คัตซีน · a01_110	Prosecutor (Izumida) (ช) [อีกแทร็ก]	นั่นคือสิ่งที่ได้รับมา
B01-0603	บท 1 คัตซีน · a01_110	Shintani (ช)	หมายความว่าคุณไม่เคยไปตรวจ สถานที่เกิดเหตุ\nด้วยตัวเองเลยใช่ไหมครับ?
B01-0604	บท 1 คัตซีน · a01_110	Shintani (ช) [อีกแทร็ก]	งั้นฝ่ายอัยการไม่เคย\nไปตรวจซาวน่าด้วยตัวเองเลยใช่ไหมครับ?
B01-0605	บท 1 คัตซีน · a01_110	Prosecutor (Izumida) (ช)	ใช่\nทีมงานเป็นคนจัดการเรื่องนั้นแทน
B01-0606	บท 1 คัตซีน · a01_110	Prosecutor (Izumida) (ช) [อีกแทร็ก]	ถูกต้อง ไม่เคยไปตรวจสอบด้วยตัวเองเลย
B01-0607	บท 1 คัตซีน · a01_110	Prosecutor (Izumida) (ช)	ถึงอย่างนั้น วิดีโอของฝ่ายจำเลยก็เบลอเกินไป\nจนไม่สามารถระบุตัวบุคคล ทั้งสองฝ่ายได้ชัดเจน
B01-0608	บท 1 คัตซีน · a01_110	Prosecutor (Izumida) (ช) [อีกแทร็ก]	อย่างไรก็ตาม ภาพของฝ่ายจำเลย\nเบลอเกินกว่าจะใช้ยืนยันอะไรได้ชัดเจน
B01-0609	บท 1 คัตซีน · a01_110	Prosecutor (Izumida) (ช)	ไม่มีทางบอกได้เลยว่าชายในภาพ\nคือจำเลยหรือแค่คนเดินถนนทั่วไป
B01-0610	บท 1 คัตซีน · a01_110	Prosecutor (Izumida) (ช) [อีกแทร็ก]	ไม่อาจเห็นด้วยกับข้ออ้างที่ว่า\nจำเลยปรากฏชัดเจนในภาพได้
B01-0611	บท 1 คัตซีน · a01_110	Shintani (ช)	ขอบคุณมาก
B01-0612	บท 1 คัตซีน · a01_110	Shintani (ช) [อีกแทร็ก]	ดีมาก
B01-0613	บท 1 คัตซีน · a01_110	Shintani (ช)	ถ้าเช่นนั้น ทางฝ่ายจำเลย\nขอเรียกพยานขึ้นให้การครับ
B01-0614	บท 1 คัตซีน · a01_110	Shintani (ช) [อีกแทร็ก]	ถ้าเช่นนั้น\nทางฝ่ายจำเลยขอเรียกพยานครับ
B01-0615	บท 1 คัตซีน · a01_110	Shintani (ช)	คุณเซยะ คุณยืนยันไหมครับ\nว่าคุณคือคนในวิดีโอนี้?
B01-0616	บท 1 คัตซีน · a01_110	Shintani (ช) [อีกแทร็ก]	นี่คือชายที่ถูกทำร้ายในภาพครับ
B01-0617	บท 1 คัตซีน · a01_110	Shintani (ช)	ว่ามีคนทำร้ายคุณ\nในคืนนั้น ถูกต้องไหมครับ?
B01-0618	บท 1 คัตซีน · a01_110	Shintani (ช) [อีกแทร็ก]	นั่นคือคุณในวิดีโอใช่ไหมครับ?\nคุณยืนยันได้หรือเปล่า?
B01-0619	บท 1 คัตซีน · a01_110	Seiya (ช)	ใช่
B01-0620	บท 1 คัตซีน · a01_110	Seiya (ช)	ใช่แล้ว
B01-0621	บท 1 คัตซีน · a01_110	Shintani (ช)	ทีนี้บอกเราหน่อยครับ\nคนที่ทำร้ายคุณคนนี้...
B01-0622	บท 1 คัตซีน · a01_110	Shintani (ช) [อีกแทร็ก]	แล้วคนที่ทำร้ายคุณ...
B01-0623	บท 1 คัตซีน · a01_110	Shintani (ช)	อยู่ในห้องพิจารณาคดีนี้หรือเปล่าครับ?
B01-0624	บท 1 คัตซีน · a01_110	Shintani (ช) [อีกแทร็ก]	...อยู่ในห้องพิจารณาคดีนี้ใช่ไหมครับ?
B01-0625	บท 1 คัตซีน · a01_110	Seiya (ช)	หืม?
B01-0626	บท 1 คัตซีน · a01_110	Shintani (ช)	พยาน มีปัญหาอะไรหรือเปล่าครับ?
B01-0627	บท 1 คัตซีน · a01_110	Shintani (ช) [อีกแทร็ก]	พยานครับ? เป็นอะไรหรือเปล่า?
B01-0628	บท 1 คัตซีน · a01_110	Seiya (ช)	ฉัน เอ่อ...
B01-0629	บท 1 คัตซีน · a01_110	Seiya (ช)	ผมคงจำผิดไปครับ
B01-0630	บท 1 คัตซีน · a01_110	Seiya (ช) [อีกแทร็ก]	ผม...คงจำผิดไปครับ
B01-0631	บท 1 คัตซีน · a01_110	Seiya (ช)	ผมเป็นคน\nที่โดนตีในวิดีโอนั้นจริงครับ
B01-0632	บท 1 คัตซีน · a01_110	Seiya (ช) [อีกแทร็ก]	นั่นผมโดนต่อยแน่นอน...
B01-0633	บท 1 คัตซีน · a01_110	Seiya (ช)	แต่ส่วนเรื่องว่าอีกฝ่าย\nเป็นใคร...
B01-0634	บท 1 คัตซีน · a01_110	Seiya (ช) [อีกแทร็ก]	แต่เรื่องว่าใครเป็นคนทำ...
B01-0635	บท 1 คัตซีน · a01_110	Seiya (ช)	ผมบอกไม่ได้ครับ
B01-0636	บท 1 คัตซีน · a01_110	Seiya (ช) [อีกแทร็ก]	...ผมบอกไม่ได้จริงๆ
B01-0637	บท 1 คัตซีน · a01_110	Shintani (ช)	ขออนุญาตครับ ท่านผู้พิพากษา\nขอพักการพิจารณาคดีสักครู่ครับ
B01-0638	บท 1 คัตซีน · a01_110	Shintani (ช) [อีกแทร็ก]	ท่านผู้พิพากษา ต้องขออภัยครับ\nผมขอร้องขอเวลาพักสักครู่ครับ
B01-0639	บท 1 คัตซีน · a01_120	Judge (ช)	คืนที่คุเมะถูกฆาตกรรม...
B01-0640	บท 1 คัตซีน · a01_120	Judge (ช) [อีกแทร็ก]	ในช่วงเวลาที่คุเมะถูกฆ่า...
B01-0641	บท 1 คัตซีน · a01_120	Judge (ช)	ฮามุระหลบอยู่\nในซาวน่าโกเท็นจนถึงเช้า
B01-0642	บท 1 คัตซีน · a01_120	Judge (ช) [อีกแทร็ก]	...ฮามุระอยู่ที่ซาวน่าโกเท็น\nจนถึงเช้า
B01-0643	บท 1 คัตซีน · a01_120	Judge (ช)	ภาพจากกล้องวงจรปิด พยานที่อยู่ของฮามุระ\nกับคำให้การของเซยะ ทุกอย่างตรงกันหมด
B01-0644	บท 1 คัตซีน · a01_120	Judge (ช) [อีกแทร็ก]	ภาพจากกล้องวงจรปิดกับคำให้การ ของฮามุระเอง\nตรงกับสิ่งที่เซยะพูดพอดิบพอดี
B01-0645	บท 1 คัตซีน · a01_120	Judge (ช)	ด้วยเรื่องราวที่แน่นหนาขนาดนี้\nไม่มีทางที่เขาจะฆ่าคุเมะได้เลย
B01-0646	บท 1 คัตซีน · a01_120	Judge (ช) [อีกแทร็ก]	ด้วยพยานที่อยู่ที่ไร้ช่องโหว่ ไม่มีทาง\nที่ฮามุระจะฆ่าคุเมะได้เลย
B01-0647	บท 1 คัตซีน · a01_120	Judge (ช)	ศาลขอตัดสิน... จำเลย\nเคียวเฮย์ ฮามุระ...
B01-0648	บท 1 คัตซีน · a01_120	Judge (ช) [อีกแทร็ก]	ศาลขอตัดสินว่าจำเลย\nเคียวเฮย์ ฮามุระ...
B01-0649	บท 1 คัตซีน · a01_120	Judge (ช)	...บริสุทธิ์
B01-0650	บท 1 คัตซีน · a01_120	Judge (ช)	ศาลจะขออธิบายเหตุผล\nของคำตัดสินนี้ต่อไป จำเลยกรุณานั่งลง
B01-0651	บท 1 คัตซีน · a01_120	Judge (ช) [อีกแทร็ก]	ต่อไปจะเป็นการชี้แจงเหตุผลของศาล\nจำเลยนั่งลงได้
B01-0652	บท 1 คัตซีน · a01_120	Yagami (ช)	ผู้พิพากษาพูดถูก
B01-0653	บท 1 คัตซีน · a01_120	Yagami (ช) [อีกแทร็ก]	มันคือความจริง
B01-0654	บท 1 คัตซีน · a01_120	Yagami (ช)	ฮามุระไม่ได้ฆ่าคุเมะแน่นอน
B01-0655	บท 1 คัตซีน · a01_120	Yagami (ช) [อีกแทร็ก]	ฮามุระไม่ใช่คน\nที่ฆ่าคุเมะแน่นอน
B01-0656	บท 1 คัตซีน · a01_120	Yagami (ช)	แต่เขาต้องมีเอี่ยวด้วยแน่ๆ
B01-0657	บท 1 คัตซีน · a01_120	Yagami (ช) [อีกแทร็ก]	แต่...เขาต้องเป็นผู้สมรู้ร่วมคิดแน่ๆ
B01-0658	บท 1 คัตซีน · a01_120	Yagami (ช)	ในขณะเดียวกัน ฆาตกรตัวจริงยังคง\nซ่อนตัวอยู่ในเงามืดของคามุโรโจ
B01-0659	บท 1 คัตซีน · a01_120	Yagami (ช) [อีกแทร็ก]	ตัวการที่แท้จริงหายลับไปในความมืด\nผมเลยเริ่มเรียกมันว่า... ไส้ศึก
B01-0660	บท 1 คัตซีน · a01_120	Yagami (ช)	ฆ่ายากูซ่า ควักลูกตาทิ้ง\nแล้วหลบกลับเข้ารัง
B01-0661	บท 1 คัตซีน · a01_120	Yagami (ช) [อีกแทร็ก]	สัตว์ตาบอดที่ใช้กรงเล็บควัก\nดวงตาเหยื่อ แล้วมุดกลับเข้ารูอีกครั้ง
B01-0662	บท 1 คัตซีน · a01_120	Yagami (ช)	ผมเลยตั้งชื่อให้มัน
B01-0663	บท 1 คัตซีน · a01_120	Yagami (ช) [อีกแทร็ก]	แล้ว...
B01-0664	บท 1 คัตซีน · a01_120	Yagami (ช)	ไส้ศึก
B01-0665	บท 1 คัตซีน · a01_120	Yagami (ช) [อีกแทร็ก]	ที่ไหนสักแห่งใต้คามุโรโจ\nมันยังคงอยู่ที่นั่น
B01-0666	บท 1 คัตซีน · a01_120	Yagami (ช)	หน้าที่ของทนายความจบลง\nเมื่อพิสูจน์ได้ว่าจำเลยบริสุทธิ์
B01-0667	บท 1 คัตซีน · a01_120	Yagami (ช) [อีกแทร็ก]	สำหรับทนายความ งานจะจบลง\nเมื่อพิสูจน์ได้ว่าลูก ความบริสุทธิ์จากทุกข้อหา
B01-0668	บท 1 คัตซีน · a01_120	Yagami (ช)	แต่ผมน่ะเหรอ? ผมไม่ใช่ทนายความ\nอีกต่อไปแล้ว
B01-0669	บท 1 คัตซีน · a01_120	Yagami (ช) [อีกแทร็ก]	ถึงอย่างนั้น...\nผมก็ไม่ใช่ทนายความอีกต่อไป
B01-0670	บท 1 คัตซีน · a01_120	Yagami (ช)	หมายความว่าการตามหาความจริงของผม\nจะจบลงก็ต่อเมื่อผมบอกว่ามันจบ
B01-0671	บท 1 คัตซีน · a01_120	Yagami (ช) [อีกแทร็ก]	มันขึ้นอยู่กับผมล้วนๆ ว่าจะเลือกตาม\nคดีนี้ต่อและเปิดโปงความจริงหรือไม่
B01-0672	บท 1 คัตซีน · a01_120	Yagami (ช)	ออฟฟิศของผมอาจจะเล็ก แต่นั่นไม่ได้แปลว่า\nผมไม่มีชื่อเสียงที่ต้องรักษาไว้
B01-0673	บท 1 คัตซีน · a01_120	Yagami (ช) [อีกแทร็ก]	ในเมืองเล็กๆ แบบนี้ ในออฟฟิศจิ๋วๆ อย่างของผม...\nผมต้องทำงานเพื่อรักษาชื่อเสียง ของตัวเอง
B01-0674	บท 1 คัตซีน · a01_120	Yagami (ช)	พูดอีกอย่างก็คือ...
B01-0675	บท 1 คัตซีน · a01_120	Yagami (ช) [อีกแทร็ก]	พูดง่ายๆ ก็คือ...
B01-0676	บท 1 คัตซีน · a01_120	Yagami (ช)	ผมจะทำทุกอย่างเท่าที่ทำได้\nเพื่อล้มฮามุระกับไส้ศึกให้ได้
B01-0677	บท 1 คัตซีน · a01_120	Yagami (ช) [อีกแทร็ก]	ฮามุระกับไส้ศึก\nจะไม่มีวันเอาชนะผมได้หรอก
B01-0678	บท 1 คัตซีน · a01_120	Ko Hattori (ช)	ยากามิซัง\nไม่ได้เจอกันนานเลยนะ
B01-0679	บท 1 คัตซีน · a01_120	Ko Hattori (ช) [อีกแทร็ก]	ยากามิซัง...ใช่ไหม?
B01-0680	บท 1 คัตซีน · a01_120	Ko Hattori (ช)	อากาศดีจังเลยเนอะ
B01-0681	บท 1 คัตซีน · a01_120	Ko Hattori (ช) [อีกแทร็ก]	ท่าทางเป็นไปได้สวยเลยนี่
B01-0682	บท 1 คัตซีน · a01_120	Ko Hattori (ช)	ธุรกิจนักสืบช่วงนี้\nเป็นยังไงบ้างล่ะ?
B01-0683	บท 1 คัตซีน · a01_120	Ko Hattori (ช) [อีกแทร็ก]	เรื่องนักสืบแถวคามุโรโจไปถึงไหนแล้ว?
B01-0684	บท 1 คัตซีน · a01_120	Yagami (ช)	รู้อยู่แล้วว่าคุณต้องโผล่มาที่นี่ ฮัตโตริ
B01-0685	บท 1 คัตซีน · a01_120	Yagami (ช) [อีกแทร็ก]	รู้อยู่แล้วว่าคุณต้องจับตาดู เรื่องนี้อยู่
B01-0686	บท 1 คัตซีน · a01_120	Yagami (ช)	ฟังนะ วันนี้ผมไม่มีอารมณ์\nจะรับมือกับเรื่องไร้สาระของคุณหรอก
B01-0687	บท 1 คัตซีน · a01_120	Yagami (ช) [อีกแทร็ก]	แต่ผมไม่มีอะไรจะพูดกับคุณ
B01-0688	บท 1 คัตซีน · a01_120	Ko Hattori (ช)	อ้าว แต่มันเป็นหน้าที่นักข่าวของกู\nที่ต้องรับฟังสิ่งที่มึงจะพูดนี่นา
B01-0689	บท 1 คัตซีน · a01_120	Ko Hattori (ช) [อีกแทร็ก]	กูก็แค่นักข่าวที่หวังว่ามึง\nจะให้ความเห็นอะไรกับกูบ้าง
B01-0690	บท 1 คัตซีน · a01_120	Ko Hattori (ช)	ไม่ใช่เรื่องส่วนตัวหรอกนะ\nแค่ทำหน้าที่ของกูเฉยๆ เข้าใจไหม?
B01-0691	บท 1 คัตซีน · a01_120	Ko Hattori (ช) [อีกแทร็ก]	ไม่ใช่ว่ากูมีเรื่องแค้นเคือง\nกับมึงเป็นการส่วนตัวหรอกนะ
B01-0692	บท 1 คัตซีน · a01_120	Yagami (ช)	ผมเห็นแล้วล่ะว่า "หน้าที่"\nของคุณผลิตอะไรออกมาบ้าง
B01-0693	บท 1 คัตซีน · a01_120	Yagami (ช) [อีกแทร็ก]	"ทนายจอมปลอมปล่อยฆาตกรลอยนวล"
B01-0694	บท 1 คัตซีน · a01_120	Yagami (ช)	"ทนายจอมปลอมปล่อยฆาตกรลอยนวล\nเด็กสาวไร้ทางสู้ต้องรับกรรมแทน"
B01-0695	บท 1 คัตซีน · a01_120	Yagami (ช) [อีกแทร็ก]	บทความของคุณไม่เคยเปลี่ยนเลย\nไม่ว่าผมจะตอบคำถามคุณยังไง
B01-0696	บท 1 คัตซีน · a01_120	Ko Hattori (ช)	ทั้งกูทั้งมึงต่างก็รู้ดี
B01-0697	บท 1 คัตซีน · a01_120	Ko Hattori (ช) [อีกแทร็ก]	อย่าลืมสิว่า...
B01-0698	บท 1 คัตซีน · a01_120	Ko Hattori (ช)	มึงคือสาเหตุเดียวที่เด็กคนนั้น ต้องตาย มึงต้อง\nไปปล่อยไอ้ฆาตกรนั่นออกมาจริงๆ ด้วยสิท่า?
B01-0699	บท 1 คัตซีน · a01_120	Ko Hattori (ช) [อีกแทร็ก]	ครอบครัวของเด็กสาวที่ถูกฆ่า\nโดยฆาตกรที่มึงปล่อยออกมา...
B01-0700	บท 1 คัตซีน · a01_120	Ko Hattori (ช)	และคนดีๆ ที่เลี้ยงดูเธอมา\nก็ยังต้องทุกข์ทรมานเพราะเรื่องนี้
B01-0701	บท 1 คัตซีน · a01_120	Ko Hattori (ช) [อีกแทร็ก]	พวกเขายังทุกข์ทรมานมาจนถึงทุกวันนี้
B01-0702	บท 1 คัตซีน · a01_120	Ko Hattori (ช)	มึงกลับมาไม่ได้หรอกตอนนี้ ครอบครัวที่น่าสงสาร\nของเธอจะพูดว่ายังไงล่ะ? ว่าไง ยากามิซัง?
B01-0703	บท 1 คัตซีน · a01_120	Ko Hattori (ช) [อีกแทร็ก]	อย่าบอกนะว่ามึงกำลังจะกลับมา\nทั้งที่เรื่องแบบนั้นเกิดขึ้น ยากามิซัง
B01-0704	บท 1 คัตซีน · a01_120	Yagami (ช)	ไม่ต้องเป็นห่วงเรื่องนั้นหรอก
B01-0705	บท 1 คัตซีน · a01_120	Yagami (ช) [อีกแทร็ก]	ไม่มีใครพูดอะไรแบบนั้นสักหน่อย
B01-0706	บท 1 คัตซีน · a01_120	Ko Hattori (ช)	ถ้าคุณว่าอย่างนั้นก็ได้
B01-0707	บท 1 คัตซีน · a01_120	Ko Hattori (ช) [อีกแทร็ก]	งั้นเหรอ?
B01-0708	บท 1 คัตซีน · a01_120	Ko Hattori (ช)	งั้นก็แล้วเจอกันนะ
B01-0709	บท 1 คัตซีน · a01_120	Ko Hattori (ช) [อีกแทร็ก]	ก็ตามใจคุณล่ะกัน
B01-0710	บท 1 พากย์ · speech_list_judge_main_c01	? (ช)	(เอาล่ะ ได้เวลาไปที่นั่นแล้ว)
B01-0711	บท 1 พากย์ · speech_list_judge_main_c01	kaito (ช)	ใกล้หรือยัง ทาคุ?
B01-0712	บท 1 พากย์ · speech_list_judge_main_c01	kaito (ช) [อีกแทร็ก]	เฮ้ ใกล้หรือยัง ทาคุ?
B01-0713	บท 1 พากย์ · speech_list_judge_main_c01	yagami (ช)	ใกล้แล้ว
B01-0714	บท 1 พากย์ · speech_list_judge_main_c01	? (ช)	คิดว่าเขาเริ่มสงสัยฉันแล้วนะ\nไหวพริบดีจริงๆ
B01-0715	บท 1 พากย์ · speech_list_judge_main_c01	? (ช)	แย่แล้ว เขาจับพิรุธฉันได้\nขอให้โชคดีนะ ทาคุ ทีนี้แล้วแต่นายเลย
B01-0716	บท 1 พากย์ · speech_list_judge_main_c01	? (ช) [อีกแทร็ก]	แย่แล้ว เขาจับพิรุธฉันได้...\nทีนี้แล้วแต่นายแล้ว ขอให้โชคดี
B01-0717	บท 1 พากย์ · speech_list_judge_main_c01	? (ช)	จริงดิ? ฉันต้องการเวลาเพิ่มอีกหน่อย!
B01-0718	บท 1 พากย์ · speech_list_judge_main_c01	? (ช) [อีกแทร็ก]	ทำอะไรสักอย่างสิ ฉันต้องการเวลาเพิ่มอีกหน่อย!
B01-0719	บท 1 พากย์ · speech_list_judge_main_c01	? (ช)	รีบมาซะเถอะ\nถ้าทำหลุดเป้า นายรับผิดชอบเองนะ
B01-0720	บท 1 พากย์ · speech_list_judge_main_c01	? (ช) [อีกแทร็ก]	ทำอะไร? รีบมาซะเถอะ\nถ้าทำหลุดเป้า นายรับผิดชอบเองนะ
B01-0721	บท 1 พากย์ · speech_list_judge_main_c01	? (ช)	นี่มันหยาบคายชัดๆ
B01-0722	บท 1 พากย์ · speech_list_judge_main_c01	? (ช)	(นักสืบคนนั้นหน้าตายังไงนะ?\nขอดูภาพร่างอีกทีดีกว่า)
B01-0723	บท 1 พากย์ · speech_list_judge_main_c01	? (ช)	(หมวกเขาแปลกดีนะ\nแจ็คเก็ตก็น่าสนใจเหมือนกัน)
B01-0724	บท 1 พากย์ · speech_list_judge_main_c01	? (ช)	(หน้ามีไฝเด่นชัด\nเคราหนวดรุงรัง กับตารูปอัลมอนด์)
B01-0725	บท 1 พากย์ · speech_list_judge_main_c01	? (ช)	(เป็นหน้าตาที่คนไม่คุ้นเมืองนี้\nน่าจะรู้สึกหวาดกลัวได้ง่ายๆ)
B01-0726	บท 1 พากย์ · speech_list_judge_main_c01	? (ช)	(เอาล่ะ ได้เวลาดูว่ามีใครตรงสเปกบ้าง)
B01-0727	บท 1 พากย์ · speech_list_judge_main_c01	? (ช)	(เอาล่ะ ตอนนี้อยู่ที่ถนนพิงก์สตรีทแล้ว...)
B01-0728	บท 1 พากย์ · speech_list_judge_main_c01	yagami (ช)	เจอแล้ว
B01-0729	บท 1 พากย์ · speech_list_judge_main_c01	yagami (ช) [อีกแทร็ก]	อา... นั่นไง เจอแล้ว
B01-0730	บท 1 พากย์ · speech_list_judge_main_c01	kaito (ช)	ในที่สุด นึกว่านายจะ\nตามไม่ทันซะแล้ว
B01-0731	บท 1 พากย์ · speech_list_judge_main_c01	kaito (ช) [อีกแทร็ก]	นึกว่านายจะตามไม่ทันซะแล้ว
B01-0732	บท 1 พากย์ · speech_list_judge_main_c01	? (?)	ขอโทษที
B01-0733	บท 1 พากย์ · speech_list_judge_main_c01	? (ช)	(นี่ใช่คนที่เราตามหาไหม?)
B01-0734	บท 1 พากย์ · speech_list_judge_main_c01	? (ช)	(ไม่ใช่ ดูคนอื่นแถวนี้ต่อดีกว่า)
B01-0735	บท 1 พากย์ · speech_list_judge_main_c01	yagami (ช)	ไคโตะซัง เขากำลังมุ่งหน้าไป\nย่านแชมเปี้ยน
B01-0736	บท 1 พากย์ · speech_list_judge_main_c01	yagami (ช) [อีกแทร็ก]	ไคโตะซัง เขากำลังมุ่งหน้าไป\nย่านแชมเปี้ยน
B01-0737	บท 1 พากย์ · speech_list_judge_main_c01	kaito (ช)	โอ้ เยี่ยมเลย ยังไงเราก็คง\nหาเขาในเขาวงกตนั่นไม่เจอหรอก
B01-0738	บท 1 พากย์ · speech_list_judge_main_c01	kaito (ช) [อีกแทร็ก]	ย่านแชมเปี้ยนเหรอ?\nเราตามรอยเขาในเขาวงกตนั่นไม่ได้หรอก...
B01-0739	บท 1 พากย์ · speech_list_judge_main_c01	? (ช)	คงเป็นเพราะแบบนั้นแหละ เขาถึงไปที่นั่น
B01-0740	บท 1 พากย์ · speech_list_judge_main_c01	? (ช) [อีกแทร็ก]	อือ คงเป็นเพราะแบบนั้นแหละ\nเขาถึงไปที่นั่น
B01-0741	บท 1 พากย์ · speech_list_judge_main_c01	? (ช)	โชคดีที่เรายังตาม\nเขาจากด้านบนได้เสมอ
B01-0742	บท 1 พากย์ · speech_list_judge_main_c01	? (ช) [อีกแทร็ก]	ก็... ไม่มีปัญหาสำหรับฉัน\nฟังดูเหมือนงานของนกพิราบเลยนะ
B01-0743	บท 1 พากย์ · speech_list_judge_main_c01	? (ช)	เหรอ? อยากปล่อยนกพิราบออกไปไหม?
B01-0744	บท 1 พากย์ · speech_list_judge_main_c01	? (ช) [อีกแทร็ก]	เหรอ? อยากปล่อยโดรนออกไปไหม?
B01-0745	บท 1 พากย์ · speech_list_judge_main_c01	? (ช)	พยายามไปดักหน้าเขาไว้นะ ไคโตะซัง\nแล้วก็เตรียมพร้อมไว้
B01-0746	บท 1 พากย์ · speech_list_judge_main_c01	? (ช) [อีกแทร็ก]	ไคโตะซัง ช่วยไปดักหน้าเขาไว้\nแล้วรอสัญญาณจากผม
B01-0747	บท 1 พากย์ · speech_list_judge_main_c01	? (ช)	จัดให้!
B01-0748	บท 1 พากย์ · speech_list_judge_main_c01	? (ช) [อีกแทร็ก]	รับทราบ! กำลังไปแล้ว!
B01-0749	บท 1 พากย์ · speech_list_judge_main_c01	? (ช)	อ้อ แล้วก็อย่าเล่นใหญ่เกินไปนะ\nไม่มีตังค์จะซ่อมไอ้นั่นอีกรอบแล้ว
B01-0750	บท 1 พากย์ · speech_list_judge_main_c01	? (ช) [อีกแทร็ก]	อ้อ แล้วก็อย่าเล่นใหญ่เกินไปนะ\nไม่มีตังค์จะซ่อมมันอีกรอบแล้ว
B01-0751	บท 1 พากย์ · speech_list_judge_main_c01	? (ช)	เออๆ\nแค่อย่าทำหลุดเป้าก็พอ
B01-0752	บท 1 พากย์ · speech_list_judge_main_c01	? (ช) [อีกแทร็ก]	เออๆ อย่าทำหลุดเป้าก็พอ
B01-0753	บท 1 พากย์ · speech_list_judge_main_c01	yagami (ช)	เขาเพิ่งหลบเข้าไปในที่ดินร้าง ไคโตะซัง
B01-0754	บท 1 พากย์ · speech_list_judge_main_c01	yagami (ช) [อีกแทร็ก]	ไคโตะซัง เขาเพิ่งหลบเข้าไปในที่ดินร้าง\nในย่านแชมเปี้ยน
B01-0755	บท 1 พากย์ · speech_list_judge_main_c01	? (ช)	ทางตัน\nถ้าตามเข้าไป เป้าหมายรู้ตัวแน่
B01-0756	บท 1 พากย์ · speech_list_judge_main_c01	? (ช) [อีกแทร็ก]	ตามเข้าไปในทางตันไม่ได้หรอก\nแผนจะแตกซะก่อน
B01-0757	บท 1 พากย์ · speech_list_judge_main_c01	kaito (ช)	คิดว่าเขาเข้าไปทำอะไรในนั้นวะ?
B01-0758	บท 1 พากย์ · speech_list_judge_main_c01	kaito (ช) [อีกแทร็ก]	งั้นก็สมเหตุสมผล... เขาเข้าไปทำอะไร\nในนั้นกันนะ?
B01-0759	บท 1 พากย์ · speech_list_judge_main_c01	? (ช)	คงไปเจอใครสักคน\nที่ไม่อยากให้ใครเห็นด้วยมั้ง
B01-0760	บท 1 พากย์ · speech_list_judge_main_c01	? (ช) [อีกแทร็ก]	คงไปเจอใครสักคน อาจจะเป็นคน\nที่ไม่อยากให้ใครเห็นว่าเจอกันก็ได้
B01-0761	บท 1 พากย์ · speech_list_judge_main_c01	? (ช)	นั่นสินะ นกพิราบขึ้นบินแล้ว\nเห็นไหม?
B01-0762	บท 1 พากย์ · speech_list_judge_main_c01	? (ช) [อีกแทร็ก]	นั่นสินะ ว่าแต่นกพิราบขึ้นบินแล้วนะ\nเห็นไหม?
B01-0763	บท 1 พากย์ · speech_list_judge_main_c01	? (ช)	เดี๋ยวก่อน
B01-0764	บท 1 พากย์ · speech_list_judge_main_c01	? (ช) [อีกแทร็ก]	ขอเวลาดูแป๊บนึง...
B01-0765	บท 1 พากย์ · speech_list_judge_main_c01	yagami (ช)	นั่นไง
B01-0766	บท 1 พากย์ · speech_list_judge_main_c01	yagami (ช) [อีกแทร็ก]	อา โอเค นั่นไง
B01-0767	บท 1 พากย์ · speech_list_judge_main_c01	kaito (ช)	เดี๋ยวก่อน\nฉันจะส่งภาพเข้ามือถือนายให้
B01-0768	บท 1 พากย์ · speech_list_judge_main_c01	kaito (ช) [อีกแทร็ก]	เช็กมือถือนายดูสิ\nฉันส่งมุมมองจากบนฟ้าไปให้แล้ว
B01-0769	บท 1 พากย์ · speech_list_judge_main_c01	? (ช)	<color=ｍonologue>(แสงอะไรน่ะ?)</color>
B01-0770	บท 1 พากย์ · speech_list_judge_main_c01	? (ช)	<color=ｍonologue>(อ้อ แค่ป้ายเอง ไม่ใช่นั่นสินะ)</color>
B01-0771	บท 1 พากย์ · speech_list_judge_main_c01	? (ช)	<color=ｍonologue>(นั่นไม่ใช่นกพิราบ นั่นแมวต่างหาก)</color>
B01-0772	บท 1 พากย์ · speech_list_judge_main_c01	? (ช)	<color=ｍonologue>(เขามาทำอะไรในที่\nแบบนี้กันนะ?)</color>
B01-0773	บท 1 พากย์ · speech_list_judge_main_c01	yagami (ช)	บินเก่งนี่ ไคโตะซัง คุมให้นิ่งไว้\nฝึกมาเหรอ?
B01-0774	บท 1 พากย์ · speech_list_judge_main_c01	kaito (ช)	นี่ไม่ใช่เวลามาพูดเรื่องนี้นะ ทาคุ!\nต้องใช้สมาธิหน่อย...
B01-0775	บท 1 พากย์ · speech_list_judge_main_c01	? (ช)	หืม? มีอีกคนอยู่\nกับเขาในนั้นด้วย
B01-0776	บท 1 พากย์ · speech_list_judge_main_c01	? (ช) [อีกแทร็ก]	หืม? ดูนั่นสิ\nมีคนอยู่กับเขาในนั้นด้วย
B01-0777	บท 1 พากย์ · speech_list_judge_main_c01	? (ช)	งั้นเขาไปเจอใครสักคนจริงๆ ด้วย
B01-0778	บท 1 พากย์ · speech_list_judge_main_c01	? (ช) [อีกแทร็ก]	งั้นเขาไปเจอใครสักคน<font_kind=yakuza_italic>จริง</font_kind>ๆ ด้วย
B01-0779	บท 1 พากย์ · speech_list_judge_main_c01	? (ช)	เฮ้ ฉันรู้จักไอ้นั่น\nมันเป็นเจ้ามือพนันม้าน่ะ
B01-0780	บท 1 พากย์ · speech_list_judge_main_c01	? (ช) [อีกแทร็ก]	...ฉันรู้จักไอ้นั่น มันเป็นเจ้ามือพนันม้า\nแถวคามุโรโจน่ะ
B01-0781	บท 1 พากย์ · speech_list_judge_main_c01	? (ช)	จะเอาเงินพนันไปใช้หนี้เหรอ?\nวิธีนี้เวิร์กตลอดอยู่แล้วเนอะ
B01-0782	บท 1 พากย์ · speech_list_judge_main_c01	? (ช) [อีกแทร็ก]	เจ้ามือพนันเหรอ? แทนที่จะเอาเงินไปใช้หนี้\nดันไป<font_kind=yakuza_italic>พนันเพิ่ม</font_kind>อีกเนี่ยนะ ประชาชนตัวอย่างจริงๆ
B01-0783	บท 1 พากย์ · speech_list_judge_main_c01	? (ช)	เออ ถ้าพวกมันบุกมาไกลขนาดนี้\nแค่เพื่อมาเจอกัน...
B01-0784	บท 1 พากย์ · speech_list_judge_main_c01	? (ช) [อีกแทร็ก]	แต่ถ้าพวกมันบุกมาไกลขนาดนี้\nแค่เพื่อมาเจอกัน...
B01-0785	บท 1 พากย์ · speech_list_judge_main_c01	? (ช)	เขาต้องมีเงินสดติดตัวแน่ๆ
B01-0786	บท 1 พากย์ · speech_list_judge_main_c01	? (ช) [อีกแทร็ก]	...เขาต้องมีเงินสดติดตัวแน่ๆ
B01-0787	บท 1 พากย์ · speech_list_judge_main_c01	? (?)	หืม?
B01-0788	บท 1 พากย์ · speech_list_judge_main_c01	? (ช)	ถ้าเราลงมือตอนนี้\nก็จะได้สิ่งที่ต้องการแน่
B01-0789	บท 1 พากย์ · speech_list_judge_main_c01	? (ช)	จำได้ใช่ไหมว่าเรามาที่นี่\nเพื่ออะไร?
B01-0790	บท 1 พากย์ · speech_list_judge_main_c01	? (ช) [อีกแทร็ก]	...จำภารกิจได้ใช่ไหม?
B01-0791	บท 1 พากย์ · speech_list_judge_main_c01	? (ช)	ตามเก็บหนี้ที่ไอ้นักสืบนั่นติดอยู่ไง
B01-0792	บท 1 พากย์ · speech_list_judge_main_c01	? (ช)	อ๋อ เข้าใจละ\nนี่แหละโอกาสของเรา!
B01-0793	บท 1 พากย์ · speech_list_judge_main_c01	? (ช) [อีกแทร็ก]	...เข้าใจละ\nนี่แหละโอกาสของเรา!
B01-0794	บท 1 พากย์ · speech_list_judge_main_c01	? (ช)	ใจเย็นๆ แล้วปล่อยให้\nฉันจัดการเองนะ?
B01-0795	บท 1 พากย์ · speech_list_judge_main_c01	? (ช) [อีกแทร็ก]	นั่งดูเฉยๆ ก็พอ\nปล่อยให้ฉันจัดการเองนะ?
B01-0796	บท 1 พากย์ · speech_list_judge_main_c01	? (ช)	รับทราบ ทาคุ\nอย่าทำพังล่ะ!
B01-0797	บท 1 พากย์ · speech_list_judge_main_c01	? (ช) [อีกแทร็ก]	งั้นไปจัดการเลย ทาคุ\nอย่าทำพังล่ะ!
B01-0798	บท 1 พากย์ · speech_list_judge_main_c01	yagami (ช)	คืนนี้อากาศดีเนอะ ท่านนักสืบ?
B01-0799	บท 1 พากย์ · speech_list_judge_main_c01	yagami (ช) [อีกแทร็ก]	สวัสดีตอนเย็น! เป็นไงบ้าง ท่านนักสืบ?
B01-0800	บท 1 พากย์ · speech_list_judge_main_c01	haikai_homeless (ช)	หา?
B01-0801	บท 1 พากย์ · speech_list_judge_main_c01	umazuki (ช) [อีกแทร็ก]	อะไรกันเนี่ย...
B01-0802	บท 1 พากย์ · speech_list_judge_main_c01	? (ช)	ได้ยินมาว่าเจ้ามือพนันแถวคามุโรโจ\nให้ราคาดีเชียวนะ
B01-0803	บท 1 พากย์ · speech_list_judge_main_c01	? (ช) [อีกแทร็ก]	ได้ยินมาว่าเจ้ามือพนันแถวคามุโรโจ\nให้ราคาดีเชียวนะ
B01-0804	บท 1 พากย์ · speech_list_judge_main_c01	? (ช)	ชนะได้มากขึ้น 10%\nแพ้เสียน้อยลง 10%...
B01-0805	บท 1 พากย์ · speech_list_judge_main_c01	? (ช)	ฟังดูน่าดึงดูดเป็นบ้า\nหรือฉันควรลองเล่นดูสักตั้ง
B01-0806	บท 1 พากย์ · speech_list_judge_main_c01	? (ช) [อีกแทร็ก]	ต้องเป็นสวรรค์ของนักพนันแน่ๆ\nหรือฉันควรลองเล่นดูสักตั้ง
B01-0807	บท 1 พากย์ · speech_list_judge_main_c01	? (ช)	เฮ้ จะไปไหนน่ะ?\nไม่เอาเงินไปเหรอ?
B01-0808	บท 1 พากย์ · speech_list_judge_main_c01	? (ช)	อะไรเนี่ย?\nแกเป็นใคร?
B01-0809	บท 1 พากย์ · speech_list_judge_main_c01	? (ช)	ผมมาทวงเงินคืน\nให้ลูกความน่ะ
B01-0810	บท 1 พากย์ · speech_list_judge_main_c01	? (ช) [อีกแทร็ก]	คือแบบนี้ คุณถือเงินของลูกความผมอยู่\nผมเลยมาเอาคืน
B01-0811	บท 1 พากย์ · speech_list_judge_main_c01	? (ช)	ก่อนที่คุณจะเอาไปเสียกับม้า ตัวใหม่อีก
B01-0812	บท 1 พากย์ · speech_list_judge_main_c01	? (ช)	งั้นพวกนั้นจ้างนักเลงมาทวงหนี้เหรอ\nจะให้ฉันทึ่งที่แกตามหาฉันเจอไหมเนี่ย?
B01-0813	บท 1 พากย์ · speech_list_judge_main_c01	? (ช) [อีกแทร็ก]	งั้นพวกนั้นจ้างนักเลงมาทวงหนี้?\nจะให้ฉันทึ่งที่แกตามหาฉันเจอไหมเนี่ย?
B01-0814	บท 1 พากย์ · speech_list_judge_main_c01	? (ช)	นักเลงเหรอ พูดแบบนั้นก็ใจร้ายไปหน่อยนะ\nคุณกับผมทำงานสายเดียวกันน่ะแหละ
B01-0815	บท 1 พากย์ · speech_list_judge_main_c01	? (ช) [อีกแทร็ก]	ผมไม่แน่ใจว่าจะเรียกตัวเองว่า นักเลงได้รึเปล่า\nคุณกับผมทำงานสายเดียวกันน่ะแหละ
B01-0816	บท 1 พากย์ · speech_list_judge_main_c01	? (ช)	แก...เป็นนักสืบเหรอ?
B01-0817	บท 1 พากย์ · speech_list_judge_main_c01	? (ช) [อีกแทร็ก]	<font_kind=yakuza_italic>แกเป็น</font_kind>...นักสืบเหรอ?
B01-0818	บท 1 พากย์ · speech_list_judge_main_c01	? (ช)	เกรงว่าจะใช่ครับ ผมได้ยินมาว่าคุณติดต่อยากมาก\nพวกที่คุณติดหนี้เลยมาจ้างผมแทน
B01-0819	บท 1 พากย์ · speech_list_judge_main_c01	? (ช) [อีกแทร็ก]	ใช่ครับ ผมได้ยินมาว่าคุณติดต่อยากมาก\nพวกที่คุณติดหนี้เลยมาจ้างผมแทน
B01-0820	บท 1 พากย์ · speech_list_judge_main_c01	? (ช)	ฟังนะ ผมรู้ว่าคุณมีเงินติดตัวอยู่
B01-0821	บท 1 พากย์ · speech_list_judge_main_c01	? (ช)	คุณหนีเรื่องนี้ไม่พ้นหรอก ช่วยตัวเองช่วยผม\nด้วยการจ่ายมาซะดีๆ อย่าขัดขืนเลย
B01-0822	บท 1 พากย์ · speech_list_judge_main_c01	? (ช) [อีกแทร็ก]	คุณหนีเรื่องนี้ไม่พ้นหรอก\nช่วยตัวเองช่วยผมด้วยการจ่ายมาซะดีๆ
B01-0823	บท 1 พากย์ · speech_list_judge_main_c01	? (ช)	เฮ้อ... ก็ได้ แกพูดถูก\nฉันมีเงินจริง
B01-0824	บท 1 พากย์ · speech_list_judge_main_c01	? (ช)	แต่ฟังนะ ฉันจะจ่ายคืนให้หมดหลังจากที่ ชนะเดิมพัน\nก้อนใหญ่ในเรซหน้านี้! รอก่อนนะ โอเคไหม?
B01-0825	บท 1 พากย์ · speech_list_judge_main_c01	? (ช) [อีกแทร็ก]	แต่ฟังนะ... ฉันจะจ่ายคืนให้หมดหลังจากชนะเดิมพัน\nก้อนใหญ่ในเรซหน้านี้! รอก่อนนะ โอเคไหม?
B01-0826	บท 1 พากย์ · speech_list_judge_main_c01	? (ช)	พูดจริงเหรอเนี่ย?\nผมไม่ได้ตามหาคุณมาเพื่อให้คุณมา—
B01-0827	บท 1 พากย์ · speech_list_judge_main_c01	? (ช) [อีกแทร็ก]	พูดจริงเหรอ ผมไม่อยากจะเชื่อเลยว่าคุณ\nจะเสนอแบบนี้กับผมจริงๆ—
B01-0828	บท 1 พากย์ · speech_list_judge_main_c01	? (ช)	ไว้คราวหน้าแล้วกัน!
B01-0829	บท 1 พากย์ · speech_list_judge_main_c01	? (ช)	ล้อเล่นใช่ไหมเนี่ย!
B01-0830	บท 1 พากย์ · speech_list_judge_main_c01	? (ช)	ไคโตะซัง!\nเขาหนีไปแล้ว!
B01-0831	บท 1 พากย์ · speech_list_judge_main_c01	? (ช) [อีกแทร็ก]	ไคโตะซัง! เขาวิ่งหนีไปแล้ว!
B01-0832	บท 1 พากย์ · speech_list_judge_main_c01	kaito (ช)	เห็นแล้วน่า\nจะไปไหนไอ้หนู?
B01-0833	บท 1 พากย์ · speech_list_judge_main_c01	kaito (ช) [อีกแทร็ก]	เห็นแล้วน่า จะไปไหนไอ้หนู?
B01-0834	บท 1 พากย์ · speech_list_judge_main_c01	? (ช)	ให้ตายสิ กลับมานี่นะ!
B01-0835	บท 1 พากย์ · speech_list_judge_main_c01	umazuki (ช)	ไปตายซะ!
B01-0836	บท 1 พากย์ · speech_list_judge_main_c01	yagami (ช)	แกต้องรู้จักคำว่าพอบ้างนะ
B01-0837	บท 1 พากย์ · speech_list_judge_main_c01	? (ช)	หุบปากไปเลย ฉันคิดไว้หมดแล้ว\nฉันจะหาเงินมาให้ได้!
B01-0838	บท 1 พากย์ · speech_list_judge_main_c01	? (ช) [อีกแทร็ก]	หุบปากไปเลย ฉันคิดไว้หมดแล้ว\nฉันจะหาเงินบ้านั่นมาให้ได้!
B01-0839	บท 1 พากย์ · speech_list_judge_main_c01	yagami (ช)	นี่ ที่เหลือผมจะรวบรวม\nมาให้ทีหลังนะ
B01-0840	บท 1 พากย์ · speech_list_judge_main_c01	yagami (ช) [อีกแทร็ก]	นี่ เอาค่าแรงไป\nขอโทษที ผมยังไม่ได้ครบนะ
B01-0841	บท 1 พากย์ · speech_list_judge_main_c01	kaito (ช)	แล้วส่วนแบ่งนายล่ะ?
B01-0842	บท 1 พากย์ · speech_list_judge_main_c01	kaito (ช) [อีกแทร็ก]	ส่วนแบ่งนายอยู่ไหน?
B01-0843	บท 1 พากย์ · speech_list_judge_main_c01	? (ช)	เดี๋ยวผมก็ได้แหละ\nเงินนี้ทั้งหมดต้องส่งให้ลูกค้าก่อน
B01-0844	บท 1 พากย์ · speech_list_judge_main_c01	? (ช) [อีกแทร็ก]	ที่เหลือเป็นของลูกค้า\nเดี๋ยวผมก็ได้ส่วนของผมแหละ
B01-0845	บท 1 พากย์ · speech_list_judge_main_c01	? (?)	เข้าใจแล้ว
B01-0846	บท 1 พากย์ · speech_list_judge_main_c01	? (ช)	เอาเถอะ เดี๋ยวผมจะแวะไปที่\nสำนักงานอาจารย์เก็นดะ ดูว่ามีงานรึเปล่า
B01-0847	บท 1 พากย์ · speech_list_judge_main_c01	? (ช) [อีกแทร็ก]	เอาเถอะ เดี๋ยวผมจะแวะไปที่สำนักงาน อาจารย์เก็นดะ\nดูว่ามีงานรึเปล่า
B01-0848	บท 1 พากย์ · speech_list_judge_main_c01	? (ช)	อย่าไปหวังมากนักเลย
B01-0849	บท 1 พากย์ · speech_list_judge_main_c01	? (ช) [อีกแทร็ก]	ก็คือ นายจะไปก็ได้นะ...\nแต่อย่าไปหวังมากก็แล้วกัน
B01-0850	บท 1 พากย์ · speech_list_judge_main_c01	? (ช)	สำหรับสำนักงานทนาย\nที่นั่นก็เงียบเหงาซะไม่มี
B01-0851	บท 1 พากย์ · speech_list_judge_main_c01	? (ช) [อีกแทร็ก]	สำหรับสำนักงานทนายแล้ว\nที่นั่นก็เงียบเหงาสุดๆ รู้ป่ะ
B01-0852	บท 1 พากย์ · speech_list_judge_main_c01	? (ช)	นายก็รู้ใช่ไหมว่าที่นั่น\nเป็นลูกค้าคนสำคัญของเรา
B01-0853	บท 1 พากย์ · speech_list_judge_main_c01	? (ช) [อีกแทร็ก]	นายก็รู้ใช่ไหมว่าที่นั่นเป็น\nลูกค้าคนสำคัญของเรา
B01-0854	บท 1 พากย์ · speech_list_judge_main_c01	? (ช)	ใช่ๆ ฉันรู้ว่านายเคยทำงานที่นั่นมา ก่อนแหละ\nแต่ก็อย่าไปมือเปล่าล่ะ
B01-0855	บท 1 พากย์ · speech_list_judge_main_c01	? (ช) [อีกแทร็ก]	ก็นะ... จะแวะไปที่เก่า\nแบบมือเปล่าไม่ได้หรอก
B01-0856	บท 1 พากย์ · speech_list_judge_main_c01	? (ช)	นี่ เอาไปซื้อขนมอะไรสักอย่าง\nอย่างน้อยก็ทำให้ครบพิธีหน่อย
B01-0857	บท 1 พากย์ · speech_list_judge_main_c01	? (ช)	ใจดีจังเลยนะ\nลูกผมโตเป็นผู้ใหญ่แล้วสินะ...
B01-0858	บท 1 พากย์ · speech_list_judge_main_c01	? (ช) [อีกแทร็ก]	ใจดีจังเลย...\nลูกผมโตเป็นผู้ใหญ่แล้วสินะ...
B01-0859	บท 1 พากย์ · speech_list_judge_main_c01	? (ช)	ไม่ต้องพูดถึงหรอก "พ่อ"\nไปได้แล้วน่า
B01-0860	บท 1 พากย์ · speech_list_judge_main_c01	? (ช) [อีกแทร็ก]	ไม่ต้องพูดถึงหรอก "พ่อ"
B01-0861	บท 1 พากย์ · speech_list_judge_main_c01	kaito (ช)	ได้ยินมาว่าป๊อปโปที่ถนนเทนไคจิ\nมีโดรายากิสุดหรูขายด้วยนะ มีแบบเป็นกล่องด้วย
B01-0862	บท 1 พากย์ · speech_list_judge_main_c01	kaito (ช) [อีกแทร็ก]	ลองไปดูร้านแถวถนนเทนไคจิสิ\nได้ยินว่ามีโดรายากิหรูๆ ขาย มีแบบเป็นกล่องด้วย
B01-0863	บท 1 พากย์ · speech_list_judge_main_c01	yagami (ช) [อีกแทร็ก]	...แล้วไง?
B01-0864	บท 1 พากย์ · speech_list_judge_main_c01	? (ช)	ก็อาจารย์เก็นดะแกชอบของหวานมาก\nเป็นทุนเดิมอยู่แล้ว... เก็ตป่ะ
B01-0865	บท 1 พากย์ · speech_list_judge_main_c01	? (ช) [อีกแทร็ก]	ก็เพราะอาจารย์เก็นดะ...\nแกชอบของหวานมากเลยนี่ ใช่ไหมล่ะ
B01-0866	บท 1 พากย์ · speech_list_judge_main_c01	? (ช)	ได้เลย ผมจะไปซื้อมา
B01-0867	บท 1 พากย์ · speech_list_judge_main_c01	? (ช) [อีกแทร็ก]	เข้าใจแล้ว... ผมจะไปซื้อมา
B01-0868	บท 1 พากย์ · speech_list_judge_main_c01	yagami (ช)	คิมซัง?
B01-0869	บท 1 พากย์ · speech_list_judge_main_c01	? (ช)	อ้าว ยากามิซัง...
B01-0870	บท 1 พากย์ · speech_list_judge_main_c01	? (?) [อีกแทร็ก]	ยากามิซัง...
B01-0871	บท 1 พากย์ · speech_list_judge_main_c01	? (ช)	ท่าทางคุณดูสั่นๆ นะเนี่ย
B01-0872	บท 1 พากย์ · speech_list_judge_main_c01	? (ช) [อีกแทร็ก]	มีอะไรทำให้คุณสั่นขนาดนี้เหรอ?
B01-0873	บท 1 พากย์ · speech_list_judge_main_c01	keihin (ช)	อย่าคิดจะหนีไปไหนนะโว้ย ไอ้ระยำ!
B01-0874	บท 1 พากย์ · speech_list_judge_main_c01	keihin (ช) [อีกแทร็ก]	อย่าวิ่งหนีนะเว้ย ไอ้ระยำ!
B01-0875	บท 1 พากย์ · speech_list_judge_main_c01	? (ช)	แย่แล้ว พวกมันมาแล้ว!\nขอโทษนะครับ ผมต้องไปก่อน!
B01-0876	บท 1 พากย์ · speech_list_judge_main_c01	? (ช) [อีกแทร็ก]	อุ๊ย พวกมันมาแล้ว! ขอโทษนะครับ ผมต้องไปก่อนแล้ว!
B01-0877	บท 1 พากย์ · speech_list_judge_main_c01	keihin (ช)	ไม่ต้องหนีหรอกครับ ถ้าพวกเรายังช่วยได้
B01-0878	บท 1 พากย์ · speech_list_judge_main_c01	? (ช)	คุณเป็นใครกันแน่?
B01-0879	บท 1 พากย์ · speech_list_judge_main_c01	? (ช) [อีกแทร็ก]	พวกนายเป็นใครกันวะ...?
B01-0880	บท 1 พากย์ · speech_list_judge_main_c01	kasai (ช)	จับได้ซะทีสินะ\nเก่งมาก
B01-0881	บท 1 พากย์ · speech_list_judge_main_c01	kasai (ช) [อีกแทร็ก]	อ้อ จับได้แล้วเหรอ?
B01-0882	บท 1 พากย์ · speech_list_judge_main_c01	? (ช)	คาไซซัง!
B01-0883	บท 1 พากย์ · speech_list_judge_main_c01	? (ช)	เลิกยุ่งได้แล้วนะพวกคุณ!\nผมไม่มีทางยกเธอให้พวกคุณหรอก!
B01-0884	บท 1 พากย์ · speech_list_judge_main_c01	? (ช) [อีกแทร็ก]	ค-คุณ! เลิกยุ่งซะที!\nคุณเอาตัวเธอไปไม่ได้! ผมไม่ยอมหรอก!
B01-0885	บท 1 พากย์ · speech_list_judge_main_c01	? (ช)	ไม่เอาน่า จะให้สาวสวยขนาดนั้น\nมาทำงานร้านย่างเนื้อมันน่าอาย ชิบเป๋งเลยว่ะ
B01-0886	บท 1 พากย์ · speech_list_judge_main_c01	? (ช) [อีกแทร็ก]	ไม่เอาน่า จะให้สาวแบบนั้น\nมาทำงานร้านย่างเนื้อมันน่าอาย ชิบเป๋งว่ะ
B01-0887	บท 1 พากย์ · speech_list_judge_main_c01	? (ช)	นั่นมันไม่เกี่ยวอะไรกับคุณเลย!
B01-0888	บท 1 พากย์ · speech_list_judge_main_c01	? (ช) [อีกแทร็ก]	นั่นมัน...ไม่เกี่ยวอะไรกับคุณเลย!
B01-0889	บท 1 พากย์ · speech_list_judge_main_c01	? (ช)	ฟังนะ คิมซัง
B01-0890	บท 1 พากย์ · speech_list_judge_main_c01	? (ช)	มึงอาจจะไม่รู้เพราะเป็น คนต่างชาติน่ะนะ\nแต่ที่นี่เรามีคำพังเพยอยู่...
B01-0891	บท 1 พากย์ · speech_list_judge_main_c01	? (ช) [อีกแทร็ก]	มึงอาจจะไม่รู้เพราะเป็นคนต่างชาติน่ะ\nแต่ที่นี่เรามีคำพังเพยอยู่...
B01-0892	บท 1 พากย์ · speech_list_judge_main_c01	? (ช)	สาวสวยมันเป็นของที่เสียเปล่า ไม่ได้ว่ะ
B01-0893	บท 1 พากย์ · speech_list_judge_main_c01	? (ช) [อีกแทร็ก]	สาวสวยเป็นของที่เสียเปล่า ไม่ได้หรอกว่ะ
B01-0894	บท 1 พากย์ · speech_list_judge_main_c01	? (ช)	เอ่อ... อะไรนะ?
B01-0895	บท 1 พากย์ · speech_list_judge_main_c01	? (ช)	เอ่อ ใช่ครับ มันไม่ได้พูดแบบนั้นซะทีเดียวนะ
B01-0896	บท 1 พากย์ · speech_list_judge_main_c01	? (ช) [อีกแทร็ก]	ผมค่อนข้างมั่นใจว่ามันคือ "สมอง" นะ
B01-0897	บท 1 พากย์ · speech_list_judge_main_c01	? (ช)	จริงเหรอ!?
B01-0898	บท 1 พากย์ · speech_list_judge_main_c01	? (ช) [อีกแทร็ก]	งั้นเหรอ!?
B01-0899	บท 1 พากย์ · speech_list_judge_main_c01	? (ช)	ฮึ ทำเรื่องใหญ่โตขนาดนี้เพราะ ผู้หญิงคนเดียวเลยเหรอ\nมันไม่ค่อยดีกับภาพลักษณ์คุณ เท่าไหร่นะ
B01-0900	บท 1 พากย์ · speech_list_judge_main_c01	? (ช) [อีกแทร็ก]	ฮึ "สาวสวยเป็นของที่เสียเปล่าไม่ได้"...\nพูดจริงเหรอเนี่ย?
B01-0901	บท 1 พากย์ · speech_list_judge_main_c01	? (ช)	แต่กรณีนี้เหมือนภาพสะท้อนนั้น\nจะค่อนข้างตรงเป๊ะเลยนะ
B01-0902	บท 1 พากย์ · speech_list_judge_main_c01	? (ช) [อีกแทร็ก]	ก็ ถ้าพูดเรื่องสมองแล้ว\nของคุณดูจะเสียเปล่าไปจริงๆ นะ
B01-0903	บท 1 พากย์ · speech_list_judge_main_c01	? (ช)	อย่ามายุ่งเรื่องของกู!\nมึงคิดว่าตัวเองเป็นใครวะ!?
B01-0904	บท 1 พากย์ · speech_list_judge_main_c01	? (ช) [อีกแทร็ก]	อย่ามา<font_kind=yakuza_italic>ยุ่ง</font_kind>เรื่องกูวะ!\nมึงคิดว่าตัวเองเป็นใครวะ!?
B01-0905	บท 1 พากย์ · speech_list_judge_main_c01	? (ช)	เพื่อนของคิมน่ะ คนที่จะไม่ยอม\nยืนดูเฉยๆ ให้พวกคุณรุมซ้อมเขาหรอก
B01-0906	บท 1 พากย์ · speech_list_judge_main_c01	? (ช) [อีกแทร็ก]	ผมถือว่าตัวเองเป็นเพื่อนของเขา คนที่จะไม่ยอม\nยืนดูเฉยๆ ให้พวกคุณรุมซ้อมเขาหรอก
B01-0907	บท 1 พากย์ · speech_list_judge_main_c01	? (ช)	ก็ได้ว่ะเพื่อน\nกูไม่อยากทำแบบนี้เลยนะ...
B01-0908	บท 1 พากย์ · speech_list_judge_main_c01	? (ช) [อีกแทร็ก]	ก็ได้ว่ะเพื่อน กูไม่อยากทำแบบนี้เลยนะ...
B01-0909	บท 1 พากย์ · speech_list_judge_main_c01	? (ช)	แต่มึงเป็นคนหาเรื่องเองนะ ดันมาหาเรื่อง\nกับ<font_kind=yakuza_italic>ยอด</font_kind>เค็นตะ คาไซ แห่งแก๊งเคฮิน
B01-0910	บท 1 พากย์ · speech_list_judge_main_c01	? (ช) [อีกแทร็ก]	...แต่มึงเพิ่งไปหาเรื่องกับเค็นตะ คาไซ แห่งแก๊งเคฮินเข้าแล้ว\nจะโทษใครก็โทษตัวเองแล้วกัน
B01-0911	บท 1 พากย์ · speech_list_judge_main_c01	? (ช)	มาดูกันว่ามึงฉลาดจริงแค่ไหน\nไอ้รู้ไปหมด!
B01-0912	บท 1 พากย์ · speech_list_judge_main_c01	? (ช) [อีกแทร็ก]	มึงคิดว่าจะมาลบหลู่กูได้เหรอ?\nมาดูกันว่ามึงฉลาดจริงแค่ไหน ไอ้รู้ไปหมด!
B01-0913	บท 1 พากย์ · speech_list_judge_main_c01	keihin (ช)	ตัวนี้แข็งแกร่งกว่าที่เห็นนี่...
B01-0914	บท 1 พากย์ · speech_list_judge_main_c01	keihin (ช) [อีกแทร็ก]	ตัวนี้แข็งแกร่งเหมือนกันนะ...
B01-0915	บท 1 พากย์ · speech_list_judge_main_c01	kasai (ช)	ไอ้สารเลวรู้ไปหมด...
B01-0916	บท 1 พากย์ · speech_list_judge_main_c01	kasai (ช) [อีกแทร็ก]	บ้าเอ๊ย... ไอ้หัวไข่บ้า...
B01-0917	บท 1 พากย์ · speech_list_judge_main_c01	yagami (ช)	ไปได้แล้ว แล้วอย่าให้ผมเห็น\nคุณมาป้วนเปี้ยนใกล้คิมซังอีกนะ
B01-0918	บท 1 พากย์ · speech_list_judge_main_c01	yagami (ช) [อีกแทร็ก]	ไปได้แล้ว แล้วจำไว้ด้วย\nอย่ามายุ่งกับคิมซังอีก
B01-0919	บท 1 พากย์ · speech_list_judge_main_c01	? (ช)	กูจะไม่ยอมแพ้ง่ายๆ หรอกวะ
B01-0920	บท 1 พากย์ · speech_list_judge_main_c01	? (ช) [อีกแทร็ก]	...กูจะไม่ยอมแพ้ง่ายๆ หรอกวะ
B01-0921	บท 1 พากย์ · speech_list_judge_main_c01	? (ช)	มึงจะต้องเสียใจที่มา\nสร้างศัตรูกับแก๊งเคฮินแน่!
B01-0922	บท 1 พากย์ · speech_list_judge_main_c01	? (ช) [อีกแทร็ก]	แต่ตอนนี้มึงสร้างศัตรูกับ แก๊งเคฮินเข้าแล้ว!\nมึงจะต้องเสียใจแน่!
B01-0923	บท 1 พากย์ · speech_list_judge_main_c01	? (ช)	แล้วอย่ากลับมาอีกนะ!
B01-0924	บท 1 พากย์ · speech_list_judge_main_c01	? (ช)	นั่นมันประโยคที่พูด\nตอนชนะต่างหากโว้ย ไอ้โง่
B01-0925	บท 1 พากย์ · speech_list_judge_main_c01	? (ช) [อีกแทร็ก]	ไอ้โง่ พูดแบบนั้นตอน<font_kind=yakuza_italic>ชนะ</font_kind>สิวะ
B01-0926	บท 1 พากย์ · speech_list_judge_main_c01	? (ช)	ไม่มีใครถามคุณสักหน่อย!
B01-0927	บท 1 พากย์ · speech_list_judge_main_c01	? (ช)	คุณโอเคไหมครับ คิมซัง?
B01-0928	บท 1 พากย์ · speech_list_judge_main_c01	? (ช) [อีกแทร็ก]	คิมซัง? โอเคไหมครับ?
B01-0929	บท 1 พากย์ · speech_list_judge_main_c01	kim (ช)	ครับ...\nขอบคุณที่ช่วยนะครับ ยากามิซัง
B01-0930	บท 1 พากย์ · speech_list_judge_main_c01	kim (ช) [อีกแทร็ก]	ครับ... ยากามิซัง ขอบคุณมากเลยครับ
B01-0931	บท 1 พากย์ · speech_list_judge_main_c01	? (ช)	เราน่าจะรีบไปจากที่นี่\nก่อนที่พวกเขาจะกลับมานะ
B01-0932	บท 1 พากย์ · speech_list_judge_main_c01	? (ช) [อีกแทร็ก]	แต่... เราควรรีบไปจากที่นี่นะครับ\nเดี๋ยวพวกเขาอาจจะกลับมา!
B01-0933	บท 1 พากย์ · speech_list_judge_main_c01	? (ช)	ครับ ความคิดดี
B01-0934	บท 1 พากย์ · speech_list_judge_main_c01	kim (ช)	ผมขอโทษจริงๆ นะครับ ยากามิซัง\nผมไม่ได้ตั้งใจจะดึงคุณเข้ามา ยุ่งกับเรื่องวุ่นวายของผมเลย
B01-0935	บท 1 พากย์ · speech_list_judge_main_c01	kim (ช) [อีกแทร็ก]	ยากามิซัง ผมขอโทษเรื่องนี้จริงๆ นะครับ\nผมไม่ได้ตั้งใจจะดึงคุณเข้ามา ยุ่งกับเรื่องวุ่นวายของผมเลย
B01-0936	บท 1 พากย์ · speech_list_judge_main_c01	yagami (ช)	เมื่อกี้เขาพูดถึงแก๊งเคฮิน\nพวกนั้นคือใครกัน?
B01-0937	บท 1 พากย์ · speech_list_judge_main_c01	? (ช)	พวกเขาเป็นกลุ่มนักเลงที่พักหลังมานี้\nอาละวาดหนักมาก ทำเอาทั้งเมืองปั่นป่วนไปหมด
B01-0938	บท 1 พากย์ · speech_list_judge_main_c01	? (ช) [อีกแทร็ก]	พวกเขาเป็นพวกนักเลง ช่วงนี้อาละวาด\nไปทั่วคามุโรโจเลยครับ
B01-0939	บท 1 พากย์ · speech_list_judge_main_c01	? (ช)	ขนาดยากูซ่ายังไม่รู้จะจัดการ\nกับพวกเขายังไงเลยครับ
B01-0940	บท 1 พากย์ · speech_list_judge_main_c01	? (ช) [อีกแทร็ก]	ช่วงนี้ขนาดยากูซ่าเองก็ยัง\nจัดการพวกเขาไม่ได้เลยครับ
B01-0941	บท 1 พากย์ · speech_list_judge_main_c01	? (ช)	อืม งั้นก็ต้องเป็นเรื่องใหญ่จริงๆ สินะ
B01-0942	บท 1 พากย์ · speech_list_judge_main_c01	? (ช) [อีกแทร็ก]	แย่ขนาดนั้นเลยเหรอ\nงั้นก็ต้องเป็นเรื่องใหญ่จริงๆ สินะ
B01-0943	บท 1 พากย์ · speech_list_judge_main_c01	? (ช)	ใช่เลยครับ\nพวกเขาเป็นหนามยอกอกของเมืองนี้จริงๆ
B01-0944	บท 1 พากย์ · speech_list_judge_main_c01	? (ช) [อีกแทร็ก]	ใช่เลยครับ! พวกเขาเป็นหนามยอกอกของเมืองนี้!
B01-0945	บท 1 พากย์ · speech_list_judge_main_c01	? (ช)	หัวหน้าคนหนึ่งของพวกเขา ไอ้คาไซนั่น ไม่ยอมเลิกตามตื้อ\nพนักงานคนหนึ่งของผมเลยครับ ผมไม่อยากคิดเลยว่าเขาต้องการ อะไรจากเธอ...
B01-0946	บท 1 พากย์ · speech_list_judge_main_c01	? (ช) [อีกแทร็ก]	แล้วหัวหน้าคนหนึ่งของพวกเขา ก็ตามตื้อพนักงานเสิร์ฟของผม!\nไอ้คาไซนั่นแหละ... ผมไม่อยากคิดเลยว่าพวกเขาจะทำ อะไรกับเธอ!
B01-0947	บท 1 พากย์ · speech_list_judge_main_c01	? (ช)	งั้นคุณก็แค่คอยดูแล\nลูกน้องของคุณอยู่สินะ
B01-0948	บท 1 พากย์ · speech_list_judge_main_c01	? (ช) [อีกแทร็ก]	อ๋อ อย่างนี้นี่เอง คุณก็แค่คอยดูแล\nลูกน้องของคุณอยู่สินะ
B01-0949	บท 1 พากย์ · speech_list_judge_main_c01	? (ช)	ก็แน่นอนอยู่แล้วครับ!\nผมเป็นเจ้านายของเธอนี่นา!
B01-0950	บท 1 พากย์ · speech_list_judge_main_c01	? (ช) [อีกแทร็ก]	ก็แน่นอนสิครับ ผมเป็นเจ้านายของเธอนี่นา!
B01-0951	บท 1 พากย์ · speech_list_judge_main_c01	? (ช)	แต่ยากามิซัง... คุณไม่น่าเข้ามายุ่งเรื่องนี้ เลยนะครับ\nตอนนี้พวกเขาคงจะตามล่าหัวคุณด้วยแล้ว
B01-0952	บท 1 พากย์ · speech_list_judge_main_c01	? (ช) [อีกแทร็ก]	ยากามิซัง... คุณไม่น่าเข้ามายุ่งเรื่องนี้เลย!\nตอนนี้พวกเขาคงตามล่า<font_kind=yakuza_italic>คุณ</font_kind>ด้วยแล้ว
B01-0953	บท 1 พากย์ · speech_list_judge_main_c01	? (ช)	ไม่ต้องห่วงหรอกครับ\nผมไม่เป็นไรแน่
B01-0954	บท 1 พากย์ · speech_list_judge_main_c01	? (ช) [อีกแทร็ก]	ไม่หรอก ไม่ต้องห่วงผมหรอกครับ
B01-0955	บท 1 พากย์ · speech_list_judge_main_c01	? (ช)	ก็ได้ครับ... งั้นถ้าคุณต้องการอะไร\nผมก็อยู่ตรงนี้เสมอนะครับ
B01-0956	บท 1 พากย์ · speech_list_judge_main_c01	? (ช) [อีกแทร็ก]	...ยังไงผมก็พร้อมช่วยคุณเสมอนะครับ ถ้าคุณเดือดร้อนเมื่อไหร่\nผมจะช่วยเท่าที่ทำได้เลยครับ!
B01-0957	บท 1 พากย์ · speech_list_judge_main_c01	? (ช)	(เฮ้อ ได้เวลาไปหาของฝากแล้วสินะ)
B01-0958	บท 1 พากย์ · speech_list_judge_main_c01	yagami (ช)	(อันนี้ก็ใช้ได้แล้ว ทีนี้ก็เอาไป\nให้อาจารย์เก็นดะซะที)
B01-0959	บท 1 พากย์ · speech_list_judge_main_c01	kogara (ช)	เดี๋ยวก่อนสิเพื่อน
B01-0960	บท 1 พากย์ · speech_list_judge_main_c01	kogara (ช) [อีกแทร็ก]	เฮ้ย... เดี๋ยวก่อนสิเพื่อน
B01-0961	บท 1 พากย์ · speech_list_judge_main_c01	? (ช)	มึงเพิ่งซื้อโดรายากิพวกนั้น\nมาใช่ไหม? ขอโทษนะ แต่ตอนนี้มันเป็นของกูแล้ว
B01-0962	บท 1 พากย์ · speech_list_judge_main_c01	? (ช) [อีกแทร็ก]	อะไรวะ คิดว่าจะซื้อโดรายากินั่นได้ง่ายๆ เหรอ?\nขอโทษนะ แต่ตอนนี้มันเป็นของกูแล้ว
B01-0963	บท 1 พากย์ · speech_list_judge_main_c01	yagami (ช)	เอ่อ... งั้นเหรอครับ?
B01-0964	บท 1 พากย์ · speech_list_judge_main_c01	? (ช)	ฟังนะ กูตามหาของพวกนั้นมาหลายวันแล้ว...\nแล้วมึงก็ดันมาซื้อกล่องสุดท้าย ไปซะงั้น
B01-0965	บท 1 พากย์ · speech_list_judge_main_c01	? (ช)	รับไม่ได้เลยว่ะ ใช่ไหมพวกมึง?
B01-0966	บท 1 พากย์ · speech_list_judge_main_c01	? (ช)	โห แย้งตรรกะแบบนั้นไม่ได้เลยจริงๆ
B01-0967	บท 1 พากย์ · speech_list_judge_main_c01	? (ช)	พูดไรนะ ไอ้เก่งเกิน!?
B01-0968	บท 1 พากย์ · speech_list_judge_main_c01	hamura (ช)	เค็นโกะ มึงยังไม่เคยเจอ\nทาคุเพื่อนกูใช่ไหม?
B01-0969	บท 1 พากย์ · speech_list_judge_main_c01	? (ช)	เขาเป็นคนที่มึงควรรู้จักไว้นะ\nนักสืบมือฉมังเลยล่ะ
B01-0970	บท 1 พากย์ · speech_list_judge_main_c01	? (ช) [อีกแทร็ก]	นักสืบมือฉมัง\nยากามิซังเป็นคนที่น่าจับตามองเลยล่ะ
B01-0971	บท 1 พากย์ · speech_list_judge_main_c01	kengo (ช)	อือ ยินดีที่ได้รู้จักนะ!
B01-0972	บท 1 พากย์ · speech_list_judge_main_c01	? (ช)	เมื่อก่อนเจ้านายออกค่าเรียน กฎหมายให้เขา\nจนกลายเป็นทนายฝีมือดีเลยล่ะ
B01-0973	บท 1 พากย์ · speech_list_judge_main_c01	? (ช) [อีกแทร็ก]	เมื่อก่อนเจ้านายออกเงินให้เขา เรียนกฎหมาย\nจนกลายเป็นทนายฝีมือดีเลยล่ะ
B01-0974	บท 1 พากย์ · speech_list_judge_main_c01	? (ช)	แถมยังเคยช่วยฆาตกรต่อเนื่องตัวจริง\nให้พ้นผิดมาแล้วด้วยนะ
B01-0975	บท 1 พากย์ · speech_list_judge_main_c01	? (ช)	จริงดิ!? โห สุดยอดไปเลย!
B01-0976	บท 1 พากย์ · speech_list_judge_main_c01	? (ช) [อีกแทร็ก]	จริงดิ!? สุดยอดไปเลย!
B01-0977	บท 1 พากย์ · speech_list_judge_main_c01	? (ช)	ใช่ไหมล่ะ น่าเสียดายจริงๆ ที่ฝีมือ\nระดับนั้นต้องมาสูญเปล่า
B01-0978	บท 1 พากย์ · speech_list_judge_main_c01	? (ช)	แน่นอน!
B01-0979	บท 1 พากย์ · speech_list_judge_main_c01	? (ช)	แต่ฟังนี่นะ พอฆาตกรคนนั้น\nได้รับอิสรภาพ สิ่งแรกที่มันทำคืออะไรรู้ไหม?
B01-0980	บท 1 พากย์ · speech_list_judge_main_c01	? (ช) [อีกแทร็ก]	แต่ฟังนี่นะ พอมันได้อิสรภาพ\nรู้ไหมว่าฆาตกรคนนั้นทำอะไร?
B01-0981	บท 1 พากย์ · speech_list_judge_main_c01	? (ช)	แทงแฟนสาวตัวเองตายเลย!\nเชื่อไหมล่ะ!?
B01-0982	บท 1 พากย์ · speech_list_judge_main_c01	? (ช) [อีกแทร็ก]	แทงแฟนสาวตัวเองตายไปเลย\nสมกับเป็นฆาตกรจริงๆ!
B01-0983	บท 1 พากย์ · speech_list_judge_main_c01	? (ช)	โอ้... บ้าไปแล้ว
B01-0984	บท 1 พากย์ · speech_list_judge_main_c01	? (ช) [อีกแทร็ก]	นั่นมันหนักเอาเรื่องเลยนะเนี่ย...
B01-0985	บท 1 พากย์ · speech_list_judge_main_c01	? (ช)	ใช่ มันโดนโทษประหารไปเรียบร้อย\nแล้วเขาแขวนคอมันไปหรือยัง ทาคุ?
B01-0986	บท 1 พากย์ · speech_list_judge_main_c01	? (ช) [อีกแทร็ก]	ตอนนี้มันอยู่ในแดนประหารแล้ว\nแค่สงสัยเฉยๆ นะ—แขวนคอมันไปหรือยัง?
B01-0987	บท 1 พากย์ · speech_list_judge_main_c01	yagami (ช)	ยังไม่หรอกว่ะ
B01-0988	บท 1 พากย์ · speech_list_judge_main_c01	yagami (ช) [อีกแทร็ก]	...ยังไม่หรอกว่ะ
B01-0989	บท 1 พากย์ · speech_list_judge_main_c01	? (ช)	แล้วมันช้าไปได้ยังไงกันวะเนี่ย?
B01-0990	บท 1 พากย์ · speech_list_judge_main_c01	? (ช) [อีกแทร็ก]	ถ้าฉันเป็นคนคุมนะ คงจัดการไปตั้งนานแล้ว\nจริงไหมล่ะ?
B01-0991	บท 1 พากย์ · speech_list_judge_main_c01	? (ช)	นี่ นี่คือเงิน\nจากนักสืบคนนั้น
B01-0992	บท 1 พากย์ · speech_list_judge_main_c01	? (ช) [อีกแทร็ก]	อ้อ นี่ นี่คือเงิน\nจากนักสืบคนนั้น
B01-0993	บท 1 พากย์ · speech_list_judge_main_c01	? (ช)	ที่เหลือเป็นของมึง\nกูหักส่วนแบ่งของกูไปแล้ว
B01-0994	บท 1 พากย์ · speech_list_judge_main_c01	? (ช) [อีกแทร็ก]	กูหักส่วนแบ่งของกูไปแล้ว\nที่เหลือเป็นของมึง
B01-0995	บท 1 พากย์ · speech_list_judge_main_c01	? (ช)	ดี มึงเริ่มจับทาง\nเรื่องทวงหนี้ได้แล้วนี่หว่า
B01-0996	บท 1 พากย์ · speech_list_judge_main_c01	? (ช) [อีกแทร็ก]	ดี ฝีมือทวงหนี้มึงเก่งขึ้นนะ\nกำลังไปได้สวยเลย
B01-0997	บท 1 พากย์ · speech_list_judge_main_c01	? (ช)	เพราะพี่สอนแหละ
B01-0998	บท 1 พากย์ · speech_list_judge_main_c01	yagami (ช) [อีกแทร็ก]	ก็เพราะพี่นี่แหละ
B01-0999	บท 1 พากย์ · speech_list_judge_main_c01	? (ช)	เอาเถอะ ไคโตะเป็นไงบ้าง?
B01-1000	บท 1 พากย์ · speech_list_judge_main_c01	? (ช) [อีกแทร็ก]	ฮึ่ม เอาเถอะ ไคโตะเป็นไงบ้าง?
B01-1001	บท 1 พากย์ · speech_list_judge_main_c01	? (ช)	ก็สบายดี
B01-1002	บท 1 พากย์ · speech_list_judge_main_c01	? (ช)	มึงช่วยไปถามอะไรมันหน่อยได้ไหม?
B01-1003	บท 1 พากย์ · speech_list_judge_main_c01	? (ช)	มันจะอยู่แถวนี้อีกนานแค่ไหน? มันไม่ฉลาดเลยนะ\nที่จะอยู่ในเมืองนี้ต่อทั้งที่ โดนไล่ออกจากตระกูลไปแล้ว
B01-1004	บท 1 พากย์ · speech_list_judge_main_c01	? (ช) [อีกแทร็ก]	มันยังปักหลักอยู่ในเมืองนี้จริงๆ เหรอ\nทั้งที่พวกเราไล่มันออกจาก ตระกูลไปแล้ว?
B01-1005	บท 1 พากย์ · speech_list_judge_main_c01	? (ช)	แต่กูยอมทำเป็นไม่เห็นได้นะ\nเพราะเจ้านายชอบมึงมาก
B01-1006	บท 1 พากย์ · speech_list_judge_main_c01	? (ช) [อีกแทร็ก]	แต่กูก็ยังทำเป็นไม่เห็นต่อได้นะ\nเพราะเจ้านายชอบมึงมาก
B01-1007	บท 1 พากย์ · speech_list_judge_main_c01	? (ช)	พูดถึงเรื่องนั้น\nท่านมัตสึกาเนะเป็นยังไงบ้าง
B01-1008	บท 1 พากย์ · speech_list_judge_main_c01	? (ช) [อีกแทร็ก]	พูดถึงท่านมัตสึกาเนะ\nท่านเป็นยังไงบ้าง
B01-1009	บท 1 พากย์ · speech_list_judge_main_c01	? (ช)	กูว่ามันไม่ใช่เรื่องของมึงหรอกนะ
B01-1010	บท 1 พากย์ · speech_list_judge_main_c01	? (ช) [อีกแทร็ก]	...กูว่านั่นมันเรื่องของตระกูล\nไม่ใช่เรื่องของไอ้พวกนอกวงการหรอกนะ
B01-1011	บท 1 พากย์ · speech_list_judge_main_c01	? (ช)	ไปกันเถอะ
B01-1012	บท 1 พากย์ · speech_list_judge_main_c01	yagami (ช)	(ท่านกัปตันฮามุระผู้เกรียงไกร...\nยังเสียดสีไม่เปลี่ยนเหมือนเดิม)
B01-1013	บท 1 พากย์ · speech_list_judge_main_c01	? (ช)	(ยังไม่ได้ไปหาอาจารย์เก็นดะเลย\nต้องรีบแวะไปที่สำนักงานซะแล้ว)
B01-1014	บท 1 พากย์ · speech_list_judge_main_c01	? (ช)	(เดี๋ยวนะ ผมยังต้อง\nไปหาอาจารย์เก็นดะอยู่เลย)
B01-1015	บท 1 พากย์ · speech_list_judge_main_c01	yagami (ช)	ว่าแต่ ซาโอริซัง...\nมีงานอะไรให้ผมทำบ้างไหมครับ?
B01-1016	บท 1 พากย์ · speech_list_judge_main_c01	yagami (ช) [อีกแทร็ก]	เฮ้ ซาโอริซัง...\nมีงานอะไรให้ผมทำบ้างไหมครับ?
B01-1017	บท 1 พากย์ · speech_list_judge_main_c01	saori (ญ)	เปล่า
B01-1018	บท 1 พากย์ · speech_list_judge_main_c01	? (?) [อีกแทร็ก]	ไม่
B01-1019	บท 1 พากย์ · speech_list_judge_main_c01	hoshino (ช)	ผมรู้ว่ายากามิซังกำลังหางานอยู่\nแต่การขอให้คุณมาช่วยมันรู้สึกแปลกๆ ยังไงไม่รู้ครับ
B01-1020	บท 1 พากย์ · speech_list_judge_main_c01	hoshino (ช) [อีกแทร็ก]	ผมคงขอให้คุณมาทำงานให้ไม่ได้หรอกครับ ยากามิซัง!\nมันจะรู้สึกแปลกเกินไป
B01-1021	บท 1 พากย์ · speech_list_judge_main_c01	? (ช)	งั้น... มีโอกาสที่จะมีงาน\nให้ผมทำบ้างไหมครับ อาจารย์เก็นดะ?
B01-1022	บท 1 พากย์ · speech_list_judge_main_c01	? (ช) [อีกแทร็ก]	งั้น... มีงานให้ผมทำ\nบ้างไหมครับ อาจารย์เก็นดะ?
B01-1023	บท 1 พากย์ · speech_list_judge_main_c01	genda (ช)	งานเหรอ?
B01-1024	บท 1 พากย์ · speech_list_judge_main_c01	genda (ช) [อีกแทร็ก]	งานเหรอ...
B01-1025	บท 1 พากย์ · speech_list_judge_main_c01	? (ช)	นายจะทำแบบนี้กับตัวเองไปอีกนานแค่ไหน\nยากามิ นายก็รู้ว่าเมืองนี้อันตรายแค่ไหน
B01-1026	บท 1 พากย์ · speech_list_judge_main_c01	? (ช) [อีกแทร็ก]	ผมไม่ชอบเรื่องนี้เลย งานนักสืบนี่มันใช่สิ่งที่นาย\nอยากทำจริงๆ เหรอ นายก็รู้ว่าเมืองนี้มันอันตราย
B01-1027	บท 1 พากย์ · speech_list_judge_main_c01	? (ช)	ถ้าคามุโรโจเป็นเมืองปลอดภัย\nผมก็คงไม่มีคดีให้ทำหรอกครับ
B01-1028	บท 1 พากย์ · speech_list_judge_main_c01	? (ช) [อีกแทร็ก]	ถ้ามันไม่อันตราย\nผมก็คงไม่มีคดีให้ทำหรอกครับ
B01-1029	บท 1 พากย์ · speech_list_judge_main_c01	? (ช)	อือ คดีอย่างเช่นไปทวงหนี้\nให้ยากูซ่างั้นเหรอ?
B01-1030	บท 1 พากย์ · speech_list_judge_main_c01	? (ช) [อีกแทร็ก]	คดีอย่างการทวงหนี้\nให้ยากูซ่างั้นเหรอ?
B01-1031	บท 1 พากย์ · speech_list_judge_main_c01	? (ช)	ก็ยังดีกว่าไม่มีงาน\nทำเลยนะครับ ว่าไหม?
B01-1032	บท 1 พากย์ · speech_list_judge_main_c01	? (ช) [อีกแทร็ก]	ก็ยังดีกว่าไม่มีงานทำ\nเลยนะครับ
B01-1033	บท 1 พากย์ · speech_list_judge_main_c01	? (ช)	นายเรียกนั่นว่างานนักสืบเหรอ?\nนายแทบจะเป็นทหารรับจ้างอยู่แล้วนะ
B01-1034	บท 1 พากย์ · speech_list_judge_main_c01	? (ช) [อีกแทร็ก]	นั่นมันไม่เหมือนงานนักสืบเอกชนเลยนะ...\nดูเหมือนทหารรับจ้างมากกว่า
B01-1035	บท 1 พากย์ · speech_list_judge_main_c01	? (ช)	ผมโอเคนะครับ ยังไงผมก็ไม่ได้ยึดติด\nกับการเป็นนักสืบขนาดนั้นอยู่แล้ว
B01-1036	บท 1 พากย์ · speech_list_judge_main_c01	? (ช) [อีกแทร็ก]	ยังไงผมก็ไม่เคยยึดติด\nกับการเป็นนักสืบขนาดนั้นอยู่แล้วครับ
B01-1037	บท 1 พากย์ · speech_list_judge_main_c01	? (ช)	ฟังนะ ยากามิ
B01-1038	บท 1 พากย์ · speech_list_judge_main_c01	? (ช) [อีกแทร็ก]	...นี่ ยากามิ
B01-1039	บท 1 พากย์ · speech_list_judge_main_c01	kaito (ช)	ว่าไง?
B01-1040	บท 1 พากย์ · speech_list_judge_main_c01	? (ช)	นายเคยคิดจะกลับไปเป็น\nทนายอีกครั้งบ้างไหม?
B01-1041	บท 1 พากย์ · speech_list_judge_main_c01	? (ช)	ไม่เคยเลยครับ
B01-1042	บท 1 พากย์ · speech_list_judge_main_c01	? (ช)	ทำไมล่ะ?
B01-1043	บท 1 พากย์ · speech_list_judge_main_c01	? (ช)	ลองมองผมดีๆ สิครับ อาจารย์เก็นดะ
B01-1044	บท 1 พากย์ · speech_list_judge_main_c01	? (ช) [อีกแทร็ก]	...ลองดูเองสิครับ\nมองตาผมสิ
B01-1045	บท 1 พากย์ · speech_list_judge_main_c01	? (ช)	ดวงตาคู่นี้มันตัดสินคนได้ไม่ แม่นเท่าไหร่หรอกครับ\nผมคิดว่าผมพิสูจน์เรื่องนั้น ชัดเจนไปแล้วเมื่อสามปีก่อน
B01-1046	บท 1 พากย์ · speech_list_judge_main_c01	? (ช) [อีกแทร็ก]	ตาแบบนี้มองอะไรไม่ค่อยออกหรอกครับ\nแยกไม่ออกด้วยซ้ำว่าใคร บริสุทธิ์หรือใครคือฆาตกร
B01-1047	บท 1 พากย์ · speech_list_judge_main_c01	? (ช)	จะเป็นทนายไปทำไม\nถ้าแยกไม่ออกว่าใครดีใครเลว?
B01-1048	บท 1 พากย์ · speech_list_judge_main_c01	? (ช)	พอได้แล้ว ยากามิ\nเลิกโทษตัวเองซะที
B01-1049	บท 1 พากย์ · speech_list_judge_main_c01	? (ช) [อีกแทร็ก]	มันผ่านมาสามปีแล้วนะ\nนายจะมาโทษตัวเองเรื่องนี้ต่อไป ไม่ได้หรอก
B01-1050	บท 1 พากย์ · speech_list_judge_main_c01	? (ช)	เรื่องที่เกิดกับเอมิมันน่าเศร้าจริง\nแต่มันไม่ใช่ความผิดของนายเลยนะ
B01-1051	บท 1 พากย์ · speech_list_judge_main_c01	? (ช) [อีกแทร็ก]	มันเป็น...โศกนาฏกรรมก็จริง แต่มันไม่ได้เกิดขึ้น\nเพราะนายหรอก หน้าที่นายคือแก้ต่างให้เขาต่างหาก
B01-1052	บท 1 พากย์ · speech_list_judge_main_c01	? (ช)	มันไม่สำคัญหรอกครับว่าเป็นความผิดใคร\nผมแค่ไม่อยากเจอเรื่องแบบนั้นอีกเลย
B01-1053	บท 1 พากย์ · speech_list_judge_main_c01	? (ช) [อีกแทร็ก]	มันไม่สำคัญหรอกครับว่าเป็นความผิดใคร\nผมแค่... ไม่อยากให้มันเกิดขึ้นอีก
B01-1054	บท 1 พากย์ · speech_list_judge_main_c01	? (ช)	งั้น... มีงานให้ผมทำบ้างไหมครับ?
B01-1055	บท 1 พากย์ · speech_list_judge_main_c01	? (ช) [อีกแทร็ก]	...งั้นไม่มีงานเลยเหรอครับ อาจารย์เก็นดะ?
B01-1056	บท 1 พากย์ · speech_list_judge_main_c01	? (ช)	คนเราก็ต้องมีอะไรทำน่ะครับ\nจะได้ไม่ต้องมานั่งคิดเรื่อง เอมิจังอะไรพวกนั้น
B01-1057	บท 1 พากย์ · speech_list_judge_main_c01	? (ช) [อีกแทร็ก]	ผมนั่งเฉยๆ คิดถึงอดีตไม่ได้หรอกครับ\nมันจะทำให้ผมเริ่มคิดถึงเอมิจัง แล้วก็...
B01-1058	บท 1 พากย์ · speech_list_judge_main_c01	? (ช)	อะไรก็ได้ครับ\nขอแค่... มีอะไรให้ผมทำบ้างก็พอ
B01-1059	บท 1 พากย์ · speech_list_judge_main_c01	? (ช) [อีกแทร็ก]	ขอร้องละครับ ให้งานอะไรผมก็ได้\nจะเป็นอะไรก็ไม่สนใจแล้ว
B01-1060	บท 1 พากย์ · speech_list_judge_main_c01	? (ช)	งั้นคดีหย่าร้างล่ะเป็นไง?\nมีหลักฐานที่ต้องไปเก็บรวบรวมอยู่
B01-1061	บท 1 พากย์ · speech_list_judge_main_c01	? (ช) [อีกแทร็ก]	...อยากไปเก็บหลักฐาน\nคดีหย่าไหม?
B01-1062	บท 1 พากย์ · speech_list_judge_main_c01	? (ช)	แบบเดิมนั่นแหละ ไปดักหน้าโรงแรมม่านรูด\nถ่ายรูปเก็บหลักฐาน สะกดรอยตามผู้ชาย แล้วก็ค้นขยะดู เอาไหมล่ะ?
B01-1063	บท 1 พากย์ · speech_list_judge_main_c01	? (ช) [อีกแทร็ก]	แบบเดิม ไปดักหน้าโรงแรมม่านรูด ถ่ายรูปเก็บหลักฐาน\nสะกดรอยตามผู้ชาย แล้วก็ค้นขยะดู เอาไหมล่ะ?
B01-1064	บท 1 พากย์ · speech_list_judge_main_c01	? (ช)	ผมรับ งานก็คืองาน
B01-1065	บท 1 พากย์ · speech_list_judge_main_c01	? (ช)	ยอมแล้ว\nเดี๋ยวส่งรายละเอียดไปให้ทีหลัง
B01-1066	บท 1 พากย์ · speech_list_judge_main_c01	? (ช) [อีกแทร็ก]	ยอมแล้ว เดี๋ยวส่งรายละเอียดไปให้ทีหลัง
B01-1067	บท 1 พากย์ · speech_list_judge_main_c01	? (ช)	แล้วครั้งหน้าอย่าเอาของฝากมาอีกนะ\nรับจากคนที่จนจะจ่ายค่าจ้างไม่ ไหวแล้วมันรู้สึกไม่ดี
B01-1068	บท 1 พากย์ · speech_list_judge_main_c01	? (ช) [อีกแทร็ก]	แล้วครั้งหน้าอย่าเอาของฝากมาอีกนะ\nนายเองก็จนจะจ่ายไม่ไหวอยู่แล้ว
B01-1069	บท 1 พากย์ · speech_list_judge_main_c01	? (ช)	ก็ตามนั้น
B01-1070	บท 1 พากย์ · speech_list_judge_main_c01	yagami (ช) [อีกแทร็ก]	ได้
B01-1071	บท 1 พากย์ · speech_list_judge_main_c01	saori (ญ)	สำนักงานกฎหมายเก็นดะค่ะ
B01-1072	บท 1 พากย์ · speech_list_judge_main_c01	? (ญ)	ค่ะ ค่ะ ...ได้ค่ะ
B01-1073	บท 1 พากย์ · speech_list_judge_main_c01	? (ญ) [อีกแทร็ก]	ค่ะ ค่ะ เขาอยู่ค่ะ...ได้ค่ะ
B01-1074	บท 1 พากย์ · speech_list_judge_main_c01	? (ญ)	ยากามิซังค่ะ\nเมื่อกี้อาจารย์ชินทานิโทรมา
B01-1075	บท 1 พากย์ · speech_list_judge_main_c01	? (ญ) [อีกแทร็ก]	ยากามิซังค่ะ เมื่อกี้อาจารย์ชินทานิโทรมา
B01-1076	บท 1 พากย์ · speech_list_judge_main_c01	? (ญ)	ดูเหมือนเขาอยากให้คุณช่วยเก็บหลักฐาน\nคดีฆาตกรรมค่ะ
B01-1077	บท 1 พากย์ · speech_list_judge_main_c01	? (ญ) [อีกแทร็ก]	ดูเหมือนเขาอยากให้คุณช่วยเก็บ หลักฐานค่ะ\nเป็นคดีฆาตกรรม
B01-1078	บท 1 พากย์ · speech_list_judge_main_c01	? (ช) [อีกแทร็ก]	คดีฆาตกรรม?
B01-1079	บท 1 พากย์ · speech_list_judge_main_c01	genda (ช)	ตั้งแต่เมื่อไหร่กันที่เรารับ คดีฆาตกรรม?
B01-1080	บท 1 พากย์ · speech_list_judge_main_c01	genda (ช) [อีกแทร็ก]	เดี๋ยวนะ ว่าไงนะ? เรารับคดีฆาตกรรม\nตั้งแต่เมื่อไหร่กัน?
B01-1081	บท 1 พากย์ · speech_list_judge_main_c01	? (ญ)	ฉันก็เพิ่งได้ยินเป็นครั้งแรก เหมือนกันค่ะ
B01-1082	บท 1 พากย์ · speech_list_judge_main_c01	? (ญ) [อีกแทร็ก]	ไม่ค่ะ ฉันก็เพิ่งได้ยิน\nเป็นครั้งแรกเหมือนกัน
B01-1083	บท 1 พากย์ · speech_list_judge_main_c01	? (ช)	ไปช่วยชินทานิเถอะ ยากามิ คดีหย่าที่จะให้นาย\nไปทำนั่นพับไปเลย
B01-1084	บท 1 พากย์ · speech_list_judge_main_c01	? (ช) [อีกแทร็ก]	ยากามิ...ลืมเรื่องคดีหย่าไปได้เลย\nไปช่วยชินทานิดีกว่า
B01-1085	บท 1 พากย์ · speech_list_judge_main_c01	? (ช)	ไม่ได้รับคดีฆาตกรรมมาตั้งหลายปีแล้ว
B01-1086	บท 1 พากย์ · speech_list_judge_main_c01	? (ช) [อีกแทร็ก]	ไม่ได้รับคดีฆาตกรรม\nมาสามปีแล้ว
B01-1087	บท 1 พากย์ · speech_list_judge_main_c01	? (ญ)	อาจารย์ชินทานิบอกว่าเขารอคุณ อยู่ที่เทนเดอร์ค่ะ\nบาร์บนถนนไทเฮ
B01-1088	บท 1 พากย์ · speech_list_judge_main_c01	? (ญ) [อีกแทร็ก]	อาจารย์ชินทานิบอกว่าเขารอคุณ อยู่ที่บาร์\nบนถนนไทเฮค่ะ รู้จักที่ไหมคะ
B01-1089	บท 1 พากย์ · speech_list_judge_main_c01	? (ช)	เทนเดอร์เหรอ ผมไปเป็นประจำอยู่แล้ว
B01-1090	บท 1 พากย์ · speech_list_judge_main_c01	? (ช) [อีกแทร็ก]	บาร์บนถนนไทเฮ...? เทนเดอร์เหรอ?
B01-1091	บท 1 พากย์ · speech_list_judge_main_c01	? (ญ)	แค่ถามให้ชัวร์ค่ะ
B01-1092	บท 1 พากย์ · speech_list_judge_main_c01	? (ญ) [อีกแทร็ก]	ใช่เลยค่ะ "บาร์เทนเดอร์"
B01-1093	บท 1 พากย์ · speech_list_judge_main_c01	yagami (ช)	บาร์เทนเดอร์ ผมได้งานแรก\nที่นี่เมื่อยี่สิบปีก่อน
B01-1094	บท 1 พากย์ · speech_list_judge_main_c01	yagami (ช) [อีกแทร็ก]	บาร์เทนเดอร์ ยี่สิบปีก่อน ที่นี่คือที่ที่\nผมได้งานแรกในคามุโรโจ
B01-1095	บท 1 พากย์ · speech_list_judge_main_c01	? (ช)	คุณมาสุดะไม่เปลี่ยนไปเลยจริงๆ\nคงเป็นเพราะทำบาร์ถึงดูอ่อนวัยแบบนี้
B01-1096	บท 1 พากย์ · speech_list_judge_main_c01	? (ช) [อีกแทร็ก]	คุณมาสุดะยังดูเหมือนเดิมไม่ เปลี่ยนเลย\nคงเป็นเพราะทำบาร์นี่แหละถึงดูอ่อนวัย
B01-1097	บท 1 พากย์ · speech_list_judge_main_c01	tender_master (ช)	เฮ้ ทาคุ\nอาจารย์ชินทานิอยู่ข้างในนะครับ
B01-1098	บท 1 พากย์ · speech_list_judge_main_c01	tender_master (ช) [อีกแทร็ก]	เฮ้ ทาคุ อาจารย์ชินทานิอยู่ข้างในนะครับ
B01-1099	บท 1 พากย์ · speech_list_judge_main_c01	? (ช)	ดีเลย มีเรื่องต้องคุยกันพอดี
B01-1100	บท 1 พากย์ · speech_list_judge_main_c01	mari (ญ)	แปลกใจที่เจอฉันล่ะสิ?
B01-1101	บท 1 พากย์ · speech_list_judge_main_c01	? (ช)	ผมสิต้องแปลกใจกว่า ถ้าไม่ได้เจอ
B01-1102	บท 1 พากย์ · speech_list_judge_main_c01	? (ช) [อีกแทร็ก]	ผมสิต้องแปลกใจกว่า ถ้ามาริ\nไม่อยู่ตรงนี้
B01-1103	บท 1 พากย์ · speech_list_judge_main_c01	? (ญ)	ใครน่ะ ทาคุ?\nเพื่อนนักสืบเหรอ?
B01-1104	บท 1 พากย์ · speech_list_judge_main_c01	? (ญ) [อีกแทร็ก]	ใครน่ะ ทาคุ? เพื่อนนักสืบเหรอ?
B01-1105	บท 1 พากย์ · speech_list_judge_main_c01	? (ช)	ไม่เชิงหรอก มาริ\nคนนี้เป็นลูกความน่ะ
B01-1106	บท 1 พากย์ · speech_list_judge_main_c01	? (ช) [อีกแทร็ก]	ไม่เชิงหรอก เขาเป็นลูกความน่ะ
B01-1107	บท 1 พากย์ · speech_list_judge_main_c01	shintani (ช)	จะไม่ได้เป็นลูกความแกอีกต่อไปหรอกนะ ถ้า\nไม่มาตรงเวลา สายนะเนี่ย
B01-1108	บท 1 พากย์ · speech_list_judge_main_c01	shintani (ช) [อีกแทร็ก]	ถ้าจะมาทำงานให้ฉัน\nก็ต้องมาให้ตรงเวลาสิ สายนะเนี่ย
B01-1109	บท 1 พากย์ · speech_list_judge_main_c01	? (ช)	ก็ชินทานิเรียกผมมาแบบไม่ทันตั้งตัว\nใจเย็นๆ หน่อยสิ
B01-1110	บท 1 พากย์ · speech_list_judge_main_c01	? (ช) [อีกแทร็ก]	ชินทานิเรียกผมมาแบบไม่ทัน ตั้งตัวเลยนะ\nจะรุ่นพี่หรือไม่ ก็ไม่มีสิทธิ์บ่นหรอก
B01-1111	บท 1 พากย์ · speech_list_judge_main_c01	? (ช)	อ้อ แล้วผมขอเครื่องดื่มด้วยนะ
B01-1112	บท 1 พากย์ · speech_list_judge_main_c01	? (ช)	แล้วฉันเป็นคนจ่ายเหรอ?
B01-1113	บท 1 พากย์ · speech_list_judge_main_c01	? (ช)	ถือว่าเป็นค่าใช้จ่ายทำธุรกิจแล้วกัน
B01-1114	บท 1 พากย์ · speech_list_judge_main_c01	? (ช) [อีกแทร็ก]	บอกเก็นดะว่าเป็นค่าใช้จ่ายทำ ธุรกิจก็แล้วกัน
B01-1115	บท 1 พากย์ · speech_list_judge_main_c01	? (ช)	นี่หน้าคุ้นๆ นี่\nเคียวเฮย์ ฮามุระ จากตระกูลมัตสึกาเนะ
B01-1116	บท 1 พากย์ · speech_list_judge_main_c01	? (ช) [อีกแทร็ก]	จากตระกูลมัตสึกาเนะในสังกัด ตระกูลโทโจ\nเคียวเฮย์ ฮามุระ คิดว่าแกคงรู้จักเขานะ
B01-1117	บท 1 พากย์ · speech_list_judge_main_c01	? (ช)	จริงๆ เมื่อกี้ผมเพิ่งเจอเขามาพอดี\nเขาเป็นลูกความชินทานิเหรอ?
B01-1118	บท 1 พากย์ · speech_list_judge_main_c01	? (ช) [อีกแทร็ก]	จริงๆ ผมเพิ่งเจอเขามาพอดี\nงั้นกัปตันฮามุระ...เป็นลูกความชินทานิเหรอ?
B01-1119	บท 1 พากย์ · speech_list_judge_main_c01	? (ช)	ใช่ เขาถูกจับตัวไปเมื่อเช้านี้\nตำรวจตั้งข้อหาฆาตกรรม
B01-1120	บท 1 พากย์ · speech_list_judge_main_c01	ayabe (ช)	เอาจริงดิ?
B01-1121	บท 1 พากย์ · speech_list_judge_main_c01	? (ช)	จริง แล้วหัวหน้าตระกูลมัตสึกาเนะ\nก็มาขอให้เราช่วยว่าความให้เขา
B01-1122	บท 1 พากย์ · speech_list_judge_main_c01	? (ช) [อีกแทร็ก]	จริง แล้ว...หัวหน้าตระกูลมัตสึกาเนะ\nก็มาขอให้เราช่วยว่าความให้เขา
B01-1123	บท 1 พากย์ · speech_list_judge_main_c01	? (ช)	อาจารย์เก็นดะเป็นคนที่เขาพึ่งพา\nทุกเรื่องด้านกฎหมายอยู่แล้วนี่นา
B01-1124	บท 1 พากย์ · speech_list_judge_main_c01	? (ช) [อีกแทร็ก]	ก็แหงล่ะ อาจารย์เก็นดะเป็นคนที่เขาพึ่งพา\nทุกเรื่องด้านกฎหมายอยู่แล้วนี่นา
B01-1125	บท 1 พากย์ · speech_list_judge_main_c01	? (ช)	แล้วชินทานิมาเป็นคนคุมเรื่องนี้\nได้ยังไง?
B01-1126	บท 1 พากย์ · speech_list_judge_main_c01	? (ช) [อีกแทร็ก]	แล้วชินทานิมาเป็นคนคุม\nเรื่องนี้ได้ยังไง?
B01-1127	บท 1 พากย์ · speech_list_judge_main_c01	? (ช)	...อาจารย์เก็นดะให้นามบัตรฉันไปน่ะ
B01-1128	บท 1 พากย์ · speech_list_judge_main_c01	? (ช) [อีกแทร็ก]	...ก็เพราะอาจารย์เก็นดะนี่แหละ ให้นามบัตรฉันไป\nแนะนำฉันให้เขา...
B01-1129	บท 1 พากย์ · speech_list_judge_main_c01	? (ช)	บอกตรงๆ ว่าไม่ค่อยอยากรับ\nว่าความให้ยากูซ่าเท่าไหร่หรอก
B01-1130	บท 1 พากย์ · speech_list_judge_main_c01	? (ช) [อีกแทร็ก]	บอกตรงๆ ว่าฉันไม่ค่อยอยากรับ\nว่าความให้ยากูซ่าเลย
B01-1131	บท 1 พากย์ · speech_list_judge_main_c01	? (ช)	ก็ซวยไปแล้วกันนะ
B01-1132	บท 1 พากย์ · speech_list_judge_main_c01	? (ช)	เอาเถอะ แกไปสถานีตำรวจกับฉันด้วยนะ\nต้องไปคุยกับฮามุระหน่อย
B01-1133	บท 1 พากย์ · speech_list_judge_main_c01	? (ช) [อีกแทร็ก]	ฉันจะไปคุยกับฮามุระที่สถานีตำรวจ\nแกไปด้วยกันเถอะ
B01-1134	บท 1 พากย์ · speech_list_judge_main_c01	? (ช)	ยังไงแกก็มีประสบการณ์เรื่องยากูซ่า\nมากกว่าฉันเยอะ
B01-1135	บท 1 พากย์ · speech_list_judge_main_c01	? (ช) [อีกแทร็ก]	ยังไงแกก็เป็นผู้เชี่ยวชาญ เรื่องยากูซ่านี่นา
B01-1136	บท 1 พากย์ · speech_list_judge_main_c01	? (ช)	ก็คงงั้น
B01-1137	บท 1 พากย์ · speech_list_judge_main_c01	? (ช) [อีกแทร็ก]	...ก็แหละมั้ง
B01-1138	บท 1 พากย์ · speech_list_judge_main_c01	? (ช)	เดี๋ยวเล่าเรื่องคดีให้ฟังก่อนแล้วกัน
B01-1139	บท 1 พากย์ · speech_list_judge_main_c01	? (ช) [อีกแทร็ก]	เดี๋ยวเล่าเรื่องคดี\nให้ฟังก่อนแล้วกัน
B01-1140	บท 1 พากย์ · speech_list_judge_main_c01	? (ช)	เหยื่อเป็นยากูซ่า\nคนคันไซ สังกัดตระกูลเคียวเรอิ
B01-1141	บท 1 พากย์ · speech_list_judge_main_c01	? (ช) [อีกแทร็ก]	เหยื่อเป็นยากูซ่า\nคนคันไซจากตระกูลเคียวเรอิ
B01-1142	บท 1 พากย์ · speech_list_judge_main_c01	? (ช)	มีคนเจอศพเขาถูกทิ้ง\nในถังขยะเมื่อประมาณอาทิตย์ก่อน
B01-1143	บท 1 พากย์ · speech_list_judge_main_c01	? (ช) [อีกแทร็ก]	เมื่ออาทิตย์ก่อน มีคนเจอศพเขา\nถูกทิ้งในถังขยะที่คามุโรโจ
B01-1144	บท 1 พากย์ · speech_list_judge_main_c01	? (ช)	เดี๋ยวนะ นี่มัน...
B01-1145	บท 1 พากย์ · speech_list_judge_main_c01	? (ช)	คนที่ถูกควักลูกตาน่ะเหรอ ใช่แล้ว
B01-1146	บท 1 พากย์ · speech_list_judge_main_c01	? (ช) [อีกแทร็ก]	ใช่ คนที่ถูกควักลูกตา...\nเขาคือเหยื่อของเรา
B01-1147	บท 1 พากย์ · speech_list_judge_main_c01	? (ช)	ตำรวจคิดว่าฮามุระเป็นคนก่อเหตุ
B01-1148	บท 1 พากย์ · speech_list_judge_main_c01	? (ช) [อีกแทร็ก]	ตำรวจคิดว่าฮามุระ\nเป็นคนก่อเหตุ
B01-1149	บท 1 พากย์ · speech_list_judge_main_c01	? (ช)	คดีเข้มข้นเลยนะเนี่ย
B01-1150	บท 1 พากย์ · speech_list_judge_main_c01	? (ช) [อีกแทร็ก]	คดีหนักเลยนะ
B01-1151	บท 1 พากย์ · speech_list_judge_main_c01	? (ช)	นี่เป็นยากูซ่ารายที่สามที่เจอ ศพแบบนี้แล้ว
B01-1152	บท 1 พากย์ · speech_list_judge_main_c01	? (ช) [อีกแทร็ก]	นี่เป็นยากูซ่ารายที่สาม\nที่เจอศพแบบนี้แล้วด้วย
B01-1153	บท 1 พากย์ · speech_list_judge_main_c01	? (ช)	โชคดีที่ยังไม่มีใครมองว่า เป็นคดีฆาตกรรม\nสามศพต่อเนื่อง สื่อเลยยังไม่ถล่มมาที่นี่
B01-1154	บท 1 พากย์ · speech_list_judge_main_c01	? (ช) [อีกแทร็ก]	แต่ตำรวจยังไม่มองว่าเป็นคดี ฆาตกรรมต่อเนื่องนะ\nมีปัญหาบางอย่างอยู่
B01-1155	บท 1 พากย์ · speech_list_judge_main_c01	? (ช)	ฮามุระมีพยานที่อยู่\nสำหรับสองศพแรก
B01-1156	บท 1 พากย์ · speech_list_judge_main_c01	? (ช)	มีแค่ศพที่สามนี้เท่านั้น\nที่ตำรวจปักใจเชื่อว่าเป็นฝีมือเขา
B01-1157	บท 1 พากย์ · speech_list_judge_main_c01	? (ช) [อีกแทร็ก]	เพราะงั้นมีแค่ศพที่สามที่โยงเขาได้\nตำรวจเลยปักใจเชื่อแค่คดีนี้
B01-1158	บท 1 พากย์ · speech_list_judge_main_c01	? (ช)	แปลว่าตำรวจไม่ยอมรับว่าคดี เชื่อมโยงกันเหรอ?
B01-1159	บท 1 พากย์ · speech_list_judge_main_c01	? (ช) [อีกแทร็ก]	ตำรวจไม่ยอมรับว่า\nคดีเชื่อมโยงกันเหรอ?
B01-1160	บท 1 พากย์ · speech_list_judge_main_c01	? (ช)	ไม่ยอมรับ ก็เข้าใจได้นะ มีศพตั้งสามแต่จับผู้ต้องสงสัย\nไม่ได้สักคน มันดูไม่ดีต่อความน่าเชื่อถือของตำรวจ
B01-1161	บท 1 พากย์ · speech_list_judge_main_c01	? (ช) [อีกแทร็ก]	ไม่ยอมรับ มีศพตั้งสามแต่จับผู้ต้องสงสัย ไม่ได้เลย\nมันไม่ช่วยเรื่อง ความน่าเชื่อถือของตำรวจสักนิด
B01-1162	บท 1 พากย์ · speech_list_judge_main_c01	? (ช)	คงแค่อยากปิดคดีนี้\nแล้วก็ผ่านมันไป ต่อให้ต้องยัดข้อหาก็ตาม
B01-1163	บท 1 พากย์ · speech_list_judge_main_c01	? (ช) [อีกแทร็ก]	ตำรวจแค่อยากปิดคดี\nต่อให้ต้องยัดข้อหาก็ตาม
B01-1164	บท 1 พากย์ · speech_list_judge_main_c01	? (ช)	แล้วก็เหยื่อเป็นยากูซ่าด้วยนะ\nไม่มีใครสนใจหรอกว่าใครจะรับผิด
B01-1165	บท 1 พากย์ · speech_list_judge_main_c01	? (ช) [อีกแทร็ก]	ยังไงเหยื่อก็เป็นยากูซ่าอยู่แล้ว\nไม่มีใครสนใจหรอกว่าใครฆ่าเขา
B01-1166	บท 1 พากย์ · speech_list_judge_main_c01	? (ช)	แล้วทำไมถึงไปเล่นงานฮามุระล่ะ?
B01-1167	บท 1 พากย์ · speech_list_judge_main_c01	? (ช) [อีกแทร็ก]	ทำไมถึงไปเล่นงาน\nฮามุระล่ะ?
B01-1168	บท 1 พากย์ · speech_list_judge_main_c01	? (ช)	สองเหตุผล
B01-1169	บท 1 พากย์ · speech_list_judge_main_c01	? (ช)	อย่างแรก เหยื่อเป็นยากูซ่าคันไซจากกลุ่ม ที่กำลัง\nขยายอิทธิพลเข้ามาในคามุโรโจ แถมยังหาเรื่องตระกูลโทโจไปด้วย
B01-1170	บท 1 พากย์ · speech_list_judge_main_c01	? (ช)	มีโอกาสสูงว่าเป็นฝีมือคน ของโทโจที่อยากส่งสัญญาณเตือน\nและอย่างที่แกรู้ ฮามุระเข้าเกณฑ์นั้นพอดี
B01-1171	บท 1 พากย์ · speech_list_judge_main_c01	? (ช) [อีกแทร็ก]	มีโอกาสสูงว่าเป็นยากูซ่าโทโจ ที่อยากส่งสัญญาณเตือน\nและก็...ฮามุระเข้าเกณฑ์นั้นพอดี
B01-1172	บท 1 พากย์ · speech_list_judge_main_c01	? (ช)	แล้วอีกเหตุผลล่ะ?
B01-1173	บท 1 พากย์ · speech_list_judge_main_c01	? (ช)	มีคนเห็นฮามุระกับเหยื่อทะเลาะกัน\nในวันเกิดเหตุ
B01-1174	บท 1 พากย์ · speech_list_judge_main_c01	? (ช) [อีกแทร็ก]	ในวันเกิดเหตุ กล้องวงจรปิดจับภาพ\nฮามุระกับเหยื่อกำลังทะเลาะกันไว้ได้
B01-1175	บท 1 พากย์ · speech_list_judge_main_c01	? (ช)	งั้นคงมีภาพจาก\nกล้องวงจรปิดสินะ...
B01-1176	บท 1 พากย์ · speech_list_judge_main_c01	? (ช) [อีกแทร็ก]	งั้นตำรวจคิดว่าทั้งคู่\nทะเลาะกันมาก่อนสินะ...
B01-1177	บท 1 พากย์ · speech_list_judge_main_c01	? (ช)	ชินทานิคิดว่าฮามุระฆ่าเขาจริงๆ ไหม?\nแค่อยากรู้น่ะ
B01-1178	บท 1 พากย์ · speech_list_judge_main_c01	? (ช) [อีกแทร็ก]	ชินทานิคิดว่าฮามุระฆ่าเขาจริงๆ ไหม?\nส่วนตัวคิดว่ายังไงบ้าง?
B01-1179	บท 1 พากย์ · speech_list_judge_main_c01	? (ช)	ไม่รู้เหมือนกัน แล้วก็ไม่ค่อยสนด้วย
B01-1180	บท 1 พากย์ · speech_list_judge_main_c01	? (?) [อีกแทร็ก]	ส่วนตัวฉันก็ไม่รู้ ไม่สนด้วย 
B01-1181	บท 1 พากย์ · speech_list_judge_main_c01	? (ช)	ถ้าเขาบอกว่าตัวเองบริสุทธิ์\nฉันก็ต้องพิสูจน์ให้ได้ว่าเขา บริสุทธิ์ นั่นแหละหน้าที่ฉัน
B01-1182	บท 1 พากย์ · speech_list_judge_main_c01	? (ช) [อีกแทร็ก]	ถ้าเขาบอกว่าตัวเองบริสุทธิ์ ฉันก็ต้องพิสูจน์ให้ได้\nนั่นแหละหน้าที่ทนายฝ่ายจำเลย
B01-1183	บท 1 พากย์ · speech_list_judge_main_c01	? (ช)	ฮามุระพูดอะไรกับชินทานิไว้บ้างไหม?
B01-1184	บท 1 พากย์ · speech_list_judge_main_c01	? (ช) [อีกแทร็ก]	แล้วฮามุระล่ะ? เขาพูดอะไรกับชินทานิไว้บ้าง?
B01-1185	บท 1 พากย์ · speech_list_judge_main_c01	? (ช)	บอกว่าเขาไม่ได้ทำ\nอ้างว่าตำรวจปรักปรำเขา
B01-1186	บท 1 พากย์ · speech_list_judge_main_c01	? (ช) [อีกแทร็ก]	บอกว่าเขาไม่ได้ทำ\nอ้างว่าโดนปรักปรำ
B01-1187	บท 1 พากย์ · speech_list_judge_main_c01	? (ช)	งั้นเขายืนกรานว่าตัวเองบริสุทธิ์สินะ
B01-1188	บท 1 พากย์ · speech_list_judge_main_c01	? (ช)	ผมว่าผมรู้พอแล้วล่ะ\nไปที่สถานีตำรวจกันดีกว่า
B01-1189	บท 1 พากย์ · speech_list_judge_main_c01	? (ช)	แกไปก่อนเลย ฉันต้องโทรศัพท์\nอีกสองสามสายก่อน นั่งแท็กซี่ไปก็แล้วกัน
B01-1190	บท 1 พากย์ · speech_list_judge_main_c01	? (ช) [อีกแทร็ก]	แกไปก่อนเลย ฉันต้องโทรศัพท์อีกสองสามสายก่อน\nเรียกแท็กซี่แถวคามุโรโจไปน่าจะ ดีที่สุด
B01-1191	บท 1 พากย์ · speech_list_judge_main_c01	? (ช)	ได้เลย
B01-1192	บท 1 พากย์ · speech_list_judge_main_c01	yagami (ช) [อีกแทร็ก]	ตกลง
B01-1193	บท 1 พากย์ · speech_list_judge_main_c01	? (ช)	ไม่เป็นไร\nเจอกันที่สถานีตำรวจนะ
B01-1194	บท 1 พากย์ · speech_list_judge_main_c01	? (ช) [อีกแทร็ก]	ไม่มีอะไรหรอก เจอกันที่สถานีตำรวจนะ
B01-1195	บท 1 พากย์ · speech_list_judge_main_c01	genda (ช)	ชินทานิขอให้ทาคุมาช่วยโดยเฉพาะ เลยเหรอ?\nสงสัยจังว่าคดีอะไร
B01-1196	บท 1 พากย์ · speech_list_judge_main_c01	genda (ช) [อีกแทร็ก]	ชินทานิขอให้ทาคุมาช่วยโดยเฉพาะ เลยเหรอ...?\nคงเป็นคดีใหญ่แน่ๆ
B01-1197	บท 1 พากย์ · speech_list_judge_main_c01	saori (ญ)	อาจารย์ชินทานิรอทาคุ\nอยู่ที่เทนเดอร์นะ
B01-1198	บท 1 พากย์ · speech_list_judge_main_c01	saori (ญ) [อีกแทร็ก]	อาจารย์ชินทานิรอทาคุอยู่ที่ เทนเดอร์นะ
B01-1199	บท 1 พากย์ · speech_list_judge_main_c01	tender_master (ช)	จะกลับแล้วเหรอ ทาคุ?\nดื่มไปแค่แก้วเดียวเองนะ
B01-1200	บท 1 พากย์ · speech_list_judge_main_c01	tender_master (ช) [อีกแทร็ก]	จะกลับแล้วเหรอ ทาคุ?\nไม่อยู่ดื่มต่อหน่อยล่ะ?
B01-1201	บท 1 พากย์ · speech_list_judge_main_c01	yagami (ช)	จะให้พูดยังไงดี ผมเป็นคนยุ่งน่ะ
B01-1202	บท 1 พากย์ · speech_list_judge_main_c01	yagami (ช) [อีกแทร็ก]	คงงั้นแหละ
B01-1203	บท 1 พากย์ · speech_list_judge_main_c01	? (ช)	พูดงี้พอดีเลย\nลูกค้าอีกคนของฉันมีงานจะจ้าง ทาคุอยู่พอดี
B01-1204	บท 1 พากย์ · speech_list_judge_main_c01	? (ช) [อีกแทร็ก]	ที่จริงลูกค้าอีกคนของฉัน\nมีงานอยากจะจ้างทาคุอยู่พอดี...
B01-1205	บท 1 พากย์ · speech_list_judge_main_c01	? (ช)	ไว้บอกตอนที่\nทาคุไม่ยุ่งแล้วกันนะ
B01-1206	บท 1 พากย์ · speech_list_judge_main_c01	? (ช) [อีกแทร็ก]	เดี๋ยวรอตอนที่\nทาคุไม่ยุ่งก็ได้
B01-1207	บท 1 พากย์ · speech_list_judge_main_c01	? (ช)	เฮ้ ผมไม่มีทางปล่อยงานที่ได้เงิน หลุดมือไปหรอกนะ
B01-1208	บท 1 พากย์ · speech_list_judge_main_c01	? (ช) [อีกแทร็ก]	ผมไม่มีทาง\nปล่อยงานที่ได้เงินหลุดมือไปหรอก
B01-1209	บท 1 พากย์ · speech_list_judge_main_c01	? (ช)	งั้นกลับมาใหม่ตอนที่ทาคุ\nคุยกับอาจารย์ชินทานิเสร็จแล้วนะ
B01-1210	บท 1 พากย์ · speech_list_judge_main_c01	? (ช) [อีกแทร็ก]	งั้นกลับมาใหม่ตอนที่\nทาคุจัดการเรื่องนี้เสร็จนะ
B01-1211	บท 1 พากย์ · speech_list_judge_main_c01	shintani (ช)	ต้องการอะไรหรือคะ?
B01-1212	บท 1 พากย์ · speech_list_judge_main_c01	? (ช)	ลูกค้าอีกคนของฉันมีงานจะจ้างทาคุนะ\nกลับมาใหม่ตอนที่คุยกับ อาจารย์ชินทานิเสร็จแล้วก็ได้
B01-1213	บท 1 พากย์ · speech_list_judge_main_c01	? (ช) [อีกแทร็ก]	ทาคุ ลูกค้าคนหนึ่งของฉันมีงานจะจ้างนะ\nกลับมาใหม่ตอนที่คุยกันเสร็จก็แล้วกัน
B01-1214	บท 1 พากย์ · speech_list_judge_main_c01	hamura (ช)	คืนนี้เจอกันบ่อยจังนะ\nไอ้ทาคุ ทำหน้าบูดทำไม?
B01-1215	บท 1 พากย์ · speech_list_judge_main_c01	hamura (ช) [อีกแทร็ก]	โย่ คืนนี้อากาศดีเชียวนะ\nไอ้ทาคุ...รับมุกไม่ได้เหรอ?
B01-1216	บท 1 พากย์ · speech_list_judge_main_c01	shintani (ช)	คุณฮามุระครับ
B01-1217	บท 1 พากย์ · speech_list_judge_main_c01	? (ช)	ผมชินทานิ จากสำนักงานกฎหมายเก็นดะ\nตระกูลมัตสึกาเนะขอให้เรารับ ว่าความให้คุณ
B01-1218	บท 1 พากย์ · speech_list_judge_main_c01	? (ช) [อีกแทร็ก]	ผม เอ่อ...ผมชื่อชินทานิ จากสำนักงานกฎหมายเก็นดะ\nตระกูลมัตสึกาเนะขอให้ผมรับ ว่าความให้คุณ
B01-1219	บท 1 พากย์ · speech_list_judge_main_c01	? (ช)	งั้นก็ดีใจที่อาจารย์ชินทานิตอบตกลงนะ
B01-1220	บท 1 พากย์ · speech_list_judge_main_c01	? (ช) [อีกแทร็ก]	ฮึ โชคดีของกูที่อาจารย์ชินทานิ\nยอมรับปาก
B01-1221	บท 1 พากย์ · speech_list_judge_main_c01	? (ช)	เราสองคนคงเข้ากันได้ดี\nเหมือนหัวหน้ากูกับ อาจารย์เก็นดะนั่นแหละ
B01-1222	บท 1 พากย์ · speech_list_judge_main_c01	? (ช)	เอ่อ...ครับ
B01-1223	บท 1 พากย์ · speech_list_judge_main_c01	? (ช) [อีกแทร็ก]	อ่า...ครับ
B01-1224	บท 1 พากย์ · speech_list_judge_main_c01	? (ช)	เอาล่ะ เริ่มกันเลยดีกว่า ผมจะเป็นคนนำในการว่าความ\nส่วนยากามินี่จะเป็นคนลงพื้นที่ หาหลักฐานมายืนยันคำให้การของ คุณ
B01-1225	บท 1 พากย์ · speech_list_judge_main_c01	? (ช) [อีกแทร็ก]	เอาล่ะ เข้าเรื่องข้อเท็จจริงของคดีกัน เลยดีกว่า...\nผมจะเป็นคนนำการว่าความ ส่วนยากามินี่จะลงพื้นที่หาหลักฐานให้
B01-1226	บท 1 พากย์ · speech_list_judge_main_c01	? (ช)	ไม่มีใครเหมาะไปกว่านี้แล้วล่ะ
B01-1227	บท 1 พากย์ · speech_list_judge_main_c01	? (ช)	ผมจะทำเท่าที่ทำได้
B01-1228	บท 1 พากย์ · speech_list_judge_main_c01	? (ช) [อีกแทร็ก]	ผมจะทำทุกอย่างเท่าที่ทำได้
B01-1229	บท 1 พากย์ · speech_list_judge_main_c01	? (?)	เอาล่ะ พวกเขาจับคุณมาในฐานะ ผู้ต้องสงสัยคดีฆาตกรรม\nช่วยเล่าเรื่องนี้ให้ฟังหน่อย ได้ไหมครับ 
B01-1230	บท 1 พากย์ · speech_list_judge_main_c01	? (?) [อีกแทร็ก]	เอ่อ ทีนี้ พวกเขาจับคุณมาในฐานะ ผู้ต้องสงสัยคดีฆาตกรรม...\nงั้น...ช่วยเล่าให้ฟังหน่อยได้ไหมครับ 
B01-1231	บท 1 พากย์ · speech_list_judge_main_c01	? (ช)	หา? อยากรู้อะไรล่ะ?
B01-1232	บท 1 พากย์ · speech_list_judge_main_c01	? (ช) [อีกแทร็ก]	เออ อยากรู้อะไรล่ะ?
B01-1233	บท 1 พากย์ · speech_list_judge_main_c01	? (ช)	อยากรู้ว่าคุณฆ่าเขาจริงหรือเปล่า
B01-1234	บท 1 พากย์ · speech_list_judge_main_c01	? (ช) [อีกแทร็ก]	ผมอยากรู้ว่าคุณฆ่าเขาจริงหรือเปล่า\nมีอะไรจะพูดไหม?
B01-1235	บท 1 พากย์ · speech_list_judge_main_c01	? (ช)	มันสำคัญด้วยเหรอ? งานของมึงคือช่วยกู\nออกจากเรื่องนี้ ไม่ว่า "ความจริง" จะเป็นยังไงก็ตาม
B01-1236	บท 1 พากย์ · speech_list_judge_main_c01	? (ช) [อีกแทร็ก]	มันสำคัญด้วยเหรอ? มึงมีหน้าที่เดียว\nคือช่วยกูรอด ไม่ว่าความจริงจะเป็นยังไง ใช่ไหมล่ะ?
B01-1237	บท 1 พากย์ · speech_list_judge_main_c01	? (ช)	สำคัญสิ เพราะถ้าผมรู้\nว่าคุณเป็นคนทำจริงๆ...
B01-1238	บท 1 พากย์ · speech_list_judge_main_c01	? (ช) [อีกแทร็ก]	อืม...ผมไม่กล้าพูดแบบนั้นหรอก\nถ้าผมรู้ว่าคุณเป็นคนทำจริงๆ...
B01-1239	บท 1 พากย์ · speech_list_judge_main_c01	? (ช)	จะทิ้งกูเหรอ?
B01-1240	บท 1 พากย์ · speech_list_judge_main_c01	? (ช) [อีกแทร็ก]	จะถอนตัวจากคดีเหรอ?
B01-1241	บท 1 พากย์ · speech_list_judge_main_c01	? (ช)	ยิ่งกว่านั้นอีก ผมจะทำให้แน่ใจว่าอัยการ\nจะเอาคุณเข้าคุกตลอดชีวิตให้ได้
B01-1242	บท 1 พากย์ · speech_list_judge_main_c01	? (ช) [อีกแทร็ก]	ไม่ ผมจะทำให้แน่ใจว่าอัยการชนะคดี\nแล้วเอาคุณเข้าคุกตลอดชีวิต
B01-1243	บท 1 พากย์ · speech_list_judge_main_c01	? (ช)	บ้าเอ๊ย!\nเหมือนที่มึงเคยทำให้ไอ้ฆาตกร ต่อเนื่องคนนั้นไง!?
B01-1244	บท 1 พากย์ · speech_list_judge_main_c01	? (ช) [อีกแทร็ก]	บ้าเอ๊ย! มึงยังยอมทำทุกทางเพื่อ\nปล่อยไอ้ฆาตกรต่อเนื่องนั่นให้ พ้นผิดเลย!
B01-1245	บท 1 พากย์ · speech_list_judge_main_c01	? (ช)	เอ่อ ยากามิ?
B01-1246	บท 1 พากย์ · speech_list_judge_main_c01	? (ช)	ตอนนั้นหลักฐานทุกอย่างชี้ว่า\nชินเป โอคุโบะบริสุทธิ์
B01-1247	บท 1 พากย์ · speech_list_judge_main_c01	? (ช) [อีกแทร็ก]	นั่นมันสามปีก่อนแล้ว ตอนนั้นหลักฐานทุกอย่าง\nชี้ว่าชินเป โอคุโบะบริสุทธิ์
B01-1248	บท 1 พากย์ · speech_list_judge_main_c01	? (ช)	ผมถึงได้เลือกที่จะเชื่อใจเขา
B01-1249	บท 1 พากย์ · speech_list_judge_main_c01	? (ช)	แต่แล้วไอ้โอคุโบะนั่นก็...
B01-1250	บท 1 พากย์ · speech_list_judge_main_c01	? (ช) [อีกแทร็ก]	แต่โอคุโบะก็ยังคง เอ่อ...
B01-1251	บท 1 พากย์ · speech_list_judge_main_c01	? (?)	ปรากฏว่าเขาพิสูจน์ให้เห็นว่า ทุกคนคิดผิด\nฆ่าแฟนตัวเองเลือดเย็นเชียว 
B01-1252	บท 1 พากย์ · speech_list_judge_main_c01	? (ช) [อีกแทร็ก]	...ฆ่าแฟนตัวเอง\nแถมยังเผาอพาร์ตเมนต์เธอทิ้งอีกด้วย
B01-1253	บท 1 พากย์ · speech_list_judge_main_c01	? (ช)	ไม่เอาน่า ไอ้ทาคุ พูดตรงๆ เถอะว่าตอนนั้น\nมึงสนใจอะไรจริงๆ กันแน่
B01-1254	บท 1 พากย์ · speech_list_judge_main_c01	? (ช) [อีกแทร็ก]	ไอ้ทาคุ...ตอนนั้นมึงอยากได้แค่คำตัดสิน "ไม่ผิด"\nไม่สนวิธีการเลยด้วยซ้ำ
B01-1255	บท 1 พากย์ · speech_list_judge_main_c01	? (ช)	มึงอยากได้คำพิพากษายกฟ้องนั่น มากจนไม่ทันคิด\nด้วยซ้ำว่ากำลังปล่อยฆาตกรออกไป ใช่ไหมล่ะ?
B01-1256	บท 1 พากย์ · speech_list_judge_main_c01	? (ช) [อีกแทร็ก]	มึงไม่เคยคิดด้วยซ้ำว่าเขาอาจจะเป็น\nคนเลวจริงๆ เป็นฆาตกร ใช่ไหมล่ะ พูดตรงๆ กันหน่อย
B01-1257	บท 1 พากย์ · speech_list_judge_main_c01	? (ช)	แล้วหลัก "สันนิษฐานไว้ก่อนว่าบริสุทธิ์"\nหายไปไหนล่ะ?
B01-1258	บท 1 พากย์ · speech_list_judge_main_c01	? (ช)	ลองไปพูดแบบนั้น\nกับพ่อแม่ของเอมิ เทราซาวะดูสิ
B01-1259	บท 1 พากย์ · speech_list_judge_main_c01	? (ช)	นั่นแหละเหตุผลที่มึงเลิกเป็น ทนายใช่ไหมล่ะ?\nเพราะไม่กล้าไปเจอหน้าพวกเขา
B01-1260	บท 1 พากย์ · speech_list_judge_main_c01	? (ช) [อีกแทร็ก]	แต่ถ้ามึงมีกึ๋นพอจะไปเจอหน้า พวกเขาได้...\nป่านนี้อาจจะยังเป็นทนายอยู่ก็ได้
B01-1261	บท 1 พากย์ · speech_list_judge_main_c01	? (ช)	เราน่าจะ\nกลับไปที่เรื่องคดีกันดีกว่าไหมครับ?
B01-1262	บท 1 พากย์ · speech_list_judge_main_c01	? (ช) [อีกแทร็ก]	เอ่อ...ผมอยากกลับไปที่เรื่องคดีนี้ มากกว่านะครับ\nได้ไหม?
B01-1263	บท 1 พากย์ · speech_list_judge_main_c01	? (ช)	ได้ ทำไมจะไม่ได้
B01-1264	บท 1 พากย์ · speech_list_judge_main_c01	? (ช) [อีกแทร็ก]	...เออ ได้
B01-1265	บท 1 พากย์ · speech_list_judge_main_c01	? (ช)	ไหวไหม?
B01-1266	บท 1 พากย์ · speech_list_judge_main_c01	yagami (ช) [อีกแทร็ก]	เป็นอะไรไหม?
B01-1267	บท 1 พากย์ · speech_list_judge_main_c01	? (ช)	<color=ｍonologue>(บ้าเอ๊ย ก็คงเป็นส่วนหนึ่ง\nของงานนี่แหละ)</color>
B01-1268	บท 1 พากย์ · speech_list_judge_main_c01	? (ช)	ผมไม่เป็นไร ไปกันต่อเถอะ
B01-1269	บท 1 พากย์ · speech_list_judge_main_c01	? (ช)	ขออภัยด้วยครับ
B01-1270	บท 1 พากย์ · speech_list_judge_main_c01	? (ช) [อีกแทร็ก]	ขออภัยเป็นอย่างสูง...
B01-1271	บท 1 พากย์ · speech_list_judge_main_c01	? (ช)	เอาล่ะ เริ่มจากเหยื่อก่อนดีกว่า โทชิโร คุเมะ\nอายุ 34 ปีตอนเสียชีวิต เป็นสมาชิกตระกูลเคียวเรอิสายคันไซ
B01-1272	บท 1 พากย์ · speech_list_judge_main_c01	? (ช) [อีกแทร็ก]	เอาล่ะ...เหยื่อเป็นยากูซ่าตระกูลเคียวเรอิ\nโทชิโร คุเมะ อายุ 34 ปี
B01-1273	บท 1 พากย์ · speech_list_judge_main_c01	? (ช)	ประมาณ 6 โมงเช้าวันที่ 4 ธันวาคม ตำรวจได้รับแจ้งเหตุทางสาย 110\nจากคนที่พบศพเขาอยู่ในกองขยะ
B01-1274	บท 1 พากย์ · speech_list_judge_main_c01	? (ช) [อีกแทร็ก]	ประมาณ 6 โมงเช้าวันที่ 4 ธันวาคม ตำรวจได้รับแจ้งเหตุทางสาย 110\nมีคนพบศพเขาอยู่ในกองขยะ
B01-1275	บท 1 พากย์ · speech_list_judge_main_c01	? (ช)	ได้ยินมาว่าคุณกับไอ้คุเมะนี่\nมีเรื่องทะเลาะกันก่อนที่เขาจะตาย
B01-1276	บท 1 พากย์ · speech_list_judge_main_c01	yagami (ช)	ใช่.
B01-1277	บท 1 พากย์ · speech_list_judge_main_c01	yagami (ช) [อีกแทร็ก]	ใช่
B01-1278	บท 1 พากย์ · speech_list_judge_main_c01	? (ช) [อีกแทร็ก]	แล้วหลักฐานอื่นล่ะ? มีอะไรที่ชี้ชัด\nว่าคุณคือคนร้ายไหม?
B01-1279	บท 1 พากย์ · speech_list_judge_main_c01	? (ช)	ตำรวจบอกไหมว่ามีหลักฐานอะไรชี้ว่าคุณ\nเป็นคนร้าย มีอะไรที่หนักแน่นจริงจังบ้างไหม?
B01-1280	บท 1 พากย์ · speech_list_judge_main_c01	? (ช) [อีกแทร็ก]	ตำรวจให้เบาะแสอะไรมาให้ ทำงานต่อบ้างไหม?\nมีหลักฐานที่ชี้ว่าคุณเป็น คนร้ายบ้างไหม?
B01-1281	บท 1 พากย์ · speech_list_judge_main_c01	? (ช)	ไม่มีเลย ไอ้พวกนั้นปิดปากเงียบสนิท\nใช่ไหมล่ะ อาจารย์ชินทานิ?
B01-1282	บท 1 พากย์ · speech_list_judge_main_c01	? (ช) [อีกแทร็ก]	ไม่มีเลย ไอ้พวกนั้นปิดปากเงียบสนิท\nใช่ไหม อาจารย์ชินทานิ?
B01-1283	บท 1 พากย์ · speech_list_judge_main_c01	? (ช)	ครับ ตอนนี้ในขั้นตอนการสืบสวน\nตำรวจยังไม่ยอมบอกผมว่ามีอะไร มัดตัวคุณบ้าง
B01-1284	บท 1 พากย์ · speech_list_judge_main_c01	? (ช) [อีกแทร็ก]	ครับ...ผมเกรงว่าตอนนี้ในขั้นตอนการสืบสวน\nตำรวจจะยังไม่บอกผมว่ามีอะไรมัด ตัวคุณบ้าง
B01-1285	บท 1 พากย์ · speech_list_judge_main_c01	? (ช)	คำพูดของคุณเป็นสิ่งเดียว\nที่เราจะมีจนกว่าจะถึงวันขึ้นศาล
B01-1286	บท 1 พากย์ · speech_list_judge_main_c01	? (ช) [อีกแทร็ก]	จนกว่าจะถึงวันขึ้นศาล คำให้การของคุณฮามุระ\nอาจเป็นสิ่งเดียวที่เรามี
B01-1287	บท 1 พากย์ · speech_list_judge_main_c01	? (ช)	ชิ ก็แค่นั้นแหละ
B01-1288	บท 1 พากย์ · speech_list_judge_main_c01	? (ช) [อีกแทร็ก]	ฮึ่ม งั้นเหรอ
B01-1289	บท 1 พากย์ · speech_list_judge_main_c01	? (ช)	มีอะไรอยากถามอีกไหม ยากามิ?
B01-1290	บท 1 พากย์ · speech_list_judge_main_c01	? (ช) [อีกแทร็ก]	เอาล่ะ ยากามิ...ในเมื่อฮามุระอยู่ตรงนี้แล้ว\nมีอะไรอยากถามอีกไหม?
B01-1291	บท 1 พากย์ · speech_list_judge_main_c01	? (ช) [อีกแทร็ก]	มีคนบันทึกภาพตอนที่คุณทะเลาะ กับคุเมะที่ไหน?
B01-1292	บท 1 พากย์ · speech_list_judge_main_c01	? (ช)	คุณกับคุเมะทะเลาะกันที่ไหน?
B01-1293	บท 1 พากย์ · speech_list_judge_main_c01	? (ช) [อีกแทร็ก]	เรื่องทะเลาะกับคุเมะ...\nเกิดขึ้นที่ไหน?
B01-1294	บท 1 พากย์ · speech_list_judge_main_c01	? (ช)	หน้าคลับน่ะ\nคลับอามูร์ บนถนนซุปปอน
B01-1295	บท 1 พากย์ · speech_list_judge_main_c01	? (ช) [อีกแทร็ก]	บนถนนซุปปอน คลับชื่ออามูร์\nกูอยู่หน้าคลับ
B01-1296	บท 1 พากย์ · speech_list_judge_main_c01	? (ช)	กูกับพวกมัตสึกาเนะอีกสองสามคน\nเจอเรื่องกับไอ้เคียวเรอิคนนึงเข้า
B01-1297	บท 1 พากย์ · speech_list_judge_main_c01	? (ช) [อีกแทร็ก]	กูกับพวกมัตสึกาเนะอีกสองสามคน ออกไปเที่ยว\nแล้วเจอเรื่องกับไอ้เคียวเรอิคน นึงเข้า
B01-1298	บท 1 พากย์ · speech_list_judge_main_c01	? (ช)	ปรากฏว่าคนนั้นคือคุเมะของคุณเอง
B01-1299	บท 1 พากย์ · speech_list_judge_main_c01	? (ช) [อีกแทร็ก]	ทำกูหงุดหงิดสุดๆ\nคนนั้นแหละคุเมะ ใช่เลย
B01-1300	บท 1 พากย์ · speech_list_judge_main_c01	? (ช)	แล้วใครเป็นคนเริ่มก่อน?
B01-1301	บท 1 พากย์ · speech_list_judge_main_c01	? (ช) [อีกแทร็ก]	ผมเดาว่าคุณเป็นคนเริ่มใช่ไหม?
B01-1302	บท 1 พากย์ · speech_list_judge_main_c01	? (ช)	จะให้เดายังไงล่ะ? กูไม่ปล่อยให้ไอ้\nพวกเด็กคันไซมาเดินป้วนเปี้ยนทำ เหมือนที่นี่เป็นของมันหรอก
B01-1303	บท 1 พากย์ · speech_list_judge_main_c01	? (ช) [อีกแทร็ก]	แน่นอนอยู่แล้ว กูไม่ปล่อยให้ไอ้เด็กคันไซ\nมาเดินป้วนเปี้ยนทำเหมือนที่นี่ เป็นของมันหรอก แล้วก็...
B01-1304	บท 1 พากย์ · speech_list_judge_main_c01	? (ช)	ตอนนั้นกูก็ดื่มไปแล้วหลายแก้ว\nอยู่เหมือนกันนั่นแหละ
B01-1305	บท 1 พากย์ · speech_list_judge_main_c01	? (ช) [อีกแทร็ก]	กูก็ดื่มมาหน่อยเหมือนกันแหละ
B01-1306	บท 1 พากย์ · speech_list_judge_main_c01	? (ช)	เรื่องนี้เกิดขึ้นตอนกี่โมง?
B01-1307	บท 1 พากย์ · speech_list_judge_main_c01	? (ช)	เลยสามทุ่มมานิดหน่อย
B01-1308	บท 1 พากย์ · speech_list_judge_main_c01	? (ช) [อีกแทร็ก]	ถ้าเป็นไปได้ผมอยากดูภาพนั้น\nแต่คงไม่ง่ายที่จะเอามาได้
B01-1309	บท 1 พากย์ · speech_list_judge_main_c01	? (ช) [อีกแทร็ก]	อย่างที่บอกไปแล้ว อัยการจะไม่ยอมโชว์หลักฐานให้ เราดูหรอก\nจนกว่าจะฟ้องจริงๆ
B01-1310	บท 1 พากย์ · speech_list_judge_main_c01	? (ช)	แล้วหลังจากคุณกับคุเมะ\nปะทะกันแล้ว เกิดอะไรขึ้นต่อ? ต่างคนต่างแยกย้ายไปเหรอ?
B01-1311	บท 1 พากย์ · speech_list_judge_main_c01	? (ช) [อีกแทร็ก]	คุณกับคุเมะทะเลาะกันแล้วเกิดอะไรต่อ?\nต่างคนต่างแยกย้ายไปเหรอ?
B01-1312	บท 1 พากย์ · speech_list_judge_main_c01	? (ช)	เปล่า มันพยายามจะหนี แต่กูสั่งให้ลูกน้อง\nจับมันไว้ ลากเข้าไปในอามูร์
B01-1313	บท 1 พากย์ · speech_list_judge_main_c01	? (ช) [อีกแทร็ก]	เปล่า มันพยายามจะหนี แต่กูสั่งให้ลูกน้องจับมันไว้\nลากเข้าไปในอามูร์
B01-1314	บท 1 พากย์ · speech_list_judge_main_c01	? (?)	อะไรนะ!?
B01-1315	บท 1 พากย์ · speech_list_judge_main_c01	? (ช)	ผมนึกว่าแค่ชกต่อยกันเล็กน้อยซะอีก\nคุณกำลังบอกว่าคุณลักพาตัวคุเมะ กลางถนนที่คนพลุกพล่านเหรอ?
B01-1316	บท 1 พากย์ · speech_list_judge_main_c01	? (ช) [อีกแทร็ก]	แต่ผมนึกว่าแค่ชกต่อยกันนิดหน่อยนี่...?\nแล้วนี่คุณลักพาตัวเขาเหรอ? กลางถนนที่คนพลุกพล่าน?
B01-1317	บท 1 พากย์ · speech_list_judge_main_c01	? (ช)	ใช่ อามูร์เป็นธุรกิจของตระกูลกู
B01-1318	บท 1 พากย์ · speech_list_judge_main_c01	? (ช) [อีกแทร็ก]	ใช่ อามูร์เป็นธุรกิจ\nของตระกูลกู
B01-1319	บท 1 พากย์ · speech_list_judge_main_c01	? (ช)	กูเลยเข้าไปไล่ลูกค้าออกไปหมด...\nแล้วก็ซ้อมคุเมะซะเละ
B01-1320	บท 1 พากย์ · speech_list_judge_main_c01	? (ช)	อืม
B01-1321	บท 1 พากย์ · speech_list_judge_main_c01	? (?) [อีกแทร็ก]	เข้าใจแล้ว
B01-1322	บท 1 พากย์ · speech_list_judge_main_c01	? (ช)	แต่กูบอกเลยนะ กูไม่ได้ฆ่ามัน\nแค่โยนมันออกไปทางประตูหลังตอน จัดการเสร็จเท่านั้นแหละ
B01-1323	บท 1 พากย์ · speech_list_judge_main_c01	? (ช) [อีกแทร็ก]	แต่กูไม่ได้ฆ่ามัน แค่โยนมัน\nออกไปทางประตูหลังตอนจัดการ เสร็จเท่านั้นแหละ
B01-1324	บท 1 พากย์ · speech_list_judge_main_c01	? (ช)	กูก็ออกไปตามหลังเหมือนกัน...\nไม่กี่นาทีก่อนเที่ยงคืน
B01-1325	บท 1 พากย์ · speech_list_judge_main_c01	? (ช) [อีกแทร็ก]	ที่ประตูหลังมีกล้องวงจรปิดไหมครับ
B01-1326	บท 1 พากย์ · speech_list_judge_main_c01	? (ช) [อีกแทร็ก]	มี แต่ได้ข่าวว่ามันเสียอยู่
B01-1327	บท 1 พากย์ · speech_list_judge_main_c01	? (ช)	งั้นคุณถูกเห็นตอนลากคุเมะ เข้าไปในคลับ...\nแล้วเขาก็ถูกพบตอนเช้าโดยที่ ดวงตาถูกควักออก
B01-1328	บท 1 พากย์ · speech_list_judge_main_c01	? (ช) [อีกแทร็ก]	งั้นคุณถูกเห็นตอนลากคุเมะ เข้าไปในคลับ...\nแล้วเขาก็ถูกพบทั้งที่ดวงตาถูกควักออก
B01-1329	บท 1 พากย์ · speech_list_judge_main_c01	? (ช)	ถ้าผมเป็นตำรวจ ผมก็คงจับคุณเหมือนกันแหละ
B01-1330	บท 1 พากย์ · speech_list_judge_main_c01	? (ช)	รู้อะไรเกี่ยวกับเหยื่อบ้างไหมครับ
B01-1331	บท 1 พากย์ · speech_list_judge_main_c01	? (ช) [อีกแทร็ก]	อยากรู้เรื่องเหยื่อเพิ่มอีกหน่อยครับ
B01-1332	บท 1 พากย์ · speech_list_judge_main_c01	? (ช)	โทชิโร คุเมะ อายุ 34\nลูกสมุนกระจอกของตระกูลเคียวเรอิ
B01-1333	บท 1 พากย์ · speech_list_judge_main_c01	? (ช)	ตอนที่เจอคุเมะ เขาอยู่คนเดียวหรือเปล่าครับ
B01-1334	บท 1 พากย์ · speech_list_judge_main_c01	? (ช) [อีกแทร็ก]	ตอนที่เจอคุเมะในคามุโรโจ\nเขาอยู่คนเดียวหรือเปล่าครับ
B01-1335	บท 1 พากย์ · speech_list_judge_main_c01	? (ช)	ยากที่มันจะกล้าเสี่ยงขนาดนั้น\nในพื้นที่ศัตรู
B01-1336	บท 1 พากย์ · speech_list_judge_main_c01	? (ช) [อีกแทร็ก]	ยากที่มันจะกล้าเสี่ยงเข้ามา\nในพื้นที่ของตระกูลศัตรูขนาดนั้น
B01-1337	บท 1 พากย์ · speech_list_judge_main_c01	? (ช)	มีมันกับอีกคน คงเป็นไอ้เคียวเรอิอีกตัว\nแต่กูไม่รู้ชื่อมันหรอก
B01-1338	บท 1 พากย์ · speech_list_judge_main_c01	? (ช) [อีกแทร็ก]	อืม มีมันกับอีกคน คงเป็นไอ้เคียวเรอิอีกตัว\nกูไม่รู้ชื่อมันหรอก
B01-1339	บท 1 พากย์ · speech_list_judge_main_c01	? (ช)	งั้นฝ่ายนั้นมีสองคน\nแล้วฝ่ายคุณล่ะมีกี่คนครับ
B01-1340	บท 1 พากย์ · speech_list_judge_main_c01	? (ช) [อีกแทร็ก]	งั้นตระกูลเคียวเรอิสองคน กับฝ่ายคุณ...?
B01-1341	บท 1 พากย์ · speech_list_judge_main_c01	? (ช)	น่าจะห้าคนได้มั้ง\nรวมกูด้วย
B01-1342	บท 1 พากย์ · speech_list_judge_main_c01	? (ช) [อีกแทร็ก]	รวมกู มัตสึกาเนะห้าคน
B01-1343	บท 1 พากย์ · speech_list_judge_main_c01	? (ช)	ทำไมพวกคุณไม่จับเพื่อนของคุเมะ\nมาด้วยล่ะครับ
B01-1344	บท 1 พากย์ · speech_list_judge_main_c01	? (ช) [อีกแทร็ก]	ทำไมพวกคุณไม่ลากเพื่อนของคุเมะ\nเข้าไปในอามูร์ด้วยล่ะครับ
B01-1345	บท 1 พากย์ · speech_list_judge_main_c01	? (ช)	ลองแล้ว แต่ไอ้นั่นวิ่งเร็วเป็นบ้า\nหนีไปได้ซะงั้น
B01-1346	บท 1 พากย์ · speech_list_judge_main_c01	? (ช) [อีกแทร็ก]	มันชิ่งไปก่อนที่กูจะทันตัว\nฮึ... กลัวจนแทบขี้แตกเลยล่ะ
B01-1347	บท 1 พากย์ · speech_list_judge_main_c01	? (ช)	นักสืบที่รับผิดชอบคดีนี้คือใครครับ
B01-1348	บท 1 พากย์ · speech_list_judge_main_c01	? (ช)	คุโรอิวะ จากแผนกปราบปรามองค์กรอาชญากรรม\nอาจารย์ชินทานิน่าจะรู้จักมันดี อยู่แล้วล่ะ
B01-1349	บท 1 พากย์ · speech_list_judge_main_c01	? (ช) [อีกแทร็ก]	คุโรอิวะ จากแผนกปราบปรามองค์กรอาชญากรรม ของตำรวจคามุโรโจ\nอาจารย์ชินทานิคงรู้จักมันดีอยู่แล้ว
B01-1350	บท 1 พากย์ · speech_list_judge_main_c01	? (ช)	ผมรู้จักเขาดี ยิ่งกว่านั้นเพราะเขาเป็น\nพวกนักเลงที่มีตราตำรวจคุ้มหลัง
B01-1351	บท 1 พากย์ · speech_list_judge_main_c01	? (ช) [อีกแทร็ก]	ผมรู้จักเขาดี เขาไม่ใช่คนที่ขึ้นชื่อ\nเรื่องมือเบาสักเท่าไหร่
B01-1352	บท 1 พากย์ · speech_list_judge_main_c01	? (ช)	คิดว่าคดีฆาตกรรม ตระกูลเคียวเรอิเป็นคดีของเขา แหละ
B01-1353	บท 1 พากย์ · speech_list_judge_main_c01	? (ช) [อีกแทร็ก]	คิดว่าเขาคุมคดีฆาตกรรม ตระกูลเคียวเรอิ\nทั้งหมดอยู่แหละ
B01-1354	บท 1 พากย์ · speech_list_judge_main_c01	? (ช)	ฉันทนไอ้นั่นไม่ไหว\nมันไม่แคร์ยากูซ่าเลยสักนิด
B01-1355	บท 1 พากย์ · speech_list_judge_main_c01	? (ช) [อีกแทร็ก]	มันไม่แคร์ยากูซ่าเลยสักนิด\nฉันทนไอ้นั่นไม่ไหวจริงๆ
B01-1356	บท 1 พากย์ · speech_list_judge_main_c01	? (ช)	คุณมีพยานที่อยู่ไหมครับ\nพวกเขาคิดว่าคุเมะตายตอนกี่โมง
B01-1357	บท 1 พากย์ · speech_list_judge_main_c01	? (ช) [อีกแทร็ก]	คุณพอจะมีพยานที่อยู่ให้ใช้บ้าง ไหมครับ\nพวกเขาคิดว่าคุเมะตายตอนกี่โมง
B01-1358	บท 1 พากย์ · speech_list_judge_main_c01	? (ช)	ว่ากันว่าประมาณตีสองถึงตีสาม\nตำรวจซักกูหนักมากว่าตอนนั้นกูอยู่ไหน
B01-1359	บท 1 พากย์ · speech_list_judge_main_c01	? (ช) [อีกแทร็ก]	ว่ากันว่าประมาณตีสองถึงตีสาม\nตำรวจถามกูเยอะมาก โดยเฉพาะเรื่องว่าตอนนั้นกูอยู่ไหน
B01-1360	บท 1 พากย์ · speech_list_judge_main_c01	? (ช)	แล้วไง คุณอยู่ที่ไหนครับ
B01-1361	บท 1 พากย์ · speech_list_judge_main_c01	? (ช) [อีกแทร็ก]	แล้วคุณ<font_kind=yakuza_italic>อยู่</font_kind>ที่ไหนกันแน่
B01-1362	บท 1 พากย์ · speech_list_judge_main_c01	? (ช)	ที่ซาวน่า ร้านชื่อซาวน่าโกเท็น\nนั่งอบไอน้ำทั้งคืนเลย
B01-1363	บท 1 พากย์ · speech_list_judge_main_c01	? (ช) [อีกแทร็ก]	ซาวน่า ร้านในคามุโรโจชื่อซาวน่าโกเท็น\nอบไอน้ำอยู่ที่นั่นทั้งคืน
B01-1364	บท 1 พากย์ · speech_list_judge_main_c01	? (ช)	แต่ไม่มีหลักฐานยืนยันว่าคุณ อยู่ที่นั่นจริงๆ\nใช่ไหม ไม่งั้นคุณคงไม่มานั่งอยู่ในนี้
B01-1365	บท 1 พากย์ · speech_list_judge_main_c01	? (ช) [อีกแทร็ก]	แต่ไม่มีหลักฐานยืนยันว่าคุณ อยู่ที่นั่นจริงๆ ใช่ไหม\nไม่งั้นคุณคงไม่ต้องมานั่งอยู่ในนี้
B01-1366	บท 1 พากย์ · speech_list_judge_main_c01	? (ช)	ก็ใช่\nแต่น่าจะมีใครสักคนเห็นอะไรบ้างแหละ
B01-1367	บท 1 พากย์ · speech_list_judge_main_c01	? (ช) [อีกแทร็ก]	ใช่เลย\nแต่น่าจะมี<font_kind=yakuza_italic>ใครสักคน</font_kind>เห็นกูบ้างแหละ
B01-1368	บท 1 พากย์ · speech_list_judge_main_c01	? (ช)	คิดว่าตอนนี้ฟังมามากพอแล้วล่ะครับ
B01-1369	บท 1 พากย์ · speech_list_judge_main_c01	? (ช)	งั้นเราไปกันก่อนนะ
B01-1370	บท 1 พากย์ · speech_list_judge_main_c01	? (ช) [อีกแทร็ก]	ก็ดี
B01-1371	บท 1 พากย์ · speech_list_judge_main_c01	shintani (ช)	ยากามิคุง ไปที่ซาวน่าโกเท็นให้ผมหน่อย
B01-1372	บท 1 พากย์ · speech_list_judge_main_c01	shintani (ช) [อีกแทร็ก]	ยากามิคุง ตอนนี้เราคุยกันเสร็จแล้ว\nไปตรวจสอบซาวน่าโกเท็นดูหน่อย
B01-1373	บท 1 พากย์ · speech_list_judge_main_c01	? (ช)	ดูซิว่าพยานที่อยู่ของฮามุระจะ ยืนยันได้จริงไหม
B01-1374	บท 1 พากย์ · speech_list_judge_main_c01	? (ช) [อีกแทร็ก]	หวังว่าจะมีใครสักคนช่วยยืนยัน\nพยานที่อยู่ของฮามุระได้
B01-1375	บท 1 พากย์ · speech_list_judge_main_c01	? (ช)	ถ้าเราพิสูจน์ได้ว่าเขาอยู่ ที่นั่นจริง\nเราก็ไม่ต้องขึ้นศาลด้วยซ้ำ
B01-1376	บท 1 พากย์ · speech_list_judge_main_c01	? (ช)	พรุ่งนี้ผมจะโทรมาถามผลนะ\nแล้วเจอกัน
B01-1377	บท 1 พากย์ · speech_list_judge_main_c01	? (ช) [อีกแทร็ก]	พรุ่งนี้เตรียมรับสายจากผมไว้เลย\nแล้วเจอกัน
B01-1378	บท 1 พากย์ · speech_list_judge_main_c01	yagami (ช)	(ซาวน่าโกเท็น... ที่นี่เองที่ฮามุระบอกว่าตัวเองอยู่\nในคืนเกิดเหตุ)
B01-1379	บท 1 พากย์ · speech_list_judge_main_c01	yagami (ช)	ขอโทษนะครับ คุณทำงานที่นี่หรือเปล่าครับ
B01-1380	บท 1 พากย์ · speech_list_judge_main_c01	yagami (ช) [อีกแทร็ก]	ขอโทษนะครับ คุณทำงานที่นี่ใช่ไหมครับ?
B01-1381	บท 1 พากย์ · speech_list_judge_main_c01	sauna (ช)	อือ เข้ามาเลยเพื่อน
B01-1382	บท 1 พากย์ · speech_list_judge_main_c01	sauna (ช) [อีกแทร็ก]	เชิญเลยครับ เข้ามาเลย
B01-1383	บท 1 พากย์ · speech_list_judge_main_c01	? (ช)	จริงๆ แล้วผมไม่ใช่ลูกค้าครับ\nขอถามอะไรหน่อยได้ไหมครับ
B01-1384	บท 1 พากย์ · speech_list_judge_main_c01	? (ช) [อีกแทร็ก]	จริงๆ แล้วผมอยากขอถามอะไรคุณ\nสักหน่อยครับ...
B01-1385	บท 1 พากย์ · speech_list_judge_main_c01	? (ช)	ได้สิ อยากรู้อะไรล่ะ
B01-1386	บท 1 พากย์ · speech_list_judge_main_c01	? (ช) [อีกแทร็ก]	อืม? มีอะไรเหรอ
B01-1387	บท 1 พากย์ · speech_list_judge_main_c01	? (ช)	ผมมาเรื่องคดีฆาตกรรมน่ะครับ\nยากูซ่าที่ถูกควักลูกตา
B01-1388	บท 1 พากย์ · speech_list_judge_main_c01	? (ช)	อ๋อ มีนักสืบมาถาม\nเรื่องเดียวกันนี่แหละ
B01-1389	บท 1 พากย์ · speech_list_judge_main_c01	? (ช)	อยากรู้ว่าผู้ต้องสงสัยของเขา\nมาอยู่ที่นี่คืนเกิดเหตุหรือเปล่า
B01-1390	บท 1 พากย์ · speech_list_judge_main_c01	? (ช)	แล้วคุณล่ะ...?\nนักข่าวเหรอ
B01-1391	บท 1 พากย์ · speech_list_judge_main_c01	? (ช) [อีกแทร็ก]	แล้วคุณล่ะ...? นักข่าวเหรอ
B01-1392	บท 1 พากย์ · speech_list_judge_main_c01	? (ช)	ก็ประมาณนั้นแหละครับ
B01-1393	บท 1 พากย์ · speech_list_judge_main_c01	? (ช) [อีกแทร็ก]	ก็ประมาณนั้นแหละครับ ยังไงก็...
B01-1394	บท 1 พากย์ · speech_list_judge_main_c01	? (ช)	นี่คือฮามุระ กัปตันของตระกูลมัตสึกาเนะครับ\nคืนเกิดเหตุเขามาที่นี่หรือเปล่า
B01-1395	บท 1 พากย์ · speech_list_judge_main_c01	? (ช) [อีกแทร็ก]	นี่คือฮามุระ กัปตันของตระกูลมัตสึกาเนะครับ\nคืนเกิดเหตุเขาแวะมาที่ซาวน่า นี่ไหมครับ
B01-1396	บท 1 พากย์ · speech_list_judge_main_c01	? (ช)	ผมจะบอกคุณเหมือนที่บอกตำรวจ ไปแล้วนั่นแหละ
B01-1397	บท 1 พากย์ · speech_list_judge_main_c01	? (ช) [อีกแทร็ก]	ตำรวจก็ถามผมเรื่องนี้เหมือนกัน\nผมจะบอกคุณเหมือนที่บอกพวกเขาไป
B01-1398	บท 1 พากย์ · speech_list_judge_main_c01	? (ช)	ผมตั้งใจไม่จำหน้าใครเป็นพิเศษ\nรู้ไหม
B01-1399	บท 1 พากย์ · speech_list_judge_main_c01	? (ช) [อีกแทร็ก]	ผมไม่จำหรอกว่าใครเข้าใครออก\nใน<font_kind=yakuza_italic>คืนไหน</font_kind>ก็ตาม
B01-1400	บท 1 พากย์ · speech_list_judge_main_c01	? (ช)	<color=ｍonologue>(เข้าใจแล้ว ถ้าตาแก่คนนี้จำหน้าฮามุระได้\nฮามุระก็คงมีพยานที่อยู่ไปแล้ว)</color>
B01-1401	บท 1 พากย์ · speech_list_judge_main_c01	? (ช)	ที่นี่มีลูกค้าเข้าออกเยอะเลยสินะ
B01-1402	บท 1 พากย์ · speech_list_judge_main_c01	? (ช)	อย่างน้อยก็จนถึงรถไฟเที่ยว สุดท้ายนั่นแหละ\nหลังจากนั้นก็มีแต่คน "เข้า" ไม่มี "ออก" จนถึงเช้า
B01-1403	บท 1 พากย์ · speech_list_judge_main_c01	? (ช) [อีกแทร็ก]	อย่างน้อยก็จนถึงรถไฟเที่ยวสุดท้าย\nหลังจากนั้นก็มีแต่คน "เข้า" ไม่มี "ออก" จนถึงเช้า
B01-1404	บท 1 พากย์ · speech_list_judge_main_c01	? (ช)	ก็รู้ๆ กันอยู่ คนแวะมา\nรอให้รถไฟเปิดวิ่งอีกรอบ
B01-1405	บท 1 พากย์ · speech_list_judge_main_c01	? (ช) [อีกแทร็ก]	คนก็แวะมาอาบน้ำ\nแล้วอยู่จนกว่ารถไฟจะเริ่มวิ่ง อีกครั้ง
B01-1406	บท 1 พากย์ · speech_list_judge_main_c01	? (ช)	เหมือนทุกคืนนั่นแหละ
B01-1407	บท 1 พากย์ · speech_list_judge_main_c01	? (ช) [อีกแทร็ก]	เหมือนเดิมทุกที
B01-1408	บท 1 พากย์ · speech_list_judge_main_c01	? (ช)	น่าสนใจ... งั้นทุกคนที่เข้ามา\nก็อยู่จนถึงเช้าสินะ
B01-1409	บท 1 พากย์ · speech_list_judge_main_c01	? (ช) [อีกแทร็ก]	เข้าใจแล้ว งั้น... ทุกคนที่เข้ามา\nก็อยู่จนถึงเช้าสินะ
B01-1410	บท 1 พากย์ · speech_list_judge_main_c01	? (ช)	งั้นแค่ผมพิสูจน์ได้ว่าฮามุระ\nอยู่ที่นี่จริง... เราก็มีพยานที่อยู่แล้ว
B01-1411	บท 1 พากย์ · speech_list_judge_main_c01	? (ช) [อีกแทร็ก]	ถ้างั้น... แค่ผมพิสูจน์ได้ว่าฮามุระ\nอยู่ที่นี่ เราก็มีพยานที่อยู่แล้ว
B01-1412	บท 1 พากย์ · speech_list_judge_main_c01	sauna (ช)	อ๋อ ตำรวจก็พูดอะไรทำนองนี้\nเหมือนกันนะ
B01-1413	บท 1 พากย์ · speech_list_judge_main_c01	sauna (ช) [อีกแทร็ก]	ใช่ๆ ตำรวจก็พูด\nอะไรทำนองนี้แหละ
B01-1414	บท 1 พากย์ · speech_list_judge_main_c01	? (ช)	<color=ｍonologue>(ถ้าผมพิสูจน์ได้ว่าฮามุระอยู่ ที่นี่ในคืน\nเกิดเหตุ ทุกอย่างก็จะจบ)</color>
B01-1415	บท 1 พากย์ · speech_list_judge_main_c01	? (ช)	<color=ｍonologue>(แต่ได้ยินว่ายังไม่มีหลักฐานที่ น่าเชื่อถือพอ\nจะชี้ไปที่พยานที่อยู่เลย)</color>
B01-1416	บท 1 พากย์ · speech_list_judge_main_c01	? (ช)	ที่นี่ไม่มีกล้องวงจรปิดเลยเหรอครับ\nจะได้เช็กได้ว่าใครมาบ้าง
B01-1417	บท 1 พากย์ · speech_list_judge_main_c01	? (ช) [อีกแทร็ก]	ที่นี่ไม่มีกล้องวงจรปิดเลยเหรอครับ\nพอจะเช็กอะไรได้บ้างไหม
B01-1418	บท 1 พากย์ · speech_list_judge_main_c01	? (ช)	มีอยู่ แต่มันลบภาพทั้งหมดทิ้ง\nทุกสามวัน เรื่องความเป็นส่วนตัวน่ะ
B01-1419	บท 1 พากย์ · speech_list_judge_main_c01	? (ช) [อีกแทร็ก]	มีอยู่ แต่มันลบภาพทั้งหมดทิ้งอัตโนมัติ\nทุกสามวัน เพื่อความเป็นส่วนตัว
B01-1420	บท 1 พากย์ · speech_list_judge_main_c01	? (ช)	พอตำรวจมาถึงตอนนั้น\nภาพก็ถูกลบไปนานแล้ว
B01-1421	บท 1 พากย์ · speech_list_judge_main_c01	? (ช) [อีกแทร็ก]	ภาพมันถูกลบไปนานแล้ว\nตั้งแต่ก่อนตำรวจจะมาถึง
B01-1422	บท 1 พากย์ · speech_list_judge_main_c01	? (ช)	เข้าใจแล้ว ขอบคุณครับ\nขอโทษที่รบกวนนะครับ
B01-1423	บท 1 พากย์ · speech_list_judge_main_c01	? (ช) [อีกแทร็ก]	น่าเสียดายจริงๆ... เอาล่ะ ขอบคุณครับ\nขอโทษที่รบกวนนะครับ
B01-1424	บท 1 พากย์ · speech_list_judge_main_c01	? (ช)	(บางทีผมน่าจะลองถามคน\nแถวนี้คนอื่นดูบ้าง)
B01-1425	บท 1 พากย์ · speech_list_judge_main_c01	yagami (ช)	(ก็เท่านี้แหละ คงต้อง\nกลับบ้านคืนนี้ก่อนแล้ว) 
B01-1426	บท 1 พากย์ · speech_list_judge_main_c01	? (ช)	ขอโทษนะ
B01-1427	บท 1 พากย์ · speech_list_judge_main_c01	? (ช)	ผมกำลังหาข้อมูลเกี่ยวกับ ยากูซ่าคนหนึ่งที่แวะไป\nซาวน่าโกเท็นคืนวันที่ 3 ธันวาคมครับ
B01-1428	บท 1 พากย์ · speech_list_judge_main_c01	? (ช) [อีกแทร็ก]	คืนวันที่ 3 ธันวาคม ผมได้ยินมาว่ามียากูซ่า\nแวะไปที่ซาวน่าโกเท็น
B01-1429	บท 1 พากย์ · speech_list_judge_main_c01	? (ช)	คุณเห็นอะไรบ้างไหมครับ
B01-1430	บท 1 พากย์ · speech_list_judge_main_c01	? (ช)	คนนี้แหละครับ\nชื่อฮามุระ
B01-1431	บท 1 พากย์ · speech_list_judge_main_c01	? (ช) [อีกแทร็ก]	นี่ครับ คนนี้ชื่อฮามุระ
B01-1432	บท 1 พากย์ · speech_list_judge_main_c01	yokuiru_catch (ช)	จำไม่ได้ว่ะ\nแถวนี้มียากูซ่าเพียบ
B01-1433	บท 1 พากย์ · speech_list_judge_main_c01	? (ช)	แต่พอพูดถึงแล้วก็นึกออก...\nจำได้ว่าคืนนั้นมีโฮสต์โดน ตบหน้าเหมือนกัน
B01-1434	บท 1 พากย์ · speech_list_judge_main_c01	? (ช) [อีกแทร็ก]	แต่... ยากูซ่าแถวนี้คืนวันที่ 3 เหรอ\nได้ยินมาว่าคืนนั้นมีโฮสต์โดน ซัดเหมือนกันนะ
B01-1435	บท 1 พากย์ · speech_list_judge_main_c01	? (ช)	โดนยากูซ่าทำเหรอครับ
B01-1436	บท 1 พากย์ · speech_list_judge_main_c01	? (ช)	ใช่ แต่คิดว่าคงไม่เจ็บหนักหรอกนะ\nน่าจะเกิดขึ้นราวๆ เที่ยงคืนพอดี
B01-1437	บท 1 พากย์ · speech_list_judge_main_c01	? (ช)	ทั้งหมดนี้เกิดขึ้นในคืนก่อเหตุ เลยเหรอ...
B01-1438	บท 1 พากย์ · speech_list_judge_main_c01	? (ช) [อีกแทร็ก]	งั้นคืนนั้นมีเหตุทำร้ายร่างกาย\nโฮสต์คนหนึ่งด้วยเหรอ...?
B01-1439	บท 1 พากย์ · speech_list_judge_main_c01	? (ช)	แต่พอฉันไปดูสถานการณ์ ยากูซ่าคนนั้น\nหนีไปไกลแล้ว มีแต่โฮสต์ยืนตะโกนอยู่คนเดียว
B01-1440	บท 1 พากย์ · speech_list_judge_main_c01	? (ช) [อีกแทร็ก]	แต่พอฉันไปเช็กดู ยากูซ่าคนนั้น\nหนีไปไกลแล้ว มีแต่โฮสต์ยืนตะโกนอยู่คนเดียว
B01-1441	บท 1 พากย์ · speech_list_judge_main_c01	? (ช)	พอจะช่วยอะไรได้บ้างไหมล่ะ
B01-1442	บท 1 พากย์ · speech_list_judge_main_c01	? (ช) [อีกแทร็ก]	ไงล่ะ ช่วยได้ไหม ฉันมีแค่นี้แหละ
B01-1443	บท 1 พากย์ · speech_list_judge_main_c01	? (ช)	อืม เอ่อ พอจะรู้ไหมครับว่าโฮสต์คนนั้นเป็นใคร
B01-1444	บท 1 พากย์ · speech_list_judge_main_c01	? (ช) [อีกแทร็ก]	อืม พอจะรู้ไหมว่าโฮสต์คนนั้นเป็นใคร
B01-1445	บท 1 พากย์ · speech_list_judge_main_c01	? (ช)	ไม่รู้หรอก พวกนั้นหน้าตา\nหล่อๆ คล้ายกันไปหมดนั่นแหละ
B01-1446	บท 1 พากย์ · speech_list_judge_main_c01	? (ช) [อีกแทร็ก]	ไม่รู้เลย โฮสต์พวกนั้นก็หน้าตา\nหล่อๆ คล้ายกันไปหมดแหละ
B01-1447	บท 1 พากย์ · speech_list_judge_main_c01	? (ช)	ต่อให้ยืนอยู่ตรงหน้าฉันเลยก็คง\nจำไม่ได้หรอก
B01-1448	บท 1 พากย์ · speech_list_judge_main_c01	? (ช) [อีกแทร็ก]	ต่อให้เขายืนอยู่ตรงหน้า\nฉันก็คงจำไม่ได้
B01-1449	บท 1 พากย์ · speech_list_judge_main_c01	? (ช)	มีใครอีกไหมที่รู้เรื่องนี้ครับ
B01-1450	บท 1 พากย์ · speech_list_judge_main_c01	? (ช)	ฉันก็ไม่รู้เหมือนกัน
B01-1451	บท 1 พากย์ · speech_list_judge_main_c01	? (ช)	<color=ｍonologue>(งั้นก็คงไม่ใช่เบาะแสที่ มีประโยชน์เท่าไหร่)</color>
B01-1452	บท 1 พากย์ · speech_list_judge_main_c01	? (ช)	ขอบคุณที่ช่วยนะ
B01-1453	บท 1 พากย์ · speech_list_judge_main_c01	? (ช) [อีกแทร็ก]	ขอบคุณ ซึ้งใจจริงๆ
B01-1454	บท 1 พากย์ · speech_list_judge_main_c01	? (ช)	มาอีกแล้วเหรอ\nบอกไปหมดแล้วเท่าที่รู้
B01-1455	บท 1 พากย์ · speech_list_judge_main_c01	? (ช) [อีกแทร็ก]	อะไร มาอีกแล้วเหรอ\nบอกไปหมดแล้วเท่าที่รู้
B01-1456	บท 1 พากย์ · speech_list_judge_main_c01	? (ช)	มีโฮสต์โดนยากูซ่าตบคืนวันที่ 3 อยากรู้เพิ่ม\nก็ไปหาคนอื่นถามเอาเองละกัน
B01-1457	บท 1 พากย์ · speech_list_judge_main_c01	? (ช) [อีกแทร็ก]	มีโฮสต์โดนยากูซ่าตบคืนวันที่ 3\nแต่ฉันมีแค่นี้แหละ
B01-1458	บท 1 พากย์ · speech_list_judge_main_c01	? (ช)	นี่ครับ พอมีเวลาไหม ผมกำลังหาข้อมูลเกี่ยวกับยากูซ่า\nที่ไปซาวน่าโกเท็นคืนวันที่ 3 ธันวาคม
B01-1459	บท 1 พากย์ · speech_list_judge_main_c01	? (ช) [อีกแทร็ก]	นี่ครับ พอมีเวลาไหม ผมกำลังหาข้อมูลเกี่ยวกับ ยากูซ่าคนหนึ่ง\nเขาไปซาวน่าโกเท็นคืนวันที่ 3 ธันวาคม
B01-1460	บท 1 พากย์ · speech_list_judge_main_c01	chuunen_sand (ช)	ฮึ นึกว่าจะให้ฉันจำได้จริงๆ เหรอ\nเรื่องนานขนาดนั้น
B01-1461	บท 1 พากย์ · speech_list_judge_main_c01	chuunen_sand (ช) [อีกแทร็ก]	อะไรนะ ล้อเล่นรึไง จะให้ฉันจำได้ยังไง\nเรื่องนานขนาดนั้น
B01-1462	บท 1 พากย์ · speech_list_judge_main_c01	? (ช)	ฉันกำลังทำงานอยู่นะ!\nไปให้พ้น!
B01-1463	บท 1 พากย์ · speech_list_judge_main_c01	? (ช) [อีกแทร็ก]	ฉันกำลังทำงานอยู่นะ! ไปให้พ้น!
B01-1464	บท 1 พากย์ · speech_list_judge_main_c01	? (ช)	นี่ครับ คุณมาอยู่แถวนี้\nบ่อยเลยใช่ไหม
B01-1465	บท 1 พากย์ · speech_list_judge_main_c01	? (ช)	คุณเห็นยากูซ่าเดินเข้า\nซาวน่าโกเท็นคืนวันที่ 3 ธันวาคมไหมครับ
B01-1466	บท 1 พากย์ · speech_list_judge_main_c01	? (ช) [อีกแทร็ก]	คืนวันที่ 3 ธันวาคม คุณเห็นยากูซ่า\nเดินเข้าไปในซาวน่าโกเท็นไหมครับ
B01-1467	บท 1 พากย์ · speech_list_judge_main_c01	kyakuhiki_gal (ญ)	เอ่อ ทำไมฉันจะต้องรู้เรื่องนั้นด้วยล่ะ\nนี่บ้าไปแล้วมั้ง
B01-1468	บท 1 พากย์ · speech_list_judge_main_c01	kyakuhiki_gal (ญ) [อีกแทร็ก]	อืม ก็... ไม่รู้หรอก! ฮ่าๆ\nคุณนี่ตลกจริงๆ
B01-1469	บท 1 พากย์ · speech_list_judge_main_c01	kurai_homeless (ช)	ไม่มีใครสนใจฉันหรอก\nฉันก็เลยไม่สนใจใครเหมือนกัน
B01-1470	บท 1 พากย์ · speech_list_judge_main_c01	sauna (ช)	กลับมาอีกแล้วเหรอ\nขอโทษที ไม่มีอะไรจะเล่าเพิ่มแล้วล่ะ
B01-1471	บท 1 พากย์ · speech_list_judge_main_c01	sauna (ช) [อีกแทร็ก]	กลับมาอีกแล้วเหรอ ขอโทษที ไม่มีอะไร\nจะเล่าเพิ่มแล้วล่ะ
B01-1472	บท 1 พากย์ · speech_list_judge_main_c01	? (ช)	ก็ดูฉันสิ พอแก่ขนาดนี้\nใครๆ ก็จำหน้าคนลำบากเหมือนกันแหละ
B01-1473	บท 1 พากย์ · speech_list_judge_main_c01	? (ช)	โย่
B01-1474	บท 1 พากย์ · speech_list_judge_main_c01	yagami (ช)	นายยังอยู่นี่อีกเหรอ\nนึกว่ากลับไปตั้งหลายชั่วโมงแล้ว
B01-1475	บท 1 พากย์ · speech_list_judge_main_c01	yagami (ช) [อีกแทร็ก]	โห ไคโตะซัง?\nนึกว่ากลับไปตั้งหลายชั่วโมงแล้ว
B01-1476	บท 1 พากย์ · speech_list_judge_main_c01	? (ช)	ก็ตั้งใจจะกลับนะ แต่คิดว่ากลับไปก็คง\nแค่นอนสลบ เลยออกไปดื่มมาหน่อย
B01-1477	บท 1 พากย์ · speech_list_judge_main_c01	? (ช) [อีกแทร็ก]	คิดว่าถ้ากลับบ้านก็คงแค่ล้มตัวนอนสลบ\nเลยออกไปดื่มมาหน่อยแทน
B01-1478	บท 1 พากย์ · speech_list_judge_main_c01	? (ช)	แล้วนี่จะดื่มอีกแก้วเหรอ\nรู้ไหมว่าเหล้าขวดนั้นของผม
B01-1479	บท 1 พากย์ · speech_list_judge_main_c01	? (ช) [อีกแทร็ก]	แล้วนี่ยังนั่งดื่มอยู่ตรงนี้อีกเหรอ\nดื่มเหล้าของผมด้วยเนี่ยนะ
B01-1480	บท 1 พากย์ · speech_list_judge_main_c01	? (ช)	ฮึ แล้วไง\nอาจารย์เก็นดะให้งานนายมาบ้างไหม
B01-1481	บท 1 พากย์ · speech_list_judge_main_c01	? (ช) [อีกแทร็ก]	ฮึ ฮึ... แล้วไง มีงานเข้ามาบ้างไหม
B01-1482	บท 1 พากย์ · speech_list_judge_main_c01	? (ช)	มีสิ คงเพราะโดรายากิที่เอาไปฝากนั่นแหละ
B01-1483	บท 1 พากย์ · speech_list_judge_main_c01	? (ช) [อีกแทร็ก]	โดรายากิที่เอาไปฝากคงช่วยได้จริงๆ แหละ
B01-1484	บท 1 พากย์ · speech_list_judge_main_c01	? (ช)	เขาอยากให้ผมช่วยหา\nหลักฐานให้ สำหรับคดีฆาตกรรม
B01-1485	บท 1 พากย์ · speech_list_judge_main_c01	? (ช) [อีกแทร็ก]	เขาให้ฉันไปรวบรวมหลักฐาน\nสำหรับคดีฆาตกรรม
B01-1486	บท 1 พากย์ · speech_list_judge_main_c01	? (ช)	งานนี้ได้มาจากเก็นดะเองเหรอ
B01-1487	บท 1 พากย์ · speech_list_judge_main_c01	? (ช) [อีกแทร็ก]	งานนี้ได้มาจาก<font_kind=yakuza_italic>เก็นดะ</font_kind>เองเหรอ
B01-1488	บท 1 พากย์ · speech_list_judge_main_c01	? (ช)	นึกว่าตอนนี้เขาเอาแต่คดีแพ่งซะอีก\nคดีอาญาไม่ทำเงินนี่
B01-1489	บท 1 พากย์ · speech_list_judge_main_c01	? (ช) [อีกแทร็ก]	ตอนนี้เขาเอาแต่คดีแพ่งไม่ใช่เหรอ\nเคยพูดว่าคดีอาญาไม่ทำเงิน
B01-1490	บท 1 พากย์ · speech_list_judge_main_c01	? (ช)	งานนี้มาจากมัตสึกาเนะซังโดยตรงเลยล่ะ\nปรากฏว่าฮามุระดันโดนจับซะแล้ว
B01-1491	บท 1 พากย์ · speech_list_judge_main_c01	? (ช)	อะไรวะเนี่ย?
B01-1492	บท 1 พากย์ · speech_list_judge_main_c01	seiya_girl (?) [อีกแทร็ก]	อะไรนะ?
B01-1493	บท 1 พากย์ · speech_list_judge_main_c01	? (ช)	เรื่องคดีฆาตกรรมของ ตระกูลเคียวเรอินี่แหละ
B01-1494	บท 1 พากย์ · speech_list_judge_main_c01	? (ช) [อีกแทร็ก]	เรื่องคดีฆาตกรรมของพวก เคียวเรอินี่แหละ
B01-1495	บท 1 พากย์ · speech_list_judge_main_c01	? (ช)	หมายถึงเรื่องควักลูกตานั่นน่ะเหรอ
B01-1496	บท 1 พากย์ · speech_list_judge_main_c01	? (ช) [อีกแทร็ก]	เอ่อ... เรื่องที่ควักลูกตาเหยื่อนั่นเหรอ
B01-1497	บท 1 พากย์ · speech_list_judge_main_c01	? (ช)	อืม เพิ่งแวะไปเยี่ยมเขาที่คุกมา\nแต่เขาอ้างว่าตัวเองบริสุทธิ์นะ
B01-1498	บท 1 พากย์ · speech_list_judge_main_c01	? (ช) [อีกแทร็ก]	ใช่ เพิ่งแวะไปเยี่ยมเขาที่คุกมา\nเขาอ้างว่าตัวเองบริสุทธิ์
B01-1499	บท 1 พากย์ · speech_list_judge_main_c01	? (ช)	หืม บ้าไปแล้ว
B01-1500	บท 1 พากย์ · speech_list_judge_main_c01	? (ช) [อีกแทร็ก]	หืม งั้นเหรอ?
B01-1501	บท 1 พากย์ · speech_list_judge_main_c01	? (ช)	ไม่สนใจเหรอ
B01-1502	บท 1 พากย์ · speech_list_judge_main_c01	? (ช)	ก็ไม่แปลกหรอกที่นายจะไม่อยากยุ่ง หลังจากที่ฮามุระทำไว้\nการไล่นายออกจากตระกูลมันแรง เกินไปจริงๆ
B01-1503	บท 1 พากย์ · speech_list_judge_main_c01	? (ช)	ถ้านายไม่อยากยุ่ง ผมจัดการคนเดียวก็ได้
B01-1504	บท 1 พากย์ · speech_list_judge_main_c01	? (ช) [อีกแทร็ก]	ถ้านายอยากถอย ผมไปคนเดียวก็ได้
B01-1505	บท 1 พากย์ · speech_list_judge_main_c01	? (ช)	ไม่ต้องห่วงหรอกน่า\nคนที่พลาดคือฉัน ไม่ใช่เขา
B01-1506	บท 1 พากย์ · speech_list_judge_main_c01	? (ช) [อีกแทร็ก]	ไม่ต้องห่วงหรอกน่า เขาไม่ได้แค่ "ไล่ฉันออก" เฉยๆ\nฉันรู้ว่าตัวเองพลาดเอง
B01-1507	บท 1 พากย์ · speech_list_judge_main_c01	? (ช)	ยังไงก็เถอะ เรารับคดีนี้แล้ว\nนับฉันด้วยคนนะ
B01-1508	บท 1 พากย์ · speech_list_judge_main_c01	? (ช) [อีกแทร็ก]	ยังไงก็เถอะ เรารับคดีนี้แล้ว\nฉันช่วยด้วยแล้วกัน
B01-1509	บท 1 พากย์ · speech_list_judge_main_c01	? (ช)	ฮึ ดีเลย
B01-1510	บท 1 พากย์ · speech_list_judge_main_c01	yagami (ช)	(เอาล่ะ ผมควรพักผ่อนได้แล้วล่ะ)
B01-1511	บท 1 พากย์ · speech_list_judge_main_c01	yagami (ช)	มีอะไรเหรอ ชินทานิ
B01-1512	บท 1 พากย์ · speech_list_judge_main_c01	sugiura (ช) [อีกแทร็ก]	ฮัลโหล?
B01-1513	บท 1 พากย์ · speech_list_judge_main_c01	shintani (ช)	อรุณสวัสดิ์ ไอ้หนุ่ม\nฉันอยู่ที่ถนนนากามิจิ
B01-1514	บท 1 พากย์ · speech_list_judge_main_c01	shintani (ช) [อีกแทร็ก]	ชินทานิเองนะ ฉันอยู่ที่ถนนนากามิจิ
B01-1515	บท 1 พากย์ · speech_list_judge_main_c01	? (ช)	อือ แล้วไง
B01-1516	บท 1 พากย์ · speech_list_judge_main_c01	? (ช) [อีกแทร็ก]	หืม โอเค?
B01-1517	บท 1 พากย์ · speech_list_judge_main_c01	? (ช)	รู้จักมิโจเระไหม\nร้านกาแฟเล็กๆ กาแฟเด็ดสุดน่ะ มาเลย
B01-1518	บท 1 พากย์ · speech_list_judge_main_c01	? (ช) [อีกแทร็ก]	รู้จักมิโจเระ ร้านกาแฟเล็กๆ นั่นไหม\nฉันจะรอนายที่นั่นนะ
B01-1519	บท 1 พากย์ · speech_list_judge_main_c01	? (ช)	จะนัดกันกะทันหันอีกแล้วเหรอ
B01-1520	บท 1 พากย์ · speech_list_judge_main_c01	? (ช) [อีกแทร็ก]	เฮ้อ จะมาแบบไม่บอกล่วงหน้าอีกแล้วเหรอ\nอาจารย์ชินทานิ
B01-1521	บท 1 พากย์ · speech_list_judge_main_c01	? (ช)	อย่าบ่นน่า\nนึกว่าแกชอบมีอะไรทำซะอีก
B01-1522	บท 1 พากย์ · speech_list_judge_main_c01	? (ช) [อีกแทร็ก]	เฮ้ อย่าบ่นสิ\nนึกว่าแกชอบมีอะไรทำซะอีก
B01-1523	บท 1 พากย์ · speech_list_judge_main_c01	shintani (ช)	เฮ้ ทางนี้\nนั่งสิ
B01-1524	บท 1 พากย์ · speech_list_judge_main_c01	shintani (ช) [อีกแทร็ก]	เฮ้ ทางนี้\nลากเก้าอี้มานั่งสิ
B01-1525	บท 1 พากย์ · speech_list_judge_main_c01	yagami (ช)	...อือ เอาล่ะ\nผมถามข้อมูลแถวซาวน่าโกเท็นมาแล้ว
B01-1526	บท 1 พากย์ · speech_list_judge_main_c01	yagami (ช) [อีกแทร็ก]	...เอาล่ะ ผมถามข้อมูล\nแถวซาวน่าโกเท็นมาแล้ว
B01-1527	บท 1 พากย์ · speech_list_judge_main_c01	? (ช)	แต่ก็ไม่มีใครยืนยัน\nพยานที่อยู่ของฮามุระได้เลย
B01-1528	บท 1 พากย์ · speech_list_judge_main_c01	? (ช) [อีกแทร็ก]	แต่ไม่มีใครยืนยัน\nพยานที่อยู่ของฮามุระได้เลย
B01-1529	บท 1 พากย์ · speech_list_judge_main_c01	? (ช)	โอเค เก่งมาก
B01-1530	บท 1 พากย์ · speech_list_judge_main_c01	? (ช)	แล้วไง เรียกผมออกมาทำไม
B01-1531	บท 1 พากย์ · speech_list_judge_main_c01	? (ช) [อีกแทร็ก]	...แล้วไง เรียกผมออกมาทำไม
B01-1532	บท 1 พากย์ · speech_list_judge_main_c01	shintani (ช)	มีเรื่องเข้ามา\nดูนี่สิ
B01-1533	บท 1 พากย์ · speech_list_judge_main_c01	shintani (ช) [อีกแทร็ก]	ฉันได้ข้อมูลใหม่มา\nนี่ ดูนี่สิ
B01-1534	บท 1 พากย์ · speech_list_judge_main_c01	? (ช)	ตำรวจปล่อยให้สื่อไปแล้ว\nเป็นภาพจากกล้องวงจรปิดของอามูร์
B01-1535	บท 1 พากย์ · speech_list_judge_main_c01	? (ช)	ทั้งฮามุระและคุเมะอยู่ในนี้\nชัดเจนสุดๆ
B01-1536	บท 1 พากย์ · speech_list_judge_main_c01	? (ช)	บ้าเอ๊ย ไม่รู้เลยว่าตำรวจ\nได้ของนี่ไปแล้ว นี่อาจแย่หนักเลย
B01-1537	บท 1 พากย์ · speech_list_judge_main_c01	? (ช) [อีกแทร็ก]	หลักฐานมัดตัวว่าฮามุระกับคุเมะ ทะเลาะกันจริง...\nไม่รู้เลยว่าตำรวจได้ของนี่ไปแล้ว
B01-1538	บท 1 พากย์ · speech_list_judge_main_c01	? (ช)	พร้อมนะ ฉันจะเปิดให้ดู
B01-1539	บท 1 พากย์ · speech_list_judge_main_c01	? (ช) [อีกแทร็ก]	แกพร้อมหรือยัง ฉันจะเปิดให้ดูแล้วนะ
B01-1540	บท 1 พากย์ · speech_list_judge_main_c01	? (ช)	อธิบายได้เลยว่าทำไมเพื่อนของคุเมะ\nถึงวิ่งหนีเอาชีวิตรอด
B01-1541	บท 1 พากย์ · speech_list_judge_main_c01	? (ช) [อีกแทร็ก]	งั้นคนที่วิ่งหนีออกจากวงทะเลาะ...\nคือเพื่อนของคุเมะสินะ
B01-1542	บท 1 พากย์ · speech_list_judge_main_c01	? (ช)	ใช่ รู้ชื่อด้วยนะ\nอากิระ มุราเสะ อันธพาลเคียวเรอิอีกคน
B01-1543	บท 1 พากย์ · speech_list_judge_main_c01	? (ช) [อีกแทร็ก]	ใช่ รู้ชื่อด้วยนะ อากิระ มุราเสะ\nอันธพาลเคียวเรอิอีกคนเหมือนคุเมะ
B01-1544	บท 1 พากย์ · speech_list_judge_main_c01	? (ช)	ได้ข่าวว่าเขายังไม่ออกจากคามุโรโจ\nหลังโดนตำรวจสอบปากคำเลยด้วยซ้ำ
B01-1545	บท 1 พากย์ · speech_list_judge_main_c01	? (ช) [อีกแทร็ก]	ตำรวจสอบปากคำเขาเสร็จไปแล้ว\nแต่ได้ยินว่าเขายังอยู่ ในคามุโรโจอยู่เลย
B01-1546	บท 1 พากย์ · speech_list_judge_main_c01	? (ช)	ดูจากสถานการณ์แล้ว\nแถวนี้ต้องมีที่ซ่อนของเคียวเรอิแน่ๆ
B01-1547	บท 1 พากย์ · speech_list_judge_main_c01	? (ช) [อีกแทร็ก]	หมายความว่าในเมืองนี้\nต้องมีที่ซ่อนของเคียวเรอิอยู่แน่
B01-1548	บท 1 พากย์ · speech_list_judge_main_c01	? (ช)	คุเมะคือไอ้เคราะห์ร้าย\nที่โดนลากเข้าไปในคลับนั่นแหละ
B01-1549	บท 1 พากย์ · speech_list_judge_main_c01	? (ช) [อีกแทร็ก]	ไอ้เคราะห์ร้ายที่โดนลากเข้าไป ในคลับน่ะเหรอ\nคือคุเมะนั่นแหละ
B01-1550	บท 1 พากย์ · speech_list_judge_main_c01	? (ช)	บ้าจริง มันชัดเจนขนาดนี้\nฮามุระคงพูดกลบเกลื่อนไม่ได้แล้ว
B01-1551	บท 1 พากย์ · speech_list_judge_main_c01	? (ช)	ใช่ แล้วยังมีอีก\nดูนี่สิ
B01-1552	บท 1 พากย์ · speech_list_judge_main_c01	? (ช) [อีกแทร็ก]	ใช่ แล้วยังมีอีก อีกหนึ่งชั่วโมงให้หลัง\nเรื่องเริ่มน่าสนใจขึ้นเยอะเลย
B01-1553	บท 1 พากย์ · speech_list_judge_main_c01	? (ช)	<color=ｍonologue>(มีอะไรเกิดขึ้นอีกเหรอ\nกล้องจับภาพอะไรได้อีก)</color>
B01-1554	บท 1 พากย์ · speech_list_judge_main_c01	? (?)	อีกหนึ่งชั่วโมงให้หลัง ทุกคนออกไปหมด ยกเว้น...\nฮามุระกับคุเมะ แม้แต่เจ้าของร้านยังรีบเผ่นไปเลย 
B01-1555	บท 1 พากย์ · speech_list_judge_main_c01	? (ช) [อีกแทร็ก]	อีกหนึ่งชั่วโมงให้หลัง ฮามุระกับคุเมะยังอยู่ต่อ\nทุกคนในอามูร์ออกไปหมด แม้แต่เจ้าของร้าน
B01-1556	บท 1 พากย์ · speech_list_judge_main_c01	? (ช)	เดี๋ยวนะ ทำไมพวกเขาถึงยังอยู่ต่อล่ะ
B01-1557	บท 1 พากย์ · speech_list_judge_main_c01	? (ช) [อีกแทร็ก]	ฮามุระกับคุเมะเหลืออยู่แค่สอง คนในนั้นเหรอ\nทำไมพวกเขาถึงยังอยู่ต่อ...?
B01-1558	บท 1 พากย์ · speech_list_judge_main_c01	? (ช)	ใครจะรู้ล่ะ เจ้าฮามุระเพื่อนเรา\nไม่เคยพูดถึงช่วงนี้เลยสักคำ
B01-1559	บท 1 พากย์ · speech_list_judge_main_c01	? (ช)	เอาล่ะ เรื่องนี้เกิดขึ้นราวๆ สี่ทุ่ม
B01-1560	บท 1 พากย์ · speech_list_judge_main_c01	? (ช)	หมายความว่ายังเหลืออีกสี่ชั่วโมง\nก่อนถึงเวลาที่คาดว่าคุเมะเสียชีวิต
B01-1561	บท 1 พากย์ · speech_list_judge_main_c01	? (ช) [อีกแทร็ก]	หมายความว่ายังเหลืออีกสี่ชั่วโมง\nก่อนเวลาที่คาดว่าคุเมะจะเสียชีวิต
B01-1562	บท 1 พากย์ · speech_list_judge_main_c01	? (ช)	คำถามคือ ทั้งสองคนนั้น\nทำอะไรกันตลอดเวลานั้น
B01-1563	บท 1 พากย์ · speech_list_judge_main_c01	? (ช) [อีกแทร็ก]	คำถามคือ ฮามุระกับคุเมะ\nทำอะไรกันตลอดช่วงเวลานั้น
B01-1564	บท 1 พากย์ · speech_list_judge_main_c01	? (ช)	<color=ｍonologue>(งั้นก็ไม่มีข้อสงสัยแล้วว่าฮามุระ\nอยู่กับคุเมะตามลำพังก่อนเขาจะตาย)</color>
B01-1565	บท 1 พากย์ · speech_list_judge_main_c01	? (ช)	<color=ｍonologue>(ฮามุระบอกว่าตัวเองทำอะไร\nกับคุเมะนะ)</color>
B01-1566	บท 1 พากย์ · speech_list_judge_main_c01	? (ช)	ฮามุระบอกว่าเขาไล่คุเมะ\nออกจากคลับตอนราวๆ เที่ยงคืน
B01-1567	บท 1 พากย์ · speech_list_judge_main_c01	? (ช) [อีกแทร็ก]	ฮามุระบอกว่าเขาไล่คุเมะออกจากคลับ\nตอนราวๆ เที่ยงคืน
B01-1568	บท 1 พากย์ · speech_list_judge_main_c01	? (ช)	หลังจากนั้น เขาก็ออกจากคลับ\nไปที่ซาวน่าเอง
B01-1569	บท 1 พากย์ · speech_list_judge_main_c01	? (ช) [อีกแทร็ก]	หลังจากนั้น เขาก็ออกจากคลับไปเอง\nแล้วไปที่ซาวน่า
B01-1570	บท 1 พากย์ · speech_list_judge_main_c01	? (ช)	ใช่ แต่ฉันอยากฟังเรื่องทั้งหมด\nจากมุมอื่นดูบ้าง
B01-1571	บท 1 พากย์ · speech_list_judge_main_c01	? (ช) [อีกแทร็ก]	ใช่ แต่ฉันว่าเราน่าจะฟังเรื่องนี้\nจากคนอื่นที่ไม่ใช่ฮามุระดูบ้าง
B01-1572	บท 1 พากย์ · speech_list_judge_main_c01	? (ช)	ตรงนี้แหละที่แกต้องเข้ามา ยากามิ\nแกต้องไปคุยกับคนที่ดูแลอามูร์
B01-1573	บท 1 พากย์ · speech_list_judge_main_c01	? (ช) [อีกแทร็ก]	เลยต้องพึ่งแกไง ยากามิ\nไปคุยกับคนที่ดูแลอามูร์ให้หน่อย
B01-1574	บท 1 พากย์ · speech_list_judge_main_c01	? (ช)	เดี๋ยวก่อนนะ
B01-1575	บท 1 พากย์ · speech_list_judge_main_c01	yagami (ช)	...เอ๊ะ?
B01-1576	บท 1 พากย์ · speech_list_judge_main_c01	? (ช)	ผมรู้ว่านายเป็นทนายในเรื่องนี้ นายตัดสินใจได้\nว่าจะต้องสืบสวนอะไรบ้างสำหรับคดี
B01-1577	บท 1 พากย์ · speech_list_judge_main_c01	? (ช) [อีกแทร็ก]	ผมรู้ว่านายเป็นทนายในเรื่องนี้ นายตัดสินใจได้\nว่าเราต้องสืบสวนแบบไหนสำหรับคดี
B01-1578	บท 1 พากย์ · speech_list_judge_main_c01	? (ช)	แต่อย่ามาสอนผมว่าต้องทำงาน ตัวเองยังไง
B01-1579	บท 1 พากย์ · speech_list_judge_main_c01	? (ช)	ก็ได้ แต่...\nยังไงแกก็ต้องไปคุยกับเขาอยู่ดี ไม่ใช่เหรอ
B01-1580	บท 1 พากย์ · speech_list_judge_main_c01	? (ช) [อีกแทร็ก]	ใช่ แต่ยังไงนายก็ต้องไปคุย\nกับเขาอยู่ดีไม่ใช่เหรอ?
B01-1581	บท 1 พากย์ · speech_list_judge_main_c01	? (ช)	ยังไงก็เหมือนกันแหละ อยากให้นาย\nเลิกสั่งการผมได้แล้วนะ
B01-1582	บท 1 พากย์ · speech_list_judge_main_c01	yagami (ช)	<color=ｍonologue>(คลับอามูร์ ที่นี่แหละคือจุดที่ทุกอย่างเกิดขึ้น\nระหว่างฮามุระกับคุเมะ...)</color>
B01-1583	บท 1 พากย์ · speech_list_judge_main_c01	? (ช)	<color=ｍonologue>(มุมกล้องในภาพน่าจะช่วยให้ผมหาตำแหน่ง\nกล้องวงจรปิดตัวนั้นได้)</color>
B01-1584	บท 1 พากย์ · speech_list_judge_main_c01	shintani (ช)	ต้องหาให้ได้ว่าเกิดอะไรขึ้น ตอนที่ฮามุระ\nกับคุเมะอยู่กันสองคนในอามูร์
B01-1585	บท 1 พากย์ · speech_list_judge_main_c01	shintani (ช) [อีกแทร็ก]	ต้องหาให้ได้ว่าเกิดอะไรขึ้น ตอนที่ฮามุระกับ\nคุเมะอยู่กันสองคน ไปคุยกับเจ้าของอามูร์ดูสิ
