id	ฉาก	ผู้พูด	TH
B04-0001	บท 3 คัตซีน · a03_010	Yagami (ช)	โจรที่กล้าไปปล้นเงินยากูซ่า\nนึกไม่ออกเลยว่าจะมีใครโง่ขนาดนั้น
B04-0002	บท 3 คัตซีน · a03_010	Yagami (ช) [อีกแทร็ก]	โจรที่กล้าไปปล้นเซฟของยากูซ่า...
B04-0003	บท 3 คัตซีน · a03_010	Yagami (ช)	แต่พวกเขาก็ทำสำเร็จ
B04-0004	บท 3 คัตซีน · a03_010	Yagami (ช) [อีกแทร็ก]	ไม่มีใครกล้าคิดด้วยซ้ำ
B04-0005	บท 3 คัตซีน · a03_010	Yagami (ช)	เกิดขึ้นตอนที่ไคโตะซังเข้าเวร อยู่พอดี
B04-0006	บท 3 คัตซีน · a03_010	Yagami (ช) [อีกแทร็ก]	คนที่เข้าเวรสำนักงานวันนั้น\nอย่างไคโตะซัง ก็คิดแบบเดียวกัน
B04-0007	บท 3 คัตซีน · a03_010	Yagami (ช)	วันนั้นตระกูลสูญเงินไป 100 ล้านเยน
B04-0008	บท 3 คัตซีน · a03_010	Yagami (ช) [อีกแทร็ก]	เงิน 100 ล้านเยนถูกขโมยไปจากเซฟนั้น
B04-0009	บท 3 คัตซีน · a03_010	Yagami (ช)	แต่ไคโตะซังก็ทำอะไรไม่ได้\nเมื่อปืนจ่อหน้าอยู่ขนาดนั้น
B04-0010	บท 3 คัตซีน · a03_010	Yagami (ช) [อีกแทร็ก]	ต่อให้เป็นไคโตะซังก็หยุดมันไม่ได้\nเมื่อโดนปืนจ่อหน้า
B04-0011	บท 3 คัตซีน · a03_010	Matsugane (ช)	นายกำลังจะทำ\nบ้าอะไรกันแน่!?
B04-0012	บท 3 คัตซีน · a03_010	Matsugane (ช) [อีกแทร็ก]	นายจะทำบ้าอะไรกันแน่!?
B04-0013	บท 3 คัตซีน · a03_010	Hamura (ช)	แค่จะให้มีคนรับผิดชอบ\nเรื่องนี้บ้างน่ะครับ... ท่านประธาน
B04-0014	บท 3 คัตซีน · a03_010	Hamura (ช) [อีกแทร็ก]	แค่อยากให้มีคน\nรับผิดชอบบ้างน่ะครับ ท่าน
B04-0015	บท 3 คัตซีน · a03_010	Matsugane (ช)	เหมือนกับว่าทำแบบนี้แล้ว ทุกอย่างจะโอเคงั้นแหละ\nแล้วมันจะเอาเงินเรากลับคืนมาได้ยังไง?
B04-0016	บท 3 คัตซีน · a03_010	Matsugane (ช) [อีกแทร็ก]	เหมือนนิ้วเดียวจะชดใช้ได้งั้นแหละ\nนิ้วเดียวจะเอาเงินผมกลับคืนมาได้เหรอ?
B04-0017	บท 3 คัตซีน · a03_010	Hamura (ช)	มันคืนไม่ได้หรอกครับ\nแต่ก็ถือว่าเป็นจุดเริ่มต้น
B04-0018	บท 3 คัตซีน · a03_010	Hamura (ช) [อีกแทร็ก]	ไม่หรอกครับ แต่ยังไงมันก็เป็นความผิดของเขาอยู่ดี
B04-0019	บท 3 คัตซีน · a03_010	Hamura (ช)	มันสำคัญที่จะต้องทำให้เป็นตัวอย่าง
B04-0020	บท 3 คัตซีน · a03_010	Hamura (ช) [อีกแทร็ก]	เราต้องทำให้เป็นตัวอย่างให้เห็นครับ
B04-0021	บท 3 คัตซีน · a03_010	Yagami (ช)	ร้อยล้านเลยเหรอเนี่ย?
B04-0022	บท 3 คัตซีน · a03_010	Yagami (ช) [อีกแทร็ก]	เอ่อ...
B04-0023	บท 3 คัตซีน · a03_010	Yagami (ช)	ฟังดูเหมือนนิ้วเดียว\nจะแพงเป็นบ้าเลยนะเนี่ย
B04-0024	บท 3 คัตซีน · a03_010	Yagami (ช) [อีกแทร็ก]	นิ้วเดียวมีค่าตั้ง 100 ล้านเลยเหรอเนี่ย
B04-0025	บท 3 คัตซีน · a03_010	Matsugane (ช)	ทาคุ ทำไมนายถึงมาอยู่ที่นี่ล่ะ?
B04-0026	บท 3 คัตซีน · a03_010	Matsugane (ช) [อีกแทร็ก]	ทาคุ... ทำไมนายถึงมาที่นี่?
B04-0027	บท 3 คัตซีน · a03_010	Kaito (ช)	เราแค่คุยกันอยู่ข้างนอกน่ะ
B04-0028	บท 3 คัตซีน · a03_010	Kaito (ช) [อีกแทร็ก]	เขาอยู่กับฉันอยู่แล้วน่ะ
B04-0029	บท 3 คัตซีน · a03_010	Tashiro (ช)	มึงคิดจะทำอะไรของมึงวะ?
B04-0030	บท 3 คัตซีน · a03_010	Tashiro (ช) [อีกแทร็ก]	นายจะทำอะไรกันเนี่ย!?
B04-0031	บท 3 คัตซีน · a03_010	Yagami (ช)	นิ้วก้อยนั่นมันเงินก้อนโตเลยนะเนี่ย
B04-0032	บท 3 คัตซีน · a03_010	Yagami (ช) [อีกแทร็ก]	นิ้วที่มีค่าตั้ง 100 ล้านเหรอ?
B04-0033	บท 3 คัตซีน · a03_010	Yagami (ช)	ก็แค่คิดว่าจะดูให้เต็มตา\nก่อนที่มันจะหายไปตลอดกาลน่ะ
B04-0034	บท 3 คัตซีน · a03_010	Yagami (ช) [อีกแทร็ก]	แค่อยากดูให้ชัดๆ\nก่อนที่มันจะหายไป
B04-0035	บท 3 คัตซีน · a03_010	Tashiro (ช)	เงียบไปเลย!
B04-0036	บท 3 คัตซีน · a03_010	Tashiro (ช) [อีกแทร็ก]	หุบปาก!
B04-0037	บท 3 คัตซีน · a03_010	Tashiro (ช)	ฮึ น่าสมเพชดีเนอะ?
B04-0038	บท 3 คัตซีน · a03_010	Tashiro (ช) [อีกแทร็ก]	คิดว่ามันตลกเหรอ ไอ้ทาคุ?
B04-0039	บท 3 คัตซีน · a03_010	Tashiro (ช)	แต่ว่าฮามุระ
B04-0040	บท 3 คัตซีน · a03_010	Tashiro (ช) [อีกแทร็ก]	แต่ว่า กัปตัน...
B04-0041	บท 3 คัตซีน · a03_010	Tashiro (ช)	ความเสียหายมันตั้งร้อยล้านนะ
B04-0042	บท 3 คัตซีน · a03_010	Tashiro (ช) [อีกแทร็ก]	เรากำลังพูดถึงเงิน 100 ล้านเยนนะ
B04-0043	บท 3 คัตซีน · a03_010	Tashiro (ช)	นายคิดจริงๆ เหรอว่านิ้วก้อย\nนิ้วเดียวจะชดใช้เงินนั้นได้?
B04-0044	บท 3 คัตซีน · a03_010	Tashiro (ช) [อีกแทร็ก]	นิ้วเดียวจะชดใช้เงินนั้นได้จริงเหรอ?
B04-0045	บท 3 คัตซีน · a03_010	Hamura (ช)	ฮึ ยังมีอีกเยอะเลยครับ\nที่กำลังจะตามมาหาเขา
B04-0046	บท 3 คัตซีน · a03_010	Hamura (ช) [อีกแทร็ก]	จริงๆ แล้วเราเพิ่งเริ่มต้นเท่านั้นเองครับ
B04-0047	บท 3 คัตซีน · a03_010	Tashiro (ช)	มากกว่านี้อีกเหรอ?
B04-0048	บท 3 คัตซีน · a03_010	Tashiro (ช) [อีกแทร็ก]	อ้อ งั้นเหรอ?
B04-0049	บท 3 คัตซีน · a03_010	Kaito (ช)	เอ่อ... จะทำอะไรได้อีกวะ?
B04-0050	บท 3 คัตซีน · a03_010	Kaito (ช) [อีกแทร็ก]	งั้น... ยังมีที่แย่กว่านี้อีกเหรอ?
B04-0051	บท 3 คัตซีน · a03_010	Yagami (ช)	คำถามดีนี่
B04-0052	บท 3 คัตซีน · a03_010	Yagami (ช) [อีกแทร็ก]	มีสิครับ
B04-0053	บท 3 คัตซีน · a03_010	Hamura (ช)	ไคโตะซัง...
B04-0054	บท 3 คัตซีน · a03_010	Hamura (ช) [อีกแทร็ก]	ไคโตะน่ะ...
B04-0055	บท 3 คัตซีน · a03_010	Hamura (ช)	มึงจะถูกไล่ออก... ตลอดกาล
B04-0056	บท 3 คัตซีน · a03_010	Hamura (ช) [อีกแทร็ก]	...ถูกขับออกจากตระกูลตั้งแต่วันนี้
B04-0057	บท 3 คัตซีน · a03_010	Higashi (ช)	เป็นไปไม่ได้\nพี่ไคโตะ...
B04-0058	บท 3 คัตซีน · a03_010	Higashi (ช) [อีกแทร็ก]	ไม่จริงน่ะ พี่ไคโตะกำลังจะโดน...
B04-0059	บท 3 คัตซีน · a03_010	Higashi (ช)	หัวหน้า... ท่านโอเคกับเรื่องนี้จริงๆ เหรอ?
B04-0060	บท 3 คัตซีน · a03_010	Higashi (ช) [อีกแทร็ก]	ท-ท่านหัวหน้า... ฉัน...
B04-0061	บท 3 คัตซีน · a03_010	Hamura (ช)	ต่อให้อ้อนวอนไป\nก็ช่วยมึงไม่ได้หรอก
B04-0062	บท 3 คัตซีน · a03_010	Hamura (ช) [อีกแทร็ก]	ร้องไห้ไปก็ใช้หนี้นี้ไม่ได้หรอก
B04-0063	บท 3 คัตซีน · a03_010	Hamura (ช)	เห็นมั้ยครับท่าน? มันต้องทำแบบนี้\nท่านก็รู้ว่ามันยุติธรรมดีแล้ว
B04-0064	บท 3 คัตซีน · a03_010	Hamura (ช) [อีกแทร็ก]	ท่านก็เห็นแล้วนี่ครับว่าเรา กำลังทำอะไรอยู่\nนี่มันจำเป็นต้องทำครับ
B04-0065	บท 3 คัตซีน · a03_010	Hamura (ช)	ท่านควรรู้ไว้ด้วยว่า...\nผมแจ้งเรื่องนี้ให้ตระกูลใหญ่ ทราบไปแล้วครับ
B04-0066	บท 3 คัตซีน · a03_010	Hamura (ช) [อีกแทร็ก]	เรื่องนี้ถูกรายงานขึ้นไปถึง ตระกูลใหญ่แล้วครับ
B04-0067	บท 3 คัตซีน · a03_010	Matsugane (ช)	งั้นเหรอ?
B04-0068	บท 3 คัตซีน · a03_010	Matsugane (ช) [อีกแทร็ก]	นายไปบอกพวกเขาแล้วเหรอ?
B04-0069	บท 3 คัตซีน · a03_010	Matsugane (ช)	นายรีบร้อนทำเรื่องนั้นเร็ว เหลือเกินนะ
B04-0070	บท 3 คัตซีน · a03_010	Matsugane (ช) [อีกแทร็ก]	ทำงานเร็วดีเหลือเกินนะ
B04-0071	บท 3 คัตซีน · a03_010	Hamura (ช)	ขอบคุณมาก
B04-0072	บท 3 คัตซีน · a03_010	Hamura (ช) [อีกแทร็ก]	ขอบคุณครับ หัวหน้า
B04-0073	บท 3 คัตซีน · a03_010	Yagami (ช)	มัตสึกาเนะซัง
B04-0074	บท 3 คัตซีน · a03_010	Yagami (ช) [อีกแทร็ก]	อืม... งั้น...
B04-0075	บท 3 คัตซีน · a03_010	Yagami (ช)	คุณจะทำเรื่องนี้จริง ๆ\nเหรอ?
B04-0076	บท 3 คัตซีน · a03_010	Yagami (ช) [อีกแทร็ก]	ไคโตะซังโดนไล่ออกจริง ๆ เหรอ?
B04-0077	บท 3 คัตซีน · a03_010	Matsugane (ช)	จบแล้วนะ ทาคุ\nไคโตะโดนไล่ออกแล้ว
B04-0078	บท 3 คัตซีน · a03_010	Matsugane (ช) [อีกแทร็ก]	ได้ งั้นก็ไล่เขาออก
B04-0079	บท 3 คัตซีน · a03_010	Yagami (ช)	ตั้งแต่วินาทีนี้เลยเหรอ?\nแน่ใจนะ?
B04-0080	บท 3 คัตซีน · a03_010	Yagami (ช) [อีกแทร็ก]	ตอนนี้เลยเหรอ? วินาทีนี้เลย?
B04-0081	บท 3 คัตซีน · a03_010	Matsugane (ช)	แน่ใจ
B04-0082	บท 3 คัตซีน · a03_010	Matsugane (ช) [อีกแทร็ก]	...ใช่
B04-0083	บท 3 คัตซีน · a03_010	Yagami (ช)	ข่าวดีนะ ไคโตะซัง\nคุณเก็บนิ้วก้อยไว้ได้
B04-0084	บท 3 คัตซีน · a03_010	Yagami (ช) [อีกแทร็ก]	งั้นคุณก็เก็บนิ้วไว้ได้ ไคโตะซัง
B04-0085	บท 3 คัตซีน · a03_010	Unknown bystander (?)	หา?
B04-0086	บท 3 คัตซีน · a03_010	Hamura (ช)	คุณไม่มีสิทธิ์ตัดสินใจเรื่องนั้น
B04-0087	บท 3 คัตซีน · a03_010	Hamura (ช) [อีกแทร็ก]	คุณไม่มีสิทธิ์พูดเรื่องนี้!
B04-0088	บท 3 คัตซีน · a03_010	Hamura (ช)	ยากูซ่าตัดนิ้วตัวเองเพื่อแสดง ความรับผิดชอบ\nต่อสิ่งที่ตัวเองทำ
B04-0089	บท 3 คัตซีน · a03_010	Hamura (ช) [อีกแทร็ก]	การตัดนิ้วคือวิธีที่ยากูซ่า\nแสดงความรับผิดชอบ ใช่ไหม?
B04-0090	บท 3 คัตซีน · a03_010	Yagami (ช)	คนธรรมดาอย่างไคโตะซัง\nไม่มีเหตุผลต้องทำแบบนั้น
B04-0091	บท 3 คัตซีน · a03_010	Yagami (ช) [อีกแทร็ก]	แต่ตอนนี้ไคโตะซังเป็นคนธรรมดาไปแล้ว
B04-0092	บท 3 คัตซีน · a03_010	Hamura (ช)	แกคิดว่าตัวเองเป็นใครวะ!?
B04-0093	บท 3 คัตซีน · a03_010	Hamura (ช) [อีกแทร็ก]	แกไม่มีสิทธิ์อยู่ตรงนี้ด้วยซ้ำ!
B04-0094	บท 3 คัตซีน · a03_010	Yagami (ช)	ด้วยความเคารพนะครับ หัวหน้าของคุณเอง\nเพิ่งพูดว่าไคโตะไม่ใช่ยากูซ่าแล้ว... กัปตัน
B04-0095	บท 3 คัตซีน · a03_010	Yagami (ช) [อีกแทร็ก]	หัวหน้าตระกูลของคุณเพิ่งพูดว่า\nไคโตะซังเป็นคนธรรมดาแล้ว... กัปตัน
B04-0096	บท 3 คัตซีน · a03_010	Kaito (ช)	ถอยไป
B04-0097	บท 3 คัตซีน · a03_010	Kaito (ช) [อีกแทร็ก]	ทาคุ
B04-0098	บท 3 คัตซีน · a03_010	Kaito (ช)	ฉันจะทำในสิ่งที่ต้องทำ
B04-0099	บท 3 คัตซีน · a03_010	Kaito (ช) [อีกแทร็ก]	แกทำเกินไปแล้ว
B04-0100	บท 3 คัตซีน · a03_010	Yagami (ช)	ไคโตะซัง
B04-0101	บท 3 คัตซีน · a03_010	Kaito (ช)	มันต้องเป็นแบบนี้\nแหละ
B04-0102	บท 3 คัตซีน · a03_010	Kaito (ช) [อีกแทร็ก]	นี่แหละคือวิธีที่ลูกผู้ชาย รับผิดชอบความผิดพลาดของตัวเอง
B04-0103	บท 3 คัตซีน · a03_010	Kaito (ช)	ฉันไม่กลัวหรอก\nฉันเป็นยากูซ่า เว้ย!
B04-0104	บท 3 คัตซีน · a03_010	Kaito (ช) [อีกแทร็ก]	ฉันตัดสินใจไปแล้ว!
B04-0105	บท 3 คัตซีน · a03_010	Yagami (ช)	เดี๋ยว!
B04-0106	บท 3 คัตซีน · a03_010	Yagami (ช) [อีกแทร็ก]	หยุด!
B04-0107	บท 3 คัตซีน · a03_010	Yagami (ช)	ไคโตะ!
B04-0108	บท 3 คัตซีน · a03_010	Matsugane (ช)	มึงไม่ใช่คนตระกูลมัตสึกาเนะ\nหรือยากูซ่าอีกต่อไปแล้ว
B04-0109	บท 3 คัตซีน · a03_010	Matsugane (ช) [อีกแทร็ก]	แกไม่ใช่ลูกน้องของเราอีกต่อไปแล้ว
B04-0110	บท 3 คัตซีน · a03_010	Matsugane (ช)	ได้ยินไหม? กูไม่ต้องการนิ้วก้อยมึง\nงั้นก็... ไปซะ
B04-0111	บท 3 คัตซีน · a03_010	Matsugane (ช) [อีกแทร็ก]	กูไม่ต้องการนิ้วก้อยเปื้อน เลือดของคนธรรมดาหรอก
B04-0112	บท 3 คัตซีน · a03_010	Hamura (ช)	บอส...
B04-0113	บท 3 คัตซีน · a03_010	Hamura (ช) [อีกแทร็ก]	บ-บอส...
B04-0114	บท 3 คัตซีน · a03_015	Red Nose (ช)	พลาดแล้วไง ไอ้โง่
B04-0115	บท 3 คัตซีน · a03_015	Red Nose (ช) [อีกแทร็ก]	ใครวะเนี่ย...?
B04-0116	บท 3 คัตซีน · a03_015	Red Nose (ช)	เปิดเซฟซะ ไอ้เวร
B04-0117	บท 3 คัตซีน · a03_015	Red Nose (ช) [อีกแทร็ก]	เปิดเซฟ
B04-0118	บท 3 คัตซีน · a03_015	Red Nose (ช)	รีบหน่อย ไม่งั้นกูฆ่ามึงแน่
B04-0119	บท 3 คัตซีน · a03_015	Red Nose (ช) [อีกแทร็ก]	ขัดขืนคือตาย
B04-0120	บท 3 คัตซีน · a03_015	Yagami (ช)	น่าสนใจดีนะ
B04-0121	บท 3 คัตซีน · a03_015	Red Nose (ช)	งั้นก็ทำให้คุ้มไว้ล่ะกัน\nไม่งั้นตากูบ้างนะ
B04-0122	บท 3 คัตซีน · a03_015	Red Nose (ช) [อีกแทร็ก]	จะทำให้นัดแรกคุ้มได้ไหมล่ะ?\nไม่งั้นแกตายแน่
B04-0123	บท 3 คัตซีน · a03_015	Yagami (ช)	ได้ยินว่าไอ้หนุ่มคนนั้นซวยจริง กำลังนั่งขัดรองเท้า\nให้หัวหน้าอยู่มุมห้องพอดี
B04-0124	บท 3 คัตซีน · a03_015	Yagami (ช) [อีกแทร็ก]	เขานั่งอยู่กับพื้น\nกำลังขัดรองเท้าให้หัวหน้า
B04-0125	บท 3 คัตซีน · a03_015	Yagami (ช)	กว่าจะรู้ตัวว่าเกิดอะไรขึ้น\nก็จบเห่ไปแล้ว
B04-0126	บท 3 คัตซีน · a03_015	Yagami (ช) [อีกแทร็ก]	แต่กว่าเขาจะรู้ตัวว่าเกิดอะไรขึ้น\nก็สายไปแล้ว
B04-0127	บท 3 คัตซีน · a03_015	Higashi (ช)	เอาล่ะ แกเอาชนะฉันได้
B04-0128	บท 3 คัตซีน · a03_015	Higashi (ช) [อีกแทร็ก]	ก็ได้ คุณชนะ
B04-0129	บท 3 คัตซีน · a03_015	Higashi (ช)	เงินเป็นของคุณแล้ว
B04-0130	บท 3 คัตซีน · a03_015	Higashi (ช) [อีกแทร็ก]	ฉันยอมแพ้
B04-0131	บท 3 คัตซีน · a03_015	Higashi (ช)	งั้นฉัน... ไปหยิบมาให้ก็แล้วกัน
B04-0132	บท 3 คัตซีน · a03_015	Higashi (ช) [อีกแทร็ก]	เอาเงินไปซะเถอะ
B04-0133	บท 3 คัตซีน · a03_015	Yagami (ช)	ต่อให้พยายามแค่ไหน ฮิงาชิก็ลืมหน้านั้นไม่ลง\nมันฝังอยู่ในความทรงจำเขาไปแล้ว
B04-0134	บท 3 คัตซีน · a03_015	Yagami (ช) [อีกแทร็ก]	ฮิงาชิจดจำใบหน้า รูปร่าง\nและลักษณะของไอ้ขโมยคนนั้นไว้ใน หัวแม่นยำ
B04-0135	บท 3 คัตซีน · a03_015	Yagami (ช)	จะว่าไปมันก็จบลงด้วยดี\nเพราะไม่มีใครตาย
B04-0136	บท 3 คัตซีน · a03_015	Yagami (ช) [อีกแทร็ก]	ไม่มีใครตาย จะว่าไปก็ถือว่า\nเป็นผลลัพธ์ที่ดีที่สุดแล้ว
B04-0137	บท 3 คัตซีน · a03_015	Yagami (ช)	หรือจะพูดอีกแบบก็ได้ว่าฮิงาชิ ทิ้งอานิกิ\nตัวเองแล้วปล่อยให้ไอ้ขโมยหนีไป
B04-0138	บท 3 คัตซีน · a03_015	Yagami (ช) [อีกแทร็ก]	แต่ก็พูดได้เหมือนกันว่าเขาได้แต่มอง\nไอ้ขโมยเดินหนีไปพร้อมเงิน 100 ล้าน
B04-0139	บท 3 คัตซีน · a03_015	Yagami (ช)	และนั่นคืออีกวิธีหนึ่ง\nที่ยากูซ่าต้องเสียนิ้วไป\n\n
B04-0140	บท 3 คัตซีน · a03_015	Yagami (ช) [อีกแทร็ก]	ยากูซ่าตัดนิ้วเพื่อสิ่งนั้นแหละ
B04-0141	บท 3 คัตซีน · a03_020	Yakuza member (ช)	ฮิงาชิซัง!
B04-0142	บท 3 คัตซีน · a03_020	Yakuza member (ช)	ยากามิมาแล้ว\nไคโตะก็มาด้วย!
B04-0143	บท 3 คัตซีน · a03_020	Yakuza member (ช) [อีกแทร็ก]	ยากามิมาแล้ว แล้วก็ไคโตะด้วย!
B04-0144	บท 3 คัตซีน · a03_020	Higashi (ช)	โห ไม่คิดเลยว่าจะได้เห็น\nไคโตะซังมาโผล่ที่นี่
B04-0145	บท 3 คัตซีน · a03_020	Higashi (ช) [อีกแทร็ก]	นี่มันหมายความว่ายังไง ไคโตะซัง?
B04-0146	บท 3 คัตซีน · a03_020	Kaito (ช)	ก็แค่แฟร์ดีหลังจากสิ่งที่นาย\nทำไว้ ฟังนะ เราต้องคุยกัน 
B04-0147	บท 3 คัตซีน · a03_020	Kaito (ช) [อีกแทร็ก]	นายต่างหากที่บุก\nเข้ามาที่นี่ก่อน
B04-0148	บท 3 คัตซีน · a03_020	Higashi (ช)	แล้วเรื่องอะไรกันแน่?
B04-0149	บท 3 คัตซีน · a03_020	Higashi (ช) [อีกแทร็ก]	ฉันถามว่าแกมาทำ\nบ้าอะไรที่นี่?
B04-0150	บท 3 คัตซีน · a03_020	Ayabe (ช)	ฮิงาชิ
B04-0151	บท 3 คัตซีน · a03_020	Ayabe (ช) [อีกแทร็ก]	ฮิงาชิ นายทำ...
B04-0152	บท 3 คัตซีน · a03_020	Ayabe (ช)	จมูกแดง\nนายฆ่าเขาเมื่อปีที่แล้วใช่ไหม?
B04-0153	บท 3 คัตซีน · a03_020	Ayabe (ช) [อีกแทร็ก]	...ฆ่าจมูกแดงเหรอ?
B04-0154	บท 3 คัตซีน · a03_020	Higashi (ช)	ใครล่ะ?
B04-0155	บท 3 คัตซีน · a03_020	Higashi (ช) [อีกแทร็ก]	หา?
B04-0156	บท 3 คัตซีน · a03_020	Ayabe (ช)	อย่าแกล้งโง่\nไอ้คนที่บุกเข้าไปใน สำนักงานตระกูลมัตสึกาเนะ
B04-0157	บท 3 คัตซีน · a03_020	Ayabe (ช) [อีกแทร็ก]	ไอ้ขโมยที่บุกเข้าไป\nในสำนักงานตระกูลมัตสึกาเนะ เมื่อปีก่อน
B04-0158	บท 3 คัตซีน · a03_020	Ayabe (ช)	ฟังนะ เรารู้อยู่แล้วว่านาย\nเอาเงินคืนมาจากเขาได้
B04-0159	บท 3 คัตซีน · a03_020	Ayabe (ช) [อีกแทร็ก]	นายเป็นคนเอาเงิน\nคืนมาจากเขา ใช่ไหม?
B04-0160	บท 3 คัตซีน · a03_020	Ayabe (ช)	แล้วไม่นานหลังจากนั้น...
B04-0161	บท 3 คัตซีน · a03_020	Ayabe (ช) [อีกแทร็ก]	แต่ในช่วงเวลาไล่เลี่ยกัน...
B04-0162	บท 3 คัตซีน · a03_020	Ayabe (ช)	จมูกแดงถูกพบเป็นศพ\nในท่อระบายน้ำ 
B04-0163	บท 3 คัตซีน · a03_020	Ayabe (ช) [อีกแทร็ก]	...มีคนยืนยันตัวศพจมูกแดงแล้ว
B04-0164	บท 3 คัตซีน · a03_020	Ayabe (ช)	ส่วนสาเหตุการตาย...\nดูเหมือนว่าเขาจะถูกยิง
B04-0165	บท 3 คัตซีน · a03_020	Ayabe (ช) [อีกแทร็ก]	เขาถูกยิง\nแล้วถูกทิ้งลอยอยู่ในท่อระบายน้ำ
B04-0166	บท 3 คัตซีน · a03_020	Yakuza member (ช)	ฮิงาชิซัง!?
B04-0167	บท 3 คัตซีน · a03_020	Yakuza member (ช) [อีกแทร็ก]	ฮิงาชิซัง...!
B04-0168	บท 3 คัตซีน · a03_020	Kaito (ช)	ไอ้สารเลว\nกล้าดียังไง
B04-0169	บท 3 คัตซีน · a03_020	Kaito (ช) [อีกแทร็ก]	พอกันที กล้าดียังไงกัน?
B04-0170	บท 3 คัตซีน · a03_020	Yagami (ช)	ผมต้องการคำตอบจากนาย\nนายฆ่าจมูกแดงหรือเปล่า?
B04-0171	บท 3 คัตซีน · a03_020	Yagami (ช) [อีกแทร็ก]	นายฆ่าเขาจริง ๆ เหรอ?
B04-0172	บท 3 คัตซีน · a03_020	Kaito (ช)	พูดมาซะดี ๆ ฮิงาชิ!
B04-0173	บท 3 คัตซีน · a03_020	Kaito (ช) [อีกแทร็ก]	ตอบเขาสิ ฮิงาชิ!
B04-0174	บท 3 คัตซีน · a03_020	Higashi (ช)	ผมทำเพื่อพี่นะ\nถ้าผมเอาเงินคืนมาได้ล่ะก็...
B04-0175	บท 3 คัตซีน · a03_020	Higashi (ช) [อีกแทร็ก]	ตอนนั้น...\nผมแค่อยากช่วยอานิกิ
B04-0176	บท 3 คัตซีน · a03_020	Higashi (ช)	บางทีพวกเขาอาจจะไม่ไล่พี่\nออกจากตระกูลบ้าๆ นั่นก็ได้
B04-0177	บท 3 คัตซีน · a03_020	Higashi (ช) [อีกแทร็ก]	ผมคิดว่าถ้าเอาเงินคืนมาได้\nพี่ก็คงได้กลับเข้าตระกูลอีกครั้ง
B04-0178	บท 3 คัตซีน · a03_020	Higashi (ช)	ผมพร้อม...\nที่จะทำทุกอย่างที่ต้องทำ
B04-0179	บท 3 คัตซีน · a03_020	Higashi (ช) [อีกแทร็ก]	ผมพร้อมทำทุกอย่างเท่าที่จำเป็น
B04-0180	บท 3 คัตซีน · a03_020	Yagami (ช)	เพื่อไคโตะเหรอ?
B04-0181	บท 3 คัตซีน · a03_020	Yagami (ช) [อีกแทร็ก]	แต่กระนั้น...
B04-0182	บท 3 คัตซีน · a03_020	Yagami (ช)	ถ้านายพูดจริง\nก็วางปืนบ้านั่นซะ!
B04-0183	บท 3 คัตซีน · a03_020	Yagami (ช) [อีกแทร็ก]	ตอนนี้นายกลับเอาปืนมาจ่อ\nคนคนเดียวกันนี่แหละเหรอ!?
B04-0184	บท 3 คัตซีน · a03_020	Tashiro (ช)	ไม่มีสิทธิ์!
B04-0185	บท 3 คัตซีน · a03_020	Tashiro (ช) [อีกแทร็ก]	หุบปาก!
B04-0186	บท 3 คัตซีน · a03_020	Kaito (ช)	งั้นก็เปิดหมดหน้าตักเลยสินะ\nนายจะฆ่าพวกเราจริง ๆ เหรอ ฮิงาชิ?
B04-0187	บท 3 คัตซีน · a03_020	Kaito (ช) [อีกแทร็ก]	นายพร้อมจะยิง\nทาคุกับฉันจริง ๆ เหรอ?
B04-0188	บท 3 คัตซีน · a03_020	Yagami (ช)	จบแล้ว
B04-0189	บท 3 คัตซีน · a03_020	Yagami (ช) [อีกแทร็ก]	ปืนกระบอกนั้นของนาย...
B04-0190	บท 3 คัตซีน · a03_020	Yagami (ช)	ปืนบ้านั่นมีกระสุนไม่พอหรอก\nนายฆ่าพวกเราทั้งหมดไม่ได้หรอก
B04-0191	บท 3 คัตซีน · a03_020	Yagami (ช) [อีกแทร็ก]	...มีกระสุนไม่พอ\nที่จะปิดปากพวกเราทั้งหมดหรอก
B04-0192	บท 3 คัตซีน · a03_020	Umazuki (ช)	อะไรกันเนี่ย...
B04-0193	บท 3 คัตซีน · a03_020	Umazuki (ช) [อีกแทร็ก]	อะไรนะ!?
B04-0194	บท 3 คัตซีน · a03_020	Unknown (ช)	แก...
B04-0195	บท 3 คัตซีน · a03_020	Unknown (ช) [อีกแทร็ก]	ไอ้ลูก...!
B04-0196	บท 3 คัตซีน · a03_020	Koga (ช)	ไอ้เวร!
B04-0197	บท 3 คัตซีน · a03_020	Koga (ช) [อีกแทร็ก]	แกนี่มัน ยากามิ!
B04-0198	บท 3 คัตซีน · a03_020	Tashiro (ช)	แกทำบ้าอะไรอยู่!?\nจัดการมันซะ!
B04-0199	บท 3 คัตซีน · a03_020	Tashiro (ช) [อีกแทร็ก]	แกทำอะไรอยู่!?\nจับพวกมัน!
B04-0200	บท 3 คัตซีน · a03_020	Kaito (ช)	ขอบใจนะ\nรีบไปซะ!
B04-0201	บท 3 คัตซีน · a03_020	Kaito (ช) [อีกแทร็ก]	หลีกไปซะ ไอ้พวกแก่!
B04-0202	บท 3 คัตซีน · a03_020	Yakuza member (ช)	ไอ้สัตว์!
B04-0203	บท 3 คัตซีน · a03_020	Yakuza member (ช) [อีกแทร็ก]	แกตายแน่โว้ย!
B04-0204	บท 3 คัตซีน · a03_020	Kaito (ช)	โคตรมันส์เลยว่ะ!\nลุยกันเลย!
B04-0205	บท 3 คัตซีน · a03_020	Kaito (ช) [อีกแทร็ก]	ในที่สุดก็ถึงตาฉันโชว์ฝีมือแล้ว ทาคุ!
B04-0206	บท 3 คัตซีน · a03_020	Yagami (ช)	ใช่
B04-0207	บท 3 คัตซีน · a03_020	Yagami (ช) [อีกแทร็ก]	อื้อ...
B04-0208	บท 3 คัตซีน · a03_020	Yagami (ช)	นี่แหละที่ผมจ้างไคโตะซังไว้
B04-0209	บท 3 คัตซีน · a03_020	Yagami (ช) [อีกแทร็ก]	ได้เวลาทำงานคุ้มเงินเดือนแล้ว!
B04-0210	บท 3 คัตซีน · a03_020	Kaito (ช)	เอาเลยโว้ย!
B04-0211	บท 3 คัตซีน · a03_020	Kaito (ช) [อีกแทร็ก]	เอาเลย!
B04-0212	บท 3 คัตซีน · a03_030	Hamura (ช)	ใครน่ะ?\nออกมาซะ!
B04-0213	บท 3 คัตซีน · a03_030	Hamura (ช) [อีกแทร็ก]	ใครอยู่ตรงนั้น!?\nออกมาให้เห็นหน้า!
B04-0214	บท 3 คัตซีน · a03_030	Higashi (ช)	ฮามุระ?\nใช่เขาหรือเปล่า...?
B04-0215	บท 3 คัตซีน · a03_030	Higashi (ช) [อีกแทร็ก]	กัปตันฮามุระ...?
B04-0216	บท 3 คัตซีน · a03_030	Higashi (ช)	ผมฮิงาชิเองครับ!
B04-0217	บท 3 คัตซีน · a03_030	Higashi (ช) [อีกแทร็ก]	ก-กัปตัน...!?
B04-0218	บท 3 คัตซีน · a03_030	Higashi (ช)	ขอโทษที่บุกมา\nแบบนี้นะ
B04-0219	บท 3 คัตซีน · a03_030	Higashi (ช) [อีกแทร็ก]	ผมเองครับ! ฮิงาชิ!
B04-0220	บท 3 คัตซีน · a03_030	Hamura (ช)	ฮิงาชิ... แกมาทำ\nบ้าอะไรที่นี่? มาคนเดียวเหรอ?
B04-0221	บท 3 คัตซีน · a03_030	Hamura (ช) [อีกแทร็ก]	ฮิงาชิ? ไอ้โง่ มาทำอะไรที่นี่?\nมาคนเดียวเหรอ?
B04-0222	บท 3 คัตซีน · a03_030	Higashi (ช)	ผม เอ่อ... ไม่รู้ว่าท่านสังเกตหรือเปล่า\nแต่นั่นแหละคือตัวเขา!
B04-0223	บท 3 คัตซีน · a03_030	Higashi (ช) [อีกแทร็ก]	เอ่อ... ไอ้คนไร้บ้านคนนั้น...
B04-0224	บท 3 คัตซีน · a03_030	Higashi (ช)	นั่นคือจมูกแดง! คนที่ขโมย\nเงิน 100 ล้านจากสำนักงานเรา!
B04-0225	บท 3 คัตซีน · a03_030	Higashi (ช) [อีกแทร็ก]	นั่นคือ "จมูกแดง" คนที่\nขโมยเงินร้อยล้านไป!
B04-0226	บท 3 คัตซีน · a03_030	Hamura (ช)	ขอโทษนะ จมูกแดง\nนี่ไม่ใช่เรื่องส่วนตัว
B04-0227	บท 3 คัตซีน · a03_030	Hamura (ช) [อีกแทร็ก]	ไม่ใช่เรื่องส่วนตัวหรอก\nไปโทษไอ้โง่คนนี้เถอะ
B04-0228	บท 3 คัตซีน · a03_030	Red Nose (ช)	หา?
B04-0229	บท 3 คัตซีน · a03_030	Higashi (ช)	กัปตัน...?
B04-0230	บท 3 คัตซีน · a03_030	Higashi (ช) [อีกแทร็ก]	...ทำไมกัน!?
B04-0231	บท 3 คัตซีน · a03_030	Higashi (ช)	เฮ้ เอ่อ...\nนั่นมันไอเดียที่ดีจริง ๆ เหรอ?
B04-0232	บท 3 คัตซีน · a03_030	Higashi (ช) [อีกแทร็ก]	กัปตัน แน่ใจเหรอว่านี่ไม่ใช่ การตัดสินใจที่ผิด?
B04-0233	บท 3 คัตซีน · a03_030	Hamura (ช)	บอกมาสิ
B04-0234	บท 3 คัตซีน · a03_030	Hamura (ช) [อีกแทร็ก]	พูดมา
B04-0235	บท 3 คัตซีน · a03_030	Hamura (ช)	มึงรู้ได้ยังไง\nว่าจมูกแดงคือตัวขโมย?
B04-0236	บท 3 คัตซีน · a03_030	Hamura (ช) [อีกแทร็ก]	มึงรู้ได้ยังไงว่าเขาคือตัวขโมย?
B04-0237	บท 3 คัตซีน · a03_030	Higashi (ช)	ผม เอ่อ... ก็คือ ผม...
B04-0238	บท 3 คัตซีน · a03_030	Higashi (ช) [อีกแทร็ก]	ก-ก็...
B04-0239	บท 3 คัตซีน · a03_030	Higashi (ช)	แล้วจะให้ผมทำยังไงได้ล่ะ?\nผมบอกเขาไปหมดทุกอย่าง
B04-0240	บท 3 คัตซีน · a03_030	Higashi (ช) [อีกแทร็ก]	ผมเล่าเรื่องทั้งหมดให้เขาฟัง
B04-0241	บท 3 คัตซีน · a03_030	Higashi (ช)	ว่าผมอยู่ในสำนักงานตอนที่\nขโมยบุกเข้ามาขโมยเงินไป
B04-0242	บท 3 คัตซีน · a03_030	Higashi (ช) [อีกแทร็ก]	บอกเขาไปว่าผมอยู่ตรงนั้นจริง ๆ\nตอนที่เขาบุกสำนักงาน
B04-0243	บท 3 คัตซีน · a03_030	Higashi (ช)	ว่าผมซื้อข้อมูลตำรวจจากอายาเบะ\nแล้วตามรอยไปจนเจอจมูกแดง
B04-0244	บท 3 คัตซีน · a03_030	Higashi (ช) [อีกแทร็ก]	ว่าผมติดสินบนอายาเบะเพื่อหา เบาะแสจมูกแดง
B04-0245	บท 3 คัตซีน · a03_030	Higashi (ช)	ผมพูดไม่หยุดเลย เหมือนชีวิตแขวนอยู่\nกับมัน จริงๆ ก็คงงั้นแหละ
B04-0246	บท 3 คัตซีน · a03_030	Higashi (ช) [อีกแทร็ก]	รู้สึกเหมือนถ้าผมหยุดพูดเมื่อไหร่\nเขาต้องยิงผมแน่ ผมเลยพูดไม่หยุด
B04-0247	บท 3 คัตซีน · a03_030	Hamura (ช)	ช่างเฉียบแหลมจริง ๆ
B04-0248	บท 3 คัตซีน · a03_030	Hamura (ช) [อีกแทร็ก]	เข้าใจแล้ว
B04-0249	บท 3 คัตซีน · a03_030	Hamura (ช)	มึงทำทั้งหมดนั้นเพื่อล้างมลทิน\nให้ไคโตะเพื่อนมึงสินะ?
B04-0250	บท 3 คัตซีน · a03_030	Hamura (ช) [อีกแทร็ก]	งั้นมึงพยายามล้างมลทินให้ไคโตะสินะ?
B04-0251	บท 3 คัตซีน · a03_030	Hamura (ช)	มึงนี่มันเด็กที่ภักดี\nที่สุดในเมืองเลยนะ
B04-0252	บท 3 คัตซีน · a03_030	Hamura (ช) [อีกแทร็ก]	เด็กดีจริง ๆ
B04-0253	บท 3 คัตซีน · a03_030	Red Nose (ช)	ได้โปรด... อย่ายิงเลย...
B04-0254	บท 3 คัตซีน · a03_030	Red Nose (ช) [อีกแทร็ก]	อย่าฆ่าผมเลย!
B04-0255	บท 3 คัตซีน · a03_030	Red Nose (ช)	อะไรก็ได้ที่ท่านต้องการ!\nผมขอร้องล่ะ กัปตัน!
B04-0256	บท 3 คัตซีน · a03_030	Red Nose (ช) [อีกแทร็ก]	ได้โปรด! ให้ผมมีชีวิตอยู่ต่อเถอะ!
B04-0257	บท 3 คัตซีน · a03_030	Higashi (ช)	แต่... กัปตัน เดี๋ยวก่อน\nแน่ใจนะครับ?
B04-0258	บท 3 คัตซีน · a03_030	Higashi (ช) [อีกแทร็ก]	กัปตัน ท่านจะทำจริง ๆ เหรอ...?
B04-0259	บท 3 คัตซีน · a03_030	Hamura (ช)	คงงั้นแหละ
B04-0260	บท 3 คัตซีน · a03_030	Hamura (ช) [อีกแทร็ก]	ก็แล้วแต่...
B04-0261	บท 3 คัตซีน · a03_030	Hamura (ช)	มึงอยากมีชีวิตอยู่...\nก็แสดงความภักดีให้กูดูหน่อยสิ
B04-0262	บท 3 คัตซีน · a03_030	Hamura (ช) [อีกแทร็ก]	ถ้ามึงอยากมีชีวิตอยู่\nก็สาบานความภักดีต่อกูซะ
B04-0263	บท 3 คัตซีน · a03_030	Hamura (ช)	พิสูจน์ตัวเองซะให้เด็ดขาดไปเลย
B04-0264	บท 3 คัตซีน · a03_030	Hamura (ช) [อีกแทร็ก]	แล้วกูจะให้มึงพิสูจน์มัน
B04-0265	บท 3 คัตซีน · a03_030	Higashi (ช)	แต่ทำยังไงล่ะ? ผมจะทำได้ยังไง?
B04-0266	บท 3 คัตซีน · a03_030	Higashi (ช) [อีกแทร็ก]	แต่... ยังไงกัน!?
B04-0267	บท 3 คัตซีน · a03_030	Hamura (ช)	แบบนี้ไง
B04-0268	บท 3 คัตซีน · a03_030	Hamura (ช) [อีกแทร็ก]	จบมันซะ
B04-0269	บท 3 คัตซีน · a03_030	Hamura (ช)	อะไรนะ!?
B04-0270	บท 3 คัตซีน · a03_030	Hamura (ช) [อีกแทร็ก]	ถ้ามึงไม่โผล่มา\nเขาอาจจะยังมีชีวิตอยู่ก็ได้
B04-0271	บท 3 คัตซีน · a03_030	Hamura (ช)	เขาไม่ต้องตายหรอก\nถ้ามึงไม่โผล่หน้าซวยๆ มา
B04-0272	บท 3 คัตซีน · a03_030	Hamura (ช) [อีกแทร็ก]	ไม่ใช่แค่นั้น\nเขาจะรวยขึ้นอีก 10 ล้านเยนด้วย
B04-0273	บท 3 คัตซีน · a03_030	Hamura (ช)	ไม่ใช่แค่นั้น...\nเขาคงเดินจากไปพร้อมเงินอีก 10 ล้าน
B04-0274	บท 3 คัตซีน · a03_030	Hamura (ช) [อีกแทร็ก]	น่าสงสารเนอะ?
B04-0275	บท 3 คัตซีน · a03_030	Hamura (ช)	น่าสงสารที่สุดเลย\nเลือดของเขาติดมือมึงนะ รู้ไหม
B04-0276	บท 3 คัตซีน · a03_030	Hamura (ช) [อีกแทร็ก]	มึงนี่แหละที่ฆ่าเขา
B04-0277	บท 3 คัตซีน · a03_030	Red Nose (ช)	ไม่นะ!
B04-0278	บท 3 คัตซีน · a03_030	Red Nose (ช) [อีกแทร็ก]	ไม่นะ!
B04-0279	บท 3 คัตซีน · a03_030	Hamura (ช)	โห\nมึงกรี๊ดเหมือนอีดอกทองเลยว่ะ
B04-0280	บท 3 คัตซีน · a03_030	Hamura (ช) [อีกแทร็ก]	มึงกรี๊ดเหมือนผู้หญิงเลยนะ รู้ไหม
B04-0281	บท 3 คัตซีน · a03_030	Hamura (ช)	จะบอกว่ามันเสียวๆ ดีเหมือนกันนะ
B04-0282	บท 3 คัตซีน · a03_030	Hamura (ช) [อีกแทร็ก]	มันทำให้กูอารมณ์ดีขึ้นเลยว่ะ
B04-0283	บท 3 คัตซีน · a03_030	Hamura (ช)	มึงเสียใจไปทำไมกัน?
B04-0284	บท 3 คัตซีน · a03_030	Hamura (ช) [อีกแทร็ก]	และด้วยเหตุนั้น...
B04-0285	บท 3 คัตซีน · a03_030	Hamura (ช)	ในที่สุดมึงก็เป็นยากูซ่าตัวจริงแล้ว
B04-0286	บท 3 คัตซีน · a03_030	Hamura (ช) [อีกแทร็ก]	...ตอนนี้มึงเป็นยากูซ่าตัวจริงแล้ว
B04-0287	บท 3 คัตซีน · a03_040	Kaito (ช)	ตอนที่ทาคุยังเด็ก...
B04-0288	บท 3 คัตซีน · a03_040	Kaito (ช) [อีกแทร็ก]	ตอนที่ทาคุยังเด็ก...　
B04-0289	บท 3 คัตซีน · a03_040	Kaito (ช)	พ่อแม่ของเขาทั้งคู่\nถูกแทงจนเสียชีวิต
B04-0290	บท 3 คัตซีน · a03_040	Kaito (ช) [อีกแทร็ก]	พ่อแม่ของเขาถูกฆ่าอย่างโหดเหี้ยม\nด้วยมีดทำครัว　
B04-0291	บท 3 คัตซีน · a03_040	Kaito (ช)	ตอนที่มันเกิดขึ้น ทาคุอยู่ที่\nบ้านเพื่อน
B04-0292	บท 3 คัตซีน · a03_040	Kaito (ช) [อีกแทร็ก]	พ่อแม่ทำงานตลอดเวลา\nเขาเลยอยู่ในช่วงหัวขบถ
B04-0293	บท 3 คัตซีน · a03_040	Kaito (ช)	เขาไปอยู่ที่นั่นเพื่อเลี่ยง หน้าพ่อแม่\nหงุดหงิดที่พวกเขาทำงานหนักตลอดเวลา
B04-0294	บท 3 คัตซีน · a03_040	Kaito (ช) [อีกแทร็ก]	ตอนที่มันเกิดขึ้น เขานอนค้าง\nอยู่ที่บ้านเพื่อน
B04-0295	บท 3 คัตซีน · a03_040	Kaito (ช)	แต่บางทีถ้าเขาอยู่บ้าน...
B04-0296	บท 3 คัตซีน · a03_040	Kaito (ช) [อีกแทร็ก]	ถ้าเขาอยู่บ้าน...
B04-0297	บท 3 คัตซีน · a03_040	Kaito (ช)	บางทีเขาอาจจะทำ\nอะไรได้บ้าง อะไรก็ได้
B04-0298	บท 3 คัตซีน · a03_040	Kaito (ช) [อีกแทร็ก]	...บางทีเขาอาจจะหยุดไอ้คนนั้นได้　
B04-0299	บท 3 คัตซีน · a03_040	Kaito (ช)	บางทีพ่อแม่ของเขา\nอาจจะยังมีชีวิตอยู่ก็ได้
B04-0300	บท 3 คัตซีน · a03_040	Kaito (ช) [อีกแทร็ก]	บางทีพวกเขาอาจจะยังมีชีวิตอยู่ก็ได้　
B04-0301	บท 3 พากย์ · speech_list_judge_main_c03	? (ช)	อะไร ไอ้เด็กใส่หน้ากากน่ะเหรอ?\nหาให้เจอด้วย ไอ้โง่!
B04-0302	บท 3 พากย์ · speech_list_judge_main_c03	? (ช) [อีกแทร็ก]	อะไร ไอ้เด็กใส่หน้ากากนั่นน่ะเหรอ...?\nคิดว่าไงล่ะ!? หาให้เจอด้วย ไอ้โง่!
B04-0303	บท 3 พากย์ · speech_list_judge_main_c03	yagami (ช)	ไหนล่ะ ไคโตะซัง\nรับสายสิ รับสาย ต้องหลบซ่อนตัวนะ
B04-0304	บท 3 พากย์ · speech_list_judge_main_c03	yagami (ช) [อีกแทร็ก]	รับสายสิ ไคโตะซัง...\nตระกูลมัตสึกาเนะกำลังไล่ล่าอยู่...
B04-0305	บท 3 พากย์ · speech_list_judge_main_c03	? (ช)	เขาอยู่ไหนกันนะ...?
B04-0306	บท 3 พากย์ · speech_list_judge_main_c03	yagami (ช)	(ไคโตะซังอย่าเพิ่งกลับไปที่ ออฟฟิศเชียวนะ\nนั่นคือที่แรกที่พวกมันจะไปหา...!)
B04-0307	บท 3 พากย์ · speech_list_judge_main_c03	kaito (ช)	โย่ ทาคุ
B04-0308	บท 3 พากย์ · speech_list_judge_main_c03	kaito (ช) [อีกแทร็ก]	โย่ ทาคุ
B04-0309	บท 3 พากย์ · speech_list_judge_main_c03	higashi (ช)	เฮอะ ไม่เจอกันนานเลยนะ ยากามิ
B04-0310	บท 3 พากย์ · speech_list_judge_main_c03	higashi (ช) [อีกแทร็ก]	ยากามิ\nไม่เจอกันนานเลยนะ
B04-0311	บท 3 พากย์ · speech_list_judge_main_c03	? (ช)	ฮิงาชิ? นายเองเหรอ?
B04-0312	บท 3 พากย์ · speech_list_judge_main_c03	? (ช) [อีกแทร็ก]	นายเองเหรอ...? ฮิงาชิ?
B04-0313	บท 3 พากย์ · speech_list_judge_main_c03	? (ช)	<color=ｍonologue>(ฮิงาชิแห่งตระกูลมัตสึกาเนะ\nเขากับไคโตะซังเคยสนิทกันก่อน ไคโตะซังจะถูกไล่ออก)</color>
B04-0314	บท 3 พากย์ · speech_list_judge_main_c03	? (ช)	บอกว่ามาตามคำสั่งกัปตัน\nพวกนั้นตามหานายอยู่
B04-0315	บท 3 พากย์ · speech_list_judge_main_c03	? (ช) [อีกแทร็ก]	บอกว่ามาตามคำสั่งของกัปตัน\nพวกนั้นตามหานายอยู่
B04-0316	บท 3 พากย์ · speech_list_judge_main_c03	? (ช)	รู้แล้วละ ฟังดูเหมือนเขาจะไม่อยากให้\nฆาตกรที่เราตามอยู่ถูกจับได้จริง ๆ
B04-0317	บท 3 พากย์ · speech_list_judge_main_c03	? (ช) [อีกแทร็ก]	รู้แล้วละ ฟังดูเหมือนเขาจะพยายามสุดฤทธิ์\nปกป้องไส้ศึกอยู่
B04-0318	บท 3 พากย์ · speech_list_judge_main_c03	? (ช)	นายยังไม่ยอมถอยใช่ไหม?
B04-0319	บท 3 พากย์ · speech_list_judge_main_c03	? (ช)	ทั้งที่มันทำให้ฮามุระโมโหขนาด นี้เนี่ยนะ?
B04-0320	บท 3 พากย์ · speech_list_judge_main_c03	? (ช)	ไม่มีทางถอยหรอก
B04-0321	บท 3 พากย์ · speech_list_judge_main_c03	? (ช)	อย่ามายุ่งเรื่องนี้เลยนะ ไอ้บ้า
B04-0322	บท 3 พากย์ · speech_list_judge_main_c03	? (ช)	เพราะนายนั่นแหละ ผมถึงต้อง\nมาล้างขี้แบบนี้
B04-0323	บท 3 พากย์ · speech_list_judge_main_c03	? (ช)	อะไร มีปัญหาเหรอ? นึกว่านาย\nภูมิใจที่ได้เป็นหมารับใช้ฮามุระซะอีก
B04-0324	บท 3 พากย์ · speech_list_judge_main_c03	? (ช) [อีกแทร็ก]	มีปัญหาเหรอ? เท่าที่ได้ยินมา\nนายภูมิใจที่ได้เป็นหมารับใช้ ฮามุระนี่นา
B04-0325	บท 3 พากย์ · speech_list_judge_main_c03	? (ช)	ผมยอมทำตามคำสั่งบ้าง\nแลกกับของที่เขาแบ่งให้
B04-0326	บท 3 พากย์ · speech_list_judge_main_c03	? (ช) [อีกแทร็ก]	เขามีของกิน\nผมก็เลยต้องทำตามที่สั่ง
B04-0327	บท 3 พากย์ · speech_list_judge_main_c03	? (ช)	แล้วก็อีกอย่าง เขาเป็นหัวหน้าที่เก่งกว่า\nที่พี่เคยเป็นซะอีก... ไคโตะอานิกิ
B04-0328	บท 3 พากย์ · speech_list_judge_main_c03	? (ช)	นายไม่มีสิทธิ์\nมาเรียกฉันแบบนั้นอีกแล้ว
B04-0329	บท 3 พากย์ · speech_list_judge_main_c03	? (ช) [อีกแทร็ก]	อย่ามาเรียกฉันแบบนั้น\nฉันไม่ใช่อานิกิของนายอีกแล้ว
B04-0330	บท 3 พากย์ · speech_list_judge_main_c03	? (ช)	ก็คงอย่างนั้น
B04-0331	บท 3 พากย์ · speech_list_judge_main_c03	? (ช) [อีกแทร็ก]	พี่พูดถูกสินะ
B04-0332	บท 3 พากย์ · speech_list_judge_main_c03	? (ช)	ถ้างั้นก็พาพวกลูกน้องไปซะ ฮิงาชิ
B04-0333	บท 3 พากย์ · speech_list_judge_main_c03	? (ช) [อีกแทร็ก]	เอาล่ะ พาพวกลูกน้องไปซะ ฮิงาชิ
B04-0334	บท 3 พากย์ · speech_list_judge_main_c03	? (ช)	ก็ได้\nวันนี้พอแค่นี้ก่อนแล้วกัน
B04-0335	บท 3 พากย์ · speech_list_judge_main_c03	? (ช) [อีกแทร็ก]	ก็ได้\nวันนี้พอแค่นี้แหละ
B04-0336	บท 3 พากย์ · speech_list_judge_main_c03	? (ช)	ดูเหมือนถ้าผมอยากสู้กับนาย...
B04-0337	บท 3 พากย์ · speech_list_judge_main_c03	? (ช)	ผมคงต้องเตรียมใจฆ่านายให้ได้
B04-0338	บท 3 พากย์ · speech_list_judge_main_c03	? (?)	รอไปด้วยเลย
B04-0339	บท 3 พากย์ · speech_list_judge_main_c03	? (ช) [อีกแทร็ก]	ก็ได้ รอไปด้วยเลย
B04-0340	บท 3 พากย์ · speech_list_judge_main_c03	? (ช)	จบเรื่องแค่นี้\nไปกันเถอะ
B04-0341	บท 3 พากย์ · speech_list_judge_main_c03	? (ช)	จำที่ผมบอกไว้ให้ดี
B04-0342	บท 3 พากย์ · speech_list_judge_main_c03	? (ช)	ยากามินี่มันระเบิดเวลาดี ๆ นี่เอง\nถ้าอยากรอดก็กำจัดมันซะ
B04-0343	บท 3 พากย์ · speech_list_judge_main_c03	? (ช) [อีกแทร็ก]	ยากามินี่มันเหมือนโรคระบาดร้าย ๆ\nถ้าอยากรอดก็ลืมมันซะ
B04-0344	บท 3 พากย์ · speech_list_judge_main_c03	? (ช)	บ้าเอ๊ย ฮิงาชิ ช่วงนี้ดูเป็น\nยากูซ่าตัวจริงขึ้นมาเลยนะ
B04-0345	บท 3 พากย์ · speech_list_judge_main_c03	? (ช) [อีกแทร็ก]	ฮิงาชิ ในที่สุดก็ดูเป็น\nยากูซ่าตัวจริงซะที
B04-0346	บท 3 พากย์ · speech_list_judge_main_c03	? (ช)	แล้วแต่นายเถอะ ไอ้บ้า
B04-0347	บท 3 พากย์ · speech_list_judge_main_c03	? (ช) [อีกแทร็ก]	หุบปาก
B04-0348	บท 3 พากย์ · speech_list_judge_main_c03	? (ช)	ทาคุ คิดว่าจะแอบตาม\nฮิงาชิได้ไหม?
B04-0349	บท 3 พากย์ · speech_list_judge_main_c03	? (ช) [อีกแทร็ก]	ทาคุ\nช่วยแอบตามฮิงาชิให้หน่อยได้ไหม?
B04-0350	บท 3 พากย์ · speech_list_judge_main_c03	haikai_homeless (ช)	หา?
B04-0351	บท 3 พากย์ · speech_list_judge_main_c03	? (ช)	พูดตามตรง... ฉันเป็นห่วงเขา\nมาตลอดตั้งแต่ออกจากตระกูล
B04-0352	บท 3 พากย์ · speech_list_judge_main_c03	? (ช) [อีกแทร็ก]	พูดตามตรง... ฉันเป็นห่วงเขา\nเป็นห่วงมาตลอดตั้งแต่ออกจากตระกูล
B04-0353	บท 3 พากย์ · speech_list_judge_main_c03	? (ช)	ใช่ เขาเปลี่ยนไปเยอะเลย
B04-0354	บท 3 พากย์ · speech_list_judge_main_c03	? (ช) [อีกแทร็ก]	ใช่ เขาเหมือนเป็นคนละคนเลย...
B04-0355	บท 3 พากย์ · speech_list_judge_main_c03	? (ช)	ฉันบอกไม่ได้หรอกว่าเขาผ่านอะไรมาบ้าง\nแต่เห็นชัดว่าเขาลำบากมาไม่น้อย
B04-0356	บท 3 พากย์ · speech_list_judge_main_c03	? (ช) [อีกแทร็ก]	เถียงไม่ออกเลย\nฉันแทบจำเขาไม่ได้เลยด้วยซ้ำ
B04-0357	บท 3 พากย์ · speech_list_judge_main_c03	? (ช)	เหมือนที่นายว่านั่นแหละ\nเขาเปลี่ยนไปเยอะเลยจริง ๆ
B04-0358	บท 3 พากย์ · speech_list_judge_main_c03	? (ช) [อีกแทร็ก]	เหมือนที่นายว่าเป๊ะเลย\nเขาเปลี่ยนไปแล้ว
B04-0359	บท 3 พากย์ · speech_list_judge_main_c03	? (ช)	ได้เลย เดี๋ยวจัดการให้
B04-0360	บท 3 พากย์ · speech_list_judge_main_c03	? (ช) [อีกแทร็ก]	ได้ เดี๋ยวไปตามเขาให้
B04-0361	บท 3 พากย์ · speech_list_judge_main_c03	? (ช)	เอ้า ให้ฉันจ่ายให้หน่อย\nอย่างน้อยก็ทำได้แค่นี้
B04-0362	บท 3 พากย์ · speech_list_judge_main_c03	? (ช)	นายคิดว่าผมอยากได้เงินนายจริง ๆ เหรอ?
B04-0363	บท 3 พากย์ · speech_list_judge_main_c03	? (ช) [อีกแทร็ก]	คิดว่าผมอยากได้เงินนายเหรอ?
B04-0364	บท 3 พากย์ · speech_list_judge_main_c03	? (ช)	อีกอย่าง ไม่งั้นผมจะหา\nข้อมูลมัดตัวฮามุระเพิ่มได้ยังไงล่ะ
B04-0365	บท 3 พากย์ · speech_list_judge_main_c03	? (ช) [อีกแทร็ก]	อีกอย่าง ไม่งั้นผมจะหาข้อมูล\nมัดตัวฮามุระเพิ่มได้ยังไงล่ะ
B04-0366	บท 3 พากย์ · speech_list_judge_main_c03	sugiura (ช)	ฮัลโหล?
B04-0367	บท 3 พากย์ · speech_list_judge_main_c03	kaito (ช)	นี่ไคโตะเอง เจอฮิงาชิแล้ว\nเพิ่งเลี้ยวขวาเข้าถนนนากามิจิ อยู่คนเดียว
B04-0368	บท 3 พากย์ · speech_list_judge_main_c03	kaito (ช) [อีกแทร็ก]	นี่ไคโตะเอง เจอฮิงาชิแล้ว\nตอนนี้อยู่คนเดียว เพิ่งเลี้ยวขวาเข้าถนนนากามิจิ
B04-0369	บท 3 พากย์ · speech_list_judge_main_c03	? (ช)	เลี้ยวขวาที่นากามิจิ\nรับทราบ
B04-0370	บท 3 พากย์ · speech_list_judge_main_c03	? (ช)	ขอบคุณอีกครั้งนะ
B04-0371	บท 3 พากย์ · speech_list_judge_main_c03	? (ช) [อีกแทร็ก]	ฝากด้วยนะ
B04-0372	บท 3 พากย์ · speech_list_judge_main_c03	yagami (ช)	(ต้องหาฮิงาชิให้เจอ...) 
B04-0373	บท 3 พากย์ · speech_list_judge_main_c03	? (ช)	(อยู่นั่นไง!)
B04-0374	บท 3 พากย์ · speech_list_judge_main_c03	? (ช)	(นั่นไม่ใช่ฮิงาชิแน่ ๆ\nตาถั่วรึไงกันเนี่ย)
B04-0375	บท 3 พากย์ · speech_list_judge_main_c03	? (?)	(รอตรงนี้จนกว่าฮิงาชิ\nจะเริ่มเคลื่อนไหวดีกว่า) 
B04-0376	บท 3 พากย์ · speech_list_judge_main_c03	kaito (ช)	นี่ไคโตะเอง
B04-0377	บท 3 พากย์ · speech_list_judge_main_c03	kaito (ช) [อีกแทร็ก]	ไคโตะเอง
B04-0378	บท 3 พากย์ · speech_list_judge_main_c03	yagami (ช)	ฮิงาชิเข้าไปในร้านเกมอาเขต\nที่ถนนปาร์คบูเลอวาร์ด คุ้น ๆ ไหม?
B04-0379	บท 3 พากย์ · speech_list_judge_main_c03	? (ช)	ร้านเกมอาเขตเหรอ?
B04-0380	บท 3 พากย์ · speech_list_judge_main_c03	? (ช)	ใช่ ดูเหมือนจะชื่อชาร์ลส์นะ
B04-0381	บท 3 พากย์ · speech_list_judge_main_c03	? (ช)	อ๋อ ที่นั่นน่ะเหรอ ฉันเคยดูแลร้านนั้นอยู่\nตระกูลคงให้เขาดูแลต่อสินะ
B04-0382	บท 3 พากย์ · speech_list_judge_main_c03	? (ช)	ร้านเกมของยากูซ่าเหรอ?\nมีบ่อนอยู่ข้างหลังหรือเปล่า?
B04-0383	บท 3 พากย์ · speech_list_judge_main_c03	? (ช)	เปล่า เราแค่ใช้ทำธุรกิจเป็นครั้งคราว เท่านั้น\nส่วนใหญ่ก็เป็นร้านปกติ สำหรับเด็ก ๆ นั่นแหละ
B04-0384	บท 3 พากย์ · speech_list_judge_main_c03	? (ช) [อีกแทร็ก]	เปล่า เราแค่ใช้ทำธุรกิจเป็นครั้งคราว\nนอกนั้นก็ยังเป็นร้านที่เด็กมา เที่ยวได้ปกติ
B04-0385	บท 3 พากย์ · speech_list_judge_main_c03	? (ช)	โอเค เดี๋ยวไปดูว่าจะเจออะไรบ้าง
B04-0386	บท 3 พากย์ · speech_list_judge_main_c03	? (ช)	เฮ้ เดี๋ยวก่อน
B04-0387	บท 3 พากย์ · speech_list_judge_main_c03	? (ช) [อีกแทร็ก]	เฮ้ย เดี๋ยวก่อน
B04-0388	บท 3 พากย์ · speech_list_judge_main_c03	seiya_girl (?)	อะไรนะ?
B04-0389	บท 3 พากย์ · speech_list_judge_main_c03	? (ช)	ข้างในมันค่อนข้างแคบนะ ต้องแอบเนียน ๆ\nหน่อย ถ้าไม่อยากให้เขาจับได้
B04-0390	บท 3 พากย์ · speech_list_judge_main_c03	? (ช) [อีกแทร็ก]	ข้างในไม่มีที่ให้ใช้กำลังหรอก\nน่าจะหาชุดปลอมตัวก่อนดีกว่า
B04-0391	บท 3 พากย์ · speech_list_judge_main_c03	? (ช)	โอเค เดี๋ยวเปลี่ยนชุดแป๊บนึง
B04-0392	บท 3 พากย์ · speech_list_judge_main_c03	? (ช) [อีกแทร็ก]	มีเหตุผล แต่แบบไหนล่ะ...?
B04-0393	บท 3 พากย์ · speech_list_judge_main_c03	? (ช)	ฉันว่าเป็นชุดนักเรียนดีไหม?\nกลืนไปกับที่นั่นได้เป๊ะเลย
B04-0394	บท 3 พากย์ · speech_list_judge_main_c03	? (ช)	นายรู้อายุจริงของผมใช่ไหมเนี่ย?
B04-0395	บท 3 พากย์ · speech_list_judge_main_c03	? (ช) [อีกแทร็ก]	รู้อายุผมใช่ไหมเนี่ย?
B04-0396	บท 3 พากย์ · speech_list_judge_main_c03	? (ช)	ฟังนะ นายจะไปได้ไม่ถึงไหนหรอกในฐานะนักสืบ\nถ้าอายที่จะแต่งตัวเป็นเด็ก
B04-0397	บท 3 พากย์ · speech_list_judge_main_c03	? (ช)	...ถ้านายว่างั้นก็ได้
B04-0398	บท 3 พากย์ · speech_list_judge_main_c03	? (?)	ได้เลย
B04-0399	บท 3 พากย์ · speech_list_judge_main_c03	yagami (ช) [อีกแทร็ก]	ได้
B04-0400	บท 3 พากย์ · speech_list_judge_main_c03	yagami (ช)	(ชุดนี้น่าจะช่วยให้กลืนไปกับที่ ชาร์ลส์ได้\nได้เวลากลับไปที่นั่นแล้ว)
B04-0401	บท 3 พากย์ · speech_list_judge_main_c03	? (?)	(เดี๋ยวก่อน ต้องปลอมตัวก่อนสิ) 
B04-0402	บท 3 พากย์ · speech_list_judge_main_c03	gamer_boy (ช)	เอ่อ พี่ครับ...\nตู้มันกินเหรียญผมไปแล้ว
B04-0403	บท 3 พากย์ · speech_list_judge_main_c03	charles_boy (ช)	เงียบน่า ไอ้เด็กเวร\nไม่เห็นเหรอว่ากำลังยุ่งอยู่
B04-0404	บท 3 พากย์ · speech_list_judge_main_c03	? (?)	เออ แต่ว่า...
B04-0405	บท 3 พากย์ · speech_list_judge_main_c03	? (ช) [อีกแทร็ก]	แหม แต่ว่า...
B04-0406	บท 3 พากย์ · speech_list_judge_main_c03	? (ช)	บอกให้ไปให้พ้นไง ไอ้หนู!
B04-0407	บท 3 พากย์ · speech_list_judge_main_c03	? (ช) [อีกแทร็ก]	ถอยไปให้ไกล ๆ เลย!
B04-0408	บท 3 พากย์ · speech_list_judge_main_c03	? (ช)	โอ๊ย!
B04-0409	บท 3 พากย์ · speech_list_judge_main_c03	higashi (ช)	ขอโทษด้วยนะเด็กน้อย\nเอ้า ไปเล่นสนุก ๆ ซะ
B04-0410	บท 3 พากย์ · speech_list_judge_main_c03	? (ช)	โห จริงเหรอครับ!?\nขอบคุณครับพี่!
B04-0411	บท 3 พากย์ · speech_list_judge_main_c03	? (ช) [อีกแทร็ก]	จริงเหรอครับ!?\nขอบคุณครับพี่!
B04-0412	บท 3 พากย์ · speech_list_judge_main_c03	yagami (ช)	เหอะ
B04-0413	บท 3 พากย์ · speech_list_judge_main_c03	yagami (ช) [อีกแทร็ก]	...เหอะ
B04-0414	บท 3 พากย์ · speech_list_judge_main_c03	? (?)	(เข้าไปแบบนี้ไม่ได้แน่\nต้องเปลี่ยนชุดก่อน...) 
B04-0415	บท 3 พากย์ · speech_list_judge_main_c03	charles_boy (ช)	คิดว่ากำลังทำอะไรอยู่วะ?\nที่นี่ห้ามเข้า
B04-0416	บท 3 พากย์ · speech_list_judge_main_c03	yagami (ช)	<color=ｍonologue>(ถ้ากลับออฟฟิศตอนนี้ก็คงไม่มี อะไรจะรายงานเท่าไหร่)</color>
B04-0417	บท 3 พากย์ · speech_list_judge_main_c03	charles_boy (ช)	บอกให้อยู่ข้างนอกไง ไอ้บ้า!
B04-0418	บท 3 พากย์ · speech_list_judge_main_c03	charles_boy (ช) [อีกแทร็ก]	บอกให้อยู่ข้างนอก!
B04-0419	บท 3 พากย์ · speech_list_judge_main_c03	charles_boy (ช)	ฮิงาชิซัง!\nไอ้นี่มันบ้า!
B04-0420	บท 3 พากย์ · speech_list_judge_main_c03	charles_boy (ช) [อีกแทร็ก]	ฮ-ฮิงาชิซัง!\nไอ้นี่มันบ้าไปแล้ว!
B04-0421	บท 3 พากย์ · speech_list_judge_main_c03	higashi (ช)	ยากามิ!\nนายตามผมมาเหรอ ไอ้บ้า!?
B04-0422	บท 3 พากย์ · speech_list_judge_main_c03	higashi (ช) [อีกแทร็ก]	ยากามิ!?\nนายตามผมมาที่นี่เหรอ ไอ้บ้า!?
B04-0423	บท 3 พากย์ · speech_list_judge_main_c03	? (ช)	เดี๋ยวนะ\nนายใส่อะไรของนายเนี่ย?
B04-0424	บท 3 พากย์ · speech_list_judge_main_c03	? (ช) [อีกแทร็ก]	เดี๋ยวก่อน\nนายใส่อะไรของนายเนี่ย?
B04-0425	บท 3 พากย์ · speech_list_judge_main_c03	yagami (ช)	อย่าเพิ่งไปสนใจเรื่องนั้นเลย
B04-0426	บท 3 พากย์ · speech_list_judge_main_c03	yagami (ช) [อีกแทร็ก]	เอ่อ อย่าไปสนใจเรื่องนั้นตอนนี้เลย
B04-0427	บท 3 พากย์ · speech_list_judge_main_c03	? (ช)	แล้วไง? นายต้องการอะไร?
B04-0428	บท 3 พากย์ · speech_list_judge_main_c03	? (ช) [อีกแทร็ก]	เรื่องอะไรกัน?\nนายต้องการอะไร?
B04-0429	บท 3 พากย์ · speech_list_judge_main_c03	? (ช)	ไคโตะซังเป็นห่วง\nฮิงาชิอยู่นะ
B04-0430	บท 3 พากย์ · speech_list_judge_main_c03	? (ช) [อีกแทร็ก]	ไคโตะซังเป็นห่วงฮิงาชิอยู่นะ
B04-0431	บท 3 พากย์ · speech_list_judge_main_c03	? (ช)	งั้นเหรอ?
B04-0432	บท 3 พากย์ · speech_list_judge_main_c03	? (ช)	เท่าที่เขาเห็น ฮิงาชิตอนนี้ไม่เหมือน\nฮิงาชิเมื่อก่อนเลยสักนิด
B04-0433	บท 3 พากย์ · speech_list_judge_main_c03	? (ช) [อีกแทร็ก]	ฮิงาชิเคยเป็นเหมือนน้องชายของเขา\nแต่ตอนนี้ไม่ใช่คนที่เขาเคยรู้จักแล้ว
B04-0434	บท 3 พากย์ · speech_list_judge_main_c03	? (ช)	แล้วทำไมผมต้องเป็นแบบนั้นด้วยวะ?
B04-0435	บท 3 พากย์ · speech_list_judge_main_c03	? (ช) [อีกแทร็ก]	งั้นตอนนี้ผมกลายเป็นตัวร้าย ไปแล้วสินะ?
B04-0436	บท 3 พากย์ · speech_list_judge_main_c03	? (ช)	แล้วใครแคร์วะ?\nยากูซ่ามันก็เป็นแบบนี้แหละ
B04-0437	บท 3 พากย์ · speech_list_judge_main_c03	? (ช) [อีกแทร็ก]	แต่ใครจะไปแคร์วะ?\nตอนนี้ผมใช้ชีวิตแบบยากูซ่าไปแล้ว
B04-0438	บท 3 พากย์ · speech_list_judge_main_c03	? (ช)	อือ\nแต่ทั้งหมดมันก็แค่การแสดงใช่ไหมล่ะ?
B04-0439	บท 3 พากย์ · speech_list_judge_main_c03	? (ช) [อีกแทร็ก]	ไม่เอาน่า\nเลิกแสดงได้แล้วมั้ง?
B04-0440	บท 3 พากย์ · speech_list_judge_main_c03	? (ช)	ผมเห็นนายให้เงินเด็กคนนั้นนะ\nใจอ่อนขนาดนี้เชียว
B04-0441	บท 3 พากย์ · speech_list_judge_main_c03	? (ช) [อีกแทร็ก]	ต่อหน้าเด็กคนนั้นนายไม่เห็นจะ แข็งกร้าวเลย\nผมเห็นหมดแล้วนะ
B04-0442	บท 3 พากย์ · speech_list_judge_main_c03	? (ช)	ลึก ๆ แล้วนายก็ยังเป็นฮิงาชิคนเดิม\nคนที่เคยเชิดชูไคโตะซัง
B04-0443	บท 3 พากย์ · speech_list_judge_main_c03	? (ช) [อีกแทร็ก]	ผมรู้ว่าลึก ๆ ยังมีคนดีอยู่ในตัวนาย\nคนที่เคยภูมิใจที่ได้เรียก ไคโตะซังว่าอานิกิ
B04-0444	บท 3 พากย์ · speech_list_judge_main_c03	? (ช)	แน่ใจนักเหรอ ไอ้เวร!?
B04-0445	บท 3 พากย์ · speech_list_judge_main_c03	? (ช) [อีกแทร็ก]	แน่ใจนักเหรอ!?
B04-0446	บท 3 พากย์ · speech_list_judge_main_c03	? (ช)	ฟังนะ ผมไม่อยากมีเรื่องกับคุณ
B04-0447	บท 3 พากย์ · speech_list_judge_main_c03	? (ช)	ถ้าอยากให้ผมเดินจากไป ผมก็เดินได้นะ
B04-0448	บท 3 พากย์ · speech_list_judge_main_c03	? (ช) [อีกแทร็ก]	อยากให้ผมไป ผมก็ไป
B04-0449	บท 3 พากย์ · speech_list_judge_main_c03	? (ช)	ชิ ไอ้ขี้ขลาด
B04-0450	บท 3 พากย์ · speech_list_judge_main_c03	? (ช)	เรื่องเดิมๆ สินะ
B04-0451	บท 3 พากย์ · speech_list_judge_main_c03	? (ช) [อีกแทร็ก]	เหมือนเดิมทุกที
B04-0452	บท 3 พากย์ · speech_list_judge_main_c03	? (ช)	ไม่เจอกันมานานแค่ไหนแล้วนะ\nปีนึงแล้วมั้ง?
B04-0453	บท 3 พากย์ · speech_list_judge_main_c03	? (ช) [อีกแทร็ก]	ไม่เจอกันมานานแค่ไหนแล้ว\nปีนึงแล้วมั้ง?
B04-0454	บท 3 พากย์ · speech_list_judge_main_c03	? (ช)	ก็วันที่ไคโตะซังโดนไล่ออกนั่นแหละ
B04-0455	บท 3 พากย์ · speech_list_judge_main_c03	? (ช)	นาย...เสียใจกับเรื่องนั้นมากเลยนะ
B04-0456	บท 3 พากย์ · speech_list_judge_main_c03	? (ช) [อีกแทร็ก]	ยังจำได้เหรอ\nผมเห็นสีหน้าเจ็บปวดของนายตอนนั้นเลย
B04-0457	บท 3 พากย์ · speech_list_judge_main_c03	higashi (ช)	มันแย่มากจริงๆ\nท่านหัวหน้าเรียกนายมาช่วยพี่ไคโตะ
B04-0458	บท 3 พากย์ · speech_list_judge_main_c03	higashi (ช) [อีกแทร็ก]	นึกออกแล้ว\nท่านหัวหน้าเรียกนายมาช่วยพี่ไคโตะ
B04-0459	บท 3 พากย์ · speech_list_judge_main_c03	? (ช)	แต่มันสายไปแล้ว\nยังไงพี่ไคโตะก็ต้องโดนไล่ออกอยู่ดี
B04-0460	บท 3 พากย์ · speech_list_judge_main_c03	? (ช)	ถึงอย่างนั้น นายก็สู้เพื่อเขา\nเต็มที่สุดๆ เท่าที่คนคนนึงจะทำได้แล้ว
B04-0461	บท 3 พากย์ · speech_list_judge_main_c03	? (ช) [อีกแทร็ก]	ยังไงนายก็สู้เต็มที่แล้ว\nทำหน้าที่ทนายให้เขาเต็มร้อย
B04-0462	บท 3 พากย์ · speech_list_judge_main_c03	yagami (ช)	เออ แล้วตั้งแต่นั้น ฮามุระก็จับตาดูผม\nมาตลอด
B04-0463	บท 3 พากย์ · speech_list_judge_main_c03	yagami (ช) [อีกแทร็ก]	เออ แล้วฮามุระก็จับตาดูผม\nมาตลอดตั้งแต่นั้น
B04-0464	บท 3 พากย์ · speech_list_judge_main_c03	? (ช)	นี่ นายก็เก๋ไปเลยนะ\nฮิงาชิ
B04-0465	บท 3 พากย์ · speech_list_judge_main_c03	? (ช) [อีกแทร็ก]	...นี่ นายก็เก๋ไปเลยนะ\nฮิงาชิ
B04-0466	บท 3 พากย์ · speech_list_judge_main_c03	? (ช)	ดูท่าจะได้เลื่อนขั้นนะ\nได้ยินมาว่าร้านเกมนี้เคยเป็น ของไคโตะซัง
B04-0467	บท 3 พากย์ · speech_list_judge_main_c03	? (ช)	นายรู้เรื่องบ้าอะไร!?
B04-0468	บท 3 พากย์ · speech_list_judge_main_c03	? (ช)	<color=ｍonologue>(ดูเหมือนจะไปแตะจุดอ่อนเข้าแล้ว)</color>
B04-0469	บท 3 พากย์ · speech_list_judge_main_c03	? (ช)	ตอนนี้ฮามุระคุมตระกูลมัตสึกาเนะ\nไว้ทั้งหมดแล้วก็ว่าได้
B04-0470	บท 3 พากย์ · speech_list_judge_main_c03	? (ช) [อีกแทร็ก]	ตระกูลมัตสึกาเนะเปลี่ยนไปแล้ว\nตอนนี้กัปตันคุมทุกอย่าง
B04-0471	บท 3 พากย์ · speech_list_judge_main_c03	? (ช)	พอพี่ไคโตะไม่อยู่ อำนาจของท่านมัตสึกาเนะ\nก็ค่อยๆ หลุดมือไปเรื่อยๆ
B04-0472	บท 3 พากย์ · speech_list_judge_main_c03	? (ช) [อีกแทร็ก]	พอพี่ไคโตะไม่อยู่\nอำนาจของท่านหัวหน้าก็ค่อยๆ หลุดมือไปเรื่อยๆ
B04-0473	บท 3 พากย์ · speech_list_judge_main_c03	? (ช)	ถ้าเขาไม่โดนไล่ออก คงไม่เป็นแบบนี้หรอก...
B04-0474	บท 3 พากย์ · speech_list_judge_main_c03	? (ช) [อีกแทร็ก]	คงไม่มีวันเป็นแบบนี้\nถ้าเขาไม่โดนไล่ออก...
B04-0475	บท 3 พากย์ · speech_list_judge_main_c03	? (ช)	นายทำอะไรไม่ได้เลยเหรอ\nแค่นั่งดูเฉยๆ ตอนที่เขาเข้ายึดอำนาจ
B04-0476	บท 3 พากย์ · speech_list_judge_main_c03	? (ช) [อีกแทร็ก]	นายทำอะไรไม่ได้เลยเหรอ\nแค่นั่งดูเฉยๆ ตอนที่กัปตันเข้ายึดอำนาจ
B04-0477	บท 3 พากย์ · speech_list_judge_main_c03	? (ช)	พูดง่ายนะ\nผมมันทำอะไรไม่ได้เลยสักอย่าง
B04-0478	บท 3 พากย์ · speech_list_judge_main_c03	? (ช) [อีกแทร็ก]	จะให้ทำเองคนเดียวเหรอ? พูดง่ายนะ\nผมทำอะไรไม่ได้เลยสักอย่าง
B04-0479	บท 3 พากย์ · speech_list_judge_main_c03	? (ช)	...อาจจะจริง
B04-0480	บท 3 พากย์ · speech_list_judge_main_c03	? (ช)	ว่าแต่ เงิน 100 ล้านของตระกูล\nสุดท้ายเป็นไงบ้าง?
B04-0481	บท 3 พากย์ · speech_list_judge_main_c03	? (ช) [อีกแทร็ก]	ว่าแต่ เงินร้อยล้านของตระกูลมัตสึกาเนะ\nสุดท้าย<font_kind=yakuza_italic>เป็นไง</font_kind>บ้าง? ผมสงสัยมาตลอดเลย
B04-0482	บท 3 พากย์ · speech_list_judge_main_c03	? (ช)	ได้เงินคืนมารึเปล่า?\nหรือเจอตัวขโมยรึยัง?
B04-0483	บท 3 พากย์ · speech_list_judge_main_c03	? (ช)	ไปตายซะ\nไม่ใช่เรื่องของนาย
B04-0484	บท 3 พากย์ · speech_list_judge_main_c03	yagami (ช)	จริงด้วย
B04-0485	บท 3 พากย์ · speech_list_judge_main_c03	yagami (ช) [อีกแทร็ก]	คงงั้นแหละ
B04-0486	บท 3 พากย์ · speech_list_judge_main_c03	yagami (ช)	(ไคโตะซังคงรอผมอยู่\nที่ออฟฟิศแล้วล่ะ...) 
B04-0487	บท 3 พากย์ · speech_list_judge_main_c03	kaito (ช)	โย่ เป็นไงบ้าง?
B04-0488	บท 3 พากย์ · speech_list_judge_main_c03	kaito (ช) [อีกแทร็ก]	โย่ กลับมาแล้วเหรอ
B04-0489	บท 3 พากย์ · speech_list_judge_main_c03	yagami (ช)	อือ ผมแวะเข้าไปในร้านเกมนั่นมา\nได้คุยกับฮิงาชิด้วย
B04-0490	บท 3 พากย์ · speech_list_judge_main_c03	yagami (ช) [อีกแทร็ก]	เออ สุดท้ายก็หาทางเข้าชาร์ลส์ได้\nได้คุยกับฮิงาชิด้วย
B04-0491	บท 3 พากย์ · speech_list_judge_main_c03	? (ช)	โดนจับได้เหรอ?
B04-0492	บท 3 พากย์ · speech_list_judge_main_c03	? (ช)	เปล่า แค่อยากคุยด้วยเฉยๆ
B04-0493	บท 3 พากย์ · speech_list_judge_main_c03	? (ช) [อีกแทร็ก]	ไม่ ไม่ใช่แบบนั้น
B04-0494	บท 3 พากย์ · speech_list_judge_main_c03	? (ช)	ได้เรื่องอะไรมาบ้างไหม?
B04-0495	บท 3 พากย์ · speech_list_judge_main_c03	? (ช) [อีกแทร็ก]	แล้วเป็นไงบ้าง
B04-0496	บท 3 พากย์ · speech_list_judge_main_c03	? (ช)	อย่างแรกเลย ท่านมัตสึกาเนะ\nคุมฮามุระไม่อยู่แล้วโดยสิ้นเชิง
B04-0497	บท 3 พากย์ · speech_list_judge_main_c03	? (ช) [อีกแทร็ก]	อย่างแรกเลย ตระกูลมัตสึกาเนะน่ะ...\nท่านหัวหน้าคุมฮามุระไม่ อยู่แล้วโดยสิ้นเชิง
B04-0498	บท 3 พากย์ · speech_list_judge_main_c03	? (ช)	ดูเหมือนตอนนี้ฮิงาชิไม่มีทางเลือก\nต้องทำตามคำสั่งกัปตันของเขา
B04-0499	บท 3 พากย์ · speech_list_judge_main_c03	? (ช) [อีกแทร็ก]	ดูเหมือนว่าตอนนี้ฮิงาชิไม่มีทางเลือก\nต้องทำตามคำสั่งกัปตันของเขา
B04-0500	บท 3 พากย์ · speech_list_judge_main_c03	? (ช)	แย่ชะมัด...
B04-0501	บท 3 พากย์ · speech_list_judge_main_c03	? (ช) [อีกแทร็ก]	โชคร้ายจัง
B04-0502	บท 3 พากย์ · speech_list_judge_main_c03	? (ช)	แต่ตอนที่คุยกัน... รู้สึกเหมือน\nได้คุยกับฮิงาชิคนเดิมเลย
B04-0503	บท 3 พากย์ · speech_list_judge_main_c03	? (ช) [อีกแทร็ก]	แต่ถึงอย่างนั้น... ตอนที่คุยกัน...\nรู้สึกเหมือนได้คุยกับฮิงาชิคนเดิมเลย
B04-0504	บท 3 พากย์ · speech_list_judge_main_c03	? (ช)	สำหรับฉันมันดูไม่เหมือน "คนเดิม" เลยนะ
B04-0505	บท 3 พากย์ · speech_list_judge_main_c03	? (ช) [อีกแทร็ก]	ดูไม่ออกเลยนะ
B04-0506	บท 3 พากย์ · speech_list_judge_main_c03	? (?)	<color=ｍonologue>(ถ้าฮิงาชิเปลี่ยนไปจริงๆ ผมว่าคงเริ่ม\nมาจากเหตุปล้นที่ทำให้ไคโตะซัง โดนไล่ออกนั่นแหละ)</color> 
B04-0507	บท 3 พากย์ · speech_list_judge_main_c03	? (?)	<color=ｍonologue>(สงสัยจังว่าเรื่องนั้นจบลงยังไง...)</color> 
B04-0508	บท 3 พากย์ · speech_list_judge_main_c03	? (ช)	นี่ เมื่อปีก่อน\nตอนที่นายโดนไล่ออกจากตระกูลน่ะ จำได้ไหม?
B04-0509	บท 3 พากย์ · speech_list_judge_main_c03	? (ช)	อือ?
B04-0510	บท 3 พากย์ · speech_list_judge_main_c03	? (ช)	ก็เพราะมีคนขโมยเงิน\n100 ล้านจากเซฟไปใช่ไหม?
B04-0511	บท 3 พากย์ · speech_list_judge_main_c03	? (ช) [อีกแทร็ก]	เงินร้อยล้านหายไปจากเซฟของตระกูล...\nแล้วนายต้องรับผิดชอบเรื่องนั้นใช่ไหม?
B04-0512	บท 3 พากย์ · speech_list_judge_main_c03	? (ช)	เออ แล้วมันเป็นไงอีกล่ะ?
B04-0513	บท 3 พากย์ · speech_list_judge_main_c03	? (ช) [อีกแทร็ก]	มันเป็นไงเหรอ?
B04-0514	บท 3 พากย์ · speech_list_judge_main_c03	? (ช)	สุดท้ายเรื่องนั้นเป็นยังไงบ้าง?\nนายเคยได้ยินอะไรมาไหม?
B04-0515	บท 3 พากย์ · speech_list_judge_main_c03	? (ช)	ได้ยินว่าฮิงาชิเอาเงินคืนมาได้หมดเลย\nอย่างน้อยก็ตามที่อายาเบะบอก
B04-0516	บท 3 พากย์ · speech_list_judge_main_c03	? (ช)	ฮิงาชิเหรอ? แต่ทำได้ยังไง?
B04-0517	บท 3 พากย์ · speech_list_judge_main_c03	? (ช) [อีกแทร็ก]	ฮิงาชิเหรอ? แต่ทำได้ยังไง...?
B04-0518	บท 3 พากย์ · speech_list_judge_main_c03	? (ช)	ไม่รู้เหมือนกัน ต้องจ่ายเพิ่ม\nอีกสองแสนถึงจะได้รู้รายละเอียด
B04-0519	บท 3 พากย์ · speech_list_judge_main_c03	? (ช)	ผมไม่มีเงินพอ เลยปล่อยผ่านไป\nไม่ได้พูดถึงอีกเลยตั้งแต่นั้น
B04-0520	บท 3 พากย์ · speech_list_judge_main_c03	? (ช)	ท่าทางอายาเบะจะมีเรื่องให้เล่า อีกเยอะเลยนะ
B04-0521	บท 3 พากย์ · speech_list_judge_main_c03	? (ช) [อีกแทร็ก]	ท่าทางอายาเบะจะมีข้อมูล\nให้เราอีกเยอะเลยนะ
B04-0522	บท 3 พากย์ · speech_list_judge_main_c03	? (ช)	ต้องเสียตังค์แหละ\nเดี๋ยวนี้เขาน่าจะอยู่ที่ เทนเดอร์แล้วมั้ง
B04-0523	บท 3 พากย์ · speech_list_judge_main_c03	? (ช)	ไคโตะซัง...ไม่ได้เจอฮิงาชิ\nมานานแค่ไหนแล้ว?
B04-0524	บท 3 พากย์ · speech_list_judge_main_c03	? (ช) [อีกแทร็ก]	ไคโตะซัง...นี่เป็นครั้งแรก\nที่เจอฮิงาชิอีกครั้งเลยเหรอ?
B04-0525	บท 3 พากย์ · speech_list_judge_main_c03	? (ช)	วันนี้เป็นครั้งแรกเลย\nนับตั้งแต่โดนไล่ออกมา
B04-0526	บท 3 พากย์ · speech_list_judge_main_c03	? (ช) [อีกแทร็ก]	เออ อย่างน้อยก็ตั้งแต่โดนไล่ออกมา
B04-0527	บท 3 พากย์ · speech_list_judge_main_c03	? (ช)	ถ้ายังติดต่อกันอยู่\nฮามุระคงจับตาดูเขาตลอดแน่ๆ
B04-0528	บท 3 พากย์ · speech_list_judge_main_c03	? (ช)	ไม่อยากถ่วงเขา\nไว้น่ะ เข้าใจนะ?
B04-0529	บท 3 พากย์ · speech_list_judge_main_c03	? (ช) [อีกแทร็ก]	ไม่อยากถ่วงเขาไว้น่ะ เข้าใจนะ?
B04-0530	บท 3 พากย์ · speech_list_judge_main_c03	? (?)	เข้าใจแล้ว
B04-0531	บท 3 พากย์ · speech_list_judge_main_c03	? (ช)	สงสัยจังว่าฮามุระจะทำอะไรต่อไป...
B04-0532	บท 3 พากย์ · speech_list_judge_main_c03	? (ช) [อีกแทร็ก]	สงสัยว่าฮามุระจะเล่นแผนอะไรต่อไป...
B04-0533	บท 3 พากย์ · speech_list_judge_main_c03	? (ช)	เดี๋ยวเขาก็ต้องกลับมาที่นี่อีกแหละ\nแค่รอเวลาเท่านั้น
B04-0534	บท 3 พากย์ · speech_list_judge_main_c03	? (ช)	ต่อให้เขาพยายามฆ่าปิดปากเรา\nก็ไม่แปลกใจเลย
B04-0535	บท 3 พากย์ · speech_list_judge_main_c03	? (ช) [อีกแทร็ก]	ให้ตายสิ ต่อให้เขาพยายามฆ่าปิดปากเรา\nก็ไม่แปลกใจเลย
B04-0536	บท 3 พากย์ · speech_list_judge_main_c03	? (ช)	คิดว่าเราทำให้เขาโมโห\nขนาดนั้นเลยเหรอ?
B04-0537	บท 3 พากย์ · speech_list_judge_main_c03	? (ช)	อย่างน้อยก็แน่ๆ ว่าเขาไม่อยากให้เราจับ\nไส้ศึกได้
B04-0538	บท 3 พากย์ · speech_list_judge_main_c03	? (ช) [อีกแทร็ก]	ยังไงก็ต้องกันไม่ให้เรา\nจับไส้ศึกได้
B04-0539	บท 3 พากย์ · speech_list_judge_main_c03	? (?)	นอกจากนั้น\nก็คงแค่เกลียดเราเข้าไส้ 
B04-0540	บท 3 พากย์ · speech_list_judge_main_c03	? (?) [อีกแทร็ก]	ก็แน่ล่ะ ที่เขาเกลียดเราเข้าไส้\nก็ไม่ช่วยอะไรเลย 
B04-0541	บท 3 พากย์ · speech_list_judge_main_c03	? (ช)	บ้าไปแล้ว ทั้งๆ ที่เราเป็น\nเหตุผลที่เขายังลอยนวลอยู่?
B04-0542	บท 3 พากย์ · speech_list_judge_main_c03	? (ช) [อีกแทร็ก]	จริงจังนะ ทั้งๆ ที่เราเป็นเหตุผล\nที่เขายังลอยนวลอยู่?
B04-0543	บท 3 พากย์ · speech_list_judge_main_c03	? (ช)	ดูเหมือนเราจะไม่มีวันสบายเลยสักที
B04-0544	บท 3 พากย์ · speech_list_judge_main_c03	kaito (ช)	จะไปเทนเดอร์เหรอ? ข้อมูลของอายาเบะ\nยังไงก็ต้องเสียตังค์นะ รู้ใช่ไหม
B04-0545	บท 3 พากย์ · speech_list_judge_main_c03	yagami (ช)	หวังว่าจะมีพอนะ\nถ้าไม่พอก็คงหาทางได้แหละ
B04-0546	บท 3 พากย์ · speech_list_judge_main_c03	yagami (ช)	เป็นไงบ้าง?
B04-0547	บท 3 พากย์ · speech_list_judge_main_c03	? (ช) [อีกแทร็ก]	โย่ เป็นไงบ้าง?
B04-0548	บท 3 พากย์ · speech_list_judge_main_c03	tender_master (ช)	ยินดีต้อนรับกลับมา ทาคุ
B04-0549	บท 3 พากย์ · speech_list_judge_main_c03	tender_master (ช) [อีกแทร็ก]	ไง\nเชิญเข้ามาเลย
B04-0550	บท 3 พากย์ · speech_list_judge_main_c03	yagami (ช)	นี่ ได้ยินข่าวลือว่านาย\nเสิร์ฟเหล้าให้ตำรวจนอกลู่อยู่เหรอ?
B04-0551	บท 3 พากย์ · speech_list_judge_main_c03	yagami (ช) [อีกแทร็ก]	มีข่าวว่านายให้ตำรวจนอกลู่\nมานั่งแถวนี้บ่อยๆ นะ
B04-0552	บท 3 พากย์ · speech_list_judge_main_c03	? (ช)	ในบาร์ผมเนี่ยนะ?\nนี่มันดูถูกกันชัดๆ
B04-0553	บท 3 พากย์ · speech_list_judge_main_c03	? (ช) [อีกแทร็ก]	จริงดิ...เจ้าหน้าที่ทุจริตในบาร์ผมเนี่ยนะ?\nนี่มันดูถูกกันชัดๆ
B04-0554	บท 3 พากย์ · speech_list_judge_main_c03	? (ช)	เฮ่อ อายาเบะมาหรือยัง?
B04-0555	บท 3 พากย์ · speech_list_judge_main_c03	? (ช) [อีกแทร็ก]	อายาเบะมาหรือยัง?
B04-0556	บท 3 พากย์ · speech_list_judge_main_c03	? (ช)	เขาบอกว่ากำลังมา
B04-0557	บท 3 พากย์ · speech_list_judge_main_c03	? (ช) [อีกแทร็ก]	เดี๋ยวก็มาแล้ว เขาบอกว่ากำลังมา
B04-0558	บท 3 พากย์ · speech_list_judge_main_c03	? (ช)	แต่ก่อนอื่น ทาคุ ผมมีงานเล็กๆ\nอยากให้นายช่วยจัดการให้หน่อย ถ้าไม่ว่าอะไร
B04-0559	บท 3 พากย์ · speech_list_judge_main_c03	? (ช) [อีกแทร็ก]	แต่ก่อนอื่น ทาคุ มาถูกจังหวะเลย—\nมีเรื่องนึงที่ผมอยากให้นายช่วยทำ
B04-0560	บท 3 พากย์ · speech_list_judge_main_c03	? (ช)	งานเหรอ?
B04-0561	บท 3 พากย์ · speech_list_judge_main_c03	? (ช) [อีกแทร็ก]	งานเหรอ?
B04-0562	บท 3 พากย์ · speech_list_judge_main_c03	? (ช)	มีแค่นักสืบมือดีที่สุดในคามุโรโจ\nเท่านั้นที่จะรับมือคดีนี้ได้
B04-0563	บท 3 พากย์ · speech_list_judge_main_c03	? (ช) [อีกแทร็ก]	งานนี้มีแค่นักสืบมือดีที่สุด\nในคามุโรโจเท่านั้นที่ทำได้
B04-0564	บท 3 พากย์ · speech_list_judge_main_c03	? (ช)	งั้นเหรอ?\nแบบนี้จะให้ผมปฏิเสธได้ยังไง
B04-0565	บท 3 พากย์ · speech_list_judge_main_c03	? (ช) [อีกแทร็ก]	หา... พูดแบบนี้ผมก็ปฏิเสธไม่ลง\nเหมือนกันนะ
B04-0566	บท 3 พากย์ · speech_list_judge_main_c03	? (ช)	โอ้โห หน้าแดงเลยนะ\nแต่ผมพูดจริงนะ
B04-0567	บท 3 พากย์ · speech_list_judge_main_c03	? (?)	<color=ｍonologue>(มาสึดะเป็นคนพูดจาเก่งอยู่เสมอ เลยจริงๆ...)</color> 
B04-0568	บท 3 พากย์ · speech_list_judge_main_c03	? (ช)	งั้นบอกมาเลย
B04-0569	บท 3 พากย์ · speech_list_judge_main_c03	? (ช) [อีกแทร็ก]	แล้วงานอะไรล่ะ?
B04-0570	บท 3 พากย์ · speech_list_judge_main_c03	? (ช)	บอกได้ก็อยากบอกอยู่หรอกนะ
B04-0571	บท 3 พากย์ · speech_list_judge_main_c03	? (ช) [อีกแทร็ก]	ไม่รู้เหมือนกัน
B04-0572	บท 3 พากย์ · speech_list_judge_main_c03	? (ช)	จริงๆ ผมก็ไม่เคยถามเลย แต่ลูกค้าคนนี้\nเป็นขาประจำของผม นายไม่ต้องห่วงหรอก
B04-0573	บท 3 พากย์ · speech_list_judge_main_c03	? (ช) [อีกแทร็ก]	จริงๆ ผมไม่เคยถามเลย แต่ยังไงลูกค้าคนนี้\nก็เป็นขาประจำของผม นายไม่ต้องห่วงหรอก
B04-0574	บท 3 พากย์ · speech_list_judge_main_c03	? (ช)	ยังไงก็ตาม นายต้องไปที่ที่นึงชื่อ\nฮิลส์การ์เดน บนถนนปาร์คบูเลอวาร์ด
B04-0575	บท 3 พากย์ · speech_list_judge_main_c03	? (ช)	ตอนนี้เลยเหรอ?
B04-0576	บท 3 พากย์ · speech_list_judge_main_c03	? (ช)	ใช่ ตอนนี้เลย แล้วผมจะบอกนายเอง\nตอนที่อายาเบะซังมาถึง
B04-0577	บท 3 พากย์ · speech_list_judge_main_c03	? (ช)	ไม่เอาน่า นักสืบ ไม่เหมือนนายเลยนะ\nที่จะปฏิเสธงานที่มีตังค์
B04-0578	บท 3 พากย์ · speech_list_judge_main_c03	? (ช) [อีกแทร็ก]	นายจะไม่ปฏิเสธงานที่มีตังค์ หรอกใช่ไหม\nยากามิ?
B04-0579	บท 3 พากย์ · speech_list_judge_main_c03	? (ช)	นายพูดถูกเผงเลย
B04-0580	บท 3 พากย์ · speech_list_judge_main_c03	? (ช) [อีกแทร็ก]	...พูดถูกเผงเลย
B04-0581	บท 3 พากย์ · speech_list_judge_main_c03	ayabe (ช)	นี่อายาเบะเอง\nมาสึดะบอกให้โทรหามึง
B04-0582	บท 3 พากย์ · speech_list_judge_main_c03	ayabe (ช) [อีกแทร็ก]	นี่อายาเบะเอง\nบาร์เทนเดอร์ที่เทนเดอร์บอกให้ โทรหามึง
B04-0583	บท 3 พากย์ · speech_list_judge_main_c03	? (?)	<color=ｍonologue>(ดูเหมือนมาสึดะจะรักษาคำพูดจริงๆ)</color> 
B04-0584	บท 3 พากย์ · speech_list_judge_main_c03	yagami (ช) [อีกแทร็ก]	ใช่.
B04-0585	บท 3 พากย์ · speech_list_judge_main_c03	? (ช)	มีธุระอะไรเหรอ?
B04-0586	บท 3 พากย์ · speech_list_judge_main_c03	? (ช)	เออ ข้อมูลที่ได้ยินว่านายมีอยู่ไง
B04-0587	บท 3 พากย์ · speech_list_judge_main_c03	? (ช) [อีกแทร็ก]	ผมกำลังหาข้อมูลเพิ่มเติมอยู่
B04-0588	บท 3 พากย์ · speech_list_judge_main_c03	? (ช)	มีตังค์รึเปล่า?\nกูไม่แจกฟรีแล้วนะ
B04-0589	บท 3 พากย์ · speech_list_judge_main_c03	? (ช) [อีกแทร็ก]	มีตังค์จ่ายรึเปล่า?\nกูไม่แจกฟรีแล้วนะ
B04-0590	บท 3 พากย์ · speech_list_judge_main_c03	? (ช)	อ้อ แล้วราคาก็ขึ้นอยู่กับ\nว่ามึงอยากรู้อะไร
B04-0591	บท 3 พากย์ · speech_list_judge_main_c03	? (ช)	บังเอิญว่านายบอกราคา\nไคโตะซังไปแล้วนี่ 2 แสน
B04-0592	บท 3 พากย์ · speech_list_judge_main_c03	? (ช) [อีกแทร็ก]	ราคาเหรอ...? นายก็บอกราคา\nไคโตะซังไปแล้วนี่ 2 แสน
B04-0593	บท 3 พากย์ · speech_list_judge_main_c03	? (?)	หืม?
B04-0594	บท 3 พากย์ · speech_list_judge_main_c03	? (ช)	เรื่องเงินที่หายไปจากมัตสึกาเนะน่ะ\nผมอยากรู้ว่าเกิดอะไรขึ้นกับมันบ้าง
B04-0595	บท 3 พากย์ · speech_list_judge_main_c03	? (ช) [อีกแทร็ก]	เมื่อปีก่อน ตระกูลมัตสึกาเนะโดนปล้นเงินไป\n100 ล้าน ผมอยากรู้ว่าเกิดอะไรขึ้นกับมันบ้าง
B04-0596	บท 3 พากย์ · speech_list_judge_main_c03	? (ช)	แล้วไง กูบอกว่า 2 แสนเหรอ?
B04-0597	บท 3 พากย์ · speech_list_judge_main_c03	? (ช)	เขาบอกผมมาแบบนั้น
B04-0598	บท 3 พากย์ · speech_list_judge_main_c03	? (ช)	งั้นเอาแค่ 1 แสนก็แล้วกัน\nราคาลดตามอายุข่าว
B04-0599	บท 3 พากย์ · speech_list_judge_main_c03	? (ช) [อีกแทร็ก]	เอาเป็นว่าข่าวเก่าแล้ว\nกูลดให้เหลือ 1 แสน
B04-0600	บท 3 พากย์ · speech_list_judge_main_c03	? (ช)	อ้อ มันเป็นแบบนั้นด้วยเหรอ?
B04-0601	บท 3 พากย์ · speech_list_judge_main_c03	? (ช) [อีกแทร็ก]	โห จริงดิ?
B04-0602	บท 3 พากย์ · speech_list_judge_main_c03	? (ช)	ฟังนะ กูไม่ได้เดาราคามั่วๆ\nกูมีการคำนวณ มีระบบของกู
B04-0603	บท 3 พากย์ · speech_list_judge_main_c03	? (ช)	เอาเป็นว่าพรุ่งนี้กูจะแวะไปหามึงเอง\nเตรียมเงินไว้ให้พร้อม
B04-0604	บท 3 พากย์ · speech_list_judge_main_c03	yagami (ช)	<color=ｍonologue>(อายาเบะจะแวะมาพรุ่งนี้\nนอนพักเอาแรงไว้หน่อยดีกว่า...)</color>
B04-0605	บท 3 พากย์ · speech_list_judge_main_c03	? (ช)	<color=ｍonologue>(อายาเบะบอกว่าข้อมูลราคา 1 แสน\nต้องหาเงินให้ได้ภายในพรุ่งนี้ ฉะนั้น...)</color>
B04-0606	บท 3 พากย์ · speech_list_judge_main_c03	? (ช)	<color=ｍonologue>(ลองไปถามซาโอริซังหรือมาสึดะที่ เทนเดอร์ดู\nก็ได้ว่ามีงานให้ทำไหม)</color>
B04-0607	บท 3 พากย์ · speech_list_judge_main_c03	? (ช)	<color=ｍonologue>(หรือไม่ก็ไปที่ลามองต์ ลองเล่นโต๊ะพนันดูก็ได้)</color>
B04-0608	บท 3 พากย์ · speech_list_judge_main_c03	? (ช)	<color=ｍonologue>(ฮึ่ย เหนื่อยจัง...)</color>
B04-0609	บท 3 พากย์ · speech_list_judge_main_c03	? (ช)	<color=ｍonologue>(เอ้อ ไม่ใช่ตอนนี้หรอก\nยังมีอะไรต้องทำอีกเยอะ) </color>
B04-0610	บท 3 พากย์ · speech_list_judge_main_c03	yagami (ช)	...ฮัลโหล?
B04-0611	บท 3 พากย์ · speech_list_judge_main_c03	yagami (ช) [อีกแทร็ก]	...เออ ฮัลโหล?
B04-0612	บท 3 พากย์ · speech_list_judge_main_c03	ayabe (ช)	อายาเบะเอง
B04-0613	บท 3 พากย์ · speech_list_judge_main_c03	? (ช)	ตื่นเถอะ แล้วหันไปดูข้างหลังสิ
B04-0614	บท 3 พากย์ · speech_list_judge_main_c03	? (ช) [อีกแทร็ก]	หันไปดูข้างหลังสิ
B04-0615	บท 3 พากย์ · speech_list_judge_main_c03	? (?)	หา!?
B04-0616	บท 3 พากย์ · speech_list_judge_main_c03	? (ช)	ครั้งหน้าเคาะประตูก่อนได้ไหม?
B04-0617	บท 3 พากย์ · speech_list_judge_main_c03	? (ช) [อีกแทร็ก]	เคาะประตูก่อนสิ ครั้งหน้า
B04-0618	บท 3 พากย์ · speech_list_judge_main_c03	? (?)	<color=ｍonologue>(นั่นคงเป็นเอกสารที่เขาสัญญาไว้)</color> 
B04-0619	บท 3 พากย์ · speech_list_judge_main_c03	? (ช)	นั่นเอกสารสืบสวนคดี\nปล้นมัตสึกาเนะใช่ไหม?
B04-0620	บท 3 พากย์ · speech_list_judge_main_c03	? (ช) [อีกแทร็ก]	นี่คือเอกสารสืบสวน\nคดีมัตสึกาเนะเหรอ?
B04-0621	บท 3 พากย์ · speech_list_judge_main_c03	? (ช)	สืบสวนเหรอ?\nมึงสูบอะไรมาวะ?
B04-0622	บท 3 พากย์ · speech_list_judge_main_c03	? (ช)	ไม่มียากูซ่าที่ไหนแจ้งความ\nเรื่องโดนปล้นสำนักงานตัวเองหรอก
B04-0623	บท 3 พากย์ · speech_list_judge_main_c03	? (ช)	ไม่งั้นตำรวจก็ต้องกรูกันมา\nเต็มที่นั่นน่ะสิ
B04-0624	บท 3 พากย์ · speech_list_judge_main_c03	kaito (ช)	เดี๋ยวก่อน...
B04-0625	บท 3 พากย์ · speech_list_judge_main_c03	? (ช) [อีกแทร็ก]	หา...
B04-0626	บท 3 พากย์ · speech_list_judge_main_c03	? (ช)	คดีมัตสึกาเนะไม่เคยเป็นคดีทางการเลย\nกูรวบรวมข้อมูลพวกนี้มาเองทั้งหมด
B04-0627	บท 3 พากย์ · speech_list_judge_main_c03	? (ช)	มีตังค์รึเปล่า?
B04-0628	บท 3 พากย์ · speech_list_judge_main_c03	? (ช)	1 แสน ตามที่นายขอเป๊ะ
B04-0629	บท 3 พากย์ · speech_list_judge_main_c03	? (ช)	เยี่ยม
B04-0630	บท 3 พากย์ · speech_list_judge_main_c03	? (ช) [อีกแทร็ก]	ขอบใจมากนะ
B04-0631	บท 3 พากย์ · speech_list_judge_main_c03	yagami (ช)	ทุกอย่างชัดเจนมากเลย\nนี่แทบจะเป็นเอกสารคดีจริงๆ เลยนะ
B04-0632	บท 3 พากย์ · speech_list_judge_main_c03	ayabe (ช)	อยากรู้ไหมว่ากูใช้เวลา\nกับเรื่องพวกนี้นานแค่ไหน?
B04-0633	บท 3 พากย์ · speech_list_judge_main_c03	ayabe (ช) [อีกแทร็ก]	รู้ไหมว่ากูใช้เวลา\nกับเรื่องพวกนี้นานแค่ไหน?
B04-0634	บท 3 พากย์ · speech_list_judge_main_c03	? (ช)	นานกว่าตอนออกลาดตระเวนซะอีก\nนั่นแหละแน่นอน
B04-0635	บท 3 พากย์ · speech_list_judge_main_c03	? (ช) [อีกแทร็ก]	นานกว่าตอนออกตรวจถนนซะอีก\nนั่นแหละแน่นอน
B04-0636	บท 3 พากย์ · speech_list_judge_main_c03	? (ช)	ดูภูมิใจในตัวเองจังนะ
B04-0637	บท 3 พากย์ · speech_list_judge_main_c03	? (ช)	เฮ่อ เอาล่ะ นี่คือผังพื้น\nสำนักงานตระกูลมัตสึกาเนะ
B04-0638	บท 3 พากย์ · speech_list_judge_main_c03	? (ช) [อีกแทร็ก]	เฮ่อ เฮ่อ... นี่คือผังพื้น\nสำนักงานมัตสึกาเนะ
B04-0639	บท 3 พากย์ · speech_list_judge_main_c03	? (ช)	มาจากเมื่อปีก่อน ตอนที่เกิดเหตุปล้น\nพวกเขาคงยังไม่ได้ปรับปรุงอะไร ตั้งแต่นั้นใช่ไหม?
B04-0640	บท 3 พากย์ · speech_list_judge_main_c03	kaito (ช)	ไม่คิดว่าจะปรับนะ
B04-0641	บท 3 พากย์ · speech_list_judge_main_c03	? (ช) [อีกแทร็ก]	เท่าที่รู้ก็ไม่นะ
B04-0642	บท 3 พากย์ · speech_list_judge_main_c03	? (?)	<color=ｍonologue>(คำถามคือ ขโมยมันบุกเข้ามา\nเอาเงินไป <font_kind=yakuza_italic>แล้ว</font_kind>ออกไปได้ยังไงกันแน่)</color> 
B04-0643	บท 3 พากย์ · speech_list_judge_main_c03	? (ช)	เอาล่ะ เพื่อไม่ให้กล้องวงจรปิดจับภาพได้\nขโมยแอบเดินตามหลังคนที่กำลังเข้ามา
B04-0644	บท 3 พากย์ · speech_list_judge_main_c03	? (ช) [อีกแทร็ก]	ทีนี้มาถึงเรื่องการปล้น เพื่อเลี่ยงกล้อง\nขโมยแอบเดินตามหลังคนของ มัตสึกาเนะที่กำลังเข้ามา
B04-0645	บท 3 พากย์ · speech_list_judge_main_c03	? (ช)	พอเข้าไปอยู่ในจุดบอดกล้อง\nมันก็ใช้ปืนตีหัวคนนั้นจนสลบไป
B04-0646	บท 3 พากย์ · speech_list_judge_main_c03	? (ช) [อีกแทร็ก]	จากนั้นพอเข้าไปอยู่ในจุดบอดกล้อง\nมันก็ใช้ปืนตีหัวคนนั้นจนสลบไป
B04-0647	บท 3 พากย์ · speech_list_judge_main_c03	? (ช)	ตอนนั้นมีแต่ไคโตะคนเดียว\nที่เฝ้าสำนักงานอยู่
B04-0648	บท 3 พากย์ · speech_list_judge_main_c03	? (ช)	เพราะแบบนั้น ขโมยเลยเลือกเข้าไปตอนบ่ายสาม\nแทบไม่มียามให้ต้องรับมือ
B04-0649	บท 3 พากย์ · speech_list_judge_main_c03	? (ช) [อีกแทร็ก]	เพราะแบบนั้น ขโมยเลยเลือกเข้าไปตอนบ่ายสาม\nตอนที่แทบไม่มียามให้ต้องรับมือ
B04-0650	บท 3 พากย์ · speech_list_judge_main_c03	? (ช)	สิ่งที่มันต้องทำก็แค่จ่อปืน\nใส่ไคโตะแล้วบังคับให้เปิดเซฟ
B04-0651	บท 3 พากย์ · speech_list_judge_main_c03	? (ช) [อีกแทร็ก]	แล้วมันก็จ่อปืนใส่ไคโตะ...\nบังคับให้เปิดเซฟ
B04-0652	บท 3 พากย์ · speech_list_judge_main_c03	? (ช)	แต่มีขโมยแค่คนเดียว\nทำไมไคโตะซังถึงไม่สู้กลับล่ะ?
B04-0653	บท 3 พากย์ · speech_list_judge_main_c03	? (ช)	ถ้ามีคนจ่อปืนที่หัวมึง\nแล้วยิงเพดานเพื่อพิสูจน์ว่าพูดจริง มึงจะทำไง?
B04-0654	บท 3 พากย์ · speech_list_judge_main_c03	? (ช) [อีกแทร็ก]	ถ้ามีคนจ่อปืนใส่มึง\nแล้วยิงเพดานไปนัดนึง มึงจะทำไง?
B04-0655	บท 3 พากย์ · speech_list_judge_main_c03	? (ช)	ต่อให้เป็นคนอย่างเขาก็ต้อง แข็งทื่อไปกับแรงกดดัน\nแบบนั้น มึงจะเสี่ยงเล่นฮีโร่จริงๆ เหรอ?
B04-0656	บท 3 พากย์ · speech_list_judge_main_c03	? (ช) [อีกแทร็ก]	ไม่ว่าจะเป็นใคร\nก็ต้องแข็งทื่อไปกับแรงกดดันแบบ นั้นทั้งนั้น
B04-0657	บท 3 พากย์ · speech_list_judge_main_c03	? (ช)	พอเซฟเปิด ขโมยก็ตีไคโตะด้วย\nทำให้สลบไปเหมือนคนก่อนหน้า
B04-0658	บท 3 พากย์ · speech_list_judge_main_c03	? (ช) [อีกแทร็ก]	จากนั้นพอเซฟเปิด\nขโมยก็ตีไคโตะจนสลบไป
B04-0659	บท 3 พากย์ · speech_list_judge_main_c03	? (ช)	เรื่องก็จบลงแค่นั้น
B04-0660	บท 3 พากย์ · speech_list_judge_main_c03	? (ช) [อีกแทร็ก]	สรุปก็ประมาณนี้แหละ
B04-0661	บท 3 พากย์ · speech_list_judge_main_c03	? (?)	<color=ｍonologue>(แปลว่ามันจงใจบุกเข้ามาตอนไม่มี ใครอยู่\nกล้าจริงนะ ที่บุกสำนักงานยากูซ่าด้วยปืน กระบอกเดียว)</color> 
B04-0662	บท 3 พากย์ · speech_list_judge_main_c03	? (ช)	ฟังดูวางแผนมาดีเกินไปหน่อยนะ
B04-0663	บท 3 พากย์ · speech_list_judge_main_c03	? (ช) [อีกแทร็ก]	มีการวางแผนมาเยอะเลย\nอาจจะวางแผนมาดีเกินไปด้วยซ้ำ
B04-0664	บท 3 พากย์ · speech_list_judge_main_c03	? (ช)	หมอนี่มืออาชีพ\nแล้วลองคิดดูนี่สิ
B04-0665	บท 3 พากย์ · speech_list_judge_main_c03	? (ช) [อีกแทร็ก]	เออ ไม่ใช่แค่หมอนี่มืออาชีพ...
B04-0666	บท 3 พากย์ · speech_list_judge_main_c03	? (ช)	ถ้ามันไม่รู้ว่าสำนักงานจะว่างตอนไหน\nมันก็ทำแบบนี้ไม่สำเร็จหรอก
B04-0667	บท 3 พากย์ · speech_list_judge_main_c03	? (ช)	เห็นชัดว่ามันมีสายในอยู่
B04-0668	บท 3 พากย์ · speech_list_judge_main_c03	? (ช) [อีกแทร็ก]	ที่กูมองน่ะ หมอนี่\nต้องมีสายในแน่ๆ
B04-0669	บท 3 พากย์ · speech_list_judge_main_c03	? (ช)	อาจจะใช่ แต่ถึงอย่างนั้น...
B04-0670	บท 3 พากย์ · speech_list_judge_main_c03	? (ช) [อีกแทร็ก]	เข้าใจที่นายพูดนะ แต่...
B04-0671	บท 3 พากย์ · speech_list_judge_main_c03	? (ช)	ผมไม่เข้าใจว่าทำไมไคโตะซังถึง ทำแบบนั้น\nปกติแล้วเขาต้องฆ่าให้ตาย หรือไม่ก็ตายไปพร้อมกับสู้
B04-0672	บท 3 พากย์ · speech_list_judge_main_c03	? (ช) [อีกแทร็ก]	ผมไม่เข้าใจว่าทำไมไคโตะซังถึง ทำแบบนั้น\nปกติเขาต้องสู้กลับหนักกว่านี้มาก
B04-0673	บท 3 พากย์ · speech_list_judge_main_c03	? (ช)	เฮ่อ รู้อยู่แล้วว่ามึงต้องพูดแบบนั้น
B04-0674	บท 3 พากย์ · speech_list_judge_main_c03	? (ช) [อีกแทร็ก]	เฮ่อ รู้อยู่แล้วว่ามึงต้องพูดแบบนั้น
B04-0675	บท 3 พากย์ · speech_list_judge_main_c03	? (ช)	ที่พูดมาทั้งหมดแค่โหมโรงเฉยๆ\nต่อไปนี่แหละที่คุ้มกับเงินแสนนึง
B04-0676	บท 3 พากย์ · speech_list_judge_main_c03	? (ช) [อีกแทร็ก]	ฟังนะ ที่กูเล่าไปทั้งหมดคือการปูเรื่องเฉยๆ\nต่อไปนี่แหละที่คุ้มกับเงินแสนนึง
B04-0677	บท 3 พากย์ · speech_list_judge_main_c03	? (ช)	เอาล่ะ กูบอกว่าไคโตะอยู่\nในสำนักงานคนเดียวใช่ไหม?
B04-0678	บท 3 พากย์ · speech_list_judge_main_c03	? (ช) [อีกแทร็ก]	กูบอกว่าไคโตะอยู่\nในสำนักงานคนเดียวใช่ไหม?
B04-0679	บท 3 พากย์ · speech_list_judge_main_c03	? (ช)	แต่จริงๆ แล้ว...มีอีกคน\nอยู่ที่นั่นด้วย
B04-0680	บท 3 พากย์ · speech_list_judge_main_c03	? (ช) [อีกแทร็ก]	ความจริงคือ มีอีกคน\nอยู่กับเขาด้วย
B04-0681	บท 3 พากย์ · speech_list_judge_main_c03	? (ช)	ฮิงาชิ
B04-0682	บท 3 พากย์ · speech_list_judge_main_c03	? (ช)	เขาเห็นเหตุการณ์ทั้งหมดเกิดขึ้น แต่ไคโตะ\nคือคนที่รับผิดแทน
B04-0683	บท 3 พากย์ · speech_list_judge_main_c03	? (ช) [อีกแทร็ก]	เขาอยู่ที่ที่เกิดเหตุพอดี\nแล้วเห็นทุกอย่างเกิดขึ้นกับตา
B04-0684	บท 3 พากย์ · speech_list_judge_main_c03	ayabe (ช)	ไคโตะไม่เคยบอกใครเลยว่าฮิงาชิ\nยืนตัวแข็งเหมือนโดนสะกดตอนนั้น
B04-0685	บท 3 พากย์ · speech_list_judge_main_c03	ayabe (ช) [อีกแทร็ก]	ที่เหลือมึงคงเดาออก\nไคโตะไม่เคยบอกใครเรื่องฮิงาชิเลย
B04-0686	บท 3 พากย์ · speech_list_judge_main_c03	? (ช)	แทนที่จะบอกใคร เขากลับรับผิดแทนเรื่องเงิน\nร้อยล้านที่หายไป จนโดนไล่ออกจากตระกูลไปเอง
B04-0687	บท 3 พากย์ · speech_list_judge_main_c03	? (ช) [อีกแทร็ก]	เขารับผิดแทนเรื่องเงินร้อยล้าน ที่หายไปเฉยๆ\nแล้วก็โดนไล่ออกไป
B04-0688	บท 3 พากย์ · speech_list_judge_main_c03	yagami (ช)	ชิ ทำไมผมถึงไม่แปลกใจเลยนะ นั่นมันเหมือน\nสิ่งที่ไคโตะซังจะทำเป๊ะๆ เลย
B04-0689	บท 3 พากย์ · speech_list_judge_main_c03	yagami (ช) [อีกแทร็ก]	ตอนนี้ทุกอย่างเข้าใจได้มากขึ้น เยอะเลย...แล้วก็ใช่\nนั่นมันเหมือนไคโตะซังจริงๆ
B04-0690	บท 3 พากย์ · speech_list_judge_main_c03	? (ช)	ใช่มั้ยล่ะ?
B04-0691	บท 3 พากย์ · speech_list_judge_main_c03	? (ช) [อีกแทร็ก]	ใช่ไหมล่ะ?
B04-0692	บท 3 พากย์ · speech_list_judge_main_c03	? (ช)	แต่หลังจากนั้นเกิดอะไรขึ้น? ฮิงาชิ\nเอาเงินคืนมาได้ยังไง? มันคงไม่ง่ายแน่ๆ
B04-0693	บท 3 พากย์ · speech_list_judge_main_c03	? (ช) [อีกแทร็ก]	แต่หลังจากนั้นเกิดอะไรขึ้น? ฮิงาชิเอาเงินร้อยล้าน\nคืนมาได้ยังไง? เขาทำอะไรลงไป?
B04-0694	บท 3 พากย์ · speech_list_judge_main_c03	? (ช)	เขาไล่ตามขโมยไป\nแล้วเอาเงินคืนมา
B04-0695	บท 3 พากย์ · speech_list_judge_main_c03	? (ช) [อีกแทร็ก]	เขาไล่ตามขโมยไป\nแล้ว<font_kind=yakuza_italic>เอาคืน</font_kind>มาได้
B04-0696	บท 3 พากย์ · speech_list_judge_main_c03	? (ช)	คิดว่าจะได้ไคโตะกลับเข้าตระกูล\nอีกครั้ง แต่เห็นได้ชัดว่าไม่เป็นแบบนั้น
B04-0697	บท 3 พากย์ · speech_list_judge_main_c03	? (ช) [อีกแทร็ก]	คิดว่าจะได้ไคโตะกลับเข้าตระกูล อีกครั้ง\nแต่เห็นได้ชัดว่าไม่เป็นแบบนั้น
B04-0698	บท 3 พากย์ · speech_list_judge_main_c03	? (ช)	แต่ปัญหาคือ เขาต้องใช้\nฐานข้อมูลตำรวจเพื่อค้นหาใบหน้า
B04-0699	บท 3 พากย์ · speech_list_judge_main_c03	? (ช) [อีกแทร็ก]	ยังไงก็ตาม เขาอยากใช้ฐานข้อมูลตำรวจ\nค้นหาใบหน้าของมัน
B04-0700	บท 3 พากย์ · speech_list_judge_main_c03	? (?)	<color=ｍonologue>(ฐานข้อมูลตำรวจ? นั่นแปลว่า...)</color> 
B04-0701	บท 3 พากย์ · speech_list_judge_main_c03	? (ช)	เข้าใจแล้ว นั่นแหละคือเหตุผล\nที่นายรู้เรื่องพวกนี้สินะ?
B04-0702	บท 3 พากย์ · speech_list_judge_main_c03	? (ช) [อีกแทร็ก]	เข้าใจแล้ว ถ้างั้น...ตอนนั้นเอง\nที่ฮิงาชิมาหานาย
B04-0703	บท 3 พากย์ · speech_list_judge_main_c03	? (?)	คุณคิดงั้นจริงๆ เหรอ?
B04-0704	บท 3 พากย์ · speech_list_judge_main_c03	? (ช) [อีกแทร็ก]	อะไรทำให้มึงมั่นใจขนาดนั้น?
B04-0705	บท 3 พากย์ · speech_list_judge_main_c03	? (ช)	มันเป็นทางเดียวที่นายจะรู้ เรื่องคดีนี้ได้\nในเมื่อไม่เคยมีการแจ้งความไว้เลย
B04-0706	บท 3 พากย์ · speech_list_judge_main_c03	? (ช)	ฮ่าฮ่า ติ๊ง ติ๊ง ติ๊ง ถูกเผง
B04-0707	บท 3 พากย์ · speech_list_judge_main_c03	? (ช) [อีกแทร็ก]	คมนะเว้ย
B04-0708	บท 3 พากย์ · speech_list_judge_main_c03	? (ช)	พูดสั้นๆ ก็คือฮิงาชิใช้ฐานข้อมูล\nตามหาตัวมันจนเจอ
B04-0709	บท 3 พากย์ · speech_list_judge_main_c03	? (ช) [อีกแทร็ก]	เอาเป็นว่าฮิงาชิใช้ฐานข้อมูล\nตามหาตัวมันจนเจอ
B04-0710	บท 3 พากย์ · speech_list_judge_main_c03	? (ช)	คนไร้บ้านที่อยู่ตามท้องถนนในคามุโรโจ\nแถวนี้เรียกมันว่า จมูกแดง
B04-0711	บท 3 พากย์ · speech_list_judge_main_c03	? (ช)	นี่ เพิ่งส่งรูปให้นายไป นั่นแหละหน้าตามัน\nก่อนที่ชีวิตจะพังไม่เป็นท่า
B04-0712	บท 3 พากย์ · speech_list_judge_main_c03	? (ช) [อีกแทร็ก]	นี่ เพิ่งส่งรูปให้นายไป นั่นแหละตัวมัน\nก่อนจะมาเป็นคนไร้บ้านอย่างน้อย ก็ตอนนั้น
B04-0713	บท 3 พากย์ · speech_list_judge_main_c03	? (?)	<color=ｍonologue>(...นี่นะจมูกแดง?)</color> 
B04-0714	บท 3 พากย์ · speech_list_judge_main_c03	? (ช)	ผมว่าจมูกมันก็ไม่ได้แดงขนาดนั้นนะ
B04-0715	บท 3 พากย์ · speech_list_judge_main_c03	? (ช) [อีกแทร็ก]	แหะ จมูกมันแดงขนาดนั้นเลยเหรอ
B04-0716	บท 3 พากย์ · speech_list_judge_main_c03	? (ช)	ฉันไม่ได้ตั้งชื่อนั้นให้มันนะ อย่าถามฉัน
B04-0717	บท 3 พากย์ · speech_list_judge_main_c03	? (ช) [อีกแทร็ก]	ฉันไม่ได้ตั้งฉายานั้นให้มันนะ อย่าถามฉัน
B04-0718	บท 3 พากย์ · speech_list_judge_main_c03	? (ช)	ยังไงก็เถอะ ต่อจากนั้นนายก็คงเดาออก
B04-0719	บท 3 พากย์ · speech_list_judge_main_c03	? (ช) [อีกแทร็ก]	เอาเป็นว่า...\nต่อจากนั้นนายก็คงเดาออก
B04-0720	บท 3 พากย์ · speech_list_judge_main_c03	? (ช)	มันตามล่าจมูกแดงจนเจอ แล้วเอาเงินคืนมาได้\nแต่ไคโตะซังก็ยังโดนลอยแพเหมือนเดิม
B04-0721	บท 3 พากย์ · speech_list_judge_main_c03	? (ช)	ตลกดีใช่ไหมล่ะ ในขณะที่ฮิงาชิไต่เต้าขึ้น\nเรื่อยๆ คงเข้าตาฮามุระพอดี
B04-0722	บท 3 พากย์ · speech_list_judge_main_c03	? (ช) [อีกแทร็ก]	แต่ในระหว่างนั้นฮิงาชิก็ ไต่เต้าขึ้นเรื่อยๆ\nทำงานหนักจนเข้าตากัปตัน
B04-0723	บท 3 พากย์ · speech_list_judge_main_c03	? (ช)	แล้วจมูกแดงล่ะ?
B04-0724	บท 3 พากย์ · speech_list_judge_main_c03	? (ช) [อีกแทร็ก]	แล้วจมูกแดงล่ะ หายไปไหน?
B04-0725	บท 3 พากย์ · speech_list_judge_main_c03	? (ช)	ไม่ได้ยินข่าวคราวมันเลยสักแอะ\nและฉันก็อยากให้มันเป็นแบบนี้ต่อไป
B04-0726	บท 3 พากย์ · speech_list_judge_main_c03	? (ช) [อีกแทร็ก]	ฮิงาชิไม่ค่อยพูดถึงมันเท่าไหร่\nฉันเองก็ไม่ค่อยอยากถามอยู่แล้ว
B04-0727	บท 3 พากย์ · speech_list_judge_main_c03	? (ช)	ฮิงาชิไม่ได้... ฆ่ามันใช่ไหม?
B04-0728	บท 3 พากย์ · speech_list_judge_main_c03	? (ช) [อีกแทร็ก]	นายไม่คิดว่าฮิงาชิ... ฆ่ามันใช่ไหม?
B04-0729	บท 3 พากย์ · speech_list_judge_main_c03	? (ช)	ไม่รู้เหมือนกัน
B04-0730	บท 3 พากย์ · speech_list_judge_main_c03	? (ช)	แล้วไง? เป็นไงบ้าง\nคุ้มกับเงินแสนที่จ่ายไปไหม?
B04-0731	บท 3 พากย์ · speech_list_judge_main_c03	? (ช) [อีกแทร็ก]	เอาล่ะ เป็นไงบ้าง\nคุ้มกับเงินแสนที่จ่ายไปไหม?
B04-0732	บท 3 พากย์ · speech_list_judge_main_c03	? (ช)	เมื่อปีก่อนฮิงาชิคงพลิกเมือง ทั้งเมือง\nตามหาจมูกแดงจนทั่ว...
B04-0733	บท 3 พากย์ · speech_list_judge_main_c03	? (ช) [อีกแทร็ก]	ตอนนั้น... ฮิงาชิคงกวาดล้างทั้งเมือง\nเพื่อตามล่าจมูกแดง คงถามพวกคนไร้บ้านด้วย
B04-0734	บท 3 พากย์ · speech_list_judge_main_c03	? (ช)	ถ้าคนแบบมันยังทำได้\nฉันก็ต้องทำได้เหมือนกัน
B04-0735	บท 3 พากย์ · speech_list_judge_main_c03	? (ช) [อีกแทร็ก]	...ถ้ามันทำได้ ฉันก็ต้องทำได้เหมือนกัน\nจมูกแดงสินะ...?
B04-0736	บท 3 พากย์ · speech_list_judge_main_c03	yagami (ช)	(ผมต้องหาให้ได้ว่าจมูกแดงยัง มีชีวิตอยู่ไหม\nบางทีพวกคนไร้บ้านแถวนี้อาจจะ รู้อะไรมากกว่านี้...) 
B04-0737	บท 3 พากย์ · speech_list_judge_main_c03	yagami (ช)	ขอโทษนะครับ ถามอะไรหน่อยได้ไหม
B04-0738	บท 3 พากย์ · speech_list_judge_main_c03	yagami (ช) [อีกแทร็ก]	มีเวลาสักครู่มั้ยครับ?
B04-0739	บท 3 พากย์ · speech_list_judge_main_c03	homeless (ช)	แล้วแต่เรื่อง\nอยากได้อะไรล่ะ
B04-0740	บท 3 พากย์ · speech_list_judge_main_c03	homeless (ช) [อีกแทร็ก]	อือ? อยากได้อะไร
B04-0741	บท 3 พากย์ · speech_list_judge_main_c03	? (ช)	ผมกำลังตามหาใครคนหนึ่งอยู่ครับ\nผู้ชายที่ชื่อจมูกแดง
B04-0742	บท 3 พากย์ · speech_list_judge_main_c03	? (ช)	จมูกแดงเหรอ?\nไม่เคยได้ยินชื่อนี้เลย
B04-0743	บท 3 พากย์ · speech_list_judge_main_c03	? (ช)	ไม่รู้จักเลยเหรอครับ
B04-0744	บท 3 พากย์ · speech_list_judge_main_c03	kaito (ช) [อีกแทร็ก]	ใช่
B04-0745	บท 3 พากย์ · speech_list_judge_main_c03	? (ช)	แต่เพื่อนฉันอาจจะ\nรู้อะไรบ้างก็ได้
B04-0746	บท 3 พากย์ · speech_list_judge_main_c03	? (ช)	ช่วยถามให้หน่อยได้ไหมครับ
B04-0747	บท 3 พากย์ · speech_list_judge_main_c03	? (ช)	ได้สิ\nแต่อาจจะใช้เวลาหน่อยนะ
B04-0748	บท 3 พากย์ · speech_list_judge_main_c03	? (ช)	ไม่เป็นไรครับ\nผมรอได้
B04-0749	บท 3 พากย์ · speech_list_judge_main_c03	? (ช)	ถ้านายว่างั้นก็ได้\nอ้อ แล้วเป็นการแลกเปลี่ยนนะ...
B04-0750	บท 3 พากย์ · speech_list_judge_main_c03	? (ช)	ฉันมีของอยู่ชิ้นหนึ่งเรียกว่า เพลย์พาส\nนายลองเล่นให้หน่อยได้ไหม
B04-0751	บท 3 พากย์ · speech_list_judge_main_c03	? (ช) [อีกแทร็ก]	นี่เพื่อน ช่วยเอาเพลย์พาสนี่\nไปเล่นให้หน่อยได้ไหม
B04-0752	บท 3 พากย์ · speech_list_judge_main_c03	? (ช)	...ว่าไงนะครับ?
B04-0753	บท 3 พากย์ · speech_list_judge_main_c03	? (ช)	มันเป็นเกมใหม่ที่คณะกรรมการ ใหญ่เพิ่งเปิดตัว\nเขาเรียกว่า Dice & Cube ที่ Paradise VR
B04-0754	บท 3 พากย์ · speech_list_judge_main_c03	? (ช) [อีกแทร็ก]	มันเป็นเกมใหม่ที่คณะกรรมการ ใหญ่ของคามุโรโจ\nเพิ่งเปิดตัว เขาเรียกว่า VR Dice & Cube
B04-0755	บท 3 พากย์ · speech_list_judge_main_c03	? (?)	อะไรล่ะ?
B04-0756	บท 3 พากย์ · speech_list_judge_main_c03	? (ช)	มันก็เอ่อ... เกมกระดานหรูๆ อะไรสักอย่าง ใส่\nแว่นบ้าบอ ทอยลูกเต๋า... ฉันเองก็ไม่รู้หรอก
B04-0757	บท 3 พากย์ · speech_list_judge_main_c03	? (ช) [อีกแทร็ก]	มันก็เอ่อ... เกมอินเตอร์แอกทีฟอะไรสักอย่าง\nรู้จักซุโกโรกุไหม เกมกระดานน่ะ คล้ายๆ งั้น แต่ตัวเป็นๆ เลย
B04-0758	บท 3 พากย์ · speech_list_judge_main_c03	? (ช)	มันอยู่แถวเธียเตอร์อัลเลย์ ต้องมี\nเพลย์พาสถึงจะเข้าไปได้
B04-0759	บท 3 พากย์ · speech_list_judge_main_c03	? (ช) [อีกแทร็ก]	ถ้ามีเพลย์พาสสักใบ เขาจะให้นายลองเล่น\nได้ที่เธียเตอร์อัลเลย์
B04-0760	บท 3 พากย์ · speech_list_judge_main_c03	? (ช)	แหะ เมืองนี้บางทีก็บ้าบอดีแท้
B04-0761	บท 3 พากย์ · speech_list_judge_main_c03	? (ช) [อีกแทร็ก]	แหะ ไม่เคยรู้เลยว่า\nมีของแบบนี้อยู่ด้วย
B04-0762	บท 3 พากย์ · speech_list_judge_main_c03	? (ช)	ได้ยินมาว่าถ้าชนะ\nจะได้ของรางวัลดีๆ ด้วยนะ
B04-0763	บท 3 พากย์ · speech_list_judge_main_c03	? (ช) [อีกแทร็ก]	ได้ยินมาว่าถ้าเอาชนะได้\nจะกวาดรางวัลได้เพียบเลยนะ
B04-0764	บท 3 พากย์ · speech_list_judge_main_c03	? (ช)	แต่ขาฉันมันพังไม่เป็นท่าแล้ว\nคนไร้บ้านอย่างฉันคงไม่มีลุ้น VR หรอก
B04-0765	บท 3 พากย์ · speech_list_judge_main_c03	? (ช) [อีกแทร็ก]	ขาฉันมันไม่ค่อยดีแล้ว เห็นๆ อยู่\nคนไร้บ้านอย่างฉันคงไม่มีโอกาส ได้เล่นหรอก
B04-0766	บท 3 พากย์ · speech_list_judge_main_c03	? (ช)	อือ นายคงต้อง\nขยับตัวเยอะเหมือนกันสินะ
B04-0767	บท 3 พากย์ · speech_list_judge_main_c03	? (ช) [อีกแทร็ก]	ครับ คงลำบากสำหรับนาย\nที่ต้องขยับตัวไปมา
B04-0768	บท 3 พากย์ · speech_list_judge_main_c03	? (ช)	เพื่อนฉันบางคนก็เคยลองแล้ว\nแต่ฟังดูเหมือนทุกคนจะเจอปัญหากันหมด
B04-0769	บท 3 พากย์ · speech_list_judge_main_c03	? (ช)	เอาล่ะ ฉันอยากให้นายไปเอารางวัลมาให้หน่อย\nหนุ่มแน่นแบบนายทำได้สบายมากอยู่แล้ว ว่าไง?
B04-0770	บท 3 พากย์ · speech_list_judge_main_c03	? (ช) [อีกแทร็ก]	นายหนุ่มแน่นแข็งแรงแบบนี้ ทำได้ชิลๆ อยู่แล้ว\nไปคว้ารางวัลสักชิ้นมาให้ฉันหน่อยนะ ว่าไง?
B04-0771	บท 3 พากย์ · speech_list_judge_main_c03	? (ช)	ฟังดูน่าสนใจดี... ก็ได้\nรอตรงนี้นะครับ ผมจะไปคว้ารางวัลมาให้
B04-0772	บท 3 พากย์ · speech_list_judge_main_c03	? (ช) [อีกแทร็ก]	ฟังดูน่าสนใจดี... ก็ได้\nรอตรงนี้นะครับ แล้วผมจะไปคว้ารางวัลมาให้
B04-0773	บท 3 พากย์ · speech_list_judge_main_c03	? (ช)	ขอบใจมากๆ เลยเพื่อน ระหว่างนี้ฉันจะ\nลองถามเรื่องจมูกแดงของนายดูให้
B04-0774	บท 3 พากย์ · speech_list_judge_main_c03	? (ช) [อีกแทร็ก]	เยี่ยม! งั้นฉันจะลองถามดู\nว่ามีใครรู้จักคนที่นายตามหาไหม
B04-0775	บท 3 พากย์ · speech_list_judge_main_c03	? (ช)	สวัสดีครับ ขอเวลาสักครู่ได้ไหม
B04-0776	บท 3 พากย์ · speech_list_judge_main_c03	yagami (ช) [อีกแทร็ก]	นี่ครับ ขอเวลาสักครู่ได้ไหม
B04-0777	บท 3 พากย์ · speech_list_judge_main_c03	? (ช)	ผมกำลังตามหาผู้ชาย\nที่ชื่อจมูกแดงอยู่ครับ
B04-0778	บท 3 พากย์ · speech_list_judge_main_c03	? (ช)	จมูกแดงเหรอ?\nไอ้คนไร้บ้านคนนั้นน่ะเหรอ?
B04-0779	บท 3 พากย์ · speech_list_judge_main_c03	? (ช) [อีกแทร็ก]	แล้วมาถามฉันทำไม?\nฉันก็คนไร้บ้านเหมือนกันนะ?
B04-0780	บท 3 พากย์ · speech_list_judge_main_c03	? (ช)	อือ รู้จักอยู่\nแต่ไม่เจอหน้ามันมาเป็นปีแล้วนะ
B04-0781	บท 3 พากย์ · speech_list_judge_main_c03	? (ช) [อีกแทร็ก]	...อือ รู้จักอยู่\nแต่ไม่เจอหน้ามันมาสักปีแล้วนะ
B04-0782	บท 3 พากย์ · speech_list_judge_main_c03	? (ช)	พอจะรู้ไหมว่ามันไปไหน?
B04-0783	บท 3 พากย์ · speech_list_judge_main_c03	saori (ญ)	เปล่า
B04-0784	บท 3 พากย์ · speech_list_judge_main_c03	? (ช) [อีกแทร็ก]	คงไม่รู้หรอก
B04-0785	บท 3 พากย์ · speech_list_judge_main_c03	? (ช)	...หรือถ้าได้ดื่มสักแก้ว\nอาจจะช่วยให้นึกออกก็ได้นะ?
B04-0786	บท 3 พากย์ · speech_list_judge_main_c03	? (ช) [อีกแทร็ก]	ถ้าได้ดื่มสักแก้ว\nอาจจะช่วยให้นึกออกไหม?
B04-0787	บท 3 พากย์ · speech_list_judge_main_c03	? (ช)	ไม่ ฉันไม่รู้จริงๆ\nไปกวนใจคนอื่นเถอะ
B04-0788	บท 3 พากย์ · speech_list_judge_main_c03	? (ช) [อีกแทร็ก]	ไม่ ฉันไม่รู้จริงๆ นะ\nไปกวนใจคนอื่นเถอะ
B04-0789	บท 3 พากย์ · speech_list_judge_main_c03	? (ช)	ขอโทษนะครับ ถามอะไรหน่อยได้ไหม
B04-0790	บท 3 พากย์ · speech_list_judge_main_c03	? (?)	ว่ามาเลย
B04-0791	บท 3 พากย์ · speech_list_judge_main_c03	? (ช)	รู้จักคนไร้บ้านที่ชื่อจมูกแดงไหมครับ\nได้ยินมาว่าเขาอยู่แถวนี้
B04-0792	บท 3 พากย์ · speech_list_judge_main_c03	? (ช) [อีกแทร็ก]	รู้จักคนที่ชื่อจมูกแดงไหมครับ\nได้ยินมาว่าเป็นคนไร้บ้าน ที่อยู่แถวนี้
B04-0793	บท 3 พากย์ · speech_list_judge_main_c03	? (ช)	ไม่รู้จักเลยนะ\nฉันเพิ่งย้ายมาแถวนี้เอง
B04-0794	บท 3 พากย์ · speech_list_judge_main_c03	? (ช)	อ๋อ ครับ\nขอโทษที่รบกวนนะครับ
B04-0795	บท 3 พากย์ · speech_list_judge_main_c03	? (ช)	ขอเวลาสักครู่ได้ไหมครับ
B04-0796	บท 3 พากย์ · speech_list_judge_main_c03	homeless (ช)	อยากได้อะไรล่ะ
B04-0797	บท 3 พากย์ · speech_list_judge_main_c03	? (ช)	นั่นน่ะเหรอเรียกว่าจมูกแดง?\nผมว่าไม่เห็นจะแดงตรงไหนเลย
B04-0798	บท 3 พากย์ · speech_list_judge_main_c03	? (ช) [อีกแทร็ก]	จมูกแดงเหรอ?\nผมว่ามันไม่เห็นจะแดงเลยสักนิด
B04-0799	บท 3 พากย์ · speech_list_judge_main_c03	? (ช)	ฉันก็คิดแบบนั้นเหมือนกัน แต่เพื่อนๆ มัน\nก็เรียกกันแบบนี้แหละนะ
B04-0800	บท 3 พากย์ · speech_list_judge_main_c03	? (ช) [อีกแทร็ก]	ใช่เลยใช่ไหมล่ะ แต่เพื่อนๆ มัน\nก็เรียกกันแบบนี้แหละนะ
B04-0801	บท 3 พากย์ · speech_list_judge_main_c03	? (ช)	ไม่เคยเห็นหน้ามันเลย ไปให้พ้นเลยว่ะ
B04-0802	บท 3 พากย์ · speech_list_judge_main_c03	? (ช) [อีกแทร็ก]	ไม่เคยเห็นหน้ามันเลย\nไปให้พ้นเลยว่ะ
B04-0803	บท 3 พากย์ · speech_list_judge_main_c03	? (ช)	โห แรงจัง
B04-0804	บท 3 พากย์ · speech_list_judge_main_c03	? (?) [อีกแทร็ก]	...ใช่
B04-0805	บท 3 พากย์ · speech_list_judge_main_c03	? (ช)	ขอโทษนะครับ ถามอะไรหน่อยได้ไหม
B04-0806	บท 3 พากย์ · speech_list_judge_main_c03	homeless (ช)	ไม่สนใจหรอก ขอโทษด้วยนะ
B04-0807	บท 3 พากย์ · speech_list_judge_main_c03	? (ช)	ไม่นานหรอกครับ ขอร้องล่ะ\nรู้จักคนที่ชื่อจมูกแดงไหม?
B04-0808	บท 3 พากย์ · speech_list_judge_main_c03	? (ช) [อีกแทร็ก]	ขอร้องล่ะครับ ไม่นานจริงๆ\nรู้จักคนที่คนเขาเรียกกันว่า จมูกแดงไหม?
B04-0809	บท 3 พากย์ · speech_list_judge_main_c03	? (ช)	อ๋อ... หน้าตาคุ้นๆ อยู่เหมือนกันนะ
B04-0810	บท 3 พากย์ · speech_list_judge_main_c03	? (ช) [อีกแทร็ก]	อืม... หน้าตาคุ้นๆ อยู่นะ
B04-0811	บท 3 พากย์ · speech_list_judge_main_c03	? (ช)	พอจะรู้ไหมว่าตอนนี้เขาอยู่ไหน?
B04-0812	บท 3 พากย์ · speech_list_judge_main_c03	? (ช) [อีกแทร็ก]	แล้วพอจะรู้ไหมว่าเขาอยู่ไหน?
B04-0813	บท 3 พากย์ · speech_list_judge_main_c03	? (ช)	ไม่เจอหน้ามันมานานมากแล้วพวก\nฉันเดาว่าคงหนีออกนอกเมืองไปแล้ว หรือไม่ก็แย่กว่านั้น
B04-0814	บท 3 พากย์ · speech_list_judge_main_c03	? (ช) [อีกแทร็ก]	ไม่รู้เลยสักนิด ไม่เจอหน้ามันมานานแล้ว\nคงหนีออกนอกเมืองไปแล้วมั้ง หรือไม่ก็เรื่องแย่ๆ
B04-0815	บท 3 พากย์ · speech_list_judge_main_c03	? (ช)	อ๋อ ขอบคุณครับ
B04-0816	บท 3 พากย์ · speech_list_judge_main_c03	? (?) [อีกแทร็ก]	เข้าใจแล้ว
B04-0817	บท 3 พากย์ · speech_list_judge_main_c03	yagami (ช)	(เยี่ยม ทีนี้ก็เอาไปให้คนไร้บ้านคนนั้น\nแล้วหาให้เจอว่าจมูกแดงอยู่ไหน)
B04-0818	บท 3 พากย์ · speech_list_judge_main_c03	? (?)	(แย่จัง คงต้องกลับไปบอก\nคนไร้บ้านคนนั้นตามตรง) 
B04-0819	บท 3 พากย์ · speech_list_judge_main_c03	homeless (ช)	เฮ้เพื่อน เป็นไงบ้าง?\nได้ของรางวัล VR เจ๋งๆ มาให้ฉันไหม?
B04-0820	บท 3 พากย์ · speech_list_judge_main_c03	homeless (ช) [อีกแทร็ก]	เฮ้เพื่อน! เป็นไงบ้าง?\nคว้ารางวัล VR เจ๋งๆ มาให้ฉันได้ไหม?
B04-0821	บท 3 พากย์ · speech_list_judge_main_c03	yagami (ช)	ง่ายเหมือนปอกกล้วย
B04-0822	บท 3 พากย์ · speech_list_judge_main_c03	yagami (ช) [อีกแทร็ก]	ใช่เลย
B04-0823	บท 3 พากย์ · speech_list_judge_main_c03	? (ช)	โห จริงดิ? ไม่นึกเลยว่า\nนายจะเอาชนะได้จริงๆ!
B04-0824	บท 3 พากย์ · speech_list_judge_main_c03	? (ช) [อีกแทร็ก]	โห จริงดิ?\nไม่นึกเลยว่านายจะเอาชนะได้จริงๆ!
B04-0825	บท 3 พากย์ · speech_list_judge_main_c03	? (ช)	ทำไม่ได้เหรอ?\nช่างเถอะ ขอโทษที่ยืมขานายไปใช้นะ
B04-0826	บท 3 พากย์ · speech_list_judge_main_c03	? (ช) [อีกแทร็ก]	หา ทำไม่ได้เหรอ?\nช่างเถอะ ขอโทษที่ยืมขานายไปใช้นะ
B04-0827	บท 3 พากย์ · speech_list_judge_main_c03	? (ช)	เอาล่ะ ฉันลองถามๆ\nเรื่องเจ้าจมูกแดงของนายดูแล้ว
B04-0828	บท 3 พากย์ · speech_list_judge_main_c03	? (ช) [อีกแทร็ก]	เอาล่ะ ฉันลองถามให้นาย\nเรื่องเจ้าจมูกแดงของนายดูแล้ว
B04-0829	บท 3 พากย์ · speech_list_judge_main_c03	? (ช)	ยังไม่รู้ว่ามันอยู่ไหน\nแต่เจอคนที่อาจจะรู้แล้ว
B04-0830	บท 3 พากย์ · speech_list_judge_main_c03	? (ช) [อีกแทร็ก]	ไม่ค่อยได้เรื่องเท่าไหร่หรอก\nแต่เจอคนที่อาจจะมีเบาะแสมากกว่านี้
B04-0831	บท 3 พากย์ · speech_list_judge_main_c03	? (ช)	อย่างน้อยเขาก็บอกฉันแบบนั้น\nอ้อ พูดถึงก็มาพอดี
B04-0832	บท 3 พากย์ · speech_list_judge_main_c03	tegakari_homeless (ช)	นายนี่แหละสินะที่ตามหา\nคนไร้บ้านคนนั้น?
B04-0833	บท 3 พากย์ · speech_list_judge_main_c03	tegakari_homeless (ช) [อีกแทร็ก]	นี่ นายนี่แหละสินะที่ตามหา\nคนไร้บ้านคนนั้น?
B04-0834	บท 3 พากย์ · speech_list_judge_main_c03	kaito (ช)	ว่าไง?
B04-0835	บท 3 พากย์ · speech_list_judge_main_c03	? (ช)	เจอเขาไหมครับ?
B04-0836	บท 3 พากย์ · speech_list_judge_main_c03	? (ช)	ยังไม่เจอเลย
B04-0837	บท 3 พากย์ · speech_list_judge_main_c03	? (ช)	งั้นลองไปที่สวนเด็กดูสิ\nมีอาสาสมัครแจกอาหารฟรีอยู่
B04-0838	บท 3 พากย์ · speech_list_judge_main_c03	? (ช) [อีกแทร็ก]	โอเค... งั้นลองไปที่สวนเด็กดูสิ\nมีอาสาสมัครแจกอาหารฟรีอยู่
B04-0839	บท 3 พากย์ · speech_list_judge_main_c03	? (ช)	พวกคนไร้บ้านที่หิวโหย\nในคามุโรโจคงไปรวมตัวกันที่นั่นแหละ
B04-0840	บท 3 พากย์ · speech_list_judge_main_c03	? (ช)	ขอบคุณสำหรับข้อมูลนะครับ
B04-0841	บท 3 พากย์ · speech_list_judge_main_c03	? (ช) [อีกแทร็ก]	จริงเหรอ... ขอบคุณสำหรับข้อมูลนะครับ
B04-0842	บท 3 พากย์ · speech_list_judge_main_c03	? (ช)	เอ้อ ไม่ต้องขอบคุณหรอก แล้วเจอกัน
B04-0843	บท 3 พากย์ · speech_list_judge_main_c03	? (ช) [อีกแทร็ก]	เอ้อ ไม่ต้องขอบคุณหรอก\nแล้วเจอกัน
B04-0844	บท 3 พากย์ · speech_list_judge_main_c03	? (ช)	ขอโทษนะครับ กลายเป็นว่าผมห่วยไปหน่อย
B04-0845	บท 3 พากย์ · speech_list_judge_main_c03	? (ช) [อีกแทร็ก]	ไม่ได้เลย... ขอโทษนะครับ
B04-0846	บท 3 พากย์ · speech_list_judge_main_c03	kaito (ช)	เฮ้ นี่ไคโตะนะ\nนายอยู่ไหน?
B04-0847	บท 3 พากย์ · speech_list_judge_main_c03	kaito (ช) [อีกแทร็ก]	นี่ไคโตะนะ\nอยู่ไหนวะ ทาคุ?
B04-0848	บท 3 พากย์ · speech_list_judge_main_c03	yagami (ช)	กำลังไปสวนเด็กอยู่\nคิดว่าอาจจะได้เจอตัวขโมยที่นั่น
B04-0849	บท 3 พากย์ · speech_list_judge_main_c03	? (ช)	นายหมายความว่าไอ้คนที่ปล้น\nเรายังอยู่ในเมืองนี้เหรอ?
B04-0850	บท 3 พากย์ · speech_list_judge_main_c03	? (ช) [อีกแทร็ก]	เดี๋ยวนะ หมายความว่าไอ้ขโมยยังอยู่ ในคามุโรโจเหรอ?\nทั้งที่ไปสร้างศัตรูกับยากูซ่าไว้แท้ๆ?
B04-0851	บท 3 พากย์ · speech_list_judge_main_c03	? (ช)	ยังไม่แน่ใจ แต่ถึงเขาจะไม่อยู่แล้ว\nผมก็อาจจะเจอเบาะแสสักอย่างสองอย่าง
B04-0852	บท 3 พากย์ · speech_list_judge_main_c03	? (ช) [อีกแทร็ก]	ถึงเขาจะไม่อยู่แล้ว\nผมก็อาจจะเจอเบาะแสสักอย่างสองอย่าง
B04-0853	บท 3 พากย์ · speech_list_judge_main_c03	? (ช)	อายาเบะบอกว่าไอ้ขโมยคนนี้\nเป็นคนไร้บ้านที่ชื่อจมูกแดง
B04-0854	บท 3 พากย์ · speech_list_judge_main_c03	? (ช) [อีกแทร็ก]	อายาเบะบอกว่าไอ้ขโมยที่ปล้น ตระกูลมัตสึกาเนะ\nเป็นคนไร้บ้านที่ชื่อจมูกแดง
B04-0855	บท 3 พากย์ · speech_list_judge_main_c03	? (ช)	นายหมายความว่าไอ้ขอทานเอาเงิน เราไปเหรอ?
B04-0856	บท 3 พากย์ · speech_list_judge_main_c03	? (ช) [อีกแทร็ก]	จมูกแดงเหรอ? นายหมายความว่าคนไร้บ้าน\nเอาเงินเราไปเหรอ?
B04-0857	บท 3 พากย์ · speech_list_judge_main_c03	? (ช)	ท่าทางจะงั้นแหละ
B04-0858	บท 3 พากย์ · speech_list_judge_main_c03	? (ช)	แต่ก็ไม่รู้ว่าเขายังมีชีวิต อยู่หรือเปล่า\nหลังจากที่ฮิงาชิตามตัวเจอน่ะนะ
B04-0859	บท 3 พากย์ · speech_list_judge_main_c03	? (ช) [อีกแทร็ก]	ปัญหาคือฮิงาชิตามตัวเจอก่อนเรา\nเลยไม่รู้ว่าเขายังมีชีวิตอยู่ หรือเปล่า
B04-0860	บท 3 พากย์ · speech_list_judge_main_c03	? (ช)	ได้ ฉันไปด้วยคน\nเจอกันที่สวนเด็กนะ?
B04-0861	บท 3 พากย์ · speech_list_judge_main_c03	? (ช) [อีกแทร็ก]	เข้าใจแล้ว ฉันไปด้วยคน\nเจอกันที่สวนเด็กนะ?
B04-0862	บท 3 พากย์ · speech_list_judge_main_c03	? (ช)	จะไปสวนเด็กด้วยไหมครับ?
B04-0863	บท 3 พากย์ · speech_list_judge_main_c03	tegakari_homeless (ช)	ฉันเหรอ? ไม่ล่ะ กินมาแล้ว
B04-0864	บท 3 พากย์ · speech_list_judge_main_c03	tegakari_homeless (ช) [อีกแทร็ก]	อือ? ไม่ล่ะ ไม่เป็นไร\nกินมาแล้ว
B04-0865	บท 3 พากย์ · speech_list_judge_main_c03	? (ช)	ว่าแต่ คนที่ผมตามหาอยู่น่ะ\nชื่อจมูกแดง รู้จักไหมครับ?
B04-0866	บท 3 พากย์ · speech_list_judge_main_c03	? (ช) [อีกแทร็ก]	ว่าแต่ คนที่ผมตามหาอยู่ชื่อจมูกแดง\nรู้จักไหมครับ?
B04-0867	บท 3 พากย์ · speech_list_judge_main_c03	? (ช)	ไม่รู้จักหรอกพวก ถ้าอยากเจอมัน\nลองไปดูที่จุดแจกอาหารสิ
B04-0868	บท 3 พากย์ · speech_list_judge_main_c03	? (ช) [อีกแทร็ก]	ไม่รู้จักหรอกพวก ถ้าอยากเจอมัน\nคงต้องรีบไปที่จุดแจกอาหารแล้วล่ะ
B04-0869	บท 3 พากย์ · speech_list_judge_main_c03	? (ช)	มันใกล้จะเลิกแล้วนะ\nสวนเด็กน่ะ อย่าลืมล่ะ
B04-0870	บท 3 พากย์ · speech_list_judge_main_c03	? (ช) [อีกแทร็ก]	มันใกล้จะเลิกแล้วนะ\nอย่าลืมล่ะ สวนเด็กน่ะ
B04-0871	บท 3 พากย์ · speech_list_judge_main_c03	tegakari_homeless (ช)	เฮ้ ขอโทษด้วยนะ เรื่องนี้
B04-0872	บท 3 พากย์ · speech_list_judge_main_c03	tegakari_homeless (ช) [อีกแทร็ก]	เอาล่ะ ขอโทษด้วยนะ เรื่องนี้
B04-0873	บท 3 พากย์ · speech_list_judge_main_c03	? (ช)	ท่าทางเขาจะไม่ได้\nแจกอาหารกันแล้วนะ พลาดไปหน่อย
B04-0874	บท 3 พากย์ · speech_list_judge_main_c03	? (ช) [อีกแทร็ก]	ท่าทางเขาจะไม่ได้แจกอาหาร\nกันแล้วนะ พลาดไปหน่อย
B04-0875	บท 3 พากย์ · speech_list_judge_main_c03	yagami (ช)	งั้นจะเอาแบบนี้แทนสินะ?
B04-0876	บท 3 พากย์ · speech_list_judge_main_c03	yagami (ช) [อีกแทร็ก]	มีธุระอะไรกันหรือเปล่า?
B04-0877	บท 3 พากย์ · speech_list_judge_main_c03	yagami (ช) [อีกแทร็ก]	ใช่
B04-0878	บท 3 พากย์ · speech_list_judge_main_c03	? (ช)	จมูกแดงฝากความคิดถึงมาด้วย!
B04-0879	บท 3 พากย์ · speech_list_judge_main_c03	yagami (ช)	พวกคุณอายุปูนนี้แล้วยังจะมา เล่นแบบนี้\nทำไมถึงมารุมทำร้ายผมล่ะ?
B04-0880	บท 3 พากย์ · speech_list_judge_main_c03	yagami (ช) [อีกแทร็ก]	ไม่นึกเลยว่าทุกคนจะแก่กันขนาดนี้\nทำไมถึงมารุมทำร้ายผมล่ะ?
B04-0881	บท 3 พากย์ · speech_list_judge_main_c03	tegakari_homeless (ช)	เราแค่อยาก...\nรู้ว่านายเป็นใคร...
B04-0882	บท 3 พากย์ · speech_list_judge_main_c03	tegakari_homeless (ช) [อีกแทร็ก]	เราแค่อยากจะ...\nรู้ว่านายเป็นใคร...
B04-0883	บท 3 พากย์ · speech_list_judge_main_c03	? (ช)	ทำไมจู่ๆ ถึงมีใครอยากรู้\nเรื่องจมูกแดงตอนนี้ล่ะ?
B04-0884	บท 3 พากย์ · speech_list_judge_main_c03	? (ช) [อีกแทร็ก]	ทำไมจู่ๆ ถึงมีใครอยาก\nรู้เรื่องจมูกแดงตอนนี้ล่ะ?
B04-0885	บท 3 พากย์ · speech_list_judge_main_c03	? (ช)	งั้นพวกคุณเป็นเพื่อนเขาสินะ?\nเขายังมีชีวิตอยู่ไหม?
B04-0886	บท 3 พากย์ · speech_list_judge_main_c03	? (ช) [อีกแทร็ก]	งั้นพวกคุณรู้จักกับจมูกแดงสินะ?\nเขายังมีชีวิตอยู่ไหม?
B04-0887	บท 3 พากย์ · speech_list_judge_main_c03	? (ช)	...ไม่แล้ว\nตายไปพักใหญ่แล้วล่ะ
B04-0888	บท 3 พากย์ · speech_list_judge_main_c03	? (ช)	ตายตอนไหนกันครับ?
B04-0889	บท 3 พากย์ · speech_list_judge_main_c03	? (ช)	เมื่อสักปีก่อน\nมีคนเจอศพมันลอยหงายอยู่ในท่อระบายน้ำ
B04-0890	บท 3 พากย์ · speech_list_judge_main_c03	? (ช)	ทั้งร่างเต็มไปด้วยรอยกระสุน
B04-0891	บท 3 พากย์ · speech_list_judge_main_c03	? (ช) [อีกแทร็ก]	ทั้งร่างเต็มไปด้วยรูพรุน
B04-0892	บท 3 พากย์ · speech_list_judge_main_c03	? (ช)	ถูกยิงเหรอ?\nไปแจ้งตำรวจหรือเปล่าครับ?
B04-0893	บท 3 พากย์ · speech_list_judge_main_c03	? (ช) [อีกแทร็ก]	ถูกยิงเหรอ?\nไปแจ้งตำรวจไหมครับ?
B04-0894	บท 3 พากย์ · speech_list_judge_main_c03	? (ช)	เปล่า ไม่มีทางอยู่แล้ว
B04-0895	บท 3 พากย์ · speech_list_judge_main_c03	? (ช)	ตำรวจจะทำอะไรให้พวกเราได้กัน?\nขอทานตายในท่อก็แค่งานเอกสาร เพิ่มให้เขาเท่านั้นแหละ
B04-0896	บท 3 พากย์ · speech_list_judge_main_c03	? (ช)	ยังไงก็ตาม ศพมันก็หายไปนานแล้ว
B04-0897	บท 3 พากย์ · speech_list_judge_main_c03	? (ช) [อีกแทร็ก]	ยังไงก็ตาม ตอนนี้ศพมันก็หายไปนานแล้ว
B04-0898	บท 3 พากย์ · speech_list_judge_main_c03	? (ช)	แต่เราก็ยังอยากรู้ว่าเกิดอะไร ขึ้นกับมัน\nนั่นคืองานศพที่ดีที่สุดที่เรา ให้มันได้แล้วตอนนี้
B04-0899	บท 3 พากย์ · speech_list_judge_main_c03	? (ช) [อีกแทร็ก]	ยังไงก็เถอะ เราแค่อยากรู้ว่าเกิดอะไรขึ้น\nมันเป็นสิ่งเดียวที่เราทำให้มัน ได้แล้ว
B04-0900	บท 3 พากย์ · speech_list_judge_main_c03	? (?)	<color=ｍonologue>(เพื่อนของพวกเขาถูกฆ่าตาย\nแต่พวกเขากลับทำอะไรไม่ได้เลยสักอย่าง...)</color> 
B04-0901	บท 3 พากย์ · speech_list_judge_main_c03	? (ช)	ไม่มีเบาะแสเลยว่าใครฆ่ามัน\nหรือฆ่าไปทำไม
B04-0902	บท 3 พากย์ · speech_list_judge_main_c03	? (ช) [อีกแทร็ก]	ไม่มีเบาะแสเลยว่าใครฆ่ามัน\nหรือทำไมถึงฆ่า...
B04-0903	บท 3 พากย์ · speech_list_judge_main_c03	? (ช)	ที่จำได้ก็แค่ว่าเมื่อปีก่อน\nมียากูซ่าจากตระกูลโทโจมาตามหามัน
B04-0904	บท 3 พากย์ · speech_list_judge_main_c03	? (ช) [อีกแทร็ก]	แต่... ที่เรารู้แน่ๆ ก็คือเมื่อปีก่อน\nมียากูซ่าจากตระกูลโทโจมาตามหามัน
B04-0905	บท 3 พากย์ · speech_list_judge_main_c03	? (ช)	ต้องเป็นฮิงาชิแน่ๆ...\nแล้วยากูซ่าคนนั้นเป็นคนฆ่า จมูกแดงหรือเปล่าครับ?
B04-0906	บท 3 พากย์ · speech_list_judge_main_c03	? (ช) [อีกแทร็ก]	ฮิงาชิเหรอ...?\nงั้นยากูซ่าคนนี้... เป็นฆาตกรเหรอครับ?
B04-0907	บท 3 พากย์ · speech_list_judge_main_c03	? (ช)	ไม่แน่ใจหรอก คนพวกนั้นมัน\nอยู่คนละโลกกับเรา นายก็รู้นี่?
B04-0908	บท 3 พากย์ · speech_list_judge_main_c03	? (ช) [อีกแทร็ก]	ไม่แน่ใจหรอก คนพวกนั้นมันอยู่\nคนละโลกกับเรา นายก็รู้นี่?
B04-0909	บท 3 พากย์ · speech_list_judge_main_c03	? (ช)	เราคิดว่าถ้ามีใครจะรู้อะไรบ้าง\nก็ต้องเป็นนาย เลยเป็นเหตุผลที่เรา...
B04-0910	บท 3 พากย์ · speech_list_judge_main_c03	? (ช) [อีกแทร็ก]	ก็เลยคิดว่าถ้ามีใครจะรู้อะไรบ้าง\nก็ต้องเป็นนาย...
B04-0911	บท 3 พากย์ · speech_list_judge_main_c03	kaito (ช)	ขอโทษนะ แต่เพื่อนฉันคนนี้มันฝีมือดีกว่า\nยากูซ่าทั่วไปเยอะเลยล่ะ
B04-0912	บท 3 พากย์ · speech_list_judge_main_c03	kaito (ช) [อีกแทร็ก]	แย่หน่อยนะ เพื่อนฉันคนนี้ฝีมือดีกว่า\nยากูซ่าทั่วไปเยอะเลยล่ะ
B04-0913	บท 3 พากย์ · speech_list_judge_main_c03	? (ช)	การต่อสู้เป็นสิ่งเดียวในชีวิต\nที่ไม่เคยเปลี่ยนสำหรับมันเลย
B04-0914	บท 3 พากย์ · speech_list_judge_main_c03	? (ช) [อีกแทร็ก]	การต่อสู้เป็นสิ่งเดียว\nที่ไม่เคยเปลี่ยนในชีวิตมัน
B04-0915	บท 3 พากย์ · speech_list_judge_main_c03	? (ช)	เฮอะ นี่แหละคามุโรโจ
B04-0916	บท 3 พากย์ · speech_list_judge_main_c03	? (ช) [อีกแทร็ก]	...นี่แหละคามุโรโจ
B04-0917	บท 3 พากย์ · speech_list_judge_main_c03	? (ช)	มาช้านะ ไคโตะซัง
B04-0918	บท 3 พากย์ · speech_list_judge_main_c03	? (ช)	นี่คือคนที่\nตามหาจมูกแดงเหรอ?
B04-0919	บท 3 พากย์ · speech_list_judge_main_c03	? (ช) [อีกแทร็ก]	เราว่าเรารู้จักคนที่\nไล่ล่าเรื่องจมูกแดงแล้ว ใช่คนนี้ไหม?
B04-0920	บท 3 พากย์ · speech_list_judge_main_c03	? (ช)	ใช่ ใช่คนนี้แหละ\nไม่มีข้อสงสัยเลย
B04-0921	บท 3 พากย์ · speech_list_judge_main_c03	? (ช) [อีกแทร็ก]	อ้อ... ใช่คนนี้แหละ\nไม่มีข้อสงสัยเลย
B04-0922	บท 3 พากย์ · speech_list_judge_main_c03	? (ช)	เอาล่ะ เมื่อปีก่อนฮิงาชิเอาเงินคืนมา\nจากจมูกแดง แล้วส่งคืนให้ตระกูลมัตสึกาเนะ
B04-0923	บท 3 พากย์ · speech_list_judge_main_c03	? (ช) [อีกแทร็ก]	เมื่อปีก่อนฮิงาชิเอาเงินคืนมา\nจากจมูกแดง แล้วส่งคืนให้ตระกูลมัตสึกาเนะ
B04-0924	บท 3 พากย์ · speech_list_judge_main_c03	? (ช)	แล้วช่วงเวลาใกล้ๆ กันนั้นเอง\nจมูกแดงก็ไปโผล่เย็นชืดอยู่ใน ท่อระบายน้ำ
B04-0925	บท 3 พากย์ · speech_list_judge_main_c03	? (ช) [อีกแทร็ก]	แล้วจมูกแดงก็ไปโผล่\nเย็นชืดอยู่ในท่อระบายน้ำ
B04-0926	บท 3 พากย์ · speech_list_judge_main_c03	? (ช)	คิดว่าใครฆ่าเขาครับ?
B04-0927	บท 3 พากย์ · speech_list_judge_main_c03	? (ช)	ฉัน... ฉันไม่อยากจะเชื่อเลย\nฮิงาชิไม่ใช่ฆาตกรนะ
B04-0928	บท 3 พากย์ · speech_list_judge_main_c03	? (ช) [อีกแทร็ก]	ไม่รู้สิ ฉัน... ไม่อยากจะเชื่อเลย\nฮิงาชิไม่ใช่ฆาตกรนะ
B04-0929	บท 3 พากย์ · speech_list_judge_main_c03	? (ช)	แล้วเขาจะไปหาปืนมาจากไหนล่ะ?
B04-0930	บท 3 พากย์ · speech_list_judge_main_c03	? (ช) [อีกแทร็ก]	แล้วเขาจะไปหาปืน\nมาจากไหนล่ะ?
B04-0931	บท 3 พากย์ · speech_list_judge_main_c03	? (ช)	มันมีวิธีอยู่แล้ว\nนี่คามุโรโจนะ ลืมไปแล้วเหรอ?
B04-0932	บท 3 พากย์ · speech_list_judge_main_c03	? (ช) [อีกแทร็ก]	มันมีตั้งหลายวิธี\nนี่คามุโรโจนะ ลืมไปแล้วเหรอ?
B04-0933	บท 3 พากย์ · speech_list_judge_main_c03	? (ช)	ผมจะไปคุยกับฮิงาชิ
B04-0934	บท 3 พากย์ · speech_list_judge_main_c03	? (ช)	ไคโตะซังก็จะไปด้วยใช่ไหม?
B04-0935	บท 3 พากย์ · speech_list_judge_main_c03	? (ช) [อีกแทร็ก]	ไคโตะซังจะไปด้วยกันไหม?
B04-0936	บท 3 พากย์ · speech_list_judge_main_c03	? (ช)	ไม่อยากรู้เหรอว่าเกิดอะไรขึ้นกันแน่?
B04-0937	บท 3 พากย์ · speech_list_judge_main_c03	? (ช) [อีกแทร็ก]	ก็อยากรู้ความจริง\nใช่ไหมล่ะ?
B04-0938	บท 3 พากย์ · speech_list_judge_main_c03	? (ช)	ก็ได้ ฉันไปด้วย
B04-0939	บท 3 พากย์ · speech_list_judge_main_c03	? (ช) [อีกแทร็ก]	ก็ได้ ฉันไปด้วย
B04-0940	บท 3 พากย์ · speech_list_judge_main_c03	? (ช)	งั้นไปที่ชาร์ลส์กันเถอะ
B04-0941	บท 3 พากย์ · speech_list_judge_main_c03	? (ช) [อีกแทร็ก]	ฮิงาชิน่าจะอยู่ที่ชาร์ลส์
B04-0942	บท 3 พากย์ · speech_list_judge_main_c03	higashi (ช)	ผมไม่ได้...\nผมไม่ได้ฆ่าเขา
B04-0943	บท 3 พากย์ · speech_list_judge_main_c03	higashi (ช) [อีกแทร็ก]	ฟังนะ... ผมไม่ได้ฆ่าเขา
B04-0944	บท 3 พากย์ · speech_list_judge_main_c03	? (ช)	ผมไม่ใช่คนที่ฆ่าจมูกแดง
B04-0945	บท 3 พากย์ · speech_list_judge_main_c03	? (ช) [อีกแทร็ก]	ผมไม่ได้ฆ่าจมูกแดง\nไม่ใช่ผม
B04-0946	บท 3 พากย์ · speech_list_judge_main_c03	kaito (ช)	งั้นใครกันวะที่ทำ?
B04-0947	บท 3 พากย์ · speech_list_judge_main_c03	? (ช)	จมูกแดงต้องมีสาย ในตระกูลมัตสึกาเนะแน่ๆ\nไม่งั้นคงไม่รอดตัวไปได้
B04-0948	บท 3 พากย์ · speech_list_judge_main_c03	? (ช)	แล้วใครก็ตามที่เป็นสายให้\nคงให้ข้อมูลมันสารพัดอย่าง
B04-0949	บท 3 พากย์ · speech_list_judge_main_c03	? (ช) [อีกแทร็ก]	แล้วใครก็ตามที่เป็นสายให้\nคงให้ข้อมูลมันทุกอย่าง
B04-0950	บท 3 พากย์ · speech_list_judge_main_c03	? (ช)	ช่วงที่การ์ดหลวม เซฟอยู่ตรงไหน\nยังไม่ต้องพูดถึงว่าตอนไหนเงิน จะเยอะที่สุด
B04-0951	บท 3 พากย์ · speech_list_judge_main_c03	? (ช)	ไม่มีทางที่ใครจะขโมยของจาก\nยากูซ่าได้โดยไม่มีใครช่วยหรอก
B04-0952	บท 3 พากย์ · speech_list_judge_main_c03	? (ช) [อีกแทร็ก]	ผมว่า... ไม่มีทางที่ใครจะขโมยของจาก\nยากูซ่าได้โดยไม่มีใครช่วยหรอก
B04-0953	บท 3 พากย์ · speech_list_judge_main_c03	? (ช)	งั้นสายของจมูกแดงนี่แหละ\nที่ฆ่าเขาเพื่อปิดปากใช่ไหมครับ?
B04-0954	บท 3 พากย์ · speech_list_judge_main_c03	? (ช) [อีกแทร็ก]	งั้นคนที่ฆ่าจมูกแดง... ต้องเป็นสายของเขาใช่ไหมครับ?\nฆ่าเพื่อปิดบังความจริง
B04-0955	บท 3 พากย์ · speech_list_judge_main_c03	? (ช)	คงจะใช่
B04-0956	บท 3 พากย์ · speech_list_judge_main_c03	? (ช)	แต่ใครจะทำแบบนั้นได้ลงคอ\nขโมยเงินของตระกูลตัวเองน่ะ...
B04-0957	บท 3 พากย์ · speech_list_judge_main_c03	? (ช)	มันไม่ใช่เรื่องเงินหรอก
B04-0958	บท 3 พากย์ · speech_list_judge_main_c03	? (ช) [อีกแทร็ก]	ไม่ใช่แบบนั้น\nมันไม่เคยเกี่ยวกับเงินเลย
B04-0959	บท 3 พากย์ · speech_list_judge_main_c03	? (ช)	พวกเขาแค่ต้องการกำจัดพี่ไคโตะ\nให้พ้นทางไป
B04-0960	บท 3 พากย์ · speech_list_judge_main_c03	? (ช) [อีกแทร็ก]	พวกเขาแค่ต้องการกำจัดพี่ไคโตะ ให้พ้นทาง...\nจัดฉากทั้งหมดนี้ขึ้นมาเพื่อให้ พี่รับผิดแทน
B04-0961	บท 3 พากย์ · speech_list_judge_main_c03	? (ช)	เพราะแบบนั้นมันถึงเกิดขึ้น\nตอนที่พี่เข้าเวรอยู่คนเดียว
B04-0962	บท 3 พากย์ · speech_list_judge_main_c03	? (ช) [อีกแทร็ก]	เพราะแบบนั้นมันถึงเกิดขึ้น\nตอนที่พี่เข้าเวรอยู่คนเดียว
B04-0963	บท 3 พากย์ · speech_list_judge_main_c03	? (ช)	กำจัดฉันเหรอ? ถ้างั้น\nสายที่ว่าก็ต้องเป็น...
B04-0964	บท 3 พากย์ · speech_list_judge_main_c03	? (ช) [อีกแทร็ก]	เดี๋ยวนะ ฉันเหรอ...?\nงั้นสายที่ว่าก็ต้องเป็น...
B04-0965	บท 3 พากย์ · speech_list_judge_main_c03	? (ช)	ใช่ครับ กัปตันฮามุระ
B04-0966	บท 3 พากย์ · speech_list_judge_main_c03	? (ช) [อีกแทร็ก]	กัปตันฮามุระ
B04-0967	บท 3 พากย์ · speech_list_judge_main_c03	? (ช)	พี่คือสิ่งเดียวที่ขวางทาง\nไม่ให้เขาคุมตระกูลได้ทั้งหมด
B04-0968	บท 3 พากย์ · speech_list_judge_main_c03	? (ช) [อีกแทร็ก]	ในสายตาเขา พี่คือคนเดียว\nที่ขวางทางเขาอยู่
B04-0969	บท 3 พากย์ · speech_list_judge_main_c03	? (ช)	พอนายไม่อยู่ ฮามุระก็รวบอำนาจได้เต็มที่\nอย่างน้อยก็เป็นสิ่งที่เขาคิดไว้
B04-0970	บท 3 พากย์ · speech_list_judge_main_c03	? (ช) [อีกแทร็ก]	พอนายไม่อยู่ ฮามุระก็คุมตระกูลได้ทั้งหมด\nนั่นแหละคือสิ่งที่เขาคิด
B04-0971	บท 3 พากย์ · speech_list_judge_main_c03	? (ช)	แล้วก็ไม่ผิดด้วย\nดูตอนนี้สิ
B04-0972	บท 3 พากย์ · speech_list_judge_main_c03	? (ช) [อีกแทร็ก]	แล้วก็ไม่ผิดจริงๆ\nก็ดูตอนนี้สิ
B04-0973	บท 3 พากย์ · speech_list_judge_main_c03	? (ช)	ใช่ ตอนนี้ไม่มีใคร\nกล้าขัดกัปตันแล้ว
B04-0974	บท 3 พากย์ · speech_list_judge_main_c03	? (ช) [อีกแทร็ก]	...ไม่มีใครกล้าขัดกัปตันแล้ว\nตอนนี้เขาคุมเกมทั้งหมด
B04-0975	บท 3 พากย์ · speech_list_judge_main_c03	? (ช)	ด้วยอำนาจกับเงินขนาดนั้น?\nตอนนี้มีแต่เขาคนเดียวที่ประคอง พวกเราไว้ได้
B04-0976	บท 3 พากย์ · speech_list_judge_main_c03	? (ช) [อีกแทร็ก]	มีทั้งอำนาจทั้งเงินขนาดนั้น จะไม่คุมได้ยังไง\nตอนนี้มีแต่เขาคนเดียวที่ประคอง พวกเราไว้
B04-0977	บท 3 พากย์ · speech_list_judge_main_c03	? (?)	<color=ｍonologue>(สรุปว่าฮามุระจัดฉากปล้น\nแล้วป้ายความผิดให้ไคโตะซัง เพื่อไล่เขาออก)</color> 
B04-0978	บท 3 พากย์ · speech_list_judge_main_c03	? (?)	<color=ｍonologue>(แต่ถ้าฮิงาชิรู้เรื่องทั้งหมดนี้\nทำไมยังต้องทำตามคำสั่งฮามุระอยู่)</color> 
B04-0979	บท 3 พากย์ · speech_list_judge_main_c03	? (ช)	จมูกแดงตายยังไงกันแน่?
B04-0980	บท 3 พากย์ · speech_list_judge_main_c03	? (ช) [อีกแทร็ก]	แล้วจมูกแดงเป็นยังไง\nตายได้ยังไง?
B04-0981	บท 3 พากย์ · speech_list_judge_main_c03	? (ช)	นายรู้...\nใช่ไหม ฮิงาชิ?
B04-0982	บท 3 พากย์ · speech_list_judge_main_c03	? (ช) [อีกแทร็ก]	นายรู้ใช่ไหม ฮิงาชิ?
B04-0983	บท 3 พากย์ · speech_list_judge_main_c03	? (ช)	มันเกิดวันถัดจากที่เงิน 100 ล้านหาย\nหลังไคโตะอานิกิถูกไล่ออก
B04-0984	บท 3 พากย์ · speech_list_judge_main_c03	? (ช) [อีกแทร็ก]	มันเกิดวันถัดจากที่เงินร้อยล้านหาย\nหลังไคโตะอานิกิถูกไล่ออก
B04-0985	บท 3 พากย์ · speech_list_judge_main_c03	? (ช)	ผมซื้อข้อมูลจากตำรวจสายทุจริต\nมันพาผมไปเจอชื่อจมูกแดงพอดี
B04-0986	บท 3 พากย์ · speech_list_judge_main_c03	? (ช) [อีกแทร็ก]	ผมซื้อข้อมูลจากตำรวจสายทุจริต ขุดไปเรื่อยๆ...\nสุดท้ายก็เจอชื่อจมูกแดง
B04-0987	บท 3 พากย์ · speech_list_judge_main_c03	? (ช)	ผมถามคนไปทั่วเมือง\nจนสุดท้ายลงไปอยู่ในท่อระบายน้ำ
B04-0988	บท 3 พากย์ · speech_list_judge_main_c03	? (ช) [อีกแทร็ก]	ผมถามคนไปทั่วเมือง\nจนไปโผล่ในท่อระบายน้ำของคามุโรโจ
B04-0989	บท 3 พากย์ · speech_list_judge_main_c03	? (ช)	แต่ผมกับจมูกแดง...\nไม่ได้อยู่กันแค่สองคนที่นั่น
B04-0990	บท 3 พากย์ · speech_list_judge_main_c03	? (ช) [อีกแทร็ก]	แต่ปรากฏว่า...\nจมูกแดงไม่ได้อยู่คนเดียวที่นั่น
B04-0991	บท 3 พากย์ · speech_list_judge_main_c03	? (ช)	นายเจอฮามุระที่นั่นด้วยใช่ไหม?
B04-0992	บท 3 พากย์ · speech_list_judge_main_c03	? (ช) [อีกแทร็ก]	...กัปตันฮามุระด้วยเหรอ?
B04-0993	บท 3 พากย์ · speech_list_judge_main_c03	? (ช)	พวกเขากำลังตกลงกัน ฮามุระจะได้ 90 ล้าน\nส่วนจมูกแดงก็จะรอดชีวิตออกไป
B04-0994	บท 3 พากย์ · speech_list_judge_main_c03	? (ช) [อีกแทร็ก]	ใช่ ฟังดูเหมือนฮามุระจะได้ 90 ล้าน\nส่วนจมูกแดงก็รอดออกไปได้
B04-0995	บท 3 พากย์ · speech_list_judge_main_c03	? (ช)	แถมได้เงินเพิ่มอีก 10 ล้านด้วย\nมันน่าจะจบแบบเรียบร้อยไม่มีปัญหา...
B04-0996	บท 3 พากย์ · speech_list_judge_main_c03	? (ช) [อีกแทร็ก]	ยังไม่นับเงินอีก 10 ล้านที่ได้เพิ่ม\nทุกอย่างน่าจะจบแบบเรียบร้อย สะอาดหมดจด...
B04-0997	บท 3 พากย์ · speech_list_judge_main_c03	yagami (ช)	งั้นนายก็ไม่ได้ฆ่าเขาจริงๆ สินะ?
B04-0998	บท 3 พากย์ · speech_list_judge_main_c03	yagami (ช) [อีกแทร็ก]	งั้น...นายก็ไม่ได้ฆ่าเขาจริงๆ สินะ?
B04-0999	บท 3 พากย์ · speech_list_judge_main_c03	? (ช)	ไม่ครับ แต่... มีคนรู้ว่าผม\nออกไปตามหาเขาอยู่
B04-1000	บท 3 พากย์ · speech_list_judge_main_c03	? (ช) [อีกแทร็ก]	ไม่ครับ แต่นั่นก็ไม่ได้ช่วยอะไรมาก\nมีคนรู้ว่าผมออกตามหาจมูกแดงทั่วเมือง
B04-1001	บท 3 พากย์ · speech_list_judge_main_c03	? (ช)	แล้วลายนิ้วมือผมก็ติดอยู่เต็ม ปืนกระบอกนั้นด้วย
B04-1002	บท 3 พากย์ · speech_list_judge_main_c03	? (ช)	มองยังไงผมก็ไม่มี\nพยานที่อยู่
B04-1003	บท 3 พากย์ · speech_list_judge_main_c03	? (?)	<color=ｍonologue>(จริงด้วย ตำรวจคง<font_kind=yakuza_italic>สงสัย</font_kind>เขาแน่ๆ)</color> 
B04-1004	บท 3 พากย์ · speech_list_judge_main_c03	? (ช)	นายพูดเองนี่\nตอนนี้ผมดูเหมือนยากูซ่าตัวจริงเลย
B04-1005	บท 3 พากย์ · speech_list_judge_main_c03	? (ช) [อีกแทร็ก]	นายพูดเองนี่\nตอนนี้ผมดูเหมือนยากูซ่าตัวจริง แล้วใช่ไหม?
B04-1006	บท 3 พากย์ · speech_list_judge_main_c03	? (ช)	ฉันก็คิดแบบเดียวกันเลย
B04-1007	บท 3 พากย์ · speech_list_judge_main_c03	? (ช) [อีกแทร็ก]	ตลกดี ฉันก็คิดแบบเดียวกันเลย
B04-1008	บท 3 พากย์ · speech_list_judge_main_c03	? (ช)	เฮ้ ถ้าเราบอกท่านมัตสึกาเนะเรื่องนี้ล่ะ?\nคิดว่าท่านจะกดดันฮามุระได้ไหม?
B04-1009	บท 3 พากย์ · speech_list_judge_main_c03	? (ช) [อีกแทร็ก]	เฮ้ ถ้าเราบอกท่านมัตสึกาเนะเรื่องนี้ล่ะ?\nคิดว่าท่านจะกดดันกัปตันได้ไหม?
B04-1010	บท 3 พากย์ · speech_list_judge_main_c03	kaito (ช)	ไม่มีทาง\nตอนนี้โอยาบุนก็หยุดเขาไม่ได้แล้ว
B04-1011	บท 3 พากย์ · speech_list_judge_main_c03	? (ช)	บอกท่านไปก็มีแต่จะ\nทำให้เรื่องแย่ลง
B04-1012	บท 3 พากย์ · speech_list_judge_main_c03	? (ช)	นั่นแหละคือเหตุผลที่ฮิงาชิเก็บ เป็นความลับ\nฟังดูโหดร้ายก็จริง แต่มันคือทางเลือกที่ถูกต้องแล้ว
B04-1013	บท 3 พากย์ · speech_list_judge_main_c03	? (ช) [อีกแทร็ก]	ถึงฮิงาชิจะรู้ความจริง เขาก็ไม่มีทางเลือก\nต้องเก็บเป็นความลับเท่านั้น
B04-1014	บท 3 พากย์ · speech_list_judge_main_c03	? (ช)	ใช่\nเรื่องหนักหนาจริงๆ
B04-1015	บท 3 พากย์ · speech_list_judge_main_c03	? (ช) [อีกแทร็ก]	...ใช่\nน่าเสียดายจริงๆ
B04-1016	บท 3 พากย์ · speech_list_judge_main_c03	? (ช)	เอาล่ะ ผมไปก่อนนะ ไคโตะซัง
B04-1017	บท 3 พากย์ · speech_list_judge_main_c03	? (ช) [อีกแทร็ก]	เอาเถอะ ผมไปก่อนนะ ไคโตะซัง
B04-1018	บท 3 พากย์ · speech_list_judge_main_c03	? (ช)	เรื่องนี้เป็นเรื่องของสองคนนี้ แล้วล่ะ\nผมว่าคงมีอะไรต้องคุยกันอีกเยอะ
B04-1019	บท 3 พากย์ · speech_list_judge_main_c03	? (ช) [อีกแทร็ก]	สองคนคงมีเรื่องต้องคุยกันอีก เยอะใช่ไหม ไม่เป็นไร\nผมไม่อยากขวางหรอก
B04-1020	บท 3 พากย์ · speech_list_judge_main_c03	higashi (ช)	ไม่รู้เหมือนกันว่าเพราะอะไร\nแค่...ทนไอ้หมอนั่นไม่ได้
B04-1021	บท 3 พากย์ · speech_list_judge_main_c03	higashi (ช) [อีกแทร็ก]	ไม่รู้เหมือนกันว่าทำไม...\nแต่ผมทนไอ้หมอนั่นไม่ได้
B04-1022	บท 3 พากย์ · speech_list_judge_main_c03	? (ช)	ก็คือ เขารู้จักพี่มานานกว่าผมเยอะ\nแล้วโอยาบุนก็คอยหนุนหลังเขา ทั้งที่ไม่เคยสาบานเข้าตระกูลด้วยซ้ำ
B04-1023	บท 3 พากย์ · speech_list_judge_main_c03	? (ช) [อีกแทร็ก]	ก็คือ เขารู้จักพี่มานานกว่าผมเยอะ\nโอยาบุนก็คอยหนุนหลังเขาอยู่ ทั้งที่ไม่เคยสาบานเข้าตระกูล
B04-1024	บท 3 พากย์ · speech_list_judge_main_c03	? (ช)	ไม่รู้สิ\nมีอะไรบางอย่างในตัวเขาที่ดูแปลกๆ
B04-1025	บท 3 พากย์ · speech_list_judge_main_c03	? (ช) [อีกแทร็ก]	ไม่รู้สิ ไอ้หมอนั่นมันกวนประสาทผมยังไงไม่รู้
B04-1026	บท 3 พากย์ · speech_list_judge_main_c03	? (ช)	เฮ้ แกเคยได้ยินเรื่อง\nที่เกิดขึ้นกับพ่อของเขาไหม?
B04-1027	บท 3 พากย์ · speech_list_judge_main_c03	? (ช) [อีกแทร็ก]	...ฮิงาชิ แกไม่เคยได้ยินเรื่อง\nพ่อของทาคุใช่ไหม?
B04-1028	บท 3 พากย์ · speech_list_judge_main_c03	? (ช)	ไม่เคยครับ เกิดอะไรขึ้น?
B04-1029	บท 3 พากย์ · speech_list_judge_main_c03	? (ช) [อีกแทร็ก]	ไม่เคยครับ\nเกิดอะไรขึ้นเหรอ?
B04-1030	บท 3 พากย์ · speech_list_judge_main_c03	? (ช)	เอาล่ะ เริ่มตั้งแต่ต้นเลยนะ\nเท่าที่ฉันได้ยินมา เขาเป็นคนตรงไปตรงมามาก
B04-1031	บท 3 พากย์ · speech_list_judge_main_c03	? (ช) [อีกแทร็ก]	เอาล่ะ เริ่มตั้งแต่ต้นเลยนะ\nเขาคือคนที่สอนศิลปะการต่อสู้ให้ทาคุ
B04-1032	บท 3 พากย์ · speech_list_judge_main_c03	? (ช)	สอนกังฟูให้เขาทุกอย่างเลย
B04-1033	บท 3 พากย์ · speech_list_judge_main_c03	? (ช) [อีกแทร็ก]	ฟังดูเป็นคนตรงไปตรงมาตัวจริงเลยล่ะ
B04-1034	บท 3 พากย์ · speech_list_judge_main_c03	? (ช)	แล้วเขาก็เป็นทนายความด้วย
B04-1035	บท 3 พากย์ · speech_list_judge_main_c03	? (ช) [อีกแทร็ก]	แล้วก็... เขาเป็นทนายความด้วย
B04-1036	บท 3 พากย์ · speech_list_judge_main_c03	? (ช)	ทุกอย่างเปลี่ยนไปตอนทาคุอายุสิบห้า
B04-1037	บท 3 พากย์ · speech_list_judge_main_c03	? (ช) [อีกแทร็ก]	แต่ทุกอย่างเปลี่ยนไปตอนทาคุ อายุสิบห้า
B04-1038	บท 3 พากย์ · speech_list_judge_main_c03	? (?)	พ่อของเขารับคดีฆาตกรรมที่ดู ยังไงก็แพ้แน่ๆ\nแต่กลับสู้จนพลิกคดีให้ลูกความ พ้นผิดได้จริงๆ 
B04-1039	บท 3 พากย์ · speech_list_judge_main_c03	? (ช)	แต่ญาติของเหยื่อคนหนึ่ง\nไม่พอใจเรื่องนี้เอามากๆ...
B04-1040	บท 3 พากย์ · speech_list_judge_main_c03	? (ช) [อีกแทร็ก]	แต่เอ่อ...ญาติของเหยื่อคนหนึ่ง\nก็ไม่พอใจเรื่องนี้เอามากๆ
B04-1041	บท 3 พากย์ · speech_list_judge_main_c03	? (?) [อีกแทร็ก]	โอ้...
B04-1042	บท 3 พากย์ · speech_list_judge_main_c03	kaito (ช)	ตอนทาคุยังเด็ก\nพ่อกับแม่ของเขาถูกแทงตายทั้งคู่
B04-1043	บท 3 พากย์ · speech_list_judge_main_c03	kaito (ช) [อีกแทร็ก]	พ่อแม่ของทาคุ...ถูกแทงตาย\nด้วยมีดทำครัว
B04-1044	บท 3 พากย์ · speech_list_judge_main_c03	? (ช)	ตอนนั้นทาคุอยู่ที่บ้านเพื่อน\nตอนที่มันเกิดขึ้น
B04-1045	บท 3 พากย์ · speech_list_judge_main_c03	? (ช) [อีกแทร็ก]	ตอนนั้นทาคุแอบน้อยใจพ่อแม่อยู่ เหมือนกัน\nที่ทำงานหนักจนไม่ค่อยมีเวลาให้...
B04-1046	บท 3 พากย์ · speech_list_judge_main_c03	? (ช)	เขาไปอยู่ที่นั่นเพื่อเลี่ยง หน้าพ่อแม่\nหงุดหงิดที่พวกเขาทำงานหนักตลอดเวลา
B04-1047	บท 3 พากย์ · speech_list_judge_main_c03	? (ช) [อีกแทร็ก]	เขาไปค้างที่บ้านเพื่อน\nตอนที่เรื่องทั้งหมดเกิดขึ้น
B04-1048	บท 3 พากย์ · speech_list_judge_main_c03	? (ช)	แต่ถ้าเขาอยู่บ้านตอนนั้น...\nบางทีเขาอาจทำอะไรได้บ้าง อะไรก็ได้
B04-1049	บท 3 พากย์ · speech_list_judge_main_c03	? (ช) [อีกแทร็ก]	แต่ถ้าเขาอยู่บ้านตอนนั้น...\nบางทีเขาอาจหยุดฆาตกรได้
B04-1050	บท 3 พากย์ · speech_list_judge_main_c03	? (ช)	บางทีพ่อแม่เขาอาจจะยังไม่ตาย
B04-1051	บท 3 พากย์ · speech_list_judge_main_c03	? (ช) [อีกแทร็ก]	บางทีพวกเขาอาจจะยังไม่ตาย
B04-1052	บท 3 พากย์ · speech_list_judge_main_c03	higashi (ช)	แล้วเจ้าคนที่ฆ่าครอบครัวเขา...\nจับได้ไหม?
B04-1053	บท 3 พากย์ · speech_list_judge_main_c03	higashi (ช) [อีกแทร็ก]	แล้วเจ้าคนที่ฆ่าตระกูลยากามิ ทำไงต่อ?\nจับตัวได้ไหม?
B04-1054	บท 3 พากย์ · speech_list_judge_main_c03	kaito (ช)	มันแขวนคอตายที่ที่เกิดเหตุเอง\nคำว่า "น่าเศร้า" ยังไม่พอจะอธิบายเลยด้วยซ้ำ
B04-1055	บท 3 พากย์ · speech_list_judge_main_c03	kaito (ช) [อีกแทร็ก]	แขวนคอตายเองที่ที่เกิดเหตุ\nคำว่า "น่าเศร้า" ยังไม่พอจะบรรยายด้วยซ้ำ
B04-1056	บท 3 พากย์ · speech_list_judge_main_c03	? (ช)	หลังจากนั้นทาคุก็มาที่คามุโรโจเลย\nไม่ยอมรับความช่วยเหลือจากญาติด้วย
B04-1057	บท 3 พากย์ · speech_list_judge_main_c03	? (ช) [อีกแทร็ก]	ไม่นานหลังจากนั้น ทาคุก็ทิ้ง\nญาติที่เหลือไว้แล้วมาที่คามุโรโจ
B04-1058	บท 3 พากย์ · speech_list_judge_main_c03	? (ช)	แล้วเขาก็โกหกเรื่องอายุ\nได้งานที่เทนเดอร์มา
B04-1059	บท 3 พากย์ · speech_list_judge_main_c03	? (ช) [อีกแทร็ก]	เขาโกหกเรื่องอายุ\nได้งานที่เทนเดอร์มา
B04-1060	บท 3 พากย์ · speech_list_judge_main_c03	? (ช)	เข้าใจแล้ว\nงั้นตอนนั้นแหละที่เขาเจอพี่สินะ?
B04-1061	บท 3 พากย์ · speech_list_judge_main_c03	? (ช) [อีกแทร็ก]	อ๋อ...งั้นทุกอย่างเริ่มจากตรงนั้นสินะ?\nพี่เจอเขาที่นั่นเลยเหรอ?
B04-1062	บท 3 พากย์ · speech_list_judge_main_c03	? (ช)	ใช่ แล้วถ้าจะให้พูดตามตรง\nตอนแรกฉันก็ไม่ค่อยชอบเจ้าหมอ นั่นเหมือนกัน
B04-1063	บท 3 พากย์ · speech_list_judge_main_c03	? (ช) [อีกแทร็ก]	ใช่ ก็...ถ้าจะให้พูดตรงๆ\nตอนแรกฉันก็ไม่ค่อยชอบมันเหมือนกัน
B04-1064	บท 3 พากย์ · speech_list_judge_main_c03	? (ช)	ตอนนั้นฉันเองก็ยังอ่อนหัดอยู่มาก
B04-1065	บท 3 พากย์ · speech_list_judge_main_c03	? (ช) [อีกแทร็ก]	ตอนนั้นฉันเองก็ยังอ่อนหัดอยู่ เหมือนกัน
B04-1066	บท 3 พากย์ · speech_list_judge_main_c03	? (ช)	แล้วอยู่ดีๆ ไอ้เด็กบ้าอายุสิบห้าก็มาหาเรื่อง\nยากูซ่าตัวใหญ่อย่างฉัน กล้าจริงว่ะ
B04-1067	บท 3 พากย์ · speech_list_judge_main_c03	? (ช) [อีกแทร็ก]	แล้วอยู่ดีๆ ไอ้เด็กบ้าอายุสิบห้า\nก็มาหาเรื่องยากูซ่าตัวใหญ่อย่างฉัน
B04-1068	บท 3 พากย์ · speech_list_judge_main_c03	? (ช)	คงคิดว่าตัวเองมีสิทธิ์ชนะมั้ง
B04-1069	บท 3 พากย์ · speech_list_judge_main_c03	? (ช)	คงงั้นแหละ\nจนกระทั่งฉันต่อยจมูกมันหัก
B04-1070	บท 3 พากย์ · speech_list_judge_main_c03	? (ช) [อีกแทร็ก]	คงงั้นแหละ จนฉันต่อยจมูกมันหัก
B04-1071	บท 3 พากย์ · speech_list_judge_main_c03	? (ช)	แต่ไม่ว่าจะโดนซ้อมหนักแค่ไหน\nทาคุก็ไม่ใช่คนที่จะยอมแพ้
B04-1072	บท 3 พากย์ · speech_list_judge_main_c03	? (ช) [อีกแทร็ก]	แต่ทุกครั้งเขาก็ลุกขึ้นมาใหม่ ไม่ว่าจะโดนอะไร\nเขาก็ไม่ใช่คนที่จะยอมแพ้
B04-1073	บท 3 พากย์ · speech_list_judge_main_c03	? (ช)	ทุกครั้งที่ฉันซ้อมมันซะเละ\nมันก็ทำหน้าเหมือนไม่มีอะไรเกิดขึ้น
B04-1074	บท 3 พากย์ · speech_list_judge_main_c03	? (ช) [อีกแทร็ก]	ฉันซ้อมมันซะเละ\nแต่มันก็สลัดทิ้งเหมือนไม่มีอะไร
B04-1075	บท 3 พากย์ · speech_list_judge_main_c03	? (ช)	แล้ววันหนึ่ง ไม่รู้ทำไมเหมือนกัน...\nท่านมัตสึกาเนะก็ถูกใจมันขึ้นมา
B04-1076	บท 3 พากย์ · speech_list_judge_main_c03	? (ช) [อีกแทร็ก]	แล้ววันหนึ่ง ไม่รู้ทำไมเหมือนกัน...\nท่านมัตสึกาเนะก็ถูกใจมันขึ้นมา
B04-1077	บท 3 พากย์ · speech_list_judge_main_c03	? (ช)	อยู่ดีๆ ก็กลายเป็นเหมือนพ่อลูกกันแปลกๆ\nทาคุไม่ยอมฟังใครนอกจากท่าน
B04-1078	บท 3 พากย์ · speech_list_judge_main_c03	? (ช) [อีกแทร็ก]	แล้วทาคุก็ค่อยๆ เริ่ม\nฟังคำท่านจริงจัง
B04-1079	บท 3 พากย์ · speech_list_judge_main_c03	? (ช)	สำหรับฉันกับแก การเป็นยากูซ่าคือทางเลือกเดียว\nแต่สำหรับมัน? มันต่างออกไป
B04-1080	บท 3 พากย์ · speech_list_judge_main_c03	? (ช) [อีกแทร็ก]	มันต่างจากเรา คนอย่างเรามีสายเลือดยากูซ่า\nติดตัวมาแต่เกิด แต่มันไม่ใช่
B04-1081	บท 3 พากย์ · speech_list_judge_main_c03	? (ช)	ถ้าให้เดา โอยาบุนคงมองออก\nนั่นแหละคือเหตุผลที่ท่านรับมันไว้
B04-1082	บท 3 พากย์ · speech_list_judge_main_c03	? (ช) [อีกแทร็ก]	ถ้าให้เดา นั่นคงเป็นเหตุผล\nที่โอยาบุนตัดสินใจรับมันไว้
B04-1083	บท 3 พากย์ · speech_list_judge_main_c03	? (ช)	แต่ทาคุก็ไม่ทำให้ท่านผิดหวัง\nสอบเนติบัณฑิตผ่านในเวลาไม่นาน หลังจากนั้น
B04-1084	บท 3 พากย์ · speech_list_judge_main_c03	? (ช) [อีกแทร็ก]	แต่ทาคุก็ไม่ทำให้ท่านผิดหวัง\nสอบเนติบัณฑิตผ่านในเวลาไม่นาน หลังจากนั้น
B04-1085	บท 3 พากย์ · speech_list_judge_main_c03	? (ช)	จำได้ครับ\nตอนนั้นผมเองก็ไม่ค่อยพอใจเท่าไหร่
B04-1086	บท 3 พากย์ · speech_list_judge_main_c03	? (ช) [อีกแทร็ก]	ผมจำได้ว่าตอนนั้น\nตัวเองก็หงุดหงิดเรื่องนี้อยู่ เหมือนกัน
B04-1087	บท 3 พากย์ · speech_list_judge_main_c03	? (ช)	แต่นั่นมันเรื่องอดีตไปแล้ว\nตอนนี้มันไม่เหมือนเดิมแล้ว
B04-1088	บท 3 พากย์ · speech_list_judge_main_c03	? (ช) [อีกแทร็ก]	แต่มันไม่สำคัญแล้วล่ะ\nเรื่องนั้นมันอดีตไปแล้ว
B04-1089	บท 3 พากย์ · speech_list_judge_main_c03	? (ช)	ตอนนี้มันก็แค่ศพเดินได้
B04-1090	บท 3 พากย์ · speech_list_judge_main_c03	? (ช) [อีกแทร็ก]	ตอนนี้ยากามิก็แค่ศพเดินได้
B04-1091	บท 3 พากย์ · speech_list_judge_main_c03	? (ช)	พี่กับท่านมัตสึกาเนะ\nยังเห็นอะไรดีๆ ในตัวมันอยู่อีกเหรอ?
B04-1092	บท 3 พากย์ · speech_list_judge_main_c03	? (ช) [อีกแทร็ก]	ไม่รู้สิ พี่กับท่านมัตสึกาเนะ\nยังเห็นอะไรดีๆ ในตัวมันอยู่อีกเหรอ?
B04-1093	บท 3 พากย์ · speech_list_judge_main_c03	? (ช)	ฉันก็อยากถามคำถามเดียวกันกลับ กับคนที่\nโดนไล่ออกเพราะปล่อยให้เซฟถูก ปล้นเหมือนกันนะ
B04-1094	บท 3 พากย์ · speech_list_judge_main_c03	? (ช) [อีกแทร็ก]	ก็คือ...แล้ว<font_kind=yakuza_italic>แก</font_kind>เห็นอะไรในตัวคนที่\nโดนไล่ออกเพราะปล่อยให้เซฟถูกปล้นล่ะ?
B04-1095	บท 3 พากย์ · speech_list_judge_main_c03	? (ช)	คามุโรโจกินคนอย่างเราไม่เหลือ
B04-1096	บท 3 พากย์ · speech_list_judge_main_c03	? (ช) [อีกแทร็ก]	ก็แค่อีกวันหนึ่งในคามุโรโจ
B04-1097	บท 3 พากย์ · speech_list_judge_main_c03	? (ช)	แล้วพอมันคายเราออกมา\nก็กลับไปอยู่ข้างถนนเหมือนเดิม
B04-1098	บท 3 พากย์ · speech_list_judge_main_c03	? (ช) [อีกแทร็ก]	มันกินเราเข้าไป แล้วก็คาย\nเรากลับออกมาเหมือนเดิม
B04-1099	บท 3 พากย์ · speech_list_judge_main_c03	? (ช)	แต่ฉันกับมัน โตมาที่นี่ด้วยกัน\nเราไม่มีบ้านอื่นแล้ว
B04-1100	บท 3 พากย์ · speech_list_judge_main_c03	? (ช) [อีกแทร็ก]	แต่ฉันกับมัน...โตมาที่นี่ด้วยกัน\nไม่มีที่ไปอื่นแล้ว
B04-1101	บท 3 พากย์ · speech_list_judge_main_c03	? (ช)	ต่อให้ต้องปะทะกับกัปตันฮามุระ...\nเราก็จะสู้เรื่องบ้านี่ให้จบ
B04-1102	บท 3 พากย์ · speech_list_judge_main_c03	? (ช) [อีกแทร็ก]	ไม่ว่าจะต้องปะทะกับฮามุระแค่ไหน...\nเราก็จะทำตามทางของเราเอง
B04-1103	บท 3 พากย์ · speech_list_judge_main_c03	higashi (ช)	อานิกิ...
B04-1104	บท 3 พากย์ · speech_list_judge_main_c03	? (ช) [อีกแทร็ก]	อานิกิ
B04-1105	บท 3 พากย์ · speech_list_judge_main_c03	? (ช)	คำสั่งกัปตันคือกฎเหล็ก\nอย่างน้อยก็ตอนนี้
B04-1106	บท 3 พากย์ · speech_list_judge_main_c03	? (ช) [อีกแทร็ก]	ตอนนี้...\nคำสั่งกัปตันฮามุระคือกฎเหล็ก
B04-1107	บท 3 พากย์ · speech_list_judge_main_c03	? (ช)	แต่ถ้าเขาสั่งให้\nผมฆ่าพี่เมื่อไหร่...
B04-1108	บท 3 พากย์ · speech_list_judge_main_c03	? (ช) [อีกแทร็ก]	แต่ถ้าเขาสั่งให้ผมฆ่าพี่เมื่อไหร่...
B04-1109	บท 3 พากย์ · speech_list_judge_main_c03	? (ช)	ผมก็คงต้องคิดหนักสองตลบ
B04-1110	บท 3 พากย์ · speech_list_judge_main_c03	? (ช) [อีกแทร็ก]	ผมอาจจะต้องคิดหนักสองตลบ
B04-1111	บท 3 พากย์ · speech_list_judge_main_c03	? (ช)	ฉันว่าแค่นั้นก็พอไหวแล้วล่ะ
B04-1112	บท 3 พากย์ · speech_list_judge_main_c03	? (ช) [อีกแทร็ก]	ดีใจที่ได้ยินแบบนั้น\nแค่นี้ก็พอแล้ว
B04-1113	VR Dice & Cube · judge_minigame_sugoroku	? (?)	ข้อความทดสอบซูโกโรกุ\nข้อความทดสอบซูโกโรกุ
B04-1114	VR Dice & Cube · judge_minigame_sugoroku	? (?)	ยินดีต้อนรับสู่คามุโรโจเสมือนจริง! โยนลูกเต๋าแล้วมุ่งหน้าสู่ เป้าหมายกันเลย!
B04-1115	VR Dice & Cube · judge_minigame_sugoroku	? (?)	กด <symbol=button_decide> เพื่อทอยลูกเต๋า กด <symbol=button_decide> อีกครั้งเพื่อหยุดลูกเต๋า!
B04-1116	VR Dice & Cube · judge_minigame_sugoroku	Gold Plate Employee (?)	นี่ของขวัญให้
B04-1117	VR Dice & Cube · judge_minigame_sugoroku	Silver Plate Employee (?)	เอาของขวัญนี้ไปนะ
B04-1118	VR Dice & Cube · judge_minigame_sugoroku	Silver Plate Employee (?)	เอ้า ของเล็กๆ น้อยๆ ให้
B04-1119	VR Dice & Cube · judge_minigame_sugoroku	Silver Plate Employee (?)	นี่เพลทเงิน
B04-1120	VR Dice & Cube · judge_minigame_sugoroku	Silver Plate Employee (?)	นี่ของขวัญ
B04-1121	VR Dice & Cube · judge_minigame_sugoroku	Silver Plate Employee (?)	เอาเพลทเงินนี้ไปสิ
B04-1122	VR Dice & Cube · judge_minigame_sugoroku	Silver Plate Employee (?)	เก็บอันนี้มาได้ เอ้า เพลทเงิน
B04-1123	VR Dice & Cube · judge_minigame_sugoroku	Poppo Employee (?)	ขอบคุณที่ใช้บริการนะ!
B04-1124	VR Dice & Cube · judge_minigame_sugoroku	Bronze Plate Employee (?)	จะให้เพลททองแดง
B04-1125	VR Dice & Cube · judge_minigame_sugoroku	Steel Plate Employee (?)	นี่ของขวัญที่ให้เอง
B04-1126	VR Dice & Cube · judge_minigame_sugoroku	Dice & Cube Receptionist (?)	ยินดีต้อนรับสู่ Paradise VR!
B04-1127	VR Dice & Cube · judge_minigame_sugoroku	Dice & Cube Receptionist (?)	คุณลูกค้ามีเพลย์พาสไหม แต่ละคอร์สใช้จำนวนเพลย์พาสไม่เท่ากัน
B04-1128	VR Dice & Cube · judge_minigame_sugoroku	Yagami (ช)	(เอ่อ... นี่มันของที่ชายไร้บ้านให้ผมมา ไม่ใช่เหรอ?)
B04-1129	VR Dice & Cube · judge_minigame_sugoroku	Yagami (ช)	นี่คือเพลย์พาสเหรอ
B04-1130	VR Dice & Cube · judge_minigame_sugoroku	Dice & Cube Receptionist (?)	อ๋อ เพลย์พาสทดลองเล่นฟรีนี่เอง! ใช้แค่ใบเดียวก็เล่นได้เลย
B04-1131	VR Dice & Cube · judge_minigame_sugoroku	Dice & Cube Receptionist (?)	เคยเล่น Dice & Cube มาก่อนไหม
B04-1132	VR Dice & Cube · judge_minigame_sugoroku	Yagami (ช)	เปล่า มาเล่นครั้งแรกครับ
B04-1133	VR Dice & Cube · judge_minigame_sugoroku	Naisu Daisu (?)	วันนี้จะพาไปลองคอร์สสั้น
B04-1134	VR Dice & Cube · judge_minigame_sugoroku	Naisu Daisu (?)	ลูกค้าที่ทำผลงานดีในคอร์สสั้น จะได้รับเซอร์ไพรส์พิเศษ
B04-1135	VR Dice & Cube · judge_minigame_sugoroku	Naisu Daisu (?)	เงื่อนไขคือต้องผ่านด่านโดย เหลือลูกเต๋ามากกว่าสองลูก สู้ๆ นะ!
B04-1136	VR Dice & Cube · judge_minigame_sugoroku	Yagami (ช)	(นี่คือสิ่งที่ชายไร้บ้านคนนั้น ต้องการรึเปล่านะ?)
B04-1137	VR Dice & Cube · judge_minigame_sugoroku	Yagami (ช)	(คงต้องเคลียร์เกมนี้แล้วเอา รางวัลกลับไปให้เขาแล้วล่ะ)
B04-1138	VR Dice & Cube · judge_minigame_sugoroku	Naisu Daisu (?)	มีแค่นี้แหละ ทีนี้กรุณาสวมแว่น VR นี้...
B04-1139	VR Dice & Cube · judge_minigame_sugoroku	Naisu Daisu (?)	เรียบร้อย! ขอให้สนุกกับการท่องคามุโรโจ เสมือนจริงนะ!
B04-1140	VR Dice & Cube · judge_minigame_sugoroku	Dice & Cube Receptionist (?)	ขออภัย ขณะนี้ Dice & Cube กำลังปิดปรับปรุงชั่วคราว
B04-1141	VR Dice & Cube · judge_minigame_sugoroku	Dice & Cube Receptionist (?)	แวะมาใหม่นะ
B04-1142	VR Dice & Cube · judge_minigame_sugoroku	Yagami (ช)	นี่จ้ะ รับไปเลย
B04-1143	VR Dice & Cube · judge_minigame_sugoroku	Dice & Cube Receptionist (?)	กรุณาเลือกคอร์สและกติกาที่คุณต้องการ
B04-1144	VR Dice & Cube · judge_minigame_sugoroku	Dice & Cube Receptionist (?)	คอร์สยาว กติกาท้าทาย รับทราบ
B04-1145	VR Dice & Cube · judge_minigame_sugoroku	Dice & Cube Receptionist (?)	คอร์สยาว กติกามาตรฐาน รับทราบ
B04-1146	VR Dice & Cube · judge_minigame_sugoroku	Dice & Cube Receptionist (?)	คอร์สกลาง กติกาท้าทาย รับทราบ
B04-1147	VR Dice & Cube · judge_minigame_sugoroku	Dice & Cube Receptionist (?)	คอร์สกลาง กติกามาตรฐาน รับทราบ
B04-1148	VR Dice & Cube · judge_minigame_sugoroku	Dice & Cube Receptionist (?)	คอร์สสั้น กติกาท้าทาย รับทราบ
B04-1149	VR Dice & Cube · judge_minigame_sugoroku	Dice & Cube Receptionist (?)	คอร์สสั้น กติกามาตรฐาน รับทราบ
B04-1150	VR Dice & Cube · judge_minigame_sugoroku	Dice & Cube Receptionist (?)	ตรวจสอบเพลย์พาสฟรีของคุณ เรียบร้อยแล้ว! กรุณาสวมแว่น VR ได้เลยตอนนี้
B04-1151	VR Dice & Cube · judge_minigame_sugoroku	Dice & Cube Receptionist (?)	ขอบคุณที่ใช้เพลย์พาส! กรุณาสวมแว่น VR ได้เลยตอนนี้
B04-1152	VR Dice & Cube · judge_minigame_sugoroku	Yagami (ช)	...มีไม่พอซะแล้ว...
B04-1153	VR Dice & Cube · judge_minigame_sugoroku	Dice & Cube Receptionist (?)	เกรงว่าคุณจะต้องมีเพลย์พาสถึงจะเล่น Dice & Cube ได้ หาได้จากรางวัลที่ศูนย์ฝึกตี
B04-1154	VR Dice & Cube · judge_minigame_sugoroku	Yagami (ช)	(บ้าเอ๊ย ทำไม่ได้จริง ๆ...)
B04-1155	VR Dice & Cube · judge_minigame_sugoroku	Naisu Daisu (?)	ครั้งนี้โชคไม่ดีเลยแฮะ?
B04-1156	VR Dice & Cube · judge_minigame_sugoroku	Yagami (ช)	(แย่จัง คงต้องกลับไปรายงานให้ชายไร้ บ้านคนนั้นฟัง)
B04-1157	VR Dice & Cube · judge_minigame_sugoroku	Yagami (ช)	(พูดตามตรงว่าออกมาดีเกินคาดเลยนะ)
B04-1158	VR Dice & Cube · judge_minigame_sugoroku	Naisu Daisu (?)	โห! ผ่านคอร์สนี้แบบสบาย ๆ เลยนี่!
B04-1159	VR Dice & Cube · judge_minigame_sugoroku	Naisu Daisu (?)	นี่คือบัตรอาหารหรูสำหรับผู้ชนะ ขอแสดงความยินดีด้วย!
B04-1160	VR Dice & Cube · judge_minigame_sugoroku	Yagami (ช)	(เยี่ยม ทีนี้ก็เอาไปให้คนไร้บ้านคนนั้น แล้วหาให้เจอว่าจมูกแดงอยู่ไหน)
B04-1161	VR Dice & Cube · judge_minigame_sugoroku	Yagami (ช)	(บ้าเอ๊ย... นึกว่าจะทำได้ซะอีก)
B04-1162	VR Dice & Cube · judge_minigame_sugoroku	Yagami (ช)	(เกือบไม่รอดถึงเป้าหมายเลย)
B04-1163	VR Dice & Cube · judge_minigame_sugoroku	Yagami (ช)	(น่าจะทำได้ดีกว่านี้)
B04-1164	VR Dice & Cube · judge_minigame_sugoroku	Yagami (ช)	(เยี่ยม รอบนี้เล่นได้ดีเลย)
B04-1165	VR Dice & Cube · judge_minigame_sugoroku	Yagami (ช)	(เจ๋ง! แทบจะทำได้เป๊ะเลยนี่!)
B04-1166	VR Dice & Cube · judge_minigame_sugoroku	Naisu Daisu (?)	ขอบคุณที่เล่น Dice & Cube หวังว่าจะได้พบกันอีก
B04-1167	VR Dice & Cube · judge_minigame_sugoroku	Dice & Cube Receptionist (?)	ที่นี่คุณจะได้สัมผัส ความบันเทิงเสมือนจริงล่าสุด นั่นคือ Dice & Cube หนึ่งเดียวเท่านั้น!
B04-1168	VR Dice & Cube · judge_minigame_sugoroku	Thugs (ช)	นายต้องไปกับผมแล้วละ ไอ้เศษสวะ!
B04-1169	VR Dice & Cube · judge_minigame_sugoroku	Lullaby Employee (?)	มีผู้ชายหน้าตาไม่น่าไว้ใจกำลัง ก่อเรื่องวุ่นวายอยู่ในร้านเรา ช่วยจัดการให้หน่อยได้ไหม
B04-1170	VR Dice & Cube · judge_minigame_sugoroku	Hostess (?)	พวกเขากำลังรบกวนลูกค้าคนอื่นอยู่... ช่วยเราหน่อยได้ไหม
B04-1171	VR Dice & Cube · judge_minigame_sugoroku	Lullaby Employee (?)	มีผู้ชายคนหนึ่งที่ก่อปัญหา บ่อยมากช่วงนี้... ช่วยจัดการหน่อยได้ไหม
B04-1172	VR Dice & Cube · judge_minigame_sugoroku	Yoshida Owner (?)	มีผู้ชายแปลกหน้าเดินเข้ามาโดย ไม่ได้รับอนุญาต ช่วยไล่เขาออกไปได้ไหม
B04-1173	VR Dice & Cube · judge_minigame_sugoroku	Smile Burger Employee (?)	มีลูกค้าคนหนึ่งนั่งเฉย ๆ ไม่สั่งอะไรเลย ช่วยทำให้เขาออกไปได้ไหม
B04-1174	VR Dice & Cube · judge_minigame_sugoroku	Drone Race Receptionist (?)	มีคนก่อเรื่องอยู่ที่แล็บโดรน พอจะช่วยทำให้เขาสงบลงได้ไหม
B04-1175	VR Dice & Cube · judge_minigame_sugoroku	Poppo Employee (?)	ช่วยจัดการเรื่องนี้ให้หน่อยได้ไหม? ถ้าช่วยได้ ฉันจะให้ของตอบแทนดี ๆ นะ!
B04-1176	VR Dice & Cube · judge_minigame_sugoroku	Drone Race Receptionist (?)	โดรนตัวนี้บินพล่านราวกับมี ความคิดเป็นของตัวเองเลย! มันอยู่ที่เคาน์เตอร์ลงทะเบียน แข่งโดรน รีบไปหน่อยนะ!
B04-1177	VR Dice & Cube · judge_minigame_sugoroku	Dice & Cube Receptionist (?)	อย่างนั้นเหรอ ถ้างั้นก็ยินดีที่ได้รู้จักนะ!
B04-1178	VR Dice & Cube · judge_minigame_sugoroku	Dice & Cube Receptionist (?)	วันนี้ไนสึ ไดสึ จะทำหน้าที่พนักงานต้อนรับให้เอง
B04-1179	VR Dice & Cube · judge_minigame_sugoroku	Yagami (ช)	(เอ่อ... นี่มัน nice dice ใช่ไหมเนี่ย ขอโทษจริง ๆ นะ)
B04-1180	VR Dice & Cube · judge_minigame_sugoroku	Naisu Daisu (?)	หวังว่าคุณจะได้สัมผัส ประสบการณ์สุดยอดจนอยากกลับมา อีก!
B04-1181	VR Dice & Cube · judge_minigame_sugoroku	Yagami (ช)	ขอบคุณ!
B04-1182	VR Dice & Cube · judge_minigame_sugoroku	Poppo Employee (?)	ได้โปรด! รีบมาเถอะ! ร้านของฉันกำลังจะพังอยู่แล้ว...
B04-1183	VR Dice & Cube · judge_minigame_sugoroku	Taxi Driver (ช)	ยินดีต้อนรับ อยากรู้ว่าเราจะไปไหนน่ะเหรอ?\nขึ้นมาสิ แล้วจะได้รู้เอง
B04-1184	VR Dice & Cube · judge_minigame_sugoroku	Dice & Cube Receptionist (?)	...ดูเหมือนคุณจะสะสมบัตรผ่านฟรีได้ครบ 6 ใบแล้วนะ
B04-1185	VR Dice & Cube · judge_minigame_sugoroku	Dice & Cube Receptionist (?)	ขอแสดงความยินดีด้วย! รับของขวัญพิเศษชิ้นนี้ไปเลย
B04-1186	VR Dice & Cube · judge_minigame_sugoroku	Dice & Cube Receptionist (?)	นี่คือเพลย์พาสฟรีที่ทำให้คุณเล่น Dice & Cube ได้ไม่จำกัดครั้งเมื่อไหร่ก็ได้ ตามใจชอบ
B04-1187	VR Dice & Cube · judge_minigame_sugoroku	Dice & Cube Receptionist (?)	นับจากนี้คุณไม่ต้องใช้เพลย์พาส อีกต่อไปแล้ว!
B04-1188	VR Dice & Cube · judge_minigame_sugoroku	Dice & Cube Receptionist (?)	เกรงว่าคุณจะมีเพลย์พาสไม่พอนะ
B04-1189	VR Dice & Cube · judge_minigame_sugoroku	Dice & Cube Receptionist (?)	กรุณาเลือกคอร์สที่มีสิทธิ์เล่น
B04-1190	VR Dice & Cube · judge_minigame_sugoroku	Shinano (?)	ขอบคุณที่เล่น Dice & Cube!
B04-1191	VR Dice & Cube · judge_minigame_sugoroku	Shinano (?)	...อ้าว! ขอโทษด้วยที่โผล่มากะทันหันแบบนี้
B04-1192	VR Dice & Cube · judge_minigame_sugoroku	Shinano (?)	ชินาโนะเอง เป็นหัวหน้าฝ่าย Dice & Cube ของคณะกรรมการคามุโรโจ 
B04-1193	VR Dice & Cube · judge_minigame_sugoroku	Yagami (ช)	งั้นเหรอ...
B04-1194	VR Dice & Cube · judge_minigame_sugoroku	Shinano (?)	...คุณรู้จักเพลย์พาสฟรีไหม?
B04-1195	VR Dice & Cube · judge_minigame_sugoroku	Yagami (ช)	ไม่ครับ นั่นคืออะไรเหรอ?
B04-1196	VR Dice & Cube · judge_minigame_sugoroku	Shinano (?)	เพลย์พาสฟรีจะทำให้คุณเล่น Dice & Cube ได้กี่ครั้งก็ได้ตามต้องการ ไม่ต้องใช้เพลย์พาสอีกเลย
B04-1197	VR Dice & Cube · judge_minigame_sugoroku	Shinano (?)	พูดง่าย ๆ ก็คือมันเป็นบัตรผ่านใบเดียวที่ คุณจะต้องใช้ตลอดไปเลย!
B04-1198	VR Dice & Cube · judge_minigame_sugoroku	Yagami (ช)	หืม ไม่รู้เลยว่ามีของแบบนี้ด้วย ต้องทำยังไงถึงจะได้มาครับ?
B04-1199	VR Dice & Cube · judge_minigame_sugoroku	Shinano (?)	คุณต้องสะสมบัตรผ่านฟรีให้ครบ 6 ใบ...
B04-1200	VR Dice & Cube · judge_minigame_sugoroku	Shinano (?)	แต่สถานที่ที่จะหาพวกมันเจอ เป็นความลับนะ! ลองไปตามหาดูสิ
B04-1201	VR Dice & Cube · judge_minigame_sugoroku	Yagami (ช)	เข้าใจแล้วครับ... ผมจะจำไว้
B04-1202	VR Dice & Cube · judge_minigame_sugoroku	Shinano (?)	เยี่ยม! งั้นก็ขอให้มีความสุขกับชีวิต เสมือนจริงนะ!
B04-1203	VR Dice & Cube · judge_minigame_sugoroku	Shinano (?)	ในโลกเสมือนจริงมีเรลกันให้ใช้ด้วยนะ! กดค้าง <symbol=button_sankaku> แล้วยิงรัวได้เลย ลองดูสิ สนุกมากเลย!
B04-1204	VR Dice & Cube · judge_minigame_sugoroku	Shinano (?)	ราชาโคโระเนียงจะปรากฏตัวขึ้น ที่ไหนสักแห่งบนแมป ถ้าเอาชนะศัตรูสีทองได้ ฉะนั้นจัดการศัตรูสีทองให้ได้ มากที่สุดเท่าที่จะทำได้เลยนะ!
B04-1205	VR Dice & Cube · judge_minigame_sugoroku	Shinano (?)	ต้องเอาชนะศัตรูสีม่วงให้ได้! ไม่งั้นคุโระเนียงจะโผล่มาแย่ง ของที่เก็บได้ไปหมด!
B04-1206	VR Dice & Cube · judge_minigame_sugoroku	Shinano (?)	อาห์... โคโระเนียง... เด็กลูกเต๋าตัวน้อยที่น่ารักจัง...
B04-1207	VR Dice & Cube · judge_minigame_sugoroku	Shinano (?)	คุณสามารถเก็บตุ๊กตาโคโระเนียง ได้จากตู้ UFO Catcher นะ!
B04-1208	VR Dice & Cube · judge_minigame_sugoroku	Shinano (?)	ฉันกำลังคิดจะแต่งเพลงเกี่ยวกับ โคโระเนียงแล้วปล่อยไป ทั่วโลกเลยนะ!
B04-1209	VR Dice & Cube · judge_minigame_sugoroku	Shinano (?)	KamuroGo มีภารกิจเยอะแยะเลย ลองเล่นดูสักครั้งนะ!
B04-1210	VR Dice & Cube · judge_minigame_sugoroku	Shinano (?)	ใน VR คุณสัมผัสประสบการณ์อะไรก็ได้ แทบทุกอย่างเลยนะ... ก็มันไม่ใช่ว่าจะไปสู้กับเสือใน ชีวิตจริงได้นี่!
B04-1211	VR Dice & Cube · judge_minigame_sugoroku	Shinano (?)	โคโระเนียงชอบพูดว่า "ไอ้หนู" ตลอดเลย คิดว่ามันทำให้ดูแก่ไปหน่อยไหมล่ะ?
B04-1212	VR Dice & Cube · judge_minigame_sugoroku	Shinano (?)	เคลียร์คอร์สโดยมีลูกเต๋าเหลือเยอะ ๆ ตอนจบจะดีกว่านะ เพราะจะได้แต้มเพิ่มขึ้นเยอะเลย!
B04-1213	VR Dice & Cube · judge_minigame_sugoroku	Shinano (?)	คุณสังเกตเห็นราชาโคโระเนียงกับ คุโระเนียงบนแมปได้ง่าย ๆ เลยนะ!
B04-1214	VR Dice & Cube · judge_minigame_sugoroku	Shinano (?)	ถ้าชนะภารกิจต่อสู้ ลูกเต๋าที่ได้รับจะเท่ากับจำนวน ดาวบนช่องนั้นเลยนะ!
B04-1215	VR Dice & Cube · judge_minigame_sugoroku	Shinano (?)	ถ้าเอาเคอร์เซอร์ไปวางบนแมป จะเห็นว่าเหลืออีกกี่ช่องถึงจะ ถึงเป้าหมาย มีประโยชน์ใช่ไหมล่ะ?
B04-1216	VR Dice & Cube · judge_minigame_sugoroku	Shinano (?)	โคโระเนียงพูดสำเนียงฮิโรชิม่านะ แต่ฉันพูดแบบคนโตเกียวมากกว่า! ...หืม? ไม่สนใจเหรอ?
B04-1217	VR Dice & Cube · judge_minigame_sugoroku	Shinano (?)	ถ้าคุโระเนียงแย่งไอเทมของคุณไป จับมันกลับมาได้จะได้คืนมาเพิ่ม เป็นสองเท่าเลยนะ!
B04-1218	VR Dice & Cube · judge_minigame_sugoroku	Shinano (?)	ฉันก็อยากจะเล่น Dice & Cube เหมือนกันนะ... เอ๊ะ? เพลย์พาสฉันไม่พอเหรอเนี่ย!?
B04-1219	VR Dice & Cube · judge_minigame_sugoroku	Shinano (?)	ความอิ่มเอมตอนที่โหมด โคโระเนียงเริ่มขึ้น... บรรยายเป็นคำพูดไม่ได้เลยจริง ๆ
B04-1220	VR Dice & Cube · judge_minigame_sugoroku	Shinano (?)	จะดีแค่ไหนนะถ้าได้เล่น Dice & Cube ที่เมืองอื่นนอกจากคามุโรโจ... ก็แหงละ เราคงไม่มีงบขนาดนั้นหรอก...
B04-1221	VR Dice & Cube · judge_minigame_sugoroku	Shinano (?)	ถ้าแพ้การต่อสู้จะถูกส่งกลับไป เริ่มต้นใหม่นะ ระวังตัวด้วยล่ะตอนอยู่ในนั้น
B04-1222	VR Dice & Cube · judge_minigame_sugoroku	Shinano (?)	สังเกตไหมว่าลูกเต๋าจะ เปลี่ยนเป็นโคโระเนียงทุกครั้ง ที่อยู่ในโหมดโคโระเนียง?
B04-1223	VR Dice & Cube · judge_minigame_sugoroku	Dice & Cube Receptionist (?)	เคยเล่นมาก่อนแล้วใช่ไหม? ขอให้สนุกนะ!
B04-1224	VR Dice & Cube · judge_minigame_sugoroku	Naisu Daisu (?)	ตอนนี้เรากำลังแจกเพลย์พาสฟรี ให้ลูกค้าที่มาทดลองเล่นอยู่นะ
B04-1225	VR Dice & Cube · judge_minigame_sugoroku	Naisu Daisu (?)	ลองเล่นดูสักครั้งนะ!
B04-1226	VR Dice & Cube · judge_minigame_sugoroku	Naisu Daisu (?)	แล้วนี่ก็เพลย์พาสฟรีสำหรับ ที่มาทดลองเล่นวันนี้
B04-1227	VR Dice & Cube · judge_minigame_sugoroku	Naisu Daisu (?)	หวังว่าจะได้เจอกันอีกเร็ว ๆ นี้นะ!
B04-1228	VR Dice & Cube · judge_minigame_sugoroku_koronyan	Koro-nyan (?)	โอ้โห หน้าใหม่นี่เอง! สวัสดีจ้า! ฉันชื่อโคโระเนียง เจ้าของเกม Dice & Cube เกมป่วนๆ นี้เอง!
B04-1229	VR Dice & Cube · judge_minigame_sugoroku_koronyan	Koro-nyan (?)	เกิดและโตที่ฮิโรชิม่านะ แต่ไหนแต่ไรก็ฝันอยากเป็นมาสคอต ชื่อดัง แล้วนี่ก็มายืนอยู่ตรงนี้แล้วไงล่ะ!
B04-1230	VR Dice & Cube · judge_minigame_sugoroku_koronyan	Koro-nyan (?)	เกรงว่าตอนนี้จะทอยได้แค่ครั้งเดียวนะ...
B04-1231	VR Dice & Cube · judge_minigame_sugoroku_koronyan	Koro-nyan (?)	ถ้าทอยแล้วไปไม่ถึงช่องเพิ่มลูกเต๋า หรือถึงเส้นชัยไม่ได้ในครั้งนั้น...
B04-1232	VR Dice & Cube · judge_minigame_sugoroku_koronyan	Koro-nyan (?)	เกมโอเวอร์ทันที เพราะงั้นภาวนาให้เทพโชคอยู่ ข้างนายไว้ทุกครั้งที่ ลูกเต๋าหมุนเลยนะ!
B04-1233	VR Dice & Cube · judge_minigame_sugoroku_koronyan	Koro-nyan (?)	เอาล่ะทีนี้ สังเกตไหมว่าตัวเลขบนลูกเต๋าลดลงไป 1?
B04-1234	VR Dice & Cube · judge_minigame_sugoroku_koronyan	Koro-nyan (?)	ตัวเลขนั้นบอกว่านายทอยลูกเต๋า ได้อีกกี่ครั้งในเกมสุดบ้านี้ แล้วพอมันเหลือ 0 เมื่อไหร่...
B04-1235	VR Dice & Cube · judge_minigame_sugoroku_koronyan	Koro-nyan (?)	ปัง! บึ้ม! ตูม! เกมโอเวอร์เลยนะ พ่อหนุ่ม! เพราะงั้นดูเลขลูกเต๋าให้ดี ทุกครั้งที่ขยับ
B04-1236	VR Dice & Cube · judge_minigame_sugoroku_koronyan	Koro-nyan (?)	อ้อ! แต่ถ้าตัวเลขนี้ยิ่งสูง โบนัสที่ได้ก็ยิ่งเยอะนะ!
B04-1237	VR Dice & Cube · judge_minigame_sugoroku_koronyan	Koro-nyan (?)	โบนัสจะเปลี่ยนไปตามจำนวนที่เหลืออยู่ กด <symbol=button_shikaku> เพื่อดูรายละเอียดได้เลย!
B04-1238	VR Dice & Cube · judge_minigame_sugoroku_koronyan	Koro-nyan (?)	ไปกันต่อเลย พ่อหนุ่ม!
B04-1239	VR Dice & Cube · judge_minigame_sugoroku_koronyan	Koro-nyan (?)	ของกระจุกกระจิกชิ้นเก่งนี่นา ไอเทมอะไรพวกนี้แหละที่เด็ก สมัยนี้เรียกกัน สุดท้ายจะแลกเป็นเงินสดได้ตอนจบเกม
B04-1240	VR Dice & Cube · judge_minigame_sugoroku_koronyan	Koro-nyan (?)	ว่าแต่ นายเช็กรายละเอียดไอเทมได้ด้วยการกด <symbol=button_sankaku> นะ จำใส่หัวไว้ด้วยล่ะ!
B04-1241	VR Dice & Cube · judge_minigame_sugoroku_koronyan	Koro-nyan (?)	ทางแยกสินะ? เอาล่ะ จะไปทางไหนก็แล้วแต่นายเลย...
B04-1242	VR Dice & Cube · judge_minigame_sugoroku_koronyan	Koro-nyan (?)	แต่ชะตากรรมที่จะเกิดขึ้น นายต้องรับผิดชอบเองคนเดียวนะ
B04-1243	VR Dice & Cube · judge_minigame_sugoroku_koronyan	Koro-nyan (?)	...ว่าแต่ นายเช็กเส้นทางข้างหน้าได้โดยกด <symbol=button_l1> แล้วดูแผนที่บ้าบอนั่นได้นะ
B04-1244	VR Dice & Cube · judge_minigame_sugoroku_koronyan	Koro-nyan (?)	ใกล้ถึงเส้นชัยแล้ว! ตอนนี้เหลือแค่ทางตรงไปเส้นชัยเลย
B04-1245	VR Dice & Cube · judge_minigame_sugoroku_koronyan	Koro-nyan (?)	ระวังฝีเท้าแล้วรีบไปให้ถึง เส้นชัยเลยนะ! ไปได้แล้ว!
B04-1246	VR Dice & Cube · judge_minigame_sugoroku_koronyan	Koro-nyan (?)	ช่องเพิ่มลูกเต๋า จะเพิ่มจำนวนลูกเต๋าให้นาย ตามตัวเลขที่แสดงในช่องนั้น
B04-1247	VR Dice & Cube · judge_minigame_sugoroku_koronyan	Koro-nyan (?)	ถ้าลูกเต๋าใกล้จะหมด ลองมุ่งไปช่องพวกนี้ดูก็ไม่เลวนะ!
B04-1248	VR Dice & Cube · judge_minigame_sugoroku_koronyan	Koro-nyan (?)	ช่องลดลูกเต๋า จะลดจำนวนลูกเต๋าของนายตามตัว เลขที่แสดงในช่องนั้น
B04-1249	VR Dice & Cube · judge_minigame_sugoroku_koronyan	Koro-nyan (?)	นายจะได้ลูกเต๋าคืนได้ด้วยการ ผ่านช่องต่อสู้ หรือหยุดที่ช่องเพิ่มลูกเต๋า!
B04-1250	VR Dice & Cube · judge_minigame_sugoroku_koronyan	Koro-nyan (?)	ช่องของขวัญ จะให้ไอเทมมาแลกเปลี่ยน อาจจะได้ของหายากแวววาว ติดไม้ติดมือมาด้วยก็ได้นะ!
B04-1251	VR Dice & Cube · judge_minigame_sugoroku_koronyan	Koro-nyan (?)	ช่องนี้มีแต่เรื่องดีๆ เกิดขึ้น ถ้าหยุดตรงนี้ก็ขอบคุณดวงตัวเอง ไว้เลยนะ!
B04-1252	VR Dice & Cube · judge_minigame_sugoroku_koronyan	Koro-nyan (?)	นี่คือ ช่องต่อสู้ ยิ่งมีดาวเยอะเท่าไหร่ การต่อสู้ก็ยิ่งโหดยิ่งหินขึ้น เท่านั้น!
B04-1253	VR Dice & Cube · judge_minigame_sugoroku_koronyan	Koro-nyan (?)	แต่ถ้าเอาชนะได้ล่ะก็ จำนวนดาวของช่องนั้นจะถูกบวก เพิ่มเข้าไปในลูกเต๋ารวมของนาย ไม่เลวใช่ไหมล่ะ?
B04-1254	VR Dice & Cube · judge_minigame_sugoroku_koronyan	Koro-nyan (?)	โอเคเลย... ได้เวลาโชว์ฝีมือให้เกมบ้าๆ นี่เห็นกันแล้วล่ะ!
B04-1255	VR Dice & Cube · judge_minigame_sugoroku_koronyan	Koro-nyan (?)	ถ้าไม่ชนะก็ไม่ได้รางวัลนะ แถมยังถูกลากกลับไปจุดเริ่มต้น เป็นการลงโทษด้วย!
B04-1256	VR Dice & Cube · judge_minigame_sugoroku_koronyan	Koro-nyan (?)	ขอให้โชคดีขึ้นในครั้งหน้านะ พ่อหนุ่ม! หวังว่าจะได้ของดีๆ นะ!
B04-1257	VR Dice & Cube · judge_minigame_sugoroku_koronyan	Koro-nyan (?)	พ่อ-พ่อหนุ่ม... เลือดนายหมดแล้ว! หมายความว่าต้องเริ่มใหม่ตั้ง แต่ต้นเลยนะ!
B04-1258	VR Dice & Cube · judge_minigame_sugoroku_koronyan	Koro-nyan (?)	ไม่ต้องห่วง เดี๋ยวฉันจะเติมเลือดให้นายใหม่... แค่ระวังตัวหน่อยนะ ได้ยินไหม?
B04-1259	VR Dice & Cube · judge_minigame_sugoroku_koronyan	Koro-nyan (?)	ถ้านายทำพลาด พ่อหนุ่ม...
B04-1260	VR Dice & Cube · judge_minigame_sugoroku_koronyan	Koro-nyan (?)	จะโดนเตะกลับไปจุดเริ่มต้นแน่นอน! แต่เลือดจะได้กลับมาเต็มนะ
B04-1261	VR Dice & Cube · judge_minigame_sugoroku_koronyan	Koro-nyan (?)	ลูกเต๋านายไม่พอแล้ว! นั่นหมายความว่า...
B04-1262	VR Dice & Cube · judge_minigame_sugoroku_koronyan	Koro-nyan (?)	เกมจบแล้วล่ะ... ไม่ต้องกังวลไป ฉันอยู่ตรงนี้เสมอ กลับมาใหม่เมื่อไหร่ก็ได้นะ!
B04-1263	VR Dice & Cube · judge_minigame_sugoroku_koronyan	Koro-nyan (?)	นี่ไม่ใช่ ช่องต่อสู้ ธรรมดาๆ นะ... มันคือ ช่องต่อสู้แบบทำลายล้าง ที่นายจะได้อาละวาดสุดเหวี่ยง แบบถูกกฎหมายเลย!
B04-1264	VR Dice & Cube · judge_minigame_sugoroku_koronyan	Koro-nyan (?)	นายต้องพัง ทุบ แล้วก็คว่ำทุกอย่างในร้านนี้ให้ หมดภายในเวลาที่กำหนด!
B04-1265	VR Dice & Cube · judge_minigame_sugoroku_koronyan	Koro-nyan (?)	ถ้าทุบทำลายทุกอย่างไม่หมดใน เวลาที่กำหนด นายก็จะพลาดไปเรื่อยๆ นะ...
B04-1266	VR Dice & Cube · judge_minigame_sugoroku_koronyan	Koro-nyan (?)	ครั้งหน้าออกแรงให้เต็มที่หน่อยนะ เอาไหมล่ะ?
B04-1267	VR Dice & Cube · judge_minigame_sugoroku_koronyan	Koro-nyan (?)	อ้า นี่คือ ช่องวาร์ป! ถ้าหยุดตรงนี้ได้ นายจะเวิร์ปไปยังช่องอื่นบน กระดานได้เลย!
B04-1268	VR Dice & Cube · judge_minigame_sugoroku_koronyan	Koro-nyan (?)	ช่องนี้กับช่องปลายทางเชื่อมกันอยู่ ไปๆ มาๆ ได้ตามใจชอบเลย ใช้ให้ฉลาดล่ะ!
B04-1269	VR Dice & Cube · judge_minigame_sugoroku_koronyan	Koro-nyan (?)	ตรงนี้คือ ช่องโดรน นายจะต้องสู้กับโดรนดุร้าย สมัยฉันไม่มีของแบบนี้หรอกนะ...
B04-1270	VR Dice & Cube · judge_minigame_sugoroku_koronyan	Koro-nyan (?)	ยังไงก็ตาม สิ่งที่นายต้องทำก็แค่ยิงโดรน ศัตรูให้ร่วง ด้วยฝีมือการบินโฉบเฉี่ยวหลบ เก่งของนายนั่นแหละ!
B04-1271	VR Dice & Cube · judge_minigame_sugoroku_koronyan	Koro-nyan (?)	โดนยิงร่วงซะแล้วสินะ... สงสัยพวกมันจะไวกว่านายนิดหน่อยนะ
B04-1272	VR Dice & Cube · judge_minigame_sugoroku_koronyan	Koro-nyan (?)	มันก็เกิดขึ้นได้! นายแค่ต้องเริ่มใหม่ พ่อหนุ่ม!
B04-1273	VR Dice & Cube · judge_minigame_sugoroku_koronyan	Koro-nyan (?)	พอหยุดที่ ช่องตู้เซฟ นายจะต้องงัดตู้เซฟที่ล็อกอยู่ ด้วยการงัดกุญแจหรือ เลี่ยงกลอนบิดแบบเก่าแก่ นั่นแหละ
B04-1274	VR Dice & Cube · judge_minigame_sugoroku_koronyan	Koro-nyan (?)	ถ้างัดตู้เซฟทันเวลา นายจะได้ไอเทมชั้นดีไปเลยนะ
B04-1275	VR Dice & Cube · judge_minigame_sugoroku_koronyan	Koro-nyan (?)	ทำไม่ได้เหรอ? เก่งมากเลยนะ เจ้ามือลั่น...
B04-1276	VR Dice & Cube · judge_minigame_sugoroku_koronyan	Koro-nyan (?)	ทีนี้ของที่อยู่ข้างในก็หายไปหมดแล้ว! ครั้งหน้าอย่าให้โอกาสหลุดมือไปอีกล่ะ ได้ยินไหม?
B04-1277	VR Dice & Cube · judge_minigame_sugoroku_koronyan	Koro-nyan (?)	นายเคลียร์ทั้งด่านได้จริงๆ เหรอเนี่ย!? ว้าว... นี่ต้องบันทึกลงประวัติศาสตร์เลยนะ บอกเลย!
B04-1278	VR Dice & Cube · judge_minigame_sugoroku_koronyan	Koro-nyan (?)	ต้องฉลองด้วยสาเกสักหน่อยแล้ว! หืม? ก็สาเก VR น่ะสิ!
B04-1279	VR Dice & Cube · judge_minigame_sugoroku_koronyan	Koro-nyan (?)	อ้า ถึงเวลาแล้ว นายดูนะ พอนายทอยได้ 5 6 2...
B04-1280	VR Dice & Cube · judge_minigame_sugoroku_koronyan	Koro-nyan (?)	พูดง่ายๆ ก็คือตัวเลขที่ฉันชอบที่สุด... นายจะเข้าสู่... โคโระเนียงโหมดทันที!
B04-1281	VR Dice & Cube · judge_minigame_sugoroku_koronyan	Koro-nyan (?)	โชคดีจังเลย พ่อหนุ่ม! ลองดูกันเลย!!!
B04-1282	VR Dice & Cube · judge_minigame_sugoroku_koronyan	Koro-nyan (?)	ตัวแวววาวสีทองที่อยู่ตรงโน้น... จริงๆ แล้วคือร่างอวตารของราชา โคโระเนียงผู้ยิ่งใหญ่เลยนะ!
B04-1283	VR Dice & Cube · judge_minigame_sugoroku_koronyan	Koro-nyan (?)	ถ้าเอาชนะเขาได้ ราชาโคโระเนียงตัวพิเศษจะปรากฏ ขึ้นบนแผนที่อีกตัวนะ!
B04-1284	VR Dice & Cube · judge_minigame_sugoroku_koronyan	Koro-nyan (?)	ไปจัดการซะ... แล้วรับพรจากราชาโคโระเนียง ผู้ยิ่งใหญ่เลย!
B04-1285	VR Dice & Cube · judge_minigame_sugoroku_koronyan	Koro-nyan (?)	ทำได้ดีมาก พ่อหนุ่ม! เอาล่ะ ที่ไหนสักแห่งในเมือง...
B04-1286	VR Dice & Cube · judge_minigame_sugoroku_koronyan	Koro-nyan (?)	ดีจังที่มีเพื่อนมาอยู่ในคุก เสมือนจริงของฉันบ้าง เฮ่อๆ! เอาล่ะ ให้ฉันสอนกติกาให้ฟังนะ!
B04-1287	VR Dice & Cube · judge_minigame_sugoroku_koronyan	Koro-nyan (?)	มีสามข้อพื้นฐานที่นายควรรู้เกี่ยวกับ Dice & Cube:
B04-1288	VR Dice & Cube · judge_minigame_sugoroku_koronyan	Koro-nyan (?)	ข้อแรก นายเริ่มทอยลูกเต๋าได้ด้วย <symbol=button_decide> แล้วหยุดมันด้วย <symbol=button_decide>
B04-1289	VR Dice & Cube · judge_minigame_sugoroku_koronyan	Koro-nyan (?)	ข้อสอง จำนวนครั้งที่นายทอยลูกเต๋าได้ ในแต่ละเกมมีจำกัดนะ
B04-1290	VR Dice & Cube · judge_minigame_sugoroku_koronyan	Koro-nyan (?)	และข้อสาม ไอเทมที่เจอแถวนี้จะถูกแปลงเป็น เงินรางวัลตอนจบเกม
B04-1291	VR Dice & Cube · judge_minigame_sugoroku_koronyan	Koro-nyan (?)	กติกาข้อสามนี้สำคัญมากเลยนะ... แต่ฉันว่าให้ดูของจริงจะเร็ว กว่าพูดพร่ำเยอะๆ!
B04-1292	VR Dice & Cube · judge_minigame_sugoroku_koronyan	Koro-nyan (?)	ได้เวลาทอยครั้งแรกแล้ว! อย่าตื่นเต้นนะ พ่อหนุ่ม ผ่อนคลายไหล่แล้วก็แก้มหน่อย!
B04-1293	VR Dice & Cube · judge_minigame_sugoroku_koronyan	Koro-nyan (?)	น่าจะมีราชาโคโระเนียงอีกตัวนะ! เช็กแผนที่ได้ด้วยการกด <symbol=button_l1>!
B04-1294	VR Dice & Cube · judge_minigame_sugoroku_koronyan	Koro-nyan (?)	จับตัวสีทองไม่ได้สินะ... เอาเถอะ ฉันแน่ใจว่านายจะได้เจอมันอีกแน่นอน!
B04-1295	VR Dice & Cube · judge_minigame_sugoroku_koronyan	Koro-nyan (?)	ไม่ต้องกังวลไปหรอก แค่ทำในสิ่งที่นายถนัดต่อไปเถอะ!
B04-1296	VR Dice & Cube · judge_minigame_sugoroku_koronyan	Koro-nyan (?)	ตั-ตัวสีม่วงนั่น...! นั่นคือร่างชั่วร้ายของคุโระเนียงนี่!
B04-1297	VR Dice & Cube · judge_minigame_sugoroku_koronyan	Koro-nyan (?)	ถ้านายไม่เอาชนะมัน พลังชั่วร้ายของมันจะแผ่ไป ทั่วเมืองแน่...
B04-1298	VR Dice & Cube · judge_minigame_sugoroku_koronyan	Koro-nyan (?)	นั่นแปลว่าคุโระเนียงตัวใหม่จะ โผล่มาอีก! เพราะงั้นแพ้ไม่ได้เด็ดขาดนะ พ่อหนุ่ม!
B04-1299	VR Dice & Cube · judge_minigame_sugoroku_koronyan	Koro-nyan (?)	ทำได้แล้ว พ่อหนุ่ม! ตอนนี้ไม่ต้องห่วงเรื่อง คุโระเนียงจอมป่วนนั่นแล้ว...
B04-1300	VR Dice & Cube · judge_minigame_sugoroku_koronyan	Koro-nyan (?)	อย่างน้อยก็สักพักนึงแหละนะ ไม่มีใครรู้ว่าไอ้แมวบ้านั่นจะ โผล่มาอีกเมื่อไหร่ ระวังฝีเท้าไว้ดีกว่า
B04-1301	VR Dice & Cube · judge_minigame_sugoroku_koronyan	Koro-nyan (?)	อุ๊ยตายจริง... มีคุโระเนียงอีกตัวบนแผนที่แล้ว!
B04-1302	VR Dice & Cube · judge_minigame_sugoroku_koronyan	Koro-nyan (?)	คุโระเนียงชอบไล่ล่านะ ระวังอย่าไปชนมันเข้าล่ะ!
B04-1303	VR Dice & Cube · judge_minigame_sugoroku_koronyan	Koro-nyan (?)	โอ้โฮ! จู่ๆ หนวดฉันก็สั่นระริก! คุโระเนียงอาจจะอยู่ใกล้ๆ แถวนี้...
B04-1304	VR Dice & Cube · judge_minigame_sugoroku_koronyan	Koro-nyan (?)	ถ้านายไปชนไอ้ตัวแสบนั่นเข้า มันสร้างปัญหาให้นายแน่นอน...
B04-1305	VR Dice & Cube · judge_minigame_sugoroku_koronyan	Koro-nyan (?)	เพราะงั้นหลบมันให้ไกลๆ ไว้เลยนะ! เข้าใจไหม พ่อหนุ่ม!?
B04-1306	VR Dice & Cube · judge_minigame_sugoroku_koronyan	Koro-nyan (?)	มีสัมผัสอันสง่างามแบบราชาลอย อยู่ในอากาศ... ฉันว่าราชาโคโระเนียงต้องอยู่ใกล้ๆ แถวนี้แน่ๆ!
B04-1307	VR Dice & Cube · judge_minigame_sugoroku_koronyan	Koro-nyan (?)	เช็กแผนที่แล้วตามหามันเลย พ่อหนุ่ม!
B04-1308	VR Dice & Cube · judge_minigame_sugoroku_koronyan	Koro-nyan (?)	แหม่ๆ... นี่มันราชาโคโระเนียง ผู้ยิ่งใหญ่ตัวจริงเลยนี่นา! ไม่คิดเลยว่าจะได้เห็นวันนี้!
B04-1309	VR Dice & Cube · judge_minigame_sugoroku_koronyan	Koro-nyan (?)	นายดูนะ ราชาโคโระเนียงเป็นผู้ปกครองที่ ดีและใจบุญที่ดูแล คามุโรโจเสมือนจริงอยู่!
B04-1310	VR Dice & Cube · judge_minigame_sugoroku_koronyan	Koro-nyan (?)	ถ้าได้เจอมัน ต้องมีเรื่องดีๆ เกิดขึ้นแน่นอน!
B04-1311	VR Dice & Cube · judge_minigame_sugoroku_koronyan	Koro-nyan (?)	เพราะงั้นเห็นเมื่อไหร่ก็ไล่ตาม ไปเลยนะ!
B04-1312	VR Dice & Cube · judge_minigame_sugoroku_koronyan	Koro-nyan (?)	ไม่นะ... เป็นไปไม่ได้... บอกว่าไม่ใช่สิ! นอกจากสายตาฉันจะหลอกตัวเอง ซึ่งก็เกิดขึ้นบ่อยอยู่นะ... นั่นมันคุโระเนียง!!!
B04-1313	VR Dice & Cube · judge_minigame_sugoroku_koronyan	Koro-nyan (?)	มันเป็นตัวป่วนที่สนุกกับการไล่ คนไปทั่วแล้ว ก่อความวุ่นวายป่วนๆ ไปทั่ว!
B04-1314	VR Dice & Cube · judge_minigame_sugoroku_koronyan	Koro-nyan (?)	ถ้าเจอมันเข้า ต้องมีเรื่องแย่ๆ เกิดขึ้นแน่นอน ระวังตัวด้วยนะ พ่อหนุ่ม!
B04-1315	VR Dice & Cube · judge_minigame_sugoroku_koronyan	Koro-nyan (?)	อ้อ นายเจอราชาโคโระเนียงเหรอ? งั้นก็ดีเลยน่ะ— เอ๊ะ!? เกิดอะไรขึ้นกับฉันเนี่ย...?
B04-1316	VR Dice & Cube · judge_minigame_sugoroku_koronyan	Koro-nyan (?)	ฉันรู้สึก... มีชีวิตชีวาขึ้นมาอีกครั้ง! มีพลังไหลเวียนอยู่ในกระดูกเก่าๆ ของฉัน... นี่มันหมายความอย่างเดียวเลยคือ:
B04-1317	VR Dice & Cube · judge_minigame_sugoroku_koronyan	Koro-nyan (?)	นี่มันโคโระเนียงโหมมมมมด!!!
B04-1318	VR Dice & Cube · judge_minigame_sugoroku_koronyan	Koro-nyan (?)	พูดได้ว่าฉันเป็นตัว<font_kind=yakuza_italic>เหมียว</font_kind>เร่งพลัง <font_kind=yakuza_italic>เมี้ยว</font_kind>มหาศาลนี่แหละ...\nพูดอีกอย่างคือถึงเวลาโบนัสแล้ว!
B04-1319	VR Dice & Cube · judge_minigame_sugoroku_koronyan	Koro-nyan (?)	ทุกช่องจะกลายเป็น โบนัสชาเลนจ์ หมดเลย! โอกาสได้ของดีๆ เพียบเลยนะ!
B04-1320	VR Dice & Cube · judge_minigame_sugoroku_koronyan	Koro-nyan (?)	มันจะหยุดเมื่อนายเดินครบ 3 ครั้ง สู้ๆ นะ!
B04-1321	VR Dice & Cube · judge_minigame_sugoroku_koronyan	Koro-nyan (?)	เอาล่ะ ทำให้เงินสะพัดกันเลย พ่อหนุ่ม!
B04-1322	VR Dice & Cube · judge_minigame_sugoroku_koronyan	Koro-nyan (?)	ได้เวลา โบนัสชาเลนจ์ แล้ว! เตรียมตัวรับมือ ศึกน็อกเอาต์ ได้เลย! สิ่งที่นายต้องทำก็แค่ถล่มศัตรู ที่ฉันเตรียมไว้ให้เละเป็นโจ๊ก!
B04-1323	VR Dice & Cube · judge_minigame_sugoroku_koronyan	Koro-nyan (?)	นายจะได้โบนัสเพิ่มตามจำนวน ครั้งที่โจมตีโดน เพราะงั้นซัดให้สะใจไปเลย!
B04-1324	VR Dice & Cube · judge_minigame_sugoroku_koronyan	Koro-nyan (?)	โบนัสชาเลนจ์ ครั้งนี้คือ ศึกทำลายล้าง!\nพูดง่ายๆ คือทุบทุกอย่างที่เห็นให้หมด!
B04-1325	VR Dice & Cube · judge_minigame_sugoroku_koronyan	Koro-nyan (?)	ยิ่งทุบเยอะ รางวัลก็ยิ่งดีขึ้นเท่านั้น!\nเพราะงั้นเข้าไปอัดให้เต็มที่เลย!
B04-1326	VR Dice & Cube · judge_minigame_sugoroku_koronyan	Koro-nyan (?)	เก่งมาก! ต่อยจนได้โบนัสเพิ่มมาเลยนะ!
B04-1327	VR Dice & Cube · judge_minigame_sugoroku_koronyan	Koro-nyan (?)	รับไปด้วยความยินดีเลยนะ!
B04-1328	VR Dice & Cube · judge_minigame_sugoroku_koronyan	Koro-nyan (?)	เอ่อ... พ่อหนุ่ม นายต้องต่อยพวกนี้อย่างน้อย สักทีนึงถึงจะได้โบนัสนะ ได้ยินไหม?
B04-1329	VR Dice & Cube · judge_minigame_sugoroku_koronyan	Koro-nyan (?)	ครั้งหน้าต่อยให้เต็มที่แล้ว กวาดเงินมาเพียบเลย!
B04-1330	VR Dice & Cube · judge_minigame_sugoroku_koronyan	Koro-nyan (?)	โอ้โห นายทำเรื่องเข้าแล้วสิ! ไปชนคุโระเนียงเข้าให้แล้ว!\n...ฉันมีลางไม่ดีเลยนะเนี่ย...
B04-1331	VR Dice & Cube · judge_minigame_sugoroku_koronyan	Koro-nyan (?)	*ฟ่อออ* มั-มันทำอะไรน่ะ...!?
B04-1332	VR Dice & Cube · judge_minigame_sugoroku_koronyan	Koro-nyan (?)	ไม่นะ...! ไอ้เจ้าเล่ห์นี่! มันคว้าไอเทมล้ำค่าของนายไปหมดเลย!
B04-1333	VR Dice & Cube · judge_minigame_sugoroku_koronyan	Koro-nyan (?)	ถึงยังไงมันก็ต้องอยู่แถวนี้แหละ! นายต้องตามไปให้ทันแล้วเอาไอเทมคืนมา...
B04-1334	VR Dice & Cube · judge_minigame_sugoroku_koronyan	Koro-nyan (?)	ในเมื่อยังไงก็ตามไปแล้ว งั้นเอาไอเทมที่มันสะสมไว้มาด้วยเลย แล้วสั่งสอนมันซะให้เข็ดไปเลย!!!
B04-1335	VR Dice & Cube · judge_minigame_sugoroku_koronyan	Koro-nyan (?)	อ้าฮ่า! ฉันรู้สึกได้ว่าคุโระเนียงซุ่ม อยู่แถวนี้! ท่าทางมันจะพยายามหนีนายนะ!
B04-1336	VR Dice & Cube · judge_minigame_sugoroku_koronyan	Koro-nyan (?)	หาไอ้ตัวแสบนั่นในแผนที่ให้เจอ แล้วจัดการมันซะ!
B04-1337	VR Dice & Cube · judge_minigame_sugoroku_koronyan	Koro-nyan (?)	จับได้แล้ว ไอ้ขโมยตัวน้อย! เอาไอเทมคืนมาซะ... เอ๊ะ!? มันเรียกกำลังเสริมมา!
B04-1338	VR Dice & Cube · judge_minigame_sugoroku_koronyan	Koro-nyan (?)	ไม่เป็นไร! สั่งสอนให้มันรู้ว่าใครใหญ่ไปเลย!
B04-1339	VR Dice & Cube · judge_minigame_sugoroku_koronyan	Koro-nyan (?)	ทำได้แล้ว พ่อหนุ่ม!
B04-1340	VR Dice & Cube · judge_minigame_sugoroku_koronyan	Koro-nyan (?)	ได้ไอเทมคืนมาครบแถมยังมากกว่าเดิมอีก!
B04-1341	VR Dice & Cube · judge_minigame_sugoroku_koronyan	Koro-nyan (?)	แล้วแต่วิธีที่นายจัดการกับมันนะ แม้แต่ไอ้ตัวแสบอย่างคุโระเนียง ก็ยังมีประโยชน์ได้เหมือนกัน!
B04-1342	VR Dice & Cube · judge_minigame_sugoroku_koronyan	Koro-nyan (?)	เอาล่ะ ไปให้ถึงเส้นชัยกันเลย พ่อหนุ่ม!
