id	ฉาก	ผู้พูด	TH
B02-0001	บท 1 พากย์ · speech_list_judge_main_c01	? (ช)	ฝากด้วยนะ
B02-0002	บท 1 พากย์ · speech_list_judge_main_c01	yagami (ช)	<color=ｍonologue>(เจอแล้ว)</color>
B02-0003	บท 1 พากย์ · speech_list_judge_main_c01	? (ช)	<color=ｍonologue>(นี่แหละกล้องวงจรปิด\nที่ให้ภาพเราไว้)</color>
B02-0004	บท 1 พากย์ · speech_list_judge_main_c01	? (ช)	<color=ｍonologue>(...ไปคุยกับเจ้าของอามูร์ดีกว่า)</color>
B02-0005	บท 1 พากย์ · speech_list_judge_main_c01	? (ช)	<color=ｍonologue>(น่าจะมีกล้องอยู่\nด้านหน้า... แต่อยู่ตรงไหนนะ?)</color>
B02-0006	บท 1 พากย์ · speech_list_judge_main_c01	amour_boy (ช)	หืม? คุณเป็นใคร\nมีธุระอะไรเหรอ?
B02-0007	บท 1 พากย์ · speech_list_judge_main_c01	amour_boy (ช) [อีกแทร็ก]	หืม? เฮ้ คุณเป็นใคร\nต้องการอะไร?
B02-0008	บท 1 พากย์ · speech_list_judge_main_c01	yagami (ช)	เอ่อ ผมอยากรู้ว่า\nคุณมีเวลาคุยด้วยสักครู่ไหมครับ
B02-0009	บท 1 พากย์ · speech_list_judge_main_c01	yagami (ช) [อีกแทร็ก]	เอ่อ ผมแค่อยากคุยด้วยน่ะครับ\nมีเวลาสักครู่ไหม?
B02-0010	บท 1 พากย์ · speech_list_judge_main_c01	? (ช)	เรื่องอะไร?
B02-0011	บท 1 พากย์ · speech_list_judge_main_c01	? (ช)	เรื่องวันที่ 3 ธันวาคมครับ
B02-0012	บท 1 พากย์ · speech_list_judge_main_c01	? (ช) [อีกแทร็ก]	เกิดอะไรขึ้นที่นี่\nในวันที่ 3 ธันวาคมครับ?
B02-0013	บท 1 พากย์ · speech_list_judge_main_c01	? (ช)	<color=ｍonologue>(กล้องวงจรปิดตัวนี้ไม่น่าจะถ่าย\nภาพนั้นได้จากตำแหน่งนี้ ต้องดูใกล้ ๆ อีกที)</color>
B02-0014	บท 1 พากย์ · speech_list_judge_main_c01	? (ช) [อีกแทร็ก]	(กล้องวงจรปิดตัวนี้ไม่น่าจะถ่าย\nภาพนั้นได้จากตำแหน่งนี้ ต้องดูใกล้ ๆ อีกที)
B02-0015	บท 1 พากย์ · speech_list_judge_main_c01	amour_boy (ช)	อ๋อ วันนั้นเราหยุดพอดีเลย ถ้าจะมีใครรู้ก็ต้อง\nผู้จัดการเรานี่แหละ แต่กว่าจะเข้ามาก็ดึกแล้วละ
B02-0016	บท 1 พากย์ · speech_list_judge_main_c01	amour_boy (ช) [อีกแทร็ก]	อ๋อ วันนั้นเราหยุด เลยไม่รู้เรื่องเลย\nผู้จัดการเรารู้แน่ ๆ แต่เขามาแค่ตอนกลางคืนน่ะ
B02-0017	บท 1 พากย์ · speech_list_judge_main_c01	yagami (ช)	ผู้จัดการเหรอครับ
B02-0018	บท 1 พากย์ · speech_list_judge_main_c01	? (ช)	คนนี้ใช่ไหม?
B02-0019	บท 1 พากย์ · speech_list_judge_main_c01	? (ช) [อีกแทร็ก]	นี่คือคนนั้นใช่ไหม?
B02-0020	บท 1 พากย์ · speech_list_judge_main_c01	? (ช)	อ๋อ ใช่เลย!
B02-0021	บท 1 พากย์ · speech_list_judge_main_c01	? (ช) [อีกแทร็ก]	อ๋อ ใช่!
B02-0022	บท 1 พากย์ · speech_list_judge_main_c01	? (ช)	เขาชื่ออะไรล่ะ?
B02-0023	บท 1 พากย์ · speech_list_judge_main_c01	? (ช)	อารากากิ
B02-0024	บท 1 พากย์ · speech_list_judge_main_c01	? (ช)	คุณช่วยติดต่อเขาให้ผม\nได้ไหมครับ? ผมอยากคุยด้วยหน่อย
B02-0025	บท 1 พากย์ · speech_list_judge_main_c01	? (ช) [อีกแทร็ก]	คุณโทรหาเขาให้หน่อยได้ไหมครับ? ผมอยากคุยด้วย\nแค่ไม่นานหรอก
B02-0026	บท 1 พากย์ · speech_list_judge_main_c01	? (ช)	ลองดูก็ได้ เดี๋ยวนะ
B02-0027	บท 1 พากย์ · speech_list_judge_main_c01	? (ช) [อีกแทร็ก]	ลองดูก็ได้มั้ง? เดี๋ยวนะ
B02-0028	บท 1 พากย์ · speech_list_judge_main_c01	? (ช)	รู้อยู่แล้วว่าต้องเป็นแบบนี้\nเขาไม่เปิดมือถือตอนกลางวันหรอก
B02-0029	บท 1 พากย์ · speech_list_judge_main_c01	? (ช)	แต่ปกติเขาก็ป้วนเปี้ยนอยู่แถวนี้แหละ
B02-0030	บท 1 พากย์ · speech_list_judge_main_c01	? (ช) [อีกแทร็ก]	แต่ปกติเขาก็ป้วนเปี้ยน\nอยู่แถวนี้แหละ
B02-0031	บท 1 พากย์ · speech_list_judge_main_c01	? (ช)	หมายถึงในคามุโรโจใช่ไหม?
B02-0032	บท 1 พากย์ · speech_list_judge_main_c01	? (ช)	ใช่ ปกติก็แถวนี้
B02-0033	บท 1 พากย์ · speech_list_judge_main_c01	? (ช) [อีกแทร็ก]	ปกติก็แถวนี้
B02-0034	บท 1 พากย์ · speech_list_judge_main_c01	? (ช)	เข้าใจแล้ว ผมจะลองไปดูรอบ ๆ เอง
B02-0035	บท 1 พากย์ · speech_list_judge_main_c01	? (ช)	ถ้าไม่ว่ากันนะ... จะหายังไง\nจะเดินหาทั่วเมืองเลยเหรอ?
B02-0036	บท 1 พากย์ · speech_list_judge_main_c01	? (ช) [อีกแทร็ก]	ถ้าไม่ว่ากันนะ... จะหายังไง\nจะเดินหาทั่วทั้งเมืองเลยเหรอ?
B02-0037	บท 1 พากย์ · speech_list_judge_main_c01	? (ช)	เปล่า ผมมีแผนอยู่แล้ว\nมีคนที่ช่วยผมตามหาเขาได้
B02-0038	บท 1 พากย์ · speech_list_judge_main_c01	? (ช) [อีกแทร็ก]	เปล่า ผมมีแผนหาเขาอยู่แล้ว\nรู้จักคนที่ช่วยได้
B02-0039	บท 1 พากย์ · speech_list_judge_main_c01	? (ช)	แค่มีชื่อกับรูป\nคงไม่ใช่เรื่องยากอะไร
B02-0040	บท 1 พากย์ · speech_list_judge_main_c01	? (ช) [อีกแทร็ก]	แค่มีชื่อกับรูปให้เริ่มต้น\nผมก็เอาอยู่แล้ว
B02-0041	บท 1 พากย์ · speech_list_judge_main_c01	? (ช)	ถ้าว่าอย่างนั้นก็ตามใจ\nโชคดีนะ
B02-0042	บท 1 พากย์ · speech_list_judge_main_c01	? (ช) [อีกแทร็ก]	หืม... ฟังดูเป็นมือฉมังเลยนะ\nโชคดีละกัน
B02-0043	บท 1 พากย์ · speech_list_judge_main_c01	? (ช)	ขอบคุณที่ช่วยนะ
B02-0044	บท 1 พากย์ · speech_list_judge_main_c01	? (ช) [อีกแทร็ก]	ขอบคุณนะ ช่วยได้เยอะเลย
B02-0045	บท 1 พากย์ · speech_list_judge_main_c01	? (ช)	(อ้อ ใช่ น่าจะมีประตูหลังด้วยนะ\nฮามุระบอกว่าออกไปทางนั้น)
B02-0046	บท 1 พากย์ · speech_list_judge_main_c01	yagami (ช)	<color=ｍonologue>(นี่แหละด้านหลังของคลับ)</color>
B02-0047	บท 1 พากย์ · speech_list_judge_main_c01	yagami (ช) [อีกแทร็ก]	(นี่แหละด้านหลังของคลับ)
B02-0048	บท 1 พากย์ · speech_list_judge_main_c01	? (ช)	(กล้องพังแน่ ๆ ไม่มีทางรู้เลย\nว่าใครผ่านเข้ามาทางนี้บ้าง)
B02-0049	บท 1 พากย์ · speech_list_judge_main_c01	? (ช)	<color=ｍonologue>(อ้อ! กล้องวงจรปิดนี่เอง)</color>
B02-0050	บท 1 พากย์ · speech_list_judge_main_c01	? (ช)	<color=ｍonologue>(เดี๋ยวนะ พังเหรอ? ให้ตายสิ)</color>
B02-0051	บท 1 พากย์ · speech_list_judge_main_c01	? (ช)	<color=ｍonologue>(คืนเกิดเหตุ ฮามุระบอกว่าเขากับคุเมะ\nออกจากคลับทางประตูนี้)</color>
B02-0052	บท 1 พากย์ · speech_list_judge_main_c01	? (ช)	<color=ｍonologue>(กล้องตัวนี้น่าจะจับภาพนั้นได้\nถ้ามันยังใช้งานได้อยู่)</color>
B02-0053	บท 1 พากย์ · speech_list_judge_main_c01	? (ช)	<color=ｍonologue>(ส่วนเจ้าของจะอยู่ที่ไหน...\nผมรู้จักคนที่ถามได้พอดี)</color>
B02-0054	บท 1 พากย์ · speech_list_judge_main_c01	? (ช)	<color=ｍonologue>(รู้สึกว่าเขาน่าจะอยู่ที่เดิม อย่างที่เคย\nคือร้านเน็ตมันไต)</color>
B02-0055	บท 1 พากย์ · speech_list_judge_main_c01	yagami (ช)	รู้สึกอยู่แล้วว่าต้องเจอนายที่นี่
B02-0056	บท 1 พากย์ · speech_list_judge_main_c01	tsukumo (ช)	อ้อ ยากามิ มาร่วมบุกดันเจี้ยน\nที่ฉันกำลังจะเริ่มด้วยกันเหรอ?
B02-0057	บท 1 พากย์ · speech_list_judge_main_c01	tsukumo (ช) [อีกแทร็ก]	อ้อ นี่ไม่ใช่ยากามิเหรอเนี่ย งั้น...\nมาเล่นเกมกับฉันเหรอ?
B02-0058	บท 1 พากย์ · speech_list_judge_main_c01	? (ช)	คงไม่สินะ\nมีอะไรให้ช่วยล่ะ?
B02-0059	บท 1 พากย์ · speech_list_judge_main_c01	? (ช) [อีกแทร็ก]	...เอาน่า ถามดูก่อนก็ได้\nมีอะไรเหรอ?
B02-0060	บท 1 พากย์ · speech_list_judge_main_c01	? (ช)	มีเรื่องที่ต้องการคนแบบนายช่วย สึคุโมะ
B02-0061	บท 1 พากย์ · speech_list_judge_main_c01	? (ช) [อีกแทร็ก]	มีเรื่องที่อยากให้นาย\nช่วยหน่อย สึคุโมะ
B02-0062	บท 1 พากย์ · speech_list_judge_main_c01	? (ช)	นี่คือมาโคโตะ สึคุโมะ\nเขาเป็น... เอาเป็นว่าเป็นตัวประหลาดคนนึงแล้วกัน
B02-0063	บท 1 พากย์ · speech_list_judge_main_c01	? (ช) [อีกแทร็ก]	นี่คือมาโคโตะ สึคุโมะ\nชื่อแปลกเหมาะกับคนแปลกดี
B02-0064	บท 1 พากย์ · speech_list_judge_main_c01	? (ช)	สึคุโมะหาเลี้ยงชีพด้วยการ ขุดคุ้ยเรื่องไม่ดี\nบนอินเทอร์เน็ต พูดง่าย ๆ ก็คือสายข่าวยุคใหม่
B02-0065	บท 1 พากย์ · speech_list_judge_main_c01	? (ช) [อีกแทร็ก]	สึคุโมะหาเลี้ยงชีพด้วยการ ขุดคุ้ยเรื่องไม่ดีบน อินเทอร์เน็ต\nพูดง่าย ๆ ก็คือสายข่าวยุคใหม่
B02-0066	บท 1 พากย์ · speech_list_judge_main_c01	? (ช) [อีกแทร็ก]	ตอนเจอกันครั้งแรกเขาเก็บตัวหนักมาก แต่พอผมช่วย\nเรื่องปัญหาครอบครัวให้ ก็เลยสนิทกันมากขึ้น
B02-0067	บท 1 พากย์ · speech_list_judge_main_c01	? (ช) [อีกแทร็ก]	ตอนนี้อย่างน้อยเขาก็ออกจากบ้าน ได้แล้ว แต่สุดท้าย\nก็ยังใช้เวลาทั้งวันอยู่ในร้าน เน็ตแห่งนี้...
B02-0068	บท 1 พากย์ · speech_list_judge_main_c01	? (ช)	เดางานสืบสวนอีกแล้วสิท่า?
B02-0069	บท 1 พากย์ · speech_list_judge_main_c01	? (ช) [อีกแทร็ก]	ขอเดานะ\nงานสืบสวนอีกแล้วใช่ไหม?
B02-0070	บท 1 พากย์ · speech_list_judge_main_c01	? (ช)	คราวนี้เป้าหมายคืออะไร\nแมวหาย? หรือคนหาย?
B02-0071	บท 1 พากย์ · speech_list_judge_main_c01	? (ช) [อีกแทร็ก]	หาแมวหายอีกแล้วเหรอ?\nหรือคราวนี้เป็นคนกันแน่?
B02-0072	บท 1 พากย์ · speech_list_judge_main_c01	? (ช)	ผมกำลังตามหาคนอยู่\nเจ้าของคลับอามูร์ ชื่ออารากากิ
B02-0073	บท 1 พากย์ · speech_list_judge_main_c01	? (ช) [อีกแทร็ก]	ผมพยายามตามหาคนอยู่ เจ้าของคลับอามูร์\nชื่ออารากากิ
B02-0074	บท 1 พากย์ · speech_list_judge_main_c01	? (ช)	เขาน่าจะอยู่แถวนี้แหละ แต่ผมก็\nไม่มีเวลาหาให้ทั่วคามุโรโจเหมือนกัน
B02-0075	บท 1 พากย์ · speech_list_judge_main_c01	? (ช) [อีกแทร็ก]	เขาน่าจะอยู่ในเมืองนี่แหละ แต่ผมก็\nไม่มีเวลาหาให้ทั่วคามุโรโจ
B02-0076	บท 1 พากย์ · speech_list_judge_main_c01	? (ช)	พูดถูกเผง\nหาแบบเดินตะลอนน่ะมันของโบราณไปแล้ว
B02-0077	บท 1 พากย์ · speech_list_judge_main_c01	? (ช) [อีกแทร็ก]	พูดถูกเผง\nหาด้วยเท้าเนี่ยมันเอาต์สุด ๆ
B02-0078	บท 1 พากย์ · speech_list_judge_main_c01	? (ช)	เอ้า ขอดูมือถือนาย\nแป๊บนึงสิ
B02-0079	บท 1 พากย์ · speech_list_judge_main_c01	? (ช) [อีกแทร็ก]	เอ้า ขอดูมือถือนาย\nหน่อยสิ
B02-0080	บท 1 พากย์ · speech_list_judge_main_c01	? (ช)	หวังอยู่แล้วว่านายจะพูดแบบนั้น
B02-0081	บท 1 พากย์ · speech_list_judge_main_c01	? (ช)	มือถือผมเหรอ? เอาไปเลย
B02-0082	บท 1 พากย์ · speech_list_judge_main_c01	? (ช)	อืม? มีอะไรอยู่นี่เนี่ย?
B02-0083	บท 1 พากย์ · speech_list_judge_main_c01	? (ช) [อีกแทร็ก]	โอ้โห โอ้โห โอ้โห
B02-0084	บท 1 พากย์ · speech_list_judge_main_c01	seiya_girl (?)	...ว่าไงนะ?
B02-0085	บท 1 พากย์ · speech_list_judge_main_c01	? (ช)	ยากามิ นายมีแอป Chatter ติดเครื่องอยู่แล้วนี่!
B02-0086	บท 1 พากย์ · speech_list_judge_main_c01	? (?) [อีกแทร็ก]	ยากามิ! นายมีแอป Chatter\nติดเครื่องอยู่แล้ว!
B02-0087	บท 1 พากย์ · speech_list_judge_main_c01	? (ช)	เหรอ? อ้อ\nคงติดมากับเครื่องมั้ง
B02-0088	บท 1 พากย์ · speech_list_judge_main_c01	? (ช) [อีกแทร็ก]	Chatter เหรอ? เอ่อ คงติดมากับเครื่องแหละ
B02-0089	บท 1 พากย์ · speech_list_judge_main_c01	? (ช)	งั้นนายโชคดีแล้ว เพราะพออยู่ในมือฉัน แอปโง่ ๆ นี่\nจะกลายเป็นเครื่องมือตามหาคนที่ ทรงพลังสุด ๆ ไปเลย!
B02-0090	บท 1 พากย์ · speech_list_judge_main_c01	? (ช) [อีกแทร็ก]	งั้นก็แปลว่านายโชคดีแล้วละ พออยู่ในมือฉัน\nแอปธรรมดา ๆ นี่จะกลายเป็นเครื่องมือตามรอย สุดทรงพลัง!
B02-0091	บท 1 พากย์ · speech_list_judge_main_c01	? (ช)	จริงเหรอ? ยังไง?
B02-0092	บท 1 พากย์ · speech_list_judge_main_c01	? (ช)	เดี๋ยวนะ\nกำลังบุกเข้าเซิร์ฟเวอร์พวกนั้นอยู่
B02-0093	บท 1 พากย์ · speech_list_judge_main_c01	? (ช) [อีกแทร็ก]	กำลังแฮ็กเข้าเซิร์ฟเวอร์พวกนั้นอยู่\nเดี๋ยวก่อนนะ...
B02-0094	บท 1 พากย์ · speech_list_judge_main_c01	? (ช)	แล้วก็... เรียบร้อย\nเอ้า ดูนี่สิ
B02-0095	บท 1 พากย์ · speech_list_judge_main_c01	? (ช) [อีกแทร็ก]	น่าจะใช้ได้แล้วละ...\nยากามิ ดูนี่สิ
B02-0096	บท 1 พากย์ · speech_list_judge_main_c01	? (ช) [อีกแทร็ก]	GPS... หมายถึงข้อมูลตำแหน่งเหรอ?
B02-0097	บท 1 พากย์ · speech_list_judge_main_c01	? (ช)	ลองค้นหาอะไรสักอย่าง\nดูสิ ชื่อคนก็ได้นะ?
B02-0098	บท 1 พากย์ · speech_list_judge_main_c01	? (ช) [อีกแทร็ก]	เราต้องมีคำค้นหาสักคำ\nนายมีชื่อจะให้ฉันไหม?
B02-0099	บท 1 พากย์ · speech_list_judge_main_c01	? (ช)	อารากากิไง
B02-0100	บท 1 พากย์ · speech_list_judge_main_c01	? (ช) [อีกแทร็ก]	อือ อารากากิ
B02-0101	บท 1 พากย์ · speech_list_judge_main_c01	? (ช)	โอเค แล้วก็ลองจำกัดช่วงเวลาด้วยเลย\nเอาแค่วันนี้ก็พอ
B02-0102	บท 1 พากย์ · speech_list_judge_main_c01	? (ช) [อีกแทร็ก]	ต่อไปควรจำกัดผลลัพธ์ให้แคบลง\nเอาแค่ในวันนี้ล่ะ?
B02-0103	บท 1 พากย์ · speech_list_judge_main_c01	? (ช) [อีกแทร็ก]	ช่วงเวลาค้นหาเหรอ?
B02-0104	บท 1 พากย์ · speech_list_judge_main_c01	? (ช)	เห็นไหม? แผนที่นั่นจะบอกตำแหน่ง GPS\nของโพสต์ Chatter ที่เกี่ยวข้องทั้งหมด
B02-0105	บท 1 พากย์ · speech_list_judge_main_c01	? (ช) [อีกแทร็ก]	นั่นไง เห็นแผนที่ไหม? มันบอกตำแหน่ง GPS\nของโพสต์ Chatter ที่เกี่ยวข้องทั้งหมดเลย
B02-0106	บท 1 พากย์ · speech_list_judge_main_c01	? (ช)	บอกตรง ๆ นะ ต้องให้สิทธิ์แอดมินตัวเอง\nถึงจะเอามาได้! เฮ้อเฮ้อ!
B02-0107	บท 1 พากย์ · speech_list_judge_main_c01	? (ช) [อีกแทร็ก]	แต่ต้องให้สิทธิ์แอดมินตัวเอง\nกว่าจะได้มานะเนี่ย! เฮ้อเฮ้อ!
B02-0108	บท 1 พากย์ · speech_list_judge_main_c01	? (ช)	โห
B02-0109	บท 1 พากย์ · speech_list_judge_main_c01	? (ช) [อีกแทร็ก]	เดี๋ยวนะ หมายความว่านายแฮ็กเข้าไปเหรอ?
B02-0110	บท 1 พากย์ · speech_list_judge_main_c01	? (ช)	อืมม เจอ 128 รายการ ต้อง\nจำกัดการค้นหาให้แคบลงอีก
B02-0111	บท 1 พากย์ · speech_list_judge_main_c01	? (ช) [อีกแทร็ก]	อืมม เจอประมาณ 128 รายการ... ต้อง\nจำกัดการค้นหาให้แคบลงอีก
B02-0112	บท 1 พากย์ · speech_list_judge_main_c01	? (ช)	แต่ไม่แน่ใจว่าจะใส่คำอะไรเพิ่มดี
B02-0113	บท 1 พากย์ · speech_list_judge_main_c01	? (ช) [อีกแทร็ก]	แต่เราต้องมีคำค้นเพิ่มอีก...
B02-0114	บท 1 พากย์ · speech_list_judge_main_c01	? (ช)	ยากามิ นายบอกชื่อคลับไปแล้วไม่ใช่เหรอ?\nคำฝรั่งเศสแปลก ๆ อะไรสักอย่าง?
B02-0115	บท 1 พากย์ · speech_list_judge_main_c01	? (ช) [อีกแทร็ก]	เอ่อ คำที่เกี่ยวข้องน่าจะช่วยได้นะ\nยากามิ นายบอกชื่อคลับไปแล้วไม่ใช่เหรอ?
B02-0116	บท 1 พากย์ · speech_list_judge_main_c01	? (ช)	อ้อ ใช่ คลับอามูร์
B02-0117	บท 1 พากย์ · speech_list_judge_main_c01	? (ช) [อีกแทร็ก]	คลับอามูร์ ในคามุโรโจ
B02-0118	บท 1 พากย์ · speech_list_judge_main_c01	? (ช)	เยี่ยม ลองด้วยคำว่า "อารากากิ" กับ "คลับอามูร์" ดู
B02-0119	บท 1 พากย์ · speech_list_judge_main_c01	? (ช) [อีกแทร็ก]	งั้น... "อารากากิ" กับ "คลับอามูร์"\nน่าจะช่วยได้
B02-0120	บท 1 พากย์ · speech_list_judge_main_c01	? (ช)	โอ้โห ดูนี่สิ!\nเหลือแค่รายการเดียวแล้ว
B02-0121	บท 1 พากย์ · speech_list_judge_main_c01	? (ช) [อีกแทร็ก]	โอ้โห ดูนี่สิ!\nแคบลงเหลือรายการเดียวแล้ว
B02-0122	บท 1 พากย์ · speech_list_judge_main_c01	? (ช)	งั้นอารากากิเป็นคนโพสต์นี้เหรอ?
B02-0123	บท 1 พากย์ · speech_list_judge_main_c01	? (ช)	เปล่า! แค่คนที่เห็นเขาต่างหาก\nแต่ก็ยังเป็นเบาะแสสำคัญอยู่ดีนะ
B02-0124	บท 1 พากย์ · speech_list_judge_main_c01	? (ช) [อีกแทร็ก]	ไม่ ไม่ใช่! แค่มีคนเห็นเขาเท่านั้นแหละ\nแต่นั่นก็ยังเป็นเบาะแสสำคัญอยู่ดี
B02-0125	บท 1 พากย์ · speech_list_judge_main_c01	? (ช) [อีกแทร็ก]	แล้วจะเอาไปใช้ยังไงล่ะ?
B02-0126	บท 1 พากย์ · speech_list_judge_main_c01	? (ช)	ดูสิ โพสต์นี้เพิ่งลงเมื่อ 10 นาทีก่อนเอง\nแปลว่าคนโพสต์อาจยังอยู่แถวนั้น
B02-0127	บท 1 พากย์ · speech_list_judge_main_c01	? (ช) [อีกแทร็ก]	เห็นเวลาที่โพสต์ไหม? เพิ่งลงมาแค่สิบนาทีก่อนเอง\nแปลว่าคนโพสต์อาจยังอยู่แถวนั้น
B02-0128	บท 1 พากย์ · speech_list_judge_main_c01	? (ช)	ถ้าเป็นฉัน... ฉันจะรีบไปที่นั่นเลย\nลองดูว่าจะรู้ไหมว่าคนที่นาย ตามหาไปทางไหน
B02-0129	บท 1 พากย์ · speech_list_judge_main_c01	? (ช) [อีกแทร็ก]	แบบนี้นายก็ตรงไปที่นั่นได้เลย\nถามว่าอารากากิไปทางไหน แล้วตามรอยต่อ
B02-0130	บท 1 พากย์ · speech_list_judge_main_c01	? (ช)	เยี่ยม ผมจะไปดูตอนนี้เลย
B02-0131	บท 1 พากย์ · speech_list_judge_main_c01	? (ช) [อีกแทร็ก]	จริงเหรอ? เยี่ยม ผมไปดูเลยดีกว่า
B02-0132	บท 1 พากย์ · speech_list_judge_main_c01	? (ช)	ยากามิ ฉันปักหมุดจุดนั้นในแผนที่นายไว้แล้ว\nหวังว่าจะเป็นประโยชน์นะ โชคดีล่ะ
B02-0133	บท 1 พากย์ · speech_list_judge_main_c01	? (ช) [อีกแทร็ก]	ยากามิ เช็กในแอปแผนที่ได้เลย ฉันปักหมุด\nตำแหน่งไว้ให้แล้ว หวังว่าจะเป็นประโยชน์นะ
B02-0134	บท 1 พากย์ · speech_list_judge_main_c01	? (ช)	ขอบใจนะ\nอ้อ แล้วก็ลองออกไปข้างนอกบ้างเถอะ โอเคนะ?
B02-0135	บท 1 พากย์ · speech_list_judge_main_c01	? (ช) [อีกแทร็ก]	เยี่ยม ขอบใจนะ อ้อ แล้วก็ลอง\nออกไปข้างนอกบ้างเถอะ โอเคนะ?
B02-0136	บท 1 พากย์ · speech_list_judge_main_c01	? (ช)	จะให้ฉันทำแบบนั้นทำไมกัน?
B02-0137	บท 1 พากย์ · speech_list_judge_main_c01	? (ช) [อีกแทร็ก]	เฮ้อเฮ้อ! จะให้ฉันออกไปทำไมล่ะ?
B02-0138	บท 1 พากย์ · speech_list_judge_main_c01	yagami (ช)	มีเวลาสักครู่ไหม?
B02-0139	บท 1 พากย์ · speech_list_judge_main_c01	yutter (ช)	ได้สิ พอมีเวลาอยู่บ้าง\nมีอะไรเหรอ?
B02-0140	บท 1 พากย์ · speech_list_judge_main_c01	yutter (ช) [อีกแทร็ก]	หืม? ยากามิซังใช่ไหม? มีอะไรเหรอ?
B02-0141	บท 1 พากย์ · speech_list_judge_main_c01	? (ช)	ผมกำลังหาเจ้าของคลับ\nที่ชื่ออามูร์อยู่ พอจะรู้ไหมว่าเขาอยู่ไหน?
B02-0142	บท 1 พากย์ · speech_list_judge_main_c01	? (ช)	อ๋อ รู้สิ เพิ่งเห็นเขาไปเมื่อกี้\nท่าทางอารมณ์ไม่ค่อยดีเท่าไหร่
B02-0143	บท 1 พากย์ · speech_list_judge_main_c01	? (ช) [อีกแทร็ก]	อันที่จริงเพิ่งเห็นเขาไปเมื่อกี้\nท่าทางอารมณ์ไม่ค่อยดีเท่าไหร่
B02-0144	บท 1 พากย์ · speech_list_judge_main_c01	? (ช)	คงเสียหนักมากจากเครื่อง\nสล็อตปาจิงโกะแน่เลย
B02-0145	บท 1 พากย์ · speech_list_judge_main_c01	? (ช) [อีกแทร็ก]	คงเสียหนักมากจาก\nปาจิงโกะแน่เลย
B02-0146	บท 1 พากย์ · speech_list_judge_main_c01	? (ช)	พอจะรู้ไหมว่าเขาไปทางไหน?
B02-0147	บท 1 พากย์ · speech_list_judge_main_c01	? (ช) [อีกแทร็ก]	แล้วเขาไปทางไหนล่ะ?
B02-0148	บท 1 พากย์ · speech_list_judge_main_c01	? (ช)	ไปทางถนนไทเฮ\nคงไปกินซูชิมั้ง ถ้าให้เดา
B02-0149	บท 1 พากย์ · speech_list_judge_main_c01	? (ช) [อีกแทร็ก]	ไปทางถนนไทเฮ\nคงไปกินซูชินะ ถ้าให้เดา
B02-0150	บท 1 พากย์ · speech_list_judge_main_c01	? (ช)	ซูชิเหรอ? จริงดิ นั่นไม่แพงไปหน่อยเหรอ\nสำหรับคนที่เพิ่งเสียเงินไปเยอะ ๆ
B02-0151	บท 1 พากย์ · speech_list_judge_main_c01	? (ช) [อีกแทร็ก]	หา? ซูชิเหรอ? หลังจากเสียเงินไปกับปาจิงโกะ?\nมื้อนั้นแพงไม่เบาเลยนะ...
B02-0152	บท 1 พากย์ · speech_list_judge_main_c01	? (ช)	นายไม่เข้าใจหรอก พอเสียหนัก ๆ\nก็ต้องกินซูชิให้ตัวเองหายเซ็งสิ
B02-0153	บท 1 พากย์ · speech_list_judge_main_c01	? (ช) [อีกแทร็ก]	นายไม่เข้าใจหรอกน่า! พอเสียหนัก ๆ\nก็ต้องกินซูชิปลอบใจตัวเองสิ
B02-0154	บท 1 พากย์ · speech_list_judge_main_c01	? (ช)	เสียไปแล้วห้าหมื่นเป็นแสน จะเพิ่มอีกหมื่นนึง\nมันก็แค่เศษเสี้ยว
B02-0155	บท 1 พากย์ · speech_list_judge_main_c01	? (ช) [อีกแทร็ก]	ถ้าเสียไปแล้วห้าหมื่นเป็นแสน\nจะเสียเพิ่มอีกหมื่นนึงมันจะ กระทบอะไรนักหนา?
B02-0156	บท 1 พากย์ · speech_list_judge_main_c01	? (ช)	ตอนได้เงินต่างหากที่ทำให้ขี้เหนียว รู้สึกเสียดายถ้าจะเอา\nเงินที่ได้มาไปผลาญกับเรื่องไร้สาระ
B02-0157	บท 1 พากย์ · speech_list_judge_main_c01	? (ช) [อีกแทร็ก]	แล้วพอได้เงินนี่แหละที่ทำให้ ขี้เหนียว\nจะเอาเงินที่ได้ไปผลาญกับกิน ไม่ได้หรอก
B02-0158	บท 1 พากย์ · speech_list_judge_main_c01	? (ช)	หืม ไม่เคยคิดแบบนั้นเลยนะเนี่ย
B02-0159	บท 1 พากย์ · speech_list_judge_main_c01	? (ช) [อีกแทร็ก]	...หืม ถ้านายว่างั้นก็ตามนั้น
B02-0160	บท 1 พากย์ · speech_list_judge_main_c01	? (ช)	เอาเถอะ ขอบใจมากนะ\nผมจะไปที่ร้านซูชิเลย
B02-0161	บท 1 พากย์ · speech_list_judge_main_c01	? (ช) [อีกแทร็ก]	เอาเป็นว่าผมจะไปที่ร้านซูชิบนถนนไทเฮ\nช่วยได้เยอะเลย ขอบใจนะ!
B02-0162	บท 1 พากย์ · speech_list_judge_main_c01	? (ช)	คนที่นายตามหาไปทางถนนไทเฮ\nคงไปกินซูชิหรืออะไรสักอย่าง
B02-0163	บท 1 พากย์ · speech_list_judge_main_c01	? (ช) [อีกแทร็ก]	คนของนายจากอามูร์ไปทางถนนไทเฮ\nคงไปกินซูชิหรืออะไรสักอย่าง
B02-0164	บท 1 พากย์ · speech_list_judge_main_c01	aragaki (ช)	แล้วเจอกันใหม่นะ!
B02-0165	บท 1 พากย์ · speech_list_judge_main_c01	yagami (ช)	คุณอารากากิใช่ไหมครับ? เจ้าของอามูร์?
B02-0166	บท 1 พากย์ · speech_list_judge_main_c01	? (ช)	...แล้วคุณเป็นใคร?
B02-0167	บท 1 พากย์ · speech_list_judge_main_c01	? (ช)	ยากามิจากสำนักงานนักสืบยากามิครับ ผมอยากคุย\nเรื่องที่เกิดขึ้นคืนวันที่ 3 ธันวาคม
B02-0168	บท 1 พากย์ · speech_list_judge_main_c01	? (ช) [อีกแทร็ก]	ยากามิจากสำนักงานนักสืบยากามิครับ\nผมอยากคุยเรื่องคืนวันที่ 3 ธันวาคม
B02-0169	บท 1 พากย์ · speech_list_judge_main_c01	? (ช)	อ๋อ เหรอ?\nขอโทษที นึกไม่ออกเลยนะ
B02-0170	บท 1 พากย์ · speech_list_judge_main_c01	? (ช) [อีกแทร็ก]	หืม จริงเหรอ? เอ่อ นึกไม่ออกเลย\nขอโทษด้วยนะ
B02-0171	บท 1 พากย์ · speech_list_judge_main_c01	? (ช)	ไม่เอาน่า\nคุณกับผมรู้ดีว่าไม่จริง
B02-0172	บท 1 พากย์ · speech_list_judge_main_c01	? (ช) [อีกแทร็ก]	คุณกับผมรู้ดีว่านั่นไม่จริง
B02-0173	บท 1 พากย์ · speech_list_judge_main_c01	? (ช)	ก็จริงน่ะสิ\nผมไม่รู้เรื่องบ้าอะไรเลย
B02-0174	บท 1 พากย์ · speech_list_judge_main_c01	? (ช) [อีกแทร็ก]	จริง ๆ นะ ผมไม่รู้เรื่องบ้าอะไรเลย
B02-0175	บท 1 พากย์ · speech_list_judge_main_c01	? (ช)	งั้นให้ผมช่วยกระตุ้นความจำหน่อยดีไหม?\nผมมีอะไรจะให้คุณดู
B02-0176	บท 1 พากย์ · speech_list_judge_main_c01	? (ช) [อีกแทร็ก]	ผมมีหลักฐานจะให้ดูอยู่นะ\nอาจช่วยกระตุ้นความจำคุณได้บ้าง
B02-0177	บท 1 พากย์ · speech_list_judge_main_c01	? (ช)	<color=ｍonologue>(มีหลักฐานอะไรที่แสดงว่า\nเขาเกี่ยวข้องกับเหตุการณ์นี้บ้างนะ?)</color>
B02-0178	บท 1 พากย์ · speech_list_judge_main_c01	? (ช)	ดูนี่สิ
B02-0179	บท 1 พากย์ · speech_list_judge_main_c01	hoshino (ช) [อีกแทร็ก]	เอานี่สิ
B02-0180	บท 1 พากย์ · speech_list_judge_main_c01	? (ช)	คืนเกิดเหตุ\nคุณออกจากอามูร์ไปกับพวกอันธพาล ตระกูลมัตสึกาเนะพวกนี้
B02-0181	บท 1 พากย์ · speech_list_judge_main_c01	? (ช) [อีกแทร็ก]	คืนเกิดเหตุ คุณออกจากอามูร์\nไปกับพวกอันธพาล ตระกูลมัตสึกาเนะพวกนี้
B02-0182	บท 1 พากย์ · speech_list_judge_main_c01	? (ช)	ปล่อยให้ฮามุระกับคุเมะ\nเหยื่อในคดีนี้ อยู่กันตามลำพัง
B02-0183	บท 1 พากย์ · speech_list_judge_main_c01	? (ช) [อีกแทร็ก]	คุณออกจากที่เกิดเหตุไป ทิ้งให้ฮามุระ\nกับคุเมะ เหยื่อในคดีนี้ อยู่กันตามลำพัง
B02-0184	บท 1 พากย์ · speech_list_judge_main_c01	? (ช)	คุณพัวพันกับเรื่องนี้เต็ม ๆ
B02-0185	บท 1 พากย์ · speech_list_judge_main_c01	? (ช)	เถียงตรรกะนั้นไม่ได้เลยสินะ
B02-0186	บท 1 พากย์ · speech_list_judge_main_c01	? (ช) [อีกแทร็ก]	จริงจังเลยนะเนี่ย...? ก็ได้ โอเค
B02-0187	บท 1 พากย์ · speech_list_judge_main_c01	? (ช)	ไม่ต้องห่วงหรอก\nผมจะไม่ขออะไรเกินเลยไปหรอก
B02-0188	บท 1 พากย์ · speech_list_judge_main_c01	? (ช) [อีกแทร็ก]	ผมจะไม่ขออะไรมากไปกว่านี้หรอก
B02-0189	บท 1 พากย์ · speech_list_judge_main_c01	? (ช)	แค่ขอเวลาคุณสักหน่อย ผมกำลังทำคดีแก้ต่างให้ฮามุระ\nและหวังว่าคุณจะเป็นกุญแจสำคัญ
B02-0190	บท 1 พากย์ · speech_list_judge_main_c01	? (ช) [อีกแทร็ก]	ผมกำลังทำคดีแก้ต่างให้ฮามุระอยู่\nแค่ขอเวลาคุณนิดหน่อยเท่านั้น
B02-0191	บท 1 พากย์ · speech_list_judge_main_c01	? (ช)	อ๋อ เหรอ? ช่างเถอะ คุยก็คุย
B02-0192	บท 1 พากย์ · speech_list_judge_main_c01	? (ช)	อ้อ นี่ตัวที่อยู่ด้านหลังเหรอ?
B02-0193	บท 1 พากย์ · speech_list_judge_main_c01	? (ช) [อีกแทร็ก]	นั่นมัน... อ้อ ตัวที่อยู่ด้านหลังเหรอ?\nที่อามูร์น่ะ?
B02-0194	บท 1 พากย์ · speech_list_judge_main_c01	? (ช)	มีกล้องวงจรปิดไว้ก็ไม่มีประโยชน์อะไร\nถ้ามันใช้งานไม่ได้
B02-0195	บท 1 พากย์ · speech_list_judge_main_c01	? (ช) [อีกแทร็ก]	จะเก็บกล้องวงจรปิดไว้ทำไม\nถ้ามันใช้งานไม่ได้?
B02-0196	บท 1 พากย์ · speech_list_judge_main_c01	? (ช)	ก็ใช่ ผมน่าจะเปลี่ยนตัวใหม่ไปแล้ว...\nแต่ผมไม่รู้ว่ามันพิสูจน์ได้ ยังไงว่าผมเกี่ยวข้อง
B02-0197	บท 1 พากย์ · speech_list_judge_main_c01	? (ช) [อีกแทร็ก]	ก็จริง พูดมีเหตุผล... แต่ผมไม่รู้ว่ามันพิสูจน์\nได้ยังไงว่าผมเกี่ยวข้อง
B02-0198	บท 1 พากย์ · speech_list_judge_main_c01	? (ช)	อ้อ หืม คุณพูดถูกนะ
B02-0199	บท 1 พากย์ · speech_list_judge_main_c01	? (ช)	งั้นแล้วอันนี้ล่ะ?
B02-0200	บท 1 พากย์ · speech_list_judge_main_c01	? (ช)	หืม? อันนี้มันแสดงได้ยังไง\nว่าผมเกี่ยวข้องกับเหตุการณ์นี้?
B02-0201	บท 1 พากย์ · speech_list_judge_main_c01	? (ช) [อีกแทร็ก]	หืม? นี่อะไร? มันแสดงได้ยังไง\nว่าผมเกี่ยวข้องกับเหตุการณ์นี้?
B02-0202	บท 1 พากย์ · speech_list_judge_main_c01	? (ช)	<color=ｍonologue>(เอ่อ... ภาพนี้ไม่ได้แสดงให้เห็น\nเจ้าของอามูร์จริง ๆ นี่นา)</color>
B02-0203	บท 1 พากย์ · speech_list_judge_main_c01	amour_boy (ช)	หืม ไม่คิดว่าจะตามหาเขาเจอจริง ๆ
B02-0204	บท 1 พากย์ · speech_list_judge_main_c01	yagami (ช)	ขอบคุณที่ช่วยนะครับ
B02-0205	บท 1 พากย์ · speech_list_judge_main_c01	? (ช)	เอาล่ะ เกิดอะไรขึ้นช่วง 3 ทุ่ม\nในคืนวันที่ 3 ธันวาคม?
B02-0206	บท 1 พากย์ · speech_list_judge_main_c01	aragaki (ช)	เอ่อ... กัปตันฮามุระพา\nไอ้เด็กกวนคันไซ คุเมะ เข้ามาที่นี่
B02-0207	บท 1 พากย์ · speech_list_judge_main_c01	aragaki (ช) [อีกแทร็ก]	เอ่อ... กัปตันฮามุระแวะมา\nแล้วลากไอ้เด็กกวนคันไซ คุเมะ เข้ามาด้วย
B02-0208	บท 1 พากย์ · speech_list_judge_main_c01	? (ช)	อยู่ ๆ ก็มาแบบนั้น\nทำเอาผมตั้งตัวไม่ทัน
B02-0209	บท 1 พากย์ · speech_list_judge_main_c01	? (ช) [อีกแทร็ก]	อยู่ ๆ ก็มาแบบไม่ทันตั้งตัว\nทำเอาผมงงไปเลย
B02-0210	บท 1 พากย์ · speech_list_judge_main_c01	? (ช)	ตอนนั้นมีลูกค้าคนอื่น\nอยู่ด้วยไหม?
B02-0211	บท 1 พากย์ · speech_list_judge_main_c01	? (ช) [อีกแทร็ก]	ตอนนั้นมีลูกค้า\nอยู่บ้างไหม?
B02-0212	บท 1 พากย์ · speech_list_judge_main_c01	? (ช)	มีอยู่ไม่กี่คน พอฮามุระ\nบุกเข้ามาก็รีบเผ่นหมด ใครจะไม่หนีล่ะ
B02-0213	บท 1 พากย์ · speech_list_judge_main_c01	? (ช) [อีกแทร็ก]	มีแค่สามสี่คนได้ พอยากูซ่า\nบุกเข้ามาปุ๊บ ทุกคนก็เผ่นกันหมด
B02-0214	บท 1 พากย์ · speech_list_judge_main_c01	? (ช)	สุดท้ายผมก็ให้พนักงานผู้หญิง กลับบ้านไปด้วย
B02-0215	บท 1 พากย์ · speech_list_judge_main_c01	? (?)	อือ.
B02-0216	บท 1 พากย์ · speech_list_judge_main_c01	? (ช)	พอทุกคนออกไปหมดแล้ว... พวกมัตสึกาเนะ\nก็รุมซ้อมคุเมะเลย เกือบชั่วโมงได้
B02-0217	บท 1 พากย์ · speech_list_judge_main_c01	? (ช) [อีกแทร็ก]	พอแขกออกไปหมด... พวกมัตสึกาเนะ\nก็รุมซ้อมคุเมะ เกือบชั่วโมงได้
B02-0218	บท 1 พากย์ · speech_list_judge_main_c01	? (ช)	คุณ เอ่อ ไม่ได้ยินเรื่องนี้จากผมนะ
B02-0219	บท 1 พากย์ · speech_list_judge_main_c01	? (ช) [อีกแทร็ก]	แต่... คุณไม่ได้ยินเรื่องนี้\nจากผมนะ โอเคไหม?
B02-0220	บท 1 พากย์ · speech_list_judge_main_c01	? (ช)	ไม่ต้องห่วง ผมไม่พูดหรอก
B02-0221	บท 1 พากย์ · speech_list_judge_main_c01	? (ช)	แล้วพอประมาณสี่ทุ่ม\nก็มีอะไรแปลก ๆ เกิดขึ้น
B02-0222	บท 1 พากย์ · speech_list_judge_main_c01	? (ช) [อีกแทร็ก]	แล้วพอประมาณสี่ทุ่ม\nมีเรื่องแปลก ๆ เกิดขึ้น
B02-0223	บท 1 พากย์ · speech_list_judge_main_c01	? (ช)	ฮามุระไล่ทุกคน\nออกจากคลับหมดเลย รวมถึงผมด้วย
B02-0224	บท 1 พากย์ · speech_list_judge_main_c01	? (ช) [อีกแทร็ก]	ฮามุระไล่ทุกคนออก\nจากคลับหมด รวมถึงผมด้วย
B02-0225	บท 1 พากย์ · speech_list_judge_main_c01	? (ช)	งั้นก็ไม่มีใครรู้แน่ชัด\nว่าเกิดอะไรขึ้นในนี้เลยสิ?
B02-0226	บท 1 พากย์ · speech_list_judge_main_c01	? (ช) [อีกแทร็ก]	นั่นคือสิ่งที่เกิดขึ้นในนี้เหรอ?
B02-0227	บท 1 พากย์ · speech_list_judge_main_c01	? (ช)	ก็ประมาณนั้นแหละ
B02-0228	บท 1 พากย์ · speech_list_judge_main_c01	? (ช)	แล้วคนที่เหลืออยู่ข้างใน\nก็มีแค่ฮามุระกับคุเมะ...
B02-0229	บท 1 พากย์ · speech_list_judge_main_c01	? (ช) [อีกแทร็ก]	คนที่เหลืออยู่ข้างในก็มีแค่\nฮามุระกับคุเมะเท่านั้น
B02-0230	บท 1 พากย์ · speech_list_judge_main_c01	? (ช)	รู้ไหมว่าทำไมฮามุระถึงไล่ทุกคนออก?
B02-0231	บท 1 พากย์ · speech_list_judge_main_c01	? (ช) [อีกแทร็ก]	รู้ไหมว่าทำไมกัปตันฮามุระ\nถึงไล่ทุกคนออกไป?
B02-0232	บท 1 พากย์ · speech_list_judge_main_c01	? (ช)	เขา... เขาบอกว่าคุเมะทำให้นึกถึงเพื่อนเก่า\nอ้างว่าต้องคุยกันสองต่อสองหน่อย
B02-0233	บท 1 พากย์ · speech_list_judge_main_c01	? (ช) [อีกแทร็ก]	เอ่อ... เขาบอกว่าคุเมะทำให้นึกถึงเพื่อนเก่า\nอ้างว่าต้องคุยกันสองต่อสองหน่อย
B02-0234	บท 1 พากย์ · speech_list_judge_main_c01	? (ช)	อย่างน้อยเขาก็พูดแบบนั้นแหละ
B02-0235	บท 1 พากย์ · speech_list_judge_main_c01	? (ช) [อีกแทร็ก]	เขาพูดแบบนั้นแหละ
B02-0236	บท 1 พากย์ · speech_list_judge_main_c01	? (ช)	แล้วไม่มีใครรู้สึกแปลก ๆ บ้างเลยเหรอ?
B02-0237	บท 1 พากย์ · speech_list_judge_main_c01	? (ช) [อีกแทร็ก]	แล้วไม่มีใครรู้สึก\nแปลก ๆ บ้างเลยเหรอ?
B02-0238	บท 1 พากย์ · speech_list_judge_main_c01	? (ช)	โอ้ พวกมัตสึกาเนะ\nก็มีเรื่องจะพูดเยอะแยะเลยละ
B02-0239	บท 1 พากย์ · speech_list_judge_main_c01	? (ช) [อีกแทร็ก]	โอ้ พวกมัตสึกาเนะก็\nมีเรื่องจะพูดเยอะแยะเลยละ
B02-0240	บท 1 พากย์ · speech_list_judge_main_c01	? (ช)	แต่ถ้าเจ้านายบอกให้ออกไป\nก็ต้องรีบไปให้พ้นซะ
B02-0241	บท 1 พากย์ · speech_list_judge_main_c01	? (ช) [อีกแทร็ก]	แต่ถ้าเจ้านายบอกให้ไป\nก็ต้องรีบไสหัวไปเลยว่ะ
B02-0242	บท 1 พากย์ · speech_list_judge_main_c01	? (ช)	ไม่รู้เลยว่าเกิดอะไรขึ้น\nในคลับหลังจากนั้น
B02-0243	บท 1 พากย์ · speech_list_judge_main_c01	? (ช) [อีกแทร็ก]	แล้วหลังจากนั้นล่ะ?\nผมก็ไม่รู้ว่าเกิดอะไรขึ้น
B02-0244	บท 1 พากย์ · speech_list_judge_main_c01	? (ช)	เล่าเรื่องกล้องด้านหลังให้ฟังหน่อยสิ\nตัวที่พังน่ะ
B02-0245	บท 1 พากย์ · speech_list_judge_main_c01	? (ช) [อีกแทร็ก]	เล่าเรื่องกล้องด้านหลังให้ฟังหน่อยสิ\nมันพังใช่ไหม?
B02-0246	บท 1 พากย์ · speech_list_judge_main_c01	? (ช)	อ๋อ เรื่องนั้นเหรอ?
B02-0247	บท 1 พากย์ · speech_list_judge_main_c01	? (ช) [อีกแทร็ก]	หืม? ได้
B02-0248	บท 1 พากย์ · speech_list_judge_main_c01	? (ช)	เป็นแบบนี้มานานหรือยัง?
B02-0249	บท 1 พากย์ · speech_list_judge_main_c01	? (ช) [อีกแทร็ก]	นานแค่ไหนแล้ว?
B02-0250	บท 1 พากย์ · speech_list_judge_main_c01	? (ช)	ประมาณเดือนนึงได้ มีไอ้ขี้เมาที่ไหนไม่รู้\nปาหินใส่ จนมันร้าวไปเลย
B02-0251	บท 1 พากย์ · speech_list_judge_main_c01	? (ช) [อีกแทร็ก]	เดือนนึงได้มั้ง มีไอ้ขี้เมาที่ไหนไม่รู้\nปาหินใส่
B02-0252	บท 1 พากย์ · speech_list_judge_main_c01	? (ช)	จริง ๆ มันก็มีไว้ประดับเฉย ๆ นะ\nไม่เคยใช้งานได้ตั้งแต่แรกอยู่แล้ว
B02-0253	บท 1 พากย์ · speech_list_judge_main_c01	? (ช) [อีกแทร็ก]	แต่มันก็ไม่เคยใช้งานได้\nตั้งแต่แรกอยู่แล้วแหละ
B02-0254	บท 1 พากย์ · speech_list_judge_main_c01	? (ช)	งั้นก็ไม่ค่อยมีประโยชน์กับผม เท่าไหร่สินะ...
B02-0255	บท 1 พากย์ · speech_list_judge_main_c01	? (ช) [อีกแทร็ก]	หืม เอาล่ะ งั้นก็ตามนั้น
B02-0256	บท 1 พากย์ · speech_list_judge_main_c01	? (ช)	ตอนที่ตระกูลมัตสึกาเนะรุมทำร้ายคุเมะ\nคุณนั่งดูเฉย ๆ เลยเหรอ?
B02-0257	บท 1 พากย์ · speech_list_judge_main_c01	? (ช) [อีกแทร็ก]	ตอนที่พวกเขากำลังซ้อมคุเมะ\nคุณทำอะไรอยู่?
B02-0258	บท 1 พากย์ · speech_list_judge_main_c01	? (ช)	หมายความว่าไง?\nแล้วฉันจะทำอะไรได้อีกล่ะ?
B02-0259	บท 1 พากย์ · speech_list_judge_main_c01	? (ช) [อีกแทร็ก]	หมายความว่าไง?\nฉันจะทำอะไรได้ล่ะตอนนั้น?
B02-0260	บท 1 พากย์ · speech_list_judge_main_c01	? (ช)	อย่างแรกก็แจ้งตำรวจสิ\nพวกนั้นก็ไม่ได้ช่วยธุรกิจคุณ ขึ้นมาสักหน่อย
B02-0261	บท 1 พากย์ · speech_list_judge_main_c01	? (ช) [อีกแทร็ก]	อย่างน้อยคุณก็น่าจะแจ้งตำรวจ\nเรื่องพวกเขาได้นะ
B02-0262	บท 1 พากย์ · speech_list_judge_main_c01	? (ช)	ศพในคลับก็ไม่ได้ช่วยธุรกิจคุณ เหมือนกัน
B02-0263	บท 1 พากย์ · speech_list_judge_main_c01	? (ช) [อีกแทร็ก]	มีคนตายในคลับก็คง\nไม่ดีต่อธุรกิจเหมือนกันนะ
B02-0264	บท 1 พากย์ · speech_list_judge_main_c01	? (ช)	ไม่เอาน่า ถ้าฉันทำงั้นพวกนั้นฆ่าฉันแน่
B02-0265	บท 1 พากย์ · speech_list_judge_main_c01	? (ช) [อีกแทร็ก]	ตำรวจเหรอ? พูดเล่นน่า\nตระกูลนั้นฆ่าฉันตายแน่
B02-0266	บท 1 พากย์ · speech_list_judge_main_c01	? (ช)	แล้วก็จริง ๆ ดูแล้วพวกเขาก็ไม่ได้\nทำร้ายเขาหนักขนาดนั้นด้วย
B02-0267	บท 1 พากย์ · speech_list_judge_main_c01	? (ช) [อีกแทร็ก]	อีกอย่าง ฉันก็ไม่คิดว่าพวกเขาจะฆ่าเขาหรอก\nดูแล้วก็ไม่ได้ทำร้ายหนักขนาดนั้น
B02-0268	บท 1 พากย์ · speech_list_judge_main_c01	? (ช)	ถ้าจะว่าไป พวกเขายังปล่อยมือเบา ๆ ให้ด้วยซ้ำ
B02-0269	บท 1 พากย์ · speech_list_judge_main_c01	? (ช) [อีกแทร็ก]	จริง ๆ ก็เหมือนปล่อยมือเบา ๆ ให้เขาแหละ
B02-0270	บท 1 พากย์ · speech_list_judge_main_c01	? (ช)	หมายความว่าไง?
B02-0271	บท 1 พากย์ · speech_list_judge_main_c01	? (ช) [อีกแทร็ก]	หมายความว่ายังไง?
B02-0272	บท 1 พากย์ · speech_list_judge_main_c01	? (ช)	ก็แค่ตบ ๆ ตีเขานิดหน่อยน่ะ\nไม่ได้หนักหนาอะไร
B02-0273	บท 1 พากย์ · speech_list_judge_main_c01	? (ช) [อีกแทร็ก]	แค่ตีเขานิดหน่อยน่ะ\nไม่ได้หนักหนาอะไร
B02-0274	บท 1 พากย์ · speech_list_judge_main_c01	? (ช)	นาน ๆ ทีก็ตีแรงขึ้นหน่อย\nน่าจะให้เลือดออกมั้ง
B02-0275	บท 1 พากย์ · speech_list_judge_main_c01	? (ช) [อีกแทร็ก]	นาน ๆ ทีก็มีเลือดออกบ้าง...\nแต่ก็ยังไม่ถึงกับหนักหนาอะไร
B02-0276	บท 1 พากย์ · speech_list_judge_main_c01	? (ช)	หลังจากเรื่องนั้นตำรวจมาที่นี่ใช่ไหม?
B02-0277	บท 1 พากย์ · speech_list_judge_main_c01	? (ช) [อีกแทร็ก]	ตำรวจมาที่นี่\nหลังจากเรื่องนั้นใช่ไหม?
B02-0278	บท 1 พากย์ · speech_list_judge_main_c01	? (ช)	ใช่ นักสืบคนนึง ชื่อคุโรอิวะ\nได้ยินว่าอยู่ แผนกปราบปรามองค์กรอาชญากรรม
B02-0279	บท 1 พากย์ · speech_list_judge_main_c01	? (ช) [อีกแทร็ก]	ใช่ นักสืบคนนึง\nบอกว่าชื่อคุโรอิวะ
B02-0280	บท 1 พากย์ · speech_list_judge_main_c01	? (ช)	คุณบอกอะไรเขาไปบ้าง?
B02-0281	บท 1 พากย์ · speech_list_judge_main_c01	? (ช)	ก็ไม่เยอะหรอก\nเรื่องเดียวกับที่บอกไปแล้วนี่แหละ
B02-0282	บท 1 พากย์ · speech_list_judge_main_c01	? (ช) [อีกแทร็ก]	ไม่เยอะเท่าไหร่ เรื่องเดียวกับที่\nเล่าให้ฟังไปแล้วนี่แหละ
B02-0283	บท 1 พากย์ · speech_list_judge_main_c01	? (ช)	ทีมพิสูจน์หลักฐานพลิกที่นี่ ทั้งร้านเลย
B02-0284	บท 1 พากย์ · speech_list_judge_main_c01	? (ช)	พยายามหาคราบเลือดของคุเมะ\nรู้ใช่ไหม ใช้น้ำยาลูมินอลนั่นน่ะ
B02-0285	บท 1 พากย์ · speech_list_judge_main_c01	? (ช) [อีกแทร็ก]	พยายามหาคราบเลือดของเหยื่อ\nรู้ใช่ไหม ใช้น้ำยาลูมินอลนั่นน่ะ
B02-0286	บท 1 พากย์ · speech_list_judge_main_c01	? (ช)	ฉันนึกว่าเช็ดออกหมดแล้วก่อน พวกเขาจะมาถึง\nแต่สุดท้ายก็เสียแรงเปล่า...
B02-0287	บท 1 พากย์ · speech_list_judge_main_c01	? (ช) [อีกแทร็ก]	ตอนที่พวกเขามาถึง\nฉันนึกว่าเช็ดออกหมดแล้วซะอีก...
B02-0288	บท 1 พากย์ · speech_list_judge_main_c01	? (ช)	ที่ไหนได้ เลือดมันเช็ดออกยาก\nกว่าที่คิดไว้เยอะเลย
B02-0289	บท 1 พากย์ · speech_list_judge_main_c01	? (ช) [อีกแทร็ก]	แต่ที่ไหนได้ มันเช็ดออกยาก\nกว่าที่คิดไว้มาก
B02-0290	บท 1 พากย์ · speech_list_judge_main_c01	? (ช)	ตอนนี้พวกเขาเลยเชื่อว่า\nฆาตกรรมเกิดขึ้นที่นี่
B02-0291	บท 1 พากย์ · speech_list_judge_main_c01	? (ช) [อีกแทร็ก]	ตอนนี้พวกเขาเชื่อว่าฆาตกรรม\nเกิดขึ้นที่นี่ ฉันก็เถียงไม่ออก
B02-0292	บท 1 พากย์ · speech_list_judge_main_c01	? (ช)	มีเลือดเยอะขนาดนั้นเลยเหรอ?\nหมายถึงก่อนที่คุณจะเช็ดออกน่ะ
B02-0293	บท 1 พากย์ · speech_list_judge_main_c01	? (ช) [อีกแทร็ก]	มีเลือดเยอะไหม?\nหมายถึงก่อนที่คุณจะเช็ดออกน่ะ
B02-0294	บท 1 พากย์ · speech_list_judge_main_c01	? (ช)	เปล่า ไม่เยอะหรอก บอกแล้วไงว่า\nพวกเขาแทบไม่ทำให้คุเมะเลือดออก ด้วยซ้ำ
B02-0295	บท 1 พากย์ · speech_list_judge_main_c01	? (ช) [อีกแทร็ก]	เปล่า ไม่เยอะหรอก\nอย่างที่บอก พวกเขาปล่อยมือให้
B02-0296	บท 1 พากย์ · speech_list_judge_main_c01	? (ช)	งั้นก็แปลว่าเขาไม่ได้ตายที่นี่สินะ
B02-0297	บท 1 พากย์ · speech_list_judge_main_c01	? (ช)	อันนั้นฉันไม่รู้จริง ๆ นะ
B02-0298	บท 1 พากย์ · speech_list_judge_main_c01	? (ช) [อีกแทร็ก]	ใช่ เรื่องนั้นผมบอกคุณได้เองอยู่แล้ว
B02-0299	บท 1 พากย์ · speech_list_judge_main_c01	? (ช)	เอาล่ะ ขอบคุณนะ\nช่วยได้เยอะเลย
B02-0300	บท 1 พากย์ · speech_list_judge_main_c01	? (ช) [อีกแทร็ก]	เอาล่ะ ขอบคุณนะ ช่วยได้เยอะเลย
B02-0301	บท 1 พากย์ · speech_list_judge_main_c01	? (ช)	เรื่องแค่นี้พอหรือยัง?
B02-0302	บท 1 พากย์ · speech_list_judge_main_c01	yagami (ช)	ไคโตะ มีอะไร?
B02-0303	บท 1 พากย์ · speech_list_judge_main_c01	kaito (ช)	เฮ้ย อยู่ไหนวะเนี่ย?
B02-0304	บท 1 พากย์ · speech_list_judge_main_c01	kaito (ช) [อีกแทร็ก]	นี่ไคโตะนะ อยู่ไหนอยู่ตอนนี้?
B02-0305	บท 1 พากย์ · speech_list_judge_main_c01	? (ช)	เพิ่งออกจากคลับชื่ออามูร์มา\nอยู่แถวถนนซุปปอนน่ะ
B02-0306	บท 1 พากย์ · speech_list_judge_main_c01	? (ช)	อามูร์เหรอ?\nนั่นมันร้านของตระกูลมัตสึกาเนะ ไม่ใช่เหรอ?
B02-0307	บท 1 พากย์ · speech_list_judge_main_c01	? (ช) [อีกแทร็ก]	อามูร์เหรอ...? นั่นมันร้านของ\nตระกูลมัตสึกาเนะไม่ใช่เหรอ?
B02-0308	บท 1 พากย์ · speech_list_judge_main_c01	? (ช)	ใช่ ได้ยินว่าฮามุระกับเหยื่ออยู่กัน\nแค่สองคนที่นี่คืนที่เกิดเหตุ
B02-0309	บท 1 พากย์ · speech_list_judge_main_c01	? (ช)	เอาน่า มีอะไรจะให้ผมช่วยเหรอ?
B02-0310	บท 1 พากย์ · speech_list_judge_main_c01	? (ช)	ใช่ แวะมาที่ออฟฟิศ\nหลังจัดการตรงนั้นเสร็จทีนะ
B02-0311	บท 1 พากย์ · speech_list_judge_main_c01	? (ช) [อีกแทร็ก]	ใช่ พอจัดการตรงนั้นเสร็จ\nกลับมาที่ออฟฟิศด้วยนะ
B02-0312	บท 1 พากย์ · speech_list_judge_main_c01	yagami (ช)	เป็นไงบ้าง?
B02-0313	บท 1 พากย์ · speech_list_judge_main_c01	? (ช) [อีกแทร็ก]	มีอะไรผิดปกติหรือเปล่า?
B02-0314	บท 1 พากย์ · speech_list_judge_main_c01	? (ช)	เอ่อ ไม่รีบหรอก\nมาถึงแล้วจะรู้เอง เดี๋ยวเจอกัน
B02-0315	บท 1 พากย์ · speech_list_judge_main_c01	? (ช) [อีกแทร็ก]	ใช่ ไม่รีบหรอก\nมาถึงแล้วจะรู้เอง แล้วเจอกัน
B02-0316	บท 1 พากย์ · speech_list_judge_main_c01	? (ช)	ขอถามความเห็นอาจารย์อีก สักหน่อยได้ไหมครับ?
B02-0317	บท 1 พากย์ · speech_list_judge_main_c01	aragaki (ช)	เชิญเลย ยากามิซัง
B02-0318	บท 1 พากย์ · speech_list_judge_main_c01	aragaki (ช) [อีกแทร็ก]	ยากามิซังเหรอ? ได้สิ มีอะไร?
B02-0319	บท 1 พากย์ · speech_list_judge_main_c01	mafuyu (ญ)	ฉันมาธุระค่ะ\nน่าจะเห็นชัดอยู่แล้วนี่
B02-0320	บท 1 พากย์ · speech_list_judge_main_c01	yagami (ช)	ธุระเหรอ?
B02-0321	บท 1 พากย์ · speech_list_judge_main_c01	? (ญ)	ทางสำนักงานอัยการกำลังฟ้อง ข้อหาฆาตกรรม\nเคียวเฮย์ ฮามุระแห่งตระกูลมัตสึกาเนะ
B02-0322	บท 1 พากย์ · speech_list_judge_main_c01	? (ญ)	คุณเข้าไปเกี่ยวข้องด้วยใช่ไหม ยากามิคุง?
B02-0323	บท 1 พากย์ · speech_list_judge_main_c01	? (ญ) [อีกแทร็ก]	ยากามิคุง คุณก็เข้าไปเกี่ยวข้องกับเรื่อง นี้ด้วยเหรอ?
B02-0324	บท 1 พากย์ · speech_list_judge_main_c01	? (ช)	ข่าวไวจังนะครับเนี่ย
B02-0325	บท 1 พากย์ · speech_list_judge_main_c01	? (ญ)	เรื่องอะไรที่เกิดในสำนักงานเก็นดะ\nไม่มีทางรอดหูรอดตาฉันไปได้หรอก
B02-0326	บท 1 พากย์ · speech_list_judge_main_c01	? (?)	ซาโอริซังนี่เก็บความลับไม่เก่ง เลยสินะ
B02-0327	บท 1 พากย์ · speech_list_judge_main_c01	? (?) [อีกแทร็ก]	คงได้ยินมาจากซาโอริซังสินะ\nเธอเก็บความลับไม่เก่งเลยจริง ๆ
B02-0328	บท 1 พากย์ · speech_list_judge_main_c01	? (ญ)	ไม่ใช่กับฉันนะคะ!\nเรารู้จักกันมานานแล้ว
B02-0329	บท 1 พากย์ · speech_list_judge_main_c01	? (ญ) [อีกแทร็ก]	ไม่ใช่กับฉันหรอกค่ะ\nอาจารย์ก็รู้ว่าเราสนิทกันมานาน
B02-0330	บท 1 พากย์ · speech_list_judge_main_c01	? (ช)	ตั้งแต่เด็ก ๆ เลยใช่ไหม?
B02-0331	บท 1 พากย์ · speech_list_judge_main_c01	? (ช) [อีกแทร็ก]	เรียนมหาลัยเดียวกันด้วยใช่ไหม?
B02-0332	บท 1 พากย์ · speech_list_judge_main_c01	emi (ญ) [อีกแทร็ก]	ใช่
B02-0333	บท 1 พากย์ · speech_list_judge_main_c01	? (ช)	แต่กลับมาเรื่องฮามุระดีกว่าครับ... ฟ้องแล้วเนี่ยนะ?\nเพิ่งจับตัวเขาไปแท้ ๆ
B02-0334	บท 1 พากย์ · speech_list_judge_main_c01	? (ช) [อีกแทร็ก]	งั้นทางนั้นฟ้องฮามุระแล้วเหรอครับ?\nเพิ่งจับตัวเขาไปเองแท้ ๆ
B02-0335	บท 1 พากย์ · speech_list_judge_main_c01	? (ญ)	ได้ยินว่าอัยการจับตาฮามุระมา สักพักแล้ว\nแค่รอจังหวะเหมาะ ๆ เพื่อลงมือ
B02-0336	บท 1 พากย์ · speech_list_judge_main_c01	? (ญ) [อีกแทร็ก]	ได้ยินว่าอัยการจับตาฮามุระอยู่\nรอจังหวะมาตลอด แล้วครั้งนี้ก็ถึงเวลาลงมือ
B02-0337	บท 1 พากย์ · speech_list_judge_main_c01	? (ช)	แล้วอัยการคนนี้คือใครครับ...?
B02-0338	บท 1 พากย์ · speech_list_judge_main_c01	? (ญ)	เพื่อนของคุณไงล่ะ อิซุมิดะ
B02-0339	บท 1 พากย์ · speech_list_judge_main_c01	? (ญ) [อีกแทร็ก]	อัยการอิซุมิดะ
B02-0340	บท 1 พากย์ · speech_list_judge_main_c01	? (ช)	รู้สึกแบบนี้แหละ ต้องเป็นเขาแน่ ๆ
B02-0341	บท 1 พากย์ · speech_list_judge_main_c01	kaito (ช)	ไม่ได้เจอไอ้นั่นตั้งแต่ตอนที่\nศาลตัดสินพ้นผิดเลยใช่ไหม ทาคุ?
B02-0342	บท 1 พากย์ · speech_list_judge_main_c01	kaito (ช) [อีกแทร็ก]	อิซุมิดะเหรอ...? ไม่ได้เจอไอ้นั่นเลย\nตั้งแต่ตอนที่แกชนะคดีใหญ่นั่น ทาคุ
B02-0343	บท 1 พากย์ · speech_list_judge_main_c01	? (?) [อีกแทร็ก]	...ใช่
B02-0344	บท 1 พากย์ · speech_list_judge_main_c01	? (ญ)	เขาคงยังแค้นเรื่องนั้นอยู่มั้ง
B02-0345	บท 1 พากย์ · speech_list_judge_main_c01	? (ญ) [อีกแทร็ก]	เหมือนต้องเจอหน้ากันอีกครั้ง เหมือนเมื่อสามปีก่อนเลยสินะ...
B02-0346	บท 1 พากย์ · speech_list_judge_main_c01	? (ช)	แต่น่าเสียดายที่ชินทานิเป็น คนคุมคดีนี้\nไม่ใช่ผม
B02-0347	บท 1 พากย์ · speech_list_judge_main_c01	? (ช) [อีกแทร็ก]	เปล่า เราไม่ได้ต้องเจอหน้ากันหรอกครับ\nผมไม่ได้จะสู้กับใคร นี่คดีของชินทานิ
B02-0348	บท 1 พากย์ · speech_list_judge_main_c01	? (ญ)	...คุณไม่คิดจะกลับไปเป็นทนาย\nอีกแล้วจริง ๆ เหรอ?
B02-0349	บท 1 พากย์ · speech_list_judge_main_c01	? (ญ) [อีกแทร็ก]	งั้นเรื่องนั้นจริงเหรอ?\nคุณจะไม่กลับไปเป็นทนายอีกแล้ว?
B02-0350	บท 1 พากย์ · speech_list_judge_main_c01	? (ช)	ไม่อยากพูดเรื่องนี้อีกแล้วครับ\nอาจารย์เก็นดะก็เพิ่งถามผมคำถาม เดียวกันนี่แหละ
B02-0351	บท 1 พากย์ · speech_list_judge_main_c01	? (ช) [อีกแทร็ก]	อาจารย์เก็นดะก็เพิ่งถามผมคำถาม เดียวกัน\nผมไม่อยากพูดเรื่องนี้อีกแล้วครับ
B02-0352	บท 1 พากย์ · speech_list_judge_main_c01	? (ช)	ทางอัยการมีงานให้ผมทำบ้างไหมครับ?\nยินดีจะลดราคาให้เลยนะ
B02-0353	บท 1 พากย์ · speech_list_judge_main_c01	? (ช) [อีกแทร็ก]	ทางอัยการมีงานให้ผมทำบ้างไหม?\nลดราคาให้เลยนะ มาฟุยุ
B02-0354	บท 1 พากย์ · speech_list_judge_main_c01	? (ญ)	รู้อะไรไหม ยากามิคุง?
B02-0355	บท 1 พากย์ · speech_list_judge_main_c01	? (ญ) [อีกแทร็ก]	ถ้าจะให้ฉันออกความเห็นนะ...
B02-0356	บท 1 พากย์ · speech_list_judge_main_c01	? (ญ)	งานนักสืบนี่มัน\nไม่เหมาะกับคุณเลยจริง ๆ
B02-0357	บท 1 พากย์ · speech_list_judge_main_c01	? (ญ) [อีกแทร็ก]	ยากามิคุง... งานนักสืบนี่มัน\nไม่เหมาะกับคุณเลยนะ
B02-0358	บท 1 พากย์ · speech_list_judge_main_c01	? (ช)	โทรมาบอกก็ได้ ทำไมต้องมาเองด้วยวะ?
B02-0359	บท 1 พากย์ · speech_list_judge_main_c01	? (ช)	คิดว่าเธอลำบากมาเองเพราะอะไรล่ะ?\nเพราะนายรึเปล่า?
B02-0360	บท 1 พากย์ · speech_list_judge_main_c01	? (ช) [อีกแทร็ก]	อุตส่าห์มาไกลขนาดนี้เลยนะ\nสงสัยจังว่าทำไม
B02-0361	บท 1 พากย์ · speech_list_judge_main_c01	? (ช)	ฟ้าเริ่มมืดแล้ว\nผมไปส่งเธอดีกว่า
B02-0362	บท 1 พากย์ · speech_list_judge_main_c01	? (ช) [อีกแทร็ก]	...เอาน่ะ ฟ้าเริ่มมืดแล้ว\nผมไปส่งเธอดีกว่า
B02-0363	บท 1 พากย์ · speech_list_judge_main_c01	yagami (ช)	เหอะ
B02-0364	บท 1 พากย์ · speech_list_judge_main_c01	yagami (ช)	(เธอไปไหนแล้วนะ?)
B02-0365	บท 1 พากย์ · speech_list_judge_main_c01	? (ช)	(ต้องหามาฟุยุให้เจอ)
B02-0366	บท 1 พากย์ · speech_list_judge_main_c01	izumida (ช)	งั้นคุณกำลังช่วยแก้ต่างให้ ฮามุระอยู่สินะ?
B02-0367	บท 1 พากย์ · speech_list_judge_main_c01	yagami (ช)	เปล่าครับ ชินทานิเป็นคนดูแลเรื่องนั้น\nผมแค่หาหลักฐานให้
B02-0368	บท 1 พากย์ · speech_list_judge_main_c01	? (ช)	ดูท่าจะไม่ต้องให้ใครไปส่งแล้วนี่นา\nมาฟุยุ แล้วเจอกัน
B02-0369	บท 1 พากย์ · speech_list_judge_main_c01	? (ช) [อีกแทร็ก]	...ดูท่าจะไม่ต้องไปส่งแล้วนี่นา\nแล้วเจอกัน
B02-0370	บท 1 พากย์ · speech_list_judge_main_c01	? (ช)	อ๋อ จริงด้วย เกือบลืมไปเลย\nคุณไม่ได้เป็นทนายแล้วนี่นา
B02-0371	บท 1 พากย์ · speech_list_judge_main_c01	? (ช) [อีกแทร็ก]	อ้อ นั่นสิ คุณไม่ได้\nเป็นทนายแล้วนี่นา
B02-0372	บท 1 พากย์ · speech_list_judge_main_c01	? (ช)	ทั้งที่เคยชนะคดีเด็ดๆ นั่นแท้ ๆ\nน่าเสียดายจริง
B02-0373	บท 1 พากย์ · speech_list_judge_main_c01	? (ช) [อีกแทร็ก]	ทั้งที่เคยชนะคดีเด็ดๆ นั่นแท้ ๆ\nน่าอายจริงนะ
B02-0374	บท 1 พากย์ · speech_list_judge_main_c01	? (ช)	ผมชนะได้ก็เพราะคู่ต่อสู้ เป็นคุณนี่แหละ
B02-0375	บท 1 พากย์ · speech_list_judge_main_c01	? (ช) [อีกแทร็ก]	มันก็ไม่ได้ยิ่งใหญ่อะไรหรอกครับ\nผมชนะได้ก็เพราะคู่ต่อสู้เป็นคุณ
B02-0376	บท 1 พากย์ · speech_list_judge_main_c01	? (ช)	หุบปากไปเลย
B02-0377	บท 1 พากย์ · speech_list_judge_main_c01	? (ช)	ถ้าไม่ใช่เพราะตรรกะเหลวไหลของคุณ\nฆาตกรคนนั้นคงติดคุกไปแล้ว มีเด็กสาวบริสุทธิ์ต้องตายเพราะคุณ!
B02-0378	บท 1 พากย์ · speech_list_judge_main_c01	? (ช) [อีกแทร็ก]	ตรรกะเหลวไหลของคุณปล่อยฆาตกร ออกมาลอยนวล\nมีเด็กสาวบริสุทธิ์ต้องตายเพราะคุณ!
B02-0379	บท 1 พากย์ · speech_list_judge_main_c01	? (ช)	งั้นบอกมาสิว่าคำแก้ต่างของผม\n"เหลวไหล" ตรงไหน พูดมาเลย
B02-0380	บท 1 พากย์ · speech_list_judge_main_c01	? (ช) [อีกแทร็ก]	หืม? มัน "เหลวไหล" ตรงไหนล่ะ?\nแถลงเปิดคดีให้ฟังหน่อยสิ ท่านอัยการ
B02-0381	บท 1 พากย์ · speech_list_judge_main_c01	? (ช)	ทุกอย่างเลยไง!
B02-0382	บท 1 พากย์ · speech_list_judge_main_c01	morita (ช)	พอได้แล้ว อิซุมิดะ
B02-0383	บท 1 พากย์ · speech_list_judge_main_c01	mafuyu (ญ)	ไม่เป็นไรแล้วค่ะ อิซุมิดะซัง
B02-0384	บท 1 พากย์ · speech_list_judge_main_c01	mafuyu (ญ) [อีกแทร็ก]	พอเถอะค่ะ อิซุมิดะซัง
B02-0385	บท 1 พากย์ · speech_list_judge_main_c01	? (ญ)	ขอบใจนะที่ยังเป็นห่วง ยากามิคุง
B02-0386	บท 1 พากย์ · speech_list_judge_main_c01	? (ญ) [อีกแทร็ก]	ขอบใจนะที่ยังเป็นห่วง
B02-0387	บท 1 พากย์ · speech_list_judge_main_c01	? (ช)	ลาก่อน
B02-0388	บท 1 พากย์ · speech_list_judge_main_c01	? (?) [อีกแทร็ก]	ขอตัวก่อนนะ
B02-0389	บท 1 พากย์ · speech_list_judge_main_c01	kaito (ช)	โห ไอ้ลุงคนนั้นออร่าแรงว่ะ\nถ้าฉันเป็นผู้หญิงคงหลงไปแล้ว
B02-0390	บท 1 พากย์ · speech_list_judge_main_c01	kaito (ช) [อีกแทร็ก]	ไอ้จิ้งจอกเฒ่านั่นใครวะ มีสไตล์ชะมัด\nถ้าฉันเป็นผู้หญิงคงหลงไปแล้ว
B02-0391	บท 1 พากย์ · speech_list_judge_main_c01	? (ช)	อย่าเพิ่งเถอะน่า ไคโตะซัง
B02-0392	บท 1 พากย์ · speech_list_judge_main_c01	yagami (ช) [อีกแทร็ก]	เลิกพูดได้ไหมเนี่ย?
B02-0393	บท 1 พากย์ · speech_list_judge_main_c01	? (ช)	โทษที โทษที
B02-0394	บท 1 พากย์ · speech_list_judge_main_c01	? (ช) [อีกแทร็ก]	...อ้อ ใช่สิ ช่างเถอะ
B02-0395	บท 1 พากย์ · speech_list_judge_main_c01	? (ช)	เอาล่ะ แล้วเราจะทำยังไงกันดี\nเรื่องคดีนี้น่ะ?
B02-0396	บท 1 พากย์ · speech_list_judge_main_c01	? (ช)	มาฟุยุบอกว่าทางนั้น\nฟ้องไปแล้วด้วย
B02-0397	บท 1 พากย์ · speech_list_judge_main_c01	? (ช)	เราน่าจะไปที่สำนักงานเก็นดะกัน ไปบอกชินทานิ\nว่าเกิดอะไรขึ้น อยากให้ไคโตะไปด้วยนะ
B02-0398	บท 1 พากย์ · speech_list_judge_main_c01	? (ช) [อีกแทร็ก]	ผมน่าจะไปที่สำนักงานเก็นดะ ไปบอกชินทานิ\nว่าเกิดอะไรขึ้น ไคโตะซัง ไปด้วยกันนะ
B02-0399	บท 1 พากย์ · speech_list_judge_main_c01	? (ช)	รู้แล้ว\nเจอกันที่นั่นนะ
B02-0400	บท 1 พากย์ · speech_list_judge_main_c01	? (ช) [อีกแทร็ก]	รู้แล้ว งั้นไปก่อนเลยนะ
B02-0401	บท 1 พากย์ · speech_list_judge_main_c01	? (ช)	มีอะไรอีกล่ะ?
B02-0402	บท 1 พากย์ · speech_list_judge_main_c01	? (?) [อีกแทร็ก]	หา? ทำไมล่ะ?
B02-0403	บท 1 พากย์ · speech_list_judge_main_c01	? (ช)	นี่ ใจเย็น ๆ ก่อนสิ\nนับหนึ่งถึงสิบดูก่อนก็ได้
B02-0404	บท 1 พากย์ · speech_list_judge_main_c01	? (ช) [อีกแทร็ก]	นี่ ใจเย็น ๆ ก่อนนะ\nพยายามใจเย็นหน่อย
B02-0405	บท 1 พากย์ · speech_list_judge_main_c01	? (ช)	จะให้ใจเย็นก็ได้...
B02-0406	บท 1 พากย์ · speech_list_judge_main_c01	? (ช) [อีกแทร็ก]	ฉันไม่ได้ขอให้ใครมาสอนซะหน่อย
B02-0407	บท 1 พากย์ · speech_list_judge_main_c01	hoshino (ช)	นี่จ้ะ รับไปเลย
B02-0408	บท 1 พากย์ · speech_list_judge_main_c01	shintani (ช)	นี่ ยากามิ คิดยังไงถึงส่งไคโตะ\nมาคนเดียวเนี่ย มันทำตัวเหมือนเจ้าของที่นี่เลยนะ
B02-0409	บท 1 พากย์ · speech_list_judge_main_c01	shintani (ช) [อีกแทร็ก]	นี่ ยากามิ! คิดยังไงถึงส่งไคโตะมา\nคนเดียวเนี่ย มันทำตัวเหมือนเจ้าของที่นี่เลยนะ
B02-0410	บท 1 พากย์ · speech_list_judge_main_c01	yagami (ช)	ฮ่า ราชาไคโตะจงเจริญ!
B02-0411	บท 1 พากย์ · speech_list_judge_main_c01	yagami (ช) [อีกแทร็ก]	อือ ไม่เคยสังเกตเลยแฮะ
B02-0412	บท 1 พากย์ · speech_list_judge_main_c01	? (ช)	นั่งลงซะทีเถอะน่า
B02-0413	บท 1 พากย์ · speech_list_judge_main_c01	? (ช) [อีกแทร็ก]	โธ่เอ๊ย... นั่งลงเถอะน่า
B02-0414	บท 1 พากย์ · speech_list_judge_main_c01	shintani (ช)	เอาล่ะ ในที่สุดเราก็ได้รายละเอียดจาก ตำรวจมาแล้ว
B02-0415	บท 1 พากย์ · speech_list_judge_main_c01	shintani (ช) [อีกแทร็ก]	เอาล่ะ ในที่สุดเราก็ได้\nรายละเอียดจากตำรวจมาแล้ว
B02-0416	บท 1 พากย์ · speech_list_judge_main_c01	? (ช)	รายละเอียดคดีฆาตกรรม ผลตรวจพิสูจน์หลักฐาน...\nรวมถึง "หลักฐาน" ที่พวกเขาใช้ยืนยันว่า ฮามุระเป็นคนก่อเหตุด้วย
B02-0417	บท 1 พากย์ · speech_list_judge_main_c01	? (ช) [อีกแทร็ก]	รายละเอียดคดีฆาตกรรม ผลตรวจพิสูจน์หลักฐาน...\nที่เด็ดสุดคือ "หลักฐาน" ที่ยืนยันว่าฮามุระเป็นคนก่อเหตุ
B02-0418	บท 1 พากย์ · speech_list_judge_main_c01	yagami (ช)	เยอะเลยนะเนี่ย
B02-0419	บท 1 พากย์ · speech_list_judge_main_c01	yagami (ช) [อีกแทร็ก]	ของดีนี่
B02-0420	บท 1 พากย์ · speech_list_judge_main_c01	kaito (ช)	ขอดูหน่อยสิ
B02-0421	บท 1 พากย์ · speech_list_judge_main_c01	kaito (ช) [อีกแทร็ก]	ขอดูหน่อย
B02-0422	บท 1 พากย์ · speech_list_judge_main_c01	? (ช)	แต่ก่อนอื่น...
B02-0423	บท 1 พากย์ · speech_list_judge_main_c01	? (ช)	อย่าลืมบทบาทของตัวเองในเรื่องนี้ล่ะ\nโดยเฉพาะยากามิ
B02-0424	บท 1 พากย์ · speech_list_judge_main_c01	? (ช) [อีกแทร็ก]	อย่าลืมบทบาทของตัวเองในเรื่องนี้ล่ะ\nโดยเฉพาะยากามิ
B02-0425	บท 1 พากย์ · speech_list_judge_main_c01	? (ช)	สุดท้ายแล้วยากามิก็แค่คนรับจ้างคนนึง คนที่ตัดสิน\nว่าการสืบสวนนี้จะเดินไปทางไหน... คือผม เข้าใจไหม?
B02-0426	บท 1 พากย์ · speech_list_judge_main_c01	? (ช) [อีกแทร็ก]	สุดท้ายแล้วยากามิก็แค่คนอิสระ ที่รับจ้างมา\nคนที่คุมการสืบสวนนี้จริง ๆ คือผม เข้าใจไหม?
B02-0427	บท 1 พากย์ · speech_list_judge_main_c01	? (ช)	รับทราบครับ\nงานนี้ท่านคุมเอง
B02-0428	บท 1 พากย์ · speech_list_judge_main_c01	? (ช) [อีกแทร็ก]	ครับ รับทราบ ท่านคือคนคุมเกมนี้
B02-0429	บท 1 พากย์ · speech_list_judge_main_c01	? (ช)	เอาล่ะ ดูเอกสารพวกนั้นกันดีกว่า\nว่าไหม อาจารย์ชินทานิ?
B02-0430	บท 1 พากย์ · speech_list_judge_main_c01	? (ช) [อีกแทร็ก]	เอาล่ะ ดูเอกสารพวกนั้นกันดีกว่า...\n ว่าไหม <font_kind=yakuza_italic>อาจารย์</font_kind>ชินทานิ?
B02-0431	บท 1 พากย์ · speech_list_judge_main_c01	? (ช)	อย่างนี้สิ\nอย่างแรกคือที่เกิดเหตุ
B02-0432	บท 1 พากย์ · speech_list_judge_main_c01	? (ช) [อีกแทร็ก]	อย่างนี้สิ\nเอาล่ะ อย่างแรกคือที่เกิดเหตุ
B02-0433	บท 1 พากย์ · speech_list_judge_main_c01	genda (ช)	เพิ่งได้รับสายจากมาฟุยุคุงมา
B02-0434	บท 1 พากย์ · speech_list_judge_main_c01	genda (ช) [อีกแทร็ก]	มาฟุยุคุงเพิ่งโทรมาหาผม
B02-0435	บท 1 พากย์ · speech_list_judge_main_c01	? (ช)	ท่าทางฝ่ายนั้นจะเอาจริงกับคดีนี้\nยากามิกับชินทานิเตรียมตัวให้ดีล่ะ
B02-0436	บท 1 พากย์ · speech_list_judge_main_c01	? (ช) [อีกแทร็ก]	ท่าทางฝ่ายนั้นจะเอาจริงกับคดีนี้\nยากามิกับชินทานิเตรียมตัวให้ดีล่ะ
B02-0437	บท 1 พากย์ · speech_list_judge_main_c01	shintani (ช)	ราวตีหกเช้าวันที่ 4 ธันวาคม ตำรวจได้รับแจ้ง\nพบศพในตรอกหลังคลับอามูร์
B02-0438	บท 1 พากย์ · speech_list_judge_main_c01	shintani (ช) [อีกแทร็ก]	ราวตีหกเช้าวันที่ 4 ธันวาคม\nมีคนแจ้งพบศพในตรอกหลังคลับอามูร์
B02-0439	บท 1 พากย์ · speech_list_judge_main_c01	? (ช)	เจ้าหน้าที่ที่รีบไปยังที่เกิดเหตุ\nยืนยันว่าเป็นศพทันทีที่ไปถึง
B02-0440	บท 1 พากย์ · speech_list_judge_main_c01	? (ช) [อีกแทร็ก]	เจ้าหน้าที่ที่รีบไปยัง ที่เกิดเหตุที่อามูร์\nยืนยันว่าเป็นศพทันทีที่ไปถึง
B02-0441	บท 1 พากย์ · speech_list_judge_main_c01	? (ช)	เหยื่อเป็นนักเลงจากคันไซ ลูกไล่ตัวเล็ก ๆ\nของตระกูลเคียวเรอิ ชื่อโทชิโร คุเมะ
B02-0442	บท 1 พากย์ · speech_list_judge_main_c01	? (ช) [อีกแทร็ก]	เหยื่อเป็นนักเลงจากคันไซของ ตระกูลเคียวเรอิ\nชื่อโทชิโร คุเมะ แค่ลูกไล่ตัวเล็ก ๆ ในตระกูล
B02-0443	บท 1 พากย์ · speech_list_judge_main_c01	? (ช)	ศพมีรอยฟกช้ำอยู่บ้าง แต่สาเหตุการตายค่อนข้าง\nชัดเจน มีแผลแทงทะลุสองแผลตรงดวงตา
B02-0444	บท 1 พากย์ · speech_list_judge_main_c01	? (ช) [อีกแทร็ก]	ศพมีรอยฟกช้ำให้เห็นอยู่บ้าง แต่สาเหตุการตาย\nที่แท้จริง... คือแผลแทงทะลุสองแผลตรงดวงตา
B02-0445	บท 1 พากย์ · speech_list_judge_main_c01	? (ช)	ตำรวจคิดว่าฆาตกรใช้อะไรบางอย่าง\nคล้ายเหล็กเจาะน้ำแข็ง แทงทะลุเข้าไปถึงสมอง
B02-0446	บท 1 พากย์ · speech_list_judge_main_c01	? (ช) [อีกแทร็ก]	แรงกระแทกและความลึกของแผลบ่งชี้\nว่าใช้ของแบบเหล็กเจาะน้ำแข็งก่อเหตุ
B02-0447	บท 1 พากย์ · speech_list_judge_main_c01	yagami (ช)	แค่คิดตาก็เจ็บแล้วเว้ย
B02-0448	บท 1 พากย์ · speech_list_judge_main_c01	yagami (ช) [อีกแทร็ก]	...แค่คิดตาก็เจ็บแล้วเว้ย
B02-0449	บท 1 พากย์ · speech_list_judge_main_c01	? (ช)	จะบอกให้
B02-0450	บท 1 พากย์ · speech_list_judge_main_c01	? (ช)	สาเหตุการตายคือสมองได้รับ บาดเจ็บสาหัส\nทะลุผ่านเบ้าตาโดยตรง อาวุธต้องเป็นของยาวปลายแหลม อย่างเหล็กเจาะน้ำแข็ง
B02-0451	บท 1 พากย์ · speech_list_judge_main_c01	? (ช) [อีกแทร็ก]	สาเหตุการตายคือสมองได้รับ บาดเจ็บสาหัสทะลุผ่านเบ้าตา\nอาวุธต้องเป็นของยาวปลายแหลม อย่างเหล็กเจาะน้ำแข็ง
B02-0452	บท 1 พากย์ · speech_list_judge_main_c01	? (ช)	ดูเหมือนอาวุธสังหารจะแทงทะลุ ดวงตาของคุเมะ\nแล้วฉีกลูกตาออกมาตอนที่ฆาตกร ดึงมันกลับ
B02-0453	บท 1 พากย์ · speech_list_judge_main_c01	? (ช)	ก็คงคิดได้ไม่ยากว่าตระกูลโทโจ ต้องการทำ\nให้เห็นเป็นตัวอย่าง ข่มขู่ตระกูลเคียวเรอินั่นแหละ
B02-0454	บท 1 พากย์ · speech_list_judge_main_c01	? (ช) [อีกแทร็ก]	คงคิดได้ไม่ยากว่าตระกูลโทโจ อยากขู่ให้เคียวเรอิกลัว\nจนต้องถอนตัวออกจากคามุโรโจ
B02-0455	บท 1 พากย์ · speech_list_judge_main_c01	? (ช)	งั้นต่อให้ไม่ใช่ฝีมือฮามุระ\nก็มีสิทธิ์สูงมากที่จะเป็นฝีมือ ใครสักคนจากตระกูลโทโจ
B02-0456	บท 1 พากย์ · speech_list_judge_main_c01	? (ช) [อีกแทร็ก]	งั้นต่อให้ฮามุระไม่ใช่ฆาตกรตัวจริง\nก็มีสิทธิ์สูงมากที่จะเป็น<font_kind=yakuza_italic>ใครสักคน</font_kind> จากตระกูลโทโจ
B02-0457	บท 1 พากย์ · speech_list_judge_main_c01	? (ช)	แล้วถ้าเราหาตัวคนนั้นเจอ\nฮามุระก็จะพ้นผิดไปเลย
B02-0458	บท 1 พากย์ · speech_list_judge_main_c01	? (ช)	อะไรนะ ให้ไปหาฆาตกรตัวจริงเหรอ?\nมันเกินไปหน่อยนะ
B02-0459	บท 1 พากย์ · speech_list_judge_main_c01	? (ช) [อีกแทร็ก]	อะไรนะ ให้ไปหาฆาตกรตัวจริงเหรอ?\nไม่ต้องทำถึงขนาดนั้นหรอกน่า
B02-0460	บท 1 พากย์ · speech_list_judge_main_c01	? (ช)	อันดับแรกคือพิสูจน์พยานที่อยู่ ของเขาให้ได้\nแค่นั้นเราก็รอดแล้ว
B02-0461	บท 1 พากย์ · speech_list_judge_main_c01	? (ช) [อีกแทร็ก]	อันดับแรกคือพิสูจน์พยานที่อยู่ ของเขาให้ได้\nแค่นั้นทุกคนก็รอดแล้ว
B02-0462	บท 1 พากย์ · speech_list_judge_main_c01	? (ช)	พวกเขาควักลูกตาเขาออกเพื่อทำให้เป็น\nตัวอย่างจริง ๆ หรือมีเหตุผลอื่น...?
B02-0463	บท 1 พากย์ · speech_list_judge_main_c01	? (ช) [อีกแทร็ก]	พวกเขาควักลูกตาเขาออกเพื่อ ทำให้เป็นตัวอย่างเหรอ?\nหรือมีเหตุผลอื่น...?
B02-0464	บท 1 พากย์ · speech_list_judge_main_c01	? (ช)	คืนเกิดเหตุ พนักงานจากร้านอื่น\nเอาขยะมาทิ้งในตรอกนี้ ราวตีสอง
B02-0465	บท 1 พากย์ · speech_list_judge_main_c01	? (ช) [อีกแทร็ก]	คืนเกิดเหตุ พนักงานจากร้านอื่น\nเอาขยะมาทิ้งแถวนี้ราวตีสอง
B02-0466	บท 1 พากย์ · speech_list_judge_main_c01	? (ช)	แต่ไม่เห็นอะไร\nผิดปกติเลย
B02-0467	บท 1 พากย์ · speech_list_judge_main_c01	? (ช)	พูดง่าย ๆ คือคุเมะถูกทิ้งศพไว้ที่นี่\nช่วงระหว่างตีสองถึงตีหก ตอนที่พบศพ
B02-0468	บท 1 พากย์ · speech_list_judge_main_c01	? (ช) [อีกแทร็ก]	พูดง่าย ๆ คือคุเมะถูกทิ้งศพไว้ที่นี่ช่วง...\nตีสองถึงตีหก ตอนที่พบศพ
B02-0469	บท 1 พากย์ · speech_list_judge_main_c01	? (ช)	ตอนตีสองที่มีคนจากร้านอื่นเอา ขยะมาทิ้ง\nยังไม่มีศพอยู่ตรงนี้
B02-0470	บท 1 พากย์ · speech_list_judge_main_c01	? (ช) [อีกแทร็ก]	ตอนตีสองที่มีคนจากร้านอื่น\nเอาขยะมาทิ้ง ยังไม่มีศพอยู่ตรงนี้
B02-0471	บท 1 พากย์ · speech_list_judge_main_c01	? (ช)	ก็ต้องถูกทิ้งไว้หลังจากนั้น\nแต่ก่อนตีหกที่มีคนพบศพ
B02-0472	บท 1 พากย์ · speech_list_judge_main_c01	? (ช)	แทบไม่มีเลือดเลย\nอยู่รอบ ๆ ศพ
B02-0473	บท 1 พากย์ · speech_list_judge_main_c01	? (ช) [อีกแทร็ก]	เท่าที่ทีมสืบสวนตรวจพบ\nแทบไม่มีเลือดอยู่รอบ ๆ ศพเลย
B02-0474	บท 1 พากย์ · speech_list_judge_main_c01	? (ช)	แปลว่าคุเมะไม่ได้ถูกฆ่าในตรอกนั้น
B02-0475	บท 1 พากย์ · speech_list_judge_main_c01	? (ช) [อีกแทร็ก]	ซึ่งแปลว่า... ไม่ว่าเขาจะตายที่ไหน\nก็คงไม่ใช่ในตรอกนั้น
B02-0476	บท 1 พากย์ · speech_list_judge_main_c01	? (ช)	ถ้าให้เดา\nผมว่าเขาตายในคลับอามูร์นั่นแหละ
B02-0477	บท 1 พากย์ · speech_list_judge_main_c01	? (ช) [อีกแทร็ก]	ผมว่าเขาตายในคลับอามูร์นั่นแหละ
B02-0478	บท 1 พากย์ · speech_list_judge_main_c01	? (ช)	ไม่มีเลือดสักหยด\nอยู่ใกล้ ๆ ศพเลย
B02-0479	บท 1 พากย์ · speech_list_judge_main_c01	? (ช)	มีความเป็นไปได้สูงมากที่คุเมะ\nจะถูกฆ่าที่อื่น
B02-0480	บท 1 พากย์ · speech_list_judge_main_c01	? (ช) [อีกแทร็ก]	นั่นบอกเราได้อย่างนึง คือมีความเป็นไปได้สูงมาก\nที่คุเมะจะถูกฆ่าที่อื่น
B02-0481	บท 1 พากย์ · speech_list_judge_main_c01	? (ช)	ในกระเป๋าของคุเมะไม่พบอะไรเลย\nไม่มีกระเป๋าเงิน ไม่มีมือถือ ไม่มีอะไรทั้งนั้น
B02-0482	บท 1 พากย์ · speech_list_judge_main_c01	? (ช)	เดาว่าฆาตกรต้องทุบมือถือทิ้งแหง ๆ ตำรวจลอง\nใช้ระบบ "ค้นหามือถือ" แล้วแต่ก็หาไม่เจอ
B02-0483	บท 1 พากย์ · speech_list_judge_main_c01	? (ช) [อีกแทร็ก]	เดาว่าฆาตกรต้องทุบมือถือทิ้งแหง ๆ\nตำรวจลองหาตำแหน่ง GPS แล้วแต่ก็ไม่เจอ
B02-0484	บท 1 พากย์ · speech_list_judge_main_c01	? (ช)	อย่างน้อยฆาตกรก็พยายามลบ ร่องรอยตัวเองเหมือนกันนะ
B02-0485	บท 1 พากย์ · speech_list_judge_main_c01	? (ช) [อีกแทร็ก]	ก็ไม่ได้บอกว่าฆาตกรทำงานเนียนหรอกนะ\nแต่เขา<font_kind=yakuza_italic>พยายาม</font_kind>ลบร่องรอยตัวเองอยู่
B02-0486	บท 1 พากย์ · speech_list_judge_main_c01	? (ช)	ไม่รู้เลยว่าตอนนี้มือถือกับ กระเป๋าเงินของคุเมะ\nอยู่ไหน แต่ที่แน่ ๆ คือไม่ได้อยู่ที่ศพ
B02-0487	บท 1 พากย์ · speech_list_judge_main_c01	? (ช)	(ต้องหาสาเหตุการตายให้ได้ก่อน\nยังไงก็ต้องเป็นเรื่องนี้แหละ...)
B02-0488	บท 1 พากย์ · speech_list_judge_main_c01	? (ช)	(สาเหตุการตายคือสมองได้รับ บาดเจ็บสาหัส ทะลุผ่านเบ้าตาโดยตรง\nอาวุธต้องเป็นของยาวปลายแหลม อย่างเหล็กเจาะน้ำแข็ง)
B02-0489	บท 1 พากย์ · speech_list_judge_main_c01	? (ช)	(พวกเขาควักลูกตาเขาออกเพื่อทำให้เป็น\nตัวอย่างจริง ๆ หรือมีเหตุผลอื่น...?)
B02-0490	บท 1 พากย์ · speech_list_judge_main_c01	? (ช)	(มีอะไรไม่ชอบมาพากล ถ้าที่นี่เป็นที่เกิดเหตุ\nฆาตกรรมจริง แล้วเลือดหายไปไหนหมด?)
B02-0491	บท 1 พากย์ · speech_list_judge_main_c01	? (ช)	(ไม่มีเลือดสักหยด\nอยู่ใกล้ ๆ ศพเลย)
B02-0492	บท 1 พากย์ · speech_list_judge_main_c01	? (ช)	(มีความเป็นไปได้สูงมากที่คุเมะ\nจะถูกฆ่าที่อื่น)
B02-0493	บท 1 พากย์ · speech_list_judge_main_c01	? (ช)	(ต่อไปต้องหาให้ได้ว่าพวกเขาย้าย ศพมาทิ้งยังไง\nมีอะไรที่ชี้ไปทางนั้นได้บ้างไหม?)
B02-0494	บท 1 พากย์ · speech_list_judge_main_c01	? (ช)	(ตอนตีสองที่มีคนจากร้านอื่นเอา ขยะมาทิ้ง\nยังไม่มีศพอยู่ตรงนี้)
B02-0495	บท 1 พากย์ · speech_list_judge_main_c01	? (ช)	(พูดง่าย ๆ คือคุเมะถูกทิ้งศพไว้ที่นี่ช่วง\nตีสองถึงตีหก ตอนที่พบศพ)
B02-0496	บท 1 พากย์ · speech_list_judge_main_c01	? (ช)	(นึกขึ้นได้ว่าของใช้ของเหยื่อ\nอย่างกระเป๋าเงินหรือมือถือหายไปไหน...?)
B02-0497	บท 1 พากย์ · speech_list_judge_main_c01	? (ช)	(ในกระเป๋าของคุเมะไม่พบอะไรเลย\nไม่มีกระเป๋าเงิน ไม่มีมือถือ ไม่มีอะไรทั้งนั้น)
B02-0498	บท 1 พากย์ · speech_list_judge_main_c01	shintani (ช)	ตอนไปที่อามูร์ นายได้แวะ\nดูในตรอกด้วยรึเปล่า?
B02-0499	บท 1 พากย์ · speech_list_judge_main_c01	shintani (ช) [อีกแทร็ก]	นายไปที่อามูร์มาใช่ไหม?\nได้แวะดูในตรอกด้วยรึเปล่า?
B02-0500	บท 1 พากย์ · speech_list_judge_main_c01	? (ช)	คงไม่เหลือร่องรอยอะไรแล้วแหละตอนนี้\nแต่ได้ยินว่ามันอยู่แค่หลังร้านเอง
B02-0501	บท 1 พากย์ · speech_list_judge_main_c01	? (ช) [อีกแทร็ก]	คงไม่เหลือร่องรอยอะไรเลยตอนนี้\nแต่ได้ยินว่ามันอยู่แค่หลังร้านเอง
B02-0502	บท 1 พากย์ · speech_list_judge_main_c01	? (ช)	เอาเป็นว่า
B02-0503	บท 1 พากย์ · speech_list_judge_main_c01	? (ช) [อีกแทร็ก]	เอาเป็นว่าอย่างนั้นแหละ
B02-0504	บท 1 พากย์ · speech_list_judge_main_c01	? (ช)	นี่คือคุเมะ ก่อนที่เขาจะตาย
B02-0505	บท 1 พากย์ · speech_list_judge_main_c01	? (ช) [อีกแทร็ก]	นี่คือคุเมะ ก่อนตาย
B02-0506	บท 1 พากย์ · speech_list_judge_main_c01	yagami (ช)	ก่อนที่ฆาตกรจะควักลูกตาเขาออก
B02-0507	บท 1 พากย์ · speech_list_judge_main_c01	? (ช)	ไม่เอาน่า อย่าพูดแบบนั้นสิ
B02-0508	บท 1 พากย์ · speech_list_judge_main_c01	? (ช)	แล้วฝ่ายอัยการมองเรื่องนี้ยังไง
B02-0509	บท 1 พากย์ · speech_list_judge_main_c01	? (ช) [อีกแทร็ก]	แล้วฝ่ายอัยการมีมุมมองต่อ เรื่องนี้ยังไง\nเรื่องที่พวกเขาจะเอาไปขายคืออะไร
B02-0510	บท 1 พากย์ · speech_list_judge_main_c01	? (ช)	ก็...ลองคิดดูในบริบทของ\nความบาดหมางระหว่างตระกูลโทโจ กับเคียวเรอิสิ
B02-0511	บท 1 พากย์ · speech_list_judge_main_c01	? (ช) [อีกแทร็ก]	ลองคิดในมุมของพวกเขาดูสิ\nความบาดหมางโทโจ-เคียวเรอิคือกรอบที่ครอบเรื่อง ทั้งหมดอยู่
B02-0512	บท 1 พากย์ · speech_list_judge_main_c01	? (ช)	ก่อนหน้านี้มียากูซ่าเคียวเรอิ อีกสองคน\nตายไปแล้ว ทั้งคู่ถูกควักลูกตาเหมือนกัน
B02-0513	บท 1 พากย์ · speech_list_judge_main_c01	? (ช) [อีกแทร็ก]	ก่อนหน้านี้มียากูซ่าเคียวเรอิ อีกสองคนตายไปแล้ว\nทั้งคู่ถูกควักลูกตาเหมือนกัน
B02-0514	บท 1 พากย์ · speech_list_judge_main_c01	? (ช)	ก็ไม่แปลกที่จะสรุปว่าตระกูลโทโจ\nอยู่เบื้องหลังการฆาตกรรมทั้งสามคดี
B02-0515	บท 1 พากย์ · speech_list_judge_main_c01	? (ช) [อีกแทร็ก]	พอมียากูซ่าต่างถิ่นตายรวดหลาย ศพแบบนี้ พวกเขาก็คิดว่า\nตระกูลโทโจมีเหตุจูงใจมากพอจะ ก่อเหตุทั้งสามคดี
B02-0516	บท 1 พากย์ · speech_list_judge_main_c01	? (ช)	ตามทันไหม
B02-0517	บท 1 พากย์ · speech_list_judge_main_c01	? (ช)	<color=ｍonologue>(มีความเป็นไปได้สูงว่าคดี ฆาตกรรมพวกนี้\nเป็นผลจากสงครามแย่งพื้นที่ ระหว่างตระกูลโทโจกับ ตระกูลเคียวเรอิ)</color>
B02-0518	บท 1 พากย์ · speech_list_judge_main_c01	? (ช)	อือ เล่าต่อเลย
B02-0519	บท 1 พากย์ · speech_list_judge_main_c01	? (ช)	เอาล่ะ นี่คือสิ่งที่ฝ่ายอัยการ\nคิดว่าเกิดขึ้น
B02-0520	บท 1 พากย์ · speech_list_judge_main_c01	? (ช) [อีกแทร็ก]	เอาล่ะ ด้วยแนวคิดนั้น นี่คือสิ่งที่\nฝ่ายอัยการคิดว่าเกิดขึ้น
B02-0521	บท 1 พากย์ · speech_list_judge_main_c01	shintani (ช)	พวกเขามีของสามอย่าง คือภาพจากกล้องวงจรปิด\nคราบเลือดในคลับ และพยานที่อยู่ของฮามุระที่โหว่ เป็นรูพรุน
B02-0522	บท 1 พากย์ · speech_list_judge_main_c01	shintani (ช) [อีกแทร็ก]	พวกเขามีภาพจากกล้องวงจรปิดของอามูร์ คราบเลือดในคลับ\nและพยานที่อยู่ของฮามุระที่โหว่ เป็นรูพรุน
B02-0523	บท 1 พากย์ · speech_list_judge_main_c01	? (ช)	ถ้ามีแค่อย่างใดอย่างหนึ่ง\nก็คงเอาผิดเขาไม่ได้
B02-0524	บท 1 พากย์ · speech_list_judge_main_c01	? (ช)	แต่พอมีครบทั้งสามอย่าง ฝ่ายอัยการ\nก็คิดว่ากุมชัยคดีนี้ไว้ในมือแล้ว
B02-0525	บท 1 พากย์ · speech_list_judge_main_c01	? (ช)	สุดท้ายแล้ว สำหรับพวกเขา\nมันก็แค่ยากูซ่าฆ่ายากูซ่ากันเอง
B02-0526	บท 1 พากย์ · speech_list_judge_main_c01	? (ช) [อีกแทร็ก]	สำหรับพวกเขา มันก็แค่ยากูซ่าฆ่ายากูซ่ากันเอง
B02-0527	บท 1 พากย์ · speech_list_judge_main_c01	yagami (ช)	<color=ｍonologue>(ก็คงมีเหตุผลเยอะพอสมควร\nที่พวกเขาจะสงสัยฮามุระ)</color>
B02-0528	บท 1 พากย์ · speech_list_judge_main_c01	? (ช)	ก็สมเหตุสมผลที่พวกเขาจะมองแบบนั้น
B02-0529	บท 1 พากย์ · speech_list_judge_main_c01	? (ช)	แต่ฉันอยากรู้ว่าอาจารย์คิด ยังไงมากกว่า
B02-0530	บท 1 พากย์ · speech_list_judge_main_c01	? (ช) [อีกแทร็ก]	แต่... ฉันอยากรู้ว่า<font_kind=yakuza_italic>อาจารย์</font_kind>คิดยังไงมากกว่า
B02-0531	บท 1 พากย์ · speech_list_judge_main_c01	? (ช)	ฮามุระฆ่าคุเมะจริงๆ เหรอ
B02-0532	บท 1 พากย์ · speech_list_judge_main_c01	? (ช) [อีกแทร็ก]	เชื่อไหมว่าฮามุระฆ่าคุเมะจริงๆ\nอาจารย์ชินทานิ
B02-0533	บท 1 พากย์ · speech_list_judge_main_c01	? (ช)	ไม่รู้สิ ไอ้หมอนั่นน่ะทำให้ฉันหมั่นไส้ อยู่หรอกนะ...\nแต่ฉันค่อนข้างมั่นใจว่าเขาบริสุทธิ์
B02-0534	บท 1 พากย์ · speech_list_judge_main_c01	? (ช) [อีกแทร็ก]	ฮามุระทำให้ฉันหมั่นไส้อยู่หรอกนะ...\nแต่ไม่รู้สิ ฉันว่าเขาบริสุทธิ์
B02-0535	บท 1 พากย์ · speech_list_judge_main_c01	? (ช)	ยากูซ่าเจ้าเล่ห์แบบฮามุระไม่มีทาง\nทิ้งศพไว้ในตรอกแบบนั้นหรอก มันสุกเอาเผากินเกินไป
B02-0536	บท 1 พากย์ · speech_list_judge_main_c01	? (ช) [อีกแทร็ก]	ฮามุระเป็นนักเลงเก๋าที่หัวดี เขาไม่มีทาง\nทิ้งศพไว้ในตรอกแบบนั้นหรอก มันหยาบเกินไป
B02-0537	บท 1 พากย์ · speech_list_judge_main_c01	? (ช)	ถ้าเขาทำจริง... อย่าว่าแต่ลูกตาเลย\nแกคงไม่มีวันเจอศพด้วยซ้ำ
B02-0538	บท 1 พากย์ · speech_list_judge_main_c01	? (ช) [อีกแทร็ก]	อย่าว่าแต่ลูกตาเลย\nคงไม่มีวันเจอศพด้วยซ้ำ
B02-0539	บท 1 พากย์ · speech_list_judge_main_c01	genda (ช)	เห็นด้วย
B02-0540	บท 1 พากย์ · speech_list_judge_main_c01	? (ช)	นั่นแหละอาจารย์ชินทานิของเรา หนามยอกอกที่สุดในเมือง\nแต่ต้องยอมรับว่าเป็นทนาย ชั้นเยี่ยมจริงๆ
B02-0541	บท 1 พากย์ · speech_list_judge_main_c01	saori (ญ)	เอาด้วยเลย
B02-0542	บท 1 พากย์ · speech_list_judge_main_c01	? (?)	เอ่อ...
B02-0543	บท 1 พากย์ · speech_list_judge_main_c01	? (ช)	นั่นตั้งใจจะชมกันหรือเปล่าเนี่ย
B02-0544	บท 1 พากย์ · speech_list_judge_main_c01	? (ช)	ทำไมล่ะ มีอะไรผิดปกติเหรอ
B02-0545	บท 1 พากย์ · speech_list_judge_main_c01	? (ช)	ถ้าฮามุระไม่ได้ทำ คนที่ทำจริงๆ\nก็ยังลอยนวลอยู่ที่ไหนสักแห่ง
B02-0546	บท 1 พากย์ · speech_list_judge_main_c01	? (ช)	เราแค่ต้องหาตัวคนนั้นให้เจอ\nถ้าอยากล้างมลทินให้ฮามุระ
B02-0547	บท 1 พากย์ · speech_list_judge_main_c01	? (ช)	ฮ่า แกคิดว่าเรามีกำลังคน\nมากพอจะทำแบบนั้นเหรอ
B02-0548	บท 1 พากย์ · speech_list_judge_main_c01	? (ช) [อีกแทร็ก]	ฮ่า พูดง่ายๆ แบบนั้นเลยเหรอ\nเราไม่มีกำลังคนขนาดนั้นหรอกนะ
B02-0549	บท 1 พากย์ · speech_list_judge_main_c01	? (ช)	จะตามล่าฆาตกรแบบนั้นต้อง ใช้กำลังทั้งองค์กร\nถ้าให้พูดตรงๆ ปล่อยให้ตำรวจจัดการดีกว่า
B02-0550	บท 1 พากย์ · speech_list_judge_main_c01	? (ช) [อีกแทร็ก]	จะตามล่าฆาตกรเนี่ยนะ ต้องใช้กำลังทั้งองค์กรเลยนะ\nถ้าเป็นแก ฉันคงปล่อยให้ตำรวจจัดการ
B02-0551	บท 1 พากย์ · speech_list_judge_main_c01	? (ช)	งานของฉันตรงนี้มีแค่แก้ต่างให้ฮามุระ
B02-0552	บท 1 พากย์ · speech_list_judge_main_c01	? (ช)	<color=ｍonologue>(งานของทนายมีแค่พิสูจน์\nข้อสงสัยอันสมควร ไม่ใช่พิสูจน์ความบริสุทธิ์ของจำเลย...)</color>
B02-0553	บท 1 พากย์ · speech_list_judge_main_c01	? (ช)	<color=ｍonologue>(สำหรับพวกเขา ความจริง...ไม่ใช่เรื่องสำคัญ)</color>
B02-0554	บท 1 พากย์ · speech_list_judge_main_c01	kaito (ช)	แล้วแกจะทำยังไงต่อ
B02-0555	บท 1 พากย์ · speech_list_judge_main_c01	? (ช)	คงต้องหาข้อมูลเกี่ยวกับเหยื่อ\nเพิ่มอีกหน่อย
B02-0556	บท 1 พากย์ · speech_list_judge_main_c01	? (ช)	จำเพื่อนของคุเมะได้ไหม คนที่วิ่งหนีไป\nตอนพวกมัตสึกาเนะรุมทำร้ายพวกเขา
B02-0557	บท 1 พากย์ · speech_list_judge_main_c01	? (ช) [อีกแทร็ก]	จำเพื่อนของคุเมะได้ไหม\nคนที่วิ่งหนีไปตอนถูกรุมทำร้าย
B02-0558	บท 1 พากย์ · speech_list_judge_main_c01	? (ช)	ชื่ออากิระ มุราเสะ จากตระกูลเคียวเรอิ\nอยากฟังว่าเขาจะพูดอะไร
B02-0559	บท 1 พากย์ · speech_list_judge_main_c01	? (ช) [อีกแทร็ก]	นักเลงเคียวเรอิอีกคน อากิระ มุราเสะ\nอยากฟังว่าเขาจะพูดว่ายังไง
B02-0560	บท 1 พากย์ · speech_list_judge_main_c01	yagami (ช)	เรื่องอะไร?
B02-0561	บท 1 พากย์ · speech_list_judge_main_c01	? (ช)	เรื่องที่เขาทำหลังจากเห็น\nคุเมะถูกลากตัวเข้าไปในคลับ
B02-0562	บท 1 พากย์ · speech_list_judge_main_c01	? (ช) [อีกแทร็ก]	หลังคุเมะถูกลากตัวเข้าไปในคลับ\nมุราเสะทำอะไรต่อ
B02-0563	บท 1 พากย์ · speech_list_judge_main_c01	? (ช)	เขาทิ้งเพื่อนหนีไปจริงๆ เหรอ\nไม่น่าเชื่อเลย
B02-0564	บท 1 พากย์ · speech_list_judge_main_c01	? (ช) [อีกแทร็ก]	ยากูซ่าไม่ทิ้งพี่น้องกันง่ายๆ หรอกนะ\nต้องมีอะไรมากกว่านี้แน่
B02-0565	บท 1 พากย์ · speech_list_judge_main_c01	? (ช)	<color=ｍonologue>(เขาพูดถูก ยากูซ่าที่มีศักดิ์ศรี\nไม่มีทางวิ่งหนีทิ้งเพื่อนให้ตายหรอก)</color>
B02-0566	บท 1 พากย์ · speech_list_judge_main_c01	? (ช)	<color=ｍonologue>(มุราเสะต้องพยายามกลับไปช่วยบ้างแหละ\nแต่ถ้าจะรู้ให้แน่ชัด ก็ต้อง...)</color>
B02-0567	บท 1 พากย์ · speech_list_judge_main_c01	? (ช)	ไม่เอาน่า จะไปเคาะประตูตระกูลเคียวเรอิ\nช่วงนี้เนี่ยนะ ฟังดูเหมือนไปฆ่าตัวตายเลยนะ
B02-0568	บท 1 พากย์ · speech_list_judge_main_c01	? (ช) [อีกแทร็ก]	ไม่เอาน่า อยากให้เราไปเคาะประตูเคียวเรอิ\nงั้นเหรอ ลูกน้องพวกเขาเพิ่งโดนฆ่าไปหมาดๆ นะ
B02-0569	บท 1 พากย์ · speech_list_judge_main_c01	? (ช)	ฉันว่าตอนนี้พวกเขาคงกระหายเลือด\nหลังเรื่องที่เกิดกับคุเมะ
B02-0570	บท 1 พากย์ · speech_list_judge_main_c01	? (ช) [อีกแทร็ก]	พวกเขาคงกระหายเลือดอยู่แน่ๆ
B02-0571	บท 1 พากย์ · speech_list_judge_main_c01	? (ช)	ยังไงก็ตาม\nผมอยากได้ข้อมูลจากมุราเสะให้ได้
B02-0572	บท 1 พากย์ · speech_list_judge_main_c01	? (ช) [อีกแทร็ก]	ผมอยากฟังเรื่องนี้จากปากมุราเสะเอง
B02-0573	บท 1 พากย์ · speech_list_judge_main_c01	? (ช)	เรื่องจะเอาข้อมูลมายังไงเป็น หน้าที่พวกแก\nต้องคิดเอง นั่นคือข้อตกลง จำได้ไหม
B02-0574	บท 1 พากย์ · speech_list_judge_main_c01	? (ช) [อีกแทร็ก]	ส่วนจะเอามายังไงก็แล้วแต่พวกแกเลย\nนั่นคือข้อตกลงกัน จำได้ใช่ไหม
B02-0575	บท 1 พากย์ · speech_list_judge_main_c01	? (ช)	ข้อตกลงบ้าอะไร ไปแหย่รังต่อแบบนี้\nมีแต่จะโดนต่อยเข้าให้เปล่าๆ
B02-0576	บท 1 พากย์ · speech_list_judge_main_c01	? (ช) [อีกแทร็ก]	ข้อตกลงบ้าอะไร\nแหย่รังผึ้งแบบนี้มันจะ...
B02-0577	บท 1 พากย์ · speech_list_judge_main_c01	? (ช)	แต่เขาก็พูดถูกนะ
B02-0578	บท 1 พากย์ · speech_list_judge_main_c01	? (ช) [อีกแทร็ก]	เข้าใจแล้ว
B02-0579	บท 1 พากย์ · speech_list_judge_main_c01	? (ช)	ไปกันเถอะ ไคโตะซัง
B02-0580	บท 1 พากย์ · speech_list_judge_main_c01	? (ช) [อีกแทร็ก]	โอเค ไปกันเถอะ ไคโตะซัง
B02-0581	บท 1 พากย์ · speech_list_judge_main_c01	kaito (ช)	อย่างแรกเลย เราต้องรู้ก่อนว่าตระกูลเคียวเรอิ\nซ่อนตัวอยู่ที่ไหน ต้องมีฐานที่มั่นอะไรสักอย่างแน่ๆ
B02-0582	บท 1 พากย์ · speech_list_judge_main_c01	kaito (ช) [อีกแทร็ก]	อย่างแรก เราต้องรู้ก่อนว่า ตระกูลเคียวเรอิซ่อนตัว\nอยู่ที่ไหนในคามุโรโจ ต้องมีฐานที่มั่นอะไรสักอย่างแน่ๆ
B02-0583	บท 1 พากย์ · speech_list_judge_main_c01	yagami (ช)	วิธีเร็วที่สุดคงเป็นไปถาม ท่านมัตสึกาเนะเลย\nท่านรู้เรื่องลับๆ ของตระกูลโทโจหมดทุกอย่าง
B02-0584	บท 1 พากย์ · speech_list_judge_main_c01	yagami (ช) [อีกแทร็ก]	วิธีเร็วที่สุดคงเป็นไปถาม ท่านมัตสึกาเนะเลย\nท่านมีข้อมูลตระกูลโทโจครบ ทุกอย่างที่อยากรู้
B02-0585	บท 1 พากย์ · speech_list_judge_main_c01	? (ช)	เอ่อ... ฉันขอผ่านดีกว่า\nจะเดินเข้าไปเฉยๆ ก็คงยากหรอก ในเมื่อโดนไล่ออกมาแล้ว
B02-0586	บท 1 พากย์ · speech_list_judge_main_c01	? (ช)	อือ งั้นตรงนี้ผมจัดการเองคนเดียว\nเสร็จแล้วจะโทรหานะ
B02-0587	บท 1 พากย์ · speech_list_judge_main_c01	? (ช) [อีกแทร็ก]	ก็สมเหตุสมผล ผมว่าจะไปคนเดียวอยู่แล้ว\nเสร็จแล้วจะโทรหานะ
B02-0588	บท 1 พากย์ · speech_list_judge_main_c01	shintani (ช)	ไคโตะไปคุยกับไอ้เคียวเรอิคนนั้น มุราเสะ
B02-0589	บท 1 พากย์ · speech_list_judge_main_c01	? (ช)	อยากรู้ว่าเขาทำอะไร\nหลังคุเมะโดนลากตัวไป
B02-0590	บท 1 พากย์ · speech_list_judge_main_c01	? (ช)	นายไปหาท่านมัตสึกาเนะคนเดียวดีกว่า\nขอโทษนะที่ฉันช่วยอะไรตรงนี้ไม่ได้เลย
B02-0591	บท 1 พากย์ · speech_list_judge_main_c01	yagami (ช)	ไคโตะซัง เพิ่งออกจาก สำนักงานตระกูลมัตสึกาเนะมา
B02-0592	บท 1 พากย์ · speech_list_judge_main_c01	? (ช)	เคียวเรอิไปหลบซ่อนอยู่\nที่ไหนสักแห่งชื่อ KJ Art
B02-0593	บท 1 พากย์ · speech_list_judge_main_c01	? (ช) [อีกแทร็ก]	ท่าทางเคียวเรอิจะไปหลบซ่อนอยู่\nที่ไหนสักแห่งชื่อ KJ Art
B02-0594	บท 1 พากย์ · speech_list_judge_main_c01	kaito (ช)	อ้อ แล้วเราจะเจอมุราเสะที่นั่นเหรอ
B02-0595	บท 1 พากย์ · speech_list_judge_main_c01	? (ช)	ไม่แน่ใจ คงต้องไปดูเอง\nถึงจะรู้
B02-0596	บท 1 พากย์ · speech_list_judge_main_c01	? (?) [อีกแทร็ก]	ก็คงต้องไปดูเอง\nถึงจะรู้
B02-0597	บท 1 พากย์ · speech_list_judge_main_c01	? (ช)	นายคิดจะไปดักเฝ้าดูล่ะสิ
B02-0598	บท 1 พากย์ · speech_list_judge_main_c01	? (ช)	ได้เวลาลองใช้โดรน\nกันซะที!
B02-0599	บท 1 พากย์ · speech_list_judge_main_c01	? (ช) [อีกแทร็ก]	เฮ้... งานนี้เหมาะกับโดรน\nสุดๆ เลยนะ!
B02-0600	บท 1 พากย์ · speech_list_judge_main_c01	? (ช)	นั่นอาจเป็นทางเลือกเดียวที่เรามี
B02-0601	บท 1 พากย์ · speech_list_judge_main_c01	? (ช) [อีกแทร็ก]	อือ นั่นอาจเป็นทางเลือกเดียวที่มี
B02-0602	บท 1 พากย์ · speech_list_judge_main_c01	? (ช)	ขอให้โชคดี\nเดี๋ยวไปเจอกันที่นั่นนะ
B02-0603	บท 1 พากย์ · speech_list_judge_main_c01	? (ช) [อีกแทร็ก]	ขอให้โชคดี\nเดี๋ยวไปเจอกันที่ KJ Art นะ
B02-0604	บท 1 พากย์ · speech_list_judge_main_c01	kaito (ช)	ฉันเอง ถึง KJ Art รึยัง
B02-0605	บท 1 พากย์ · speech_list_judge_main_c01	kaito (ช) [อีกแทร็ก]	ไคโตะเอง ถึง KJ Art รึยัง
B02-0606	บท 1 พากย์ · speech_list_judge_main_c01	? (ช)	ท่าทางจะถึงแล้ว\nแกอยู่ไหน
B02-0607	บท 1 พากย์ · speech_list_judge_main_c01	? (ช) [อีกแทร็ก]	อือ ท่าทางจะถึงแล้ว\nไคโตะ อยู่ไหน
B02-0608	บท 1 พากย์ · speech_list_judge_main_c01	? (ช)	ฉันอยู่บนดาดฟ้าฝั่งตรงข้าม\nเงยหน้าขึ้นมาสิ
B02-0609	บท 1 พากย์ · speech_list_judge_main_c01	? (ช) [อีกแทร็ก]	หันหน้าเข้าหา KJ Art แล้วมองไปทางขวา
B02-0610	บท 1 พากย์ · speech_list_judge_main_c01	yagami (ช)	<color=ｍonologue>(อยู่นั่นไง!\nเสื้อตัวนั้นเด่นเหมือนไฟสัญญาณเลย)</color>
B02-0611	บท 1 พากย์ · speech_list_judge_main_c01	? (ช)	เห็นแล้ว\nเดี๋ยวขึ้นไปเลยนะ
B02-0612	บท 1 พากย์ · speech_list_judge_main_c01	? (ช) [อีกแทร็ก]	เห็นแล้ว เดี๋ยวขึ้นไปเลยนะ
B02-0613	บท 1 พากย์ · speech_list_judge_main_c01	kaito (ช)	หันหน้าเข้าหา KJ Art มองไปทางขวา\nน่าจะอยู่บนดาดฟ้านั่นแหละ
B02-0614	บท 1 พากย์ · speech_list_judge_main_c01	kaito (ช) [อีกแทร็ก]	หันหน้าเข้าหา KJ มองไปทางขวา\nแล้วเขาน่าจะอยู่บนดาดฟ้า...
B02-0615	บท 1 พากย์ · speech_list_judge_main_c01	? (ช)	ทำอะไรอยู่น่ะ\nเลิกทำเล่นแล้วรีบมาซะที
B02-0616	บท 1 พากย์ · speech_list_judge_main_c01	? (ช) [อีกแทร็ก]	เฮ้ ทาคุ ทำอะไรอยู่\nรีบมาทางนี้เร็ว
B02-0617	บท 1 พากย์ · speech_list_judge_main_c01	? (ช)	<color=ｍonologue>(เอาล่ะ นั่น<font_kind=yakuza_italic>ไม่ใช่</font_kind>ไคโตะแน่นอน)</color>
B02-0618	บท 1 พากย์ · speech_list_judge_main_c01	? (ช)	<color=ｍonologue>(สองคนนั้นขึ้นไปอยู่ตรงนั้นได้ ยังไงกัน)</color>
B02-0619	บท 1 พากย์ · speech_list_judge_main_c01	? (ช)	<color=ｍonologue>(นั่นมัน...แค่ผู้หญิงคนหนึ่งกำลังสูบบุหรี่\nต้องหาไคโตะต่อ)</color>
B02-0620	บท 1 พากย์ · speech_list_judge_main_c01	? (ช)	<color=ｍonologue>(แมวสามสี น่ารักดี ได้ยินว่าแมวสามสีเป็นตัวเมีย\nหมดเลยจริงเหรอ เอ่อ...ควรไปหาไคโตะต่อดีกว่า)</color>
B02-0621	บท 1 พากย์ · speech_list_judge_main_c01	? (ช)	<color=ｍonologue>(นั่นมัน...พนักงานร้านคาเฟ่แมวนี่เอง\nต้องหาไคโตะต่อ)</color>
B02-0622	บท 1 พากย์ · speech_list_judge_main_c01	? (ช)	<color=ｍonologue>(นั่นมัน...เดี๋ยวนะ เขากำลังนวดไหล่ให้เธออยู่เหรอ\nดูท่าทางเธอจะไม่ค่อยอินเท่าไหร่นะ)</color>
B02-0623	บท 1 พากย์ · speech_list_judge_main_c01	? (ช)	<color=ｍonologue>(ตอนนี้ต้องหาไคโตะให้เจอก่อน)</color>
B02-0624	บท 1 พากย์ · speech_list_judge_main_c01	kaito (ช)	โย่ วิวสวยใช้ได้เลยเนอะว่าไหม
B02-0625	บท 1 พากย์ · speech_list_judge_main_c01	kaito (ช) [อีกแทร็ก]	โย่ วิวมองเห็น KJ Art สวยเลยนะเนี่ย
B02-0626	บท 1 พากย์ · speech_list_judge_main_c01	? (ช)	น่าเสียดายที่ที่นั่น\nเต็มไปด้วยยากูซ่าเลยล่ะ
B02-0627	บท 1 พากย์ · speech_list_judge_main_c01	? (ช) [อีกแทร็ก]	ดูนั่นสิ ที่นั่น\nเต็มไปด้วยยากูซ่าเลย
B02-0628	บท 1 พากย์ · speech_list_judge_main_c01	yagami (ช)	ท่าทางที่นี่จะเป็นที่ซ่อนของ เคียวเรอิจริงๆ ด้วย
B02-0629	บท 1 พากย์ · speech_list_judge_main_c01	yagami (ช) [อีกแทร็ก]	ท่าทางที่นี่จะเป็นที่ซ่อนของ เคียวเรอิจริงๆ ด้วยสินะ
B02-0630	บท 1 พากย์ · speech_list_judge_main_c01	? (ช)	ไม่ต้องสงสัยเลย
B02-0631	บท 1 พากย์ · speech_list_judge_main_c01	? (ช)	แล้วมุราเสะล่ะ
B02-0632	บท 1 พากย์ · speech_list_judge_main_c01	? (ช) [อีกแทร็ก]	แล้วมุราเสะล่ะ อยู่ที่นี่ไหม
B02-0633	บท 1 พากย์ · speech_list_judge_main_c01	? (ช)	หาไม่เจอเลย\nใช้โดรนส่องหาจนทั่วแล้วด้วยนะ
B02-0634	บท 1 พากย์ · speech_list_judge_main_c01	? (ช) [อีกแทร็ก]	หาไม่เจอเลย ใช้โดรนส่องหาจนทั่วแล้ว\nด้วยนะเนี่ย
B02-0635	บท 1 พากย์ · speech_list_judge_main_c01	? (ช)	แน่ใจเหรอว่าหาทั่วจริงๆ
B02-0636	บท 1 พากย์ · speech_list_judge_main_c01	? (ช) [อีกแทร็ก]	หา แน่ใจเหรอว่าหาทั่วดีแล้ว
B02-0637	บท 1 พากย์ · speech_list_judge_main_c01	? (ช)	เอ่อ...แน่สิ?
B02-0638	บท 1 พากย์ · speech_list_judge_main_c01	? (ช) [อีกแทร็ก]	เอ่อ...ใช่ แน่สิ
B02-0639	บท 1 พากย์ · speech_list_judge_main_c01	? (ช)	เอาน่า ลองใหม่กัน\nรอบนี้ผมบังคับเอง
B02-0640	บท 1 พากย์ · speech_list_judge_main_c01	? (ช)	อยากให้งานสำเร็จ\nก็ต้องลงมือทำเองสินะ
B02-0641	บท 1 พากย์ · speech_list_judge_main_c01	? (ช) [อีกแทร็ก]	ต้องให้ดูวิธีที่ถูกต้องซะหน่อย
B02-0642	บท 1 พากย์ · speech_list_judge_main_c01	? (ช)	ได้เลย ไอ้บ้า
B02-0643	บท 1 พากย์ · speech_list_judge_main_c01	lamant_guest (ช) [อีกแทร็ก]	เชิญเลย
B02-0644	บท 1 พากย์ · speech_list_judge_main_c01	? (ช)	(ต้องเลือก "Flight" ก่อนถึงจะบังคับโดรนได้)
B02-0645	บท 1 พากย์ · speech_list_judge_main_c01	? (ช)	นี่ไงมุราเสะ
B02-0646	บท 1 พากย์ · speech_list_judge_main_c01	? (ช)	ลองแอบส่องผ่านหน้าต่างดู\nว่าจะเจอเขาไหม
B02-0647	บท 1 พากย์ · speech_list_judge_main_c01	? (ช) [อีกแทร็ก]	ถ้าอยากหามุราเสะในตึกนี้\nคงต้องส่องดูทุกหน้าต่างเลย
B02-0648	บท 1 พากย์ · speech_list_judge_main_c01	? (ช)	ลืมไปแล้วเหรอว่าเรากำลังหา มุราเสะอยู่\nบินกลับไปที่ KJ Art เดี๋ยวนี้
B02-0649	บท 1 พากย์ · speech_list_judge_main_c01	? (ช) [อีกแทร็ก]	เฮ้ ทำบ้าอะไรอยู่ บินกลับไปที่ KJ Art\nเดี๋ยวนี้ เราต้องรีบหามุราเสะให้เจอ
B02-0650	บท 1 พากย์ · speech_list_judge_main_c01	? (ช)	จะมานั่งอ่านหนังสือทำไมกัน\nพวกนี้ไม่มีอะไรทำดีกว่านี้เหรอ
B02-0651	บท 1 พากย์ · speech_list_judge_main_c01	? (ช)	เดี๋ยวๆๆ นั่นไง คนนั้นแหละ!
B02-0652	บท 1 พากย์ · speech_list_judge_main_c01	? (ช) [อีกแทร็ก]	เฮ้! นั่นมุราเสะใช่ไหมเนี่ย!?
B02-0653	บท 1 พากย์ · speech_list_judge_main_c01	? (ช)	แย่แล้ว เขาเข้าไปในตึกแล้ว\nต้องหาให้เจอว่าไปตรงไหน
B02-0654	บท 1 พากย์ · speech_list_judge_main_c01	? (ช) [อีกแทร็ก]	แย่แล้ว ต้องหาให้เจอ\nว่าเขาไปทางไหน
B02-0655	บท 1 พากย์ · speech_list_judge_main_c01	? (ช)	เฮ้ อยู่นั่นไง!\nทำได้ดีเป็นบ้าเลยว่ะ!
B02-0656	บท 1 พากย์ · speech_list_judge_main_c01	? (ช) [อีกแทร็ก]	เฮ้ อยู่นั่นไง! นั่นมุราเสะแน่ๆ!\nเก่งมาก ทาคุ! ทำได้ดีเป็นบ้าเลยว่ะ!
B02-0657	บท 1 พากย์ · speech_list_judge_main_c01	? (ช)	(ตรงนี้คงเป็นทางเข้า\nดูท่าไม่มีมุราเสะอยู่ตรงนี้นะ)
B02-0658	บท 1 พากย์ · speech_list_judge_main_c01	? (ช)	(มีแต่โต๊ะทำงานเต็มไปหมด นี่คงเป็นที่\nพวกลูกน้องตัวเล็กๆ นั่งทำงานกันสินะ)
B02-0659	บท 1 พากย์ · speech_list_judge_main_c01	? (ช)	(ไม่เห็นมุราเสะเลย\nต้องไปดูที่อื่นแล้วล่ะ)
B02-0660	บท 1 พากย์ · speech_list_judge_main_c01	? (ช)	(บ้าเอ๊ย ม่านบังตาปิดอยู่ มองไม่เห็นข้างในเลย\nต้องไปหาที่อื่นแทน)
B02-0661	บท 1 พากย์ · speech_list_judge_main_c01	? (ช)	(โห ห้องนี้หรูจัง\nแต่ไม่เห็นมุราเสะเลยนะ)
B02-0662	บท 1 พากย์ · speech_list_judge_main_c01	kaito (ช)	มีห้องทำงานส่วนตัวเลยเหรอเนี่ย\nต้องเป็นคนสำคัญแน่ๆ
B02-0663	บท 1 พากย์ · speech_list_judge_main_c01	kaito (ช) [อีกแทร็ก]	มีห้องทำงานส่วนตัวเลยเหรอเนี่ย เฮ้อ ถ้ามีห้อง\nเป็นของตัวเองขนาดนี้ ต้องเป็นคนสำคัญแน่ๆ
B02-0664	บท 1 พากย์ · speech_list_judge_main_c01	? (ช)	คิดว่าพวกเขาจะยอมให้เราเข้าไป เจอเขาไหม
B02-0665	บท 1 พากย์ · speech_list_judge_main_c01	yagami (ช)	แค่ประตูหน้าเรายังผ่านไปไม่ได้เลย
B02-0666	บท 1 พากย์ · speech_list_judge_main_c01	? (ช)	ฮึ ยิ่งถ้าบอกพวกเขา\nไปว่าเรามาทำไมด้วยนะ
B02-0667	บท 1 พากย์ · speech_list_judge_main_c01	? (ช) [อีกแทร็ก]	ฮึ ยิ่งถ้าบอกไปว่าเรามาแก้ต่างให้ฮามุระ\nพวกเขาคงไล่ล่าเราแน่
B02-0668	บท 1 พากย์ · speech_list_judge_main_c01	? (ช)	เราต้องหาทางเข้าอื่น\nถ้าอยากบีบมุราเสะให้พูด
B02-0669	บท 1 พากย์ · speech_list_judge_main_c01	? (ช) [อีกแทร็ก]	ถ้าอยากบีบมุราเสะให้พูด\nเราต้องหาทางเข้าอื่น
B02-0670	บท 1 พากย์ · speech_list_judge_main_c01	? (ช)	เห็นด้วย แล้วนายคิดยังไง
B02-0671	บท 1 พากย์ · speech_list_judge_main_c01	? (ช)	ก็มีทางเลือกอยู่ไม่กี่ทาง
B02-0672	บท 1 พากย์ · speech_list_judge_main_c01	? (ช)	ส่วนทางที่ดีที่สุด...
B02-0673	บท 1 พากย์ · speech_list_judge_main_c01	? (ช)	ผมอาจลองปีนด้านข้างตึกขึ้นไป\nแล้วปีนเข้าทางหน้าต่างที่เปิดอยู่
B02-0674	บท 1 พากย์ · speech_list_judge_main_c01	? (ช) [อีกแทร็ก]	ผมอาจลองปีนด้านข้างตึก\nแล้วปีนเข้าทางหน้าต่างที่เปิด อยู่ก็ได้
B02-0675	บท 1 พากย์ · speech_list_judge_main_c01	? (ช)	นายรู้วิธีปีนตึกด้วยเหรอ\nอีกอย่าง คนก็คงเห็นนายทำแบบนั้นแน่ๆ
B02-0676	บท 1 พากย์ · speech_list_judge_main_c01	? (ช) [อีกแทร็ก]	นายรู้<font_kind=yakuza_italic>วิธี</font_kind>ปีนตึกด้วยเหรอ\nอีกอย่าง ถ้านายลองทำ คนก็คงเห็นแน่ๆ
B02-0677	บท 1 พากย์ · speech_list_judge_main_c01	? (ช)	ยังไม่นับว่าจะนองเลือด\nถ้ามีใครเห็นนายอีก...
B02-0678	บท 1 พากย์ · speech_list_judge_main_c01	? (ช) [อีกแทร็ก]	แล้วถ้านายปีนเข้าไปเจอฝูงนักเลง\nนายคงไม่มีทางออกมาได้
B02-0679	บท 1 พากย์ · speech_list_judge_main_c01	? (ช)	...ก็คงงั้นแหละ
B02-0680	บท 1 พากย์ · speech_list_judge_main_c01	? (ช)	งั้นตัดความคิดนั้นทิ้งไปเลย\nมีแผนสำรองไหม
B02-0681	บท 1 พากย์ · speech_list_judge_main_c01	? (ช) [อีกแทร็ก]	นายคงไม่มีแค่นี้ใช่ไหม\nมีแผนสำรองอะไรบ้างไหม
B02-0682	บท 1 พากย์ · speech_list_judge_main_c01	? (ช)	ผมอาจลองปลอมตัวแฝงเข้าไปก็ได้
B02-0683	บท 1 พากย์ · speech_list_judge_main_c01	? (ช)	โอ้ เหรอ แล้วปลอมเป็นใครล่ะ
B02-0684	บท 1 พากย์ · speech_list_judge_main_c01	? (ช)	ผมคิดว่าจะปลอมเป็นคนส่งพิซซ่า
B02-0685	บท 1 พากย์ · speech_list_judge_main_c01	? (ช)	...นายเคยเห็นคนส่งพิซซ่า\nถูกเชิญให้เข้าไปข้างในบ้างไหม
B02-0686	บท 1 พากย์ · speech_list_judge_main_c01	? (ช)	เออ ลืมพิซซ่าไปซะ\nแล้วช่างซ่อมล่ะ
B02-0687	บท 1 พากย์ · speech_list_judge_main_c01	? (ช) [อีกแทร็ก]	โอเค ตัดพิซซ่าทิ้งไป\nแล้วช่างซ่อมบำรุงล่ะ
B02-0688	บท 1 พากย์ · speech_list_judge_main_c01	? (ช)	อย่างนี้สิถูกใจฉัน\nที่ Don Quijote มีชุดช่างซ่อมขายด้วยนะ
B02-0689	บท 1 พากย์ · speech_list_judge_main_c01	? (ช) [อีกแทร็ก]	โห... อย่างนี้สิถูกใจฉัน\nที่ Don Quijote มีชุดช่างซ่อมขายด้วยนะ
B02-0690	บท 1 พากย์ · speech_list_judge_main_c01	? (ช)	แต่ถึงยังไงนายก็โผล่ไปเฉยๆ\nแล้วหวังให้พวกเขาปล่อยให้เดิน เข้าไปไม่ได้หรอก
B02-0691	บท 1 พากย์ · speech_list_judge_main_c01	? (ช) [อีกแทร็ก]	แต่ถึงยังไงนายก็เดินเข้าไปเฉยๆ ไม่ได้หรอก\nต้องมีแผนด้วย
B02-0692	บท 1 พากย์ · speech_list_judge_main_c01	? (ช)	จริงด้วยสิ...
B02-0693	บท 1 พากย์ · speech_list_judge_main_c01	? (ช) [อีกแทร็ก]	น่าเสียดายจริงๆ
B02-0694	บท 1 พากย์ · speech_list_judge_main_c01	? (ช)	ผมว่าคิดออกแล้วล่ะ
B02-0695	บท 1 พากย์ · speech_list_judge_main_c01	? (ช) [อีกแทร็ก]	นั่นอาจเป็นตั๋วผ่านเข้าไปของ เราก็ได้นะ
B02-0696	บท 1 พากย์ · speech_list_judge_main_c01	? (ช)	ถ้าฮีตเตอร์เสียขึ้นมา\nพวกเขาจะทำยังไง
B02-0697	บท 1 พากย์ · speech_list_judge_main_c01	? (ช)	ก็ต้องเรียกช่างซ่อมมาสิ\nนายจะบอกว่าให้เรารอจนมันเสีย เองงั้นเหรอ
B02-0698	บท 1 พากย์ · speech_list_judge_main_c01	? (ช) [อีกแทร็ก]	ก็ต้องเรียกช่างซ่อมมาสิ\nงั้นเราก็แค่รอให้มันเสียงั้นเหรอ
B02-0699	บท 1 พากย์ · speech_list_judge_main_c01	? (ช)	ไม่รู้สิ บางทีเราอาจช่วยเร่งให้มันเสีย เร็วขึ้นก็ได้
B02-0700	บท 1 พากย์ · speech_list_judge_main_c01	? (ช) [อีกแทร็ก]	บางทีเราอาจช่วยเร่งให้มันเสีย เร็วขึ้นก็ได้
B02-0701	บท 1 พากย์ · speech_list_judge_main_c01	? (ช)	ไม่คิดเลยว่าจะมีวันที่\nนายคิดแผนแบบนี้ออกมาได้
B02-0702	บท 1 พากย์ · speech_list_judge_main_c01	? (ช) [อีกแทร็ก]	อ่า...เก็ตแล้ว
B02-0703	บท 1 พากย์ · speech_list_judge_main_c01	? (ช)	นายเป็นใครกันแน่ แล้วเอาศพทาคุตัวจริง\nไปฝังไว้ที่ไหน
B02-0704	บท 1 พากย์ · speech_list_judge_main_c01	? (ช) [อีกแทร็ก]	ฟังนายพูดสิ เจ้าเล่ห์ขึ้นมาซะงั้น!\nเอาทาคุตัวจริงไปทำอะไรมา
B02-0705	บท 1 พากย์ · speech_list_judge_main_c01	? (ช)	ถ้าบอกไป คงต้องฆ่านายทิ้งซะแล้วล่ะ
B02-0706	บท 1 พากย์ · speech_list_judge_main_c01	? (ช) [อีกแทร็ก]	ไม่รู้เรื่องที่นายพูด\nเลยสักนิด
B02-0707	บท 1 พากย์ · speech_list_judge_main_c01	? (ช)	เอาล่ะ ผมจะไปทำให้พวก KJ\nหนาวๆ กันหน่อย ไคโตะคอยเฝ้าดูไว้นะ
B02-0708	บท 1 พากย์ · speech_list_judge_main_c01	? (ช) [อีกแทร็ก]	เอาล่ะ ผมจะไปทำให้พวกนี้\nหนาวๆ กันหน่อย ไคโตะซัง คอยเฝ้าดูไว้นะ
B02-0709	บท 1 พากย์ · speech_list_judge_main_c01	? (ช)	ได้เลย\nลุยกันเลยเว้ย!
B02-0710	บท 1 พากย์ · speech_list_judge_main_c01	? (ช) [อีกแทร็ก]	เออ ไปกันเลย ลุยกันเลยเว้ย!
B02-0711	บท 1 พากย์ · speech_list_judge_main_c01	? (ช)	ผมจะบุกเข้าไปตรงๆ เลย\nแค่เตะประตูพังแล้วเดินเข้าไป
B02-0712	บท 1 พากย์ · speech_list_judge_main_c01	? (ช)	เฮ้ย พวกนั้นมันยากูซ่านะ ไม่ใช่นาย\nคิดให้รอบคอบกว่านี้หน่อยได้ไหม
B02-0713	บท 1 พากย์ · speech_list_judge_main_c01	? (ช) [อีกแทร็ก]	เฮ้ย นั่นควรเป็นทางเลือกสุดท้าย ไม่ใช่แผนแรก\nเรายังมีเวลาอยู่ ใช้มันให้คุ้มหน่อยดีกว่าไหม
B02-0714	บท 1 พากย์ · speech_list_judge_main_c01	? (ช)	นึกว่าไคโตะชอบอะไรที่ห้าวๆ ลุยๆ ซะอีก
B02-0715	บท 1 พากย์ · speech_list_judge_main_c01	? (ช) [อีกแทร็ก]	ไคโตะซัง นึกว่านายชอบอะไร\nที่ห้าวๆ ลุยๆ ซะอีก
B02-0716	บท 1 พากย์ · speech_list_judge_main_c01	? (ช)	นั่นนายเองแหละ ทาคุ\nเอาน่า มีไอเดียอื่นอีกไหม
B02-0717	บท 1 พากย์ · speech_list_judge_main_c01	? (ช) [อีกแทร็ก]	นั่นนายคนเดียวแหละ\nเอาน่า มีไอเดียอื่นอีกไหม
B02-0718	บท 1 พากย์ · speech_list_judge_main_c01	yagami (ช)	(บ้าเอ๊ย ล็อกอยู่\nคงต้องงัดกุญแจแล้วล่ะ)
B02-0719	บท 1 พากย์ · speech_list_judge_main_c01	? (ช)	(หา? ใครส่งข้อความมาเนี่ย)
B02-0720	บท 1 พากย์ · speech_list_judge_main_c01	? (ช)	(บ้าเอ๊ย ต้องรีบแล้ว)
B02-0721	บท 1 พากย์ · speech_list_judge_main_c01	kj_police (ช)	เฮ้ นายทำอะไรอยู่น่ะ\nขอคุยด้วยหน่อยสิ
B02-0722	บท 1 พากย์ · speech_list_judge_main_c01	kj_police (ช) [อีกแทร็ก]	เฮ้ นายทำอะไรอยู่\nขอคุยด้วยแป๊บนึง
B02-0723	บท 1 พากย์ · speech_list_judge_main_c01	? (ช)	(อูย...บ้าเอ๊ย)
B02-0724	บท 1 พากย์ · speech_list_judge_main_c01	yagami (ช)	(เอาล่ะ แค่ต้อง...)
B02-0725	บท 1 พากย์ · speech_list_judge_main_c01	? (ช)	(เอาล่ะ แบบนี้พวกเขาไม่มีทาง\nซ่อมเองได้แน่ ต้องเรียกมืออาชีพ)
B02-0726	บท 1 พากย์ · speech_list_judge_main_c01	? (ช)	(ต่อไปก็เรื่องชุดปลอมตัว\nDon Quijote รอผมอยู่แล้ว)
B02-0727	บท 1 พากย์ · speech_list_judge_main_c01	kaito (ช)	เช็กอินหน่อย\nได้ของมารึยัง
B02-0728	บท 1 พากย์ · speech_list_judge_main_c01	kaito (ช) [อีกแทร็ก]	ทาคุ! ได้ของมารึยัง
B02-0729	บท 1 พากย์ · speech_list_judge_main_c01	? (ช)	ได้แล้ว กำลังกลับไปแล้ว
B02-0730	บท 1 พากย์ · speech_list_judge_main_c01	? (ช)	รีบหน่อยนะ แผนกำลังได้ผลอยู่
B02-0731	บท 1 พากย์ · speech_list_judge_main_c01	? (ช) [อีกแทร็ก]	ดี รีบหน่อยล่ะ
B02-0732	บท 1 พากย์ · speech_list_judge_main_c01	? (ช)	ฝั่ง KJ Art เงียบสงบดี\nพวกเขาเพิ่งเรียกช่างซ่อมไป
B02-0733	บท 1 พากย์ · speech_list_judge_main_c01	? (ช) [อีกแทร็ก]	ฝั่ง KJ Art เงียบสงบดี พวกเขาเพิ่งสังเกตว่า\nฮีตเตอร์เสีย ช่างซ่อมกำลังมาแล้ว
B02-0734	บท 1 พากย์ · speech_list_judge_main_c01	? (ช)	เยี่ยม เดี๋ยวรีบไปให้เร็วที่สุด
B02-0735	บท 1 พากย์ · speech_list_judge_main_c01	? (ช) [อีกแทร็ก]	เยี่ยม ผมก็เหมือนกัน
B02-0736	บท 1 พากย์ · speech_list_judge_main_c01	yagami (ช)	พร้อมแล้ว
B02-0737	บท 1 พากย์ · speech_list_judge_main_c01	yagami (ช) [อีกแทร็ก]	โอเค พร้อมแล้ว
B02-0738	บท 1 พากย์ · speech_list_judge_main_c01	kaito (ช)	งั้นรีบไปเปลี่ยนชุดซะสิ
B02-0739	บท 1 พากย์ · speech_list_judge_main_c01	kaito (ช) [อีกแทร็ก]	งั้นรีบไปเปลี่ยนชุดดีกว่า
B02-0740	บท 1 พากย์ · speech_list_judge_main_c01	? (ช)	โอเค โอเค!
B02-0741	บท 1 พากย์ · speech_list_judge_main_c01	kaito (ช) [อีกแทร็ก]	ใช่
B02-0742	บท 1 พากย์ · speech_list_judge_main_c01	? (ช)	(ต่อไปก็ใส่ชุดช่างซ่อมนี่แหละ)
B02-0743	บท 1 พากย์ · speech_list_judge_main_c01	? (ช)	(ดี น่าจะใช้ได้อยู่)
B02-0744	บท 1 พากย์ · speech_list_judge_main_c01	? (ช) [อีกแทร็ก]	(โอเค ใส่ชุดพร้อมแล้ว)
B02-0745	บท 1 พากย์ · speech_list_judge_main_c01	? (ช)	รู้ว่านายใส่ชุดปลอมตัวอยู่ก็จริง แต่อย่าเผลอ\nตัวเชียวนะ พยายามกลมกลืนเข้าไว้
B02-0746	บท 1 พากย์ · speech_list_judge_main_c01	? (ช) [อีกแทร็ก]	เฮ้ อย่าเผลอตัวตอนอยู่ข้างในนะ\nยังไงก็ต้องพยายามกลมกลืนเข้าไว้
B02-0747	บท 1 พากย์ · speech_list_judge_main_c01	? (ช)	คิดว่ากำลังพูดกับใครอยู่เนี่ย
B02-0748	บท 1 พากย์ · speech_list_judge_main_c01	? (ช) [อีกแทร็ก]	เฮ้ ผมจัดการได้ แล้วเจอกัน
B02-0749	บท 1 พากย์ · speech_list_judge_main_c01	? (ช)	(ตอนนี้ไม่ใช่เวลา ต้องรีบไปที่ KJ Art)
B02-0750	บท 1 พากย์ · speech_list_judge_main_c01	sp01_yagami (ช)	(กำลังจะเข้าไปในรังยากูซ่า\nต้องไม่หลุดจากบทที่สวมอยู่เด็ดขาด)
B02-0751	บท 1 พากย์ · speech_list_judge_main_c01	? (ช)	(อย่างแรกก่อนเลย\nต้องผ่านแผนกต้อนรับให้ได้)
B02-0752	บท 1 พากย์ · speech_list_judge_main_c01	sp01_kjart_woman (?)	ขอโทษนะคะ\nคุณมีนัดไว้หรือเปล่าคะ
B02-0753	บท 1 พากย์ · speech_list_judge_main_c01	? (ช)	(ท่าทางแค่ใส่ชุดคงไม่พอ\nต้องทำให้เธอเชื่อว่าผมเป็นของจริง)
B02-0754	บท 1 พากย์ · speech_list_judge_main_c01	? (ช)	(ถ้าออกไปโดยไม่ทำงานให้เสร็จก็ คงดูน่าสงสัย\nอีกอย่าง ผมมาที่นี่เพื่อมุราเสะ)
B02-0755	บท 1 พากย์ · speech_list_judge_main_c01	? (ช)	<color=ｍonologue>(มืดจัง...ต้องเปิดไฟก่อน\nถึงจะหาพิมพ์เขียวของตึกได้)<color=ｍonologue>
B02-0756	บท 1 พากย์ · speech_list_judge_main_c01	? (ช)	<color=ｍonologue>(เอาล่ะ ได้เวลาหาพิมพ์เขียวแล้ว)</color>
B02-0757	บท 1 พากย์ · speech_list_judge_main_c01	? (ช)	<color=ｍonologue>(โอเค เจอผังอาคารแล้ว)</color>
B02-0758	บท 1 พากย์ · speech_list_judge_main_c01	? (ช)	<color=ｍonologue>(หือ?)</color>
B02-0759	บท 1 พากย์ · speech_list_judge_main_c01	? (ช)	<color=ｍonologue>(ดูเหมือนต้องมีกุญแจถึงจะขึ้นบันได\nไปชั้นสามได้)</color>
B02-0760	บท 1 พากย์ · speech_list_judge_main_c01	? (ช)	<color=ｍonologue>(แบบนี้ผมเข้าไปห้องที่มุราเสะ อยู่ไม่ได้)</color>
B02-0761	บท 1 พากย์ · speech_list_judge_main_c01	? (ช)	<color=ｍonologue>(ต้องหากุญแจให้เจอสักทาง)</color>
B02-0762	บท 1 พากย์ · speech_list_judge_main_c01	? (ช)	<color=ｍonologue>(ที่นี่ห้องรักษาความปลอดภัย กุญแจน่าจะอยู่แถวนี้\nลองมองหารอบ ๆ ดีกว่า)</color>
B02-0763	บท 1 พากย์ · speech_list_judge_main_c01	? (ช)	<color=ｍonologue>(นี่อะไรน่ะ?)</color>
B02-0764	บท 1 พากย์ · speech_list_judge_main_c01	? (ช)	<color=ｍonologue>(กุญแจคงอยู่ในห้องนี้แหละ)</color>
B02-0765	บท 1 พากย์ · speech_list_judge_main_c01	? (ช)	<color=ｍonologue>(แต่ไม่รู้อยู่ตรงไหน\nต้องหาดูละ)</color>
B02-0766	บท 1 พากย์ · speech_list_judge_main_c01	? (ช)	<color=ｍonologue>(ตู้เซฟเหรอเนี่ย...?)</color>
B02-0767	บท 1 พากย์ · speech_list_judge_main_c01	? (ช)	<color=ｍonologue>(โน้ตบนโต๊ะบอกว่าเก็บกุญแจไว้\n"ในที่ปลอดภัยสูงสุด")</color>
B02-0768	บท 1 พากย์ · speech_list_judge_main_c01	? (ช)	<color=ｍonologue>(คงไม่มีที่ไหนปลอดภัยกว่าตู้เซฟ อีกแล้ว)</color>
B02-0769	บท 1 พากย์ · speech_list_judge_main_c01	? (ช)	<color=ｍonologue>(ขอดูหน่อยซิ...)</color>
B02-0770	บท 1 พากย์ · speech_list_judge_main_c01	? (ช)	<color=ｍonologue>(บ้าเอ๊ย ต้องใช้รหัสด้วย)</color>
B02-0771	บท 1 พากย์ · speech_list_judge_main_c01	? (ช)	<color=ｍonologue>(อืม... หวังว่าจะมีเบาะแสรหัสผ่าน\nอยู่แถวนี้บ้างนะ...)</color>
B02-0772	บท 1 พากย์ · speech_list_judge_main_c01	? (ช)	<color=ｍonologue>(เดี๋ยวนะ นี่มัน...)</color>
B02-0773	บท 1 พากย์ · speech_list_judge_main_c01	? (ช)	<color=ｍonologue>(นี่ใช่รหัสตู้เซฟรึเปล่า?)</color>
B02-0774	บท 1 พากย์ · speech_list_judge_main_c01	? (ช)	<color=ｍonologue>(ก็ลองดูสักตั้งแล้วกัน...)</color>
B02-0775	บท 1 พากย์ · speech_list_judge_main_c01	? (ช)	<color=ｍonologue>(บ้าเอ๊ย ไม่ใช่สินะ ต้องหาต่อไป)</color>
B02-0776	บท 1 พากย์ · speech_list_judge_main_c01	? (ช)	<color=ｍonologue>(โห! ได้ผลด้วย!)</color>
B02-0777	บท 1 พากย์ · speech_list_judge_main_c01	? (ช)	<color=ｍonologue>(เยี่ยม... แบบนี้ผมเข้าถึงตัวมุราเสะได้แล้ว\nเหลือแค่ต้องหาตัวเขาให้เจอ)</color>
B02-0778	บท 1 พากย์ · speech_list_judge_main_c01	? (ช)	<color=ｍonologue>(หรือนี่จะเป็นรหัสตู้เซฟ?)</color>
B02-0779	บท 1 พากย์ · speech_list_judge_main_c01	? (ช)	<color=ｍonologue>(ไม่ใช่สินะ... งั้นรหัสนี้ใช้ทำอะไรกันแน่?)</color>
B02-0780	บท 1 พากย์ · speech_list_judge_main_c01	? (ช)	<color=ｍonologue>(จำไว้ก่อนเผื่อได้ใช้\nเดี๋ยวคงเป็นรหัสอะไรสักอย่างแหละ)</color>
B02-0781	บท 1 พากย์ · speech_list_judge_main_c01	? (ช)	<color=ｍonologue>(ผมเคยเห็นเธอที่ไหนมาก่อนนะ...?)</color>
B02-0782	บท 1 พากย์ · speech_list_judge_main_c01	? (ช)	<color=ｍonologue>(เฮ้ นี่มันผู้หญิงคนสูบบุหรี่นี่!\nตอนที่ผมตามหาไคโตะซัง!)</color>
B02-0783	บท 1 พากย์ · speech_list_judge_main_c01	? (ช)	<color=ｍonologue>(...ก็ไม่แปลกหรอกถ้าทำงานที่เครียด ขนาดนี้\nคงต้องพักสูบบุหรี่ถึงจะผ่าน แต่ละวันไปได้)</color>
B02-0784	บท 1 พากย์ · speech_list_judge_main_c01	? (ช)	<color=ｍonologue>(เปิดตู้เซฟได้แล้ว\nไปกันต่อดีกว่า)</color>
B02-0785	บท 1 พากย์ · speech_list_judge_main_c01	? (ช)	<color=ｍonologue>(ไม่ใช่รหัสตู้เซฟนั้นสินะ\nเก็บไว้เผื่อมีประโยชน์ที่อื่น ก็แล้วกัน)</color>
B02-0786	บท 1 พากย์ · speech_list_judge_main_c01	? (ช)	สวัสดีครับ ได้ยินว่าฮีตเตอร์มีปัญหา\nผมมาซ่อมให้ครับ
B02-0787	บท 1 พากย์ · speech_list_judge_main_c01	? (ช) [อีกแทร็ก]	สวัสดีครับ ได้ยินว่าเครื่องปรับอากาศ\nมีปัญหาใช่ไหมครับ
B02-0788	บท 1 พากย์ · speech_list_judge_main_c01	? (?)	ใช่ มันหยุดทำงานไปเฉย ๆ\nขอบคุณที่มาเร็วขนาดนี้นะ
B02-0789	บท 1 พากย์ · speech_list_judge_main_c01	? (?) [อีกแทร็ก]	ขอบคุณที่มาให้เร็วขนาดนี้นะ\nเราอยากให้ช่วยซ่อมแอร์รวมของตึกหน่อย
B02-0790	บท 1 พากย์ · speech_list_judge_main_c01	? (?)	เครื่องหลักอยู่ออกประตูไปทางซ้าย\nตรงบันไดหนีไฟพอดี
B02-0791	บท 1 พากย์ · speech_list_judge_main_c01	? (?) [อีกแทร็ก]	เครื่องหลักอยู่ข้างนอก\nประตูอยู่ทางซ้ายมือ
B02-0792	บท 1 พากย์ · speech_list_judge_main_c01	? (ช)	เอ่อ ขอผมดูเครื่องด้านในด้วยได้ไหมครับ\nพวกนี้มันซับซ้อนอยู่เหมือนกัน
B02-0793	บท 1 พากย์ · speech_list_judge_main_c01	? (ช) [อีกแทร็ก]	เอ่อ ขอผมดูเครื่องด้านในด้วยได้ไหมครับ\nอยากเช็กให้ครบทั้งระบบน่ะครับ
B02-0794	บท 1 พากย์ · speech_list_judge_main_c01	? (?)	จำเป็นด้วยเหรอเนี่ย?
B02-0795	บท 1 พากย์ · speech_list_judge_main_c01	? (?) [อีกแทร็ก]	คุณจะขอดู... เครื่องด้านในเหรอ?
B02-0796	บท 1 พากย์ · speech_list_judge_main_c01	? (ช)	จะได้เห็นภาพรวมทั้งระบบชัดขึ้นครับ\nเอ่อ... รายละเอียดเดี๋ยวมันจะยาวไป ไม่อยากรบกวนเวลาคุณครับ
B02-0797	บท 1 พากย์ · speech_list_judge_main_c01	? (ช) [อีกแทร็ก]	ใช่ครับ เพราะ... มันจะทำให้เห็นภาพรวมทั้งระบบชัดขึ้น\nเอ่อ... รายละเอียดขอไม่พูดยืดยาวดีกว่าครับ
B02-0798	บท 1 พากย์ · speech_list_judge_main_c01	? (?)	ก็ได้ ตามสบาย\nมีเครื่องอยู่ในห้องรักษา ความปลอดภัยทางซ้ายนั่นแหละ
B02-0799	บท 1 พากย์ · speech_list_judge_main_c01	? (?) [อีกแทร็ก]	อย่างนั้นเหรอ...? เอาล่ะ ห้องรักษาความปลอดภัย\nอยู่ทางซ้ายมือ
B02-0800	บท 1 พากย์ · speech_list_judge_main_c01	? (ช)	ขอบคุณมากครับ\nเดี๋ยวผมทำให้อุ่นอีกครั้งไวๆ นี้แน่นอนครับ
B02-0801	บท 1 พากย์ · speech_list_judge_main_c01	? (ช) [อีกแทร็ก]	ขอบคุณครับ เอาล่ะ ผมไม่รบกวนเวลา\nคุณทำงานต่อแล้วกันครับ...
B02-0802	บท 1 พากย์ · speech_list_judge_main_c01	? (ช)	(เจอแล้ว)
B02-0803	บท 1 พากย์ · speech_list_judge_main_c01	? (ช)	(ไปห้องรักษาความปลอดภัยก่อนดีกว่า\nจะได้รู้ข้อมูลตึกนี้เพิ่มขึ้น)
B02-0804	บท 1 พากย์ · speech_list_judge_main_c01	? (ช)	(ไม่ควรเข้าใกล้พวกนั้นมากไป\nเดี๋ยวจะโดนจับได้)
B02-0805	บท 1 พากย์ · speech_list_judge_main_c01	? (ช)	(ลิฟต์เหมือนจะปิดซ่อมอยู่\nต้องใช้บันไดหนีไฟขึ้นไปแทน)
B02-0806	บท 1 พากย์ · speech_list_judge_main_c01	? (ช)	(ดูเหมือนมีผมอยู่คนเดียวแถวนี้\nต้องรีบเข้า-ออกก่อนใครจะมาเจอ)
B02-0807	บท 1 พากย์ · speech_list_judge_main_c01	? (ช)	<color=ｍonologue>(มืดจัง... ต้องเปิดไฟก่อน\nถึงจะหาผังอาคารต่อได้)</color>
B02-0808	บท 1 พากย์ · speech_list_judge_main_c01	? (ช)	<color=ｍonologue>(หมายความว่าถ้าไม่ได้กุญแจนั่น\nผมก็เข้าไปหามุราเสะไม่ได้...)</color>
B02-0809	บท 1 พากย์ · speech_list_judge_main_c01	? (ช)	<color=ｍonologue>(ต้องหากุญแจให้เจอสักทาง)</color>
B02-0810	บท 1 พากย์ · speech_list_judge_main_c01	? (?)	<color=ｍonologue>(นี่มันห้องรักษาความปลอดภัย<font_kind=yakuza_italic>จริง</font_kind>ด้วย กุญแจอาจอยู่ในนี้\nลองมองหารอบ ๆ ดีกว่า)\n
B02-0811	บท 1 พากย์ · speech_list_judge_main_c01	? (ช)	<color=ｍonologue>(กุญแจต้องอยู่ในห้องนี้ที่ไหน สักแห่งแหละ)</color>
B02-0812	บท 1 พากย์ · speech_list_judge_main_c01	? (ช)	<color=ｍonologue>(แต่จะอยู่ตรงไหนล่ะ...?\nต้องรีบหาแล้ว)</color>
B02-0813	บท 1 พากย์ · speech_list_judge_main_c01	? (ช)	<color=ｍonologue>(คงไม่มีที่ไหนปลอดภัยกว่าตู้เซฟ อีกแล้ว
B02-0814	บท 1 พากย์ · speech_list_judge_main_c01	? (ช)	<color=ｍonologue>(บ้าเอ๊ย ต้องใช้รหัสด้วย
B02-0815	บท 1 พากย์ · speech_list_judge_main_c01	? (ช)	<color=ｍonologue>(นี่ใช่รหัสตู้เซฟรึเปล่า?
B02-0816	บท 1 พากย์ · speech_list_judge_main_c01	? (ช)	(เอาล่ะ ได้เวลาไปบันไดหนีไฟ\nน่าจะอยู่ทางซ้ายของห้องนี้)
B02-0817	บท 1 พากย์ · speech_list_judge_main_c01	? (ช)	(ยังพังอยู่ดี แถมไม่เห็นช่างซ่อมตัวจริงสักคน\nขอโทษนะเพื่อน วันนี้คงไม่ได้ซ่อมหรอก)
B02-0818	บท 1 พากย์ · speech_list_judge_main_c01	sp01_kjart_man (ช)	เฮ้ย เจอแกพอดีเลย!
B02-0819	บท 1 พากย์ · speech_list_judge_main_c01	sp01_kjart_man (ช) [อีกแทร็ก]	โห เจอแกพอดีเป๊ะเลย!
B02-0820	บท 1 พากย์ · speech_list_judge_main_c01	? (ช)	แกมาซ่อมฮีตเตอร์ใช่ไหม?\nมีอะไรอยากให้แกดูหน่อยน่ะ
B02-0821	บท 1 พากย์ · speech_list_judge_main_c01	? (ช) [อีกแทร็ก]	เฮ้ พี่ซ่อม แกมาซ่อมฮีตเตอร์ใช่ไหม?\nมีอะไรอยากให้แกดูหน่อยน่ะ
B02-0822	บท 1 พากย์ · speech_list_judge_main_c01	? (ช)	อ๋อ ได้ครับ ไม่มีปัญหา!
B02-0823	บท 1 พากย์ · speech_list_judge_main_c01	? (ช) [อีกแทร็ก]	เอ่อ ครับ! ได้เลยครับ!
B02-0824	บท 1 พากย์ · speech_list_judge_main_c01	? (ช)	มาเร็ว ทางนี้
B02-0825	บท 1 พากย์ · speech_list_judge_main_c01	? (ช)	(บ้าเอ๊ย ไม่มีทางเลือกแล้ว)
B02-0826	บท 1 พากย์ · speech_list_judge_main_c01	? (ช)	เฮ้ย จะไปไหนน่ะ?\nทางนี้ต่างหาก!
B02-0827	บท 1 พากย์ · speech_list_judge_main_c01	? (ช) [อีกแทร็ก]	เฮ้ย จะไปไหนวะ!?\nมาทางนี้สิ!
B02-0828	บท 1 พากย์ · speech_list_judge_main_c01	? (ช)	โห หนาวจนไข่จะหลุดอยู่แล้ว\nขอให้เสร็จไว ๆ เถอะ
B02-0829	บท 1 พากย์ · speech_list_judge_main_c01	? (ช) [อีกแทร็ก]	โอ๊ย หนาวชะมัด...\nพวกเราหนาวจนก้นจะแข็งอยู่แล้ว
B02-0830	บท 1 พากย์ · speech_list_judge_main_c01	? (ช)	เอ่อ ครับ
B02-0831	บท 1 พากย์ · speech_list_judge_main_c01	? (ช)	(คงต้องตามเขาไปด้วยแหละ)
B02-0832	บท 1 พากย์ · speech_list_judge_main_c01	? (ช)	นี่ไง ไฟก็เข้าปกติดี\nแต่ไม่มีอะไรเกิดขึ้นเลย
B02-0833	บท 1 พากย์ · speech_list_judge_main_c01	? (ช) [อีกแทร็ก]	ใช่ นี่ไง ไฟเข้าปกติ\nแต่ไม่ทำงานเลยสักนิด
B02-0834	บท 1 พากย์ · speech_list_judge_main_c01	? (ช)	ได้ครับ เดี๋ยวผมลองดูให้
B02-0835	บท 1 พากย์ · speech_list_judge_main_c01	? (ช) [อีกแทร็ก]	ครับ เข้าใจแล้ว ขอผมดูหน่อยนะครับ
B02-0836	บท 1 พากย์ · speech_list_judge_main_c01	? (ช)	(ไม่อยากเชื่อเลยว่าตัวเองกำลัง ทำแบบนี้...)
B02-0837	บท 1 พากย์ · speech_list_judge_main_c01	? (ช)	อื้ม... เจ้านี่นี่\nดูท่าจะผ่านวันเวลามาเยอะแล้วนะครับ
B02-0838	บท 1 พากย์ · speech_list_judge_main_c01	? (ช) [อีกแทร็ก]	อ้อ... ใช่ครับ พังจริงด้วย
B02-0839	บท 1 พากย์ · speech_list_judge_main_c01	? (ช)	ขอบใจนะเชอร์ล็อก\nแล้วซ่อมได้ไหมล่ะ?
B02-0840	บท 1 พากย์ · speech_list_judge_main_c01	? (ช) [อีกแทร็ก]	งั้นก็ซ่อมให้ไว ๆ เลยดิวะ!
B02-0841	บท 1 พากย์ · speech_list_judge_main_c01	? (ช)	(บ้าจริง ผมไม่รู้เรื่องซ่อมแอร์\nบ้า ๆ นี่เลยสักนิด)
B02-0842	บท 1 พากย์ · speech_list_judge_main_c01	? (ช)	เฮ้ยอัจฉริยะ จะซ่อมทั้งทีมึงไม่ต้อง\nถอดฝาครอบออกก่อนเหรอ?
B02-0843	บท 1 พากย์ · speech_list_judge_main_c01	? (ช) [อีกแทร็ก]	เดี๋ยวนะ จะซ่อมแบบนั้นเลยเหรอ?\nไม่ต้องถอดฝาครอบก่อนหรือไง?
B02-0844	บท 1 พากย์ · speech_list_judge_main_c01	? (ช)	(ไม่มีทางเลือกแล้ว ต้องลุยเต็มที่!)
B02-0845	บท 1 พากย์ · speech_list_judge_main_c01	? (ช)	(ยอมแพ้ตอนนี้ไม่ได้ ลองอีกทีนึง!)
B02-0846	บท 1 พากย์ · speech_list_judge_main_c01	? (ช)	โห เจ๋งว่ะ!\nไม่นึกเลยว่าจะง่ายขนาดนี้!
B02-0847	บท 1 พากย์ · speech_list_judge_main_c01	? (ช) [อีกแทร็ก]	โห เจ๋งจริงว่ะ!\nไม่คิดเลยว่าจะง่ายปานนี้
B02-0848	บท 1 พากย์ · speech_list_judge_main_c01	? (ช)	ยินดีที่ได้ช่วยครับ เอาล่ะ ขอตัวก่อนนะครับ\nผมยังมีงานซ่อมที่อื่นต้องไปต่อ
B02-0849	บท 1 พากย์ · speech_list_judge_main_c01	? (ช) [อีกแทร็ก]	อ๋อ ไม่เป็นไรครับ ยินดีที่ได้ช่วยเหลือ\nเอาล่ะ ผมขอตัวไปก่อนนะครับ...
B02-0850	บท 1 พากย์ · speech_list_judge_main_c01	? (ช)	(ฮื่อ เกือบไปแล้ว)
B02-0851	บท 1 พากย์ · speech_list_judge_main_c01	sp01_kjart_man (ช)	หา? แกเป็นใครวะ?
B02-0852	บท 1 พากย์ · speech_list_judge_main_c01	sp01_kjart_man (ช) [อีกแทร็ก]	หา? นี่ใครน่ะ?
B02-0853	บท 1 พากย์ · speech_list_judge_main_c01	? (ช)	อ๋อ ผม... มาซ่อมฮีตเตอร์น่ะครับ
B02-0854	บท 1 พากย์ · speech_list_judge_main_c01	? (ช) [อีกแทร็ก]	เอ่อ... ผมมาซ่อมฮีตเตอร์ครับ
B02-0855	บท 1 พากย์ · speech_list_judge_main_c01	? (ช)	แปลกนะ แกไม่ใช่คนเดิมที่มาประจำนี่
B02-0856	บท 1 พากย์ · speech_list_judge_main_c01	? (ช)	(มีช่างประจำด้วยเหรอ...?\nฮีตเตอร์พังบ่อยขนาดนั้นเลยเหรอเนี่ย?)
B02-0857	บท 1 พากย์ · speech_list_judge_main_c01	? (ช)	คนของพวกเราไปไหนวะ?\nไม่เคยมีใครอื่นมาแทนเลยนะ
B02-0858	บท 1 พากย์ · speech_list_judge_main_c01	? (ช) [อีกแทร็ก]	ช่างประจำของพวกเราหายไปไหน?\nไม่เคยมีใครอื่นมาแทนเลยนะ
B02-0859	บท 1 พากย์ · speech_list_judge_main_c01	? (ช)	อ่อ เอ่อ... เรื่องนั้นน่ะครับ
B02-0860	บท 1 พากย์ · speech_list_judge_main_c01	? (ช)	รู้อะไรไหม เดี๋ยวโทรหามันอีกที\nดูเองเลยว่าเกิดอะไรขึ้น
B02-0861	บท 1 พากย์ · speech_list_judge_main_c01	? (ช) [อีกแทร็ก]	รู้อะไรไหม... เดี๋ยวโทรหามันอีกที\nดูเองว่าเกิดอะไรขึ้นกันแน่
B02-0862	บท 1 พากย์ · speech_list_judge_main_c01	? (ช)	(อ้อ คนนี้เองที่โทรเรียกช่าง\nจะเอาตัวรอดจากตรงนี้ยังไงดี?)
B02-0863	บท 1 พากย์ · speech_list_judge_main_c01	? (ช)	อ๋อ ช่างที่ปกติส่งมาที่นี่ป่วยอยู่\nวันนี้ผมเลยมาแทนน่ะครับ
B02-0864	บท 1 พากย์ · speech_list_judge_main_c01	? (ช) [อีกแทร็ก]	อ๋อ ช่างประจำป่วยวันนี้\nผมเลยมาทำงานแทนครับ
B02-0865	บท 1 พากย์ · speech_list_judge_main_c01	? (ช)	แปลกนะ ฉันเพิ่งวางสายจากมันไป\nฟังดูเหมือนมันกำลังจะมาซะอีก
B02-0866	บท 1 พากย์ · speech_list_judge_main_c01	? (ช) [อีกแทร็ก]	อะไรนะ ฉันเพิ่งคุยโทรศัพท์กับมันไป\nฟังจากที่มันพูด เหมือนกำลังจะมาอยู่แล้ว
B02-0867	บท 1 พากย์ · speech_list_judge_main_c01	? (ช)	แปลกจังครับ เขาคง...\nหายป่วยเร็วมั้งครับ
B02-0868	บท 1 พากย์ · speech_list_judge_main_c01	? (ช) [อีกแทร็ก]	หา? แปลกจังครับ...\nเขาคงหายป่วยเร็วน่ะครับ...
B02-0869	บท 1 พากย์ · speech_list_judge_main_c01	? (ช)	(บ้าเอ๊ย เขาคุยโทรศัพท์กับคนจริงไปแล้ว!\nน่าจะคิดข้ออ้างดีกว่านี้!)
B02-0870	บท 1 พากย์ · speech_list_judge_main_c01	? (ช)	เจ้านี่น่าสงสัยชิบหาย!\nกูว่ามันเป็นสายลับโทโจแน่ ๆ!
B02-0871	บท 1 พากย์ · speech_list_judge_main_c01	? (ช)	เชี่ยเอ๊ย จริงด้วยว่ะ!\nไปเลยพวกเรา รุมมันเลย!
B02-0872	บท 1 พากย์ · speech_list_judge_main_c01	? (ช) [อีกแทร็ก]	เชี่ยเอ๊ย! ไปกันเลยพวกเรา!\nรุมมันเลย!
B02-0873	บท 1 พากย์ · speech_list_judge_main_c01	? (ช)	จริง ๆ แล้วผมมาจากคามุโร เมนเทนแนนซ์ครับ\nเคยได้ยินชื่อไหมครับ เราเป็นบริษัทเล็ก ๆ แต่... กำลังโตครับ?
B02-0874	บท 1 พากย์ · speech_list_judge_main_c01	? (ช) [อีกแทร็ก]	ผมก็ไม่แน่ใจครับ บางทีคุณอาจเรียกช่างมาสองเจ้า?\nผมมาจากบริษัทชื่อคามุโร เมนเทนแนนซ์ครับ
B02-0875	บท 1 พากย์ · speech_list_judge_main_c01	? (ช)	...ไม่เคยได้ยินชื่อนี้เลย\nคงเป็นบริษัทเปิดใหม่มั้ง
B02-0876	บท 1 พากย์ · speech_list_judge_main_c01	? (ช) [อีกแทร็ก]	คามุโร เมนเทนแนนซ์...?\nไม่เคยได้ยินชื่อเลยว่ะ
B02-0877	บท 1 พากย์ · speech_list_judge_main_c01	? (ช)	งั้นคงมีใครอีกคนโทรเรียกไปมั้งครับ\nขอโทษด้วยครับ ไม่ได้ตั้งใจจะทำให้ตกใจ
B02-0878	บท 1 พากย์ · speech_list_judge_main_c01	? (ช) [อีกแทร็ก]	งั้นก็ต้องขอโทษด้วยจริง ๆ ครับ\nคงมีใครอีกคนเรียกผมมาแทน
B02-0879	บท 1 พากย์ · speech_list_judge_main_c01	? (ช)	ไม่เป็นไรหรอกน่า\nอ๋อ ถึงบอกว่าไม่คุ้นหน้าแกเลย
B02-0880	บท 1 พากย์ · speech_list_judge_main_c01	? (ช) [อีกแทร็ก]	ไม่เป็นไรหรอกน่า อ๋อ ถึงบอกว่า\nไม่คุ้นหน้าแกเลย นึกออกละสิ
B02-0881	บท 1 พากย์ · speech_list_judge_main_c01	? (ช)	ถ้าซ่อมไม่ได้ คืนเงินเต็มจำนวนเลยครับ!
B02-0882	บท 1 พากย์ · speech_list_judge_main_c01	? (ช) [อีกแทร็ก]	ขอบคุณมากครับ\nมีปัญหาอีกเรียกเราได้เลยนะครับ!
B02-0883	บท 1 พากย์ · speech_list_judge_main_c01	? (ช)	(เฮ่อ หลอกผ่านไปได้)
B02-0884	บท 1 พากย์ · speech_list_judge_main_c01	? (ช)	(แต่อยู่แถวนี้นานไม่ได้หรอก\nต้องรีบไปต่อแล้ว)
B02-0885	บท 1 พากย์ · speech_list_judge_main_c01	? (ช)	ที่จริงแล้ว...\nผมไปทำศัลยกรรมมาน่ะครับ
B02-0886	บท 1 พากย์ · speech_list_judge_main_c01	? (ช) [อีกแทร็ก]	เอ่อ... ผมไปทำศัลยกรรมมาครับ
B02-0887	บท 1 พากย์ · speech_list_judge_main_c01	? (ช) [อีกแทร็ก]	แกว่าไงนะ?
B02-0888	บท 1 พากย์ · speech_list_judge_main_c01	? (ช)	ใช่ครับ ผมไม่เคยพอใจกับหน้าตาตัวเองเลย\nเลยเก็บเงินอยู่หลายปีกว่าจะได้ ทำสักที
B02-0889	บท 1 พากย์ · speech_list_judge_main_c01	? (ช) [อีกแทร็ก]	ใช่ครับ ผมไม่เคยพอใจกับหน้าตาตัวเองสักนิด\nเก็บเงินหลายปีกว่าจะทำสำเร็จแบบนี้
B02-0890	บท 1 พากย์ · speech_list_judge_main_c01	? (ช)	แล้วเสียงที่เปลี่ยนไปนี่จะ อธิบายว่าไง?
B02-0891	บท 1 พากย์ · speech_list_judge_main_c01	? (ช) [อีกแทร็ก]	แล้วจะอธิบายเรื่องเสียง\nที่เปลี่ยนไปยังไง?
B02-0892	บท 1 พากย์ · speech_list_judge_main_c01	? (ช)	เสียงผมเหรอครับ?
B02-0893	บท 1 พากย์ · speech_list_judge_main_c01	? (ช) [อีกแทร็ก]	...เอ่อ...เสียงผมเหรอครับ?
B02-0894	บท 1 พากย์ · speech_list_judge_main_c01	? (ช)	มันฟังดูคนละเสียงกับตอนคุย โทรศัพท์เลยนะ\nจะบอกว่าเสียงเปลี่ยนไปด้วยรึไง?
B02-0895	บท 1 พากย์ · speech_list_judge_main_c01	? (ช)	(เฮ่อ ออกมาได้แล้ว ต้องรีบไปต่อ\nก่อนทั้งตึกจะจับได้ว่าเป็นใคร)
B02-0896	บท 1 พากย์ · speech_list_judge_main_c01	sp01_yagami (ช)	(ประตูนี้ท่าทางจะเปิดไม่ได้)
B02-0897	บท 1 พากย์ · speech_list_judge_main_c01	? (ช)	(ดูเหมือนจะล็อกอยู่...)
B02-0898	บท 1 พากย์ · speech_list_judge_main_c01	? (ช)	(เดี๋ยวนะ กุญแจ "ชั้นสาม" ที่เจอ\nในห้องรักษาความปลอดภัยล่ะ?)
B02-0899	บท 1 พากย์ · speech_list_judge_main_c01	? (ช)	(ลองใช้ดูอาจจะได้ผล)
B02-0900	บท 1 พากย์ · speech_list_judge_main_c01	? (ช)	(หือ? ประตูนี้ไม่มีในแผนที่...\nทำไมสำนักงานยากูซ่าถึงซับซ้อน ขนาดนี้ทุกทีนะ?)
B02-0901	บท 1 พากย์ · speech_list_judge_main_c01	? (ช)	(ยังไงก็ตาม กุญแจที่เจอมาก่อนหน้านี้\nคงใช้ที่นี่ไม่ได้)
B02-0902	บท 1 พากย์ · speech_list_judge_main_c01	? (ช)	(คงต้องงัดกุญแจเอาแล้ว)
B02-0903	บท 1 พากย์ · speech_list_judge_main_c01	? (ช)	(อะไรกัน...? ไม่มีบันไดขึ้นไปต่อเลย\nทั้งที่ยังไม่ใช่ชั้นบนสุด)
B02-0904	บท 1 พากย์ · speech_list_judge_main_c01	? (ช)	(ต้องหาทางขึ้นไปหามุราเสะให้ได้!)
B02-0905	บท 1 พากย์ · speech_list_judge_main_c01	? (ช)	(ประตูห้องรับแขกแข็งแรงเกินไปหน่อยนะ)
B02-0906	บท 1 พากย์ · speech_list_judge_main_c01	? (ช)	(ไม่มีทางเข้าไปตรงนั้นได้\nถ้าไม่มีรหัส)
B02-0907	บท 1 พากย์ · speech_list_judge_main_c01	? (ช)	(ก็ไม่ได้จำเป็นต้องเข้าไปหรอกนะ\nเป้าหมายของผมคือมุราเสะ)
B02-0908	บท 1 พากย์ · speech_list_judge_main_c01	? (ช)	(ต้องใช้รหัสถึงจะเข้าตรงนี้ได้)
B02-0909	บท 1 พากย์ · speech_list_judge_main_c01	? (ช)	(ที่นี่น่าจะเคยเป็นโกดัง\nข้างในอาจมีอะไรมีประโยชน์บ้าง)
B02-0910	บท 1 พากย์ · speech_list_judge_main_c01	? (ช)	(ลองใส่รหัสดูดีกว่า)
B02-0911	บท 1 พากย์ · speech_list_judge_main_c01	? (ช)	(เฮ้ เปิดออกแล้ว)
B02-0912	บท 1 พากย์ · speech_list_judge_main_c01	? (ช)	(อ้าว ไม่ได้ผลสินะ)
B02-0913	บท 1 พากย์ · speech_list_judge_main_c01	? (ช)	(ฟังดูเหมือนมีใครกำลังโมโห\nอยู่ข้างบนนะ)
B02-0914	บท 1 พากย์ · speech_list_judge_main_c01	? (ช)	(ต้องหาทางอ้อมไป\nถ้าไม่อยากโดนจับได้)
B02-0915	บท 1 พากย์ · speech_list_judge_main_c01	? (ช)	(จากตรงนี้ออกไปดาดฟ้าได้)
B02-0916	บท 1 พากย์ · speech_list_judge_main_c01	? (ช)	(...แล้วนั่นก็คือทางขึ้นของผม)
B02-0917	บท 1 พากย์ · speech_list_judge_main_c01	? (ช)	(บันไดหนีไฟอยู่ตรงนั้นเอง\nทางลงไปชั้นห้าของผม)
B02-0918	บท 1 พากย์ · speech_list_judge_main_c01	? (ช)	(ไม่รู้ว่าเกิดอะไรขึ้น แต่พวกนั้นดูยุ่งอยู่\nลองแอบอ้อมผ่านไปดีกว่าถ้าทำได้)
B02-0919	บท 1 พากย์ · speech_list_judge_main_c01	sp01_kjart_man (ช)	มึงคิดบ้าอะไรอยู่วะ ไอ้โง่!?
B02-0920	บท 1 พากย์ · speech_list_judge_main_c01	sp01_kjart_man (ช) [อีกแทร็ก]	ไอ้โง่เอ๊ย!\nมึงคิดบ้าอะไรอยู่วะ!?
B02-0921	บท 1 พากย์ · speech_list_judge_main_c01	sp01_kjart_man (ช)	กูเตือนมึงแล้วนะ\nว่าจะเกิดเรื่องแบบนี้!
B02-0922	บท 1 พากย์ · speech_list_judge_main_c01	sp01_kjart_man (ช)	ขอโทษครับ ผมขอโทษจริง ๆ!\nขอโทษจริง ๆ ครับ...!
B02-0923	บท 1 พากย์ · speech_list_judge_main_c01	? (ช)	(เอาล่ะ ปีนรั้วนี้กันเลย)
B02-0924	บท 1 พากย์ · speech_list_judge_main_c01	sp01_kaito (ช)	ไสหัวไปให้พ้นเลยไป!
B02-0925	บท 1 พากย์ · speech_list_judge_main_c01	higashi (ช)	หา? แต่ว่า...
B02-0926	บท 1 พากย์ · speech_list_judge_main_c01	? (ช)	หา? ไคโตะซัง?
B02-0927	บท 1 พากย์ · speech_list_judge_main_c01	? (ช) [อีกแทร็ก]	นั่น... ไคโตะซังเหรอ?
B02-0928	บท 1 พากย์ · speech_list_judge_main_c01	? (ช)	แต่ผมได้รับโทรศัพท์\nเรื่องฮีตเตอร์เสียนี่นา...
B02-0929	บท 1 พากย์ · speech_list_judge_main_c01	? (ช) [อีกแทร็ก]	แต่ผมได้รับแจ้งเรื่องฮีตเตอร์ เสียมานี่นา...
B02-0930	บท 1 พากย์ · speech_list_judge_main_c01	? (ช)	บอกแล้วไงว่าเราจัดการเองได้!\nซ่อมเสร็จแล้ว ไม่มีอะไรให้ดูอีก!
B02-0931	บท 1 พากย์ · speech_list_judge_main_c01	? (ช) [อีกแทร็ก]	บอกแล้วไงว่าจัดการเองได้!\nไม่ต้องขอบคุณมึงหรอก!
B02-0932	บท 1 พากย์ · speech_list_judge_main_c01	? (ช)	ขอผมเช็กสักนิดได้ไหมครับ ว่าทุกอย่างเรียบร้อยดี\nอ้อ แล้วต้องขอให้เซ็นตรงนี้ด้วยครับ
B02-0933	บท 1 พากย์ · speech_list_judge_main_c01	? (ช)	กูไม่เซ็นห่าอะไรทั้งนั้น มึงยังไม่ได้ซ่อมอะไรเลยด้วยซ้ำ!\nรีบไสหัวไปซะ!
B02-0934	บท 1 พากย์ · speech_list_judge_main_c01	? (ช) [อีกแทร็ก]	กูไม่เซ็นห่าอะไรทั้งนั้น ไสหัวไปซะ!\nมึงยังไม่ได้ซ่อมอะไรเลยด้วยซ้ำ!
B02-0935	บท 1 พากย์ · speech_list_judge_main_c01	? (ช)	เอ่อ ขอยืมห้องน้ำหน่อยได้ไหมครับ\nรู้สึกไม่ค่อยสบายเลย...
B02-0936	บท 1 พากย์ · speech_list_judge_main_c01	? (ช)	ขี้ใส่กางเกงไปเลยกูไม่สนหรอก!
B02-0937	บท 1 พากย์ · speech_list_judge_main_c01	? (ช) [อีกแทร็ก]	งั้นก็ขี้ใส่กางเกงไปเลย!
B02-0938	บท 1 พากย์ · speech_list_judge_main_c01	? (ช) [อีกแทร็ก]	หาาา!?
B02-0939	บท 1 พากย์ · speech_list_judge_main_c01	? (ช)	(อีกนิดเดียว อดทนไว้อีกหน่อยนะ\nไคโตะซัง!)
B02-0940	บท 1 พากย์ · speech_list_judge_main_c01	murase (ช)	มึงต้องการห่าอะไรกันแน่วะ?
B02-0941	บท 1 พากย์ · speech_list_judge_main_c01	yagami (ช)	ผมบอกไปแล้วไงว่าแค่อยากคุยด้วย\nดูนี่สิ
B02-0942	บท 1 พากย์ · speech_list_judge_main_c01	yagami (ช) [อีกแทร็ก]	ไม่ได้ฟังที่ผมพูดเหรอ ผมแค่อยากคุยกับคุณ\nดูนี่สิ
B02-0943	บท 1 พากย์ · speech_list_judge_main_c01	? (ช)	นี่คือคุณตอนที่หนีไป\nหลังทิ้งคุเมะไว้
B02-0944	บท 1 พากย์ · speech_list_judge_main_c01	? (ช)	มึงคิดว่าตัวเองเป็นใครวะ?
B02-0945	บท 1 พากย์ · speech_list_judge_main_c01	? (ช) [อีกแทร็ก]	มึงพยายามจะพูดอะไรวะ?
B02-0946	บท 1 พากย์ · speech_list_judge_main_c01	? (ช)	ผมเป็นนักสืบแถวนี้ ทนายของฮามุระ\nจ้างให้ผมสืบคดีฆาตกรรมคุเมะ
B02-0947	บท 1 พากย์ · speech_list_judge_main_c01	? (ช) [อีกแทร็ก]	ผมเป็นนักสืบแถวคามุโรโจ กำลังสืบคดีฆาตกรรมคุเมะอยู่\nในนามของทนายฮามุระ
B02-0948	บท 1 พากย์ · speech_list_judge_main_c01	? (ช)	แล้วไง มึงจะปกป้องฮามุระงั้นเหรอ?
B02-0949	บท 1 พากย์ · speech_list_judge_main_c01	? (ช) [อีกแทร็ก]	ขอให้มึงพูดให้ชัด...\nมึงจะปกป้องไอ้ระยำฮามุระงั้นเหรอ?
B02-0950	บท 1 พากย์ · speech_list_judge_main_c01	? (ช)	มึงคิดว่ากูจะบอกอะไร\nกับมึงงั้นเหรอ ไอ้เวร!?
B02-0951	บท 1 พากย์ · speech_list_judge_main_c01	? (ช) [อีกแทร็ก]	ไปตายซะ!\nกูจะบอกมึงทำไมวะ!?
B02-0952	บท 1 พากย์ · speech_list_judge_main_c01	? (ช)	ผมนึกว่าเราตกลงกันไปแล้วนะ\nอยากไปอีกรอบเหรอ?
B02-0953	บท 1 พากย์ · speech_list_judge_main_c01	? (ช) [อีกแทร็ก]	ผมนึกว่าเรา<font_kind=yakuza_italic>เจรจา</font_kind>กันไปแล้วนะ\nอยากไปอีกรอบเหรอ?
B02-0954	บท 1 พากย์ · speech_list_judge_main_c01	? (ช)	มึงอย่าคิดว่าจะรอดตัวไปได้ง่าย ๆ นะ\nกูจำหน้ามึงได้แล้ว
B02-0955	บท 1 พากย์ · speech_list_judge_main_c01	? (ช) [อีกแทร็ก]	มึงอย่าหวังว่าจะเดินออกไปได้เฉย ๆ นะ\nกูจำหน้ามึงไว้แล้ว
B02-0956	บท 1 พากย์ · speech_list_judge_main_c01	? (ช)	คุณคิดจริง ๆ เหรอว่าฮามุระฆ่าคุเมะ?
B02-0957	บท 1 พากย์ · speech_list_judge_main_c01	? (ช)	ก็แน่นอนอยู่แล้ว\nไม่งั้นใครจะทำวะ?
B02-0958	บท 1 พากย์ · speech_list_judge_main_c01	? (ช)	นั่นแหละที่ผมกำลังหาคำตอบอยู่\nผมต้องรู้ว่าคืนนั้นเกิดอะไร ขึ้นกันแน่
B02-0959	บท 1 พากย์ · speech_list_judge_main_c01	? (ช) [อีกแทร็ก]	นั่นแหละที่ผมกำลังพยายามหาคำตอบ ถ้าเจอ\nเบาะแสที่ถูกต้อง ผมจะรู้แน่ชัด
B02-0960	บท 1 พากย์ · speech_list_judge_main_c01	? (ช)	ฮึ่ย มันชัดเจนอยู่แล้ว\nฮามุระควักลูกตาคุเมะออก จบข่าว!
B02-0961	บท 1 พากย์ · speech_list_judge_main_c01	? (ช)	เหรอ? ที่ไหน? ยังไง?
B02-0962	บท 1 พากย์ · speech_list_judge_main_c01	? (ช)	ในกองขยะหลังคลับอามูร์\nไอ้เวรทรมานคุเมะจนตาย!
B02-0963	บท 1 พากย์ · speech_list_judge_main_c01	? (ช)	ที่จริงแล้วการฆาตกรรมเกิดที่อื่น\nและผมมีหลักฐานพิสูจน์ได้
B02-0964	บท 1 พากย์ · speech_list_judge_main_c01	? (ช)	<color=ｍonologue>(ผมมีอะไรที่พิสูจน์\nเรื่องนี้ได้บ้างนะ...?)</color>
B02-0965	บท 1 พากย์ · speech_list_judge_main_c01	? (ช)	ดูนี่สิ
B02-0966	บท 1 พากย์ · speech_list_judge_main_c01	? (ช)	มึงเล่นอะไรอยู่วะ?
B02-0967	บท 1 พากย์ · speech_list_judge_main_c01	? (ช) [อีกแทร็ก]	มันหมายความว่าไงวะ?
B02-0968	บท 1 พากย์ · speech_list_judge_main_c01	? (ช)	มึงจะบอกว่ามันโดนฆ่า\nในคลับอามูร์เหรอ กูไม่เก็ตเลยว่ะ
B02-0969	บท 1 พากย์ · speech_list_judge_main_c01	? (ช) [อีกแทร็ก]	มึงจะบอกว่าคุเมะตายในคลับอามูร์เหรอ?\nกูไม่เก็ตเลยว่ะ
B02-0970	บท 1 พากย์ · speech_list_judge_main_c01	? (ช)	เอ่อ ที่จริง... มันดูยากหน่อย\nที่จะบอกจากตรงนี้ รอเดี๋ยวนะ
B02-0971	บท 1 พากย์ · speech_list_judge_main_c01	? (ช) [อีกแทร็ก]	ที่จริง... พูดถูกนะ มันดูยากอยู่ที่จะบอกจากตรงนี้\nรอเดี๋ยวนะ
B02-0972	บท 1 พากย์ · speech_list_judge_main_c01	? (ช)	<color=ｍonologue>(ศพของคุเมะถูกพบหลังคลับอามูร์\nแต่การฆาตกรรมเกิดขึ้นที่อื่น)</color>
B02-0973	บท 1 พากย์ · speech_list_judge_main_c01	? (ช)	<color=ｍonologue>(ผมมีอะไรที่พิสูจน์เรื่องนี้ได้บ้างนะ...?)</color>
B02-0974	บท 1 พากย์ · speech_list_judge_main_c01	? (ช)	อย่างที่เห็นตรงนี้\nกล้องวงจรปิดหลังคลับอามูร์เสียอยู่
B02-0975	บท 1 พากย์ · speech_list_judge_main_c01	? (ช) [อีกแทร็ก]	มีกล้องวงจรปิดอยู่หลังคลับอามูร์\nแต่ลองดูดี ๆ สิ มันเสียอยู่
B02-0976	บท 1 พากย์ · speech_list_judge_main_c01	? (ช)	แล้วมันเกี่ยวอะไรวะ?\nกูไม่เก็ตเลย
B02-0977	บท 1 พากย์ · speech_list_judge_main_c01	? (ช) [อีกแทร็ก]	แล้วไง? ใครแคร์วะ?\nกูไม่เก็ตเลย
B02-0978	บท 1 พากย์ · speech_list_judge_main_c01	? (ช) [อีกแทร็ก]	แล้วไงวะ? กูไม่เก็ตเลย
B02-0979	บท 1 พากย์ · speech_list_judge_main_c01	? (ช)	<color=ｍonologue>(ฮามุระไล่เจ้าของคลับอามูร์ออก ไปข้างนอก\nแต่ตัวมุราเสะเองไม่ปรากฏในภาพเลย)</color>
B02-0980	บท 1 พากย์ · speech_list_judge_main_c01	? (ช)	(ใช่แล้ว มีเบาะแส\nอยู่ในภาพนี้)
B02-0981	บท 1 พากย์ · speech_list_judge_main_c01	? (ช)	(ศพของคุเมะถูกย้ายมาที่นี่หลังตาย\nมีบางอย่างในภาพนี้ที่บ่งบอกได้)
B02-0982	บท 1 พากย์ · speech_list_judge_main_c01	yagami (ช)	(ศพถูกควักลูกตาออก\nแต่ตอนนี้ยังไม่พูดถึงเรื่อง นั้นดีกว่า)
B02-0983	บท 1 พากย์ · speech_list_judge_main_c01	? (ช)	(ศพของโทชิโร คุเมะ ยากูซ่าตระกูลเคียวเรอิ\nแต่บอกมุราเสะไปก็ไม่มีประโยชน์อะไร)
B02-0984	บท 1 พากย์ · speech_list_judge_main_c01	? (ช)	(กองขยะไม่ใช่จุดสำคัญ)
B02-0985	บท 1 พากย์ · speech_list_judge_main_c01	? (ช)	(สิ่งที่ผมต้องแสดงให้เห็นคือ คุเมะถูกฆ่า\nที่อื่น ไม่ใช่จุดที่ภาพนี้แสดง)
B02-0986	บท 1 พากย์ · speech_list_judge_main_c01	? (ช)	(ถ้าจำไม่ผิด พวกเขาไม่เจอกระเป๋าสตางค์\nหรือโทรศัพท์ในกระเป๋าเขาเลย)
B02-0987	บท 1 พากย์ · speech_list_judge_main_c01	? (ช)	(ไม่มีร่องรอยเลือดบนพื้นเลยสักนิด\nนั่นแหละ!)
B02-0988	บท 1 พากย์ · speech_list_judge_main_c01	? (ช)	อะไรวะเนี่ย?\nนั่นมัน... คุเมะ!
B02-0989	บท 1 พากย์ · speech_list_judge_main_c01	? (ช)	ขอโทษด้วยครับ ผมรู้ว่า\nภาพนี้คงดูยากสำหรับคุณ
B02-0990	บท 1 พากย์ · speech_list_judge_main_c01	? (ช) [อีกแทร็ก]	ขอโทษด้วยถ้าภาพนี้ดูยากไปหน่อย
B02-0991	บท 1 พากย์ · speech_list_judge_main_c01	? (ช)	แต่อย่างที่เห็น แทบไม่มี\nเลือดรอบตัวเขาเลย
B02-0992	บท 1 พากย์ · speech_list_judge_main_c01	? (ช) [อีกแทร็ก]	แต่... จากภาพก็เห็นชัดอยู่\nว่าแทบไม่มีเลือดรอบศพเลย
B02-0993	บท 1 พากย์ · speech_list_judge_main_c01	? (ช)	นั่นแปลว่าเขาถูกฆ่าที่อื่น\nแล้วค่อยถูกย้ายมาที่ตรอกนี้
B02-0994	บท 1 พากย์ · speech_list_judge_main_c01	? (ช)	อ้อ... ก็คงงั้นแหละนะ?\nมันไม่สมเหตุสมผลเลยจริง ๆ
B02-0995	บท 1 พากย์ · speech_list_judge_main_c01	? (ช) [อีกแทร็ก]	อือ ก็คงงั้นแหละ...\nเออ เข้าใจที่แกพูดแล้วล่ะ...
B02-0996	บท 1 พากย์ · speech_list_judge_main_c01	? (ช)	เอาล่ะ พร้อมจะคุยกันหรือยัง?
B02-0997	บท 1 พากย์ · speech_list_judge_main_c01	? (ช) [อีกแทร็ก]	เอาล่ะ พร้อมคุยแล้วใช่ไหม?
B02-0998	บท 1 พากย์ · speech_list_judge_main_c01	? (?)	ฮึ่ม
B02-0999	บท 1 พากย์ · speech_list_judge_main_c01	? (ช)	<color=ｍonologue>(คิดว่าในที่สุดก็เข้าเรื่องหลัก\nได้สักทีแล้ว)</color>
B02-1000	บท 1 พากย์ · speech_list_judge_main_c01	? (ช)	เอาล่ะ เริ่มเล่าตั้งแต่ต้นเลย
B02-1001	บท 1 พากย์ · speech_list_judge_main_c01	? (ช)	เอาล่ะ หลังจากที่คุณหนีออกจากคลับอามูร์\nคุณไปที่ไหนต่อกันแน่?
B02-1002	บท 1 พากย์ · speech_list_judge_main_c01	? (ช)	คุณคงปล่อยให้พวกมัน\nจับคุเมะไปเฉย ๆ ไม่ได้ใช่ไหม?
B02-1003	บท 1 พากย์ · speech_list_judge_main_c01	? (ช) [อีกแทร็ก]	พวกมันจับเพื่อนคุณอย่างคุเมะไป\nคุณคงยอมอยู่เฉย ๆ ไม่ได้หรอก
B02-1004	บท 1 พากย์ · speech_list_judge_main_c01	? (ช)	ใช่ ฉันต้องทำอะไรสักอย่าง
B02-1005	บท 1 พากย์ · speech_list_judge_main_c01	? (ช) [อีกแทร็ก]	...ฉันต้องทำอะไรสักอย่างจริง ๆ
B02-1006	บท 1 พากย์ · speech_list_judge_main_c01	? (ช)	เลยไปรวบรวมคนในตระกูลที่เหลือ\nต้องเอาตัวคุเมะกลับมาให้ได้
B02-1007	บท 1 พากย์ · speech_list_judge_main_c01	? (ช) [อีกแทร็ก]	เลยไปรวบรวมพรรคพวก\nระดมตระกูลเคียวเรอิไปเอาตัว คุเมะกลับมา เข้าใจไหม?
B02-1008	บท 1 พากย์ · speech_list_judge_main_c01	? (ช)	แต่ไม่มีใครยอมช่วยเลยสักคนใช่ไหม
B02-1009	บท 1 พากย์ · speech_list_judge_main_c01	? (ช)	ล้อเล่นรึไง? แน่นอนว่าพวกเขาช่วยสิ\nพวกเราบุกเข้าไปพร้อมจะซัดหัว ใครก็ตามที่ขวางทาง
B02-1010	บท 1 พากย์ · speech_list_judge_main_c01	? (ช) [อีกแทร็ก]	อะไรนะ ล้อเล่นรึไง? แน่นอนว่าพวกเขาช่วยสิ\nพวกเราบุกฝ่าเข้าไปในอามูร์กัน หมดทุกคน
B02-1011	บท 1 พากย์ · speech_list_judge_main_c01	? (ช)	แต่ผมนึกว่าไม่มีใครอื่น\nเข้าออกอามูร์เลยนะ
B02-1012	บท 1 พากย์ · speech_list_judge_main_c01	? (ช) [อีกแทร็ก]	เดี๋ยวนะ ผมนึกว่าไม่มีใครอื่น\nเข้าออกอามูร์เลยนี่
B02-1013	บท 1 พากย์ · speech_list_judge_main_c01	? (ช)	อะไร หมายความว่าเพราะกล้อง\nไม่เห็นใครงั้นเหรอ
B02-1014	บท 1 พากย์ · speech_list_judge_main_c01	? (ช)	ฮึ ตลกดีนะ ปรากฏว่าไม่มีทาง\nถูกกล้องจับภาพได้ ถ้ากล้องมันพังไปแล้ว
B02-1015	บท 1 พากย์ · speech_list_judge_main_c01	? (ช) [อีกแทร็ก]	คือพวกเราไม่ได้เข้าทางหน้าไง เราอ้อมไป\nทางหลังตรงที่กล้องพังนั่นแหละ
B02-1016	บท 1 พากย์ · speech_list_judge_main_c01	? (ช)	ตรอกหลังร้านนั่นแหละคือทางเข้าของเรา
B02-1017	บท 1 พากย์ · speech_list_judge_main_c01	? (ช) [อีกแทร็ก]	นั่นแหละคือทางที่พาเราเข้าไปใน อามูร์ได้
B02-1018	บท 1 พากย์ · speech_list_judge_main_c01	? (ช)	งั้นคุณเข้าไปข้างในจริง ๆ เหรอ
B02-1019	บท 1 พากย์ · speech_list_judge_main_c01	? (ช) [อีกแทร็ก]	ผ่านตรอกหลังร้านเหรอ\nคุณอยู่ในอามูร์จริง ๆ เหรอ
B02-1020	บท 1 พากย์ · speech_list_judge_main_c01	? (ช)	ใช่ แต่ในนั้นไม่มีใครสักคนเลย\nเชื่อผมสิ พวกเราค้นทั่วทั้งร้านแล้ว
B02-1021	บท 1 พากย์ · speech_list_judge_main_c01	? (ช)	แล้วนั่นมันตอนไหน
B02-1022	บท 1 พากย์ · speech_list_judge_main_c01	? (ช)	คงจะช่วงหลังเที่ยงคืนไปหน่อยมั้ง
B02-1023	บท 1 พากย์ · speech_list_judge_main_c01	? (ช) [อีกแทร็ก]	ช่วงหลังเที่ยงคืนไปหน่อย
B02-1024	บท 1 พากย์ · speech_list_judge_main_c01	? (ช)	ตรงกับช่วงที่ฝ่ายอัยการบอกว่า\nฮามุระกำลังซ้อมคุเมะอยู่พอดี
B02-1025	บท 1 พากย์ · speech_list_judge_main_c01	? (ช) [อีกแทร็ก]	ตามคำของฝ่ายอัยการ นั่นคือช่วงที่ฮามุระ\nกำลังรุมกระทืบคุเมะอยู่ในอามูร์
B02-1026	บท 1 พากย์ · speech_list_judge_main_c01	? (ช)	ถ้าคุณพูดความจริง\nนั่นก็ขัดแย้งกันชัด ๆ
B02-1027	บท 1 พากย์ · speech_list_judge_main_c01	? (ช) [อีกแทร็ก]	ถ้าคุณพูดความจริง\nเรื่องที่ฝ่ายนั้นเล่าก็ฟังไม่ขึ้นเลย
B02-1028	บท 1 พากย์ · speech_list_judge_main_c01	? (ช)	ฮึ่ม ใครสนวะ\nว่าฝ่ายอัยการจะพูดอะไร
B02-1029	บท 1 พากย์ · speech_list_judge_main_c01	? (ช)	ฮามุระฆ่าคุเมะ จบ\nไม่มีทางเป็นอื่นไปได้หรอกวะ!
B02-1030	บท 1 พากย์ · speech_list_judge_main_c01	? (ช) [อีกแทร็ก]	บอกแล้วไง ฮามุระฆ่าคุเมะ!\nไม่มีทางเป็นอื่นไปได้หรอก!
B02-1031	บท 1 พากย์ · speech_list_judge_main_c01	? (ช)	อาจจะใช่ แต่ตำรวจ\nก็ยังต้องฟังเรื่องจากปากคุณอยู่ดี
B02-1032	บท 1 พากย์ · speech_list_judge_main_c01	? (ช) [อีกแทร็ก]	อาจจะใช่ แต่ถ้าอยากรู้ความจริง\nตำรวจก็ต้องฟังเรื่องจากปากคุณ
B02-1033	บท 1 พากย์ · speech_list_judge_main_c01	? (ช)	ถ้าคุณช่วยให้การเรื่องนี้ได้...
B02-1034	บท 1 พากย์ · speech_list_judge_main_c01	? (ช) [อีกแทร็ก]	ถ้าคุณไม่ว่าอะไรที่จะขึ้นให้การ...
B02-1035	บท 1 พากย์ · speech_list_judge_main_c01	? (ช)	คุณต้องล้อเล่นแน่ ๆ\nจะให้ฉันทำแบบนั้นทำไมวะ ห๊ะ?
B02-1036	บท 1 พากย์ · speech_list_judge_main_c01	? (ช) [อีกแทร็ก]	ล้อเล่นรึไงวะเนี่ย\nจะให้ฉันทำแบบนั้นทำไมวะ ห๊ะ?
B02-1037	บท 1 พากย์ · speech_list_judge_main_c01	? (ช)	<color=ｍonologue>(บังคับให้เขาให้การไม่ได้หรอก\nเรื่องนั้นผมทำอะไรไม่ได้)</color>
B02-1038	บท 1 พากย์ · speech_list_judge_main_c01	? (ช)	...ก็คุ้มที่ได้ลอง
B02-1039	บท 1 พากย์ · speech_list_judge_main_c01	kaito (ช)	เฮอะ ทำได้ดีนี่
B02-1040	บท 1 พากย์ · speech_list_judge_main_c01	kaito (ช) [อีกแทร็ก]	คิดว่าเข้าใจแล้วนะ
B02-1041	บท 1 พากย์ · speech_list_judge_main_c01	? (ช)	งั้นมุราเสะบุกเข้าไปในอามูร์\nแล้วเจอใคร? ไม่เจอใครเลยสักคน
B02-1042	บท 1 พากย์ · speech_list_judge_main_c01	? (ช) [อีกแทร็ก]	งั้นมุราเสะกับพวก... พวกเขาบุกเข้าไปในอามูร์\nช่วงเที่ยงคืน แล้วไม่เจอใครเลย
B02-1043	บท 1 พากย์ · speech_list_judge_main_c01	yagami (ช)	ใช่ กัปตันฮามุระบอกว่าไล่คุเมะออกไป\nแล้วก็ไปแวะซาวน่าตอนช่วง เที่ยงคืนพอดี
B02-1044	บท 1 พากย์ · speech_list_judge_main_c01	yagami (ช) [อีกแทร็ก]	ใช่ กัปตันฮามุระบอกว่าไล่คุเมะออกไป\nแล้วก็ไปอบซาวน่าเร็ว ๆ ช่วงเที่ยงคืนพอดี
B02-1045	บท 1 พากย์ · speech_list_judge_main_c01	? (ช)	เรื่องราวสองฝั่งตรงกันพอดี
B02-1046	บท 1 พากย์ · speech_list_judge_main_c01	? (ช)	นายคิดจริง ๆ เหรอว่าเขาบริสุทธิ์
B02-1047	บท 1 พากย์ · speech_list_judge_main_c01	? (ช) [อีกแทร็ก]	งั้นกัปตันฮามุระพ้นข้อสงสัยแล้วสินะ\nนายคิดจริง ๆ เหรอว่าเขาบริสุทธิ์
B02-1048	บท 1 พากย์ · speech_list_judge_main_c01	? (ช)	ยังไม่แน่ใจ ก้าวต่อไปของเราคือหา\nหลักฐานว่าเขาอยู่ที่ซาวน่าจริง
B02-1049	บท 1 พากย์ · speech_list_judge_main_c01	? (ช) [อีกแทร็ก]	ยังบอกไม่ได้จนกว่าจะมีหลักฐาน\nว่าเขาอยู่ที่ซาวน่าจริง
B02-1050	บท 1 พากย์ · speech_list_judge_main_c01	? (ช)	ก็คงงั้นแหละ เอาล่ะ ฉันเหนื่อยแล้ว\nพักไว้แค่นี้ก่อนคืนนี้ดีไหม
B02-1051	บท 1 พากย์ · speech_list_judge_main_c01	? (ช) [อีกแทร็ก]	เอาล่ะ งั้นก็พอแค่นี้สำหรับคืนนี้\nคิดว่าเราน่าจะพักไว้ตรงนี้ก่อน พรุ่งนี้ค่อยว่ากันต่อนะ
B02-1052	บท 1 พากย์ · speech_list_judge_main_c01	? (ช)	ความคิดดี
B02-1053	บท 1 พากย์ · speech_list_judge_main_c01	? (?) [อีกแทร็ก]	ได้เลย
B02-1054	บท 1 พากย์ · speech_list_judge_main_c01	? (ช)	แล้วพบกันพรุ่งนี้นะครับ ไคโตะซัง
B02-1055	บท 1 พากย์ · speech_list_judge_main_c01	? (ช) [อีกแทร็ก]	โอเค...\nแล้วพบกันพรุ่งนี้นะครับ ไคโตะซัง
B02-1056	บท 1 พากย์ · speech_list_judge_main_c01	kaito (ช)	มุราเสะเห็นหน้านายแล้วใช่ไหม\nนายควรระวังตัวเวลาเดินในเมืองหน่อยนะ
B02-1057	บท 1 พากย์ · speech_list_judge_main_c01	kaito (ช) [อีกแทร็ก]	อีกอย่างนะ มุราเสะเห็นหน้านายแล้วใช่ไหม\nนายควรระวังตัวเวลาเดินในเมืองหน่อย
B02-1058	บท 1 พากย์ · speech_list_judge_main_c01	yagami (ช)	(ผมได้ข้อมูลที่ต้องการจาก มุราเสะครบแล้ว\nคงต้องไปรายงานให้อาจารย์ชินทานิฟัง)
B02-1059	บท 1 พากย์ · speech_list_judge_main_c01	shintani (ช)	เฮ้ เจออะไรบ้างไหม
B02-1060	บท 1 พากย์ · speech_list_judge_main_c01	shintani (ช) [อีกแทร็ก]	เฮ้ เจออะไรบ้างหรือเปล่า
B02-1061	บท 1 พากย์ · speech_list_judge_main_c01	yagami (ช)	เจอครับ มุราเสะยอมปล่อยข้อมูลหมด\nที่ที่ซ่อนของตระกูลเคียวเรอิ ตึกชื่อ KJ Art
B02-1062	บท 1 พากย์ · speech_list_judge_main_c01	yagami (ช) [อีกแทร็ก]	หามุราเสะเจอที่ที่ซ่อนของ ตระกูลเคียวเรอิครับ\nอยู่ในตึก KJ Art ชั้นบน ๆ
B02-1063	บท 1 พากย์ · speech_list_judge_main_c01	? (ช)	แล้วนายรอดออกมา\nได้แบบไม่มีแผลเลยเหรอ สุดยอดจริง ๆ
B02-1064	บท 1 พากย์ · speech_list_judge_main_c01	? (ช) [อีกแทร็ก]	แล้วนายรอดออกมาได้แบบไม่มีแผลเลยเหรอ\nแน่ใจนะว่าไม่เป็นไร
B02-1065	บท 1 พากย์ · speech_list_judge_main_c01	? (ช)	งานประจำวันน่ะครับ...\nอาจารย์ชินทานิ
B02-1066	บท 1 พากย์ · speech_list_judge_main_c01	yagami (ช)	เอาล่ะ ตามคำของมุราเสะ\nอามูร์ว่างเปล่าตอนเที่ยงคืนวันที่ 3
B02-1067	บท 1 พากย์ · speech_list_judge_main_c01	yagami (ช) [อีกแทร็ก]	งั้นตอนเที่ยงคืนวันที่ 3 ตามคำของมุราเสะ\nอามูร์ว่างเปล่าไม่มีใครเลย
B02-1068	บท 1 พากย์ · speech_list_judge_main_c01	? (ช)	นั่นขัดแย้งตรง ๆ กับข้อกล่าวหาของฝ่ายอัยการ\nที่ว่าฮามุระกำลังทุบตีคุเมะ จนตายอยู่ตอนนั้น
B02-1069	บท 1 พากย์ · speech_list_judge_main_c01	? (ช) [อีกแทร็ก]	นี่มันขัดแย้งกันตรง ๆ ฝ่ายอัยการกล่าวหา\nว่าฮามุระกำลังทุบตีคุเมะจนตาย อยู่ตอนนั้น
B02-1070	บท 1 พากย์ · speech_list_judge_main_c01	genda (ช)	โห นี่มันเจ๋งมากเลยนะ\nแต่มุราเสะจะยอมขึ้นให้การไหมล่ะ
B02-1071	บท 1 พากย์ · speech_list_judge_main_c01	genda (ช) [อีกแทร็ก]	โห เจอของดีเลยนะเนี่ย...\nแล้วไงต่อ มุราเสะจะยอมขึ้นให้การไหม
B02-1072	บท 1 พากย์ · speech_list_judge_main_c01	? (ช)	มันไม่ง่ายขนาดนั้นครับ
B02-1073	บท 1 พากย์ · speech_list_judge_main_c01	? (ช) [อีกแทร็ก]	ไม่หรอกครับ มันไม่ง่ายขนาดนั้น
B02-1074	บท 1 พากย์ · speech_list_judge_main_c01	? (ช)	...ไม่เคยง่ายเลยสักครั้ง
B02-1075	บท 1 พากย์ · speech_list_judge_main_c01	shintani (ช)	ยังไงก็ตาม มุราเสะพูดความจริงครับ\nผมเจอหลักฐานที่ยืนยันคำพูดของเขาได้
B02-1076	บท 1 พากย์ · speech_list_judge_main_c01	shintani (ช) [อีกแทร็ก]	แต่เห็นได้ชัดว่ามุราเสะพูดความจริง\nคำพูดของเขาตรงกับสิ่งที่เราเจอ
B02-1077	บท 1 พากย์ · speech_list_judge_main_c01	? (ช)	นี่คืออามูร์ สามชั่วโมงหลังจาก\nฮามุระพาคุเมะไป ช่วงเที่ยงคืน
B02-1078	บท 1 พากย์ · speech_list_judge_main_c01	? (ช) [อีกแทร็ก]	นี่คืออามูร์ สามชั่วโมงหลังจากฮามุระพาคุเมะไป\nช่วงเที่ยงคืนพอดี
B02-1079	บท 1 พากย์ · speech_list_judge_main_c01	? (ช)	ลองมองดี ๆ\nตรงขอบจอนะครับ
B02-1080	บท 1 พากย์ · speech_list_judge_main_c01	? (ช) [อีกแทร็ก]	ดูตรงด้านล่างของจอไว้นะครับ\nคงไม่นานหรอก
B02-1081	บท 1 พากย์ · speech_list_judge_main_c01	? (ช)	<color=ｍonologue>(งั้นพวกเขาเห็นกล้อง\nแล้วก็มุ่งไปทางประตูหลัง)</color>
B02-1082	บท 1 พากย์ · speech_list_judge_main_c01	? (ช)	ไม่เห็นใครเดินเข้าไปข้างในเลยสักคน\nเลยไม่ได้คิดอะไรกับมัน
B02-1083	บท 1 พากย์ · speech_list_judge_main_c01	? (ช) [อีกแทร็ก]	พวกเขาไม่ได้เข้าอามูร์จากทางนี้\nเลยคิดว่ามันไม่มีประโยชน์อะไร
B02-1084	บท 1 พากย์ · speech_list_judge_main_c01	? (ช)	แต่เรื่องราวมันตรงกันครับ มุราเสะกับพวก\nไปที่อามูร์เพื่อพาคุเมะกลับมา
B02-1085	บท 1 พากย์ · speech_list_judge_main_c01	? (ช)	แล้วก็กลับมามือเปล่า
B02-1086	บท 1 พากย์ · speech_list_judge_main_c01	? (ช)	ดูเหมือนเราต้องคุยกับ กัปตันฮามุระอีกครั้ง\nยังมีคำถามที่ไม่มีคำตอบอยู่ เยอะเกินไป
B02-1087	บท 1 พากย์ · speech_list_judge_main_c01	? (ช) [อีกแทร็ก]	ดูเหมือนเราต้องคุยกับ กัปตันฮามุระอีกครั้ง\nถึงเวลาแล้วที่เราควรจะได้คำตอบสักที
B02-1088	บท 1 พากย์ · speech_list_judge_main_c01	? (ช)	เห็นด้วยครับ\nผมจะจัดการนัดเข้าเยี่ยมอีกครั้ง
B02-1089	บท 1 พากย์ · speech_list_judge_main_c01	? (ช)	จัดการเสร็จแล้วโทรบอกฉันด้วยนะ
B02-1090	บท 1 พากย์ · speech_list_judge_main_c01	saori (ญ)	ยากามิซัง\nนายไปคุยกับมาฟุยุมาใช่ไหม
B02-1091	บท 1 พากย์ · speech_list_judge_main_c01	yagami (ช)	หา? ใช่ครับ ทำไมถึงถามล่ะ
B02-1092	บท 1 พากย์ · speech_list_judge_main_c01	yagami (ช) [อีกแทร็ก]	หืม...? ใช่ครับ ทำไมเหรอ
B02-1093	บท 1 พากย์ · speech_list_judge_main_c01	? (ญ)	เธอดูมีความสุขดีนะ\nไม่ได้เจอนายมาตั้งนาน
B02-1094	บท 1 พากย์ · speech_list_judge_main_c01	? (ญ) [อีกแทร็ก]	มาฟุยุ... ดูมีความสุขดีนะ\nไม่ได้เจอนายมาตั้งนาน
B02-1095	บท 1 พากย์ · speech_list_judge_main_c01	? (ช)	อ๋อ เหรอครับ
B02-1096	บท 1 พากย์ · speech_list_judge_main_c01	? (ช) [อีกแทร็ก]	ก็คงงั้นแหละ
B02-1097	บท 1 พากย์ · speech_list_judge_main_c01	? (ญ)	แต่เธอก็ดูเศร้าไปด้วยเหมือนกันนะ
B02-1098	บท 1 พากย์ · speech_list_judge_main_c01	? (ช)	เศร้าเหรอ ไม่รู้ทำไมเหมือนกัน
B02-1099	บท 1 พากย์ · speech_list_judge_main_c01	? (ญ)	ฉันก็สงสัยเหมือนกัน\nแล้วเจอกันนะ
B02-1100	บท 1 พากย์ · speech_list_judge_main_c01	? (ญ) [อีกแทร็ก]	ก็นั่นสิ ทำไมกันนะ\nแล้วเจอกัน
B02-1101	บท 1 พากย์ · speech_list_judge_main_c01	shintani (ช)	เฮ้ ฮามุระพร้อมให้เราเข้าไปคุยแล้ว\nเรียกแท็กซี่ไปที่ สถานีตำรวจคามุโรโจเลยนะ
B02-1102	บท 1 พากย์ · speech_list_judge_main_c01	shintani (ช) [อีกแทร็ก]	ชินทานิพูดนะ ฮามุระพร้อมให้เราเข้าไปคุยแล้ว\nเรียกแท็กซี่ไปที่ สถานีตำรวจคามุโรโจเลย
B02-1103	บท 1 พากย์ · speech_list_judge_main_c01	yagami (ช)	ได้ครับ ขอบคุณครับ
B02-1104	บท 1 พากย์ · speech_list_judge_main_c01	hamura (ช)	กูจะได้ออกจากที่นี่\nเมื่อไหร่วะ ทาคุ
B02-1105	บท 1 พากย์ · speech_list_judge_main_c01	yagami (ช)	อย่าถามผมสิครับ\nอาจารย์ชินทานิต่างหากที่เป็น ทนายของคุณ ลืมแล้วเหรอ
B02-1106	บท 1 พากย์ · speech_list_judge_main_c01	shintani (ช)	ฮามุระซัง\nผมมีอะไรจะให้คุณดูครับ
B02-1107	บท 1 พากย์ · speech_list_judge_main_c01	? (ช)	วันที่ 3 ธันวาคม 23:55 น.
B02-1108	บท 1 พากย์ · speech_list_judge_main_c01	? (ช)	คนของตระกูลเคียวเรอิชื่อมุราเสะ\nมาที่อามูร์เพื่อช่วยคุเมะ
B02-1109	บท 1 พากย์ · speech_list_judge_main_c01	? (ช)	เพราะไม่อยากให้กล้องจับภาพได้\nเขาเลยเข้าไปทางประตูหลัง
B02-1110	บท 1 พากย์ · speech_list_judge_main_c01	? (ช)	แล้วไง?
B02-1111	บท 1 พากย์ · speech_list_judge_main_c01	? (ช)	มุราเสะบอกว่าไม่เห็นใครอยู่ใน นั้นเลยสักคน
B02-1112	บท 1 พากย์ · speech_list_judge_main_c01	? (ช) [อีกแทร็ก]	มุราเสะบอกว่าไม่เห็น\nใครอยู่ในนั้นเลยสักคน
B02-1113	บท 1 พากย์ · speech_list_judge_main_c01	? (ช)	ก็ใช่สิ\nกูไปแวะที่ซาวน่าตั้งแต่ตอนนั้นแล้ว
B02-1114	บท 1 พากย์ · speech_list_judge_main_c01	? (ช) [อีกแทร็ก]	ก็ใช่ไง\nกูไปอบซาวน่าเร็ว ๆ ตอนนั้นแหละ
B02-1115	บท 1 พากย์ · speech_list_judge_main_c01	? (ช)	แล้วคุณทำอะไรกับคุเมะ
B02-1116	บท 1 พากย์ · speech_list_judge_main_c01	? (ช)	บอกไปแล้วไง\nกูไล่มันออกไปทางหลังร้าน
B02-1117	บท 1 พากย์ · speech_list_judge_main_c01	? (ช)	แล้วก่อนหน้านั้นล่ะ
B02-1118	บท 1 พากย์ · speech_list_judge_main_c01	? (ช)	ประมาณสี่ทุ่ม คุณไล่คนอื่นออกไปหมด\nเพื่อให้อยู่กับคุเมะแค่สองคน
B02-1119	บท 1 พากย์ · speech_list_judge_main_c01	? (ช) [อีกแทร็ก]	ประมาณสี่ทุ่ม คุณไล่ทุกคนออกจากคลับ\nทั้งหมดก็เพื่อให้อยู่กับคุเมะ ตามลำพัง
B02-1120	บท 1 พากย์ · speech_list_judge_main_c01	? (ช)	ผมมีคำให้การที่ยืนยันเรื่องนี้ได้
B02-1121	บท 1 พากย์ · speech_list_judge_main_c01	? (ช)	แล้วทำไมถึงทำแบบนั้นล่ะ
B02-1122	บท 1 พากย์ · speech_list_judge_main_c01	? (ช) [อีกแทร็ก]	แต่ทำไมถึงทำแบบนั้นล่ะ
B02-1123	บท 1 พากย์ · speech_list_judge_main_c01	? (ช)	จะให้พูดไงดีวะ คุเมะ\nทำให้กูนึกถึงเพื่อนเก่าน่ะ
B02-1124	บท 1 พากย์ · speech_list_judge_main_c01	? (ช) [อีกแทร็ก]	ก็... เจ้าคุเมะน่ะ\nมันทำให้กูนึกถึงเพื่อนเก่า
B02-1125	บท 1 พากย์ · speech_list_judge_main_c01	? (ช)	คงคิดถึงอดีตขึ้นมาละมั้ง\nแต่ก็ไม่รู้เหมือนกันวะ กูเมาหนักอยู่
B02-1126	บท 1 พากย์ · speech_list_judge_main_c01	? (ช) [อีกแทร็ก]	อาจจะคิดถึงอดีตขึ้นมามั้ง?\nนายต้องเข้าใจนะ กูเมาหนักอยู่ตอนนั้น
B02-1127	บท 1 พากย์ · speech_list_judge_main_c01	? (ช)	<color=ｍonologue>(จู่ ๆ เขาก็เริ่มพูดกวนน้ำให้ขุ่น ถึงขั้นงัด\n"เมาจนจำไม่ได้" ออกมาเลย)</color>
B02-1128	บท 1 พากย์ · speech_list_judge_main_c01	? (ช)	งั้นเหรอ แค่นั้นถึงกับต้องไล่\nทุกคนออกไปเลยเชียวเหรอ
B02-1129	บท 1 พากย์ · speech_list_judge_main_c01	? (ช) [อีกแทร็ก]	แค่นั้นเองเหรอ คุณไล่ทุกคนออกไป\nแค่เพราะเรื่องนั้นเนี่ยนะ
B02-1130	บท 1 พากย์ · speech_list_judge_main_c01	? (ช)	บอกแล้วไงว่ากูเมา\nใครจะไปรู้ว่าตอนนั้นกูคิดอะไรอยู่
B02-1131	บท 1 พากย์ · speech_list_judge_main_c01	? (ช) [อีกแทร็ก]	ไม่รู้ว่ะ ตอนนั้นกูเมาจนสลบไปเลย!
B02-1132	บท 1 พากย์ · speech_list_judge_main_c01	? (ช)	แต่คุณกลับจำเรื่องอื่นได้ชัดเจนดีนะ\nอย่างเช่นตอนที่ออกจากคลับ
B02-1133	บท 1 พากย์ · speech_list_judge_main_c01	? (ช) [อีกแทร็ก]	แต่ไม่รู้ทำไม คุณถึงจำได้ชัดเจนมาก\nว่าออกจากคลับตอนไหน
B02-1134	บท 1 พากย์ · speech_list_judge_main_c01	? (ช)	จะพูดอะไรกันแน่วะ
B02-1135	บท 1 พากย์ · speech_list_judge_main_c01	? (ช)	สำหรับคนที่อ้างว่าบริสุทธิ์และ มีพยานที่อยู่...
B02-1136	บท 1 พากย์ · speech_list_judge_main_c01	? (ช) [อีกแทร็ก]	สำหรับคนที่อ้างว่าบริสุทธิ์และ มีพยานที่อยู่\nต่อให้คุณไม่ได้ฆ่าคุเมะจริง...
B02-1137	บท 1 พากย์ · speech_list_judge_main_c01	? (ช)	...เรื่องที่คุณเล่ามันมีช่องโหว่ เยอะเกินไป
B02-1138	บท 1 พากย์ · speech_list_judge_main_c01	? (ช)	งั้นเหรอ?
B02-1139	บท 1 พากย์ · speech_list_judge_main_c01	? (ช)	คุณคงไม่ปิดบังอะไร\nจากเราอยู่หรอกใช่ไหม
B02-1140	บท 1 พากย์ · speech_list_judge_main_c01	? (ช) [อีกแทร็ก]	คุณไม่ได้ปิดบังอะไร\nจากเราอยู่ใช่ไหม
B02-1141	บท 1 พากย์ · speech_list_judge_main_c01	? (ช)	แน่นอนอยู่แล้ว
B02-1142	บท 1 พากย์ · speech_list_judge_main_c01	? (ช)	อย่างเช่น...\nตัวตนของฆาตกรตัวจริงงั้นเหรอ
B02-1143	บท 1 พากย์ · speech_list_judge_main_c01	? (ช)	บอกแล้วไงว่ากูไม่ได้ปิดบังห่า อะไรทั้งนั้น!
B02-1144	บท 1 พากย์ · speech_list_judge_main_c01	? (ช)	รีบไปหาทาง\nพิสูจน์พยานที่อยู่ให้กูซะสิวะ!
B02-1145	บท 1 พากย์ · speech_list_judge_main_c01	? (ช)	กูอยู่ที่ซาวน่าทั้งคืนเลย\nพิสูจน์เรื่องนั้นได้ กูก็พ้นผิดแล้ว!
B02-1146	บท 1 พากย์ · speech_list_judge_main_c01	? (ช)	ผมต้องมีแผนสำรองไว้\nเผื่อพยานที่อยู่ของคุณพิสูจน์ไม่ได้
B02-1147	บท 1 พากย์ · speech_list_judge_main_c01	? (ช) [อีกแทร็ก]	ยังไงก็มีโอกาสที่พยานที่อยู่ ของคุณจะพิสูจน์ไม่ได้\nผมเลยต้องมีแผนสำรองไว้เผื่อไว้ก่อน
B02-1148	บท 1 พากย์ · speech_list_judge_main_c01	? (ช)	แต่ผมช่วยคุณไม่ได้หรอก ถ้าคุณจะ\nปิดบังเรื่องจากทนายของคุณแบบนี้
B02-1149	บท 1 พากย์ · speech_list_judge_main_c01	? (ช) [อีกแทร็ก]	แต่... ผมช่วยคุณไม่ได้หรอก ถ้าคุณยังจะ\nปิดบังเรื่องจากผมแบบนี้ต่อไป
B02-1150	บท 1 พากย์ · speech_list_judge_main_c01	? (ช)	คุณถูกสงสัยว่าลักพาตัวสมาชิก ตระกูลคู่แข่ง\nควักลูกตาเขาออก แล้วทิ้งศพไว้ในตรอก
B02-1151	บท 1 พากย์ · speech_list_judge_main_c01	? (ช) [อีกแทร็ก]	ลักพาตัวสมาชิกตระกูลคู่แข่ง ควักลูกตาเขาออก\nแล้วทิ้งศพไว้...
B02-1152	บท 1 พากย์ · speech_list_judge_main_c01	? (ช)	พวกเขาจะขังคุณไว้แล้วทิ้งกุญแจไปเลย\nถ้าเราเอาชนะคดีนี้ไม่ได้
B02-1153	บท 1 พากย์ · speech_list_judge_main_c01	? (ช) [อีกแทร็ก]	คุณจะโดนแขวนคอเพราะเรื่องนี้แน่ ถ้าเรา\nล้างมลทินให้คุณไม่ได้
B02-1154	บท 1 พากย์ · speech_list_judge_main_c01	? (ช)	ความคิดนี้เคยผ่าน\nเข้ามาในหัวคุณบ้างไหม
B02-1155	บท 1 พากย์ · speech_list_judge_main_c01	? (ช) [อีกแทร็ก]	ดูเหมือนคุณจะไม่สะทกสะท้านอะไรเลยนะ
B02-1156	บท 1 พากย์ · speech_list_judge_main_c01	? (ช)	หรือว่ายากูซ่าทุกคนกล้าขนาดนี้\nเวลาเจอโทษจำคุกตลอดชีวิต
B02-1157	บท 1 พากย์ · speech_list_judge_main_c01	? (ช) [อีกแทร็ก]	ยากูซ่าทุกคนกล้าขนาดนี้เลยเหรอ
B02-1158	บท 1 พากย์ · speech_list_judge_main_c01	? (ช)	เรื่องนี้ไม่เกี่ยวกับความกลัวหรอกวะ\nแต่กูไม่มีทางง้อขอให้มึงช่วยกูหรอก
B02-1159	บท 1 พากย์ · speech_list_judge_main_c01	? (ช) [อีกแทร็ก]	เรื่องนี้ไม่เกี่ยวกับความกลัวหรอกวะ กูแค่ไม่\nยอมก้มหัวขอร้องให้มึงช่วยกูหรอก
B02-1160	บท 1 พากย์ · speech_list_judge_main_c01	? (ช)	งั้นนายจะไปง้อใครกันล่ะ
B02-1161	บท 1 พากย์ · speech_list_judge_main_c01	? (ช) [อีกแทร็ก]	งั้นนาย<font_kind=yakuza_italic>จะ</font_kind>ไปง้อใครกันล่ะ
B02-1162	บท 1 พากย์ · speech_list_judge_main_c01	? (ช)	ไม่ใช่ธุระอะไรของมึง
B02-1163	บท 1 พากย์ · speech_list_judge_main_c01	? (ช) [อีกแทร็ก]	...ใครก็ได้ทั้งนั้นแหละ
B02-1164	บท 1 พากย์ · speech_list_judge_main_c01	? (ช)	แค่เรื่องเวลาเท่านั้นแหละ ฮามุระ\nผมจะหาให้เจอให้ได้ว่าคุณปิดบัง อะไรอยู่
B02-1165	บท 1 พากย์ · speech_list_judge_main_c01	? (ช) [อีกแทร็ก]	แค่เรื่องเวลาเท่านั้นแหละ\nผมจะหาให้เจอให้ได้ว่าคุณปิดบัง อะไรอยู่
B02-1166	บท 1 พากย์ · speech_list_judge_main_c01	? (ช)	เฮ้ ยากามิ!
B02-1167	บท 1 พากย์ · speech_list_judge_main_c01	kaito (ช)	โย่ ท่าทางนายจะยุ่งมาเหมือนกันนะ
B02-1168	บท 1 พากย์ · speech_list_judge_main_c01	yagami (ช)	ผมได้คุยกับฮามุระมานิดหน่อย\nแต่ก็ไม่ค่อยได้อะไรเท่าไหร่
B02-1169	บท 1 พากย์ · speech_list_judge_main_c01	yagami (ช) [อีกแทร็ก]	ผมได้คุยกับฮามุระมานิดหน่อย\nแต่ก็ไม่ได้อะไรจากเขามากนัก
B02-1170	บท 1 พากย์ · speech_list_judge_main_c01	? (ช)	เดาได้เลยว่ะ
B02-1171	บท 1 พากย์ · speech_list_judge_main_c01	? (ช) [อีกแทร็ก]	โชคร้ายจัง
B02-1172	บท 1 พากย์ · speech_list_judge_main_c01	? (ช)	เขาปิดบังอะไรบางอย่างจากเรา คดีนี้อาจจะ\nมีอะไรมากกว่าที่เราคิดไว้
B02-1173	บท 1 พากย์ · speech_list_judge_main_c01	? (ช) [อีกแทร็ก]	ฮามุระปิดบังอะไรบางอย่างจากเรา\nคดีนี้อาจมีอะไรมากกว่าที่เราคิดไว้
B02-1174	บท 1 พากย์ · speech_list_judge_main_c01	? (ช)	แล้วไงวะ นายจะบอกว่าเราตันแล้วเหรอ
B02-1175	บท 1 พากย์ · speech_list_judge_main_c01	? (ช) [อีกแทร็ก]	แล้วไงวะ นายจะบอกว่าเราติดกับดักอยู่เหรอ
B02-1176	บท 1 พากย์ · speech_list_judge_main_c01	? (ช)	ก็ประมาณนั้น\nผมต้องการข้อมูลมากกว่านี้
B02-1177	บท 1 พากย์ · speech_list_judge_main_c01	? (ช)	อย่างเช่นอะไร
B02-1178	บท 1 พากย์ · speech_list_judge_main_c01	? (ช) [อีกแทร็ก]	อย่างเช่นอะไรล่ะ
B02-1179	บท 1 พากย์ · speech_list_judge_main_c01	? (ช)	อย่างเช่นฮามุระกับคุเมะทำอะไรกันต่อ\nหลังออกจากอามูร์ พยานที่เห็นเหตุการณ์
B02-1180	บท 1 พากย์ · speech_list_judge_main_c01	? (ช)	แต่เราไม่มีเวลาไปตระเวนหา\nเบาะแสทั่วเมืองหรอกนะ
B02-1181	บท 1 พากย์ · speech_list_judge_main_c01	? (ช)	เฮ้ นายมีเงินอยู่เท่าไหร่
B02-1182	บท 1 พากย์ · speech_list_judge_main_c01	? (ช) [อีกแทร็ก]	ทาคุ... นายมีเงินสดติดตัวไหม
B02-1183	บท 1 พากย์ · speech_list_judge_main_c01	? (ช)	ต้องการเท่าไหร่ล่ะ
B02-1184	บท 1 พากย์ · speech_list_judge_main_c01	? (ช) [อีกแทร็ก]	อืม? เท่าไหร่เหรอ
B02-1185	บท 1 พากย์ · speech_list_judge_main_c01	? (ช)	นายต้องใช้สักสามหมื่นได้มั้ง
B02-1186	บท 1 พากย์ · speech_list_judge_main_c01	? (ช) [อีกแทร็ก]	สามหมื่นน่าจะพอ
B02-1187	บท 1 พากย์ · speech_list_judge_main_c01	? (ช)	ฉันมีเพื่อนคนนึง เป็นนักสืบท้องถิ่นในกรมตำรวจ\nถ้าราคาถูกใจ เขาบอกอะไรก็ได้
B02-1188	บท 1 พากย์ · speech_list_judge_main_c01	? (ช) [อีกแทร็ก]	ฉันมีเพื่อนคนนึง นักสืบประจำคามุโรโจ\nถ้าราคาถูกใจ เขาบอกอะไรก็ได้
B02-1189	บท 1 พากย์ · speech_list_judge_main_c01	? (ช)	อะไรก็ได้เลยเหรอ?
B02-1190	บท 1 พากย์ · speech_list_judge_main_c01	? (ช)	อะไรก็ได้จริง ๆ เขาเป็นสายข่าว อยากได้ข้อมูลลับ\nที่ตำรวจเท่านั้นเข้าถึงได้ ก็ต้องไปหาเขานี่แหละ
B02-1191	บท 1 พากย์ · speech_list_judge_main_c01	? (ช) [อีกแทร็ก]	เขาเป็นสายข่าว คอยแฉเรื่องการสืบสวนของตำรวจ\nไปทั่ว บางทีอาจมีข้อมูลที่นายต้องการก็ได้
B02-1192	บท 1 พากย์ · speech_list_judge_main_c01	? (ช)	งั้นนายกำลังบอกว่าเขาเป็นตำรวจ เน่างั้นเหรอ
B02-1193	บท 1 พากย์ · speech_list_judge_main_c01	? (ช) [อีกแทร็ก]	เข้าใจแล้ว... ตำรวจเน่าสินะ
B02-1194	บท 1 พากย์ · speech_list_judge_main_c01	? (ช)	<color=ｍonologue>(สมเป็นอดีตยากูซ่าจริง ๆ\nข้อมูลตำรวจใต้ดินฟังดูมีประโยชน์อยู่)</color>
B02-1195	บท 1 พากย์ · speech_list_judge_main_c01	? (ช)	ชื่ออายาเบะ\nเป็นขาประจำที่เทนเดอร์
B02-1196	บท 1 พากย์ · speech_list_judge_main_c01	? (ช)	งั้นเหรอ
B02-1197	บท 1 พากย์ · speech_list_judge_main_c01	? (ช) [อีกแทร็ก]	ที่เทนเดอร์เหรอ
B02-1198	บท 1 พากย์ · speech_list_judge_main_c01	? (ช)	ใช่ แปลกใจนะที่นายไม่เคยเจอเขา ที่นั่นมาก่อน\nทุกคนไปเจอเขาที่นั่นกันหมด
B02-1199	บท 1 พากย์ · speech_list_judge_main_c01	? (ช) [อีกแทร็ก]	ใช่ คงไม่ยากที่จะหาตัวเขาหรอก\nทุกคนมักไปเจอเขาที่เทนเดอร์
B02-1200	บท 1 พากย์ · speech_list_judge_main_c01	? (ช)	ลองไปถามมาสึดะเพื่อนนายดูสิ
B02-1201	บท 1 พากย์ · speech_list_judge_main_c01	? (ช) [อีกแทร็ก]	ลองถามมาสึดะซังดูสิ
B02-1202	บท 1 พากย์ · speech_list_judge_main_c01	yagami (ช)	เฮ้ มีเวลาสักครู่ไหมครับ
B02-1203	บท 1 พากย์ · speech_list_judge_main_c01	yagami (ช) [อีกแทร็ก]	มาสึดะ มีเวลาสักครู่ไหมครับ
B02-1204	บท 1 พากย์ · speech_list_judge_main_c01	tender_master (ช)	ได้เลยครับ ต้องการอะไรเหรอ
B02-1205	บท 1 พากย์ · speech_list_judge_main_c01	? (ช)	ผมกำลังตามหานักสืบคนหนึ่งชื่ออายาเบะ\nรู้จักเขาไหมครับ
B02-1206	บท 1 พากย์ · speech_list_judge_main_c01	? (ช) [อีกแทร็ก]	ผมกำลังตามหาคนชื่ออายาเบะ...\nรู้จักเขาไหมครับ
B02-1207	บท 1 พากย์ · speech_list_judge_main_c01	? (ช)	รู้จักสิครับ แต่ไม่ได้แวะมา\nหลายวันแล้ว ทำไมเหรอ
B02-1208	บท 1 พากย์ · speech_list_judge_main_c01	? (ช) [อีกแทร็ก]	รู้จักสิครับ แต่ไม่ได้แวะมา\nหลายวันแล้ว คุณมีธุระกับอายาเบะซังเหรอ
B02-1209	บท 1 พากย์ · speech_list_judge_main_c01	? (ช)	อ๊ะ แย่จัง\nงั้นผมคงมาผิดจังหวะซะแล้ว
B02-1210	บท 1 พากย์ · speech_list_judge_main_c01	? (ช) [อีกแทร็ก]	อ๊ะ แย่จัง คงเป็นเพราะ\nจังหวะผมไม่ดีเองแหละ...
B02-1211	บท 1 พากย์ · speech_list_judge_main_c01	? (ช)	<color=ｍonologue>(คงต้องกลับมาใหม่ทีหลัง\nหวังว่าไอ้หมอนี่จะคุ้มค่าที่ ต้องเสียเวลานะ...)</color>
B02-1212	บท 1 พากย์ · speech_list_judge_main_c01	? (ช)	ไม่เป็นไรครับ ผมจะบอกให้เขารู้\nว่าคุณมาตามหา
B02-1213	บท 1 พากย์ · speech_list_judge_main_c01	? (ช)	ระหว่างนี้ดื่มสักแก้วสองแก้ว\nรอก่อนไหมครับ แก้วแรกผมเลี้ยงเอง
B02-1214	บท 1 พากย์ · speech_list_judge_main_c01	? (ช) [อีกแทร็ก]	ระหว่างนี้นั่งดื่มสักแก้วรอ ก่อนไหมครับ\nแค่แก้วเดียวก็ยังได้ ผมเลี้ยงเอง
B02-1215	บท 1 พากย์ · speech_list_judge_main_c01	? (ช)	นี่มันอะไรกันเนี่ย?
B02-1216	บท 1 พากย์ · speech_list_judge_main_c01	? (?) [อีกแทร็ก]	หืม? ทำไมล่ะ?
B02-1217	บท 1 พากย์ · speech_list_judge_main_c01	? (ช)	ก็แค่เอาใจกันหน่อยครับ จำได้ไหมที่ผมเคยพูดถึง\nคนที่มีงานจะจ้างคุณน่ะ
B02-1218	บท 1 พากย์ · speech_list_judge_main_c01	? (ช) [อีกแทร็ก]	เมื่อวันก่อนผมเคยพูดถึงลูกค้าคนหนึ่ง\nที่มีงานจะจ้างคุณไง จำได้ไหมครับ
B02-1219	บท 1 พากย์ · speech_list_judge_main_c01	? (ช)	จำได้ แล้วไงเหรอ
B02-1220	บท 1 พากย์ · speech_list_judge_main_c01	? (ช) [อีกแทร็ก]	จำได้มั้ง\nแล้วจะสื่ออะไร
B02-1221	บท 1 พากย์ · speech_list_judge_main_c01	? (ช)	คือปรากฏว่าสุดท้ายแล้วไม่มีงาน\nให้คุณจริง ๆ ขอโทษด้วยนะครับ
B02-1222	บท 1 พากย์ · speech_list_judge_main_c01	? (ช) [อีกแทร็ก]	โชคไม่ดีครับ ปรากฏว่า\nลูกค้าขอยกเลิกซะแล้ว
B02-1223	บท 1 พากย์ · speech_list_judge_main_c01	? (ช)	ดูเหมือนลูกค้าจะพยายามเอาคืน\nยากูซ่าคนหนึ่งที่แอบชกเขา
B02-1224	บท 1 พากย์ · speech_list_judge_main_c01	? (ช) [อีกแทร็ก]	เท่าที่ผมได้ยินมา ลูกค้าพยายาม\nเอาคืนยากูซ่าคนหนึ่งที่ชกเขา
B02-1225	บท 1 พากย์ · speech_list_judge_main_c01	? (ช)	แล้วเขาอยากให้ผมทำ... อะไรเหรอ
B02-1226	บท 1 พากย์ · speech_list_judge_main_c01	? (ช) [อีกแทร็ก]	โอ๊ะ แล้วผมจะไปช่วยอะไรได้ล่ะ
B02-1227	บท 1 พากย์ · speech_list_judge_main_c01	? (ช)	ไม่รู้เหมือนกันครับ\nแต่ตอนนี้ก็ไม่สำคัญแล้วแหละ
B02-1228	บท 1 พากย์ · speech_list_judge_main_c01	? (ช)	ทำไมเหรอ เขาลงมือเป็นฮีโร่จัดการเองรึไง
B02-1229	บท 1 พากย์ · speech_list_judge_main_c01	? (ช) [อีกแทร็ก]	เขาแก้แค้นกลับไปเหรอ\nงั้นคงไม่จบสวยแน่
B02-1230	บท 1 พากย์ · speech_list_judge_main_c01	? (ช)	ไม่เชิงครับ\nดูเหมือนยากูซ่าคนนั้นจะจบที่ใน คุกไปเลย
B02-1231	บท 1 พากย์ · speech_list_judge_main_c01	? (ช) [อีกแทร็ก]	ไม่เชิงครับ... ดูเหมือนยากูซ่าคนนั้น\nจะจบที่ในคุกไปเลย
B02-1232	บท 1 พากย์ · speech_list_judge_main_c01	? (ช)	ข้อหาฆ่าคนตาย\nแล้วควักลูกตาเขาออก
B02-1233	บท 1 พากย์ · speech_list_judge_main_c01	? (ช)	หา? เดี๋ยวก่อนนะ...
B02-1234	บท 1 พากย์ · speech_list_judge_main_c01	? (ช) [อีกแทร็ก]	หา? เดี๋ยวนะ ยากูซ่าคนนั้นคือ...
B02-1235	บท 1 พากย์ · speech_list_judge_main_c01	? (ช)	กัปตันฮามุระไงครับ แปลกใจไหมล่ะ
B02-1236	บท 1 พากย์ · speech_list_judge_main_c01	? (ช) [อีกแทร็ก]	ยากูซ่าแถวนี้เมื่อวันที่ 3 เหรอ\nเคยได้ยินเหมือนกันว่าคืนนั้นมี โฮสต์คนนึงโดนซัดหน้าหงาย
B02-1237	บท 1 พากย์ · speech_list_judge_main_c01	? (ช)	ยังมีอะไรที่บอกผมได้อีกไหมครับ
B02-1238	บท 1 พากย์ · speech_list_judge_main_c01	? (ช) [อีกแทร็ก]	คิดว่าผมควรฟังเรื่องนี้ต่อให้จบ
B02-1239	บท 1 พากย์ · speech_list_judge_main_c01	? (ช)	ขอโทษด้วยครับ แต่ผมรู้แค่นี้แหละ\nคุณคงต้องไปถามคนนั้นเองโดยตรง
B02-1240	บท 1 พากย์ · speech_list_judge_main_c01	? (ช) [อีกแทร็ก]	ขอโทษด้วยครับ แต่ผมรู้แค่นี้แหละ\nลองไปถามรายละเอียดเพิ่มจาก ลูกค้าคนนั้นดู
B02-1241	บท 1 พากย์ · speech_list_judge_main_c01	? (ช)	<color=ｍonologue>(ถ้ายากูซ่าที่ชกโฮสต์แถวซาวน่า\nคือฮามุระจริง ๆ...)</color>
B02-1242	บท 1 พากย์ · speech_list_judge_main_c01	? (ช)	<color=ｍonologue>(นั่นอาจช่วยยืนยันพยานที่อยู่ของเขา\nว่าเขาเข้าไปที่ซาวน่าโกเท็น หลังจากนั้นได้)</color>
B02-1243	บท 1 พากย์ · speech_list_judge_main_c01	? (ช)	<color=ｍonologue>(ผมควรไปถามโฮสต์คนนั้นดู)</color>
B02-1244	บท 1 พากย์ · speech_list_judge_main_c01	? (ช)	นี่ใครกัน?
B02-1245	บท 1 พากย์ · speech_list_judge_main_c01	? (ช)	ผู้ชายชื่อเซยะครับ
B02-1246	บท 1 พากย์ · speech_list_judge_main_c01	? (ช)	เขาเป็นโฮสต์อยู่ที่คลับสตาร์ดัสต์\nบนถนนเทนไคจิ ลองไปดูที่นั่นก่อนสิครับ
B02-1247	บท 1 พากย์ · speech_list_judge_main_c01	? (ช) [อีกแทร็ก]	เขาทำงานอยู่ที่คลับสตาร์ดัสต์\nบนถนนเทนไคจิ เป็นโฮสต์คนนึงที่นั่น
B02-1248	บท 1 พากย์ · speech_list_judge_main_c01	kaito (ช)	ตามหาสายข่าว\nชื่ออายาเบะ
B02-1249	บท 1 พากย์ · speech_list_judge_main_c01	? (ช)	เพื่อนของคุณที่เทนเดอร์\nน่าจะรู้เรื่องมากกว่านี้
B02-1250	บท 1 พากย์ · speech_list_judge_main_c01	? (ช) [อีกแทร็ก]	มาสึดะที่เทนเดอร์\nน่าจะรู้เรื่องมากกว่านี้
B02-1251	บท 1 พากย์ · speech_list_judge_main_c01	yagami (ช) [อีกแทร็ก]	มีเวลาสักครู่ไหม
B02-1252	บท 1 พากย์ · speech_list_judge_main_c01	stradust (ช)	แล้วแต่เรื่องน่ะ ต้องการอะไรเหรอ
B02-1253	บท 1 พากย์ · speech_list_judge_main_c01	stradust (ช) [อีกแทร็ก]	หา? ต้องการอะไรเหรอ
B02-1254	บท 1 พากย์ · speech_list_judge_main_c01	? (ช)	ผมกำลังตามหาคนที่ทำงานที่นี่คนหนึ่ง\nขอคุยกับเซยะสักครู่ได้ไหมครับ
B02-1255	บท 1 พากย์ · speech_list_judge_main_c01	? (ช) [อีกแทร็ก]	ผมกำลังตามหาโฮสต์ชื่อเซยะ\nช่วยไปตามเขามาให้หน่อยได้ไหมครับ
B02-1256	บท 1 พากย์ · speech_list_judge_main_c01	? (ช)	เซยะซังเหรอ
B02-1257	บท 1 พากย์ · speech_list_judge_main_c01	? (ช) [อีกแทร็ก]	เซยะซังเหรอครับ
B02-1258	บท 1 พากย์ · speech_list_judge_main_c01	? (ช)	วันนี้ไม่ได้หรอกครับ
B02-1259	บท 1 พากย์ · speech_list_judge_main_c01	? (ช) [อีกแทร็ก]	อ๊ะ... เกรงว่าเขาไม่อยู่ตอนนี้ครับ
B02-1260	บท 1 พากย์ · speech_list_judge_main_c01	? (ช)	วันนี้เขาหยุดเหรอ
B02-1261	บท 1 พากย์ · speech_list_judge_main_c01	? (ช) [อีกแทร็ก]	อะไรนะ ลาหยุดวันนี้เหรอ
B02-1262	บท 1 พากย์ · speech_list_judge_main_c01	? (ช)	ไม่ใช่ครับ เขาออกไปเดต\nกับลูกค้าอยู่
B02-1263	บท 1 พากย์ · speech_list_judge_main_c01	? (ช) [อีกแทร็ก]	อ๋อ เขาออกไปเดต\nกับลูกค้าอยู่ครับ
B02-1264	บท 1 พากย์ · speech_list_judge_main_c01	? (ช)	บ้าเอ๊ย งั้นก็แปลว่า\nเขาอาจอยู่ที่ไหนก็ได้เลยสิ
B02-1265	บท 1 พากย์ · speech_list_judge_main_c01	? (ช) [อีกแทร็ก]	เดตเหรอ? งั้นก็แปลว่า...เขาอาจอยู่\nแถวไหนของเมืองนี้ก็ได้ทั้งนั้น
B02-1266	บท 1 พากย์ · speech_list_judge_main_c01	? (ช)	วันนี้วันที่สามติดต่อกันแล้วด้วยครับ\nเขาหลอกล่อผู้หญิงคนนั้นไว้ใน กำมือเลยทีเดียว!
B02-1267	บท 1 พากย์ · speech_list_judge_main_c01	? (ช) [อีกแทร็ก]	วันที่สามติดต่อกันแล้วด้วยครับ\nรอบนี้เซยะฟอร์มดีจริง ๆ!
B02-1268	บท 1 พากย์ · speech_list_judge_main_c01	? (ช)	เออ เก่งมาก\nพอจะรู้มั้ยว่าเขาจะกลับมาเมื่อไหร่?
B02-1269	บท 1 พากย์ · speech_list_judge_main_c01	? (ช) [อีกแทร็ก]	สินะ\nพอจะรู้มั้ยว่าเขาจะกลับมาเมื่อไหร่?
B02-1270	บท 1 พากย์ · speech_list_judge_main_c01	? (ช)	ไม่ทราบเลยครับ\nคิดว่าคงไม่ไปไกลหรอก แต่ที่รู้ก็มีแค่นี้แหละ
B02-1271	บท 1 พากย์ · speech_list_judge_main_c01	? (ช) [อีกแทร็ก]	อืม บอกยากเหมือนกันครับ... คิดว่าคงไม่ไปไกล\nแต่ที่รู้ก็มีแค่นี้
B02-1272	บท 1 พากย์ · speech_list_judge_main_c01	? (ช)	โอเค ได้\nขอบใจนะ
B02-1273	บท 1 พากย์ · speech_list_judge_main_c01	? (ช) [อีกแทร็ก]	โอเค\nงั้นก็ขอบใจนะ
B02-1274	บท 1 พากย์ · speech_list_judge_main_c01	? (ช)	(ก่อนหน้านี้ก็เจ้าของอามูร์ ตอนนี้ก็คนนี้อีก\nทำไมไม่มีใครอยู่ที่คลับ ของตัวเองบ้างเลย)
B02-1275	บท 1 พากย์ · speech_list_judge_main_c01	? (ช)	(เดี๋ยวนะ บางทีอาจจะหาเขาด้วยวิธีเดิมได้\nลองดูสักตั้งก็ไม่เสียหาย)
B02-1276	บท 1 พากย์ · speech_list_judge_main_c01	tender_master (ช)	เซยะทำงานอยู่ที่คลับสตาร์ดัสต์
B02-1277	บท 1 พากย์ · speech_list_judge_main_c01	tender_master (ช) [อีกแทร็ก]	เซยะเป็นโฮสต์\nอยู่ที่คลับสตาร์ดัสต์
B02-1278	บท 1 พากย์ · speech_list_judge_main_c01	? (ช)	อยากรู้เรื่องที่เขาเจอกับ กัปตันฮามุระเพิ่ม\nก็ไปคุยกับเขาเองเลย
B02-1279	บท 1 พากย์ · speech_list_judge_main_c01	? (ช) [อีกแทร็ก]	อยากรู้เพิ่มก็ไปคุยกับเขาเองสิ
B02-1280	บท 1 พากย์ · speech_list_judge_main_c01	yagami (ช)	เฮ้ สึคุโมะ?
B02-1281	บท 1 พากย์ · speech_list_judge_main_c01	yagami (ช) [อีกแทร็ก]	นี่ สึคุโมะ
B02-1282	บท 1 พากย์ · speech_list_judge_main_c01	tsukumo (ช)	อ้อ ยากามิ มีอะไรเหรอ?
B02-1283	บท 1 พากย์ · speech_list_judge_main_c01	tsukumo (ช) [อีกแทร็ก]	ยากามิ! มีอะไรเหรอ?
B02-1284	บท 1 พากย์ · speech_list_judge_main_c01	? (ช)	เอ่อ ผมต้องการอะไรบางอย่างน่ะ\nช่วยค้นข้อความให้อีกรอบได้มั้ย?
B02-1285	บท 1 พากย์ · speech_list_judge_main_c01	? (ช) [อีกแทร็ก]	คือผมหมดทางไปอีกแล้ว คงต้อง\nขอค้นเพิ่มอีกรอบ ช่วยหน่อยได้มั้ย?
B02-1286	บท 1 พากย์ · speech_list_judge_main_c01	? (ช)	ได้เลย บอกคีย์เวิร์ด\nที่ต้องการมาได้เลย!
B02-1287	บท 1 พากย์ · speech_list_judge_main_c01	? (ช) [อีกแทร็ก]	ได้เลย บอกคำมาสักคำก็พอ!
B02-1288	บท 1 พากย์ · speech_list_judge_main_c01	? (ช)	อืม ลองใช้ "สตาร์ดัสต์" กับ "เซยะ" ดู
B02-1289	บท 1 พากย์ · speech_list_judge_main_c01	? (ช) [อีกแทร็ก]	เอาล่ะ...เริ่มจาก\n"สตาร์ดัสต์" กับ "เซยะ" ก่อน
B02-1290	บท 1 พากย์ · speech_list_judge_main_c01	? (ช)	อ้อ แล้วก็จำกัดประวัติการค้นหา\nแค่วันนี้พอนะ
B02-1291	บท 1 พากย์ · speech_list_judge_main_c01	? (ช) [อีกแทร็ก]	แล้วก็ต้องเป็นของวันนี้ด้วย\nอย่างอื่นช่วยอะไรผมไม่ได้หรอก
B02-1292	บท 1 พากย์ · speech_list_judge_main_c01	? (ช)	จัดให้\nรอแป๊บนึงนะ...
B02-1293	บท 1 พากย์ · speech_list_judge_main_c01	? (ช) [อีกแทร็ก]	จัดให้\nแป๊บนึงนะ...
B02-1294	บท 1 พากย์ · speech_list_judge_main_c01	? (ช)	ได้แล้ว ได้แล้ว!\nเดี๋ยวส่งขึ้นจอให้นะ
B02-1295	บท 1 พากย์ · speech_list_judge_main_c01	? (ช) [อีกแทร็ก]	เฮ่ย! ได้แล้ว ได้แล้ว...\nยากามิ เดี๋ยวโยนของดีพวกนี้ขึ้นจอให้เลย
B02-1296	บท 1 พากย์ · speech_list_judge_main_c01	? (ช)	เอ๊ะ นี่มันได้ผลเกินไปหน่อย มีคีย์เวิร์ดอื่น\nที่อยากใช้ช่วยกรองอีกมั้ย?
B02-1297	บท 1 พากย์ · speech_list_judge_main_c01	? (ช) [อีกแทร็ก]	อืม ยังเจอเยอะเป็นตั้งเลย...\nมีคีย์เวิร์ดอื่นให้ผมช่วยกรองอีกมั้ย?
B02-1298	บท 1 พากย์ · speech_list_judge_main_c01	? (ช)	อืม
B02-1299	บท 1 พากย์ · speech_list_judge_main_c01	? (ช)	อืม ช่วยได้เยอะเลย แต่ก็ยังเจอเป็นตันอยู่ดี\nลองคำอื่นดูมั้ย?
B02-1300	บท 1 พากย์ · speech_list_judge_main_c01	? (ช) [อีกแทร็ก]	อื้อออ ช่วยได้เยอะ แต่ก็ยังเยอะเกินไปอยู่ดี\nลองคำอื่นกันเถอะ
B02-1301	บท 1 พากย์ · speech_list_judge_main_c01	? (ช)	โอ๊ย บ้าเอ๊ย
B02-1302	บท 1 พากย์ · speech_list_judge_main_c01	? (ช) [อีกแทร็ก]	โอเค ลองคำนี้ดู...
B02-1303	บท 1 พากย์ · speech_list_judge_main_c01	? (ช)	โอ้โฮ! ได้ผลเลย!
B02-1304	บท 1 พากย์ · speech_list_judge_main_c01	? (ช)	เยี่ยม ทีนี้ผมน่าจะตรวจดูเองได้ไม่ยาก\nขอบใจนะ สึคุโมะ
B02-1305	บท 1 พากย์ · speech_list_judge_main_c01	? (ช) [อีกแทร็ก]	เยี่ยม น่าจะตรวจดูเองได้ไม่ยาก\nเดี๋ยวผมลุยต่อเอง ขอบใจนะ!
B02-1306	บท 1 พากย์ · speech_list_judge_main_c01	? (ช)	รับรองเจอหนุ่มหล่อของนาย\nในเวลาไม่นานแน่!
B02-1307	บท 1 พากย์ · speech_list_judge_main_c01	? (ช) [อีกแทร็ก]	เออ แค่สามเบาะแสสบายมากอยู่แล้ว!\nเฮ่ย!
B02-1308	บท 1 พากย์ · speech_list_judge_main_c01	yagami (ช)	(บ้าเอ๊ย ไม่เจออะไรเลย...)
B02-1309	บท 1 พากย์ · speech_list_judge_main_c01	tsukumo (ช)	อ้อ ยากามิ เจอตัวโฮสต์ของนาย\nรึยัง?
B02-1310	บท 1 พากย์ · speech_list_judge_main_c01	tsukumo (ช) [อีกแทร็ก]	ยากามิ เจอตัวโฮสต์ของนาย\nไอ้เซยะนั่นรึยัง?
B02-1311	บท 1 พากย์ · speech_list_judge_main_c01	? (ช)	ยัง เบาะแสทั้งสามอันพลาดหมดเลย
B02-1312	บท 1 พากย์ · speech_list_judge_main_c01	? (ช)	อื้อออ\nลองอีกรอบดีมั้ย?
B02-1313	บท 1 พากย์ · speech_list_judge_main_c01	? (ช) [อีกแทร็ก]	อืม จริงดิ...ลอง\nอีกรอบดีมั้ย?
B02-1314	บท 1 พากย์ · speech_list_judge_main_c01	? (ช)	ไม่ล่ะ ไม่เป็นไร\nผมหาทางอื่นเอาเองก็ได้
B02-1315	บท 1 พากย์ · speech_list_judge_main_c01	? (ช) [อีกแทร็ก]	หา? ไม่ล่ะ ไม่เป็นไร\nผมหาทางอื่นเอาเองก็ได้
B02-1316	บท 1 พากย์ · speech_list_judge_main_c01	? (ช)	อย่าทำหน้าบูดขนาดนั้นสิ ยากามิ!\nฉันว่าต้องมีโพสต์ใหม่ ๆ ตั้งแต่เมื่อกี้แน่ ๆ!
B02-1317	บท 1 พากย์ · speech_list_judge_main_c01	? (ช) [อีกแทร็ก]	อย่าทำตัวหงอยแบบนั้นสิ! ฉันว่าถ้าลองเช็กดู\nต้องเจอโพสต์เพิ่มอีกสักสองสามอันแน่!
B02-1318	บท 1 พากย์ · speech_list_judge_main_c01	? (ช)	ไม่คิดว่าจะเปลี่ยนอะไรได้เยอะหรอก... แต่ก็ได้\nลองดูก็ได้ ขอดูหน่อยสิว่ามีอะไรบ้าง
B02-1319	บท 1 พากย์ · speech_list_judge_main_c01	? (ช) [อีกแทร็ก]	ไม่คิดว่าจะเปลี่ยนอะไรได้เยอะหรอก...\nแต่ก็ได้ ลองดูก็ได้...
B02-1320	บท 1 พากย์ · speech_list_judge_main_c01	? (ช)	เฮ่ย เริ่มจาก\nคีย์เวิร์ดเดิมก่อนเลย
B02-1321	บท 1 พากย์ · speech_list_judge_main_c01	? (ช) [อีกแทร็ก]	เอาล่ะ เริ่มจากคีย์เวิร์ดเดิมก่อน\nใส่ลงไปตรงนี้เลย...
B02-1322	บท 1 พากย์ · speech_list_judge_main_c01	? (ช)	เห็นมั้ย? เจอใหม่แล้ว! วงการโซเชียลมีเดีย\nเปลี่ยนแปลงทุกวินาทีเลยจริง ๆ
B02-1323	บท 1 พากย์ · speech_list_judge_main_c01	? (ช) [อีกแทร็ก]	นั่นไง! โพสต์ใหม่เมื่อนาทีที่แล้วเอง!\nเดี๋ยวส่งให้เลยนะ ยากามิ
B02-1324	บท 1 พากย์ · speech_list_judge_main_c01	? (ช)	ดูเหมือนโพสต์นี้เพิ่งลงเมื่อนา ทีเดียว\nถ้านี่ไม่ใช่เบาะแสร้อน ๆ ก็ไม่รู้จะเรียกว่าอะไรแล้ว!
B02-1325	บท 1 พากย์ · speech_list_judge_main_c01	? (ช) [อีกแทร็ก]	ถ้าโพสต์นี้เพิ่งลงมาแค่นาทีเดียว\nนี่ก็ต้องเรียกว่าเบาะแสร้อนแรงเลยล่ะ!
B02-1326	บท 1 พากย์ · speech_list_judge_main_c01	? (ช)	โอเค เดี๋ยวไปดูเลย\nขอบใจมากนะ สึคุโมะ
B02-1327	บท 1 พากย์ · speech_list_judge_main_c01	? (ช)	เฮ่ย! ไม่มีปัญหาเลย!
B02-1328	บท 1 พากย์ · speech_list_judge_main_c01	? (ช)	ขอโทษนะครับ
B02-1329	บท 1 พากย์ · speech_list_judge_main_c01	yagami (ช) [อีกแทร็ก]	มีเวลาสักครู่มั้ยครับ?
B02-1330	บท 1 พากย์ · speech_list_judge_main_c01	? (ช)	ผมกำลังตามหาโฮสต์ชื่อเซยะ\nที่ทำงานอยู่คลับสตาร์ดัสต์น่ะครับ
B02-1331	บท 1 พากย์ · speech_list_judge_main_c01	? (ช) [อีกแทร็ก]	ผมกำลังหาโฮสต์ชื่อเซยะ\nที่ทำงานอยู่คลับสตาร์ดัสต์...ครับ
B02-1332	บท 1 พากย์ · speech_list_judge_main_c01	? (ช)	หา? มีธุระอะไรกับเซยะ!?
B02-1333	บท 1 พากย์ · speech_list_judge_main_c01	? (ช) [อีกแทร็ก]	หา? เซยะ!?\nมีธุระอะไรกับเขา?
B02-1334	บท 1 พากย์ · speech_list_judge_main_c01	? (ช)	...เอ่อ ผมแค่มีเรื่องอยากถามเขาน่ะครับ\nได้ยินมาว่าเขากำลังเดตอยู่แถวนี้
B02-1335	บท 1 พากย์ · speech_list_judge_main_c01	? (ช)	เดตเหรอ!? นังตัวร้ายคนไหนกัน\nที่มันแอบไปนอกใจฉันด้วย!?
B02-1336	บท 1 พากย์ · speech_list_judge_main_c01	? (ช) [อีกแทร็ก]	เดตเหรอ!? <font_kind=yakuza_italic>นังตัวร้าย</font_kind>คนไหนกัน\nที่มันแอบไปนอกใจฉันด้วย!?
B02-1337	บท 1 พากย์ · speech_list_judge_main_c01	? (ช)	เอ่อ...ช่างเถอะครับ\nไม่มีอะไรหรอก
B02-1338	บท 1 พากย์ · speech_list_judge_main_c01	? (ช)	ไม่มีอะไรได้ไง!\nเกิดอะไรขึ้นกันแน่!?
B02-1339	บท 1 พากย์ · speech_list_judge_main_c01	? (ช) [อีกแทร็ก]	มัน<font_kind=yakuza_italic>ไม่</font_kind>"มีอะไร"หรอก!\nเกิดอะไรขึ้นกันแน่!?
B02-1340	บท 1 พากย์ · speech_list_judge_main_c01	? (ช)	โอ๊ะ ดูเวลาสิ\nต้องไปแล้ว!
B02-1341	บท 1 พากย์ · speech_list_judge_main_c01	? (ช) [อีกแทร็ก]	โห ดูเวลาสิ...!
B02-1342	บท 1 พากย์ · speech_list_judge_main_c01	? (ช)	(ท่าทางเซยะจะไม่อยู่แถวนี้\nลองที่อื่นดีกว่า)
B02-1343	บท 1 พากย์ · speech_list_judge_main_c01	seiya_girl (ช)	...มีอะไรเหรอ?
B02-1344	บท 1 พากย์ · speech_list_judge_main_c01	? (ช)	เดี๋ยวนะ คุณรู้จักเซยะคุงเหรอ?\nเขาเป็นอะไรมั้ย!?
B02-1345	บท 1 พากย์ · speech_list_judge_main_c01	? (ช)	คืนนี้เรานัดเดตกันไว้\nแต่เขาไม่มา ฉันเลยเป็นห่วงนิดหน่อย...
B02-1346	บท 1 พากย์ · speech_list_judge_main_c01	? (ช) [อีกแทร็ก]	คืนนี้เรานัดเดตกันไว้ แต่เขาไม่มา\nฉันเลยเป็นห่วงนิดหน่อย...
B02-1347	บท 1 พากย์ · speech_list_judge_main_c01	? (ช)	หา? ผมได้ยินมาว่าเขากำลังเดตอยู่ แถวนี้เหมือนกัน\nแต่งั้นก็คงไม่ใช่กับคุณสินะ...
B02-1348	บท 1 พากย์ · speech_list_judge_main_c01	? (ช) [อีกแทร็ก]	หา? เท่าที่ผมได้ยินมา ตอนนี้เขาออกไปเดต\nอยู่ที่ไหนสักแห่งในเมืองแล้ว...?
B02-1349	บท 1 พากย์ · speech_list_judge_main_c01	? (ช)	เอ่อ...รอบหน้าคงดีขึ้นมั้งครับ?
B02-1350	บท 1 พากย์ · speech_list_judge_main_c01	? (ช) [อีกแทร็ก]	แต่...ผมว่าคงไม่ใช่กับคุณหรอก
B02-1351	บท 1 พากย์ · speech_list_judge_main_c01	? (ช)	เดี๋ยวนะ อะไรนะ?\nเซยะคุงไปเดตกับผู้หญิงคนอื่นเหรอ!?
B02-1352	บท 1 พากย์ · speech_list_judge_main_c01	? (ช) [อีกแทร็ก]	เดี๋ยวนะ อะไรนะ...?\nเซยะคุง...อยู่กับคนอื่นเหรอ?
B02-1353	บท 1 พากย์ · speech_list_judge_main_c01	? (ช)	ท่าทางจะเป็นงั้น แต่อย่าคิดมากเลยครับ\nผมว่าคุณต้องผ่านมันไปได้แน่...
B02-1354	บท 1 พากย์ · speech_list_judge_main_c01	? (ช) [อีกแทร็ก]	ท่าทางจะเป็นงั้น...แต่ยังไงก็เถอะ\nอย่าโทษตัวเองเลยนะครับ?
B02-1355	บท 1 พากย์ · speech_list_judge_main_c01	? (ช)	โอ๊ย โล่งอกไปที เขาปลอดภัยดี! นึกว่าเขา\nเกิดอุบัติเหตุอะไรขึ้นมาซะอีก!
B02-1356	บท 1 พากย์ · speech_list_judge_main_c01	? (ช) [อีกแทร็ก]	โอ๊ย โล่งอกไปที ดีใจจังที่เซยะปลอดภัย!\nนึกว่าเขาเกิดอุบัติเหตุขึ้นมาซะอีก!
B02-1357	บท 1 พากย์ · speech_list_judge_main_c01	? (ช)	ไม่รู้ว่าเขาสนุกกับการเดตรึเปล่านะ...\nแค่เขามีความสุขก็พอ ฉันก็มีความสุขแล้ว...
B02-1358	บท 1 พากย์ · speech_list_judge_main_c01	? (ช) [อีกแทร็ก]	ไม่รู้ว่าเซยะสนุกกับการเดตรึเปล่านะ\nแค่เซยะคุงของฉันมีความสุข ฉันก็มีความสุขแล้ว
B02-1359	บท 1 พากย์ · speech_list_judge_main_c01	? (ช)	(ยังไงก็เถอะ ท่าทางเซยะจะไม่อยู่แถวนี้\nลองที่อื่นดีกว่า)
B02-1360	บท 1 พากย์ · speech_list_judge_main_c01	seiya_girl (ช)	หวังว่าเซยะคุงจะมาถึงเร็ว ๆ นี้นะ...
B02-1361	บท 1 พากย์ · speech_list_judge_main_c01	? (ช)	เดี๋ยวนะ หมายถึงเซยะ\nโฮสต์จากคลับสตาร์ดัสต์ใช่มั้ย?
B02-1362	บท 1 พากย์ · speech_list_judge_main_c01	? (ช) [อีกแทร็ก]	เดี๋ยวก่อน...คุณกำลังพูดถึงเซยะ\nโฮสต์จากคลับสตาร์ดัสต์เหรอ?
B02-1363	บท 1 พากย์ · speech_list_judge_main_c01	? (ช)	คุณเป็นใครเหรอ?\nมาจากคลับรึเปล่า!?
B02-1364	บท 1 พากย์ · speech_list_judge_main_c01	? (ช) [อีกแทร็ก]	...คุณเป็นใครเหรอ?\nมาจากคลับรึเปล่า!?
B02-1365	บท 1 พากย์ · speech_list_judge_main_c01	? (ช)	เอ่อ...ไม่ครับ ขอโทษที\nผมแค่กำลังตามหาเซยะน่ะ
