id	ฉาก	ผู้พูด	หมายเหตุ	EN	TH
P0301-0001	ทวนเรื่องเปิดบท · p03_00100	Narration (?)		Matsugane Family Captain, Kyohei Hamura,\nis connected to the Mole.	กัปตันเคียวเฮย์ ฮามุระแห่งตระกูลมัตสึกาเนะ\nมีสายสัมพันธ์กับไอ้ตัวตุ่น
P0301-0002	ทวนเรื่องเปิดบท · p03_00100	Narration (?)		Confirming his suspicions,\nYagami's progress is impeded.	ขณะที่ยืนยันข้อสงสัยได้\nความคืบหน้าของยากามิกลับถูกสกัดกั้น
P0301-0003	ทวนเรื่องเปิดบท · p03_00100	Narration (?)		The entire city is under\nHamura's surveillance...	ทั่วทั้งเมืองตกอยู่ภายใต้\nการเฝ้าจับตาของฮามุระ...
P0301-0004	ทวนเรื่องเปิดบท · p03_00100	Narration (?)		And it went deeper than he knew.	และมันลึกล้ำกว่าที่เขารู้
P0301-0005	ทวนเรื่องเปิดบท · p03_00100	Narration (?)		Alone and out of options,\nYagami receives a little support.	โดดเดี่ยวและหมดหนทาง\nยากามิได้รับแรงหนุนเล็กๆ น้อยๆ
P0301-0006	ทวนเรื่องเปิดบท · p03_00100	Narration (กลาง)	[ใช้ร่วม] [ต้องกลางเพศ]	But...	แต่...
P0301-0007	ทวนเรื่องเปิดบท · p03_00100	Narration (?)		The night is still young.	คืนนี้ยังอีกยาวไกล
P0301-0008	คัตซีน · a03_010	Yagami (ช)		A thief going after yakuza cash.\nCouldn't imagine anyone's that dumb.	โจรที่กล้าไปปล้นเงินยากูซ่า\nนึกไม่ออกเลยว่าจะมีใครโง่ขนาดนั้น
P0301-0009	คัตซีน · a03_010	Yagami (ช)	[อีกแทร็ก]	A thief robbing a yakuza's safe...	โจรที่กล้าไปปล้นเซฟของยากูซ่า...
P0301-0010	คัตซีน · a03_010	Yagami (ช)		But they did it.	แต่พวกเขาก็ทำสำเร็จ
P0301-0011	คัตซีน · a03_010	Yagami (ช)	[อีกแทร็ก]	No one would even dare to think it.	ไม่มีใครกล้าคิดด้วยซ้ำ
P0301-0012	คัตซีน · a03_010	Yagami (ช)		All under Kaito-san's watch.	เกิดขึ้นตอนที่ไคโตะซังเข้าเวร อยู่พอดี
P0301-0013	คัตซีน · a03_010	Yagami (ช)	[อีกแทร็ก]	The guy on office duty that day,\nKaito-san, thought the same.	คนที่เข้าเวรสำนักงานวันนั้น\nอย่างไคโตะซัง ก็คิดแบบเดียวกัน
P0301-0014	คัตซีน · a03_010	Yagami (ช)		The family lost 100 mil that day.	วันนั้นตระกูลสูญเงินไป 100 ล้านเยน
P0301-0015	คัตซีน · a03_010	Yagami (ช)	[อีกแทร็ก]	100 million yen got stolen from that safe.	เงิน 100 ล้านเยนถูกขโมยไปจากเซฟนั้น
P0301-0016	คัตซีน · a03_010	Yagami (ช)		But there was nothing Kaito-san\ncould do with a gun shoved in his face.	แต่ไคโตะซังก็ทำอะไรไม่ได้\nเมื่อปืนจ่อหน้าอยู่ขนาดนั้น
P0301-0017	คัตซีน · a03_010	Yagami (ช)	[อีกแทร็ก]	Not even Kaito-san could stop it\nwith a gun shoved in his face.	ต่อให้เป็นไคโตะซังก็หยุดมันไม่ได้\nเมื่อโดนปืนจ่อหน้า
P0301-0018	คัตซีน · a03_010	Matsugane (ช)		What the hell do you\nthink you're doing!?	นายกำลังจะทำ\nบ้าอะไรกันแน่!?
P0301-0019	คัตซีน · a03_010	Matsugane (ช)	[อีกแทร็ก]	What the hell are you doing!?	นายจะทำบ้าอะไรกันแน่!?
P0301-0020	คัตซีน · a03_010	Hamura (ช)		Making sure there's some\naccountability around here... Boss.	แค่จะให้มีคนรับผิดชอบ\nเรื่องนี้บ้างน่ะครับ... ท่านประธาน
P0301-0021	คัตซีน · a03_010	Hamura (ช)	[อีกแทร็ก]	Making sure someone\ntakes responsibility, boss.	แค่อยากให้มีคน\nรับผิดชอบบ้างน่ะครับ ท่าน
P0301-0022	คัตซีน · a03_010	Matsugane (ช)		As if that'll suddenly make things right.\nHow exactly does this get our money back?	เหมือนกับว่าทำแบบนี้แล้ว ทุกอย่างจะโอเคงั้นแหละ\nแล้วมันจะเอาเงินเรากลับคืนมาได้ยังไง?
P0301-0023	คัตซีน · a03_010	Matsugane (ช)	[อีกแทร็ก]	As if a finger makes up for it.\nIs a finger going to bring my money back?	เหมือนนิ้วเดียวจะชดใช้ได้งั้นแหละ\nนิ้วเดียวจะเอาเงินผมกลับคืนมาได้เหรอ?
P0301-0024	คัตซีน · a03_010	Hamura (ช)		Well, it won't.\nBut it's a start.	มันคืนไม่ได้หรอกครับ\nแต่ก็ถือว่าเป็นจุดเริ่มต้น
P0301-0025	คัตซีน · a03_010	Hamura (ช)	[อีกแทร็ก]	No, but it's his fault all the same.	ไม่หรอกครับ แต่ยังไงมันก็เป็นความผิดของเขาอยู่ดี
P0301-0026	คัตซีน · a03_010	Hamura (ช)		It's important to set an example.	มันสำคัญที่จะต้องทำให้เป็นตัวอย่าง
P0301-0027	คัตซีน · a03_010	Hamura (ช)	[อีกแทร็ก]	We have to set an example here.	เราต้องทำให้เป็นตัวอย่างให้เห็นครับ
P0301-0028	คัตซีน · a03_010	Yagami (ช)		A hundred mil, huh?	ร้อยล้านเลยเหรอเนี่ย?
P0301-0029	คัตซีน · a03_010	Yagami (ช)	[อีกแทร็ก]	Sooo...	เอ่อ...
P0301-0030	คัตซีน · a03_010	Yagami (ช)		Sounds like that's\none expensive finger.	ฟังดูเหมือนนิ้วเดียว\nจะแพงเป็นบ้าเลยนะเนี่ย
P0301-0031	คัตซีน · a03_010	Yagami (ช)	[อีกแทร็ก]	That finger's worth 100 mil, huh?	นิ้วเดียวมีค่าตั้ง 100 ล้านเลยเหรอเนี่ย
P0301-0032	คัตซีน · a03_010	Matsugane (ช)		Tak. Why are you here?	ทาคุ ทำไมนายถึงมาอยู่ที่นี่ล่ะ?
P0301-0033	คัตซีน · a03_010	Matsugane (ช)	[อีกแทร็ก]	Tak... Why are you here?	ทาคุ... ทำไมนายถึงมาที่นี่?
P0301-0034	คัตซีน · a03_010	Kaito (ช)		We were outside having a chat.	เราแค่คุยกันอยู่ข้างนอกน่ะ
P0301-0035	คัตซีน · a03_010	Kaito (ช)	[อีกแทร็ก]	He was already with me.	เขาอยู่กับฉันอยู่แล้วน่ะ
P0301-0036	คัตซีน · a03_010	Tashiro (ช)		The hell do you think you're doin'?	มึงคิดจะทำอะไรของมึงวะ?
P0301-0037	คัตซีน · a03_010	Tashiro (ช)	[อีกแทร็ก]	What do you think you're doing!?	นายจะทำอะไรกันเนี่ย!?
P0301-0038	คัตซีน · a03_010	Yagami (ช)		That pinky's big money.	นิ้วก้อยนั่นมันเงินก้อนโตเลยนะเนี่ย
P0301-0039	คัตซีน · a03_010	Yagami (ช)	[อีกแทร็ก]	A finger worth 100 mil?	นิ้วที่มีค่าตั้ง 100 ล้านเหรอ?
P0301-0040	คัตซีน · a03_010	Yagami (ช)		Thought I'd get a good long\nlook before it was gone forever.	ก็แค่คิดว่าจะดูให้เต็มตา\nก่อนที่มันจะหายไปตลอดกาลน่ะ
P0301-0041	คัตซีน · a03_010	Yagami (ช)	[อีกแทร็ก]	Thought I'd get a good look\nbefore it's gone.	แค่อยากดูให้ชัดๆ\nก่อนที่มันจะหายไป
P0301-0042	คัตซีน · a03_010	Tashiro (ช)		Shut it!	เงียบไปเลย!
P0301-0043	คัตซีน · a03_010	Tashiro (ช)	[อีกแทร็ก] [ใช้ร่วม] [ซ้ำในบท x2]	Shut up!	หุบปาก!
P0301-0044	คัตซีน · a03_010	Tashiro (ช)		Heh. Pretty pathetic isn't it?	ฮึ น่าสมเพชดีเนอะ?
P0301-0045	คัตซีน · a03_010	Tashiro (ช)	[อีกแทร็ก]	Think this is funny, Tak?	คิดว่ามันตลกเหรอ ไอ้ทาคุ?
P0301-0046	คัตซีน · a03_010	Tashiro (ช)		But Hamura.	แต่ว่าฮามุระ
P0301-0047	คัตซีน · a03_010	Tashiro (ช)	[อีกแทร็ก]	But, Cap...	แต่ว่า กัปตัน...
P0301-0048	คัตซีน · a03_010	Tashiro (ช)		The damage was a hundred million.	ความเสียหายมันตั้งร้อยล้านนะ
P0301-0049	คัตซีน · a03_010	Tashiro (ช)	[อีกแทร็ก]	We're talking about 100 million.	เรากำลังพูดถึงเงิน 100 ล้านเยนนะ
P0301-0050	คัตซีน · a03_010	Tashiro (ช)		You really think one\npinky can cover that?	นายคิดจริงๆ เหรอว่านิ้วก้อย\nนิ้วเดียวจะชดใช้เงินนั้นได้?
P0301-0051	คัตซีน · a03_010	Tashiro (ช)	[อีกแทร็ก]	Does one finger even cover that?	นิ้วเดียวจะชดใช้เงินนั้นได้จริงเหรอ?
P0301-0052	คัตซีน · a03_010	Hamura (ช)		Heh. There's gonna be a whole\nlot more comin' his way.	ฮึ ยังมีอีกเยอะเลยครับ\nที่กำลังจะตามมาหาเขา
P0301-0053	คัตซีน · a03_010	Hamura (ช)	[อีกแทร็ก]	We're just getting started, actually.	จริงๆ แล้วเราเพิ่งเริ่มต้นเท่านั้นเองครับ
P0301-0054	คัตซีน · a03_010	Tashiro (ช)		More than this?	มากกว่านี้อีกเหรอ?
P0301-0055	คัตซีน · a03_010	Tashiro (ช)	[อีกแทร็ก]	Oh you are?	อ้อ งั้นเหรอ?
P0301-0056	คัตซีน · a03_010	Kaito (ช)		Uhh... What more can you do?	เอ่อ... จะทำอะไรได้อีกวะ?
P0301-0057	คัตซีน · a03_010	Kaito (ช)	[อีกแทร็ก]	Then... there's worse?	งั้น... ยังมีที่แย่กว่านี้อีกเหรอ?
P0301-0058	คัตซีน · a03_010	Yagami (ช)	[ใช้ร่วม]	Good question.	คำถามดีนี่
P0301-0059	คัตซีน · a03_010	Yagami (ช)	[อีกแทร็ก]	There is.	มีสิครับ
P0301-0060	คัตซีน · a03_010	Hamura (ช)	[ใช้ร่วม]	Kaito-san...	ไคโตะซัง...
P0301-0061	คัตซีน · a03_010	Hamura (ช)	[อีกแทร็ก]	Kaito is...	ไคโตะน่ะ...
P0301-0062	คัตซีน · a03_010	Hamura (ช)		You're out... for good.	มึงจะถูกไล่ออก... ตลอดกาล
P0301-0063	คัตซีน · a03_010	Hamura (ช)	[อีกแทร็ก]	...expelled as of today.	...ถูกขับออกจากตระกูลตั้งแต่วันนี้
P0301-0064	คัตซีน · a03_010	Higashi (ช)		There's no way.\nKaito-aniki is...	เป็นไปไม่ได้\nลูกพี่ไคโตะ...
P0301-0065	คัตซีน · a03_010	Higashi (ช)	[อีกแทร็ก]	No way. Kaito-aniki's getting...	ไม่จริงน่ะ ลูกพี่ไคโตะกำลังจะโดน...
P0301-0066	คัตซีน · a03_010	Higashi (ช)		Boss. You're... okay with this?	หัวหน้า... ท่านโอเคกับเรื่องนี้จริงๆ เหรอ?
P0301-0067	คัตซีน · a03_010	Higashi (ช)	[อีกแทร็ก]	B-Boss... I...	ท-ท่านหัวหน้า... ฉัน...
P0301-0068	คัตซีน · a03_010	Hamura (ช)		Begging him won't\nget you out of this.	ต่อให้อ้อนวอนไป\nก็ช่วยมึงไม่ได้หรอก
P0301-0069	คัตซีน · a03_010	Hamura (ช)	[อีกแทร็ก]	Crying isn't going to pay this tab.	ร้องไห้ไปก็ใช้หนี้นี้ไม่ได้หรอก
P0301-0070	คัตซีน · a03_010	Hamura (ช)		You see, Boss? It's gotta be done.\nYou know it's only fair.	เห็นมั้ยครับท่าน? มันต้องทำแบบนี้\nท่านก็รู้ว่ามันยุติธรรมดีแล้ว
P0301-0071	คัตซีน · a03_010	Hamura (ช)	[อีกแทร็ก]	You see what we're doing,\nright, boss? This is mandatory.	ท่านก็เห็นแล้วนี่ครับว่าเรา กำลังทำอะไรอยู่\nนี่มันจำเป็นต้องทำครับ
P0301-0072	คัตซีน · a03_010	Hamura (ช)		You should know...\nI already informed the main family of this.	ท่านควรรู้ไว้ด้วยว่า...\nผมแจ้งเรื่องนี้ให้ตระกูลใหญ่ ทราบไปแล้วครับ
P0301-0073	คัตซีน · a03_010	Hamura (ช)	[อีกแทร็ก]	It's already gone up to the main family.	เรื่องนี้ถูกรายงานขึ้นไปถึง ตระกูลใหญ่แล้วครับ
P0301-0074	คัตซีน · a03_010	Matsugane (ช)		Did you now?	งั้นเหรอ?
P0301-0075	คัตซีน · a03_010	Matsugane (ช)	[อีกแทร็ก]	You told them?	นายไปบอกพวกเขาแล้วเหรอ?
P0301-0076	คัตซีน · a03_010	Matsugane (ช)		You were awfully efficient about that.	นายรีบร้อนทำเรื่องนั้นเร็ว เหลือเกินนะ
P0301-0077	คัตซีน · a03_010	Matsugane (ช)	[อีกแทร็ก]	You worked pretty fast, huh?	ทำงานเร็วดีเหลือเกินนะ
P0301-0078	คัตซีน · a03_010	Hamura (ช)	[ใช้ร่วม] [ต้องกลางเพศ]	Thank you very much.	ขอบคุณมาก
P0301-0079	คัตซีน · a03_010	Hamura (ช)	[อีกแทร็ก]	Thank you, sir.	ขอบคุณครับ หัวหน้า
P0301-0080	คัตซีน · a03_010	Yagami (ช)	[ใช้ร่วม]	Matsugane-san.	มัตสึกาเนะซัง
P0301-0081	คัตซีน · a03_010	Yagami (ช)	[อีกแทร็ก]	Hmmm... So...	อืม... งั้น...
P0301-0082	คัตซีน · a03_010	Yagami (ช)		You're really gonna go\nthrough with this?	คุณจะทำเรื่องนี้จริง ๆ\nเหรอ?
P0301-0083	คัตซีน · a03_010	Yagami (ช)	[อีกแทร็ก]	Kaito-san's really out?	ไคโตะซังโดนไล่ออกจริง ๆ เหรอ?
P0301-0084	คัตซีน · a03_010	Matsugane (ช)		It's done, Tak.\nKaito's out.	จบแล้วนะ ทาคุ\nไคโตะโดนไล่ออกแล้ว
P0301-0085	คัตซีน · a03_010	Matsugane (ช)	[อีกแทร็ก]	Fine, then. He's expelled.	ได้ งั้นก็ไล่เขาออก
P0301-0086	คัตซีน · a03_010	Yagami (ช)		From this point forward?\nAre you sure about that?	ตั้งแต่วินาทีนี้เลยเหรอ?\nแน่ใจนะ?
P0301-0087	คัตซีน · a03_010	Yagami (ช)	[อีกแทร็ก]	Right now? This very second?	ตอนนี้เลยเหรอ? วินาทีนี้เลย?
P0301-0088	คัตซีน · a03_010	Matsugane (ช)		I'm certain.	แน่ใจ
P0301-0089	คัตซีน · a03_010	Matsugane (ช)	[อีกแทร็ก] [ใช้ร่วม] [ต้องกลางเพศ]	...Yes.	...ใช่
P0301-0090	คัตซีน · a03_010	Yagami (ช)		Good news, Kaito-san.\nYou get to keep your pinky.	ข่าวดีนะ ไคโตะซัง\nคุณเก็บนิ้วก้อยไว้ได้
P0301-0091	คัตซีน · a03_010	Yagami (ช)	[อีกแทร็ก]	Then you get to keep your finger, Kaito-san.	งั้นคุณก็เก็บนิ้วไว้ได้ ไคโตะซัง
P0301-0092	คัตซีน · a03_010	Unknown bystander (ช)	[ใช้ร่วม] [ต้องกลางเพศ] [ซ้ำในบท x15]	Huh?	หา?
P0301-0093	คัตซีน · a03_010	Hamura (ช)		You don't get to decide that.	คุณไม่มีสิทธิ์ตัดสินใจเรื่องนั้น
P0301-0094	คัตซีน · a03_010	Hamura (ช)	[อีกแทร็ก]	You don't get a say on that!	คุณไม่มีสิทธิ์พูดเรื่องนี้!
P0301-0095	คัตซีน · a03_010	Hamura (ช)		Yakuza cut off their fingers to show\naccountability for the things they do.	ยากูซ่าตัดนิ้วตัวเองเพื่อแสดง ความรับผิดชอบ\nต่อสิ่งที่ตัวเองทำ
P0301-0096	คัตซีน · a03_010	Hamura (ช)	[อีกแทร็ก]	Cutting off fingers is how\nthe yakuza take responsibility, right?	การตัดนิ้วคือวิธีที่ยากูซ่า\nแสดงความรับผิดชอบ ใช่ไหม?
P0301-0097	คัตซีน · a03_010	Yagami (ช)		A civilian like Kaito-san\nhas no reason to do that.	คนธรรมดาอย่างไคโตะซัง\nไม่มีเหตุผลต้องทำแบบนั้น
P0301-0098	คัตซีน · a03_010	Yagami (ช)	[อีกแทร็ก]	But Kaito-san's a civilian as of now.	แต่ตอนนี้ไคโตะซังเป็นคนธรรมดาไปแล้ว
P0301-0099	คัตซีน · a03_010	Hamura (ช)		The fuck do you think you are!?	แกคิดว่าตัวเองเป็นใครวะ!?
P0301-0100	คัตซีน · a03_010	Hamura (ช)	[อีกแทร็ก]	You don't even belong here!	แกไม่มีสิทธิ์อยู่ตรงนี้ด้วยซ้ำ!
P0301-0101	คัตซีน · a03_010	Yagami (ช)		With all due respect, your own boss\njust said Kaito's not yakuza anymore... Captain.	ด้วยความเคารพนะครับ หัวหน้าของคุณเอง\nเพิ่งพูดว่าไคโตะไม่ใช่ยากูซ่าแล้ว... กัปตัน
P0301-0102	คัตซีน · a03_010	Yagami (ช)	[อีกแทร็ก]	Your patriarch just said\nKaito-san's a civilian... Captain.	หัวหน้าตระกูลของคุณเพิ่งพูดว่า\nไคโตะซังเป็นคนธรรมดาแล้ว... กัปตัน
P0301-0103	คัตซีน · a03_010	Kaito (ช)		Back off.	ถอยไป
P0301-0104	คัตซีน · a03_010	Kaito (ช)	[อีกแทร็ก] [ใช้ร่วม]	Tak.	ทาคุ
P0301-0105	คัตซีน · a03_010	Kaito (ช)		I'll do what I've gotta.	ฉันจะทำในสิ่งที่ต้องทำ
P0301-0106	คัตซีน · a03_010	Kaito (ช)	[อีกแทร็ก]	You're out of line.	แกทำเกินไปแล้ว
P0301-0107	คัตซีน · a03_010	Yagami (ช)	[ใช้ร่วม]	Kaito-san.	ไคโตะซัง
P0301-0108	คัตซีน · a03_010	Kaito (ช)		This is how it's\ngonna have to be.	มันต้องเป็นแบบนี้\nแหละ
P0301-0109	คัตซีน · a03_010	Kaito (ช)	[อีกแทร็ก]	This is how a man owns his mistakes.	นี่แหละคือวิธีที่ลูกผู้ชาย รับผิดชอบความผิดพลาดของตัวเอง
P0301-0110	คัตซีน · a03_010	Kaito (ช)		I'm not afraid.\nI'm yakuza, dammit!	ฉันไม่กลัวหรอก\nฉันเป็นยากูซ่า เว้ย!
P0301-0111	คัตซีน · a03_010	Kaito (ช)	[อีกแทร็ก]	I've already made up my mind!	ฉันตัดสินใจไปแล้ว!
P0301-0112	คัตซีน · a03_010	Yagami (ช)	[ใช้ร่วม]	Wait!	เดี๋ยว!
P0301-0113	คัตซีน · a03_010	Yagami (ช)	[อีกแทร็ก] [ใช้ร่วม] [ต้องกลางเพศ]	Stop!	หยุด!
P0301-0114	คัตซีน · a03_010	Yagami (ช)	[ใช้ร่วม]	Kaito!	ไคโตะ!
P0301-0115	คัตซีน · a03_010	Matsugane (ช)		You're not Matsugane Family\nor yakuza anymore.	มึงไม่ใช่คนตระกูลมัตสึกาเนะ\nหรือยากูซ่าอีกต่อไปแล้ว
P0301-0116	คัตซีน · a03_010	Matsugane (ช)	[อีกแทร็ก]	You aren't one of our boys anymore.	แกไม่ใช่ลูกน้องของเราอีกต่อไปแล้ว
P0301-0117	คัตซีน · a03_010	Matsugane (ช)		You hear? I don't need your pinky,\nso just... Go.	ได้ยินไหม? กูไม่ต้องการนิ้วก้อยมึง\nงั้นก็... ไปซะ
P0301-0118	คัตซีน · a03_010	Matsugane (ช)	[อีกแทร็ก]	I don't need some civilian's bloody pinkie.	กูไม่ต้องการนิ้วก้อยเปื้อน เลือดของคนธรรมดาหรอก
P0301-0119	คัตซีน · a03_010	Hamura (ช)	[ใช้ร่วม]	Boss...	บอส...
P0301-0120	คัตซีน · a03_010	Hamura (ช)	[อีกแทร็ก]	B-Boss...	บ-บอส...
P0301-0121	คัตซีน · a03_015	Red Nose (ช)		Bad move, dumbass.	พลาดแล้วไง ไอ้โง่
P0301-0122	คัตซีน · a03_015	Red Nose (ช)	[อีกแทร็ก]	Who the fuck...?	ใครวะเนี่ย...?
P0301-0123	คัตซีน · a03_015	Red Nose (ช)		Open the fucking safe.	เปิดเซฟซะ ไอ้เวร
P0301-0124	คัตซีน · a03_015	Red Nose (ช)	[อีกแทร็ก]	Open the safe.	เปิดเซฟ
P0301-0125	คัตซีน · a03_015	Red Nose (ช)		Hurry up or I'll kill you.	รีบหน่อย ไม่งั้นกูฆ่ามึงแน่
P0301-0126	คัตซีน · a03_015	Red Nose (ช)	[อีกแทร็ก]	Resist and you die.	ขัดขืนคือตาย
P0301-0127	คัตซีน · a03_015	Yagami (ช)	[ใช้ร่วม]	Interesting.	น่าสนใจดีนะ
P0301-0128	คัตซีน · a03_015	Red Nose (ช)		Well then, you better make it count.\nOtherwise, it's gonna be my turn.	งั้นก็ทำให้คุ้มไว้ล่ะกัน\nไม่งั้นตากูบ้างนะ
P0301-0129	คัตซีน · a03_015	Red Nose (ช)	[อีกแทร็ก]	You gonna make the first shot count?\nOtherwise you're the dead man.	จะทำให้นัดแรกคุ้มได้ไหมล่ะ?\nไม่งั้นแกตายแน่
P0301-0130	คัตซีน · a03_015	Yagami (ช)		Apparently, the poor guy was polishing\nhis boss' shoes off in the corner.	ได้ยินว่าไอ้หนุ่มคนนั้นซวยจริง กำลังนั่งขัดรองเท้า\nให้หัวหน้าอยู่มุมห้องพอดี
P0301-0131	คัตซีน · a03_015	Yagami (ช)	[อีกแทร็ก]	He was down on the floor,\npolishing the boss's shoes.	เขานั่งอยู่กับพื้น\nกำลังขัดรองเท้าให้หัวหน้า
P0301-0132	คัตซีน · a03_015	Yagami (ช)		By the time he figured out what\nwas going on, he was fucked.	กว่าจะรู้ตัวว่าเกิดอะไรขึ้น\nก็จบเห่ไปแล้ว
P0301-0133	คัตซีน · a03_015	Yagami (ช)	[อีกแทร็ก]	But by the time he realized what\nwas happening, it was too late.	แต่กว่าเขาจะรู้ตัวว่าเกิดอะไรขึ้น\nก็สายไปแล้ว
P0301-0134	คัตซีน · a03_015	Higashi (ช)		Okay then. You got me.	เอาล่ะ แกเอาชนะฉันได้
P0301-0135	คัตซีน · a03_015	Higashi (ช)	[อีกแทร็ก]	Fine. You win.	ก็ได้ คุณชนะ
P0301-0136	คัตซีน · a03_015	Higashi (ช)		The money's yours.	เงินเป็นของคุณแล้ว
P0301-0137	คัตซีน · a03_015	Higashi (ช)	[อีกแทร็ก]	I yield.	ฉันยอมแพ้
P0301-0138	คัตซีน · a03_015	Higashi (ช)		I'll just... Go get it.	งั้นฉัน... ไปหยิบมาให้ก็แล้วกัน
P0301-0139	คัตซีน · a03_015	Higashi (ช)	[อีกแทร็ก]	Just take the damn money.	เอาเงินไปซะเถอะ
P0301-0140	คัตซีน · a03_015	Yagami (ช)		Higashi couldn't forget that face if he\ntried. It was seared into his memory.	ต่อให้พยายามแค่ไหน ฮิงาชิก็ลืมหน้านั้นไม่ลง\nมันฝังอยู่ในความทรงจำเขาไปแล้ว
P0301-0141	คัตซีน · a03_015	Yagami (ช)	[อีกแทร็ก]	Higashi burned that thief's face, build,\nand features into his memory.	ฮิงาชิจดจำใบหน้า รูปร่าง\nและลักษณะของไอ้ขโมยคนนั้น ไว้ในหัวอย่างแม่นยำ
P0301-0142	คัตซีน · a03_015	Yagami (ช)		You could say it all worked out\nfor the best, since no one got killed.	จะว่าไปมันก็จบลงด้วยดี\nเพราะไม่มีใครตาย
P0301-0143	คัตซีน · a03_015	Yagami (ช)	[อีกแทร็ก]	No one died, so you might say\nit was a best-case scenario.	ไม่มีใครตาย จะว่าไปก็ถือว่า\nเป็นผลลัพธ์ที่ดีที่สุดแล้ว
P0301-0144	คัตซีน · a03_015	Yagami (ช)		You could also say Higashi abandoned his\naniki and let the thief get away.	หรือจะพูดอีกแบบก็ได้ว่าฮิงาชิ ทิ้งลูกพี่\nตัวเองแล้วปล่อยให้ไอ้ขโมยหนีไป
P0301-0145	คัตซีน · a03_015	Yagami (ช)	[อีกแทร็ก]	But you could also say he watched a\nthief walk away with 100 mil.	แต่ก็พูดได้เหมือนกันว่าเขาได้แต่มอง\nไอ้ขโมยเดินหนีไปพร้อมเงิน 100 ล้าน
P0301-0146	คัตซีน · a03_015	Yagami (ช)		And that's one way for\na yakuza to lose a finger.\n\n	และนั่นคืออีกวิธีหนึ่ง\nที่ยากูซ่าต้องเสียนิ้วไป\n\n
P0301-0147	คัตซีน · a03_015	Yagami (ช)	[อีกแทร็ก]	The yakuza cut fingers off for that.	ยากูซ่าตัดนิ้วเพื่อสิ่งนั้นแหละ
P0301-0148	คัตซีน · a03_020	Yakuza member (ช)		Higashi-san!	ฮิงาชิซัง!
P0301-0149	คัตซีน · a03_020	Yakuza member (ช)		Yagami's here.\nAnd Kaito's with him!	ยากามิมาแล้ว\nไคโตะก็มาด้วย!
P0301-0150	คัตซีน · a03_020	Yakuza member (ช)	[อีกแทร็ก]	Yagami's here. And Kaito too!	ยากามิมาแล้ว แล้วก็ไคโตะด้วย!
P0301-0151	คัตซีน · a03_020	Higashi (ช)		Wow. Never thought I'd see\nyou roll in here, Kaito-san.	โห ไม่คิดเลยว่าจะได้เห็น\nไคโตะซังมาโผล่ที่นี่
P0301-0152	คัตซีน · a03_020	Higashi (ช)	[อีกแทร็ก]	What's the meaning of this, Kaito-san?	นี่มันหมายความว่ายังไง ไคโตะซัง?
P0301-0153	คัตซีน · a03_020	Kaito (ช)		Only seemed fair after what\nyou pulled. Look, we need to talk. 	ก็แค่แฟร์ดีหลังจากสิ่งที่นาย\nทำไว้ ฟังนะ เราต้องคุยกัน 
P0301-0154	คัตซีน · a03_020	Kaito (ช)	[อีกแทร็ก]	You're the one who busted\ninto our place first.	นายต่างหากที่บุก\nเข้ามาที่นี่ก่อน
P0301-0155	คัตซีน · a03_020	Higashi (ช)		And about what, exactly?	แล้วเรื่องอะไรกันแน่?
P0301-0156	คัตซีน · a03_020	Higashi (ช)	[อีกแทร็ก]	I said, what the hell\nare you doing here?	ฉันถามว่าแกมาทำ\nบ้าอะไรที่นี่?
P0301-0157	คัตซีน · a03_020	Ayabe (ช)	[ใช้ร่วม] [ซ้ำในบท x2]	Higashi.	ฮิงาชิ
P0301-0158	คัตซีน · a03_020	Ayabe (ช)	[อีกแทร็ก]	Higashi. Did you...	ฮิงาชิ นายทำ...
P0301-0159	คัตซีน · a03_020	Ayabe (ช)		Red Nose.\nDid you kill him last year?	จมูกแดง\nนายฆ่าเขาเมื่อปีที่แล้วใช่ไหม?
P0301-0160	คัตซีน · a03_020	Ayabe (ช)	[อีกแทร็ก]	...Kill Red Nose?	...ฆ่าจมูกแดงเหรอ?
P0301-0161	คัตซีน · a03_020	Higashi (ช)	[ใช้ร่วม]	Who?	ใครล่ะ?
P0301-0162	คัตซีน · a03_020	Ayabe (ช)		Don't play dumb.\nThe guy who broke into the Matsugane Family Office.	อย่าแกล้งโง่\nไอ้คนที่บุกเข้าไปใน สำนักงานตระกูลมัตสึกาเนะ
P0301-0163	คัตซีน · a03_020	Ayabe (ช)	[อีกแทร็ก]	The thief who broke into the\nMatsugane Family office a year ago.	ไอ้ขโมยที่บุกเข้าไป\nในสำนักงานตระกูลมัตสึกาเนะ เมื่อปีก่อน
P0301-0164	คัตซีน · a03_020	Ayabe (ช)		Look, we already know you\ngot the money back from him.	ฟังนะ เรารู้อยู่แล้วว่านาย\nเอาเงินคืนมาจากเขาได้
P0301-0165	คัตซีน · a03_020	Ayabe (ช)	[อีกแทร็ก]	You're the one who got\nthe money back from him, right?	นายเป็นคนเอาเงิน\nคืนมาจากเขา ใช่ไหม?
P0301-0166	คัตซีน · a03_020	Ayabe (ช)		And not long after...	แล้วไม่นานหลังจากนั้น...
P0301-0167	คัตซีน · a03_020	Ayabe (ช)	[อีกแทร็ก]	But around the same time...	แต่ในช่วงเวลาไล่เลี่ยกัน...
P0301-0168	คัตซีน · a03_020	Ayabe (ช)		Red Nose turned up\ndead in the sewers. 	จมูกแดงถูกพบเป็นศพ\nในท่อระบายน้ำ 
P0301-0169	คัตซีน · a03_020	Ayabe (ช)	[อีกแทร็ก]	...Someone ID'd Red Nose's corpse.	...มีคนยืนยันตัวศพจมูกแดงแล้ว
P0301-0170	คัตซีน · a03_020	Ayabe (ช)		As for the cause...\nIt seems he'd been shot.	ส่วนสาเหตุการตาย...\nดูเหมือนว่าเขาจะถูกยิง
P0301-0171	คัตซีน · a03_020	Ayabe (ช)	[อีกแทร็ก]	He'd been shot,\nand left floating in the sewer.	เขาถูกยิง\nแล้วถูกทิ้งลอยอยู่ในท่อระบายน้ำ
P0301-0172	คัตซีน · a03_020	Yakuza member (ช)		Higashi-san!?	ฮิงาชิซัง!?
P0301-0173	คัตซีน · a03_020	Yakuza member (ช)	[อีกแทร็ก]	Higashi-san...!	ฮิงาชิซัง...!
P0301-0174	คัตซีน · a03_020	Kaito (ช)		Motherfucker.\nHow dare you.	ไอ้สารเลว\nกล้าดียังไง
P0301-0175	คัตซีน · a03_020	Kaito (ช)	[อีกแทร็ก]	Enough. How dare you?	พอกันที กล้าดียังไงกัน?
P0301-0176	คัตซีน · a03_020	Yagami (ช)		I need you to answer me.\nDid you kill Red Nose or not?	ผมต้องการคำตอบจากนาย\nนายฆ่าจมูกแดงหรือเปล่า?
P0301-0177	คัตซีน · a03_020	Yagami (ช)	[อีกแทร็ก]	Did you really kill him?	นายฆ่าเขาจริง ๆ เหรอ?
P0301-0178	คัตซีน · a03_020	Kaito (ช)		Start talkin', Higashi!	พูดมาซะดี ๆ ฮิงาชิ!
P0301-0179	คัตซีน · a03_020	Kaito (ช)	[อีกแทร็ก]	Answer him, Higashi!	ตอบเขาสิ ฮิงาชิ!
P0301-0180	คัตซีน · a03_020	Higashi (ช)		I did it for you, man.\nIf I coulda just gotten the money...	ผมทำเพื่อพี่นะ\nถ้าผมเอาเงินคืนมาได้ล่ะก็...
P0301-0181	คัตซีน · a03_020	Higashi (ช)	[อีกแทร็ก]	Back then...\nI just wanted to help my aniki.	ตอนนั้น...\nผมแค่อยากช่วยลูกพี่
P0301-0182	คัตซีน · a03_020	Higashi (ช)		Maybe they wouldn't have kicked you\nout of the fuckin' family.	บางทีพวกเขาอาจจะไม่ไล่พี่\nออกจากตระกูลบ้าๆ นั่นก็ได้
P0301-0183	คัตซีน · a03_020	Higashi (ช)	[อีกแทร็ก]	I thought if I got the money back,\nyou could come back too.	ผมคิดว่าถ้าเอาเงินคืนมาได้\nพี่ก็คงได้กลับเข้าตระกูลอีกครั้ง
P0301-0184	คัตซีน · a03_020	Higashi (ช)		I was ready...\nTo do whatever I needed to do.	ผมพร้อม...\nที่จะทำทุกอย่างที่ต้องทำ
P0301-0185	คัตซีน · a03_020	Higashi (ช)	[อีกแทร็ก]	I was ready to do whatever it took.	ผมพร้อมทำทุกอย่างเท่าที่จำเป็น
P0301-0186	คัตซีน · a03_020	Yagami (ช)		For Kaito, huh?	เพื่อไคโตะเหรอ?
P0301-0187	คัตซีน · a03_020	Yagami (ช)	[อีกแทร็ก]	And yet...	แต่กระนั้น...
P0301-0188	คัตซีน · a03_020	Yagami (ช)		If you really mean it,\nthen drop the goddamn gun!	ถ้านายพูดจริง\nก็วางปืนบ้านั่นซะ!
P0301-0189	คัตซีน · a03_020	Yagami (ช)	[อีกแทร็ก]	Now you're pointing a gun\nat that same guy!?	ตอนนี้นายกลับเอาปืนมาจ่อ\nคนเดียวกันนี่แหละเหรอ!?
P0301-0190	คัตซีน · a03_020	Tashiro (ช)		Not a chance!	ไม่มีสิทธิ์!
P0301-0191	คัตซีน · a03_020	Kaito (ช)		So it's all on the table.\nYou really gonna kill us. Huh, Higashi?	งั้นก็เปิดหมดหน้าตักเลยสินะ\nนายจะฆ่าพวกเราจริง ๆ เหรอ ฮิงาชิ?
P0301-0192	คัตซีน · a03_020	Kaito (ช)	[อีกแทร็ก]	You're really ready\nto shoot Tak and I?	นายพร้อมจะยิง\nทาคุกับฉันจริง ๆ เหรอ?
P0301-0193	คัตซีน · a03_020	Yagami (ช)	[ใช้ร่วม]	It's over.	จบแล้ว
P0301-0194	คัตซีน · a03_020	Yagami (ช)	[อีกแทร็ก]	That gun of yours...	ปืนกระบอกนั้นของนาย...
P0301-0195	คัตซีน · a03_020	Yagami (ช)		You don't have enough bullets\nin that damn gun. You can't kill us all.	ปืนบ้านั่นมีกระสุนไม่พอหรอก\nนายฆ่าพวกเราทั้งหมดไม่ได้หรอก
P0301-0196	คัตซีน · a03_020	Yagami (ช)	[อีกแทร็ก]	...Doesn't have enough bullets\nto silence all of us.	...มีกระสุนไม่พอ\nที่จะปิดปากพวกเราทั้งหมดหรอก
P0301-0197	คัตซีน · a03_020	Umazuki (ช)	[ใช้ร่วม]	What the...	อะไรกันเนี่ย...
P0301-0198	คัตซีน · a03_020	Umazuki (ช)	[อีกแทร็ก] [ใช้ร่วม] [ต้องกลางเพศ] [ซ้ำในบท x2]	What!?	อะไรนะ!?
P0301-0199	คัตซีน · a03_020	Unknown thug (ช)	[ใช้ร่วม]	You...	แก...
P0301-0200	คัตซีน · a03_020	Unknown thug (ช)	[อีกแทร็ก]	Son of a...!	ไอ้ลูก...!
P0301-0201	คัตซีน · a03_020	Koga (ช)		Bastard!	ไอ้เวร!
P0301-0202	คัตซีน · a03_020	Koga (ช)	[อีกแทร็ก] [ใช้ร่วม]	Damn you, Yagami!	แกนี่มัน ยากามิ!
P0301-0203	คัตซีน · a03_020	Tashiro (ช)		The hell're you doing!?\nTake 'em out!	แกทำบ้าอะไรอยู่!?\nจัดการมันซะ!
P0301-0204	คัตซีน · a03_020	Tashiro (ช)	[อีกแทร็ก]	What are you doing!?\nGet them!	แกทำอะไรอยู่!?\nจับพวกมัน!
P0301-0205	คัตซีน · a03_020	Kaito (ช)		Thanks for that.\nNow go!	ขอบใจนะ\nรีบไปซะ!
P0301-0206	คัตซีน · a03_020	Kaito (ช)	[อีกแทร็ก]	Clear out, old timers!	หลีกไปซะ ไอ้พวกแก่!
P0301-0207	คัตซีน · a03_020	Yakuza member (ช)		Fuck you!	ไอ้สัตว์!
P0301-0208	คัตซีน · a03_020	Yakuza member (ช)	[อีกแทร็ก]	You're fuckin' dead!	แกตายแน่โว้ย!
P0301-0209	คัตซีน · a03_020	Kaito (ช)		God damn that felt good!\nC'mon!	โคตรมันส์เลยว่ะ!\nลุยกันเลย!
P0301-0210	คัตซีน · a03_020	Kaito (ช)	[อีกแทร็ก]	Finally my big moment, Tak!	ในที่สุดก็ถึงตาฉันโชว์ฝีมือแล้ว ทาคุ!
P0301-0211	คัตซีน · a03_020	Yagami (ช)	[ใช้ร่วม] [ต้องกลางเพศ] [ซ้ำในบท x2]	Yeah.	ใช่
P0301-0212	คัตซีน · a03_020	Yagami (ช)	[อีกแทร็ก] [ใช้ร่วม] [ต้องกลางเพศ]	Yeah...	อื้อ...
P0301-0213	คัตซีน · a03_020	Yagami (ช)		This is what I pay you for, Kaito-san.	นี่แหละที่ผมจ้างไคโตะซังไว้
P0301-0214	คัตซีน · a03_020	Yagami (ช)	[อีกแทร็ก]	Time to earn your salary!	ได้เวลาทำงานคุ้มเงินเดือนแล้ว!
P0301-0215	คัตซีน · a03_020	Kaito (ช)		Fuck yeah!	เอาเลยโว้ย!
P0301-0216	คัตซีน · a03_020	Kaito (ช)	[อีกแทร็ก] [ใช้ร่วม]	Hell yeah!	เอาเลย!
P0301-0217	คัตซีน · a03_030	Hamura (ช)		Who's there?\nCome out!	ใครน่ะ?\nออกมาซะ!
P0301-0218	คัตซีน · a03_030	Hamura (ช)	[อีกแทร็ก]	Who's there!?\nShow yourself!	ใครอยู่ตรงนั้น!?\nออกมาให้เห็นหน้า!
P0301-0219	คัตซีน · a03_030	Higashi (ช)		Hamura?\nIs that him...?	ฮามุระ?\nใช่เขาหรือเปล่า...?
P0301-0220	คัตซีน · a03_030	Higashi (ช)	[อีกแทร็ก] [ใช้ร่วม]	Captain Hamura...?	กัปตันฮามุระ...?
P0301-0221	คัตซีน · a03_030	Higashi (ช)		It's Higashi, sir!	ผมฮิงาชิเองครับ!
P0301-0222	คัตซีน · a03_030	Higashi (ช)	[อีกแทร็ก]	C-Captain...!?	ก-กัปตัน...!?
P0301-0223	คัตซีน · a03_030	Higashi (ช)		Sorry to barge in\non you like this.	ขอโทษที่บุกมา\nแบบนี้นะ
P0301-0224	คัตซีน · a03_030	Higashi (ช)	[อีกแทร็ก]	It's me! Higashi!	ผมเองครับ! ฮิงาชิ!
P0301-0225	คัตซีน · a03_030	Hamura (ช)		Higashi... What in the fuck\nare you doing here? Are you alone?	ฮิงาชิ... แกมาทำ\nบ้าอะไรที่นี่? มาคนเดียวเหรอ?
P0301-0226	คัตซีน · a03_030	Hamura (ช)	[อีกแทร็ก]	Higashi? Why are you here, fool?\nYou alone?	ฮิงาชิ? ไอ้โง่ มาทำอะไรที่นี่?\nมาคนเดียวเหรอ?
P0301-0227	คัตซีน · a03_030	Higashi (ช)		I, uh... I don't know if you realize,\nbut that's the guy!	ผม เอ่อ... ไม่รู้ว่าท่านสังเกตหรือเปล่า\nแต่นั่นแหละคือตัวเขา!
P0301-0228	คัตซีน · a03_030	Higashi (ช)	[อีกแทร็ก]	Um... That homeless guy...	เอ่อ... ไอ้คนไร้บ้านคนนั้น...
P0301-0229	คัตซีน · a03_030	Higashi (ช)		That's Red Nose! He stole the\n100 mil from our office!	นั่นคือจมูกแดง! คนที่ขโมย\nเงิน 100 ล้านจากสำนักงานเรา!
P0301-0230	คัตซีน · a03_030	Higashi (ช)	[อีกแทร็ก]	That's "Red Nose," the guy who\nstole the hundred million!	นั่นคือ "จมูกแดง" คนที่\nขโมยเงินร้อยล้านไป!
P0301-0231	คัตซีน · a03_030	Hamura (ช)		Sorry, Red Nose.\nThis is nothing personal.	ขอโทษนะ จมูกแดง\nนี่ไม่ใช่เรื่องส่วนตัว
P0301-0232	คัตซีน · a03_030	Hamura (ช)	[อีกแทร็ก]	It's nothing personal.\nBlame this idiot.	ไม่ใช่เรื่องส่วนตัวหรอก\nไปโทษไอ้โง่คนนี้เถอะ
P0301-0233	คัตซีน · a03_030	Higashi (ช)		Captain...?	กัปตัน...?
P0301-0234	คัตซีน · a03_030	Higashi (ช)	[อีกแทร็ก]	...Why!?	...ทำไมกัน!?
P0301-0235	คัตซีน · a03_030	Higashi (ช)		Hey, uh...\nThat really a good idea?	เฮ้ เอ่อ...\nนั่นมันไอเดียที่ดีจริง ๆ เหรอ?
P0301-0236	คัตซีน · a03_030	Higashi (ช)	[อีกแทร็ก]	Captain, sure that's not a bad call?	กัปตัน แน่ใจเหรอว่านี่ไม่ใช่ การตัดสินใจที่ผิด?
P0301-0237	คัตซีน · a03_030	Hamura (ช)	[ใช้ร่วม]	Tell me.	บอกมาสิ
P0301-0238	คัตซีน · a03_030	Hamura (ช)	[อีกแทร็ก]	Talk.	พูดมา
P0301-0239	คัตซีน · a03_030	Hamura (ช)		How'd you find out\nRed Nose was the thief?	มึงรู้ได้ยังไง\nว่าจมูกแดงคือตัวขโมย?
P0301-0240	คัตซีน · a03_030	Hamura (ช)	[อีกแทร็ก]	How did you know he was the thief?	มึงรู้ได้ยังไงว่าเขาคือตัวขโมย?
P0301-0241	คัตซีน · a03_030	Higashi (ช)		I, uh... Well, I...	ผม เอ่อ... ก็คือ ผม...
P0301-0242	คัตซีน · a03_030	Higashi (ช)	[อีกแทร็ก] [ใช้ร่วม] [ต้องกลางเพศ]	W-Well...	ก-ก็...
P0301-0243	คัตซีน · a03_030	Higashi (ช)		What was I supposed to do?\nI told him everything.	แล้วจะให้ผมทำยังไงได้ล่ะ?\nผมบอกเขาไปหมดทุกอย่าง
P0301-0244	คัตซีน · a03_030	Higashi (ช)	[อีกแทร็ก]	I told him the whole story.	ผมเล่าเรื่องทั้งหมดให้เขาฟัง
P0301-0245	คัตซีน · a03_030	Higashi (ช)		How I was in the office when\nthe thief broke in and stole the money.	ว่าผมอยู่ในสำนักงานตอนที่\nขโมยบุกเข้ามาขโมยเงินไป
P0301-0246	คัตซีน · a03_030	Higashi (ช)	[อีกแทร็ก]	Told him how I was actually\nthere when he hit the office.	บอกเขาไปว่าผมอยู่ตรงนั้นจริง ๆ\nตอนที่เขาบุกสำนักงาน
P0301-0247	คัตซีน · a03_030	Higashi (ช)		How I bought police info from Ayabe\nand followed the trail to Red Nose.	ว่าผมซื้อข้อมูลตำรวจจากอายาเบะ\nแล้วตามรอยไปจนเจอจมูกแดง
P0301-0248	คัตซีน · a03_030	Higashi (ช)	[อีกแทร็ก]	How I bribed Ayabe to get a lead on Red Nose.	ว่าผมติดสินบนอายาเบะเพื่อหา เบาะแสจมูกแดง
P0301-0249	คัตซีน · a03_030	Higashi (ช)		I kept talking, like my fucking life\ndepended on it. Probably did, to be honest.	ผมพูดไม่หยุดเลย เหมือนชีวิตขึ้นอยู่\nกับมัน จริงๆ ก็คงงั้นแหละ
P0301-0250	คัตซีน · a03_030	Higashi (ช)	[อีกแทร็ก]	It felt like he would shoot me if\nI stopped talking, so I kept jabbering.	รู้สึกเหมือนถ้าผมหยุดพูดเมื่อไหร่\nเขาต้องยิงผมแน่ ผมเลยพูดไม่หยุด
P0301-0251	คัตซีน · a03_030	Hamura (ช)		Real insightful.	ช่างเฉียบแหลมจริง ๆ
P0301-0252	คัตซีน · a03_030	Hamura (ช)	[อีกแทร็ก] [ใช้ร่วม]	I get it.	เข้าใจแล้ว
P0301-0253	คัตซีน · a03_030	Hamura (ช)		You did all that so you could clear\nyour buddy Kaito's name, huh?	มึงทำทั้งหมดนั้นเพื่อล้างมลทิน\nให้ไคโตะเพื่อนมึงสินะ?
P0301-0254	คัตซีน · a03_030	Hamura (ช)	[อีกแทร็ก]	So, you were trying to clear Kaito's name?	งั้นมึงพยายามล้างมลทินให้ไคโตะสินะ?
P0301-0255	คัตซีน · a03_030	Hamura (ช)		Aren't you just the most\nloyal boy in town?	มึงนี่มันเด็กที่ภักดี\nที่สุดในเมืองเลยนะ
P0301-0256	คัตซีน · a03_030	Hamura (ช)	[อีกแทร็ก]	What a good boy.	เด็กดีจริง ๆ
P0301-0257	คัตซีน · a03_030	Red Nose (ช)		Please... Don't shoot...	ได้โปรด... อย่ายิงเลย...
P0301-0258	คัตซีน · a03_030	Red Nose (ช)	[อีกแทร็ก]	Don't kill me!	อย่าฆ่าผมเลย!
P0301-0259	คัตซีน · a03_030	Red Nose (ช)		Whatever it is you want!\nI'm begging you, Captain!	อะไรก็ได้ที่ท่านต้องการ!\nผมขอร้องล่ะ กัปตัน!
P0301-0260	คัตซีน · a03_030	Red Nose (ช)	[อีกแทร็ก]	Please! Lemme live!	ได้โปรด! ให้ผมมีชีวิตอยู่ต่อเถอะ!
P0301-0261	คัตซีน · a03_030	Higashi (ช)		But, Captain. Hold on.\nYou sure?	แต่... กัปตัน เดี๋ยวก่อน\nแน่ใจนะครับ?
P0301-0262	คัตซีน · a03_030	Higashi (ช)	[อีกแทร็ก]	Captain, you're really gonna...?	กัปตัน ท่านจะทำจริง ๆ เหรอ...?
P0301-0263	คัตซีน · a03_030	Hamura (ช)		Probably right.	คงงั้นแหละ
P0301-0264	คัตซีน · a03_030	Hamura (ช)	[อีกแทร็ก]	That depends...	ก็แล้วแต่...
P0301-0265	คัตซีน · a03_030	Hamura (ช)		You wanna stay alive...\nYou show us some loyalty.	มึงอยากมีชีวิตอยู่...\nก็แสดงความภักดีให้กูดูหน่อยสิ
P0301-0266	คัตซีน · a03_030	Hamura (ช)	[อีกแทร็ก]	If you want to live,\npledge your loyalty to me.	ถ้ามึงอยากมีชีวิตอยู่\nก็สาบานความภักดีต่อกูซะ
P0301-0267	คัตซีน · a03_030	Hamura (ช)		Prove yourself once and for all.	พิสูจน์ตัวเองซะให้เด็ดขาดไปเลย
P0301-0268	คัตซีน · a03_030	Hamura (ช)	[อีกแทร็ก]	And I'll need you to prove it.	แล้วกูจะให้มึงพิสูจน์มัน
P0301-0269	คัตซีน · a03_030	Higashi (ช)		But how? How can I?	แต่ทำยังไงล่ะ? ผมจะทำได้ยังไง?
P0301-0270	คัตซีน · a03_030	Higashi (ช)	[อีกแทร็ก]	But... How!?	แต่... ยังไงกัน!?
P0301-0271	คัตซีน · a03_030	Hamura (ช)		Here's how.	แบบนี้ไง
P0301-0272	คัตซีน · a03_030	Hamura (ช)	[อีกแทร็ก]	Finish it.	จบมันซะ
P0301-0273	คัตซีน · a03_030	Hamura (ช)	[อีกแทร็ก]	If you hadn't shown up,\nhe might've gotten to live.	ถ้ามึงไม่โผล่มา\nเขาอาจจะยังมีชีวิตอยู่ก็ได้
P0301-0274	คัตซีน · a03_030	Hamura (ช)		He wouldn't have had to die\nif you didn't show your sorry face.	เขาไม่ต้องตายหรอก\nถ้ามึงไม่โผล่หน้าซวยๆ มา
P0301-0275	คัตซีน · a03_030	Hamura (ช)	[อีกแทร็ก]	Not only that,\nhe'd be 10 million yen richer.	ไม่ใช่แค่นั้น\nเขาจะรวยขึ้นอีก 10 ล้านเยนด้วย
P0301-0276	คัตซีน · a03_030	Hamura (ช)		Not only that...\nHe would've walked away 10 million richer.	ไม่ใช่แค่นั้น...\nเขาคงเดินจากไปพร้อมเงินอีก 10 ล้าน
P0301-0277	คัตซีน · a03_030	Hamura (ช)	[อีกแทร็ก]	Poor guy, right?	น่าสงสารเนอะ?
P0301-0278	คัตซีน · a03_030	Hamura (ช)		Poor son of a bitch.\nHis blood's on your hands, you know.	น่าสงสารที่สุดเลย\nเลือดของเขาติดมือมึงนะ รู้ไหม
P0301-0279	คัตซีน · a03_030	Hamura (ช)	[อีกแทร็ก]	You're the one who killed him.	มึงนี่แหละที่ฆ่าเขา
P0301-0280	คัตซีน · a03_030	Red Nose (ช)	[ใช้ร่วม] [ต้องกลางเพศ]	No!	ไม่นะ!
P0301-0281	คัตซีน · a03_030	Red Nose (ช)	[อีกแทร็ก]	Nooo!	ไม่นะ!
P0301-0282	คัตซีน · a03_030	Hamura (ช)		Oh wow.\nYou scream like a fucking whore.	โห\nมึงกรี๊ดเหมือนอีดอกทองเลยว่ะ
P0301-0283	คัตซีน · a03_030	Hamura (ช)	[อีกแทร็ก]	You scream like a woman, you know.	มึงกรี๊ดเหมือนผู้หญิงเลยนะ รู้ไหม
P0301-0284	คัตซีน · a03_030	Hamura (ช)		Kind of a turn on to be honest.	จะบอกว่ามันเสียวๆ ดีเหมือนกันนะ
P0301-0285	คัตซีน · a03_030	Hamura (ช)	[อีกแทร็ก]	Kinda gets me going.	มันทำให้กูอารมณ์ดีขึ้นเลยว่ะ
P0301-0286	คัตซีน · a03_030	Hamura (ช)		What are you so upset for?	มึงเสียใจไปทำไมกัน?
P0301-0287	คัตซีน · a03_030	Hamura (ช)	[อีกแทร็ก]	And with that...	และด้วยเหตุนั้น...
P0301-0288	คัตซีน · a03_030	Hamura (ช)		You're finally a real yakuza now.	ในที่สุดมึงก็เป็นยากูซ่าตัวจริงแล้ว
P0301-0289	คัตซีน · a03_030	Hamura (ช)	[อีกแทร็ก]	...You're a real yakuza now.	...ตอนนี้มึงเป็นยากูซ่าตัวจริงแล้ว
P0301-0290	คัตซีน · a03_040	Kaito (ช)		When Tak was younger...	ตอนที่ทาคุยังเด็ก...
P0301-0291	คัตซีน · a03_040	Kaito (ช)	[อีกแทร็ก]	When Tak was younger...　	ตอนที่ทาคุยังเด็ก...　
P0301-0292	คัตซีน · a03_040	Kaito (ช)		His parents were both\nstabbed to death.	พ่อแม่ของเขาทั้งคู่\nถูกแทงจนเสียชีวิต
P0301-0293	คัตซีน · a03_040	Kaito (ช)	[อีกแทร็ก]	His parents were butchered\nwith a kitchen knife.　	พ่อแม่ของเขาถูกฆ่าอย่างโหดเหี้ยม\nด้วยมีดทำครัว　
P0301-0294	คัตซีน · a03_040	Kaito (ช)		Tak was at a friend's\nhouse when it happened.	ตอนที่มันเกิดขึ้น ทาคุอยู่ที่\nบ้านเพื่อน
P0301-0295	คัตซีน · a03_040	Kaito (ช)	[อีกแทร็ก]	They worked all the time,\nso he was going through his rebel phase.	พ่อแม่ทำงานตลอดเวลา\nเขาเลยอยู่ในช่วงหัวขบถ
P0301-0296	คัตซีน · a03_040	Kaito (ช)	[ซ้ำในบท x2]	He was there to avoid them,\npissed about the hours they were working.	เขาไปอยู่ที่นั่นเพื่อหลบหน้าพ่อแม่\nหงุดหงิดที่พวกเขาทำงานหนักตลอดเวลา
P0301-0297	คัตซีน · a03_040	Kaito (ช)	[อีกแทร็ก]	He was crashing at a friend's\nplace when it happened.	ตอนที่มันเกิดขึ้น เขานอนค้าง\nอยู่ที่บ้านเพื่อน
P0301-0298	คัตซีน · a03_040	Kaito (ช)		But maybe if he'd been home...	แต่บางทีถ้าเขาอยู่บ้าน...
P0301-0299	คัตซีน · a03_040	Kaito (ช)	[อีกแทร็ก]	If he'd been home...	ถ้าเขาอยู่บ้าน...
P0301-0300	คัตซีน · a03_040	Kaito (ช)		Maybe he could've done\nsomething. Anything.	บางทีเขาอาจจะทำ\nอะไรได้บ้าง อะไรก็ได้
P0301-0301	คัตซีน · a03_040	Kaito (ช)	[อีกแทร็ก]	...Maybe he could have stopped the guy.　	...บางทีเขาอาจจะหยุดไอ้คนนั้นได้　
P0301-0302	คัตซีน · a03_040	Kaito (ช)		Maybe his parents would\nstill be alive.	บางทีพ่อแม่ของเขา\nอาจจะยังมีชีวิตอยู่ก็ได้
P0301-0303	คัตซีน · a03_040	Kaito (ช)	[อีกแทร็ก]	Maybe they'd still be alive.　	บางทีพวกเขาอาจจะยังมีชีวิตอยู่ก็ได้　
P0301-0304	พากย์ · speech_list_judge_main_c03	? (ช)		What, the kid in the mask?\nFind him too, dumbass!	อะไร ไอ้เด็กใส่หน้ากากน่ะเหรอ?\nหาให้เจอด้วย ไอ้โง่!
P0301-0305	พากย์ · speech_list_judge_main_c03	? (ช)	[อีกแทร็ก]	What, the kid in the mask...?\nWhat do you think!? Find him too, dumbass!	อะไร ไอ้เด็กใส่หน้ากากนั่นน่ะเหรอ...?\nคิดว่าไงล่ะ!? หาให้เจอด้วย ไอ้โง่!
P0301-0306	พากย์ · speech_list_judge_main_c03	Yagami (ช)		Come on, Kaito-san.\nPick up, pick up. You've gotta hide.	ไหนล่ะ ไคโตะซัง\nรับสายสิ รับสาย ต้องหลบซ่อนตัวนะ
P0301-0307	พากย์ · speech_list_judge_main_c03	Yagami (ช)	[อีกแทร็ก]	Pick up, Kaito-san...\nThe Matsugane Family is out for blood...	รับสายสิ ไคโตะซัง...\nตระกูลมัตสึกาเนะกำลังไล่ล่าอยู่...
P0301-0308	พากย์ · speech_list_judge_main_c03	? (ช)		Where is he...?	เขาอยู่ไหนกันนะ...?
P0301-0309	พากย์ · speech_list_judge_main_c03	Yagami (ช)		(Kaito-san better not be back at the office.\nThat's the first place they'll look...!)	(ไคโตะซังอย่าเพิ่งกลับไปที่ ออฟฟิศเชียวนะ\nนั่นคือที่แรกที่พวกมันจะไปหา...!)
P0301-0310	พากย์ · speech_list_judge_main_c03	Higashi (ช)		Heh. Long time no see, Yagami.	เฮอะ ไม่เจอกันนานเลยนะ ยากามิ
P0301-0311	พากย์ · speech_list_judge_main_c03	Higashi (ช)	[อีกแทร็ก]	Yagami.\nLong time no see.	ยากามิ\nไม่เจอกันนานเลยนะ
P0301-0312	พากย์ · speech_list_judge_main_c03	Kaito (ช)		Keep your nose out of this, asshole.	อย่ามายุ่งเรื่องนี้เลยนะ ไอ้บ้า
P0301-0313	พากย์ · speech_list_judge_main_c03	Higashi (ช)		It's your fault I'm here\ncleaning this shit up.	เพราะนายนั่นแหละ ผมถึงต้อง\nมาล้างขี้แบบนี้
P0301-0314	พากย์ · speech_list_judge_main_c03	Higashi (ช)		I'm willing to do a few tricks\nfor the treats he hands out.	ผมยอมทำตามคำสั่งบ้าง\nแลกกับของที่เขาแบ่งให้
P0301-0315	พากย์ · speech_list_judge_main_c03	Higashi (ช)	[อีกแทร็ก]	He's got the treats,\nso I do his tricks.	เขามีของกิน\nผมก็เลยต้องทำตามที่สั่ง
P0301-0316	พากย์ · speech_list_judge_main_c03	Higashi (ช)		And hell, he's a better leader\nthan you were... Kaito-aniki.	แล้วก็อีกอย่าง เขาเป็นหัวหน้าที่เก่งกว่า\nที่พี่เคยเป็นซะอีก... ลูกพี่ไคโตะ
P0301-0317	พากย์ · speech_list_judge_main_c03	Higashi (ช)		I suppose not.	ก็คงอย่างนั้น
P0301-0318	พากย์ · speech_list_judge_main_c03	Higashi (ช)	[อีกแทร็ก]	Guess you're right.	พี่พูดถูกสินะ
P0301-0319	พากย์ · speech_list_judge_main_c03	Higashi (ช)		Fine.\nWe can call it here for today.	ก็ได้\nวันนี้พอแค่นี้ก่อนแล้วกัน
P0301-0320	พากย์ · speech_list_judge_main_c03	Higashi (ช)	[อีกแทร็ก]	Fine.\nThat's enough for today.	ก็ได้\nวันนี้พอแค่นี้แหละ
P0301-0321	พากย์ · speech_list_judge_main_c03	Higashi (ช)		Looks like if I wanna fight you...	ดูเหมือนถ้าผมอยากสู้กับนาย...
P0301-0322	พากย์ · speech_list_judge_main_c03	Higashi (ช)		I'll have to be ready to kill you.	ผมคงต้องเตรียมใจฆ่านายให้ได้
P0301-0323	พากย์ · speech_list_judge_main_c03	Higashi (ช)		We're done here.\nCome on.	จบเรื่องแค่นี้\nไปกันเถอะ
P0301-0324	พากย์ · speech_list_judge_main_c03	Higashi (ช)		Remember what I told you.	จำที่ผมบอกไว้ให้ดี
P0301-0325	พากย์ · speech_list_judge_main_c03	Higashi (ช)		Yagami here is a ticking time bomb.\nGet rid of him if you wanna survive.	ยากามินี่มันระเบิดเวลาดี ๆ นี่เอง\nถ้าอยากรอดก็กำจัดมันซะ
P0301-0326	พากย์ · speech_list_judge_main_c03	Higashi (ช)	[อีกแทร็ก]	Yagami here is like a goddamn disease.\nGet over him if you wanna survive.	ยากามินี่มันเหมือนโรคระบาดร้าย ๆ\nถ้าอยากรอดก็ลืมมันซะ
P0301-0327	พากย์ · speech_list_judge_main_c03	Higashi (ช)		Whatever, asshole.	แล้วแต่นายเถอะ ไอ้บ้า
P0301-0328	พากย์ · speech_list_judge_main_c03	Higashi (ช)	[อีกแทร็ก] [ใช้ร่วม]	Shut up.	หุบปาก
P0301-0329	พากย์ · speech_list_judge_main_c03	Kaito (ช)		Yo. Tak.	โย่ ทาคุ
P0301-0330	พากย์ · speech_list_judge_main_c03	Kaito (ช)	[อีกแทร็ก] [ใช้ร่วม]	Yo, Tak.	โย่ ทาคุ
P0301-0331	พากย์ · speech_list_judge_main_c03	Yagami (ช)		Said he's here on captain's orders.\nThey've been looking for you.	บอกว่ามาตามคำสั่งกัปตัน\nพวกนั้นตามหานายอยู่
P0301-0332	พากย์ · speech_list_judge_main_c03	Yagami (ช)	[อีกแทร็ก]	Said he's here on the captain's orders.\nThey've been looking for you.	บอกว่ามาตามคำสั่งของกัปตัน\nพวกนั้นตามหานายอยู่
P0301-0333	พากย์ · speech_list_judge_main_c03	Higashi (ช)		You're not giving up, are you?	นายยังไม่ยอมถอยใช่ไหม?
P0301-0334	พากย์ · speech_list_judge_main_c03	Kaito (ช)		What, something wrong? I thought you were\nall about bein' Hamura's lapdog.	อะไร มีปัญหาเหรอ? นึกว่านาย\nภูมิใจที่ได้เป็นหมารับใช้ฮามุระซะอีก
P0301-0335	พากย์ · speech_list_judge_main_c03	Kaito (ช)	[อีกแทร็ก]	Something wrong? Way I heard it,\nyou were all about bein' Hamura's lapdog.	มีปัญหาเหรอ? เท่าที่ได้ยินมา\nนายภูมิใจที่ได้เป็นหมารับใช้ ฮามุระนี่นา
P0301-0336	พากย์ · speech_list_judge_main_c03	Kaito (ช)		You've got no business\ncalling me that now.	นายไม่มีสิทธิ์\nมาเรียกฉันแบบนั้นอีกแล้ว
P0301-0337	พากย์ · speech_list_judge_main_c03	Kaito (ช)	[อีกแทร็ก]	Don't call me that.\nI'm not your aniki anymore.	อย่ามาเรียกฉันแบบนั้น\nฉันไม่ใช่ลูกพี่ของนายอีกแล้ว
P0301-0338	พากย์ · speech_list_judge_main_c03	Kaito (ช)		Then take your thugs and go, Higashi.	ถ้างั้นก็พาพวกลูกน้องไปซะ ฮิงาชิ
P0301-0339	พากย์ · speech_list_judge_main_c03	Kaito (ช)	[อีกแทร็ก]	Now take your thugs and go, Higashi.	เอาล่ะ พาพวกลูกน้องไปซะ ฮิงาชิ
P0301-0340	พากย์ · speech_list_judge_main_c03	Kaito (ช)	[ใช้ร่วม] [ต้องกลางเพศ]	Looking forward to it.	รอไปด้วยเลย
P0301-0341	พากย์ · speech_list_judge_main_c03	Kaito (ช)	[อีกแทร็ก]	Fine. Looking forward to it.	ก็ได้ รอไปด้วยเลย
P0301-0342	พากย์ · speech_list_judge_main_c03	Kaito (ช)		Tak, think you can tail\nHigashi real quick?	ทาคุ คิดว่าจะแอบตาม\nฮิงาชิได้ไหม?
P0301-0343	พากย์ · speech_list_judge_main_c03	Kaito (ช)	[อีกแทร็ก]	Tak.\nCan you tail Higashi for me?	ทาคุ\nช่วยแอบตามฮิงาชิให้หน่อยได้ไหม?
P0301-0344	พากย์ · speech_list_judge_main_c03	Kaito (ช)		If I'm bein' honest... I've been worried\nabout him ever since I left the clan.	พูดตามตรง... ฉันเป็นห่วงเขา\nมาตลอดตั้งแต่ออกจากตระกูล
P0301-0345	พากย์ · speech_list_judge_main_c03	Kaito (ช)	[อีกแทร็ก]	If I'm bein' honest... I'm worried about him.\nHave been ever since I left the family.	พูดตามตรง... ฉันเป็นห่วงเขา\nเป็นห่วงมาตลอดตั้งแต่ออกจากตระกูล
P0301-0346	พากย์ · speech_list_judge_main_c03	Yagami (ช)		I couldn't tell you what he's been through,\nbut it's pretty clear he's had it rough.	ฉันบอกไม่ได้หรอกว่าเขาผ่านอะไรมาบ้าง\nแต่เห็นชัดว่าเขาลำบากมาไม่น้อย
P0301-0347	พากย์ · speech_list_judge_main_c03	Yagami (ช)	[อีกแทร็ก]	Can't argue with you there.\nI barely even recognized him.	เถียงไม่ออกเลย\nฉันแทบจำเขาไม่ได้เลยด้วยซ้ำ
P0301-0348	พากย์ · speech_list_judge_main_c03	Kaito (ช)		It's like you said.\nHe's changed a lot.	เหมือนที่นายว่านั่นแหละ\nเขาเปลี่ยนไปเยอะเลยจริง ๆ
P0301-0349	พากย์ · speech_list_judge_main_c03	Kaito (ช)	[อีกแทร็ก]	It's just like you said.\nHe's changed.	เหมือนที่นายว่าเป๊ะเลย\nเขาเปลี่ยนไปแล้ว
P0301-0350	พากย์ · speech_list_judge_main_c03	Kaito (ช)		Here, lemme pay you.\nIt's the least I can do.	เอ้า ให้ฉันจ่ายให้หน่อย\nอย่างน้อยก็ทำได้แค่นี้
P0301-0351	พากย์ · speech_list_judge_main_c03	Yagami (ช)		Higashi? Is that you?	ฮิงาชิ? นายเองเหรอ?
P0301-0352	พากย์ · speech_list_judge_main_c03	Yagami (ช)	[อีกแทร็ก]	Is that you...? Higashi?	นายเองเหรอ...? ฮิงาชิ?
P0301-0353	พากย์ · speech_list_judge_main_c03	Yagami (ช)		<color=ｍonologue>(Higashi from the Matsugane Family.\nHe and Kaito-san were close before Kaito-san got booted.)</color>	<color=ｍonologue>(ฮิงาชิแห่งตระกูลมัตสึกาเนะ\nเขากับไคโตะซังเคยสนิทกันก่อน ไคโตะซังจะถูกไล่ออก)</color>
P0301-0354	พากย์ · speech_list_judge_main_c03	Kaito (ช)		I know. Sounds like he really\ndoesn't want our killer caught.	รู้แล้วละ ฟังดูเหมือนเขาจะไม่อยากให้\nฆาตกรที่เราตามอยู่ถูกจับได้จริง ๆ
P0301-0355	พากย์ · speech_list_judge_main_c03	Kaito (ช)	[อีกแทร็ก]	I know. Sounds like he's desperate\nto cover for the Mole.	รู้แล้วละ ฟังดูเหมือนเขาจะพยายามสุดฤทธิ์\nปกป้องไอ้ตัวตุ่นอยู่
P0301-0356	พากย์ · speech_list_judge_main_c03	Higashi (ช)		With how much it's pissing Hamura off?	ทั้งที่มันทำให้ฮามุระโมโหขนาดนี้ เนี่ยนะ?
P0301-0357	พากย์ · speech_list_judge_main_c03	Kaito (ช)		I wouldn't dream of it.	ไม่มีทางถอยหรอก
P0301-0358	พากย์ · speech_list_judge_main_c03	? (ช)		Damn, Higashi. You're finally looking\nlike a real yakuza these days.	บ้าเอ๊ย ฮิงาชิ ช่วงนี้ดูเป็น\nยากูซ่าตัวจริงขึ้นมาเลยนะ
P0301-0359	พากย์ · speech_list_judge_main_c03	? (ช)	[อีกแทร็ก]	Higashi. You're finally looking like\na real yakuza.	ฮิงาชิ ในที่สุดก็ดูเป็น\nยากูซ่าตัวจริงซะที
P0301-0360	พากย์ · speech_list_judge_main_c03	Yagami (ช)		Yeah, he's changed a lot.	ใช่ เขาเปลี่ยนไปเยอะเลย
P0301-0361	พากย์ · speech_list_judge_main_c03	Yagami (ช)	[อีกแทร็ก]	Yeah. He's like a different person...	ใช่ เขาเหมือนเป็นคนละคนเลย...
P0301-0362	พากย์ · speech_list_judge_main_c03	Yagami (ช)		All right. I'm on it.	ได้เลย เดี๋ยวจัดการให้
P0301-0363	พากย์ · speech_list_judge_main_c03	Yagami (ช)	[อีกแทร็ก]	Sure, I'll go after him.	ได้ เดี๋ยวไปตามเขาให้
P0301-0364	พากย์ · speech_list_judge_main_c03	Yagami (ช)		You really think I want your money?	นายคิดว่าผมอยากได้เงินนายจริง ๆ เหรอ?
P0301-0365	พากย์ · speech_list_judge_main_c03	Yagami (ช)	[อีกแทร็ก]	You think I want your money?	คิดว่าผมอยากได้เงินนายเหรอ?
P0301-0366	พากย์ · speech_list_judge_main_c03	Yagami (ช)		Besides. How else am I gonna\nget more dirt on Hamura?	อีกอย่าง ไม่งั้นผมจะหา\nข้อมูลมัดตัวฮามุระเพิ่มได้ยังไงล่ะ
P0301-0367	พากย์ · speech_list_judge_main_c03	Yagami (ช)	[อีกแทร็ก]	Besides. How else am I gonna get\nmore dirt on Hamura?	อีกอย่าง ไม่งั้นผมจะหาข้อมูล\nมัดตัวฮามุระเพิ่มได้ยังไงล่ะ
P0301-0368	พากย์ · speech_list_judge_main_c03	Kaito (ช)		It's Kaito. I have a read on Higashi.\nJust turned right down Nakamichi Street, alone.	นี่ไคโตะเอง เจอฮิงาชิแล้ว\nเพิ่งเลี้ยวขวาเข้าถนนนากามิจิ อยู่คนเดียว
P0301-0369	พากย์ · speech_list_judge_main_c03	Kaito (ช)	[อีกแทร็ก]	It's Kaito. I've got a read on Higashi.\nHe's alone right now—just turned right on Nakamichi Street.	นี่ไคโตะเอง เจอฮิงาชิแล้ว\nตอนนี้อยู่คนเดียว เพิ่งเลี้ยวขวาเข้าถนนนากามิจิ
P0301-0370	พากย์ · speech_list_judge_main_c03	Kaito (ช)	[ใช้ร่วม]	Thanks again.	ขอบคุณอีกครั้งนะ
P0301-0371	พากย์ · speech_list_judge_main_c03	Kaito (ช)	[อีกแทร็ก] [ใช้ร่วม]	I'm counting on you.	ฝากด้วยนะ
P0301-0372	พากย์ · speech_list_judge_main_c03	Sugiura (ช)	[ใช้ร่วม] [ซ้ำในบท x2]	Hello?	ฮัลโหล?
P0301-0373	พากย์ · speech_list_judge_main_c03	Yagami (ช)		Right on Nakamichi.\nGot it.	เลี้ยวขวาที่นากามิจิ\nรับทราบ
P0301-0374	พากย์ · speech_list_judge_main_c03	Yagami (ช)		(I need to find Higashi...) 	(ต้องหาฮิงาชิให้เจอ...) 
P0301-0375	พากย์ · speech_list_judge_main_c03	Yagami (ช)	[ใช้ร่วม]	(There he is!)	(อยู่นั่นไง!)
P0301-0376	พากย์ · speech_list_judge_main_c03	Yagami (ช)	[ใช้ร่วม]	(That's definitely not Higashi.\nWhat am I, blind?)	(นั่นไม่ใช่ฮิงาชิแน่ ๆ\nตาถั่วรึไงกันเนี่ย)
P0301-0377	พากย์ · speech_list_judge_main_c03	Yagami (ช)		(I'll wait here for Higashi\nto start moving.) 	(รอตรงนี้จนกว่าฮิงาชิ\nจะเริ่มเคลื่อนไหวดีกว่า) 
P0301-0378	พากย์ · speech_list_judge_main_c03	Kaito (ช)		This is Kaito.	นี่ไคโตะเอง
P0301-0379	พากย์ · speech_list_judge_main_c03	Kaito (ช)	[อีกแทร็ก]	It's Kaito.	ไคโตะเอง
P0301-0380	พากย์ · speech_list_judge_main_c03	Kaito (ช)		An arcade?	ร้านเกมอาเขตเหรอ?
P0301-0381	พากย์ · speech_list_judge_main_c03	Kaito (ช)		Oh, that. I used to manage the place.\nGuess the family has him running it now.	อ๋อ ที่นั่นน่ะเหรอ ฉันเคยดูแลร้านนั้นอยู่\nตระกูลคงให้เขาดูแลต่อสินะ
P0301-0382	พากย์ · speech_list_judge_main_c03	Kaito (ช)		Naw, we just used it for deals every so often.\nIt's pretty much a regular shop. Y'know, for kids.	เปล่า เราแค่ใช้ทำธุรกิจเป็นครั้งคราว เท่านั้น\nส่วนใหญ่ก็เป็นร้านปกติ สำหรับเด็ก ๆ นั่นแหละ
P0301-0383	พากย์ · speech_list_judge_main_c03	Kaito (ช)	[อีกแทร็ก]	Naw, we just used it for deals every so often.\nOther than that, it's still all family-friendly.	เปล่า เราแค่ใช้ทำธุรกิจเป็นครั้งคราว\nนอกนั้นก็ยังเป็นร้านที่เด็กมา เที่ยวได้ปกติ
P0301-0384	พากย์ · speech_list_judge_main_c03	Kaito (ช)		Hey, just a sec.	เฮ้ เดี๋ยวก่อน
P0301-0385	พากย์ · speech_list_judge_main_c03	Kaito (ช)	[อีกแทร็ก]	Hey, hold on.	เฮ้ย เดี๋ยวก่อน
P0301-0386	พากย์ · speech_list_judge_main_c03	Kaito (ช)		It's, uh, pretty tight in there. You're gonna need\nto be covert if you don't want him spotting you.	ข้างในมันค่อนข้างแคบนะ ต้องแอบเนียน ๆ\nหน่อย ถ้าไม่อยากให้เขาจับได้
P0301-0387	พากย์ · speech_list_judge_main_c03	Kaito (ช)	[อีกแทร็ก]	Not much room for brute force in there.\nYou should prolly get a disguise first.	ข้างในไม่มีที่ให้ใช้กำลังหรอก\nน่าจะหาชุดปลอมตัวก่อนดีกว่า
P0301-0388	พากย์ · speech_list_judge_main_c03	Yagami (ช)		I was thinking maybe school uniform?\nYou'd blend in perfectly.	ฉันว่าเป็นชุดนักเรียนดีไหม?\nกลืนไปกับที่นั่นได้เป๊ะเลย
P0301-0389	พากย์ · speech_list_judge_main_c03	Yagami (ช)		Look, you're never gonna get anywhere as a detective\nif you're too embarrassed to dress like a kid.	ฟังนะ นายจะไปได้ไม่ถึงไหนหรอกในฐานะนักสืบ\nถ้าอายที่จะแต่งตัวเป็นเด็ก
P0301-0390	พากย์ · speech_list_judge_main_c03	Yagami (ช)		Higashi went into an arcade\non Park Boulevard. Ring any bells?	ฮิงาชิเข้าไปในร้านเกมอาเขต\nที่ถนนปาร์คบูเลอวาร์ด คุ้น ๆ ไหม?
P0301-0391	พากย์ · speech_list_judge_main_c03	Yagami (ช)		Yeah. Looks like it's called Charles?	ใช่ ดูเหมือนจะชื่อชาร์ลส์นะ
P0301-0392	พากย์ · speech_list_judge_main_c03	Yagami (ช)		A yakuza arcade?\nThey have a casino in the back or something?	ร้านเกมของยากูซ่าเหรอ?\nมีบ่อนอยู่ข้างหลังหรือเปล่า?
P0301-0393	พากย์ · speech_list_judge_main_c03	Yagami (ช)		Okay. I'll see what I can find.	โอเค เดี๋ยวไปดูว่าจะเจออะไรบ้าง
P0301-0394	พากย์ · speech_list_judge_main_c03	seiya_girl (กลาง)	[ใช้ร่วม] [ต้องกลางเพศ] [ซ้ำในบท x2]	What?	อะไรนะ?
P0301-0395	พากย์ · speech_list_judge_main_c03	Yagami (ช)		Right, I'll change real quick.	โอเค เดี๋ยวเปลี่ยนชุดแป๊บนึง
P0301-0396	พากย์ · speech_list_judge_main_c03	Yagami (ช)	[อีกแทร็ก]	Makes sense, but what kind...?	มีเหตุผล แต่แบบไหนล่ะ...?
P0301-0397	พากย์ · speech_list_judge_main_c03	Yagami (ช)		You do know how old I am, right?	นายรู้อายุจริงของผมใช่ไหมเนี่ย?
P0301-0398	พากย์ · speech_list_judge_main_c03	Yagami (ช)	[อีกแทร็ก]	You know how old I am, right?	รู้อายุผมใช่ไหมเนี่ย?
P0301-0399	พากย์ · speech_list_judge_main_c03	Kaito (ช)	[ใช้ร่วม]	...If you say so.	...ถ้านายว่างั้นก็ได้
P0301-0400	พากย์ · speech_list_judge_main_c03	Yagami (ช)	[ใช้ร่วม] [ต้องกลางเพศ]	Got it.	ได้เลย
P0301-0401	พากย์ · speech_list_judge_main_c03	Yagami (ช)	[อีกแทร็ก] [ใช้ร่วม]	All right.	ได้
P0301-0402	พากย์ · speech_list_judge_main_c03	Yagami (ช)		(This should help me blend in over at Charles.\nTime to head back there.)	(ชุดนี้น่าจะช่วยให้กลืนไปกับที่ ชาร์ลส์ได้\nได้เวลากลับไปที่นั่นแล้ว)
P0301-0403	พากย์ · speech_list_judge_main_c03	Yagami (ช)		(Wait, I need to put a disguise on first.) 	(เดี๋ยวก่อน ต้องปลอมตัวก่อนสิ) 
P0301-0404	พากย์ · speech_list_judge_main_c03	charles_boy (ช)		Pipe down, brat.\nCan't you see I'm busy here?	เงียบน่า ไอ้เด็กเวร\nไม่เห็นเหรอว่ากำลังยุ่งอยู่
P0301-0405	พากย์ · speech_list_judge_main_c03	charles_boy (ช)		I said beat it, kid!	บอกให้ไปให้พ้นไง ไอ้หนู!
P0301-0406	พากย์ · speech_list_judge_main_c03	charles_boy (ช)	[อีกแทร็ก]	Just back the fuck off!	ถอยไปให้ไกล ๆ เลย!
P0301-0407	พากย์ · speech_list_judge_main_c03	gamer_boy (ช)	[ใช้ร่วม]	Ow!	โอ๊ย!
P0301-0408	พากย์ · speech_list_judge_main_c03	gamer_boy (ช)		Hey, um...\nThe machine ate my coin.	เอ่อ พี่ครับ...\nตู้มันกินเหรียญผมไปแล้ว
P0301-0409	พากย์ · speech_list_judge_main_c03	gamer_boy (ช)	[ใช้ร่วม] [ต้องกลางเพศ]	Yeah, but...	เออ แต่ว่า...
P0301-0410	พากย์ · speech_list_judge_main_c03	gamer_boy (ช)	[อีกแทร็ก]	Aw, but...	แหม แต่ว่า...
P0301-0411	พากย์ · speech_list_judge_main_c03	gamer_boy (ช)		Whoa, really!?\nThanks, mister!	โห จริงเหรอครับ!?\nขอบคุณครับพี่!
P0301-0412	พากย์ · speech_list_judge_main_c03	gamer_boy (ช)	[อีกแทร็ก]	Really!?\nThanks, mister!	จริงเหรอครับ!?\nขอบคุณครับพี่!
P0301-0413	พากย์ · speech_list_judge_main_c03	Higashi (ช)		Sorry about that, kid.\nHere, go have some fun.	ขอโทษด้วยนะเด็กน้อย\nเอ้า ไปเล่นสนุก ๆ ซะ
P0301-0414	พากย์ · speech_list_judge_main_c03	Yagami (ช)	[ใช้ร่วม] [ซ้ำในบท x2]	Heh.	เหอะ
P0301-0415	พากย์ · speech_list_judge_main_c03	Yagami (ช)	[อีกแทร็ก]	...Heh.	...เหอะ
P0301-0416	พากย์ · speech_list_judge_main_c03	Yagami (ช)		(Can't go in looking like this.\nI need to change...) 	(เข้าไปแบบนี้ไม่ได้แน่\nต้องเปลี่ยนชุดก่อน...) 
P0301-0417	พากย์ · speech_list_judge_main_c03	charles_boy (ช)		What do you think you're doing, huh?\nOff limits.	คิดว่ากำลังทำอะไรอยู่วะ?\nที่นี่ห้ามเข้า
P0301-0418	พากย์ · speech_list_judge_main_c03	Yagami (ช)		<color=ｍonologue>(Wouldn't have much to report if I went back to the office now.)</color>	<color=ｍonologue>(ถ้ากลับออฟฟิศตอนนี้ก็คงไม่มี อะไรจะรายงานเท่าไหร่)</color>
P0301-0419	พากย์ · speech_list_judge_main_c03	charles_boy (ช)		I said stay out, asshole!	บอกให้อยู่ข้างนอกไง ไอ้บ้า!
P0301-0420	พากย์ · speech_list_judge_main_c03	charles_boy (ช)	[อีกแทร็ก]	I said, stay out!	บอกให้อยู่ข้างนอก!
P0301-0421	พากย์ · speech_list_judge_main_c03	charles_boy (ช)		Higashi-san!\nThis guy's crazy!	ฮิงาชิซัง!\nไอ้นี่มันบ้า!
P0301-0422	พากย์ · speech_list_judge_main_c03	charles_boy (ช)	[อีกแทร็ก]	H-Higashi-san!\nThis guy's outta his fucking mind!	ฮ-ฮิงาชิซัง!\nไอ้นี่มันบ้าไปแล้ว!
P0301-0423	พากย์ · speech_list_judge_main_c03	Higashi (ช)		Yagami!\nYou followed me, asshole!?	ยากามิ!\nนายตามผมมาเหรอ ไอ้บ้า!?
P0301-0424	พากย์ · speech_list_judge_main_c03	Higashi (ช)	[อีกแทร็ก]	Yagami!?\nYou followed me here, asshole!?	ยากามิ!?\nนายตามผมมาที่นี่เหรอ ไอ้บ้า!?
P0301-0425	พากย์ · speech_list_judge_main_c03	Higashi (ช)		Wait.\nWhat the hell're you wearing?	เดี๋ยวนะ\nนายใส่อะไรของนายเนี่ย?
P0301-0426	พากย์ · speech_list_judge_main_c03	Higashi (ช)	[อีกแทร็ก]	Wait.\nWhat the hell are you wearing?	เดี๋ยวก่อน\nนายใส่อะไรของนายเนี่ย?
P0301-0427	พากย์ · speech_list_judge_main_c03	Higashi (ช)	[ใช้ร่วม]	So? What do you want?	แล้วไง? นายต้องการอะไร?
P0301-0428	พากย์ · speech_list_judge_main_c03	Higashi (ช)	[อีกแทร็ก]	What's this about?\nWhat do you want?	เรื่องอะไรกัน?\nนายต้องการอะไร?
P0301-0429	พากย์ · speech_list_judge_main_c03	Higashi (ช)	[ใช้ร่วม] [ซ้ำในบท x2]	Oh yeah?	งั้นเหรอ?
P0301-0430	พากย์ · speech_list_judge_main_c03	Higashi (ช)		Why the fuck would I be?	แล้วทำไมผมต้องเป็นแบบนั้นด้วยวะ?
P0301-0431	พากย์ · speech_list_judge_main_c03	Higashi (ช)	[อีกแทร็ก]	So now I'm the bad guy, huh?	งั้นตอนนี้ผมกลายเป็นตัวร้าย ไปแล้วสินะ?
P0301-0432	พากย์ · speech_list_judge_main_c03	Higashi (ช)		And who the fuck cares?\nThis is how the yakuza roll.	แล้วใครแคร์วะ?\nยากูซ่ามันก็เป็นแบบนี้แหละ
P0301-0433	พากย์ · speech_list_judge_main_c03	Higashi (ช)	[อีกแทร็ก]	But who the fuck cares?\nI'm living the yakuza life now.	แต่ใครจะไปแคร์วะ?\nตอนนี้ผมใช้ชีวิตแบบยากูซ่าไปแล้ว
P0301-0434	พากย์ · speech_list_judge_main_c03	Higashi (ช)		You sure about that, asshole!?	แน่ใจนักเหรอ ไอ้เวร!?
P0301-0435	พากย์ · speech_list_judge_main_c03	Higashi (ช)	[อีกแทร็ก]	You sure about that!?	แน่ใจนักเหรอ!?
P0301-0436	พากย์ · speech_list_judge_main_c03	Higashi (ช)		Tch. Coward.	ชิ ไอ้ขี้ขลาด
P0301-0437	พากย์ · speech_list_judge_main_c03	Higashi (ช)		Same old story.	เรื่องเดิมๆ สินะ
P0301-0438	พากย์ · speech_list_judge_main_c03	Higashi (ช)	[อีกแทร็ก] [ใช้ร่วม]	Same as always.	เหมือนเดิมทุกที
P0301-0439	พากย์ · speech_list_judge_main_c03	Yagami (ช)		Let's not worry about that now.	อย่าเพิ่งไปสนใจเรื่องนั้นเลย
P0301-0440	พากย์ · speech_list_judge_main_c03	Yagami (ช)	[อีกแทร็ก]	Uh, just ignore that for now.	เอ่อ อย่าไปสนใจเรื่องนั้นตอนนี้เลย
P0301-0441	พากย์ · speech_list_judge_main_c03	Yagami (ช)		Kaito-san's worried\nabout you, you know.	ไคโตะซังเป็นห่วง\nฮิงาชิอยู่นะ
P0301-0442	พากย์ · speech_list_judge_main_c03	Yagami (ช)	[อีกแทร็ก]	Kaito-san's worried about you.	ไคโตะซังเป็นห่วงฮิงาชิอยู่นะ
P0301-0443	พากย์ · speech_list_judge_main_c03	Yagami (ช)		Far as he can tell, you're nothing\nlike you were in the old days.	เท่าที่เขาเห็น ฮิงาชิตอนนี้ไม่เหมือน\nฮิงาชิเมื่อก่อนเลยสักนิด
P0301-0444	พากย์ · speech_list_judge_main_c03	Yagami (ช)	[อีกแทร็ก]	You were like a brother to him.\nBut you're not the guy he used to know.	ฮิงาชิเคยเป็นเหมือนน้องชายของเขา\nแต่ตอนนี้ไม่ใช่คนที่เขาเคยรู้จักแล้ว
P0301-0445	พากย์ · speech_list_judge_main_c03	Yagami (ช)		Right.\nExcept it's all a big act, isn't it?	อือ\nแต่ทั้งหมดมันก็แค่การแสดงใช่ไหมล่ะ?
P0301-0446	พากย์ · speech_list_judge_main_c03	Yagami (ช)	[อีกแทร็ก]	Come on.\nWhy not drop the act?	ไม่เอาน่า\nเลิกแสดงได้แล้วมั้ง?
P0301-0447	พากย์ · speech_list_judge_main_c03	Yagami (ช)		I saw you give that kid some cash.\nYou big softie.	ผมเห็นนายให้เงินเด็กคนนั้นนะ\nใจอ่อนขนาดนี้เชียว
P0301-0448	พากย์ · speech_list_judge_main_c03	Yagami (ช)	[อีกแทร็ก]	You weren't so tough in front of that kid.\nI saw the whole thing.	ต่อหน้าเด็กคนนั้นนายไม่เห็นจะ แข็งกร้าวเลย\nผมเห็นหมดแล้วนะ
P0301-0449	พากย์ · speech_list_judge_main_c03	Yagami (ช)		Deep down you're the same old Higashi.\nThe one who used to look up to Kaito-san.	ลึก ๆ แล้วนายก็ยังเป็นฮิงาชิคนเดิม\nคนที่เคยเชิดชูไคโตะซัง
P0301-0450	พากย์ · speech_list_judge_main_c03	Yagami (ช)	[อีกแทร็ก]	I know there's a good guy in there somewhere.\nThe one who was proud to call Kaito-san his aniki.	ผมรู้ว่าลึก ๆ ยังมีคนดีอยู่ในตัวนาย\nคนที่เคยภูมิใจที่ได้เรียก ไคโตะซังว่าลูกพี่
P0301-0451	พากย์ · speech_list_judge_main_c03	Yagami (ช)		Look, I don't wanna fight you.	ฟังนะ ผมไม่อยากมีเรื่องกับคุณ
P0301-0452	พากย์ · speech_list_judge_main_c03	Yagami (ช)		I can turn and walk away if you want.	ถ้าอยากให้ผมเดินจากไป ผมก็เดินได้นะ
P0301-0453	พากย์ · speech_list_judge_main_c03	Yagami (ช)	[อีกแทร็ก]	You want me to leave, I'll leave.	อยากให้ผมไป ผมก็ไป
P0301-0454	พากย์ · speech_list_judge_main_c03	Higashi (ช)		How long has it been since\nwe've seen each other? A year now?	ไม่เจอกันมานานแค่ไหนแล้วนะ\nปีนึงแล้วมั้ง?
P0301-0455	พากย์ · speech_list_judge_main_c03	Higashi (ช)	[อีกแทร็ก]	How long has it been since we've\nseen each other? A year now?	ไม่เจอกันมานานแค่ไหนแล้ว\nปีนึงแล้วมั้ง?
P0301-0456	พากย์ · speech_list_judge_main_c03	Yagami (ช)		It was the day Kaito-san got expelled.	ก็วันที่ไคโตะซังโดนไล่ออกนั่นแหละ
P0301-0457	พากย์ · speech_list_judge_main_c03	Yagami (ช)		You were... pretty upset by it.	นาย...เสียใจกับเรื่องนั้นมากเลยนะ
P0301-0458	พากย์ · speech_list_judge_main_c03	Yagami (ช)	[อีกแทร็ก]	You remember?\nI saw the pain on your face.	ยังจำได้เหรอ\nผมเห็นสีหน้าเจ็บปวดของนายตอนนั้นเลย
P0301-0459	พากย์ · speech_list_judge_main_c03	Higashi (ช)		It was fucked up.\nThe boss brought you in to save Kaito-aniki.	มันแย่มากจริงๆ\nท่านหัวหน้าเรียกนายมาช่วยลูกพี่ไคโตะ
P0301-0460	พากย์ · speech_list_judge_main_c03	Higashi (ช)	[อีกแทร็ก]	I remember now.\nThe boss brought you in to save Kaito-aniki.	นึกออกแล้ว\nท่านหัวหน้าเรียกนายมาช่วยลูกพี่ไคโตะ
P0301-0461	พากย์ · speech_list_judge_main_c03	Yagami (ช)		But it was too late.\nHe was gonna get expelled no matter what.	แต่มันสายไปแล้ว\nยังไงพี่ไคโตะก็ต้องโดนไล่ออกอยู่ดี
P0301-0462	พากย์ · speech_list_judge_main_c03	Higashi (ช)		Even so, you gave him the best\ndefense a man could ask for.	ถึงอย่างนั้น นายก็สู้เพื่อเขา\nเต็มที่สุดๆ เท่าที่คนเราจะทำได้แล้ว
P0301-0463	พากย์ · speech_list_judge_main_c03	Higashi (ช)	[อีกแทร็ก]	Still, you gave it your best shot.\nGave him a real lawyer's defense.	ยังไงนายก็สู้เต็มที่แล้ว\nทำหน้าที่ทนายให้เขาเต็มร้อย
P0301-0464	พากย์ · speech_list_judge_main_c03	Higashi (ช)		The hell do you know!?	นายรู้เรื่องบ้าอะไร!?
P0301-0465	พากย์ · speech_list_judge_main_c03	Higashi (ช)		Hamura practically controls\nthe Matsugane Family now.	ตอนนี้ฮามุระคุมตระกูลมัตสึกาเนะ\nไว้ทั้งหมดแล้วก็ว่าได้
P0301-0466	พากย์ · speech_list_judge_main_c03	Higashi (ช)	[อีกแทร็ก]	The Matsugane Family changed.\nThe captain controls everything now.	ตระกูลมัตสึกาเนะเปลี่ยนไปแล้ว\nตอนนี้กัปตันคุมทุกอย่าง
P0301-0467	พากย์ · speech_list_judge_main_c03	Higashi (ช)		With Kaito-aniki gone, Matsugane-san's\ncommand has slowly slipped away.	พอลูกพี่ไคโตะไม่อยู่ อำนาจของท่านมัตสึกาเนะ\nก็ค่อยๆ หลุดมือไปเรื่อยๆ
P0301-0468	พากย์ · speech_list_judge_main_c03	Higashi (ช)	[อีกแทร็ก]	With Kaito-aniki gone,\nthe boss's command has slowly slipped away.	พอลูกพี่ไคโตะไม่อยู่\nอำนาจของท่านหัวหน้าก็ค่อยๆ หลุดมือไปเรื่อยๆ
P0301-0469	พากย์ · speech_list_judge_main_c03	Higashi (ช)		This would've never happened if he'd stayed...	ถ้าเขาไม่โดนไล่ออก คงไม่เป็นแบบนี้หรอก...
P0301-0470	พากย์ · speech_list_judge_main_c03	Higashi (ช)	[อีกแทร็ก]	This never would've happened\nif he'd stayed...	คงไม่มีวันเป็นแบบนี้\nถ้าเขาไม่โดนไล่ออก...
P0301-0471	พากย์ · speech_list_judge_main_c03	Higashi (ช)		Easy for you to say.\nI couldn't have done shit.	พูดง่ายนะ\nผมมันทำอะไรไม่ได้เลยสักอย่าง
P0301-0472	พากย์ · speech_list_judge_main_c03	Higashi (ช)	[อีกแทร็ก]	All on my own? Easy for you to say.\nI couldn't have done shit.	จะให้ทำเองคนเดียวเหรอ? พูดง่ายนะ\nผมทำอะไรไม่ได้เลยสักอย่าง
P0301-0473	พากย์ · speech_list_judge_main_c03	Higashi (ช)		Fuck off.\nThat's none of your business.	ไปตายซะ\nไม่ใช่เรื่องของนาย
P0301-0474	พากย์ · speech_list_judge_main_c03	Yagami (ช)		Yeah, and Hamura's had his eye\non me ever since.	เออ แล้วตั้งแต่นั้น ฮามุระก็จับตาดูผม\nมาตลอด
P0301-0475	พากย์ · speech_list_judge_main_c03	Yagami (ช)	[อีกแทร็ก]	Yeah, and Hamura's had his eye on me\never since.	เออ แล้วฮามุระก็จับตาดูผม\nมาตลอดตั้งแต่นั้น
P0301-0476	พากย์ · speech_list_judge_main_c03	Yagami (ช)		You know, you're doing pretty well\nfor yourself, Higashi.	นี่ นายก็เก๋ไปเลยนะ\nฮิงาชิ
P0301-0477	พากย์ · speech_list_judge_main_c03	Yagami (ช)	[อีกแทร็ก]	...You know, you're doing pretty well\nfor yourself, Higashi.	...นี่ นายก็เก๋ไปเลยนะ\nฮิงาชิ
P0301-0478	พากย์ · speech_list_judge_main_c03	Yagami (ช)		Looks like you're moving up the ranks.\nI heard this used to be Kaito-san's arcade.	ดูท่าจะได้เลื่อนขั้นนะ\nได้ยินมาว่าร้านเกมนี้เคยเป็น ของไคโตะซัง
P0301-0479	พากย์ · speech_list_judge_main_c03	Yagami (ช)		<color=ｍonologue>(Guess I touched a nerve.)</color>	<color=ｍonologue>(ดูเหมือนจะไปแตะจุดอ่อนเข้าแล้ว)</color>
P0301-0480	พากย์ · speech_list_judge_main_c03	Yagami (ช)		Couldn't you have done something?\nYou just sat and watched while he took control.	นายทำอะไรไม่ได้เลยเหรอ\nแค่นั่งดูเฉยๆ ตอนที่เขาเข้ายึดอำนาจ
P0301-0481	พากย์ · speech_list_judge_main_c03	Yagami (ช)	[อีกแทร็ก]	Couldn't you have done something?\nYou just sat and watched while the captain took control.	นายทำอะไรไม่ได้เลยเหรอ\nแค่นั่งดูเฉยๆ ตอนที่กัปตันเข้ายึดอำนาจ
P0301-0482	พากย์ · speech_list_judge_main_c03	Yagami (ช)		...Maybe not.	...อาจจะจริง
P0301-0483	พากย์ · speech_list_judge_main_c03	Yagami (ช)		By the way, what ever happened\nto the family's 100 mil?	ว่าแต่ เงิน 100 ล้านของตระกูล\nสุดท้ายเป็นไงบ้าง?
P0301-0484	พากย์ · speech_list_judge_main_c03	Yagami (ช)	[อีกแทร็ก]	By the way, what <font_kind=yakuza_italic>did</font_kind> happen to the\nMatsugane's hundred mil? I was always curious.	ว่าแต่ เงินร้อยล้านของตระกูลมัตสึกาเนะ\nสุดท้าย<font_kind=yakuza_italic>เป็นไง</font_kind>บ้าง? ผมสงสัยมาตลอดเลย
P0301-0485	พากย์ · speech_list_judge_main_c03	Yagami (ช)		Did they ever get the money back?\nOr find the thief?	ได้เงินคืนมารึเปล่า?\nหรือเจอตัวขโมยรึยัง?
P0301-0486	พากย์ · speech_list_judge_main_c03	Yagami (ช)	[ใช้ร่วม]	True.	จริงด้วย
P0301-0487	พากย์ · speech_list_judge_main_c03	Yagami (ช)	[อีกแทร็ก] [ใช้ร่วม]	Guess not.	คงงั้นแหละ
P0301-0488	พากย์ · speech_list_judge_main_c03	Yagami (ช)		(Kaito-san's probably waiting for me\nback at the office...) 	(ไคโตะซังคงรอผมอยู่\nที่ออฟฟิศแล้วล่ะ...) 
P0301-0489	พากย์ · speech_list_judge_main_c03	Kaito (ช)		Yo. How'd it go?	โย่ เป็นไงบ้าง?
P0301-0490	พากย์ · speech_list_judge_main_c03	Kaito (ช)	[อีกแทร็ก]	Yo. You're back.	โย่ กลับมาแล้วเหรอ
P0301-0491	พากย์ · speech_list_judge_main_c03	Kaito (ช)		He caught you, huh?	โดนจับได้เหรอ?
P0301-0492	พากย์ · speech_list_judge_main_c03	Kaito (ช)		Anything come of it?	ได้เรื่องอะไรมาบ้างไหม?
P0301-0493	พากย์ · speech_list_judge_main_c03	Kaito (ช)	[อีกแทร็ก]	So how'd it go?	แล้วเป็นไงบ้าง
P0301-0494	พากย์ · speech_list_judge_main_c03	Kaito (ช)		Fucked up...	แย่ชะมัด...
P0301-0495	พากย์ · speech_list_judge_main_c03	Kaito (ช)	[อีกแทร็ก] [ใช้ร่วม]	Too bad.	โชคร้ายจัง
P0301-0496	พากย์ · speech_list_judge_main_c03	Kaito (ช)		Didn't look "same old" to me.	สำหรับฉันมันดูไม่เหมือน "คนเดิม" เลยนะ
P0301-0497	พากย์ · speech_list_judge_main_c03	Kaito (ช)	[อีกแทร็ก] [ใช้ร่วม]	Could've fooled me.	ดูไม่ออกเลยนะ
P0301-0498	พากย์ · speech_list_judge_main_c03	Kaito (ช)		Uh-huh?	อือ?
P0301-0499	พากย์ · speech_list_judge_main_c03	Kaito (ช)	[ใช้ร่วม]	Yeah, what about it?	เออ แล้วมันเป็นไงอีกล่ะ?
P0301-0500	พากย์ · speech_list_judge_main_c03	Kaito (ช)	[อีกแทร็ก]	What about it?	มันเป็นไงเหรอ?
P0301-0501	พากย์ · speech_list_judge_main_c03	Kaito (ช)		Apparently Higashi got it all back.\nAt least, according to Ayabe.	ได้ยินว่าฮิงาชิเอาเงินคืนมาได้หมดเลย\nอย่างน้อยก็ตามที่อายาเบะบอก
P0301-0502	พากย์ · speech_list_judge_main_c03	Kaito (ช)		Not a clue. I would've had to fork up\nanother 200 grand for more info.	ไม่รู้เหมือนกัน ต้องจ่ายเพิ่ม\nอีกสองแสนถึงจะได้รู้รายละเอียด
P0301-0503	พากย์ · speech_list_judge_main_c03	Kaito (ช)		I didn't have the cash, so I dropped it.\nHaven't brought it up since.	ฉันไม่มีเงินพอ เลยปล่อยผ่านไป\nไม่ได้พูดถึงอีกเลยตั้งแต่นั้น
P0301-0504	พากย์ · speech_list_judge_main_c03	Kaito (ช)		It'll cost you.\nBet you can find him at Tender 'round now.	ต้องเสียตังค์แหละ\nเดี๋ยวนี้เขาน่าจะอยู่ที่ เทนเดอร์แล้วมั้ง
P0301-0505	พากย์ · speech_list_judge_main_c03	Kaito (ช)		Today was the first time\nsince getting the boot.	วันนี้เป็นครั้งแรกเลย\nนับตั้งแต่โดนไล่ออกมา
P0301-0506	พากย์ · speech_list_judge_main_c03	Kaito (ช)	[อีกแทร็ก]	Yeah. At least, since I got the boot.	เออ อย่างน้อยก็ตั้งแต่โดนไล่ออกมา
P0301-0507	พากย์ · speech_list_judge_main_c03	Kaito (ช)		Hamura would've been all over him\nif we kept in touch.	ถ้ายังติดต่อกันอยู่\nฮามุระคงจับตาดูเขาตลอดแน่ๆ
P0301-0508	พากย์ · speech_list_judge_main_c03	Kaito (ช)		I didn't wanna weigh him\ndown, y'know?	ไม่อยากถ่วงเขา\nไว้น่ะ เข้าใจนะ?
P0301-0509	พากย์ · speech_list_judge_main_c03	Kaito (ช)	[อีกแทร็ก]	I didn't wanna weigh him down, y'know?	ไม่อยากถ่วงเขาไว้น่ะ เข้าใจนะ?
P0301-0510	พากย์ · speech_list_judge_main_c03	Kaito (ช)		He'll be back here soon enough.\nIt's just a matter of time.	เดี๋ยวเขาก็ต้องกลับมาที่นี่อีกแหละ\nแค่รอเวลาเท่านั้น
P0301-0511	พากย์ · speech_list_judge_main_c03	Kaito (ช)		Wouldn't even be surprised\nif he tried to off us.	ต่อให้เขาพยายามฆ่าปิดปากเรา\nก็ไม่แปลกใจเลย
P0301-0512	พากย์ · speech_list_judge_main_c03	Kaito (ช)	[อีกแทร็ก]	Hell, wouldn't even be surprised\nif he tried to off us.	ให้ตายสิ ต่อให้เขาพยายามฆ่าปิดปากเรา\nก็ไม่แปลกใจเลย
P0301-0513	พากย์ · speech_list_judge_main_c03	Kaito (ช)		Well he doesn't want us catching\nthe Mole, that's for sure.	อย่างน้อยก็แน่ๆ ว่าเขาไม่อยากให้เราจับ\nไอ้ตัวตุ่นได้
P0301-0514	พากย์ · speech_list_judge_main_c03	Kaito (ช)	[อีกแทร็ก]	Whatever it takes to keep us from\ncatching the Mole.	ยังไงก็ต้องกันไม่ให้เรา\nจับไอ้ตัวตุ่นได้
P0301-0515	พากย์ · speech_list_judge_main_c03	Kaito (ช)		Other than that,\nI think he just hates our guts. 	นอกจากนั้น\nก็คงแค่เกลียดเราเข้าไส้ 
P0301-0516	พากย์ · speech_list_judge_main_c03	Kaito (ช)	[อีกแทร็ก]	Of course, it doesn't help that\nhe just hates our guts. 	ก็แน่ล่ะ ที่เขาเกลียดเราเข้าไส้\nก็ไม่ช่วยอะไรเลย 
P0301-0517	พากย์ · speech_list_judge_main_c03	Kaito (ช)		Guess we just can't catch a break.	ดูเหมือนเราจะไม่มีวันสบายเลยสักที
P0301-0518	พากย์ · speech_list_judge_main_c03	Yagami (ช)		Fine. I ended up going in that arcade.\nTalked to Higashi.	อือ ผมแวะเข้าไปในร้านเกมนั่นมา\nได้คุยกับฮิงาชิด้วย
P0301-0519	พากย์ · speech_list_judge_main_c03	Yagami (ช)	[อีกแทร็ก]	Yeah. I found my way into Charles eventually.\nTalked to Higashi, too.	เออ สุดท้ายก็หาทางเข้าชาร์ลส์ได้\nได้คุยกับฮิงาชิด้วย
P0301-0520	พากย์ · speech_list_judge_main_c03	Yagami (ช)		Nah, I just wanted to have a chat.	เปล่า แค่อยากคุยด้วยเฉยๆ
P0301-0521	พากย์ · speech_list_judge_main_c03	Yagami (ช)	[อีกแทร็ก]	No, not exactly.	ไม่ ไม่ใช่แบบนั้น
P0301-0522	พากย์ · speech_list_judge_main_c03	Yagami (ช)		First off, Matsugane-san's completely\nlost control of Hamura.	อย่างแรกเลย ท่านมัตสึกาเนะ\nคุมฮามุระไม่อยู่แล้วโดยสิ้นเชิง
P0301-0523	พากย์ · speech_list_judge_main_c03	Yagami (ช)	[อีกแทร็ก]	First off, the Matsugane family...\nThe boss's completely lost control of Hamura.	อย่างแรกเลย ตระกูลมัตสึกาเนะน่ะ...\nท่านหัวหน้าคุมฮามุระไม่ อยู่แล้วโดยสิ้นเชิง
P0301-0524	พากย์ · speech_list_judge_main_c03	Yagami (ช)		Apparently Higashi has no choice now\nbut to follow his captain's orders.	ดูเหมือนตอนนี้ฮิงาชิไม่มีทางเลือก\nต้องทำตามคำสั่งกัปตันของเขา
P0301-0525	พากย์ · speech_list_judge_main_c03	Yagami (ช)	[อีกแทร็ก]	Apparently, Higashi has no choice now\nbut to follow his captain's orders.	ดูเหมือนว่าตอนนี้ฮิงาชิไม่มีทางเลือก\nต้องทำตามคำสั่งกัปตันของเขา
P0301-0526	พากย์ · speech_list_judge_main_c03	Yagami (ช)		When we talked, though... It felt like\nI was talking to the same old Higashi.	แต่ตอนที่คุยกัน... รู้สึกเหมือน\nได้คุยกับฮิงาชิคนเดิมเลย
P0301-0527	พากย์ · speech_list_judge_main_c03	Yagami (ช)	[อีกแทร็ก]	Still... When we talked...\nit felt like I was talking to the same old Higashi.	แต่ถึงอย่างนั้น... ตอนที่คุยกัน...\nรู้สึกเหมือนได้คุยกับฮิงาชิคนเดิมเลย
P0301-0528	พากย์ · speech_list_judge_main_c03	Yagami (ช)		<color=ｍonologue>(If Higashi's really changed, I bet it all started\nafter the break-in that got Kaito-san kicked out.)</color> 	<color=ｍonologue>(ถ้าฮิงาชิเปลี่ยนไปจริงๆ ผมว่าคงเริ่ม\nมาจากเหตุปล้นที่ทำให้ไคโตะซัง โดนไล่ออกนั่นแหละ)</color> 
P0301-0529	พากย์ · speech_list_judge_main_c03	Yagami (ช)		<color=ｍonologue>(I wonder what came of all that...)</color> 	<color=ｍonologue>(สงสัยจังว่าเรื่องนั้นจบลงยังไง...)</color> 
P0301-0530	พากย์ · speech_list_judge_main_c03	Yagami (ช)		You know a year ago,\nwhen you got expelled from the family?	นี่ เมื่อปีก่อน\nตอนที่นายโดนไล่ออกจากตระกูลน่ะ จำได้ไหม?
P0301-0531	พากย์ · speech_list_judge_main_c03	Yagami (ช)		It was 'cause someone stole\n100 mil from the safe, right?	ก็เพราะมีคนขโมยเงิน\n100 ล้านจากเซฟไปใช่ไหม?
P0301-0532	พากย์ · speech_list_judge_main_c03	Yagami (ช)	[อีกแทร็ก]	A hundred mil got taken from the family safe...\nand you had to take responsibility for it, right?	เงินร้อยล้านหายไปจากเซฟของตระกูล...\nแล้วนายต้องรับผิดชอบเรื่องนั้นใช่ไหม?
P0301-0533	พากย์ · speech_list_judge_main_c03	Yagami (ช)		What ended up happening with that?\nDid you ever hear anything?	สุดท้ายเรื่องนั้นเป็นยังไงบ้าง?\nนายเคยได้ยินอะไรมาไหม?
P0301-0534	พากย์ · speech_list_judge_main_c03	Yagami (ช)		Higashi did? But how?	ฮิงาชิเหรอ? แต่ทำได้ยังไง?
P0301-0535	พากย์ · speech_list_judge_main_c03	Yagami (ช)	[อีกแทร็ก]	Higashi did? But how...?	ฮิงาชิเหรอ? แต่ทำได้ยังไง...?
P0301-0536	พากย์ · speech_list_judge_main_c03	Yagami (ช)		Sounds like Ayabe has a lot to tell us.	ท่าทางอายาเบะจะมีเรื่องให้เล่า อีกเยอะเลยนะ
P0301-0537	พากย์ · speech_list_judge_main_c03	Yagami (ช)	[อีกแทร็ก]	Sounds like Ayabe's got a lot\nmore information for us.	ท่าทางอายาเบะจะมีข้อมูล\nให้เราอีกเยอะเลยนะ
P0301-0538	พากย์ · speech_list_judge_main_c03	Yagami (ช)		Kaito-san... How long's it been\nsince you saw Higashi?	ไคโตะซัง...ไม่ได้เจอฮิงาชิ\nมานานแค่ไหนแล้ว?
P0301-0539	พากย์ · speech_list_judge_main_c03	Yagami (ช)	[อีกแทร็ก]	Kaito-san... Was this your first time\nseeing Higashi again?	ไคโตะซัง...นี่เป็นครั้งแรก\nที่เจอฮิงาชิอีกครั้งเลยเหรอ?
P0301-0540	พากย์ · speech_list_judge_main_c03	? (กลาง)	[ใช้ร่วม] [ต้องกลางเพศ]	Gotcha.	เข้าใจแล้ว
P0301-0541	พากย์ · speech_list_judge_main_c03	Yagami (ช)		I wonder what Hamura'll do next...	สงสัยจังว่าฮามุระจะทำอะไรต่อไป...
P0301-0542	พากย์ · speech_list_judge_main_c03	Yagami (ช)	[อีกแทร็ก]	Wonder what Hamura's gonna try next...	สงสัยว่าฮามุระจะเล่นแผนอะไรต่อไป...
P0301-0543	พากย์ · speech_list_judge_main_c03	Yagami (ช)		You think we pissed him off\nthat much?	คิดว่าเราทำให้เขาโมโห\nขนาดนั้นเลยเหรอ?
P0301-0544	พากย์ · speech_list_judge_main_c03	Yagami (ช)		Damn, even though we're the\nreason he's a free man?	บ้าไปแล้ว ทั้งๆ ที่เราเป็น\nเหตุผลที่เขายังลอยนวลอยู่?
P0301-0545	พากย์ · speech_list_judge_main_c03	Yagami (ช)	[อีกแทร็ก]	Seriously. Even though we're the reason\nhe's a free man?	จริงจังนะ ทั้งๆ ที่เราเป็นเหตุผล\nที่เขายังลอยนวลอยู่?
P0301-0546	พากย์ · speech_list_judge_main_c03	Yagami (ช)	[ใช้ร่วม]	What's up?	เป็นไงบ้าง?
P0301-0547	พากย์ · speech_list_judge_main_c03	? (ช)	[อีกแทร็ก]	Yo. What's up?	โย่ เป็นไงบ้าง?
P0301-0548	พากย์ · speech_list_judge_main_c03	Kaito (ช)		You heading to Tender? Whatever info\nAyabe's got is gonna cost you, y'know.	จะไปเทนเดอร์เหรอ? ข้อมูลของอายาเบะ\nยังไงก็ต้องเสียตังค์นะ รู้ใช่ไหม
P0301-0549	พากย์ · speech_list_judge_main_c03	Yagami (ช)		Hope I have enough, then.\nI'll figure something out if not.	หวังว่าจะมีพอนะ\nถ้าไม่พอก็คงหาทางได้แหละ
P0301-0550	พากย์ · speech_list_judge_main_c03	tender_master (ช)		Welcome back, Tak.	ยินดีต้อนรับกลับมา ทาคุ
P0301-0551	พากย์ · speech_list_judge_main_c03	tender_master (ช)	[อีกแทร็ก]	Hey.\nCome right in.	ไง\nเชิญเข้ามาเลย
P0301-0552	พากย์ · speech_list_judge_main_c03	tender_master (ช)		In my bar?\nI take offense to that.	ในบาร์ผมเนี่ยนะ?\nนี่มันดูถูกกันชัดๆ
P0301-0553	พากย์ · speech_list_judge_main_c03	tender_master (ช)	[อีกแทร็ก]	Really now... A corrupt official, in my bar?\nI take offense to that.	จริงดิ...เจ้าหน้าที่ทุจริตในบาร์ผมเนี่ยนะ?\nนี่มันดูถูกกันชัดๆ
P0301-0554	พากย์ · speech_list_judge_main_c03	tender_master (ช)		He said he's heading over.	เขาบอกว่ากำลังมา
P0301-0555	พากย์ · speech_list_judge_main_c03	tender_master (ช)	[อีกแทร็ก]	Soon. He said he's heading over.	เดี๋ยวก็มาแล้ว เขาบอกว่ากำลังมา
P0301-0556	พากย์ · speech_list_judge_main_c03	tender_master (ช)		Before that though, Tak. I've got a little job\nI'd like you to handle, if you would.	แต่ก่อนอื่น ทาคุ ผมมีงานเล็กๆ\nอยากให้นายช่วยจัดการให้หน่อย ถ้าไม่ว่าอะไร
P0301-0557	พากย์ · speech_list_judge_main_c03	tender_master (ช)	[อีกแทร็ก]	Before that though, Tak. You've got good timing—\nthere's something I need you to do.	แต่ก่อนอื่น ทาคุ มาถูกจังหวะเลย—\nมีเรื่องนึงที่ผมอยากให้นายช่วยทำ
P0301-0558	พากย์ · speech_list_judge_main_c03	tender_master (ช)		Only the best detective in Kamurocho\ncan handle this case.	มีแค่นักสืบมือดีที่สุดในคามุโรโจ\nเท่านั้นที่จะรับมือคดีนี้ได้
P0301-0559	พากย์ · speech_list_judge_main_c03	tender_master (ช)	[อีกแทร็ก]	A job for only the best detective\nin Kamurocho.	งานนี้มีแค่นักสืบมือดีที่สุด\nในคามุโรโจเท่านั้นที่ทำได้
P0301-0560	พากย์ · speech_list_judge_main_c03	tender_master (ช)		Aw, you're blushing.\nI mean it, though.	โอ้โห หน้าแดงเลยนะ\nแต่ผมพูดจริงนะ
P0301-0561	พากย์ · speech_list_judge_main_c03	tender_master (ช)		Would if I could.	บอกได้ก็อยากบอกอยู่หรอกนะ
P0301-0562	พากย์ · speech_list_judge_main_c03	tender_master (ช)	[อีกแทร็ก]	No idea.	ไม่รู้เหมือนกัน
P0301-0563	พากย์ · speech_list_judge_main_c03	tender_master (ช)		I never actually asked. The client's a regular\nof mine, though, so you don't need to worry.	จริงๆ ผมก็ไม่เคยถามเลย แต่ลูกค้าคนนี้\nเป็นขาประจำของผม นายไม่ต้องห่วงหรอก
P0301-0564	พากย์ · speech_list_judge_main_c03	tender_master (ช)	[อีกแทร็ก]	I never actually asked. Still, the client's a regular\nof mine, so you don't need to worry.	จริงๆ ผมไม่เคยถามเลย แต่ยังไงลูกค้าคนนี้\nก็เป็นขาประจำของผม นายไม่ต้องห่วงหรอก
P0301-0565	พากย์ · speech_list_judge_main_c03	tender_master (ช)	[ซ้ำในบท x2]	Anyway, you'll need to head over to a place\ncalled Hills Garden on Park Boulevard.	ยังไงก็ตาม นายต้องไปที่แห่งนึงชื่อ\nฮิลส์การ์เดน บนถนนปาร์คบูเลอวาร์ด
P0301-0566	พากย์ · speech_list_judge_main_c03	tender_master (ช)		Right now. And I'll let you know\nwhen Ayabe-san comes in.	ใช่ ตอนนี้เลย แล้วผมจะบอกนายเอง\nตอนที่อายาเบะซังมาถึง
P0301-0567	พากย์ · speech_list_judge_main_c03	tender_master (ช)		C'mon, detective. It's not like you\nto turn down a paying job.	ไม่เอาน่า นักสืบ ไม่เหมือนนายเลยนะ\nที่จะปฏิเสธงานที่มีตังค์
P0301-0568	พากย์ · speech_list_judge_main_c03	tender_master (ช)	[อีกแทร็ก]	You're not going to turn down a paying job,\nare you, Yagami?	นายจะไม่ปฏิเสธงานที่มีตังค์ หรอกใช่ไหม\nยากามิ?
P0301-0569	พากย์ · speech_list_judge_main_c03	Yagami (ช)		So, rumor has it you've been\nserving drinks to a dirty cop?	นี่ ได้ยินข่าวลือว่านาย\nเสิร์ฟเหล้าให้ตำรวจนอกลู่อยู่เหรอ?
P0301-0570	พากย์ · speech_list_judge_main_c03	Yagami (ช)	[อีกแทร็ก]	Word is, you've been keeping a dirty cop\n'round here.	มีข่าวว่านายให้ตำรวจนอกลู่\nมานั่งแถวนี้บ่อยๆ นะ
P0301-0571	พากย์ · speech_list_judge_main_c03	Yagami (ช)		Heh. Ayabe here yet?	เฮ่อ อายาเบะมาหรือยัง?
P0301-0572	พากย์ · speech_list_judge_main_c03	Yagami (ช)	[อีกแทร็ก]	Ayabe here yet?	อายาเบะมาหรือยัง?
P0301-0573	พากย์ · speech_list_judge_main_c03	Yagami (ช)		A job, huh?	งานเหรอ?
P0301-0574	พากย์ · speech_list_judge_main_c03	Yagami (ช)	[อีกแทร็ก] [ใช้ร่วม]	A job?	งานเหรอ?
P0301-0575	พากย์ · speech_list_judge_main_c03	Yagami (ช)		Oh yeah?\nWell then how can I refuse?	งั้นเหรอ?\nแบบนี้จะให้ผมปฏิเสธได้ยังไง
P0301-0576	พากย์ · speech_list_judge_main_c03	Yagami (ช)	[อีกแทร็ก]	Huh... Well, I can't exactly say no\nafter that.	หา... พูดแบบนี้ผมก็ปฏิเสธไม่ลง\nเหมือนกันนะ
P0301-0577	พากย์ · speech_list_judge_main_c03	? (?)		<color=ｍonologue>(Masuda always has had a way with words...)</color> 	<color=ｍonologue>(มาสึดะเป็นคนพูดจาเก่งอยู่เสมอ เลยจริงๆ...)</color> 
P0301-0578	พากย์ · speech_list_judge_main_c03	Yagami (ช)		Then clue me in.	งั้นบอกมาเลย
P0301-0579	พากย์ · speech_list_judge_main_c03	Yagami (ช)	[อีกแทร็ก]	So what's the job?	แล้วงานอะไรล่ะ?
P0301-0580	พากย์ · speech_list_judge_main_c03	Yagami (ช)		Right now?	ตอนนี้เลยเหรอ?
P0301-0581	พากย์ · speech_list_judge_main_c03	Yagami (ช)		You got me there.	นายพูดถูกเผงเลย
P0301-0582	พากย์ · speech_list_judge_main_c03	Yagami (ช)	[อีกแทร็ก]	...Got me there.	...พูดถูกเผงเลย
P0301-0583	พากย์ · speech_list_judge_main_c03	Ayabe (ช)		It's Ayabe.\nMasuda told me to give you a ring.	นี่อายาเบะเอง\nมาสึดะบอกให้โทรหามึง
P0301-0584	พากย์ · speech_list_judge_main_c03	Ayabe (ช)	[อีกแทร็ก]	It's Ayabe.\nTender's barman told me to give you a ring.	นี่อายาเบะเอง\nบาร์เทนเดอร์ที่เทนเดอร์บอกให้ โทรหามึง
P0301-0585	พากย์ · speech_list_judge_main_c03	Ayabe (ช)	[ใช้ร่วม]	You need something?	มีธุระอะไรเหรอ?
P0301-0586	พากย์ · speech_list_judge_main_c03	Ayabe (ช)		You got the cash?\nI'm done handing out freebies.	มีตังค์รึเปล่า?\nกูไม่แจกฟรีแล้วนะ
P0301-0587	พากย์ · speech_list_judge_main_c03	Ayabe (ช)	[อีกแทร็ก]	You got the cash for it?\nI'm done handing out freebies.	มีตังค์จ่ายรึเปล่า?\nกูไม่แจกฟรีแล้วนะ
P0301-0588	พากย์ · speech_list_judge_main_c03	Ayabe (ช)		Oh, and the price'll depend on\nwhat you wanna know.	อ้อ แล้วราคาก็ขึ้นอยู่กับ\nว่ามึงอยากรู้อะไร
P0301-0589	พากย์ · speech_list_judge_main_c03	Ayabe (ช)	[ใช้ร่วม] [ต้องกลางเพศ] [ซ้ำในบท x5]	Hm?	หืม?
P0301-0590	พากย์ · speech_list_judge_main_c03	Ayabe (ช)		And what, I said it'd be 200k?	แล้วไง กูบอกว่า 2 แสนเหรอ?
P0301-0591	พากย์ · speech_list_judge_main_c03	Ayabe (ช)		In that case, let's make it 100.\nPrice drops with age.	งั้นเอาแค่ 1 แสนก็แล้วกัน\nราคาลดตามอายุข่าว
P0301-0592	พากย์ · speech_list_judge_main_c03	Ayabe (ช)	[อีกแทร็ก]	Well, since that's old news,\nlet's drop it down to 100.	เอาเป็นว่าข่าวเก่าแล้ว\nกูลดให้เหลือ 1 แสน
P0301-0593	พากย์ · speech_list_judge_main_c03	Ayabe (ช)		Look, I'm not pulling the numbers outta my ass.\nI've got calculations. A system.	ฟังนะ กูไม่ได้เดาราคามั่วๆ\nกูมีการคำนวณ มีระบบของกู
P0301-0594	พากย์ · speech_list_judge_main_c03	Ayabe (ช)		Anyway, I'll drop by your place tomorrow.\nHave the cash ready.	เอาเป็นว่าพรุ่งนี้กูจะแวะไปหามึงเอง\nเตรียมเงินไว้ให้พร้อม
P0301-0595	พากย์ · speech_list_judge_main_c03	? (?)		<color=ｍonologue>(Guess Masuda kept his word.)</color> 	<color=ｍonologue>(ดูเหมือนมาสึดะจะรักษาคำพูดจริงๆ)</color> 
P0301-0596	พากย์ · speech_list_judge_main_c03	Yagami (ช)	[อีกแทร็ก] [ใช้ร่วม] [ต้องกลางเพศ] [ซ้ำในบท x2]	Yup.	ใช่
P0301-0597	พากย์ · speech_list_judge_main_c03	Yagami (ช)		Yeah, info I hear you've got.	เออ ข้อมูลที่ได้ยินว่านายมีอยู่ไง
P0301-0598	พากย์ · speech_list_judge_main_c03	Yagami (ช)	[อีกแทร็ก]	I'm looking for more information.	ผมกำลังหาข้อมูลเพิ่มเติมอยู่
P0301-0599	พากย์ · speech_list_judge_main_c03	Yagami (ช)		It just so happens you already\ntold Kaito-san the price. 200 grand.	บังเอิญว่านายบอกราคา\nไคโตะซังไปแล้วนี่ 2 แสน
P0301-0600	พากย์ · speech_list_judge_main_c03	Yagami (ช)	[อีกแทร็ก]	The price...? Well, you've already given\nKaito-san a quote of 200 grand.	ราคาเหรอ...? นายก็บอกราคา\nไคโตะซังไปแล้วนี่ 2 แสน
P0301-0601	พากย์ · speech_list_judge_main_c03	Yagami (ช)		You know how all that money got stolen from\nthe Matsugane? I want to know what happened to it.	เรื่องเงินที่หายไปจากมัตสึกาเนะน่ะ\nผมอยากรู้ว่าเกิดอะไรขึ้นกับมันบ้าง
P0301-0602	พากย์ · speech_list_judge_main_c03	Yagami (ช)	[อีกแทร็ก]	A year ago, the Matsugane Family got robbed of\n100 million. I want to know what happened to it.	เมื่อปีก่อน ตระกูลมัตสึกาเนะโดนปล้นเงินไป\n100 ล้าน ผมอยากรู้ว่าเกิดอะไรขึ้นกับมันบ้าง
P0301-0603	พากย์ · speech_list_judge_main_c03	Yagami (ช)		That's what he told me.	เขาบอกผมมาแบบนั้น
P0301-0604	พากย์ · speech_list_judge_main_c03	Yagami (ช)		Oh, does it?	อ้อ มันเป็นแบบนั้นด้วยเหรอ?
P0301-0605	พากย์ · speech_list_judge_main_c03	Yagami (ช)	[อีกแทร็ก]	Whoa. Really?	โห จริงดิ?
P0301-0606	พากย์ · speech_list_judge_main_c03	Yagami (ช)		<color=ｍonologue>(Ayabe's stopping by tomorrow.\nMight be a good idea to get some shuteye...)</color>	<color=ｍonologue>(อายาเบะจะแวะมาพรุ่งนี้\nนอนพักเอาแรงไว้หน่อยดีกว่า...)</color>
P0301-0607	พากย์ · speech_list_judge_main_c03	? (ช)		<color=ｍonologue>(Ayabe said his info will cost 100 grand.\nI've gotta have the money by tomorrow, so...)</color>	<color=ｍonologue>(อายาเบะบอกว่าข้อมูลราคา 1 แสน\nต้องหาเงินให้ได้ภายในพรุ่งนี้ ฉะนั้น...)</color>
P0301-0608	พากย์ · speech_list_judge_main_c03	? (ช)		<color=ｍonologue>(Phew, I'm exhausted...)</color>	<color=ｍonologue>(ฮึ่ย เหนื่อยจัง...)</color>
P0301-0609	พากย์ · speech_list_judge_main_c03	? (ช)		<color=ｍonologue>(Actually, not yet.\nThere's still more I need to do first.) </color>	<color=ｍonologue>(เอ้อ ไม่ใช่ตอนนี้หรอก\nยังมีอะไรต้องทำอีกเยอะ) </color>
P0301-0610	พากย์ · speech_list_judge_main_c03	? (ช)		<color=ｍonologue>(I could always ask Saori-san or Masuda over at Tender\nif they've got any work for me.)</color>	<color=ｍonologue>(ลองไปถามซาโอริซังหรือมาสึดะที่ เทนเดอร์ดู\nก็ได้ว่ามีงานให้ทำไหม)</color>
P0301-0611	พากย์ · speech_list_judge_main_c03	? (ช)		<color=ｍonologue>(Or maybe I can just head to L'Amant, hit the tables.)</color>	<color=ｍonologue>(หรือไม่ก็ไปที่ลามองต์ ลองเล่นโต๊ะพนันดูก็ได้)</color>
P0301-0612	พากย์ · speech_list_judge_main_c03	Ayabe (ช)		It's Ayabe.	อายาเบะเอง
P0301-0613	พากย์ · speech_list_judge_main_c03	Ayabe (ช)		Wake up and look behind you.	ตื่นเถอะ แล้วหันไปดูข้างหลังสิ
P0301-0614	พากย์ · speech_list_judge_main_c03	Ayabe (ช)	[อีกแทร็ก]	Look behind you.	หันไปดูข้างหลังสิ
P0301-0615	พากย์ · speech_list_judge_main_c03	Ayabe (ช)		Investigation?\nWhat have you been smoking?	สืบสวนเหรอ?\nมึงสูบอะไรมาวะ?
P0301-0616	พากย์ · speech_list_judge_main_c03	Ayabe (ช)		No yakuza's gonna report\na robbery on their office.	ไม่มียากูซ่าที่ไหนแจ้งความ\nเรื่องโดนปล้นสำนักงานตัวเองหรอก
P0301-0617	พากย์ · speech_list_judge_main_c03	Ayabe (ช)		I mean, they'd have cops\nswarming the place.	ไม่งั้นตำรวจก็ต้องกรูกันมา\nเต็มที่นั่นน่ะสิ
P0301-0618	พากย์ · speech_list_judge_main_c03	Ayabe (ช)		The Matsugane incident was never a formal case.\nI rounded all of this up myself.	คดีมัตสึกาเนะไม่เคยเป็นคดีทางการเลย\nกูรวบรวมข้อมูลพวกนี้มาเองทั้งหมด
P0301-0619	พากย์ · speech_list_judge_main_c03	Ayabe (ช)		You have the cash?	มีตังค์รึเปล่า?
P0301-0620	พากย์ · speech_list_judge_main_c03	Ayabe (ช)	[ใช้ร่วม]	Nice.	เยี่ยม
P0301-0621	พากย์ · speech_list_judge_main_c03	Ayabe (ช)	[อีกแทร็ก]	Much obliged.	ขอบใจมากนะ
P0301-0622	พากย์ · speech_list_judge_main_c03	Yagami (ช)	[ใช้ร่วม]	...Hello?	...ฮัลโหล?
P0301-0623	พากย์ · speech_list_judge_main_c03	Yagami (ช)	[อีกแทร็ก]	...Yeah, hello?	...เออ ฮัลโหล?
P0301-0624	พากย์ · speech_list_judge_main_c03	Yagami (ช)	[ใช้ร่วม] [ต้องกลางเพศ]	Huh!?	หา!?
P0301-0625	พากย์ · speech_list_judge_main_c03	Yagami (ช)		Next time just knock, would you?	ครั้งหน้าเคาะประตูก่อนได้ไหม?
P0301-0626	พากย์ · speech_list_judge_main_c03	Yagami (ช)	[อีกแทร็ก]	Knock next time, would you?	เคาะประตูก่อนสิ ครั้งหน้า
P0301-0627	พากย์ · speech_list_judge_main_c03	Yagami (ช)		<color=ｍonologue>(Those must be the files he promised.)</color> 	<color=ｍonologue>(นั่นคงเป็นเอกสารที่เขาสัญญาไว้)</color> 
P0301-0628	พากย์ · speech_list_judge_main_c03	Yagami (ช)		Those the files on\nthe Matsugane robbery investigation?	นั่นเอกสารสืบสวนคดี\nปล้นมัตสึกาเนะใช่ไหม?
P0301-0629	พากย์ · speech_list_judge_main_c03	Yagami (ช)	[อีกแทร็ก]	So, those are the investigation files\nfor the Matsugane case?	นี่คือเอกสารสืบสวน\nคดีมัตสึกาเนะเหรอ?
P0301-0630	พากย์ · speech_list_judge_main_c03	Kaito (ช)	[ใช้ร่วม]	Wait...	เดี๋ยวก่อน...
P0301-0631	พากย์ · speech_list_judge_main_c03	Kaito (ช)	[อีกแทร็ก] [ใช้ร่วม] [ซ้ำในบท x2]	Huh...	หา...
P0301-0632	พากย์ · speech_list_judge_main_c03	Yagami (ช)		100 grand, just like you asked.	1 แสน ตามที่นายขอเป๊ะ
P0301-0633	พากย์ · speech_list_judge_main_c03	Ayabe (ช)		You wanna know how long\nI spend on this stuff?	อยากรู้ไหมว่ากูใช้เวลา\nกับเรื่องพวกนี้นานแค่ไหน?
P0301-0634	พากย์ · speech_list_judge_main_c03	Ayabe (ช)	[อีกแทร็ก]	You know how long\nI spend on this stuff?	รู้ไหมว่ากูใช้เวลา\nกับเรื่องพวกนี้นานแค่ไหน?
P0301-0635	พากย์ · speech_list_judge_main_c03	Ayabe (ช)		Way more than I do on the streets,\nthat's for sure.	นานกว่าตอนออกลาดตระเวนซะอีก\nนั่นแหละแน่นอน
P0301-0636	พากย์ · speech_list_judge_main_c03	Ayabe (ช)	[อีกแทร็ก]	Longer than I do on the beat,\nthat's for damn sure.	นานกว่าตอนออกตรวจถนนซะอีก\nนั่นแหละแน่นอน
P0301-0637	พากย์ · speech_list_judge_main_c03	Ayabe (ช)		Heh. Now then. This is the floor plan\nfor the Matsugane Family office.	เฮ่อ เอาล่ะ นี่คือผังพื้น\nสำนักงานตระกูลมัตสึกาเนะ
P0301-0638	พากย์ · speech_list_judge_main_c03	Ayabe (ช)	[อีกแทร็ก]	Heh heh... This is the floor plan\nfor the Matsugane office.	เฮ่อ เฮ่อ... นี่คือผังพื้น\nสำนักงานมัตสึกาเนะ
P0301-0639	พากย์ · speech_list_judge_main_c03	Ayabe (ช)		It's from a year ago, when the break-in happened.\nThey haven't remodeled since then, have they?	มาจากเมื่อปีก่อน ตอนที่เกิดเหตุปล้น\nพวกเขาคงยังไม่ได้ปรับปรุงอะไร ตั้งแต่นั้นใช่ไหม?
P0301-0640	พากย์ · speech_list_judge_main_c03	Ayabe (ช)		So. To avoid getting seen by the security camera,\nthe thief snuck in behind a guy coming in.	เอาล่ะ เพื่อไม่ให้กล้องวงจรปิดจับภาพได้\nขโมยแอบเดินตามหลังคนที่กำลังเข้ามา
P0301-0641	พากย์ · speech_list_judge_main_c03	Ayabe (ช)	[อีกแทร็ก]	Now, the robbery. To avoid the cameras,\nthe thief snuck in behind a Matsugane guy coming in.	ทีนี้มาถึงเรื่องการปล้น เพื่อเลี่ยงกล้อง\nขโมยแอบเดินตามหลังคนของ มัตสึกาเนะที่กำลังเข้ามา
P0301-0642	พากย์ · speech_list_judge_main_c03	Ayabe (ช)		Once they were in the camera's blind spot,\nhe pistol-whipped the guy and knocked him out cold.	พอเข้าไปอยู่ในจุดบอดกล้อง\nมันก็ใช้ปืนตีหัวคนนั้นจนสลบไป
P0301-0643	พากย์ · speech_list_judge_main_c03	Ayabe (ช)	[อีกแทร็ก]	Then, once they were in the camera's blind spot,\nhe pistol-whipped the guy and knocked him out cold.	จากนั้นพอเข้าไปอยู่ในจุดบอดกล้อง\nมันก็ใช้ปืนตีหัวคนนั้นจนสลบไป
P0301-0644	พากย์ · speech_list_judge_main_c03	Ayabe (ช)		At the time, Kaito was the only one\nwatching over the office.	ตอนนั้นมีแต่ไคโตะคนเดียว\nที่เฝ้าสำนักงานอยู่
P0301-0645	พากย์ · speech_list_judge_main_c03	Ayabe (ช)		That's why the thief went in at 3 PM.\nBarely any guards to deal with.	เพราะแบบนั้น ขโมยเลยเลือกเข้าไปตอนบ่ายสาม\nแทบไม่มียามให้ต้องรับมือ
P0301-0646	พากย์ · speech_list_judge_main_c03	Ayabe (ช)	[อีกแทร็ก]	That's why the thief went in at 3 PM,\nwhen there were barely any guards to deal with.	เพราะแบบนั้น ขโมยเลยเลือกเข้าไปตอนบ่ายสาม\nตอนที่แทบไม่มียามให้ต้องรับมือ
P0301-0647	พากย์ · speech_list_judge_main_c03	Ayabe (ช)		All he had to do was point his gun\nat Kaito and get him to open the safe.	สิ่งที่มันต้องทำก็แค่จ่อปืน\nใส่ไคโตะแล้วบังคับให้เปิดเซฟ
P0301-0648	พากย์ · speech_list_judge_main_c03	Ayabe (ช)	[อีกแทร็ก]	And so, he pointed his gun at Kaito...\nand made him open the safe.	แล้วมันก็จ่อปืนใส่ไคโตะ...\nบังคับให้เปิดเซฟ
P0301-0649	พากย์ · speech_list_judge_main_c03	Ayabe (ช)		What would you do if a guy pointed a gun at your head,\nthen shot the ceiling to prove his point?	ถ้ามีคนจ่อปืนที่หัวมึง\nแล้วยิงเพดานเพื่อพิสูจน์ว่าพูดจริง มึงจะทำไง?
P0301-0650	พากย์ · speech_list_judge_main_c03	Ayabe (ช)	[อีกแทร็ก]	What would you do if a guy had you at gunpoint,\nthen took a shot at the ceiling?	ถ้ามีคนจ่อปืนใส่มึง\nแล้วยิงเพดานไปนัดนึง มึงจะทำไง?
P0301-0651	พากย์ · speech_list_judge_main_c03	Ayabe (ช)		Even a guy like him would freeze up under that kind\nof pressure. You really gonna chance playing hero?	ต่อให้เป็นคนอย่างเขาก็ต้อง แข็งทื่อไปกับแรงกดดัน\nแบบนั้น มึงจะเสี่ยงเล่นฮีโร่จริงๆ เหรอ?
P0301-0652	พากย์ · speech_list_judge_main_c03	Ayabe (ช)	[อีกแทร็ก]	Doesn't matter who you are.\nAnyone would freeze up under that kinda pressure.	ไม่ว่าจะเป็นใคร\nก็ต้องแข็งทื่อไปกับแรงกดดันแบบนั้น ทั้งนั้น
P0301-0653	พากย์ · speech_list_judge_main_c03	Ayabe (ช)		Once the safe was open, the thief smacked Kaito, too.\nKnocked him out just like the last guy.	พอเซฟเปิด ขโมยก็ตีไคโตะด้วย\nทำให้สลบไปเหมือนคนก่อนหน้า
P0301-0654	พากย์ · speech_list_judge_main_c03	Ayabe (ช)	[อีกแทร็ก]	Then, once the safe was open,\nthe thief knocked Kaito out cold.	จากนั้นพอเซฟเปิด\nขโมยก็ตีไคโตะจนสลบไป
P0301-0655	พากย์ · speech_list_judge_main_c03	Ayabe (ช)		And that's how the story ends.	เรื่องก็จบลงแค่นั้น
P0301-0656	พากย์ · speech_list_judge_main_c03	Ayabe (ช)	[อีกแทร็ก]	And that about sums it up.	สรุปก็ประมาณนี้แหละ
P0301-0657	พากย์ · speech_list_judge_main_c03	Ayabe (ช)		This guy was a pro.\nAnd consider this.	หมอนี่มืออาชีพ\nแล้วลองคิดดูนี่สิ
P0301-0658	พากย์ · speech_list_judge_main_c03	Ayabe (ช)	[อีกแทร็ก]	Yeah. Not only was this guy a pro...	เออ ไม่ใช่แค่หมอนี่มืออาชีพ...
P0301-0659	พากย์ · speech_list_judge_main_c03	Ayabe (ช)		If he didn't know when the office would be empty,\nhe'd never have been able to pull it off.	ถ้ามันไม่รู้ว่าสำนักงานจะว่างตอนไหน\nมันก็ทำแบบนี้ไม่สำเร็จหรอก
P0301-0660	พากย์ · speech_list_judge_main_c03	Ayabe (ช)		Clearly he had a contact on the inside.	เห็นชัดว่ามันมีสายในอยู่
P0301-0661	พากย์ · speech_list_judge_main_c03	Ayabe (ช)	[อีกแทร็ก]	Way I see it, this guy must have had\na contact on the inside.	ที่กูมองน่ะ หมอนี่\nต้องมีสายในแน่ๆ
P0301-0662	พากย์ · speech_list_judge_main_c03	Ayabe (ช)		Heh, thought you'd say that.	เฮ่อ รู้อยู่แล้วว่ามึงต้องพูดแบบนั้น
P0301-0663	พากย์ · speech_list_judge_main_c03	Ayabe (ช)	[อีกแทร็ก]	Heh. Thought you'd say that.	เฮ่อ รู้อยู่แล้วว่ามึงต้องพูดแบบนั้น
P0301-0664	พากย์ · speech_list_judge_main_c03	Ayabe (ช)		That was all just a warm-up.\nThis next bit is what's worth the 100 grand.	ที่พูดมาทั้งหมดแค่โหมโรงเฉยๆ\nต่อไปนี่แหละที่คุ้มกับเงินแสนนึง
P0301-0665	พากย์ · speech_list_judge_main_c03	Ayabe (ช)	[อีกแทร็ก]	See, everything I just told you was the leadup.\nThis next bit is what's worth the 100 grand.	ฟังนะ ที่กูเล่าไปทั้งหมดคือการปูเรื่องเฉยๆ\nต่อไปนี่แหละที่คุ้มกับเงินแสนนึง
P0301-0666	พากย์ · speech_list_judge_main_c03	Ayabe (ช)		So. I said Kaito was alone\nin the office, right?	เอาล่ะ กูบอกว่าไคโตะอยู่\nในสำนักงานคนเดียวใช่ไหม?
P0301-0667	พากย์ · speech_list_judge_main_c03	Ayabe (ช)	[อีกแทร็ก]	I said Kaito was alone\nin the office, right?	กูบอกว่าไคโตะอยู่\nในสำนักงานคนเดียวใช่ไหม?
P0301-0668	พากย์ · speech_list_judge_main_c03	Ayabe (ช)		Well... Turns out someone\nelse was there, too.	แต่จริงๆ แล้ว...มีอีกคน\nอยู่ที่นั่นด้วย
P0301-0669	พากย์ · speech_list_judge_main_c03	Ayabe (ช)	[อีกแทร็ก]	The truth is, there was someone else\nthere with him.	ความจริงคือ มีอีกคน\nอยู่กับเขาด้วย
P0301-0670	พากย์ · speech_list_judge_main_c03	Ayabe (ช)		He saw the whole thing go down, but Kaito's\nthe guy who took the proverbial bullet.	เขาเห็นเหตุการณ์ทั้งหมดเกิดขึ้น แต่ไคโตะ\nคือคนที่รับผิดแทน
P0301-0671	พากย์ · speech_list_judge_main_c03	Ayabe (ช)	[อีกแทร็ก]	He was right at the scene of the crime,\nand he saw the whole thing go down.	เขาอยู่ในที่เกิดเหตุพอดี\nแล้วเห็นทุกอย่างเกิดขึ้นกับตา
P0301-0672	พากย์ · speech_list_judge_main_c03	Yagami (ช)		Everything's so clear.\nThese are practically real case files.	ทุกอย่างชัดเจนมากเลย\nนี่แทบจะเป็นเอกสารคดีจริงๆ เลยนะ
P0301-0673	พากย์ · speech_list_judge_main_c03	Yagami (ช)		Someone's proud of himself.	ดูภูมิใจในตัวเองจังนะ
P0301-0674	พากย์ · speech_list_judge_main_c03	Kaito (ช)	[ใช้ร่วม]	Doubt it.	ไม่คิดว่าจะปรับนะ
P0301-0675	พากย์ · speech_list_judge_main_c03	Kaito (ช)	[อีกแทร็ก]	Not that I know of.	เท่าที่รู้ก็ไม่นะ
P0301-0676	พากย์ · speech_list_judge_main_c03	Yagami (ช)		<color=ｍonologue>(So the question is, how did the thief break in,\nget the money, <font_kind=yakuza_italic>and</font_kind> make it out?)</color> 	<color=ｍonologue>(คำถามคือ ขโมยมันบุกเข้ามา\nเอาเงินไป <font_kind=yakuza_italic>แล้ว</font_kind>ออกไปได้ยังไงกันแน่)</color> 
P0301-0677	พากย์ · speech_list_judge_main_c03	Yagami (ช)		But there was only one thief.\nWhy didn't Kaito-san fight back?	แต่มีขโมยแค่คนเดียว\nทำไมไคโตะซังถึงไม่สู้กลับล่ะ?
P0301-0678	พากย์ · speech_list_judge_main_c03	Yagami (ช)		<color=ｍonologue>(So he broke in specifically when nobody was around.\nBallsy, raiding a yakuza office with just a pistol.)</color> 	<color=ｍonologue>(แปลว่ามันจงใจบุกเข้ามาตอนไม่มี ใครอยู่\nกล้าจริงนะ ที่บุกสำนักงานยากูซ่าด้วยปืน กระบอกเดียว)</color> 
P0301-0679	พากย์ · speech_list_judge_main_c03	Ayabe (ช)		Sounds a little too well thought-out.	ฟังดูวางแผนมาดีเกินไปหน่อยนะ
P0301-0680	พากย์ · speech_list_judge_main_c03	Ayabe (ช)	[อีกแทร็ก]	A lot of planning went into this.\nMight even be a little too planned out.	มีการวางแผนมาเยอะเลย\nอาจจะวางแผนมาดีเกินไปด้วยซ้ำ
P0301-0681	พากย์ · speech_list_judge_main_c03	Yagami (ช)		Maybe, but still...	อาจจะใช่ แต่ถึงอย่างนั้น...
P0301-0682	พากย์ · speech_list_judge_main_c03	Yagami (ช)	[อีกแทร็ก]	I see your point, but...	เข้าใจที่นายพูดนะ แต่...
P0301-0683	พากย์ · speech_list_judge_main_c03	Yagami (ช)		I don't understand why Kaito-san reacted like that.\nNormally he'd have killed the guy or died trying.	ผมไม่เข้าใจว่าทำไมไคโตะซังถึง ทำแบบนั้น\nปกติแล้วเขาต้องฆ่าให้ตาย หรือไม่ก็ตายไปพร้อมกับสู้
P0301-0684	พากย์ · speech_list_judge_main_c03	Yagami (ช)	[อีกแทร็ก]	I don't get why Kaito-san reacted like that.\nNormally he'd put up way more of a fight.	ผมไม่เข้าใจว่าทำไมไคโตะซังถึง ทำแบบนั้น\nปกติเขาต้องสู้กลับหนักกว่านี้มาก
P0301-0685	พากย์ · speech_list_judge_main_c03	Ayabe (ช)		Kaito never did tell anyone else that Higashi\nfroze like a deer in the headlights.	ไคโตะไม่เคยบอกใครเลยว่าฮิงาชิ\nยืนตัวแข็งเหมือนโดนสะกดตอนนั้น
P0301-0686	พากย์ · speech_list_judge_main_c03	Ayabe (ช)	[อีกแทร็ก]	You can figure out the rest.\nKaito never told anyone about Higashi.	ที่เหลือมึงคงเดาออก\nไคโตะไม่เคยบอกใครเรื่องฮิงาชิเลย
P0301-0687	พากย์ · speech_list_judge_main_c03	Ayabe (ช)		Instead, he took the fall for the missing\n100 mil and got himself tossed out of the family.	แทนที่จะบอกใคร เขากลับรับผิดแทนเรื่องเงิน\nร้อยล้านที่หายไป จนโดนไล่ออกจากตระกูลไปเอง
P0301-0688	พากย์ · speech_list_judge_main_c03	Ayabe (ช)	[อีกแทร็ก]	He just took the fall for the missing 100 mil,\nand got himself kicked out.	เขารับผิดแทนเรื่องเงินร้อยล้าน ที่หายไปเฉยๆ\nแล้วก็โดนไล่ออกไป
P0301-0689	พากย์ · speech_list_judge_main_c03	Ayabe (ช)	[ใช้ร่วม]	Right?	ใช่มั้ยล่ะ?
P0301-0690	พากย์ · speech_list_judge_main_c03	Ayabe (ช)	[อีกแทร็ก]	Don't it?	ใช่ไหมล่ะ?
P0301-0691	พากย์ · speech_list_judge_main_c03	Ayabe (ช)		He chased the thief down\nand took it back.	เขาไล่ตามขโมยไป\nแล้วเอาเงินคืนมา
P0301-0692	พากย์ · speech_list_judge_main_c03	Ayabe (ช)	[อีกแทร็ก]	He chased the thief down,\nand <font_kind=yakuza_italic>took</font_kind> it back.	เขาไล่ตามขโมยไป\nแล้ว<font_kind=yakuza_italic>เอาคืน</font_kind>มาได้
P0301-0693	พากย์ · speech_list_judge_main_c03	Ayabe (ช)		Thought that'd get Kaito back into\nthe fold. Which it obviously didn't.	คิดว่าจะได้ไคโตะกลับเข้าตระกูล\nอีกครั้ง แต่เห็นได้ชัดว่าไม่เป็นแบบนั้น
P0301-0694	พากย์ · speech_list_judge_main_c03	Ayabe (ช)	[อีกแทร็ก]	Thought that'd get Kaito back into the fold,\nthough it obviously didn't.	คิดว่าจะได้ไคโตะกลับเข้าตระกูล อีกครั้ง\nแต่เห็นได้ชัดว่าไม่เป็นแบบนั้น
P0301-0695	พากย์ · speech_list_judge_main_c03	Ayabe (ช)		Thing is, he needed access to\nthe police database to search for faces.	แต่ปัญหาคือ เขาต้องใช้\nฐานข้อมูลตำรวจเพื่อค้นหาใบหน้า
P0301-0696	พากย์ · speech_list_judge_main_c03	Ayabe (ช)	[อีกแทร็ก]	Anyway, he wanted to use the police database\nto search for the guy's face.	ยังไงก็ตาม เขาอยากใช้ฐานข้อมูลตำรวจ\nค้นหาใบหน้าของมัน
P0301-0697	พากย์ · speech_list_judge_main_c03	Ayabe (ช)	[ใช้ร่วม] [ต้องกลางเพศ]	You think so?	คุณคิดงั้นจริงๆ เหรอ?
P0301-0698	พากย์ · speech_list_judge_main_c03	Ayabe (ช)	[อีกแทร็ก]	What makes you so sure?	อะไรทำให้มึงมั่นใจขนาดนั้น?
P0301-0699	พากย์ · speech_list_judge_main_c03	Ayabe (ช)		Haha, ding ding ding.	ฮ่าฮ่า ติ๊ง ติ๊ง ติ๊ง ถูกเผง
P0301-0700	พากย์ · speech_list_judge_main_c03	Ayabe (ช)	[อีกแทร็ก]	Pretty sharp.	คมนะเว้ย
P0301-0701	พากย์ · speech_list_judge_main_c03	Ayabe (ช)		Long story short, Higashi used\nthe database and found his man.	พูดสั้นๆ ก็คือฮิงาชิใช้ฐานข้อมูล\nตามหาตัวมันจนเจอ
P0301-0702	พากย์ · speech_list_judge_main_c03	Ayabe (ช)	[อีกแทร็ก]	Well, Higashi used the database\nand found his man.	เอาเป็นว่าฮิงาชิใช้ฐานข้อมูล\nตามหาตัวมันจนเจอ
P0301-0703	พากย์ · speech_list_judge_main_c03	Ayabe (ช)		A homeless guy living on the streets of Kamurocho.\nKnown around town as Red Nose.	คนไร้บ้านที่อยู่ตามท้องถนนในคามุโรโจ\nแถวนี้เรียกมันว่า จมูกแดง
P0301-0704	พากย์ · speech_list_judge_main_c03	Ayabe (ช)		Here, just sent you a pic. That's what he looked\nlike before his life went to shit.	นี่ เพิ่งส่งรูปให้นายไป นั่นแหละหน้าตามัน\nก่อนที่ชีวิตจะพังไม่เป็นท่า
P0301-0705	พากย์ · speech_list_judge_main_c03	Ayabe (ช)	[อีกแทร็ก]	Here, just sent you a photo. That's him\nbefore he was homeless, at least.	นี่ เพิ่งส่งรูปให้นายไป นั่นแหละตัวมัน\nก่อนจะมาเป็นคนไร้บ้านอย่างน้อย ก็ตอนนั้น
P0301-0706	พากย์ · speech_list_judge_main_c03	? (ช)		Not my name, don't ask me.	กูไม่ได้ตั้งชื่อนั้นให้มันนะ อย่าถามกู
P0301-0707	พากย์ · speech_list_judge_main_c03	? (ช)	[อีกแทร็ก]	Not my nickname, don't ask me.	กูไม่ได้ตั้งฉายานั้นให้มันนะ อย่าถามกู
P0301-0708	พากย์ · speech_list_judge_main_c03	Ayabe (ช)		Anyway, I think you know what came next.	ยังไงก็เถอะ ต่อจากนั้นนายก็คงเดาออก
P0301-0709	พากย์ · speech_list_judge_main_c03	Ayabe (ช)	[อีกแทร็ก]	Well, anyway...\nI think you know what came next.	เอาเป็นว่า...\nต่อจากนั้นนายก็คงเดาออก
P0301-0710	พากย์ · speech_list_judge_main_c03	Ayabe (ช)		Ain't that funny? Meanwhile Higashi's shooting up\nthe ranks. Guess he got on Hamura's good side.	ตลกดีใช่ไหมล่ะ ในขณะที่ฮิงาชิไต่เต้าขึ้น\nเรื่อยๆ คงเข้าตาฮามุระพอดี
P0301-0711	พากย์ · speech_list_judge_main_c03	Ayabe (ช)	[อีกแทร็ก]	Higashi's climbed the ranks in the meantime, though.\nAll that work got him on the captain's good side.	แต่ในระหว่างนั้นฮิงาชิก็ ไต่เต้าขึ้นเรื่อยๆ\nทำงานหนักจนเข้าตากัปตัน
P0301-0712	พากย์ · speech_list_judge_main_c03	? (ช)		Haven't heard a peep about him.\nAnd I'm keen to keep it that way.	ไม่ได้ยินข่าวคราวมันเลยสักแอะ\nและกูก็อยากให้มันเป็นแบบนี้ต่อไป
P0301-0713	พากย์ · speech_list_judge_main_c03	? (ช)	[อีกแทร็ก]	Higashi never talked much about him.\nI wasn't too keen on asking, either.	ฮิงาชิไม่ค่อยพูดถึงมันเท่าไหร่\nกูเองก็ไม่ค่อยอยากถามอยู่แล้ว
P0301-0714	พากย์ · speech_list_judge_main_c03	Ayabe (ช)	[ใช้ร่วม]	Beats me.	ไม่รู้เหมือนกัน
P0301-0715	พากย์ · speech_list_judge_main_c03	Ayabe (ช)		Well? How was it?\nWorth the hundred Gs?	แล้วไง? เป็นไงบ้าง\nคุ้มกับเงินแสนที่จ่ายไปไหม?
P0301-0716	พากย์ · speech_list_judge_main_c03	Ayabe (ช)	[อีกแทร็ก]	So how was it?\nWorth the hundred Gs?	เอาล่ะ เป็นไงบ้าง\nคุ้มกับเงินแสนที่จ่ายไปไหม?
P0301-0717	พากย์ · speech_list_judge_main_c03	Yagami (ช)		Tch, why am I not surprised? That sounds\nexactly like what Kaito-san would do.	ชิ ทำไมผมถึงไม่แปลกใจเลยนะ นั่นมันเหมือน\nสิ่งที่ไคโตะซังจะทำเป๊ะๆ เลย
P0301-0718	พากย์ · speech_list_judge_main_c03	Yagami (ช)	[อีกแทร็ก]	Everything makes more sense now... And yeah.\nThat sounds like Kaito-san.	ตอนนี้ทุกอย่างเข้าใจได้มากขึ้น เยอะเลย...แล้วก็ใช่\nนั่นมันเหมือนไคโตะซังจริงๆ
P0301-0719	พากย์ · speech_list_judge_main_c03	Yagami (ช)		But what happened next? How did Higashi\nget the money back? It couldn't have been easy.	แต่หลังจากนั้นเกิดอะไรขึ้น? ฮิงาชิ\nเอาเงินคืนมาได้ยังไง? มันคงไม่ง่ายแน่ๆ
P0301-0720	พากย์ · speech_list_judge_main_c03	Yagami (ช)	[อีกแทร็ก]	But what happened next? Higashi got that 100 million\nback somehow. What did he do?	แต่หลังจากนั้นเกิดอะไรขึ้น? ฮิงาชิเอาเงินร้อยล้าน\nคืนมาได้ยังไง? เขาทำอะไรลงไป?
P0301-0721	พากย์ · speech_list_judge_main_c03	Yagami (ช)		<color=ｍonologue>(The police database? That means...)</color> 	<color=ｍonologue>(ฐานข้อมูลตำรวจ? นั่นแปลว่า...)</color> 
P0301-0722	พากย์ · speech_list_judge_main_c03	Yagami (ช)		I see it now. That's why\nyou know what you do, huh?	เข้าใจแล้ว นั่นแหละคือเหตุผล\nที่นายรู้เรื่องพวกนี้สินะ?
P0301-0723	พากย์ · speech_list_judge_main_c03	Yagami (ช)	[อีกแทร็ก]	I get it. So... that's when Higashi\nwent to you.	เข้าใจแล้ว ถ้างั้น...ตอนนั้นเอง\nที่ฮิงาชิมาหานาย
P0301-0724	พากย์ · speech_list_judge_main_c03	Yagami (ช)		That's the only way you'd know about this case.\nThey never filed a police report, after all.	มันเป็นทางเดียวที่นายจะรู้ เรื่องคดีนี้ได้\nในเมื่อไม่เคยมีการแจ้งความไว้เลย
P0301-0725	พากย์ · speech_list_judge_main_c03	Yagami (ช)		<color=ｍonologue>(...This is Red Nose?)</color> 	<color=ｍonologue>(...นี่นะจมูกแดง?)</color> 
P0301-0726	พากย์ · speech_list_judge_main_c03	Yagami (ช)		I don't think his nose is all that red.	ผมว่าจมูกมันก็ไม่ได้แดงขนาดนั้นนะ
P0301-0727	พากย์ · speech_list_judge_main_c03	Yagami (ช)	[อีกแทร็ก]	Huh. Is his nose really that red?	แหะ จมูกมันแดงขนาดนั้นเลยเหรอ
P0301-0728	พากย์ · speech_list_judge_main_c03	Ayabe (ช)		He tracked Red Nose down and took the money back.\nBut Kaito-san's still out in the cold.	มันตามล่าจมูกแดงจนเจอ แล้วเอาเงินคืนมาได้\nแต่ไคโตะซังก็ยังโดนลอยแพเหมือนเดิม
P0301-0729	พากย์ · speech_list_judge_main_c03	Yagami (ช)		And Red Nose?	แล้วจมูกแดงล่ะ?
P0301-0730	พากย์ · speech_list_judge_main_c03	Yagami (ช)	[อีกแทร็ก]	And Red Nose? Where'd he go?	แล้วจมูกแดงล่ะ หายไปไหน?
P0301-0731	พากย์ · speech_list_judge_main_c03	Yagami (ช)		Higashi didn't... kill him, did he?	ฮิงาชิไม่ได้... ฆ่ามันใช่ไหม?
P0301-0732	พากย์ · speech_list_judge_main_c03	Yagami (ช)	[อีกแทร็ก]	You don't think Higashi... killed him, do you?	นายไม่คิดว่าฮิงาชิ... ฆ่ามันใช่ไหม?
P0301-0733	พากย์ · speech_list_judge_main_c03	Yagami (ช)		A year ago, Higashi must have turned the city\nupside down looking for Red Nose...	เมื่อปีก่อนฮิงาชิคงพลิกเมือง ทั้งเมือง\nตามหาจมูกแดงจนทั่ว...
P0301-0734	พากย์ · speech_list_judge_main_c03	Yagami (ช)	[อีกแทร็ก]	Back then... Higashi must have scoured the city to\ntrack down Red Nose. Probably asked the homeless.	ตอนนั้น... ฮิงาชิคงกวาดล้างทั้งเมือง\nเพื่อตามล่าจมูกแดง คงถามพวกคนไร้บ้านด้วย
P0301-0735	พากย์ · speech_list_judge_main_c03	Yagami (ช)		If a guy like him could\npull that off, so can I.	ถ้าคนแบบมันยังทำได้\nผมก็ต้องทำได้เหมือนกัน
P0301-0736	พากย์ · speech_list_judge_main_c03	Yagami (ช)	[อีกแทร็ก]	...If he can do it, so can I.\nRed Nose, huh...?	...ถ้ามันทำได้ ผมก็ต้องทำได้เหมือนกัน\nจมูกแดงสินะ...?
P0301-0737	พากย์ · speech_list_judge_main_c03	Yagami (ช)		(I need to figure out if Red Nose is still alive.\nMaybe the homeless people around town would know more...) 	(ผมต้องหาให้ได้ว่าจมูกแดงยัง มีชีวิตอยู่ไหม\nบางทีพวกคนไร้บ้านแถวนี้อาจจะ รู้อะไรมากกว่านี้...) 
P0301-0738	พากย์ · speech_list_judge_main_c03	Homeless (ช)		Red Nose? \nThat homeless guy?	จมูกแดงเหรอ?\nไอ้คนไร้บ้านคนนั้นน่ะเหรอ?
P0301-0739	พากย์ · speech_list_judge_main_c03	Homeless (ช)	[อีกแทร็ก]	And you're asking me?\nHe homeless, too?	แล้วมาถามฉันทำไม?\nฉันก็คนไร้บ้านเหมือนกันนะ?
P0301-0740	พากย์ · speech_list_judge_main_c03	Homeless (ช)		Yeah, I know him.\nAin't seen him in at least a year, though.	อือ รู้จักอยู่\nแต่ไม่เจอหน้ามันมาเป็นปีแล้วนะ
P0301-0741	พากย์ · speech_list_judge_main_c03	Homeless (ช)	[อีกแทร็ก]	...Yeah, I know him.\nHaven't seen him for about a year, though.	...อือ รู้จักอยู่\nแต่ไม่เจอหน้ามันมาสักปีแล้วนะ
P0301-0742	พากย์ · speech_list_judge_main_c03	Homeless (ช)	[ใช้ร่วม] [ต้องกลางเพศ]	Nope.	เปล่า
P0301-0743	พากย์ · speech_list_judge_main_c03	Homeless (ช)	[อีกแทร็ก]	Don't think so.	คงไม่รู้หรอก
P0301-0744	พากย์ · speech_list_judge_main_c03	Homeless (ช)		Nah, I really don't know. \nGo bug someone else.	ไม่ ฉันไม่รู้จริงๆ\nไปกวนใจคนอื่นเถอะ
P0301-0745	พากย์ · speech_list_judge_main_c03	Homeless (ช)	[อีกแทร็ก]	Nah, I seriously don't know.\nGo bug someone else.	ไม่ ฉันไม่รู้จริงๆ นะ\nไปกวนใจคนอื่นเถอะ
P0301-0746	พากย์ · speech_list_judge_main_c03	Homeless (ช)		Depends.\nWhaddya want?	แล้วแต่เรื่อง\nอยากได้อะไรล่ะ
P0301-0747	พากย์ · speech_list_judge_main_c03	Homeless (ช)	[อีกแทร็ก]	Mm? Whaddaya want?	อือ? อยากได้อะไร
P0301-0748	พากย์ · speech_list_judge_main_c03	Homeless (ช)		Red Nose?\nNever heard of him.	จมูกแดงเหรอ?\nไม่เคยได้ยินชื่อนี้เลย
P0301-0749	พากย์ · speech_list_judge_main_c03	Homeless (ช)		But, maybe my friends'd\nknow something.	แต่เพื่อนฉันอาจจะ\nรู้อะไรบ้างก็ได้
P0301-0750	พากย์ · speech_list_judge_main_c03	Homeless (ช)		You bet.\nMight take some time, though.	ได้สิ\nแต่อาจจะใช้เวลาหน่อยนะ
P0301-0751	พากย์ · speech_list_judge_main_c03	Homeless (ช)		If you say so.\nOh, and in return...	ถ้านายว่างั้นก็ได้\nอ้อ แล้วเป็นการแลกเปลี่ยนนะ...
P0301-0752	พากย์ · speech_list_judge_main_c03	Homeless (ช)		I've got this thing called a Play Pass.\nYou mind taking a shot at it?	ฉันมีของอยู่ชิ้นหนึ่งเรียกว่า เพลย์พาส\nนายลองเล่นให้หน่อยได้ไหม
P0301-0753	พากย์ · speech_list_judge_main_c03	Homeless (ช)	[อีกแทร็ก]	Say, buddy, you mind using\nthis Play Pass for a bit?	นี่เพื่อน ช่วยเอาเพลย์พาสนี่\nไปเล่นให้หน่อยได้ไหม
P0301-0754	พากย์ · speech_list_judge_main_c03	Homeless (ช)		It's for a new game this bigshot committee just opened.\nThey call it Dice & Cube over at Paradise VR.	มันเป็นเกมใหม่ที่คณะกรรมการ ใหญ่เพิ่งเปิดตัว\nเขาเรียกว่า Dice & Cube ที่ Paradise VR
P0301-0755	พากย์ · speech_list_judge_main_c03	Homeless (ช)	[อีกแทร็ก]	It's for a new game this bigshot Kamurocho committee\njust started. They call it VR Dice & Cube.	มันเป็นเกมใหม่ที่คณะกรรมการ ใหญ่ของคามุโรโจ\nเพิ่งเปิดตัว เขาเรียกว่า VR Dice & Cube
P0301-0756	พากย์ · speech_list_judge_main_c03	Homeless (ช)		It's uh, some kinda fancy board game. You wear\nstupid glasses, you roll dice... Heck if I know.	มันก็เอ่อ... เกมกระดานหรูๆ อะไรสักอย่าง ใส่\nแว่นบ้าบอ ทอยลูกเต๋า... ฉันเองก็ไม่รู้หรอก
P0301-0757	พากย์ · speech_list_judge_main_c03	Homeless (ช)	[อีกแทร็ก]	It's, uh... some kinda interactive experience thing?\nY'know Suguroku, the board game? Like that, but life-size.	มันก็เอ่อ... เกมอินเตอร์แอกทีฟอะไรสักอย่าง\nรู้จักซุโกโรกุไหม เกมกระดานน่ะ คล้ายๆ งั้น แต่ตัวเป็นๆ เลย
P0301-0758	พากย์ · speech_list_judge_main_c03	Homeless (ช)		It's over on Theater Alley, and you need\none of the Play Passes to get in.	มันอยู่แถวเธียเตอร์อัลเลย์ ต้องมี\nเพลย์พาสถึงจะเข้าไปได้
P0301-0759	พากย์ · speech_list_judge_main_c03	Homeless (ช)	[อีกแทร็ก]	They'll let ya give it a shot over on Theater Alley\nif you've got one o' them Play Passes.	ถ้ามีเพลย์พาสสักใบ เขาจะให้นายลองเล่น\nได้ที่เธียเตอร์อัลเลย์
P0301-0760	พากย์ · speech_list_judge_main_c03	Homeless (ช)		I hear they got some pretty\nnice prizes if you win, too.	ได้ยินมาว่าถ้าชนะ\nจะได้ของรางวัลดีๆ ด้วยนะ
P0301-0761	พากย์ · speech_list_judge_main_c03	Homeless (ช)	[อีกแทร็ก]	I hear you can rake in the prizes\nif you manage to win, too.	ได้ยินมาว่าถ้าเอาชนะได้\nจะกวาดรางวัลได้เพียบเลยนะ
P0301-0762	พากย์ · speech_list_judge_main_c03	Homeless (ช)		But my legs are shot to shit.\nNo VR for this hobo.	แต่ขาฉันมันพังไม่เป็นท่าแล้ว\nคนไร้บ้านอย่างฉันคงไม่มีลุ้น VR หรอก
P0301-0763	พากย์ · speech_list_judge_main_c03	Homeless (ช)	[อีกแทร็ก]	My legs're kinda shot, though, as you can see.\nNo playtime for this hobo.	ขาฉันมันไม่ค่อยดีแล้ว เห็นๆ อยู่\nคนไร้บ้านอย่างฉันคงไม่มีโอกาส ได้เล่นหรอก
P0301-0764	พากย์ · speech_list_judge_main_c03	Homeless (ช)		I got a few friends who've tried,\nbut it sounds like they're all havin' trouble.	เพื่อนฉันบางคนก็เคยลองแล้ว\nแต่ฟังดูเหมือนทุกคนจะเจอปัญหากันหมด
P0301-0765	พากย์ · speech_list_judge_main_c03	Homeless (ช)		Sooo, I want you to get a prize for me.\nYoung guy like you can do it no problem. Whaddya say?	เอาล่ะ ฉันอยากให้นายไปเอารางวัลมาให้หน่อย\nหนุ่มแน่นแบบนายทำได้สบายมากอยู่แล้ว ว่าไง?
P0301-0766	พากย์ · speech_list_judge_main_c03	Homeless (ช)	[อีกแทร็ก]	You're a strapping young fella, so it'll be easy for you.\nGo win a little prize for me, huh? Whaddya say?	นายหนุ่มแน่นแข็งแรงแบบนี้ ทำได้ชิลๆ อยู่แล้ว\nไปคว้ารางวัลสักชิ้นมาให้ฉันหน่อยนะ ว่าไง?
P0301-0767	พากย์ · speech_list_judge_main_c03	Homeless (ช)		Thanks a million, buddy. I'll ask around\nabout your Red Nose in the meantime.	ขอบใจมากๆ เลยเพื่อน ระหว่างนี้ฉันจะ\nลองถามเรื่องจมูกแดงของนายดูให้
P0301-0768	พากย์ · speech_list_judge_main_c03	Homeless (ช)	[อีกแทร็ก]	Great! In that case, I'll ask around\nand see if anyone knows your guy.	เยี่ยม! งั้นฉันจะลองถามดู\nว่ามีใครรู้จักคนที่นายตามหาไหม
P0301-0769	พากย์ · speech_list_judge_main_c03	Homeless (ช)	[ใช้ร่วม] [ต้องกลางเพศ]	Go on.	ว่ามาเลย
P0301-0770	พากย์ · speech_list_judge_main_c03	Homeless (ช)		Nope, not ringing a bell.\nI only just moved to this part o' town.	ไม่รู้จักเลยนะ\nฉันเพิ่งย้ายมาแถวนี้เอง
P0301-0771	พากย์ · speech_list_judge_main_c03	Homeless (ช)		Whaddya want?	อยากได้อะไรล่ะ
P0301-0772	พากย์ · speech_list_judge_main_c03	Yagami (ช)		You call that a red nose?\nI sure as hell don't.	นั่นน่ะเหรอเรียกว่าจมูกแดง?\nผมว่าไม่เห็นจะแดงตรงไหนเลย
P0301-0773	พากย์ · speech_list_judge_main_c03	Yagami (ช)	[อีกแทร็ก]	Red Nose?\nShit doesn't look red to me.	จมูกแดงเหรอ?\nผมว่ามันไม่เห็นจะแดงเลยสักนิด
P0301-0774	พากย์ · speech_list_judge_main_c03	Homeless (ช)		Never seen him. Now fuck off, yeah?	ไม่เคยเห็นหน้ามันเลย ไปให้พ้นเลยว่ะ
P0301-0775	พากย์ · speech_list_judge_main_c03	Homeless (ช)	[อีกแทร็ก]	Never seen the guy.\nNow fuck off, yeah?	ไม่เคยเห็นหน้ามันเลย\nไปให้พ้นเลยว่ะ
P0301-0776	พากย์ · speech_list_judge_main_c03	Homeless (ช)		Not interested, sorry.	ไม่สนใจหรอก ขอโทษด้วยนะ
P0301-0777	พากย์ · speech_list_judge_main_c03	Homeless (ช)		Oh... Suppose he looks familiar.	อ๋อ... หน้าตาคุ้นๆ อยู่เหมือนกันนะ
P0301-0778	พากย์ · speech_list_judge_main_c03	Homeless (ช)	[อีกแทร็ก]	Hm... Looks familiar, yeah.	อืม... หน้าตาคุ้นๆ อยู่นะ
P0301-0779	พากย์ · speech_list_judge_main_c03	Homeless (ช)		Haven't seen him in ages, man.\nI'd guess he skipped town, or worse.	ไม่เจอหน้ามันมานานมากแล้วพวก\nฉันเดาว่าคงหนีออกนอกเมืองไปแล้ว หรือไม่ก็แย่กว่านั้น
P0301-0780	พากย์ · speech_list_judge_main_c03	Homeless (ช)	[อีกแทร็ก]	Not a one. Haven't seen him in ages.\nBet he skipped town or some shit.	ไม่รู้เลยสักนิด ไม่เจอหน้ามันมานานแล้ว\nคงหนีออกนอกเมืองไปแล้วมั้ง หรือไม่ก็เรื่องแย่ๆ
P0301-0781	พากย์ · speech_list_judge_main_c03	Yagami (ช)		Hello, do you have a second?	สวัสดีครับ ขอเวลาสักครู่ได้ไหม
P0301-0782	พากย์ · speech_list_judge_main_c03	Yagami (ช)	[อีกแทร็ก] [ใช้ร่วม]	Hey, do you have a second?	นี่ครับ ขอเวลาสักครู่ได้ไหม
P0301-0783	พากย์ · speech_list_judge_main_c03	Yagami (ช)		I'm looking for a man\nnamed Red Nose.	ผมกำลังตามหาผู้ชาย\nที่ชื่อจมูกแดงอยู่ครับ
P0301-0784	พากย์ · speech_list_judge_main_c03	Yagami (ช)		Any idea where he went?	พอจะรู้ไหมว่ามันไปไหน?
P0301-0785	พากย์ · speech_list_judge_main_c03	Yagami (ช)		...Maybe a drink will\njog your memory?	...หรือถ้าได้ดื่มสักแก้ว\nอาจจะช่วยให้นึกออกก็ได้นะ?
P0301-0786	พากย์ · speech_list_judge_main_c03	Yagami (ช)	[อีกแทร็ก]	Maybe a drink will\njog your memory?	ถ้าได้ดื่มสักแก้ว\nอาจจะช่วยให้นึกออกไหม?
P0301-0787	พากย์ · speech_list_judge_main_c03	Yagami (ช)		Sorry, can I ask you something?	ขอโทษนะครับ ถามอะไรหน่อยได้ไหม
P0301-0788	พากย์ · speech_list_judge_main_c03	Yagami (ช)	[อีกแทร็ก] [ใช้ร่วม]	Do you have a sec?	มีเวลาสักครู่มั้ยครับ?
P0301-0789	พากย์ · speech_list_judge_main_c03	Yagami (ช)	[ซ้ำในบท x2]	I'm looking for someone.\nMan by the name of Red Nose.	ผมกำลังตามหาใครคนหนึ่งอยู่ครับ\nผู้ชายที่ชื่อจมูกแดง
P0301-0790	พากย์ · speech_list_judge_main_c03	Yagami (ช)		Nothing, huh?	ไม่รู้จักเลยเหรอครับ
P0301-0791	พากย์ · speech_list_judge_main_c03	Yagami (ช)	[อีกแทร็ก] [ใช้ร่วม] [ต้องกลางเพศ]	Right.	ใช่
P0301-0792	พากย์ · speech_list_judge_main_c03	Yagami (ช)		Can you ask them?	ช่วยถามให้หน่อยได้ไหมครับ
P0301-0793	พากย์ · speech_list_judge_main_c03	Yagami (ช)		That's all right.\nI can wait.	ไม่เป็นไรครับ\nผมรอได้
P0301-0794	พากย์ · speech_list_judge_main_c03	Yagami (ช)		...Come again?	...ว่าไงนะครับ?
P0301-0795	พากย์ · speech_list_judge_main_c03	Yagami (ช)	[ใช้ร่วม] [ต้องกลางเพศ]	Which is what?	อะไรล่ะ?
P0301-0796	พากย์ · speech_list_judge_main_c03	Yagami (ช)		Huh, this town's crazy sometimes.	แหะ เมืองนี้บางทีก็บ้าบอดีแท้
P0301-0797	พากย์ · speech_list_judge_main_c03	Yagami (ช)	[อีกแทร็ก]	Huh. Never knew that\nkinda thing existed.	แหะ ไม่เคยรู้เลยว่า\nมีของแบบนี้อยู่ด้วย
P0301-0798	พากย์ · speech_list_judge_main_c03	Yagami (ช)		Yeah, I guess you'd still\nhave to move around.	อือ นายคงต้อง\nขยับตัวเยอะเหมือนกันสินะ
P0301-0799	พากย์ · speech_list_judge_main_c03	Yagami (ช)	[อีกแทร็ก]	Right, it would be tough\nfor you to move around.	ครับ คงลำบากสำหรับนาย\nที่ต้องขยับตัวไปมา
P0301-0800	พากย์ · speech_list_judge_main_c03	Yagami (ช)		Sounds interesting... All right.\nYou wait here. I'll go win you that prize.	ฟังดูน่าสนใจดี... ก็ได้\nรอตรงนี้นะครับ ผมจะไปคว้ารางวัลมาให้
P0301-0801	พากย์ · speech_list_judge_main_c03	Yagami (ช)	[อีกแทร็ก]	Sounds interesting... All right.\nYou wait here, and I'll go win you that prize.	ฟังดูน่าสนใจดี... ก็ได้\nรอตรงนี้นะครับ แล้วผมจะไปคว้ารางวัลมาให้
P0301-0802	พากย์ · speech_list_judge_main_c03	Yagami (ช)		Sorry, mind if I ask you a question?	ขอโทษนะครับ ถามอะไรหน่อยได้ไหม
P0301-0803	พากย์ · speech_list_judge_main_c03	Yagami (ช)		Do you know a homeless guy named Red Nose?\nHear he lives around here.	รู้จักคนไร้บ้านที่ชื่อจมูกแดงไหมครับ\nได้ยินมาว่าเขาอยู่แถวนี้
P0301-0804	พากย์ · speech_list_judge_main_c03	Yagami (ช)	[อีกแทร็ก]	Do you know a guy by the name of Red Nose?\nHear he's a homeless guy based around here.	รู้จักคนที่ชื่อจมูกแดงไหมครับ\nได้ยินมาว่าเป็นคนไร้บ้าน ที่อยู่แถวนี้
P0301-0805	พากย์ · speech_list_judge_main_c03	Yagami (ช)		Oh, okay.\nSorry to bother you.	อ๋อ ครับ\nขอโทษที่รบกวนนะครับ
P0301-0806	พากย์ · speech_list_judge_main_c03	Yagami (ช)		Do you have a minute, sir?	ขอเวลาสักครู่ได้ไหมครับ
P0301-0807	พากย์ · speech_list_judge_main_c03	Homeless (ช)		I thought the same thing. Guess that's\nwhat his friends call him, though.	ฉันก็คิดแบบนั้นเหมือนกัน แต่เพื่อนๆ มัน\nก็เรียกกันแบบนี้แหละนะ
P0301-0808	พากย์ · speech_list_judge_main_c03	Homeless (ช)	[อีกแทร็ก]	I know, right? Guess that's what his\nfriends call him, though.	ใช่เลยใช่ไหมล่ะ แต่เพื่อนๆ มัน\nก็เรียกกันแบบนี้แหละนะ
P0301-0809	พากย์ · speech_list_judge_main_c03	Yagami (ช)		Damn, guy.	โห แรงจัง
P0301-0810	พากย์ · speech_list_judge_main_c03	Yagami (ช)	[อีกแทร็ก] [ใช้ร่วม] [ต้องกลางเพศ] [ซ้ำในบท x2]	...Right.	...ใช่
P0301-0811	พากย์ · speech_list_judge_main_c03	Yagami (ช)		Excuse me, can I ask you something?	ขอโทษนะครับ ถามอะไรหน่อยได้ไหม
P0301-0812	พากย์ · speech_list_judge_main_c03	Yagami (ช)		It won't be long, please.\nDo you know a man named Red Nose?	ไม่นานหรอกครับ ขอร้องล่ะ\nรู้จักคนที่ชื่อจมูกแดงไหม?
P0301-0813	พากย์ · speech_list_judge_main_c03	Yagami (ช)	[อีกแทร็ก]	Please, I swear I won't be long.\nDo you know a man that people call Red Nose?	ขอร้องล่ะครับ ไม่นานจริงๆ\nรู้จักคนที่คนเขาเรียกกันว่า จมูกแดงไหม?
P0301-0814	พากย์ · speech_list_judge_main_c03	Yagami (ช)	[ใช้ร่วม]	Any idea where he is?	พอจะรู้ไหมว่าตอนนี้เขาอยู่ไหน?
P0301-0815	พากย์ · speech_list_judge_main_c03	Yagami (ช)	[อีกแทร็ก]	So, any idea where he is?	แล้วพอจะรู้ไหมว่าเขาอยู่ไหน?
P0301-0816	พากย์ · speech_list_judge_main_c03	Yagami (ช)		Oh. Thanks.	อ๋อ ขอบคุณครับ
P0301-0817	พากย์ · speech_list_judge_main_c03	Yagami (ช)	[อีกแทร็ก] [ใช้ร่วม] [ต้องกลางเพศ]	I see.	เข้าใจแล้ว
P0301-0818	พากย์ · speech_list_judge_main_c03	Yagami (ช)		(Great. Now to give this to the homeless guy\nand figure out where Red Nose is.)	(เยี่ยม ทีนี้ก็เอาไปให้คนไร้บ้านคนนั้น\nแล้วหาให้เจอว่าจมูกแดงอยู่ไหน)
P0301-0819	พากย์ · speech_list_judge_main_c03	Yagami (ช)		(Too bad. Guess I should report back\nto the homeless guy.) 	(แย่จัง คงต้องกลับไปบอก\nคนไร้บ้านคนนั้นตามตรง) 
P0301-0820	พากย์ · speech_list_judge_main_c03	Homeless (ช)		Hey pal, how'd it go?\nGet me one of those sweet VR prizes?	เฮ้เพื่อน เป็นไงบ้าง?\nได้ของรางวัล VR เจ๋งๆ มาให้ฉันไหม?
P0301-0821	พากย์ · speech_list_judge_main_c03	Homeless (ช)	[อีกแทร็ก]	Hey, pal! How'd it go?\nYou win me that sweet VR prize?	เฮ้เพื่อน! เป็นไงบ้าง?\nคว้ารางวัล VR เจ๋งๆ มาให้ฉันได้ไหม?
P0301-0822	พากย์ · speech_list_judge_main_c03	Homeless (ช)		Whoa, for real? I wasn't expectin'\nyou to actually win!	โห จริงดิ? ไม่นึกเลยว่า\nนายจะเอาชนะได้จริงๆ!
P0301-0823	พากย์ · speech_list_judge_main_c03	Homeless (ช)	[อีกแทร็ก]	Whoa, for real?\nI wasn't expectin' you to actually win!	โห จริงดิ?\nไม่นึกเลยว่านายจะเอาชนะได้จริงๆ!
P0301-0824	พากย์ · speech_list_judge_main_c03	Homeless (ช)		You couldn't do it, huh?\nOh well, sorry for borrowing your legs.	ทำไม่ได้เหรอ?\nช่างเถอะ ขอโทษที่ยืมขานายไปใช้นะ
P0301-0825	พากย์ · speech_list_judge_main_c03	Homeless (ช)	[อีกแทร็ก]	What, you couldn't do it?\nMeh, fine. Sorry for borrowing your legs.	หา ทำไม่ได้เหรอ?\nช่างเถอะ ขอโทษที่ยืมขานายไปใช้นะ
P0301-0826	พากย์ · speech_list_judge_main_c03	Homeless (ช)		Anyways, I asked around\nabout your Red Nose fella.	เอาล่ะ ฉันลองถามๆ\nเรื่องเจ้าจมูกแดงของนายดูแล้ว
P0301-0827	พากย์ · speech_list_judge_main_c03	Homeless (ช)	[อีกแทร็ก]	Anyways, I asked around for you,\ntrying to find out about your Red Nose fella.	เอาล่ะ ฉันลองถามให้นาย\nเรื่องเจ้าจมูกแดงของนายดูแล้ว
P0301-0828	พากย์ · speech_list_judge_main_c03	Homeless (ช)		Still dunno where he is,\nbut I did find who might.	ยังไม่รู้ว่ามันอยู่ไหน\nแต่เจอคนที่อาจจะรู้แล้ว
P0301-0829	พากย์ · speech_list_judge_main_c03	Homeless (ช)	[อีกแทร็ก]	Didn't really have much luck.\nBut I did find someone who might have more clues.	ไม่ค่อยได้เรื่องเท่าไหร่หรอก\nแต่เจอคนที่อาจจะมีเบาะแสมากกว่านี้
P0301-0830	พากย์ · speech_list_judge_main_c03	Homeless (ช)		Least that's what they told me.\nOh, and speak of the devil.	อย่างน้อยเขาก็บอกฉันแบบนั้น\nอ้อ พูดถึงก็มาพอดี
P0301-0831	พากย์ · speech_list_judge_main_c03	tegakari_homeless (ช)		You're the one looking\nfor that homeless guy, yeah?	นายนี่แหละสินะที่ตามหา\nคนไร้บ้านคนนั้น?
P0301-0832	พากย์ · speech_list_judge_main_c03	tegakari_homeless (ช)	[อีกแทร็ก]	Hey. You're the one looking for\nthat homeless guy, yeah?	นี่ นายนี่แหละสินะที่ตามหา\nคนไร้บ้านคนนั้น?
P0301-0833	พากย์ · speech_list_judge_main_c03	Yagami (ช)		You find him?	เจอเขาไหมครับ?
P0301-0834	พากย์ · speech_list_judge_main_c03	tegakari_homeless (ช)		Try headin' over to the Children's Park, then.\nSome volunteers're handing out free food.	งั้นลองไปที่สวนเด็กดูสิ\nมีอาสาสมัครแจกอาหารฟรีอยู่
P0301-0835	พากย์ · speech_list_judge_main_c03	tegakari_homeless (ช)	[อีกแทร็ก]	Okay... Try headin' over to the Children's Park, then.\nSome volunteers're handing out free food.	โอเค... งั้นลองไปที่สวนเด็กดูสิ\nมีอาสาสมัครแจกอาหารฟรีอยู่
P0301-0836	พากย์ · speech_list_judge_main_c03	tegakari_homeless (ช)		All the hungry homeless\nof Kamurocho'll be there.	พวกคนไร้บ้านที่หิวโหย\nในคามุโรโจคงไปรวมตัวกันที่นั่นแหละ
P0301-0837	พากย์ · speech_list_judge_main_c03	tegakari_homeless (ช)		Eh, don't mention it. Seeya.	เอ้อ ไม่ต้องขอบคุณหรอก แล้วเจอกัน
P0301-0838	พากย์ · speech_list_judge_main_c03	tegakari_homeless (ช)	[อีกแทร็ก]	Eh, don't mention it.\nSeeya.	เอ้อ ไม่ต้องขอบคุณหรอก\nแล้วเจอกัน
P0301-0839	พากย์ · speech_list_judge_main_c03	Yagami (ช)		Piece of cake.	ง่ายเหมือนปอกกล้วย
P0301-0840	พากย์ · speech_list_judge_main_c03	Yagami (ช)	[อีกแทร็ก] [ใช้ร่วม]	Sure did.	ใช่เลย
P0301-0841	พากย์ · speech_list_judge_main_c03	Kaito (ช)	[ใช้ร่วม] [ซ้ำในบท x2]	Yeah?	ว่าไง?
P0301-0842	พากย์ · speech_list_judge_main_c03	tegakari_homeless (ช)	[ใช้ร่วม]	No, not yet.	ยังไม่เจอเลย
P0301-0843	พากย์ · speech_list_judge_main_c03	Yagami (ช)		Thanks for the tip.	ขอบคุณสำหรับข้อมูลนะครับ
P0301-0844	พากย์ · speech_list_judge_main_c03	Yagami (ช)	[อีกแทร็ก]	Really... Thanks for the tip.	จริงเหรอ... ขอบคุณสำหรับข้อมูลนะครับ
P0301-0845	พากย์ · speech_list_judge_main_c03	Yagami (ช)		Sorry, turns out I suck.	ขอโทษนะครับ กลายเป็นว่าผมห่วยไปหน่อย
P0301-0846	พากย์ · speech_list_judge_main_c03	Yagami (ช)	[อีกแทร็ก]	No... sorry.	ไม่ได้เลย... ขอโทษนะครับ
P0301-0847	พากย์ · speech_list_judge_main_c03	Kaito (ช)		Yo, it's Kaito.\nWhere are you?	เฮ้ นี่ไคโตะนะ\nนายอยู่ไหน?
P0301-0848	พากย์ · speech_list_judge_main_c03	Kaito (ช)	[อีกแทร็ก]	It's Kaito.\nWhere are you, Tak?	นี่ไคโตะนะ\nอยู่ไหนวะ ทาคุ?
P0301-0849	พากย์ · speech_list_judge_main_c03	Kaito (ช)		You mean the guy who robbed\nus is still in town?	นายหมายความว่าไอ้คนที่ปล้น\nเรายังอยู่ในเมืองนี้เหรอ?
P0301-0850	พากย์ · speech_list_judge_main_c03	Kaito (ช)	[อีกแทร็ก]	Wait, you mean the thief is still in Kamurocho?\nEven after pissing off the yakuza?	เดี๋ยวนะ หมายความว่าไอ้ขโมยยังอยู่ ในคามุโรโจเหรอ?\nทั้งที่ไปสร้างศัตรูกับยากูซ่าไว้แท้ๆ?
P0301-0851	พากย์ · speech_list_judge_main_c03	Kaito (ช)		You're saying a bum took our money?	นายหมายความว่าไอ้ขอทานเอาเงิน เราไปเหรอ?
P0301-0852	พากย์ · speech_list_judge_main_c03	Kaito (ช)	[อีกแทร็ก]	Red Nose? You're saying some homeless guy\ntook our money?	จมูกแดงเหรอ? นายหมายความว่าคนไร้บ้าน\nเอาเงินเราไปเหรอ?
P0301-0853	พากย์ · speech_list_judge_main_c03	Kaito (ช)		Right. Well, I'm in.\nSee you at the Children's Park, yeah?	ได้ ฉันไปด้วยคน\nเจอกันที่สวนเด็กนะ?
P0301-0854	พากย์ · speech_list_judge_main_c03	Kaito (ช)	[อีกแทร็ก]	Got it. Well, I'm in.\nSee you at the Children's Park, yeah?	เข้าใจแล้ว ฉันไปด้วยคน\nเจอกันที่สวนเด็กนะ?
P0301-0855	พากย์ · speech_list_judge_main_c03	tegakari_homeless (ช)		Me? Nah, I already ate.	ฉันเหรอ? ไม่ล่ะ กินมาแล้ว
P0301-0856	พากย์ · speech_list_judge_main_c03	tegakari_homeless (ช)	[อีกแทร็ก]	Mm? Nah, I'm good.\nAlready ate.	อือ? ไม่ล่ะ ไม่เป็นไร\nกินมาแล้ว
P0301-0857	พากย์ · speech_list_judge_main_c03	tegakari_homeless (ช)		Naw, man. If you wanna find him,\nyou should go check that food handout.	ไม่รู้จักหรอกพวก ถ้าอยากเจอมัน\nลองไปดูที่จุดแจกอาหารสิ
P0301-0858	พากย์ · speech_list_judge_main_c03	tegakari_homeless (ช)	[อีกแทร็ก]	Naw, man. If you wanna find him,\nyou probably wanna get goin' to that food handout.	ไม่รู้จักหรอกพวก ถ้าอยากเจอมัน\nคงต้องรีบไปที่จุดแจกอาหารแล้วล่ะ
P0301-0859	พากย์ · speech_list_judge_main_c03	tegakari_homeless (ช)		It's gonna end soon, y'know.\nChildren's Park. Don't forget.	มันใกล้จะเลิกแล้วนะ\nสวนเด็กน่ะ อย่าลืมล่ะ
P0301-0860	พากย์ · speech_list_judge_main_c03	tegakari_homeless (ช)	[อีกแทร็ก]	It's gonna end soon, y'know.\nDon't forget, Children's Park.	มันใกล้จะเลิกแล้วนะ\nอย่าลืมล่ะ สวนเด็กน่ะ
P0301-0861	พากย์ · speech_list_judge_main_c03	Yagami (ช)		You heading to the Children's Park, too?	จะไปสวนเด็กด้วยไหมครับ?
P0301-0862	พากย์ · speech_list_judge_main_c03	Yagami (ช)		By the way, this guy I'm looking for.\nName's Red Nose. You know him?	ว่าแต่ คนที่ผมตามหาอยู่น่ะ\nชื่อจมูกแดง รู้จักไหมครับ?
P0301-0863	พากย์ · speech_list_judge_main_c03	Yagami (ช)	[อีกแทร็ก]	By the way, the guy I'm looking for is called Red Nose.\nYou know him?	ว่าแต่ คนที่ผมตามหาอยู่ชื่อจมูกแดง\nรู้จักไหมครับ?
P0301-0864	พากย์ · speech_list_judge_main_c03	Yagami (ช)		On my way to the Children's Park.\nThink I might run into the thief.	กำลังไปสวนเด็กอยู่\nคิดว่าอาจจะได้เจอตัวขโมยที่นั่น
P0301-0865	พากย์ · speech_list_judge_main_c03	Yagami (ช)		Not sure. But even if he isn't,\nI might find a lead or two.	ยังไม่แน่ใจ แต่ถึงเขาจะไม่อยู่แล้ว\nผมก็อาจจะเจอเบาะแสสักอย่างสองอย่าง
P0301-0866	พากย์ · speech_list_judge_main_c03	Yagami (ช)	[อีกแทร็ก]	Even if he isn't,\nI might find a lead or two.	ถึงเขาจะไม่อยู่แล้ว\nผมก็อาจจะเจอเบาะแสสักอย่างสองอย่าง
P0301-0867	พากย์ · speech_list_judge_main_c03	Yagami (ช)		According to Ayabe, the thief\nwas a homeless guy by the name of Red Nose.	อายาเบะบอกว่าไอ้ขโมยคนนี้\nเป็นคนไร้บ้านที่ชื่อจมูกแดง
P0301-0868	พากย์ · speech_list_judge_main_c03	Yagami (ช)	[อีกแทร็ก]	According to Ayabe, the Matsugane's thief was a\nhomeless guy by the name of Red Nose.	อายาเบะบอกว่าไอ้ขโมยที่ปล้น ตระกูลมัตสึกาเนะ\nเป็นคนไร้บ้านที่ชื่อจมูกแดง
P0301-0869	พากย์ · speech_list_judge_main_c03	Yagami (ช)		Looks like it.	ท่าทางจะงั้นแหละ
P0301-0870	พากย์ · speech_list_judge_main_c03	Yagami (ช)		No clue if he's still alive, though.\nAfter Higashi got to him, that is.	แต่ก็ไม่รู้ว่าเขายังมีชีวิต อยู่หรือเปล่า\nหลังจากที่ฮิงาชิตามตัวเจอน่ะนะ
P0301-0871	พากย์ · speech_list_judge_main_c03	Yagami (ช)	[อีกแทร็ก]	Thing is, Higashi got to him before we did.\nNo clue if the guy's still alive.	ปัญหาคือฮิงาชิตามตัวเจอก่อนเรา\nเลยไม่รู้ว่าเขายังมีชีวิตอยู่ หรือเปล่า
P0301-0872	พากย์ · speech_list_judge_main_c03	tegakari_homeless (ช)		Hey, sorry about this.	เฮ้ ขอโทษด้วยนะ เรื่องนี้
P0301-0873	พากย์ · speech_list_judge_main_c03	tegakari_homeless (ช)	[อีกแทร็ก]	Well, sorry 'bout this.	เอาล่ะ ขอโทษด้วยนะ เรื่องนี้
P0301-0874	พากย์ · speech_list_judge_main_c03	tegakari_homeless (ช)		Looks like they weren't handing\nout food after all. My bad.	ท่าทางเขาจะไม่ได้\nแจกอาหารกันแล้วนะ พลาดไปหน่อย
P0301-0875	พากย์ · speech_list_judge_main_c03	tegakari_homeless (ช)	[อีกแทร็ก]	Looks like they weren't handing out food\nafter all. My bad.	ท่าทางเขาจะไม่ได้แจกอาหาร\nกันแล้วนะ พลาดไปหน่อย
P0301-0876	พากย์ · speech_list_judge_main_c03	? (ช)		Red Nose sends his regards!	จมูกแดงฝากความคิดถึงมาด้วย!
P0301-0877	พากย์ · speech_list_judge_main_c03	Yagami (ช)		So we're doing this instead?	งั้นจะเอาแบบนี้แทนสินะ?
P0301-0878	พากย์ · speech_list_judge_main_c03	Yagami (ช)	[อีกแทร็ก]	You want something?	มีธุระอะไรกันหรือเปล่า?
P0301-0879	พากย์ · speech_list_judge_main_c03	Kaito (ช)		Sorry, but my buddy here's got more fight\nin him than some random yakuza.	ขอโทษนะ แต่เพื่อนฉันคนนี้มันฝีมือดีกว่า\nยากูซ่าทั่วไปเยอะเลยล่ะ
P0301-0880	พากย์ · speech_list_judge_main_c03	Kaito (ช)	[อีกแทร็ก]	Too bad for you. My buddy here's got more fight in him\nthan some random yakuza.	แย่หน่อยนะ เพื่อนฉันคนนี้ฝีมือดีกว่า\nยากูซ่าทั่วไปเยอะเลยล่ะ
P0301-0881	พากย์ · speech_list_judge_main_c03	tegakari_homeless (ช)		Fighting's been the only constant\nthing in his life.	การต่อสู้เป็นสิ่งเดียวในชีวิต\nที่ไม่เคยเปลี่ยนสำหรับมันเลย
P0301-0882	พากย์ · speech_list_judge_main_c03	tegakari_homeless (ช)	[อีกแทร็ก]	Fighting's been the only constant\nin his life.	การต่อสู้เป็นสิ่งเดียว\nที่ไม่เคยเปลี่ยนในชีวิตมัน
P0301-0883	พากย์ · speech_list_judge_main_c03	Kaito (ช)		Heh, that's Kamurocho for you.	เฮอะ นี่แหละคามุโรโจ
P0301-0884	พากย์ · speech_list_judge_main_c03	Kaito (ช)	[อีกแทร็ก]	...That's Kamurocho for you.	...นี่แหละคามุโรโจ
P0301-0885	พากย์ · speech_list_judge_main_c03	tegakari_homeless (ช)		Is this the guy who was\nlooking for Red Nose?	นี่คือคนที่\nตามหาจมูกแดงเหรอ?
P0301-0886	พากย์ · speech_list_judge_main_c03	tegakari_homeless (ช)	[อีกแทร็ก]	I think we know the guy who\nhad it out for Red Nose. This him?	เราว่าเรารู้จักคนที่\nไล่ล่าเรื่องจมูกแดงแล้ว ใช่คนนี้ไหม?
P0301-0887	พากย์ · speech_list_judge_main_c03	Kaito (ช)		I... I just can't believe it.\nHigashi's not a murderer.	ฉัน... ฉันไม่อยากจะเชื่อเลย\nฮิงาชิไม่ใช่ฆาตกรนะ
P0301-0888	พากย์ · speech_list_judge_main_c03	Kaito (ช)	[อีกแทร็ก]	I dunno. I... just can't believe it.\nHigashi's not a murderer.	ไม่รู้สิ ฉัน... ไม่อยากจะเชื่อเลย\nฮิงาชิไม่ใช่ฆาตกรนะ
P0301-0889	พากย์ · speech_list_judge_main_c03	Yagami (ช)		Where would he have even gotten a gun?	แล้วเขาจะไปหาปืนมาจากไหนล่ะ?
P0301-0890	พากย์ · speech_list_judge_main_c03	Yagami (ช)	[อีกแทร็ก]	Where would he even have\ngotten a gun?	แล้วเขาจะไปหาปืน\nมาจากไหนล่ะ?
P0301-0891	พากย์ · speech_list_judge_main_c03	Kaito (ช)		Okay. I'll come.	ก็ได้ ฉันไปด้วย
P0301-0892	พากย์ · speech_list_judge_main_c03	Kaito (ช)	[อีกแทร็ก]	Fine. I'll come.	ก็ได้ ฉันไปด้วย
P0301-0893	พากย์ · speech_list_judge_main_c03	tegakari_homeless (ช)		We wanted...\nto know who you are...	เราแค่อยาก...\nรู้ว่านายเป็นใคร...
P0301-0894	พากย์ · speech_list_judge_main_c03	tegakari_homeless (ช)	[อีกแทร็ก]	We just wanted...\nto know who you are...	เราแค่อยากจะ...\nรู้ว่านายเป็นใคร...
P0301-0895	พากย์ · speech_list_judge_main_c03	tegakari_homeless (ช)		Why would someone wanna know\nabout Red Nose now?	ทำไมจู่ๆ ถึงมีใครอยากรู้\nเรื่องจมูกแดงตอนนี้ล่ะ?
P0301-0896	พากย์ · speech_list_judge_main_c03	tegakari_homeless (ช)	[อีกแทร็ก]	Why would someone wanna\nknow about Red Nose now?	ทำไมจู่ๆ ถึงมีใครอยาก\nรู้เรื่องจมูกแดงตอนนี้ล่ะ?
P0301-0897	พากย์ · speech_list_judge_main_c03	tegakari_homeless (ช)		...No.\nHasn't been for a while now.	...ไม่แล้ว\nตายไปพักใหญ่แล้วล่ะ
P0301-0898	พากย์ · speech_list_judge_main_c03	tegakari_homeless (ช)		'Bout a year ago.\nSomeone found him floating face-up in the sewer.	เมื่อสักปีก่อน\nมีคนเจอศพมันลอยหงายอยู่ในท่อระบายน้ำ
P0301-0899	พากย์ · speech_list_judge_main_c03	tegakari_homeless (ช)		Body was all shot up with bullet holes.	ทั้งร่างเต็มไปด้วยรอยกระสุน
P0301-0900	พากย์ · speech_list_judge_main_c03	tegakari_homeless (ช)	[อีกแทร็ก]	Body was all shot up with holes.	ทั้งร่างเต็มไปด้วยรูพรุน
P0301-0901	พากย์ · speech_list_judge_main_c03	tegakari_homeless (ช)		What're the cops gonna do for us?\nDead bum in a ditch is just more paperwork for them.	ตำรวจจะทำอะไรให้พวกเราได้กัน?\nขอทานตายในท่อก็แค่งานเอกสาร เพิ่มให้เขาเท่านั้นแหละ
P0301-0902	พากย์ · speech_list_judge_main_c03	tegakari_homeless (ช)		Either way, his body's long gone.	ยังไงก็ตาม ศพมันก็หายไปนานแล้ว
P0301-0903	พากย์ · speech_list_judge_main_c03	tegakari_homeless (ช)	[อีกแทร็ก]	Either way, his body's long gone now.	ยังไงก็ตาม ตอนนี้ศพมันก็หายไปนานแล้ว
P0301-0904	พากย์ · speech_list_judge_main_c03	tegakari_homeless (ช)		But we still wanna find out what happened to him.\nThat's the best funeral we can give him now.	แต่เราก็ยังอยากรู้ว่าเกิดอะไร ขึ้นกับมัน\nนั่นคืองานศพที่ดีที่สุดที่เรา ให้มันได้แล้วตอนนี้
P0301-0905	พากย์ · speech_list_judge_main_c03	tegakari_homeless (ช)	[อีกแทร็ก]	All the same, we just wanna find out what happened.\nIt's the least we can do for him.	ยังไงก็เถอะ เราแค่อยากรู้ว่าเกิดอะไรขึ้น\nมันเป็นสิ่งเดียวที่เราทำให้มัน ได้แล้ว
P0301-0906	พากย์ · speech_list_judge_main_c03	tegakari_homeless (ช)		Don't have a clue who killed him,\nthough. Or why.	ไม่มีเบาะแสเลยว่าใครฆ่ามัน\nหรือฆ่าไปทำไม
P0301-0907	พากย์ · speech_list_judge_main_c03	tegakari_homeless (ช)	[อีกแทร็ก]	Don't have a clue who killed him,\nor why...	ไม่มีเบาะแสเลยว่าใครฆ่ามัน\nหรือทำไมถึงฆ่า...
P0301-0908	พากย์ · speech_list_judge_main_c03	tegakari_homeless (ช)		All we remember is that a year ago,\nsome Tojo Clan yakuza was looking for him.	ที่จำได้ก็แค่ว่าเมื่อปีก่อน\nมียากูซ่าจากตระกูลโทโจมาตามหามัน
P0301-0909	พากย์ · speech_list_judge_main_c03	tegakari_homeless (ช)	[อีกแทร็ก]	But... what we do know is that a year ago,\nsome Tojo Clan yakuza was looking for him.	แต่... ที่เรารู้แน่ๆ ก็คือเมื่อปีก่อน\nมียากูซ่าจากตระกูลโทโจมาตามหามัน
P0301-0910	พากย์ · speech_list_judge_main_c03	tegakari_homeless (ช)		Not sure. Those types're kinda\nout of our league, y'know?	ไม่แน่ใจหรอก คนพวกนั้นมัน\nอยู่คนละโลกกับเรา นายก็รู้นี่?
P0301-0911	พากย์ · speech_list_judge_main_c03	tegakari_homeless (ช)	[อีกแทร็ก]	Not sure. Those types are kind of\nout of our league, y'know?	ไม่แน่ใจหรอก คนพวกนั้นมันอยู่\nคนละโลกกับเรา นายก็รู้นี่?
P0301-0912	พากย์ · speech_list_judge_main_c03	tegakari_homeless (ช)		We thought if anyone would know something,\nit'd be you. That's why we...	เราคิดว่าถ้ามีใครจะรู้อะไรบ้าง\nก็ต้องเป็นนาย เลยเป็นเหตุผลที่เรา...
P0301-0913	พากย์ · speech_list_judge_main_c03	tegakari_homeless (ช)	[อีกแทร็ก]	So, we thought if anyone would know something,\nit'd be you...	ก็เลยคิดว่าถ้ามีใครจะรู้อะไรบ้าง\nก็ต้องเป็นนาย...
P0301-0914	พากย์ · speech_list_judge_main_c03	Kaito (ช)		Yup, that's him.\nNot a doubt in my mind.	ใช่ ใช่คนนี้แหละ\nไม่มีข้อสงสัยเลย
P0301-0915	พากย์ · speech_list_judge_main_c03	Kaito (ช)	[อีกแทร็ก]	Ah... That's him.\nNo doubt in my mind.	อ้อ... ใช่คนนี้แหละ\nไม่มีข้อสงสัยเลย
P0301-0916	พากย์ · speech_list_judge_main_c03	tegakari_homeless (ช)		There're ways.\nThis is Kamurocho, remember?	มันมีวิธีอยู่แล้ว\nนี่คามุโรโจนะ ลืมไปแล้วเหรอ?
P0301-0917	พากย์ · speech_list_judge_main_c03	tegakari_homeless (ช)	[อีกแทร็ก]	There're plenty of ways.\nThis is Kamurocho, remember?	มันมีตั้งหลายวิธี\nนี่คามุโรโจนะ ลืมไปแล้วเหรอ?
P0301-0918	พากย์ · speech_list_judge_main_c03	Yagami (ช)		You guys are getting old for this.\nWhy'd you attack me?	พวกคุณอายุปูนนี้แล้วยังจะมา เล่นแบบนี้\nทำไมถึงมารุมทำร้ายผมล่ะ?
P0301-0919	พากย์ · speech_list_judge_main_c03	Yagami (ช)	[อีกแทร็ก]	I didn't realize you were all so old.\nWhy'd you attack me?	ไม่นึกเลยว่าทุกคนจะแก่กันขนาดนี้\nทำไมถึงมารุมทำร้ายผมล่ะ?
P0301-0920	พากย์ · speech_list_judge_main_c03	Yagami (ช)		So you're a friend of his?\nIs he still alive?	งั้นพวกคุณเป็นเพื่อนเขาสินะ?\nเขายังมีชีวิตอยู่ไหม?
P0301-0921	พากย์ · speech_list_judge_main_c03	Yagami (ช)	[อีกแทร็ก]	So, you're connected to Red Nose?\nIs he still alive?	งั้นพวกคุณรู้จักกับจมูกแดงสินะ?\nเขายังมีชีวิตอยู่ไหม?
P0301-0922	พากย์ · speech_list_judge_main_c03	Yagami (ช)		When'd he die?	ตายตอนไหนกันครับ?
P0301-0923	พากย์ · speech_list_judge_main_c03	Yagami (ช)		Shot?\nDid you go the police?	ถูกยิงเหรอ?\nไปแจ้งตำรวจหรือเปล่าครับ?
P0301-0924	พากย์ · speech_list_judge_main_c03	Yagami (ช)	[อีกแทร็ก]	Shot?\nDid you go to the police?	ถูกยิงเหรอ?\nไปแจ้งตำรวจไหมครับ?
P0301-0925	พากย์ · speech_list_judge_main_c03	tegakari_homeless (ช)		No. Of course not.	เปล่า ไม่มีทางอยู่แล้ว
P0301-0926	พากย์ · speech_list_judge_main_c03	Yagami (ช)		<color=ｍonologue>(So their friend got murdered\nand they couldn't do a damn thing about it...)</color> 	<color=ｍonologue>(เพื่อนของพวกเขาถูกฆ่าตาย\nแต่พวกเขากลับทำอะไรไม่ได้เลยสักอย่าง...)</color> 
P0301-0927	พากย์ · speech_list_judge_main_c03	Yagami (ช)		Must be Higashi...\nAnd is that yakuza the one who killed Red Nose?	ต้องเป็นฮิงาชิแน่ๆ...\nแล้วยากูซ่าคนนั้นเป็นคนฆ่า จมูกแดงหรือเปล่าครับ?
P0301-0928	พากย์ · speech_list_judge_main_c03	Yagami (ช)	[อีกแทร็ก]	Higashi...?\nSo this yakuza... He's the killer?	ฮิงาชิเหรอ...?\nงั้นยากูซ่าคนนี้... เป็นฆาตกรเหรอครับ?
P0301-0929	พากย์ · speech_list_judge_main_c03	tegakari_homeless (ช)		You're late, Kaito-san.	มาช้านะ ไคโตะซัง
P0301-0930	พากย์ · speech_list_judge_main_c03	tegakari_homeless (ช)		So. A year ago, Higashi took the money back\nfrom Red Nose and returned it to the Matsugane Family.	เอาล่ะ เมื่อปีก่อนฮิงาชิเอาเงินคืนมา\nจากจมูกแดง แล้วส่งคืนให้ตระกูลมัตสึกาเนะ
P0301-0931	พากย์ · speech_list_judge_main_c03	tegakari_homeless (ช)	[อีกแทร็ก]	So a year ago, Higashi took the money back\nfrom Red Nose and returned it to the Matsugane Family.	เมื่อปีก่อนฮิงาชิเอาเงินคืนมา\nจากจมูกแดง แล้วส่งคืนให้ตระกูลมัตสึกาเนะ
P0301-0932	พากย์ · speech_list_judge_main_c03	tegakari_homeless (ช)		Around the same time,\nRed Nose turns up ice-cold in the sewer.	แล้วช่วงเวลาใกล้ๆ กันนั้นเอง\nจมูกแดงก็ไปโผล่เย็นชืดอยู่ใน ท่อระบายน้ำ
P0301-0933	พากย์ · speech_list_judge_main_c03	tegakari_homeless (ช)	[อีกแทร็ก]	And Red Nose turns up\ncold in the sewer.	แล้วจมูกแดงก็ไปโผล่\nเย็นชืดอยู่ในท่อระบายน้ำ
P0301-0934	พากย์ · speech_list_judge_main_c03	Yagami (ช)		Who do you think killed him?	คิดว่าใครฆ่าเขาครับ?
P0301-0935	พากย์ · speech_list_judge_main_c03	Yagami (ช)		I'm gonna go talk to Higashi.	ผมจะไปคุยกับฮิงาชิ
P0301-0936	พากย์ · speech_list_judge_main_c03	Yagami (ช)		You're coming too, right Kaito-san?	ไคโตะซังก็จะไปด้วยใช่ไหม?
P0301-0937	พากย์ · speech_list_judge_main_c03	Yagami (ช)	[อีกแทร็ก]	You coming with, Kaito-san?	ไคโตะซังจะไปด้วยกันไหม?
P0301-0938	พากย์ · speech_list_judge_main_c03	Yagami (ช)		Don't you wanna know what happened?	ไม่อยากรู้เหรอว่าเกิดอะไรขึ้นกันแน่?
P0301-0939	พากย์ · speech_list_judge_main_c03	Yagami (ช)	[อีกแทร็ก]	You do wanna know\nwhat really happened, right?	ก็อยากรู้ความจริง\nใช่ไหมล่ะ?
P0301-0940	พากย์ · speech_list_judge_main_c03	Yagami (ช)		Let's head to Charles then.	งั้นไปที่ชาร์ลส์กันเถอะ
P0301-0941	พากย์ · speech_list_judge_main_c03	Yagami (ช)	[อีกแทร็ก]	Higashi should be at Charles.	ฮิงาชิน่าจะอยู่ที่ชาร์ลส์
P0301-0942	พากย์ · speech_list_judge_main_c03	Higashi (ช)		I didn't...\nI didn't kill him.	ผมไม่ได้...\nผมไม่ได้ฆ่าเขา
P0301-0943	พากย์ · speech_list_judge_main_c03	Higashi (ช)	[อีกแทร็ก]	Look... I didn't kill him.	ฟังนะ... ผมไม่ได้ฆ่าเขา
P0301-0944	พากย์ · speech_list_judge_main_c03	Higashi (ช)		I'm not the one who murdered Red Nose.	ผมไม่ใช่คนที่ฆ่าจมูกแดง
P0301-0945	พากย์ · speech_list_judge_main_c03	Higashi (ช)	[อีกแทร็ก]	I didn't kill Red Nose.\nIt wasn't me.	ผมไม่ได้ฆ่าจมูกแดง\nไม่ใช่ผม
P0301-0946	พากย์ · speech_list_judge_main_c03	Higashi (ช)	[ใช้ร่วม]	Probably.	คงจะใช่
P0301-0947	พากย์ · speech_list_judge_main_c03	Higashi (ช)		It wasn't about the money.	มันไม่ใช่เรื่องเงินหรอก
P0301-0948	พากย์ · speech_list_judge_main_c03	Higashi (ช)	[อีกแทร็ก]	That's not it.\nIt was never about the money.	ไม่ใช่แบบนั้น\nมันไม่เคยเกี่ยวกับเงินเลย
P0301-0949	พากย์ · speech_list_judge_main_c03	Higashi (ช)		They wanted to rub you\nout of the picture, Kaito.	พวกเขาแค่ต้องการกำจัดพี่ไคโตะ\nให้พ้นทางไป
P0301-0950	พากย์ · speech_list_judge_main_c03	Higashi (ช)	[อีกแทร็ก]	They just wanted you out of the picture, Kaito...\nThey set all this up so you'd take the fall.	พวกเขาแค่ต้องการกำจัดพี่ไคโตะ ให้พ้นทาง...\nจัดฉากทั้งหมดนี้ขึ้นมาเพื่อให้ พี่รับผิดแทน
P0301-0951	พากย์ · speech_list_judge_main_c03	Higashi (ช)		That's why it happened\nwhen you were on guard duty.	เพราะแบบนั้นมันถึงเกิดขึ้น\nตอนที่พี่เข้าเวรอยู่คนเดียว
P0301-0952	พากย์ · speech_list_judge_main_c03	Higashi (ช)	[อีกแทร็ก]	That's why it went down\nwhen you were on guard duty.	เพราะแบบนั้นมันถึงเกิดขึ้น\nตอนที่พี่เข้าเวรอยู่คนเดียว
P0301-0953	พากย์ · speech_list_judge_main_c03	Higashi (ช)		You were the only thing between him\nand total control of the family.	พี่คือสิ่งเดียวที่ขวางทาง\nไม่ให้เขาคุมตระกูลได้ทั้งหมด
P0301-0954	พากย์ · speech_list_judge_main_c03	Higashi (ช)	[อีกแทร็ก]	In his eyes, you were the only one\nstanding in his way.	ในสายตาเขา พี่คือคนเดียว\nที่ขวางทางเขาอยู่
P0301-0955	พากย์ · speech_list_judge_main_c03	Higashi (ช)		With you gone, he could consolidate his power.\nAt least that's how he saw it.	พอนายไม่อยู่ ฮามุระก็รวบอำนาจได้เต็มที่\nอย่างน้อยก็เป็นสิ่งที่เขาคิดไว้
P0301-0956	พากย์ · speech_list_judge_main_c03	Higashi (ช)	[อีกแทร็ก]	With you gone, he could take control of the family.\nThat's how he saw it.	พอนายไม่อยู่ ฮามุระก็คุมตระกูลได้ทั้งหมด\nนั่นแหละคือสิ่งที่เขาคิด
P0301-0957	พากย์ · speech_list_judge_main_c03	Higashi (ช)		Yeah. Nobody can stand up\nto the captain anymore.	ใช่ ตอนนี้ไม่มีใคร\nกล้าขัดกัปตันแล้ว
P0301-0958	พากย์ · speech_list_judge_main_c03	Higashi (ช)	[อีกแทร็ก]	...Nobody can stand up to the captain anymore.\nHe's running the show.	...ไม่มีใครกล้าขัดกัปตันแล้ว\nตอนนี้เขาคุมเกมทั้งหมด
P0301-0959	พากย์ · speech_list_judge_main_c03	Higashi (ช)		With the power and money he's got?\nHe's the only thing keeping us afloat.	ด้วยอำนาจกับเงินขนาดนั้น?\nตอนนี้มีแต่เขาคนเดียวที่ประคอง พวกเราไว้ได้
P0301-0960	พากย์ · speech_list_judge_main_c03	Higashi (ช)	[อีกแทร็ก]	And with all that power and money, why wouldn't he?\nHe's the only thing keeping us afloat.	มีทั้งอำนาจทั้งเงินขนาดนั้น จะไม่คุมได้ยังไง\nตอนนี้มีแต่เขาคนเดียวที่ประคอง พวกเราไว้
P0301-0961	พากย์ · speech_list_judge_main_c03	Higashi (ช)		It was the day after the 100 mil went missing.\nAfter Kaito-aniki got expelled.	มันเกิดวันถัดจากที่เงิน 100 ล้านหาย\nหลังลูกพี่ไคโตะถูกไล่ออก
P0301-0962	พากย์ · speech_list_judge_main_c03	Higashi (ช)	[อีกแทร็ก]	It was the day after the hundred mil went missing.\nAfter Kaito-aniki got expelled.	มันเกิดวันถัดจากที่เงินร้อยล้านหาย\nหลังลูกพี่ไคโตะถูกไล่ออก
P0301-0963	พากย์ · speech_list_judge_main_c03	Higashi (ช)		I bought some info from a dirty cop.\nLed me right to the name Red Nose.	ผมซื้อข้อมูลจากตำรวจสายทุจริต\nมันพาผมไปเจอชื่อจมูกแดงพอดี
P0301-0964	พากย์ · speech_list_judge_main_c03	Higashi (ช)	[อีกแทร็ก]	I bought some info from a dirty cop, did some digging...\nLed me right to the name Red Nose.	ผมซื้อข้อมูลจากตำรวจสายทุจริต ขุดไปเรื่อยๆ...\nสุดท้ายก็เจอชื่อจมูกแดง
P0301-0965	พากย์ · speech_list_judge_main_c03	Higashi (ช)		I asked all around town,\n'til eventually I ended up down in the sewers.	ผมถามคนไปทั่วเมือง\nจนสุดท้ายลงไปอยู่ในท่อระบายน้ำ
P0301-0966	พากย์ · speech_list_judge_main_c03	Higashi (ช)	[อีกแทร็ก]	I asked all around town,\n'til I ended up down in Kamurocho's sewers.	ผมถามคนไปทั่วเมือง\nจนไปโผล่ในท่อระบายน้ำของคามุโรโจ
P0301-0967	พากย์ · speech_list_judge_main_c03	Higashi (ช)		But me and Red Nose...\nWe weren't the only two there.	แต่ผมกับจมูกแดง...\nไม่ได้อยู่กันแค่สองคนที่นั่น
P0301-0968	พากย์ · speech_list_judge_main_c03	Higashi (ช)	[อีกแทร็ก]	But, turns out...\nRed Nose wasn't the only one there.	แต่ปรากฏว่า...\nจมูกแดงไม่ได้อยู่คนเดียวที่นั่น
P0301-0969	พากย์ · speech_list_judge_main_c03	Higashi (ช)		They were making a deal. Hamura was gonna get 90 mil,\nand Red Nose would've walked away alive.	พวกเขากำลังตกลงกัน ฮามุระจะได้ 90 ล้าน\nส่วนจมูกแดงก็จะรอดชีวิตออกไป
P0301-0970	พากย์ · speech_list_judge_main_c03	Higashi (ช)	[อีกแทร็ก]	Yeah. Sounded like Hamura was gonna get 90 mil,\nand Red Nose would've walked away alive.	ใช่ ฟังดูเหมือนฮามุระจะได้ 90 ล้าน\nส่วนจมูกแดงก็รอดออกไปได้
P0301-0971	พากย์ · speech_list_judge_main_c03	Higashi (ช)		And 10 million yen richer, at that.\nIt should've all been wrapped up, clean and easy...	แถมได้เงินเพิ่มอีก 10 ล้านด้วย\nมันน่าจะจบแบบเรียบร้อยไม่มีปัญหา...
P0301-0972	พากย์ · speech_list_judge_main_c03	Higashi (ช)	[อีกแทร็ก]	Not to mention 10 million yen richer.\nIt should've all been wrapped up, clean and easy...	ยังไม่นับเงินอีก 10 ล้านที่ได้เพิ่ม\nทุกอย่างน่าจะจบแบบเรียบร้อย สะอาดหมดจด...
P0301-0973	พากย์ · speech_list_judge_main_c03	Kaito (ช)		Then who the hell was it?	งั้นใครกันวะที่ทำ?
P0301-0974	พากย์ · speech_list_judge_main_c03	Kaito (ช)		But who would've done something like that?\nStealin' their own family's money...	แต่ใครจะทำแบบนั้นได้ลงคอ\nขโมยเงินของตระกูลตัวเองน่ะ...
P0301-0975	พากย์ · speech_list_judge_main_c03	Kaito (ช)		To rub me out? If that's it,\nthen the contact must've been...	กำจัดฉันเหรอ? ถ้างั้น\nสายที่ว่าก็ต้องเป็น...
P0301-0976	พากย์ · speech_list_judge_main_c03	Kaito (ช)	[อีกแทร็ก]	Wait, me...?\nSo then, the contact must've been...	เดี๋ยวนะ ฉันเหรอ...?\nงั้นสายที่ว่าก็ต้องเป็น...
P0301-0977	พากย์ · speech_list_judge_main_c03	Higashi (ช)		Red Nose must have had a contact in the Matsugane Family.\nThat's the only way he got away with it.	จมูกแดงต้องมีสาย ในตระกูลมัตสึกาเนะแน่ๆ\nไม่งั้นคงไม่รอดตัวไปได้
P0301-0978	พากย์ · speech_list_judge_main_c03	Higashi (ช)		And whoever that contact was\ngave him all sorts of info.	แล้วใครก็ตามที่เป็นสายให้\nคงให้ข้อมูลมันสารพัดอย่าง
P0301-0979	พากย์ · speech_list_judge_main_c03	Higashi (ช)	[อีกแทร็ก]	And whoever that contact was\ngave him all kinds of info.	แล้วใครก็ตามที่เป็นสายให้\nคงให้ข้อมูลมันทุกอย่าง
P0301-0980	พากย์ · speech_list_judge_main_c03	Higashi (ช)		When security was light. Where the safe was.\nNot to mention when there'd be the most money.	ช่วงที่การ์ดหลวม เซฟอยู่ตรงไหน\nยังไม่ต้องพูดถึงว่าตอนไหนเงิน จะเยอะที่สุด
P0301-0981	พากย์ · speech_list_judge_main_c03	Higashi (ช)		There's no way you steal from\nthe yakuza without some help.	ไม่มีทางที่ใครจะขโมยของจาก\nยากูซ่าได้โดยไม่มีใครช่วยหรอก
P0301-0982	พากย์ · speech_list_judge_main_c03	Higashi (ช)	[อีกแทร็ก]	I figure... there's no way to steal from\nthe yakuza without some help.	ผมว่า... ไม่มีทางที่ใครจะขโมยของจาก\nยากูซ่าได้โดยไม่มีใครช่วยหรอก
P0301-0983	พากย์ · speech_list_judge_main_c03	Yagami (ช)		So, is Red Nose's contact the one\nwho killed him? To cover it all up?	งั้นสายของจมูกแดงนี่แหละ\nที่ฆ่าเขาเพื่อปิดปากใช่ไหมครับ?
P0301-0984	พากย์ · speech_list_judge_main_c03	Yagami (ช)	[อีกแทร็ก]	So Red Nose's killer... It's got to be his contact, right?\nThey killed him to hide the truth.	งั้นคนที่ฆ่าจมูกแดง... ต้องเป็นสายของเขาใช่ไหมครับ?\nฆ่าเพื่อปิดบังความจริง
P0301-0985	พากย์ · speech_list_judge_main_c03	Higashi (ช)		Yeah. Captain Hamura.	ใช่ครับ กัปตันฮามุระ
P0301-0986	พากย์ · speech_list_judge_main_c03	Higashi (ช)	[อีกแทร็ก] [ใช้ร่วม]	Captain Hamura.	กัปตันฮามุระ
P0301-0987	พากย์ · speech_list_judge_main_c03	Yagami (ช)		And he wasn't wrong.\nJust look at it now.	แล้วก็ไม่ผิดด้วย\nดูตอนนี้สิ
P0301-0988	พากย์ · speech_list_judge_main_c03	Yagami (ช)	[อีกแทร็ก]	And he wasn't wrong.\nI mean, just look at it now.	แล้วก็ไม่ผิดจริงๆ\nก็ดูตอนนี้สิ
P0301-0989	พากย์ · speech_list_judge_main_c03	? (?)		<color=ｍonologue>(So Hamura staged a robbery\nand pinned it on Kaito-san to get him expelled.)</color> 	<color=ｍonologue>(สรุปว่าฮามุระจัดฉากปล้น\nแล้วป้ายความผิดให้ไคโตะซัง เพื่อไล่เขาออก)</color> 
P0301-0990	พากย์ · speech_list_judge_main_c03	? (?)		<color=ｍonologue>(But if Higashi knows all that,\nwhy's he at Hamura's beck and call?)</color> 	<color=ｍonologue>(แต่ถ้าฮิงาชิรู้เรื่องทั้งหมดนี้\nทำไมยังต้องทำตามคำสั่งฮามุระอยู่)</color> 
P0301-0991	พากย์ · speech_list_judge_main_c03	Yagami (ช)		How exactly did Red Nose die?	จมูกแดงตายยังไงกันแน่?
P0301-0992	พากย์ · speech_list_judge_main_c03	Yagami (ช)	[อีกแทร็ก]	And what happened to Red Nose?\nHow'd he die?	แล้วจมูกแดงเป็นยังไง\nตายได้ยังไง?
P0301-0993	พากย์ · speech_list_judge_main_c03	Yagami (ช)		You know...\nDon't you, Higashi?	นายรู้...\nใช่ไหม ฮิงาชิ?
P0301-0994	พากย์ · speech_list_judge_main_c03	Yagami (ช)	[อีกแทร็ก]	You know, don't you, Higashi?	นายรู้ใช่ไหม ฮิงาชิ?
P0301-0995	พากย์ · speech_list_judge_main_c03	Yagami (ช)		You found Hamura, didn't you?	นายเจอฮามุระที่นั่นด้วยใช่ไหม?
P0301-0996	พากย์ · speech_list_judge_main_c03	Yagami (ช)	[อีกแทร็ก]	...Captain Hamura, too?	...กัปตันฮามุระด้วยเหรอ?
P0301-0997	พากย์ · speech_list_judge_main_c03	Higashi (ช)		No. But... people know I was\nout looking for him.	ไม่ครับ แต่... มีคนรู้ว่าผม\nออกไปตามหาเขาอยู่
P0301-0998	พากย์ · speech_list_judge_main_c03	Higashi (ช)	[อีกแทร็ก]	No. But that's not worth much.\nPeople know I was out searching the city for Red Nose.	ไม่ครับ แต่นั่นก็ไม่ได้ช่วยอะไรมาก\nมีคนรู้ว่าผมออกตามหาจมูกแดงทั่วเมือง
P0301-0999	พากย์ · speech_list_judge_main_c03	Higashi (ช)		My prints're all over the gun, too.	แล้วลายนิ้วมือผมก็ติดอยู่เต็ม ปืนกระบอกนั้นด้วย
P0301-1000	พากย์ · speech_list_judge_main_c03	Higashi (ช)		No matter how you look at it,\nI don't got an alibi.	มองยังไงผมก็ไม่มี\nพยานที่อยู่
P0301-1001	พากย์ · speech_list_judge_main_c03	Higashi (ช)		You said it yourself.\nI look like a real yakuza now.	นายพูดเองนี่\nตอนนี้ผมดูเหมือนยากูซ่าตัวจริงเลย
P0301-1002	พากย์ · speech_list_judge_main_c03	Higashi (ช)	[อีกแทร็ก]	You said it yourself.\nI look like a real yakuza now, right?	นายพูดเองนี่\nตอนนี้ผมดูเหมือนยากูซ่าตัวจริง แล้วใช่ไหม?
P0301-1003	พากย์ · speech_list_judge_main_c03	Kaito (ช)		I was thinking the same thing.	ฉันก็คิดแบบเดียวกันเลย
P0301-1004	พากย์ · speech_list_judge_main_c03	Kaito (ช)	[อีกแทร็ก]	Funny. I was thinking the same thing.	ตลกดี ฉันก็คิดแบบเดียวกันเลย
P0301-1005	พากย์ · speech_list_judge_main_c03	Kaito (ช)		Not a chance.\nThe boss can't stop him anymore.	ไม่มีทาง\nตอนนี้โอยาบุนก็หยุดเขาไม่ได้แล้ว
P0301-1006	พากย์ · speech_list_judge_main_c03	Yagami (ช)		Telling him would just\nmake things worse.	บอกท่านไปก็มีแต่จะ\nทำให้เรื่องแย่ลง
P0301-1007	พากย์ · speech_list_judge_main_c03	Yagami (ช)		That's why Higashi kept it a secret.\nTough as it sounds, it was the right move.	นั่นแหละคือเหตุผลที่ฮิงาชิเก็บ เป็นความลับ\nฟังดูโหดร้ายก็จริง แต่มันคือทางเลือกที่ถูกต้องแล้ว
P0301-1008	พากย์ · speech_list_judge_main_c03	Yagami (ช)	[อีกแทร็ก]	Even though Higashi knew, he didn't have a choice.\nHad to keep it secret.	ถึงฮิงาชิจะรู้ความจริง เขาก็ไม่มีทางเลือก\nต้องเก็บเป็นความลับเท่านั้น
P0301-1009	พากย์ · speech_list_judge_main_c03	Yagami (ช)		So you really didn't kill him, huh?	งั้นนายก็ไม่ได้ฆ่าเขาจริงๆ สินะ?
P0301-1010	พากย์ · speech_list_judge_main_c03	Yagami (ช)	[อีกแทร็ก]	So... you really didn't kill him, huh?	งั้น...นายก็ไม่ได้ฆ่าเขาจริงๆ สินะ?
P0301-1011	พากย์ · speech_list_judge_main_c03	Yagami (ช)		<color=ｍonologue>(True. The cops probably <font_kind=yakuza_italic>would</font_kind> suspect him.)</color> 	<color=ｍonologue>(จริงด้วย ตำรวจคง<font_kind=yakuza_italic>สงสัย</font_kind>เขาแน่ๆ)</color> 
P0301-1012	พากย์ · speech_list_judge_main_c03	Yagami (ช)		Hey, what if we told Matsugane-san about this?\nThink he could put the squeeze on Hamura?	เฮ้ ถ้าเราบอกท่านมัตสึกาเนะเรื่องนี้ล่ะ?\nคิดว่าท่านจะกดดันฮามุระได้ไหม?
P0301-1013	พากย์ · speech_list_judge_main_c03	Yagami (ช)	[อีกแทร็ก]	Hey, what if we told Matsugane-san about this?\nThink he could put the squeeze on the captain?	เฮ้ ถ้าเราบอกท่านมัตสึกาเนะเรื่องนี้ล่ะ?\nคิดว่าท่านจะกดดันกัปตันได้ไหม?
P0301-1014	พากย์ · speech_list_judge_main_c03	Higashi (ช)		Right.\nHell of a thing.	ใช่\nเรื่องหนักหนาจริงๆ
P0301-1015	พากย์ · speech_list_judge_main_c03	Higashi (ช)	[อีกแทร็ก]	...Right.\nThat's too bad.	...ใช่\nน่าเสียดายจริงๆ
P0301-1016	พากย์ · speech_list_judge_main_c03	Yagami (ช)		All right, I'm gonna go, Kaito-san.	เอาล่ะ ผมไปก่อนนะ ไคโตะซัง
P0301-1017	พากย์ · speech_list_judge_main_c03	Yagami (ช)	[อีกแทร็ก]	Well, I'm gonna go, Kaito-san.	เอาเถอะ ผมไปก่อนนะ ไคโตะซัง
P0301-1018	พากย์ · speech_list_judge_main_c03	Yagami (ช)		This is between the two of you now.\nI'm sure you've got a lot to catch up on.	เรื่องนี้เป็นเรื่องของสองคนนี้ แล้วล่ะ\nผมว่าคงมีอะไรต้องคุยกันอีกเยอะ
P0301-1019	พากย์ · speech_list_judge_main_c03	Yagami (ช)	[อีกแทร็ก]	You two have a lot to catch up on, right? It's fine.\nI don't wanna get in the way.	สองคนคงมีเรื่องต้องคุยกันอีก เยอะใช่ไหม ไม่เป็นไร\nผมไม่อยากขวางหรอก
P0301-1020	พากย์ · speech_list_judge_main_c03	Higashi (ช)		Not sure what it is.\nI just... can't stand that guy.	ไม่รู้เหมือนกันว่าเพราะอะไร\nแค่...ทนไอ้หมอนั่นไม่ได้
P0301-1021	พากย์ · speech_list_judge_main_c03	Higashi (ช)	[อีกแทร็ก]	Not sure why...\nBut I can't stand that guy.	ไม่รู้เหมือนกันว่าทำไม...\nแต่ผมทนไอ้หมอนั่นไม่ได้
P0301-1022	พากย์ · speech_list_judge_main_c03	Higashi (ช)		I mean, he's known you way longer than I have.\nAnd the boss has his back even though he never swore up.	ก็คือ เขารู้จักพี่มานานกว่าผมเยอะ\nแล้วโอยาบุนก็คอยหนุนหลังเขา ทั้งที่ไม่เคยสาบานเข้าตระกูลด้วยซ้ำ
P0301-1023	พากย์ · speech_list_judge_main_c03	Higashi (ช)	[อีกแทร็ก]	I mean, he's known you way longer than I have.\nAnd the boss has his back, even though he never swore up.	ก็คือ เขารู้จักพี่มานานกว่าผมเยอะ\nโอยาบุนก็คอยหนุนหลังเขาอยู่ ทั้งที่ไม่เคยสาบานเข้าตระกูล
P0301-1024	พากย์ · speech_list_judge_main_c03	Higashi (ช)		I dunno.\nSomething's just off about him.	ไม่รู้สิ\nมีอะไรบางอย่างในตัวเขาที่ดูแปลกๆ
P0301-1025	พากย์ · speech_list_judge_main_c03	Higashi (ช)	[อีกแทร็ก]	I dunno, guy just gets under my skin.	ไม่รู้สิ ไอ้หมอนั่นมันกวนประสาทผมยังไงไม่รู้
P0301-1026	พากย์ · speech_list_judge_main_c03	Higashi (ช)		Nope. What happened?	ไม่เคยครับ เกิดอะไรขึ้น?
P0301-1027	พากย์ · speech_list_judge_main_c03	Higashi (ช)	[อีกแทร็ก]	Nope.\nWhat happened?	ไม่เคยครับ\nเกิดอะไรขึ้นเหรอ?
P0301-1028	พากย์ · speech_list_judge_main_c03	Higashi (ช)	[อีกแทร็ก] [ใช้ร่วม] [ต้องกลางเพศ]	Oh...	โอ้...
P0301-1029	พากย์ · speech_list_judge_main_c03	Kaito (ช)		Hey. You ever hear what\nhappened to his dad?	เฮ้ แกเคยได้ยินเรื่อง\nที่เกิดขึ้นกับพ่อของเขาไหม?
P0301-1030	พากย์ · speech_list_judge_main_c03	Kaito (ช)	[อีกแทร็ก]	...Higashi. You never heard about\nTak's dad, right?	...ฮิงาชิ แกไม่เคยได้ยินเรื่อง\nพ่อของทาคุใช่ไหม?
P0301-1031	พากย์ · speech_list_judge_main_c03	Kaito (ช)		Lemme start from the beginning.\nFrom what I've heard, he was a stand-up guy.	เอาล่ะ เริ่มตั้งแต่ต้นเลยนะ\nเท่าที่ฉันได้ยินมา เขาเป็นคนตรงไปตรงมามาก
P0301-1032	พากย์ · speech_list_judge_main_c03	Kaito (ช)	[อีกแทร็ก]	Lemme start from the beginning.\nHe's the one who taught Tak martial arts.	เอาล่ะ เริ่มตั้งแต่ต้นเลยนะ\nเขาคือคนที่สอนศิลปะการต่อสู้ให้ทาคุ
P0301-1033	พากย์ · speech_list_judge_main_c03	Kaito (ช)		Taught him kung-fu and everything.	สอนกังฟูให้เขาทุกอย่างเลย
P0301-1034	พากย์ · speech_list_judge_main_c03	Kaito (ช)	[อีกแทร็ก]	Sounded like a real standup guy.	ฟังดูเป็นคนตรงไปตรงมาตัวจริงเลยล่ะ
P0301-1035	พากย์ · speech_list_judge_main_c03	Kaito (ช)		He was a lawyer, too.	แล้วเขาก็เป็นทนายความด้วย
P0301-1036	พากย์ · speech_list_judge_main_c03	Kaito (ช)	[อีกแทร็ก]	And, well... he was a lawyer, too.	แล้วก็... เขาเป็นทนายความด้วย
P0301-1037	พากย์ · speech_list_judge_main_c03	Kaito (ช)		Things changed when Tak was fifteen.	ทุกอย่างเปลี่ยนไปตอนทาคุอายุสิบห้า
P0301-1038	พากย์ · speech_list_judge_main_c03	Kaito (ช)	[อีกแทร็ก]	But things changed when Tak was fifteen.	แต่ทุกอย่างเปลี่ยนไปตอนทาคุ อายุสิบห้า
P0301-1039	พากย์ · speech_list_judge_main_c03	Kaito (ช)		His dad took on a dead-to-rights murder case,\nand actually managed to get an acquittal. 	พ่อของเขารับคดีฆาตกรรมที่ดู ยังไงก็แพ้แน่ๆ\nแต่กลับสู้จนพลิกคดีให้ลูกความ พ้นผิดได้จริงๆ 
P0301-1040	พากย์ · speech_list_judge_main_c03	Kaito (ช)		One of the victim's relatives\nwasn't too happy about that, though...	แต่ญาติของเหยื่อคนหนึ่ง\nไม่พอใจเรื่องนี้เอามากๆ...
P0301-1041	พากย์ · speech_list_judge_main_c03	Kaito (ช)	[อีกแทร็ก]	But, uh... one of the victim's relatives\nwasn't too happy about that.	แต่เอ่อ...ญาติของเหยื่อคนหนึ่ง\nก็ไม่พอใจเรื่องนี้เอามากๆ
P0301-1042	พากย์ · speech_list_judge_main_c03	Kaito (ช)		When Tak was younger,\nboth his parents were stabbed to death.	ตอนทาคุยังเด็ก\nพ่อกับแม่ของเขาถูกแทงตายทั้งคู่
P0301-1043	พากย์ · speech_list_judge_main_c03	Kaito (ช)	[อีกแทร็ก]	Tak's parents... were stabbed to death\nwith a kitchen knife.	พ่อแม่ของทาคุ...ถูกแทงตาย\nด้วยมีดทำครัว
P0301-1044	พากย์ · speech_list_judge_main_c03	Kaito (ช)		Tak was at a friend's house\nwhen it happened.	ตอนนั้นทาคุอยู่ที่บ้านเพื่อน\nตอนที่มันเกิดขึ้น
P0301-1045	พากย์ · speech_list_judge_main_c03	Kaito (ช)	[อีกแทร็ก]	Back then, Tak kinda resented his parents for\nthe long hours they were working...	ตอนนั้นทาคุแอบน้อยใจพ่อแม่อยู่ เหมือนกัน\nที่ทำงานหนักจนไม่ค่อยมีเวลาให้...
P0301-1046	พากย์ · speech_list_judge_main_c03	Kaito (ช)	[อีกแทร็ก]	He was crashing at a friend's house\nwhen it all went down.	เขาไปค้างที่บ้านเพื่อน\nตอนที่เรื่องทั้งหมดเกิดขึ้น
P0301-1047	พากย์ · speech_list_judge_main_c03	Kaito (ช)		But maybe if he'd been home...\nMaybe he could've done something. Anything.	แต่ถ้าเขาอยู่บ้านตอนนั้น...\nบางทีเขาอาจทำอะไรได้บ้าง อะไรก็ได้
P0301-1048	พากย์ · speech_list_judge_main_c03	Kaito (ช)	[อีกแทร็ก]	But if he had been home...\nMaybe he could've stopped the killer.	แต่ถ้าเขาอยู่บ้านตอนนั้น...\nบางทีเขาอาจหยุดฆาตกรได้
P0301-1049	พากย์ · speech_list_judge_main_c03	Kaito (ช)		Maybe his parents would still be alive.	บางทีพ่อแม่เขาอาจจะยังไม่ตาย
P0301-1050	พากย์ · speech_list_judge_main_c03	Kaito (ช)	[อีกแทร็ก]	Maybe they'd still be alive.	บางทีพวกเขาอาจจะยังไม่ตาย
P0301-1051	พากย์ · speech_list_judge_main_c03	Higashi (ช)		So this guy who killed the family...\nThey ever catch him?	แล้วเจ้าคนที่ฆ่าครอบครัวเขา...\nจับได้ไหม?
P0301-1052	พากย์ · speech_list_judge_main_c03	Higashi (ช)	[อีกแทร็ก]	So this guy kills the Yagamis, and then what?\nThey caught him?	แล้วเจ้าคนที่ฆ่าตระกูลยากามิ ทำไงต่อ?\nจับตัวได้ไหม?
P0301-1053	พากย์ · speech_list_judge_main_c03	Higashi (ช)		Got it.\nSo that's when he met you, huh?	เข้าใจแล้ว\nงั้นตอนนั้นแหละที่เขาเจอพี่สินะ?
P0301-1054	พากย์ · speech_list_judge_main_c03	Higashi (ช)	[อีกแทร็ก]	I see. So... that's where it all began?\nYou met each other there?	อ๋อ...งั้นทุกอย่างเริ่มจากตรงนั้นสินะ?\nพี่เจอเขาที่นั่นเลยเหรอ?
P0301-1055	พากย์ · speech_list_judge_main_c03	Higashi (ช)		Probably thought he stood a chance.	คงคิดว่าตัวเองมีสิทธิ์ชนะมั้ง
P0301-1056	พากย์ · speech_list_judge_main_c03	Higashi (ช)		I remember.\nWasn't too pleased with it myself.	จำได้ครับ\nตอนนั้นผมเองก็ไม่ค่อยพอใจเท่าไหร่
P0301-1057	พากย์ · speech_list_judge_main_c03	Higashi (ช)	[อีกแทร็ก]	I remember being kinda\npissed about that, myself.	ผมจำได้ว่าตอนนั้น\nตัวเองก็หงุดหงิดเรื่องนี้อยู่ เหมือนกัน
P0301-1058	พากย์ · speech_list_judge_main_c03	Kaito (ช)		But that's all in the past.\nIt's different now.	แต่นั่นมันเรื่องอดีตไปแล้ว\nตอนนี้มันไม่เหมือนเดิมแล้ว
P0301-1059	พากย์ · speech_list_judge_main_c03	Kaito (ช)	[อีกแทร็ก]	But it doesn't matter.\nThat's all in the past.	แต่มันไม่สำคัญแล้วล่ะ\nเรื่องนั้นมันอดีตไปแล้ว
P0301-1060	พากย์ · speech_list_judge_main_c03	Higashi (ช)		He's a dead man walking.	ตอนนี้มันก็แค่ศพเดินได้
P0301-1061	พากย์ · speech_list_judge_main_c03	Higashi (ช)	[อีกแทร็ก]	Yagami's a dead man walking now.	ตอนนี้ยากามิก็แค่ศพเดินได้
P0301-1062	พากย์ · speech_list_judge_main_c03	Higashi (ช)		What do you and Matsugane-san\nstill see in him?	พี่กับท่านมัตสึกาเนะ\nยังเห็นอะไรดีๆ ในตัวมันอยู่อีกเหรอ?
P0301-1063	พากย์ · speech_list_judge_main_c03	Higashi (ช)	[อีกแทร็ก]	I dunno. What do you and Matsugane-san\nstill see in him?	ไม่รู้สิ พี่กับท่านมัตสึกาเนะ\nยังเห็นอะไรดีๆ ในตัวมันอยู่อีกเหรอ?
P0301-1064	พากย์ · speech_list_judge_main_c03	Higashi (ช)	[ใช้ร่วม]	Aniki...	ลูกพี่...
P0301-1065	พากย์ · speech_list_judge_main_c03	? (ช)	[อีกแทร็ก]	Aniki.	ลูกพี่
P0301-1066	พากย์ · speech_list_judge_main_c03	Higashi (ช)		The captain's word is absolute,\nat least for now.	คำสั่งกัปตันคือกฎเหล็ก\nอย่างน้อยก็ตอนนี้
P0301-1067	พากย์ · speech_list_judge_main_c03	Higashi (ช)	[อีกแทร็ก]	As it stands now...\nCaptain Hamura's word is absolute.	ตอนนี้...\nคำสั่งกัปตันฮามุระคือกฎเหล็ก
P0301-1068	พากย์ · speech_list_judge_main_c03	Higashi (ช)		But if he ever gave the order\nto off you...	แต่ถ้าเขาสั่งให้\nผมฆ่าพี่เมื่อไหร่...
P0301-1069	พากย์ · speech_list_judge_main_c03	Higashi (ช)	[อีกแทร็ก]	But if he ever told me to off you...	แต่ถ้าเขาสั่งให้ผมฆ่าพี่เมื่อไหร่...
P0301-1070	พากย์ · speech_list_judge_main_c03	Higashi (ช)		I might have to think twice about it.	ผมก็คงต้องคิดหนักสองตลบ
P0301-1071	พากย์ · speech_list_judge_main_c03	Higashi (ช)	[อีกแทร็ก]	Maybe I'd have to think twice.	ผมอาจจะต้องคิดหนักสองตลบ
P0301-1072	พากย์ · speech_list_judge_main_c03	Kaito (ช)		He hung himself at the scene of the crime.\n"Tragic" doesn't even begin to describe it.	มันแขวนคอตายในที่เกิดเหตุเอง\nคำว่า "น่าเศร้า" ยังไม่พอจะอธิบายเลยด้วยซ้ำ
P0301-1073	พากย์ · speech_list_judge_main_c03	Kaito (ช)	[อีกแทร็ก]	Hung himself at the scene of the crime.\n"Tragic" hardly describes it.	แขวนคอตายเองในที่เกิดเหตุ\nคำว่า "น่าเศร้า" ยังไม่พอจะบรรยายด้วยซ้ำ
P0301-1074	พากย์ · speech_list_judge_main_c03	Kaito (ช)		Tak ended up comin' to Kamurocho right after that.\nDidn't want any help from his relatives, neither.	หลังจากนั้นทาคุก็มาที่คามุโรโจเลย\nไม่ยอมรับความช่วยเหลือจากญาติด้วย
P0301-1075	พากย์ · speech_list_judge_main_c03	Kaito (ช)	[อีกแทร็ก]	Not long after that, Tak left the rest of his\nfamily behind and came to Kamurocho.	ไม่นานหลังจากนั้น ทาคุก็ทิ้ง\nญาติที่เหลือไว้แล้วมาที่คามุโรโจ
P0301-1076	พากย์ · speech_list_judge_main_c03	Kaito (ช)		So, he lied about his age\nand snagged a job at Tender.	แล้วเขาก็โกหกเรื่องอายุ\nได้งานที่เทนเดอร์มา
P0301-1077	พากย์ · speech_list_judge_main_c03	Kaito (ช)	[อีกแทร็ก]	He lied about his age\nand snagged a job at Tender.	เขาโกหกเรื่องอายุ\nได้งานที่เทนเดอร์มา
P0301-1078	พากย์ · speech_list_judge_main_c03	Kaito (ช)		Yeah. And if you want the truth,\nI wasn't too big on the guy at first either.	ใช่ แล้วถ้าจะให้พูดตามตรง\nตอนแรกฉันก็ไม่ค่อยชอบเจ้าหมอ นั่นเหมือนกัน
P0301-1079	พากย์ · speech_list_judge_main_c03	Kaito (ช)	[อีกแทร็ก]	Yeah, well... If I'm bein' honest,\nI wasn't big on the guy at first either.	ใช่ ก็...ถ้าจะให้พูดตรงๆ\nตอนแรกฉันก็ไม่ค่อยชอบมันเหมือนกัน
P0301-1080	พากย์ · speech_list_judge_main_c03	Kaito (ช)		I was pretty green at the time too.	ตอนนั้นฉันเองก็ยังอ่อนหัดอยู่มาก
P0301-1081	พากย์ · speech_list_judge_main_c03	Kaito (ช)	[อีกแทร็ก]	I was pretty green at the time myself.	ตอนนั้นฉันเองก็ยังอ่อนหัดอยู่ เหมือนกัน
P0301-1082	พากย์ · speech_list_judge_main_c03	Kaito (ช)		But here comes this 15 year old punk picking a fight\nwith a yakuza my size. The balls on that one.	แล้วอยู่ดีๆ ไอ้เด็กบ้าอายุสิบห้าก็มาหาเรื่อง\nยากูซ่าตัวใหญ่อย่างฉัน กล้าจริงว่ะ
P0301-1083	พากย์ · speech_list_judge_main_c03	Kaito (ช)	[อีกแทร็ก]	And here comes this 15-year-old-punk\npicking a fight with a yakuza my size.	แล้วอยู่ดีๆ ไอ้เด็กบ้าอายุสิบห้า\nก็มาหาเรื่องยากูซ่าตัวใหญ่อย่างฉัน
P0301-1084	พากย์ · speech_list_judge_main_c03	Kaito (ช)		Probably.\n'Til I broke his nose.	คงงั้นแหละ\nจนกระทั่งฉันต่อยจมูกมันหัก
P0301-1085	พากย์ · speech_list_judge_main_c03	Kaito (ช)	[อีกแทร็ก]	Probably, 'til I broke his nose.	คงงั้นแหละ จนฉันต่อยจมูกมันหัก
P0301-1086	พากย์ · speech_list_judge_main_c03	Kaito (ช)		But no matter how much he gets beaten down,\nTak's not the kinda guy to give up.	แต่ไม่ว่าจะโดนซ้อมหนักแค่ไหน\nทาคุก็ไม่ใช่คนที่จะยอมแพ้
P0301-1087	พากย์ · speech_list_judge_main_c03	Kaito (ช)	[อีกแทร็ก]	But every time, he bounced back. No matter what you\nthrow at him, he's not the kinda guy to give up.	แต่ทุกครั้งเขาก็ลุกขึ้นมาใหม่ ไม่ว่าจะโดนอะไร\nเขาก็ไม่ใช่คนที่จะยอมแพ้
P0301-1088	พากย์ · speech_list_judge_main_c03	Kaito (ช)		Every time I beat the crap outta him,\nhe'd act like it was no big deal.	ทุกครั้งที่ฉันซ้อมมันซะเละ\nมันก็ทำหน้าเหมือนไม่มีอะไรเกิดขึ้น
P0301-1089	พากย์ · speech_list_judge_main_c03	Kaito (ช)	[อีกแทร็ก]	I'd beat the shit out of him,\nand he'd just brush it off.	ฉันซ้อมมันซะเละ\nแต่มันก็สลัดทิ้งเหมือนไม่มีอะไร
P0301-1090	พากย์ · speech_list_judge_main_c03	Kaito (ช)		Then one day, and I couldn't tell you why...\nMatsugane-san took a shine to him.	แล้ววันหนึ่ง ไม่รู้ทำไมเหมือนกัน...\nท่านมัตสึกาเนะก็ถูกใจมันขึ้นมา
P0301-1091	พากย์ · speech_list_judge_main_c03	Kaito (ช)	[อีกแทร็ก]	Then one day, I dunno why...\nMatsugane-san took a shine to him.	แล้ววันหนึ่ง ไม่รู้ทำไมเหมือนกัน...\nท่านมัตสึกาเนะก็ถูกใจมันขึ้นมา
P0301-1092	พากย์ · speech_list_judge_main_c03	Kaito (ช)		This weird father-son thing just kinda happened.\nTak wouldn't listen to anyone else.	อยู่ดีๆ ก็กลายเป็นเหมือนพ่อลูกกันแปลกๆ\nทาคุไม่ยอมฟังใครนอกจากท่าน
P0301-1093	พากย์ · speech_list_judge_main_c03	Kaito (ช)	[อีกแทร็ก]	And Tak gradually started\nactually listening to the old man.	แล้วทาคุก็ค่อยๆ เริ่ม\nฟังคำท่านจริงจัง
P0301-1094	พากย์ · speech_list_judge_main_c03	Kaito (ช)		For me n' you, becoming yakuza was our only choice.\nBut for him? It was different.	สำหรับฉันกับแก การเป็นยากูซ่าคือทางเลือกเดียว\nแต่สำหรับมัน? มันต่างออกไป
P0301-1095	พากย์ · speech_list_judge_main_c03	Kaito (ช)	[อีกแทร็ก]	He was different. Guys like us got the yakuza\nlife in our blood, but not him.	มันต่างจากเรา คนอย่างเรามีสายเลือดยากูซ่า\nติดตัวมาแต่เกิด แต่มันไม่ใช่
P0301-1096	พากย์ · speech_list_judge_main_c03	Kaito (ช)		And if I had to guess, the boss could see that,\nand that's why he took him in.	ถ้าให้เดา โอยาบุนคงมองออก\nนั่นแหละคือเหตุผลที่ท่านรับมันไว้
P0301-1097	พากย์ · speech_list_judge_main_c03	Kaito (ช)	[อีกแทร็ก]	If I had to guess, that's probably why\nthe boss decided to take him in.	ถ้าให้เดา นั่นคงเป็นเหตุผล\nที่โอยาบุนตัดสินใจรับมันไว้
P0301-1098	พากย์ · speech_list_judge_main_c03	Kaito (ช)		Tak didn't let him down, though.\nEnded up passing the bar exam not long after.	แต่ทาคุก็ไม่ทำให้ท่านผิดหวัง\nสอบเนติบัณฑิตผ่านในเวลาไม่นาน หลังจากนั้น
P0301-1099	พากย์ · speech_list_judge_main_c03	Kaito (ช)	[อีกแทร็ก]	Tak didn't let him down, though.\nPassed the bar exam not long after.	แต่ทาคุก็ไม่ทำให้ท่านผิดหวัง\nสอบเนติบัณฑิตผ่านในเวลาไม่นาน หลังจากนั้น
P0301-1100	พากย์ · speech_list_judge_main_c03	Kaito (ช)		I could ask the same question about a guy\nwho got kicked out for letting his safe get robbed.	ฉันก็อยากถามคำถามเดียวกันกลับ กับคนที่\nโดนไล่ออกเพราะปล่อยให้เซฟถูกปล้น เหมือนกันนะ
P0301-1101	พากย์ · speech_list_judge_main_c03	Kaito (ช)	[อีกแทร็ก]	Well, I mean... What do <font_kind=yakuza_italic>you</font_kind> see in a guy who\ngot kicked out for letting his safe get robbed?	ก็คือ...แล้ว<font_kind=yakuza_italic>แก</font_kind>เห็นอะไรในตัวคนที่\nโดนไล่ออกเพราะปล่อยให้เซฟถูกปล้นล่ะ?
P0301-1102	พากย์ · speech_list_judge_main_c03	Kaito (ช)		Kamurocho chews up guys like us.	คามุโรโจกินคนอย่างเราไม่เหลือ
P0301-1103	พากย์ · speech_list_judge_main_c03	Kaito (ช)	[อีกแทร็ก]	Just another day in Kamurocho.	ก็แค่อีกวันหนึ่งในคามุโรโจ
P0301-1104	พากย์ · speech_list_judge_main_c03	Kaito (ช)		And when it spits you out,\nyou're right back on the street.	แล้วพอมันคายเราออกมา\nก็กลับไปอยู่ข้างถนนเหมือนเดิม
P0301-1105	พากย์ · speech_list_judge_main_c03	Kaito (ช)	[อีกแทร็ก]	It chews us up and spits us\nright back out.	มันกินเราเข้าไป แล้วก็คาย\nเรากลับออกมาเหมือนเดิม
P0301-1106	พากย์ · speech_list_judge_main_c03	Kaito (ช)		But me and him, we grew up here.\nWe don't have another home.	แต่ฉันกับมัน โตมาที่นี่ด้วยกัน\nเราไม่มีบ้านอื่นแล้ว
P0301-1107	พากย์ · speech_list_judge_main_c03	Kaito (ช)	[อีกแทร็ก]	But me and him... We grew up here.\nGot nowhere else to go.	แต่ฉันกับมัน...โตมาที่นี่ด้วยกัน\nไม่มีที่ไปอื่นแล้ว
P0301-1108	พากย์ · speech_list_judge_main_c03	Kaito (ช)		So even if it means butting heads with Captain Hamura...\nWe're gonna see this shit through.	ต่อให้ต้องปะทะกับกัปตันฮามุระ...\nเราก็จะสู้เรื่องบ้านี่ให้จบ
P0301-1109	พากย์ · speech_list_judge_main_c03	Kaito (ช)	[อีกแทร็ก]	So no matter how much we gotta butt heads with Hamura...\nwe're gonna do this our way.	ไม่ว่าจะต้องปะทะกับฮามุระแค่ไหน...\nเราก็จะทำตามทางของเราเอง
P0301-1110	พากย์ · speech_list_judge_main_c03	Kaito (ช)		I think I can live with that.	ฉันว่าแค่นั้นก็พอไหวแล้วล่ะ
P0301-1111	พากย์ · speech_list_judge_main_c03	Kaito (ช)	[อีกแทร็ก]	Glad to hear.\nI'll take it.	ดีใจที่ได้ยินแบบนั้น\nแค่นี้ก็พอแล้ว
P0301-1112	ตัวเลือก · M03_01300_select_01	Yagami (ตัวเลือก) (ช)		About Higashi	เรื่องฮิงาชิ
P0301-1113	ตัวเลือก · M03_01300_select_01	Yagami (ตัวเลือก) (ช)		About Hamura	เรื่องฮามุระ
P0301-1114	ตัวเลือก · M03_01300_select_01	Yagami (ตัวเลือก) (ช)	[ใช้ร่วม]	Quit	ออก
P0301-1115	ตัวเลือก · M03_01300_select_01	Yagami (ตัวเลือก) (ช)		About the Stolen Money	เรื่องเงินที่ถูกขโมย
P0301-1116	ตัวเลือก · M03_01650_select_01	Yagami (ตัวเลือก) (ช)		Don't Rest	ไม่พัก
P0301-1117	ตัวเลือก · M03_01650_select_01	Yagami (ตัวเลือก) (ช)	[ใช้ร่วม]	Rest	พักผ่อน
P0301-1118	เป้าหมายภารกิจ · judge_m_M03_00300	(ข้อความระบบ) (กลาง)	[ใช้ร่วม] [ซ้ำในบท x10]	Chapter 3: The Stickup	บทที่ 3: การปล้น
P0301-1119	เป้าหมายภารกิจ · judge_m_M03_00300	(ข้อความระบบ) (กลาง)	[ใช้ร่วม] [ซ้ำในบท x2]	Return to Yagami Detective Agency	กลับไปที่สำนักงานนักสืบยากามิ
P0301-1120	เป้าหมายภารกิจ · judge_m_M03_00300	(ข้อความระบบ) (กลาง)		The Matsugane Family wants us dead. I've gotta warn Kaito-san!	ตระกูลมัตสึกาเนะต้องการ เอาชีวิตพวกเรา ผมต้องรีบเตือนไคโตะซัง!
P0301-1121	เป้าหมายภารกิจ · judge_m_M03_00800	(ข้อความระบบ) (กลาง)		Investigate Higashi	สืบเรื่องฮิงาชิ
P0301-1122	เป้าหมายภารกิจ · judge_m_M03_00800	(ข้อความระบบ) (กลาง)		Charles was just a spot for shady deals back when Kaito ran it. What does Higashi do there now?	ตอนที่ไคโตะดูแล ชาร์ลส์เป็นแค่ที่ทำธุรกิจใต้ดิน แล้วตอนนี้ฮิงาชิทำอะไรอยู่ ที่นั่นกันแน่
P0301-1123	เป้าหมายภารกิจ · judge_m_M03_01300	(ข้อความระบบ) (กลาง)		Report to Kaito	รายงานไคโตะ
P0301-1124	เป้าหมายภารกิจ · judge_m_M03_01300	(ข้อความระบบ) (กลาง)		It's been a year since 100 million yen got stolen from the Matsugane Family. What ever happened to the thief? I should fill Kaito-san in.	ผ่านมาปีนึงแล้วตั้งแต่เงิน 100 ล้านเยนถูกขโมยไปจากตระกูลมัตสึกาเนะ เกิดอะไรขึ้นกับโจรคนนั้นกันแน่ ผมควรเล่าให้ไคโตะซังฟัง
P0301-1125	เป้าหมายภารกิจ · judge_m_M03_01400	(ข้อความระบบ) (กลาง)	[ใช้ร่วม]	Head to Tender	ไปที่เทนเดอร์
P0301-1126	เป้าหมายภารกิจ · judge_m_M03_01400	(ข้อความระบบ) (กลาง)		Maybe I can get some info from Ayabe about the Matsugane Family robbery last year.	บางทีผมอาจขอข้อมูลจากอายาเบะ เรื่องการปล้น ตระกูลมัตสึกาเนะเมื่อปีที่แล้วได้
P0301-1127	เป้าหมายภารกิจ · judge_m_M03_02200	(ข้อความระบบ) (กลาง)		Inquire about Red Nose	สอบถามเรื่องจมูกแดง
P0301-1128	เป้าหมายภารกิจ · judge_m_M03_02200	(ข้อความระบบ) (กลาง)		The robber that knocked off the Matsugane Family was a homeless guy called Red Nose. Maybe some homeless guys would know if he's even still alive...	โจรที่ปล้นตระกูลมัตสึกาเนะคือ คนไร้บ้านที่ชื่อจมูกแดง บางทีคนไร้บ้านคนอื่นอาจรู้ว่า เขายังมีชีวิตอยู่หรือเปล่า...
P0301-1129	เป้าหมายภารกิจ · judge_m_M03_02220	(ข้อความระบบ) (กลาง)		Head to Paradise VR	ไปที่ Paradise VR
P0301-1130	เป้าหมายภารกิจ · judge_m_M03_02220	(ข้อความระบบ) (กลาง)		These places pop up faster than I can keep track of them. I guess I'll do what I can to find out more about Red Nose.	ที่พวกนี้ผุดขึ้นเร็วกว่าที่ผม จะตามทันซะอีก เอาเถอะ ผมจะทำเท่าที่ทำได้เพื่อหา ข้อมูลเรื่องจมูกแดงเพิ่ม
P0301-1131	เป้าหมายภารกิจ · judge_m_M03_02300	(ข้อความระบบ) (กลาง)		Return to the Homeless Man	กลับไปหาชายไร้บ้าน
P0301-1132	เป้าหมายภารกิจ · judge_m_M03_02300	(ข้อความระบบ) (กลาง)		Not gonna lie, that was fun. I should swing by again when I have some time. But for now, it's back to the Shichifuku Parking Lot.	บอกตรง ๆ ว่าสนุกดี ผมควรแวะมาอีกตอนมีเวลา แต่ตอนนี้ต้องกลับไปที่ลานจอดรถ ชิจิฟุกุก่อน
P0301-1133	เป้าหมายภารกิจ · judge_m_M03_02400	(ข้อความระบบ) (กลาง)	[ใช้ร่วม]	Head to the Children's Park	ไปที่สวนเด็ก
P0301-1134	เป้าหมายภารกิจ · judge_m_M03_02400	(ข้อความระบบ) (กลาง)		A volunteer group runs a soup kitchen at the Children's Park. Maybe someone there would have some info on Red Nose.	มีกลุ่มอาสาสมัครแจกซุปอยู่ที่สวนเด็ก บางทีคนที่นั่นอาจมีข้อมูล เรื่องจมูกแดงบ้าง
P0301-1135	เป้าหมายภารกิจ · judge_m_M03_01600	(ข้อความระบบ) (กลาง)		I'll meet up with Ayabe at my office tomorrow. I better have the 100,000 yen fee ready before then.	พรุ่งนี้ผมจะไปพบอายาเบะที่ออฟฟิศ ผมควรเตรียมค่าธรรมเนียม 100,000 เยนให้พร้อมก่อนถึงตอนนั้น
P0301-1136	เป้าหมายภารกิจ · judge_m_M03_00500	(ข้อความระบบ) (กลาง)		Tail Higashi	สะกดรอยฮิงาชิ
P0301-1137	เป้าหมายภารกิจ · judge_m_M03_00500	(ข้อความระบบ) (กลาง)		What happened to Higashi over the last year? Learning where he goes is a start.	เกิดอะไรขึ้นกับฮิงาชิในช่วงปี ที่ผ่านมา รู้ว่าเขาไปไหนก็เป็นจุดเริ่มต้นที่ดี
