id	ฉาก	ผู้พูด	EN	TH
R05-0001	บท 3 คัตซีน · a03_030	Hamura (ช)	Who's there?\nCome out!	ใครน่ะ?\nออกมาซะ!
R05-0002	บท 3 คัตซีน · a03_030	Hamura (ช) [อีกแทร็ก]	Who's there!?\nShow yourself!	ใครอยู่ตรงนั้น!?\nออกมาให้เห็นหน้า!
R05-0003	บท 3 คัตซีน · a03_030	Higashi (ช)	Hamura?\nIs that him...?	ฮามุระ?\nใช่เขาหรือเปล่า...?
R05-0004	บท 3 คัตซีน · a03_030	Higashi (ช) [อีกแทร็ก] [ใช้ร่วมหลายคน]	Captain Hamura...?	กัปตันฮามุระ...?
R05-0005	บท 3 คัตซีน · a03_030	Higashi (ช)	It's Higashi, sir!	ผมฮิงาชิเองครับ!
R05-0006	บท 3 คัตซีน · a03_030	Higashi (ช) [อีกแทร็ก]	C-Captain...!?	ก-กัปตัน...!?
R05-0007	บท 3 คัตซีน · a03_030	Higashi (ช)	Sorry to barge in\non you like this.	ขอโทษที่บุกมา\nแบบนี้นะ
R05-0008	บท 3 คัตซีน · a03_030	Higashi (ช) [อีกแทร็ก]	It's me! Higashi!	ผมเองครับ! ฮิงาชิ!
R05-0009	บท 3 คัตซีน · a03_030	Hamura (ช)	Higashi... What in the fuck\nare you doing here? Are you alone?	ฮิงาชิ... แกมาทำ\nบ้าอะไรที่นี่? มาคนเดียวเหรอ?
R05-0010	บท 3 คัตซีน · a03_030	Hamura (ช) [อีกแทร็ก]	Higashi? Why are you here, fool?\nYou alone?	ฮิงาชิ? ไอ้โง่ มาทำอะไรที่นี่?\nมาคนเดียวเหรอ?
R05-0011	บท 3 คัตซีน · a03_030	Higashi (ช)	I, uh... I don't know if you realize,\nbut that's the guy!	ผม เอ่อ... ไม่รู้ว่าท่านสังเกตหรือเปล่า\nแต่นั่นแหละคือตัวเขา!
R05-0012	บท 3 คัตซีน · a03_030	Higashi (ช) [อีกแทร็ก]	Um... That homeless guy...	เอ่อ... ไอ้คนไร้บ้านคนนั้น...
R05-0013	บท 3 คัตซีน · a03_030	Higashi (ช)	That's Red Nose! He stole the\n100 mil from our office!	นั่นคือจมูกแดง! คนที่ขโมย\nเงิน 100 ล้านจากสำนักงานเรา!
R05-0014	บท 3 คัตซีน · a03_030	Higashi (ช) [อีกแทร็ก]	That's "Red Nose," the guy who\nstole the hundred million!	นั่นคือ "จมูกแดง" คนที่\nขโมยเงินร้อยล้านไป!
R05-0015	บท 3 คัตซีน · a03_030	Hamura (ช)	Sorry, Red Nose.\nThis is nothing personal.	ขอโทษนะ จมูกแดง\nนี่ไม่ใช่เรื่องส่วนตัว
R05-0016	บท 3 คัตซีน · a03_030	Hamura (ช) [อีกแทร็ก]	It's nothing personal.\nBlame this idiot.	ไม่ใช่เรื่องส่วนตัวหรอก\nไปโทษไอ้โง่คนนี้เถอะ
R05-0017	บท 3 คัตซีน · a03_030	? (?) [ใช้ร่วมหลายคน]	Huh?	หา?
R05-0018	บท 3 คัตซีน · a03_030	Higashi (ช)	Captain...?	กัปตัน...?
R05-0019	บท 3 คัตซีน · a03_030	Higashi (ช) [อีกแทร็ก]	...Why!?	...ทำไมกัน!?
R05-0020	บท 3 คัตซีน · a03_030	Higashi (ช)	Hey, uh...\nThat really a good idea?	เฮ้ เอ่อ...\nนั่นมันไอเดียที่ดีจริง ๆ เหรอ?
R05-0021	บท 3 คัตซีน · a03_030	Higashi (ช) [อีกแทร็ก]	Captain, sure that's not a bad call?	กัปตัน แน่ใจเหรอว่านี่ไม่ใช่ การตัดสินใจที่ผิด?
R05-0022	บท 3 คัตซีน · a03_030	? (ช) [ใช้ร่วมหลายคน]	Tell me.	บอกมาสิ
R05-0023	บท 3 คัตซีน · a03_030	? (?) [อีกแทร็ก]	Talk.	พูดมา
R05-0024	บท 3 คัตซีน · a03_030	Hamura (ช)	How'd you find out\nRed Nose was the thief?	มึงรู้ได้ยังไง\nว่าจมูกแดงคือตัวขโมย?
R05-0025	บท 3 คัตซีน · a03_030	Hamura (ช) [อีกแทร็ก]	How did you know he was the thief?	มึงรู้ได้ยังไงว่าเขาคือตัวขโมย?
R05-0026	บท 3 คัตซีน · a03_030	Higashi (ช)	I, uh... Well, I...	ผม เอ่อ... ก็คือ ผม...
R05-0027	บท 3 คัตซีน · a03_030	Higashi (ช) [อีกแทร็ก] [ใช้ร่วมหลายคน]	W-Well...	ก-ก็...
R05-0028	บท 3 คัตซีน · a03_030	Higashi (ช)	What was I supposed to do?\nI told him everything.	แล้วจะให้ผมทำยังไงได้ล่ะ?\nผมบอกเขาไปหมดทุกอย่าง
R05-0029	บท 3 คัตซีน · a03_030	Higashi (ช) [อีกแทร็ก]	I told him the whole story.	ผมเล่าเรื่องทั้งหมดให้เขาฟัง
R05-0030	บท 3 คัตซีน · a03_030	Higashi (ช)	How I was in the office when\nthe thief broke in and stole the money.	ว่าผมอยู่ในสำนักงานตอนที่\nขโมยบุกเข้ามาขโมยเงินไป
R05-0031	บท 3 คัตซีน · a03_030	Higashi (ช) [อีกแทร็ก]	Told him how I was actually\nthere when he hit the office.	บอกเขาไปว่าผมอยู่ตรงนั้นจริง ๆ\nตอนที่เขาบุกสำนักงาน
R05-0032	บท 3 คัตซีน · a03_030	Higashi (ช)	How I bought police info from Ayabe\nand followed the trail to Red Nose.	ว่าผมซื้อข้อมูลตำรวจจากอายาเบะ\nแล้วตามรอยไปจนเจอจมูกแดง
R05-0033	บท 3 คัตซีน · a03_030	Higashi (ช) [อีกแทร็ก]	How I bribed Ayabe to get a lead on Red Nose.	ว่าผมติดสินบนอายาเบะเพื่อหา เบาะแสจมูกแดง
R05-0034	บท 3 คัตซีน · a03_030	Higashi (ช)	I kept talking, like my fucking life\ndepended on it. Probably did, to be honest.	ผมพูดไม่หยุดเลย เหมือนชีวิตแขวนอยู่\nกับมัน จริงๆ ก็คงงั้นแหละ
R05-0035	บท 3 คัตซีน · a03_030	Higashi (ช) [อีกแทร็ก]	It felt like he would shoot me if\nI stopped talking, so I kept jabbering.	รู้สึกเหมือนถ้าผมหยุดพูดเมื่อไหร่\nเขาต้องยิงผมแน่ ผมเลยพูดไม่หยุด
R05-0036	บท 3 คัตซีน · a03_030	Hamura (ช)	Real insightful.	ช่างเฉียบแหลมจริง ๆ
R05-0037	บท 3 คัตซีน · a03_030	Hamura (ช) [อีกแทร็ก] [ใช้ร่วมหลายคน]	I get it.	เข้าใจแล้ว
R05-0038	บท 3 คัตซีน · a03_030	Hamura (ช)	You did all that so you could clear\nyour buddy Kaito's name, huh?	มึงทำทั้งหมดนั้นเพื่อล้างมลทิน\nให้ไคโตะเพื่อนมึงสินะ?
R05-0039	บท 3 คัตซีน · a03_030	Hamura (ช) [อีกแทร็ก]	So, you were trying to clear Kaito's name?	งั้นมึงพยายามล้างมลทินให้ไคโตะสินะ?
R05-0040	บท 3 คัตซีน · a03_030	Hamura (ช)	Aren't you just the most\nloyal boy in town?	มึงนี่มันเด็กที่ภักดี\nที่สุดในเมืองเลยนะ
R05-0041	บท 3 คัตซีน · a03_030	Hamura (ช) [อีกแทร็ก]	What a good boy.	เด็กดีจริง ๆ
R05-0042	บท 3 คัตซีน · a03_030	Red Nose (ช)	Please... Don't shoot...	ได้โปรด... อย่ายิงเลย...
R05-0043	บท 3 คัตซีน · a03_030	Red Nose (ช) [อีกแทร็ก]	Don't kill me!	อย่าฆ่าผมเลย!
R05-0044	บท 3 คัตซีน · a03_030	Red Nose (ช)	Whatever it is you want!\nI'm begging you, Captain!	อะไรก็ได้ที่ท่านต้องการ!\nผมขอร้องล่ะ กัปตัน!
R05-0045	บท 3 คัตซีน · a03_030	Red Nose (ช) [อีกแทร็ก]	Please! Lemme live!	ได้โปรด! ให้ผมมีชีวิตอยู่ต่อเถอะ!
R05-0046	บท 3 คัตซีน · a03_030	Higashi (ช)	But, Captain. Hold on.\nYou sure?	แต่... กัปตัน เดี๋ยวก่อน\nแน่ใจนะครับ?
R05-0047	บท 3 คัตซีน · a03_030	Higashi (ช) [อีกแทร็ก]	Captain, you're really gonna...?	กัปตัน ท่านจะทำจริง ๆ เหรอ...?
R05-0048	บท 3 คัตซีน · a03_030	Hamura (ช)	Probably right.	คงงั้นแหละ
R05-0049	บท 3 คัตซีน · a03_030	Hamura (ช) [อีกแทร็ก]	That depends...	ก็แล้วแต่...
R05-0050	บท 3 คัตซีน · a03_030	Hamura (ช)	You wanna stay alive...\nYou show us some loyalty.	มึงอยากมีชีวิตอยู่...\nก็แสดงความภักดีให้กูดูหน่อยสิ
R05-0051	บท 3 คัตซีน · a03_030	Hamura (ช) [อีกแทร็ก]	If you want to live,\npledge your loyalty to me.	ถ้ามึงอยากมีชีวิตอยู่\nก็สาบานความภักดีต่อกูซะ
R05-0052	บท 3 คัตซีน · a03_030	Hamura (ช)	Prove yourself once and for all.	พิสูจน์ตัวเองซะให้เด็ดขาดไปเลย
R05-0053	บท 3 คัตซีน · a03_030	Hamura (ช) [อีกแทร็ก]	And I'll need you to prove it.	แล้วกูจะให้มึงพิสูจน์มัน
R05-0054	บท 3 คัตซีน · a03_030	Higashi (ช)	But how? How can I?	แต่ทำยังไงล่ะ? ผมจะทำได้ยังไง?
R05-0055	บท 3 คัตซีน · a03_030	Higashi (ช) [อีกแทร็ก]	But... How!?	แต่... ยังไงกัน!?
R05-0056	บท 3 คัตซีน · a03_030	Hamura (ช)	Here's how.	แบบนี้ไง
R05-0057	บท 3 คัตซีน · a03_030	Hamura (ช) [อีกแทร็ก]	Finish it.	จบมันซะ
R05-0058	บท 3 คัตซีน · a03_030	? (?) [ใช้ร่วมหลายคน]	What!?	อะไรนะ!?
R05-0059	บท 3 คัตซีน · a03_030	? (?) [อีกแทร็ก]	If you hadn't shown up,\nhe might've gotten to live.	ถ้ามึงไม่โผล่มา\nเขาอาจจะยังมีชีวิตอยู่ก็ได้
R05-0060	บท 3 คัตซีน · a03_030	? (?)	He wouldn't have had to die\nif you didn't show your sorry face.	เขาไม่ต้องตายหรอก\nถ้ามึงไม่โผล่หน้าซวยๆ มา
R05-0061	บท 3 คัตซีน · a03_030	? (?) [อีกแทร็ก]	Not only that,\nhe'd be 10 million yen richer.	ไม่ใช่แค่นั้น\nเขาจะรวยขึ้นอีก 10 ล้านเยนด้วย
R05-0062	บท 3 คัตซีน · a03_030	? (?)	Not only that...\nHe would've walked away 10 million richer.	ไม่ใช่แค่นั้น...\nเขาคงเดินจากไปพร้อมเงินอีก 10 ล้าน
R05-0063	บท 3 คัตซีน · a03_030	? (?) [อีกแทร็ก]	Poor guy, right?	น่าสงสารเนอะ?
R05-0064	บท 3 คัตซีน · a03_030	? (?)	Poor son of a bitch.\nHis blood's on your hands, you know.	น่าสงสารที่สุดเลย\nเลือดของเขาติดมือมึงนะ รู้ไหม
R05-0065	บท 3 คัตซีน · a03_030	? (?) [อีกแทร็ก]	You're the one who killed him.	มึงนี่แหละที่ฆ่าเขา
R05-0066	บท 3 คัตซีน · a03_030	? (?) [ใช้ร่วมหลายคน]	No!	ไม่นะ!
R05-0067	บท 3 คัตซีน · a03_030	? (?) [อีกแทร็ก]	Nooo!	ไม่นะ!
R05-0068	บท 3 คัตซีน · a03_030	Hamura (ช)	Oh wow.\nYou scream like a fucking whore.	โห\nมึงกรี๊ดเหมือนอีดอกทองเลยว่ะ
R05-0069	บท 3 คัตซีน · a03_030	Hamura (ช) [อีกแทร็ก]	You scream like a woman, you know.	มึงกรี๊ดเหมือนผู้หญิงเลยนะ รู้ไหม
R05-0070	บท 3 คัตซีน · a03_030	Hamura (ช)	Kind of a turn on to be honest.	จะบอกว่ามันเสียวๆ ดีเหมือนกันนะ
R05-0071	บท 3 คัตซีน · a03_030	Hamura (ช) [อีกแทร็ก]	Kinda gets me going.	มันทำให้กูอารมณ์ดีขึ้นเลยว่ะ
R05-0072	บท 3 คัตซีน · a03_030	? (?)	What are you so upset for?	มึงเสียใจไปทำไมกัน?
R05-0073	บท 3 คัตซีน · a03_030	? (?) [อีกแทร็ก]	And with that...	และด้วยเหตุนั้น...
R05-0074	บท 3 คัตซีน · a03_030	Hamura (ช)	You're finally a real yakuza now.	ในที่สุดมึงก็เป็นยากูซ่าตัวจริงแล้ว
R05-0075	บท 3 คัตซีน · a03_030	Hamura (ช) [อีกแทร็ก]	...You're a real yakuza now.	...ตอนนี้มึงเป็นยากูซ่าตัวจริงแล้ว
R05-0076	บท 3 คัตซีน · a03_040	Kaito (ช)	When Tak was younger...	ตอนที่ทาคุยังเด็ก...
R05-0077	บท 3 คัตซีน · a03_040	Kaito (ช) [อีกแทร็ก]	When Tak was younger...　	ตอนที่ทาคุยังเด็ก...　
R05-0078	บท 3 คัตซีน · a03_040	Kaito (ช)	His parents were both\nstabbed to death.	พ่อแม่ของเขาทั้งคู่\nถูกแทงจนเสียชีวิต
R05-0079	บท 3 คัตซีน · a03_040	Kaito (ช) [อีกแทร็ก]	His parents were butchered\nwith a kitchen knife.　	พ่อแม่ของเขาถูกฆ่าอย่างโหดเหี้ยม\nด้วยมีดทำครัว　
R05-0080	บท 3 คัตซีน · a03_040	Kaito (ช)	Tak was at a friend's\nhouse when it happened.	ตอนที่มันเกิดขึ้น ทาคุอยู่ที่\nบ้านเพื่อน
R05-0081	บท 3 คัตซีน · a03_040	Kaito (ช) [อีกแทร็ก]	They worked all the time,\nso he was going through his rebel phase.	พ่อแม่ทำงานตลอดเวลา\nเขาเลยอยู่ในช่วงหัวขบถ
R05-0082	บท 3 คัตซีน · a03_040	Kaito (ช)	He was there to avoid them,\npissed about the hours they were working.	เขาไปอยู่ที่นั่นเพื่อเลี่ยง หน้าพ่อแม่\nหงุดหงิดที่พวกเขาทำงานหนักตลอดเวลา
R05-0083	บท 3 คัตซีน · a03_040	Kaito (ช) [อีกแทร็ก]	He was crashing at a friend's\nplace when it happened.	ตอนที่มันเกิดขึ้น เขานอนค้าง\nอยู่ที่บ้านเพื่อน
R05-0084	บท 3 คัตซีน · a03_040	Kaito (ช)	But maybe if he'd been home...	แต่บางทีถ้าเขาอยู่บ้าน...
R05-0085	บท 3 คัตซีน · a03_040	Kaito (ช) [อีกแทร็ก]	If he'd been home...	ถ้าเขาอยู่บ้าน...
R05-0086	บท 3 คัตซีน · a03_040	Kaito (ช)	Maybe he could've done\nsomething. Anything.	บางทีเขาอาจจะทำ\nอะไรได้บ้าง อะไรก็ได้
R05-0087	บท 3 คัตซีน · a03_040	Kaito (ช) [อีกแทร็ก]	...Maybe he could have stopped the guy.　	...บางทีเขาอาจจะหยุดไอ้คนนั้นได้　
R05-0088	บท 3 คัตซีน · a03_040	Kaito (ช)	Maybe his parents would\nstill be alive.	บางทีพ่อแม่ของเขา\nอาจจะยังมีชีวิตอยู่ก็ได้
R05-0089	บท 3 คัตซีน · a03_040	Kaito (ช) [อีกแทร็ก]	Maybe they'd still be alive.　	บางทีพวกเขาอาจจะยังมีชีวิตอยู่ก็ได้　
R05-0090	บท 3 พากย์ · speech_list_judge_main_c03	? (ช)	What, the kid in the mask?\nFind him too, dumbass!	อะไร ไอ้เด็กใส่หน้ากากน่ะเหรอ?\nหาให้เจอด้วย ไอ้โง่!
R05-0091	บท 3 พากย์ · speech_list_judge_main_c03	? (ช) [อีกแทร็ก]	What, the kid in the mask...?\nWhat do you think!? Find him too, dumbass!	อะไร ไอ้เด็กใส่หน้ากากนั่นน่ะเหรอ...?\nคิดว่าไงล่ะ!? หาให้เจอด้วย ไอ้โง่!
R05-0092	บท 3 พากย์ · speech_list_judge_main_c03	yagami (ช)	Come on, Kaito-san.\nPick up, pick up. You've gotta hide.	ไหนล่ะ ไคโตะซัง\nรับสายสิ รับสาย ต้องหลบซ่อนตัวนะ
R05-0093	บท 3 พากย์ · speech_list_judge_main_c03	yagami (ช) [อีกแทร็ก]	Pick up, Kaito-san...\nThe Matsugane Family is out for blood...	รับสายสิ ไคโตะซัง...\nตระกูลมัตสึกาเนะกำลังไล่ล่าอยู่...
R05-0094	บท 3 พากย์ · speech_list_judge_main_c03	? (ช)	Where is he...?	เขาอยู่ไหนกันนะ...?
R05-0095	บท 3 พากย์ · speech_list_judge_main_c03	yagami (ช)	(Kaito-san better not be back at the office.\nThat's the first place they'll look...!)	(ไคโตะซังอย่าเพิ่งกลับไปที่ ออฟฟิศเชียวนะ\nนั่นคือที่แรกที่พวกมันจะไปหา...!)
R05-0096	บท 3 พากย์ · speech_list_judge_main_c03	kaito (ช)	Yo. Tak.	โย่ ทาคุ
R05-0097	บท 3 พากย์ · speech_list_judge_main_c03	kaito (ช) [อีกแทร็ก]	Yo, Tak.	โย่ ทาคุ
R05-0098	บท 3 พากย์ · speech_list_judge_main_c03	higashi (ช)	Heh. Long time no see, Yagami.	เฮอะ ไม่เจอกันนานเลยนะ ยากามิ
R05-0099	บท 3 พากย์ · speech_list_judge_main_c03	higashi (ช) [อีกแทร็ก]	Yagami.\nLong time no see.	ยากามิ\nไม่เจอกันนานเลยนะ
R05-0100	บท 3 พากย์ · speech_list_judge_main_c03	? (ช)	Higashi? Is that you?	ฮิงาชิ? นายเองเหรอ?
R05-0101	บท 3 พากย์ · speech_list_judge_main_c03	? (ช) [อีกแทร็ก]	Is that you...? Higashi?	นายเองเหรอ...? ฮิงาชิ?
R05-0102	บท 3 พากย์ · speech_list_judge_main_c03	? (ช)	<color=ｍonologue>(Higashi from the Matsugane Family.\nHe and Kaito-san were close before Kaito-san got booted.)</color>	<color=ｍonologue>(ฮิงาชิแห่งตระกูลมัตสึกาเนะ\nเขากับไคโตะซังเคยสนิทกันก่อน ไคโตะซังจะถูกไล่ออก)</color>
R05-0103	บท 3 พากย์ · speech_list_judge_main_c03	? (ช)	Said he's here on captain's orders.\nThey've been looking for you.	บอกว่ามาตามคำสั่งกัปตัน\nพวกนั้นตามหานายอยู่
R05-0104	บท 3 พากย์ · speech_list_judge_main_c03	? (ช) [อีกแทร็ก]	Said he's here on the captain's orders.\nThey've been looking for you.	บอกว่ามาตามคำสั่งของกัปตัน\nพวกนั้นตามหานายอยู่
R05-0105	บท 3 พากย์ · speech_list_judge_main_c03	? (ช)	I know. Sounds like he really\ndoesn't want our killer caught.	รู้แล้วละ ฟังดูเหมือนเขาจะไม่อยากให้\nฆาตกรที่เราตามอยู่ถูกจับได้จริง ๆ
R05-0106	บท 3 พากย์ · speech_list_judge_main_c03	? (ช) [อีกแทร็ก]	I know. Sounds like he's desperate\nto cover for the Mole.	รู้แล้วละ ฟังดูเหมือนเขาจะพยายามสุดฤทธิ์\nปกป้องไส้ศึกอยู่
R05-0107	บท 3 พากย์ · speech_list_judge_main_c03	? (ช)	You're not giving up, are you?	นายยังไม่ยอมถอยใช่ไหม?
R05-0108	บท 3 พากย์ · speech_list_judge_main_c03	? (ช)	With how much it's pissing Hamura off?	ทั้งที่มันทำให้ฮามุระโมโหขนาด นี้เนี่ยนะ?
R05-0109	บท 3 พากย์ · speech_list_judge_main_c03	? (ช)	I wouldn't dream of it.	ไม่มีทางถอยหรอก
R05-0110	บท 3 พากย์ · speech_list_judge_main_c03	? (ช)	Keep your nose out of this, asshole.	อย่ามายุ่งเรื่องนี้เลยนะ ไอ้บ้า
R05-0111	บท 3 พากย์ · speech_list_judge_main_c03	? (ช)	It's your fault I'm here\ncleaning this shit up.	เพราะนายนั่นแหละ ผมถึงต้อง\nมาล้างขี้แบบนี้
R05-0112	บท 3 พากย์ · speech_list_judge_main_c03	? (ช)	What, something wrong? I thought you were\nall about bein' Hamura's lapdog.	อะไร มีปัญหาเหรอ? นึกว่านาย\nภูมิใจที่ได้เป็นหมารับใช้ฮามุระซะอีก
R05-0113	บท 3 พากย์ · speech_list_judge_main_c03	? (ช) [อีกแทร็ก]	Something wrong? Way I heard it,\nyou were all about bein' Hamura's lapdog.	มีปัญหาเหรอ? เท่าที่ได้ยินมา\nนายภูมิใจที่ได้เป็นหมารับใช้ ฮามุระนี่นา
R05-0114	บท 3 พากย์ · speech_list_judge_main_c03	? (ช)	I'm willing to do a few tricks\nfor the treats he hands out.	ผมยอมทำตามคำสั่งบ้าง\nแลกกับของที่เขาแบ่งให้
R05-0115	บท 3 พากย์ · speech_list_judge_main_c03	? (ช) [อีกแทร็ก]	He's got the treats,\nso I do his tricks.	เขามีของกิน\nผมก็เลยต้องทำตามที่สั่ง
R05-0116	บท 3 พากย์ · speech_list_judge_main_c03	? (ช)	And hell, he's a better leader\nthan you were... Kaito-aniki.	แล้วก็อีกอย่าง เขาเป็นหัวหน้าที่เก่งกว่า\nที่พี่เคยเป็นซะอีก... ไคโตะอานิกิ
R05-0117	บท 3 พากย์ · speech_list_judge_main_c03	? (ช)	You've got no business\ncalling me that now.	นายไม่มีสิทธิ์\nมาเรียกฉันแบบนั้นอีกแล้ว
R05-0118	บท 3 พากย์ · speech_list_judge_main_c03	? (ช) [อีกแทร็ก]	Don't call me that.\nI'm not your aniki anymore.	อย่ามาเรียกฉันแบบนั้น\nฉันไม่ใช่อานิกิของนายอีกแล้ว
R05-0119	บท 3 พากย์ · speech_list_judge_main_c03	? (ช)	I suppose not.	ก็คงอย่างนั้น
R05-0120	บท 3 พากย์ · speech_list_judge_main_c03	? (ช) [อีกแทร็ก]	Guess you're right.	พี่พูดถูกสินะ
R05-0121	บท 3 พากย์ · speech_list_judge_main_c03	? (ช)	Then take your thugs and go, Higashi.	ถ้างั้นก็พาพวกลูกน้องไปซะ ฮิงาชิ
R05-0122	บท 3 พากย์ · speech_list_judge_main_c03	? (ช) [อีกแทร็ก]	Now take your thugs and go, Higashi.	เอาล่ะ พาพวกลูกน้องไปซะ ฮิงาชิ
R05-0123	บท 3 พากย์ · speech_list_judge_main_c03	? (ช)	Fine.\nWe can call it here for today.	ก็ได้\nวันนี้พอแค่นี้ก่อนแล้วกัน
R05-0124	บท 3 พากย์ · speech_list_judge_main_c03	? (ช) [อีกแทร็ก]	Fine.\nThat's enough for today.	ก็ได้\nวันนี้พอแค่นี้แหละ
R05-0125	บท 3 พากย์ · speech_list_judge_main_c03	? (ช)	Looks like if I wanna fight you...	ดูเหมือนถ้าผมอยากสู้กับนาย...
R05-0126	บท 3 พากย์ · speech_list_judge_main_c03	? (ช)	I'll have to be ready to kill you.	ผมคงต้องเตรียมใจฆ่านายให้ได้
R05-0127	บท 3 พากย์ · speech_list_judge_main_c03	? (?) [ใช้ร่วมหลายคน]	Looking forward to it.	รอไปด้วยเลย
R05-0128	บท 3 พากย์ · speech_list_judge_main_c03	? (ช) [อีกแทร็ก]	Fine. Looking forward to it.	ก็ได้ รอไปด้วยเลย
R05-0129	บท 3 พากย์ · speech_list_judge_main_c03	? (ช)	We're done here.\nCome on.	จบเรื่องแค่นี้\nไปกันเถอะ
R05-0130	บท 3 พากย์ · speech_list_judge_main_c03	? (ช)	Remember what I told you.	จำที่ผมบอกไว้ให้ดี
R05-0131	บท 3 พากย์ · speech_list_judge_main_c03	? (ช)	Yagami here is a ticking time bomb.\nGet rid of him if you wanna survive.	ยากามินี่มันระเบิดเวลาดี ๆ นี่เอง\nถ้าอยากรอดก็กำจัดมันซะ
R05-0132	บท 3 พากย์ · speech_list_judge_main_c03	? (ช) [อีกแทร็ก]	Yagami here is like a goddamn disease.\nGet over him if you wanna survive.	ยากามินี่มันเหมือนโรคระบาดร้าย ๆ\nถ้าอยากรอดก็ลืมมันซะ
R05-0133	บท 3 พากย์ · speech_list_judge_main_c03	? (ช)	Damn, Higashi. You're finally looking\nlike a real yakuza these days.	บ้าเอ๊ย ฮิงาชิ ช่วงนี้ดูเป็น\nยากูซ่าตัวจริงขึ้นมาเลยนะ
R05-0134	บท 3 พากย์ · speech_list_judge_main_c03	? (ช) [อีกแทร็ก]	Higashi. You're finally looking like\na real yakuza.	ฮิงาชิ ในที่สุดก็ดูเป็น\nยากูซ่าตัวจริงซะที
R05-0135	บท 3 พากย์ · speech_list_judge_main_c03	? (ช)	Whatever, asshole.	แล้วแต่นายเถอะ ไอ้บ้า
R05-0136	บท 3 พากย์ · speech_list_judge_main_c03	? (ช) [อีกแทร็ก] [ใช้ร่วมหลายคน]	Shut up.	หุบปาก
R05-0137	บท 3 พากย์ · speech_list_judge_main_c03	? (ช)	Tak, think you can tail\nHigashi real quick?	ทาคุ คิดว่าจะแอบตาม\nฮิงาชิได้ไหม?
R05-0138	บท 3 พากย์ · speech_list_judge_main_c03	? (ช) [อีกแทร็ก]	Tak.\nCan you tail Higashi for me?	ทาคุ\nช่วยแอบตามฮิงาชิให้หน่อยได้ไหม?
R05-0139	บท 3 พากย์ · speech_list_judge_main_c03	haikai_homeless (ช) [ใช้ร่วมหลายคน]	Huh?	หา?
R05-0140	บท 3 พากย์ · speech_list_judge_main_c03	? (ช)	If I'm bein' honest... I've been worried\nabout him ever since I left the clan.	พูดตามตรง... ฉันเป็นห่วงเขา\nมาตลอดตั้งแต่ออกจากตระกูล
R05-0141	บท 3 พากย์ · speech_list_judge_main_c03	? (ช) [อีกแทร็ก]	If I'm bein' honest... I'm worried about him.\nHave been ever since I left the family.	พูดตามตรง... ฉันเป็นห่วงเขา\nเป็นห่วงมาตลอดตั้งแต่ออกจากตระกูล
R05-0142	บท 3 พากย์ · speech_list_judge_main_c03	? (ช)	Yeah, he's changed a lot.	ใช่ เขาเปลี่ยนไปเยอะเลย
R05-0143	บท 3 พากย์ · speech_list_judge_main_c03	? (ช) [อีกแทร็ก]	Yeah. He's like a different person...	ใช่ เขาเหมือนเป็นคนละคนเลย...
R05-0144	บท 3 พากย์ · speech_list_judge_main_c03	? (ช)	I couldn't tell you what he's been through,\nbut it's pretty clear he's had it rough.	ฉันบอกไม่ได้หรอกว่าเขาผ่านอะไรมาบ้าง\nแต่เห็นชัดว่าเขาลำบากมาไม่น้อย
R05-0145	บท 3 พากย์ · speech_list_judge_main_c03	? (ช) [อีกแทร็ก]	Can't argue with you there.\nI barely even recognized him.	เถียงไม่ออกเลย\nฉันแทบจำเขาไม่ได้เลยด้วยซ้ำ
R05-0146	บท 3 พากย์ · speech_list_judge_main_c03	? (ช)	It's like you said.\nHe's changed a lot.	เหมือนที่นายว่านั่นแหละ\nเขาเปลี่ยนไปเยอะเลยจริง ๆ
R05-0147	บท 3 พากย์ · speech_list_judge_main_c03	? (ช) [อีกแทร็ก]	It's just like you said.\nHe's changed.	เหมือนที่นายว่าเป๊ะเลย\nเขาเปลี่ยนไปแล้ว
R05-0148	บท 3 พากย์ · speech_list_judge_main_c03	? (ช)	All right. I'm on it.	ได้เลย เดี๋ยวจัดการให้
R05-0149	บท 3 พากย์ · speech_list_judge_main_c03	? (ช) [อีกแทร็ก]	Sure, I'll go after him.	ได้ เดี๋ยวไปตามเขาให้
R05-0150	บท 3 พากย์ · speech_list_judge_main_c03	? (ช)	Here, lemme pay you.\nIt's the least I can do.	เอ้า ให้ฉันจ่ายให้หน่อย\nอย่างน้อยก็ทำได้แค่นี้
R05-0151	บท 3 พากย์ · speech_list_judge_main_c03	? (ช)	You really think I want your money?	นายคิดว่าผมอยากได้เงินนายจริง ๆ เหรอ?
R05-0152	บท 3 พากย์ · speech_list_judge_main_c03	? (ช) [อีกแทร็ก]	You think I want your money?	คิดว่าผมอยากได้เงินนายเหรอ?
R05-0153	บท 3 พากย์ · speech_list_judge_main_c03	? (ช)	Besides. How else am I gonna\nget more dirt on Hamura?	อีกอย่าง ไม่งั้นผมจะหา\nข้อมูลมัดตัวฮามุระเพิ่มได้ยังไงล่ะ
R05-0154	บท 3 พากย์ · speech_list_judge_main_c03	? (ช) [อีกแทร็ก]	Besides. How else am I gonna get\nmore dirt on Hamura?	อีกอย่าง ไม่งั้นผมจะหาข้อมูล\nมัดตัวฮามุระเพิ่มได้ยังไงล่ะ
R05-0155	บท 3 พากย์ · speech_list_judge_main_c03	sugiura (ช) [ใช้ร่วมหลายคน]	Hello?	ฮัลโหล?
R05-0156	บท 3 พากย์ · speech_list_judge_main_c03	kaito (ช)	It's Kaito. I have a read on Higashi.\nJust turned right down Nakamichi Street, alone.	นี่ไคโตะเอง เจอฮิงาชิแล้ว\nเพิ่งเลี้ยวขวาเข้าถนนนากามิจิ อยู่คนเดียว
R05-0157	บท 3 พากย์ · speech_list_judge_main_c03	kaito (ช) [อีกแทร็ก]	It's Kaito. I've got a read on Higashi.\nHe's alone right now—just turned right on Nakamichi Street.	นี่ไคโตะเอง เจอฮิงาชิแล้ว\nตอนนี้อยู่คนเดียว เพิ่งเลี้ยวขวาเข้าถนนนากามิจิ
R05-0158	บท 3 พากย์ · speech_list_judge_main_c03	? (ช)	Right on Nakamichi.\nGot it.	เลี้ยวขวาที่นากามิจิ\nรับทราบ
R05-0159	บท 3 พากย์ · speech_list_judge_main_c03	? (ช) [ใช้ร่วมหลายคน]	Thanks again.	ขอบคุณอีกครั้งนะ
R05-0160	บท 3 พากย์ · speech_list_judge_main_c03	? (ช) [อีกแทร็ก] [ใช้ร่วมหลายคน]	I'm counting on you.	ฝากด้วยนะ
R05-0161	บท 3 พากย์ · speech_list_judge_main_c03	yagami (ช)	(I need to find Higashi...) 	(ต้องหาฮิงาชิให้เจอ...) 
R05-0162	บท 3 พากย์ · speech_list_judge_main_c03	? (ช)	(There he is!)	(อยู่นั่นไง!)
R05-0163	บท 3 พากย์ · speech_list_judge_main_c03	? (ช)	(That's definitely not Higashi.\nWhat am I, blind?)	(นั่นไม่ใช่ฮิงาชิแน่ ๆ\nตาถั่วรึไงกันเนี่ย)
R05-0164	บท 3 พากย์ · speech_list_judge_main_c03	? (?)	(I'll wait here for Higashi\nto start moving.) 	(รอตรงนี้จนกว่าฮิงาชิ\nจะเริ่มเคลื่อนไหวดีกว่า) 
R05-0165	บท 3 พากย์ · speech_list_judge_main_c03	kaito (ช)	This is Kaito.	นี่ไคโตะเอง
R05-0166	บท 3 พากย์ · speech_list_judge_main_c03	kaito (ช) [อีกแทร็ก]	It's Kaito.	ไคโตะเอง
R05-0167	บท 3 พากย์ · speech_list_judge_main_c03	yagami (ช)	Higashi went into an arcade\non Park Boulevard. Ring any bells?	ฮิงาชิเข้าไปในร้านเกมอาเขต\nที่ถนนปาร์คบูเลอวาร์ด คุ้น ๆ ไหม?
R05-0168	บท 3 พากย์ · speech_list_judge_main_c03	? (ช)	An arcade?	ร้านเกมอาเขตเหรอ?
R05-0169	บท 3 พากย์ · speech_list_judge_main_c03	? (ช)	Yeah. Looks like it's called Charles?	ใช่ ดูเหมือนจะชื่อชาร์ลส์นะ
R05-0170	บท 3 พากย์ · speech_list_judge_main_c03	? (ช)	Oh, that. I used to manage the place.\nGuess the family has him running it now.	อ๋อ ที่นั่นน่ะเหรอ ฉันเคยดูแลร้านนั้นอยู่\nตระกูลคงให้เขาดูแลต่อสินะ
R05-0171	บท 3 พากย์ · speech_list_judge_main_c03	? (ช)	A yakuza arcade?\nThey have a casino in the back or something?	ร้านเกมของยากูซ่าเหรอ?\nมีบ่อนอยู่ข้างหลังหรือเปล่า?
R05-0172	บท 3 พากย์ · speech_list_judge_main_c03	? (ช)	Naw, we just used it for deals every so often.\nIt's pretty much a regular shop. Y'know, for kids.	เปล่า เราแค่ใช้ทำธุรกิจเป็นครั้งคราว เท่านั้น\nส่วนใหญ่ก็เป็นร้านปกติ สำหรับเด็ก ๆ นั่นแหละ
R05-0173	บท 3 พากย์ · speech_list_judge_main_c03	? (ช) [อีกแทร็ก]	Naw, we just used it for deals every so often.\nOther than that, it's still all family-friendly.	เปล่า เราแค่ใช้ทำธุรกิจเป็นครั้งคราว\nนอกนั้นก็ยังเป็นร้านที่เด็กมา เที่ยวได้ปกติ
R05-0174	บท 3 พากย์ · speech_list_judge_main_c03	? (ช)	Okay. I'll see what I can find.	โอเค เดี๋ยวไปดูว่าจะเจออะไรบ้าง
R05-0175	บท 3 พากย์ · speech_list_judge_main_c03	? (ช)	Hey, just a sec.	เฮ้ เดี๋ยวก่อน
R05-0176	บท 3 พากย์ · speech_list_judge_main_c03	? (ช) [อีกแทร็ก]	Hey, hold on.	เฮ้ย เดี๋ยวก่อน
R05-0177	บท 3 พากย์ · speech_list_judge_main_c03	seiya_girl (?) [ใช้ร่วมหลายคน]	What?	อะไรนะ?
R05-0178	บท 3 พากย์ · speech_list_judge_main_c03	? (ช)	It's, uh, pretty tight in there. You're gonna need\nto be covert if you don't want him spotting you.	ข้างในมันค่อนข้างแคบนะ ต้องแอบเนียน ๆ\nหน่อย ถ้าไม่อยากให้เขาจับได้
R05-0179	บท 3 พากย์ · speech_list_judge_main_c03	? (ช) [อีกแทร็ก]	Not much room for brute force in there.\nYou should prolly get a disguise first.	ข้างในไม่มีที่ให้ใช้กำลังหรอก\nน่าจะหาชุดปลอมตัวก่อนดีกว่า
R05-0180	บท 3 พากย์ · speech_list_judge_main_c03	? (ช)	Right, I'll change real quick.	โอเค เดี๋ยวเปลี่ยนชุดแป๊บนึง
R05-0181	บท 3 พากย์ · speech_list_judge_main_c03	? (ช) [อีกแทร็ก]	Makes sense, but what kind...?	มีเหตุผล แต่แบบไหนล่ะ...?
R05-0182	บท 3 พากย์ · speech_list_judge_main_c03	? (ช)	I was thinking maybe school uniform?\nYou'd blend in perfectly.	ฉันว่าเป็นชุดนักเรียนดีไหม?\nกลืนไปกับที่นั่นได้เป๊ะเลย
R05-0183	บท 3 พากย์ · speech_list_judge_main_c03	? (ช)	You do know how old I am, right?	นายรู้อายุจริงของผมใช่ไหมเนี่ย?
R05-0184	บท 3 พากย์ · speech_list_judge_main_c03	? (ช) [อีกแทร็ก]	You know how old I am, right?	รู้อายุผมใช่ไหมเนี่ย?
R05-0185	บท 3 พากย์ · speech_list_judge_main_c03	? (ช)	Look, you're never gonna get anywhere as a detective\nif you're too embarrassed to dress like a kid.	ฟังนะ นายจะไปได้ไม่ถึงไหนหรอกในฐานะนักสืบ\nถ้าอายที่จะแต่งตัวเป็นเด็ก
R05-0186	บท 3 พากย์ · speech_list_judge_main_c03	? (ช)	...If you say so.	...ถ้านายว่างั้นก็ได้
R05-0187	บท 3 พากย์ · speech_list_judge_main_c03	? (?) [ใช้ร่วมหลายคน]	Got it.	ได้เลย
R05-0188	บท 3 พากย์ · speech_list_judge_main_c03	yagami (ช) [อีกแทร็ก] [ใช้ร่วมหลายคน]	All right.	ได้
R05-0189	บท 3 พากย์ · speech_list_judge_main_c03	yagami (ช)	(This should help me blend in over at Charles.\nTime to head back there.)	(ชุดนี้น่าจะช่วยให้กลืนไปกับที่ ชาร์ลส์ได้\nได้เวลากลับไปที่นั่นแล้ว)
R05-0190	บท 3 พากย์ · speech_list_judge_main_c03	? (?)	(Wait, I need to put a disguise on first.) 	(เดี๋ยวก่อน ต้องปลอมตัวก่อนสิ) 
R05-0191	บท 3 พากย์ · speech_list_judge_main_c03	gamer_boy (ช)	Hey, um...\nThe machine ate my coin.	เอ่อ พี่ครับ...\nตู้มันกินเหรียญผมไปแล้ว
R05-0192	บท 3 พากย์ · speech_list_judge_main_c03	charles_boy (ช)	Pipe down, brat.\nCan't you see I'm busy here?	เงียบน่า ไอ้เด็กเวร\nไม่เห็นเหรอว่ากำลังยุ่งอยู่
R05-0193	บท 3 พากย์ · speech_list_judge_main_c03	? (?) [ใช้ร่วมหลายคน]	Yeah, but...	เออ แต่ว่า...
R05-0194	บท 3 พากย์ · speech_list_judge_main_c03	? (ช) [อีกแทร็ก]	Aw, but...	แหม แต่ว่า...
R05-0195	บท 3 พากย์ · speech_list_judge_main_c03	? (ช)	I said beat it, kid!	บอกให้ไปให้พ้นไง ไอ้หนู!
R05-0196	บท 3 พากย์ · speech_list_judge_main_c03	? (ช) [อีกแทร็ก]	Just back the fuck off!	ถอยไปให้ไกล ๆ เลย!
R05-0197	บท 3 พากย์ · speech_list_judge_main_c03	? (ช) [ใช้ร่วมหลายคน]	Ow!	โอ๊ย!
R05-0198	บท 3 พากย์ · speech_list_judge_main_c03	higashi (ช)	Sorry about that, kid.\nHere, go have some fun.	ขอโทษด้วยนะเด็กน้อย\nเอ้า ไปเล่นสนุก ๆ ซะ
R05-0199	บท 3 พากย์ · speech_list_judge_main_c03	? (ช)	Whoa, really!?\nThanks, mister!	โห จริงเหรอครับ!?\nขอบคุณครับพี่!
R05-0200	บท 3 พากย์ · speech_list_judge_main_c03	? (ช) [อีกแทร็ก]	Really!?\nThanks, mister!	จริงเหรอครับ!?\nขอบคุณครับพี่!
R05-0201	บท 3 พากย์ · speech_list_judge_main_c03	yagami (ช) [ใช้ร่วมหลายคน]	Heh.	เหอะ
R05-0202	บท 3 พากย์ · speech_list_judge_main_c03	yagami (ช) [อีกแทร็ก]	...Heh.	...เหอะ
R05-0203	บท 3 พากย์ · speech_list_judge_main_c03	? (?)	(Can't go in looking like this.\nI need to change...) 	(เข้าไปแบบนี้ไม่ได้แน่\nต้องเปลี่ยนชุดก่อน...) 
R05-0204	บท 3 พากย์ · speech_list_judge_main_c03	charles_boy (ช)	What do you think you're doing, huh?\nOff limits.	คิดว่ากำลังทำอะไรอยู่วะ?\nที่นี่ห้ามเข้า
R05-0205	บท 3 พากย์ · speech_list_judge_main_c03	yagami (ช)	<color=ｍonologue>(Wouldn't have much to report if I went back to the office now.)</color>	<color=ｍonologue>(ถ้ากลับออฟฟิศตอนนี้ก็คงไม่มี อะไรจะรายงานเท่าไหร่)</color>
R05-0206	บท 3 พากย์ · speech_list_judge_main_c03	charles_boy (ช)	I said stay out, asshole!	บอกให้อยู่ข้างนอกไง ไอ้บ้า!
R05-0207	บท 3 พากย์ · speech_list_judge_main_c03	charles_boy (ช) [อีกแทร็ก]	I said, stay out!	บอกให้อยู่ข้างนอก!
R05-0208	บท 3 พากย์ · speech_list_judge_main_c03	charles_boy (ช)	Higashi-san!\nThis guy's crazy!	ฮิงาชิซัง!\nไอ้นี่มันบ้า!
R05-0209	บท 3 พากย์ · speech_list_judge_main_c03	charles_boy (ช) [อีกแทร็ก]	H-Higashi-san!\nThis guy's outta his fucking mind!	ฮ-ฮิงาชิซัง!\nไอ้นี่มันบ้าไปแล้ว!
R05-0210	บท 3 พากย์ · speech_list_judge_main_c03	higashi (ช)	Yagami!\nYou followed me, asshole!?	ยากามิ!\nนายตามผมมาเหรอ ไอ้บ้า!?
R05-0211	บท 3 พากย์ · speech_list_judge_main_c03	higashi (ช) [อีกแทร็ก]	Yagami!?\nYou followed me here, asshole!?	ยากามิ!?\nนายตามผมมาที่นี่เหรอ ไอ้บ้า!?
R05-0212	บท 3 พากย์ · speech_list_judge_main_c03	? (ช)	Wait.\nWhat the hell're you wearing?	เดี๋ยวนะ\nนายใส่อะไรของนายเนี่ย?
R05-0213	บท 3 พากย์ · speech_list_judge_main_c03	? (ช) [อีกแทร็ก]	Wait.\nWhat the hell are you wearing?	เดี๋ยวก่อน\nนายใส่อะไรของนายเนี่ย?
R05-0214	บท 3 พากย์ · speech_list_judge_main_c03	yagami (ช)	Let's not worry about that now.	อย่าเพิ่งไปสนใจเรื่องนั้นเลย
R05-0215	บท 3 พากย์ · speech_list_judge_main_c03	yagami (ช) [อีกแทร็ก]	Uh, just ignore that for now.	เอ่อ อย่าไปสนใจเรื่องนั้นตอนนี้เลย
R05-0216	บท 3 พากย์ · speech_list_judge_main_c03	? (ช) [ใช้ร่วมหลายคน]	So? What do you want?	แล้วไง? นายต้องการอะไร?
R05-0217	บท 3 พากย์ · speech_list_judge_main_c03	? (ช) [อีกแทร็ก]	What's this about?\nWhat do you want?	เรื่องอะไรกัน?\nนายต้องการอะไร?
R05-0218	บท 3 พากย์ · speech_list_judge_main_c03	? (ช)	Kaito-san's worried\nabout you, you know.	ไคโตะซังเป็นห่วง\nฮิงาชิอยู่นะ
R05-0219	บท 3 พากย์ · speech_list_judge_main_c03	? (ช) [อีกแทร็ก]	Kaito-san's worried about you.	ไคโตะซังเป็นห่วงฮิงาชิอยู่นะ
R05-0220	บท 3 พากย์ · speech_list_judge_main_c03	? (ช) [ใช้ร่วมหลายคน]	Oh yeah?	งั้นเหรอ?
R05-0221	บท 3 พากย์ · speech_list_judge_main_c03	? (ช)	Far as he can tell, you're nothing\nlike you were in the old days.	เท่าที่เขาเห็น ฮิงาชิตอนนี้ไม่เหมือน\nฮิงาชิเมื่อก่อนเลยสักนิด
R05-0222	บท 3 พากย์ · speech_list_judge_main_c03	? (ช) [อีกแทร็ก]	You were like a brother to him.\nBut you're not the guy he used to know.	ฮิงาชิเคยเป็นเหมือนน้องชายของเขา\nแต่ตอนนี้ไม่ใช่คนที่เขาเคยรู้จักแล้ว
R05-0223	บท 3 พากย์ · speech_list_judge_main_c03	? (ช)	Why the fuck would I be?	แล้วทำไมผมต้องเป็นแบบนั้นด้วยวะ?
R05-0224	บท 3 พากย์ · speech_list_judge_main_c03	? (ช) [อีกแทร็ก]	So now I'm the bad guy, huh?	งั้นตอนนี้ผมกลายเป็นตัวร้าย ไปแล้วสินะ?
R05-0225	บท 3 พากย์ · speech_list_judge_main_c03	? (ช)	And who the fuck cares?\nThis is how the yakuza roll.	แล้วใครแคร์วะ?\nยากูซ่ามันก็เป็นแบบนี้แหละ
R05-0226	บท 3 พากย์ · speech_list_judge_main_c03	? (ช) [อีกแทร็ก]	But who the fuck cares?\nI'm living the yakuza life now.	แต่ใครจะไปแคร์วะ?\nตอนนี้ผมใช้ชีวิตแบบยากูซ่าไปแล้ว
R05-0227	บท 3 พากย์ · speech_list_judge_main_c03	? (ช)	Right.\nExcept it's all a big act, isn't it?	อือ\nแต่ทั้งหมดมันก็แค่การแสดงใช่ไหมล่ะ?
R05-0228	บท 3 พากย์ · speech_list_judge_main_c03	? (ช) [อีกแทร็ก]	Come on.\nWhy not drop the act?	ไม่เอาน่า\nเลิกแสดงได้แล้วมั้ง?
R05-0229	บท 3 พากย์ · speech_list_judge_main_c03	? (ช)	I saw you give that kid some cash.\nYou big softie.	ผมเห็นนายให้เงินเด็กคนนั้นนะ\nใจอ่อนขนาดนี้เชียว
R05-0230	บท 3 พากย์ · speech_list_judge_main_c03	? (ช) [อีกแทร็ก]	You weren't so tough in front of that kid.\nI saw the whole thing.	ต่อหน้าเด็กคนนั้นนายไม่เห็นจะ แข็งกร้าวเลย\nผมเห็นหมดแล้วนะ
R05-0231	บท 3 พากย์ · speech_list_judge_main_c03	? (ช)	Deep down you're the same old Higashi.\nThe one who used to look up to Kaito-san.	ลึก ๆ แล้วนายก็ยังเป็นฮิงาชิคนเดิม\nคนที่เคยเชิดชูไคโตะซัง
R05-0232	บท 3 พากย์ · speech_list_judge_main_c03	? (ช) [อีกแทร็ก]	I know there's a good guy in there somewhere.\nThe one who was proud to call Kaito-san his aniki.	ผมรู้ว่าลึก ๆ ยังมีคนดีอยู่ในตัวนาย\nคนที่เคยภูมิใจที่ได้เรียก ไคโตะซังว่าอานิกิ
R05-0233	บท 3 พากย์ · speech_list_judge_main_c03	? (ช)	You sure about that, asshole!?	แน่ใจนักเหรอ ไอ้เวร!?
R05-0234	บท 3 พากย์ · speech_list_judge_main_c03	? (ช) [อีกแทร็ก]	You sure about that!?	แน่ใจนักเหรอ!?
R05-0235	บท 3 พากย์ · speech_list_judge_main_c03	? (ช)	Look, I don't wanna fight you.	ฟังนะ ผมไม่อยากมีเรื่องกับคุณ
R05-0236	บท 3 พากย์ · speech_list_judge_main_c03	? (ช)	I can turn and walk away if you want.	ถ้าอยากให้ผมเดินจากไป ผมก็เดินได้นะ
R05-0237	บท 3 พากย์ · speech_list_judge_main_c03	? (ช) [อีกแทร็ก]	You want me to leave, I'll leave.	อยากให้ผมไป ผมก็ไป
R05-0238	บท 3 พากย์ · speech_list_judge_main_c03	? (ช)	Tch. Coward.	ชิ ไอ้ขี้ขลาด
R05-0239	บท 3 พากย์ · speech_list_judge_main_c03	? (ช)	Same old story.	เรื่องเดิมๆ สินะ
R05-0240	บท 3 พากย์ · speech_list_judge_main_c03	? (ช) [อีกแทร็ก] [ใช้ร่วมหลายคน]	Same as always.	เหมือนเดิมทุกที
R05-0241	บท 3 พากย์ · speech_list_judge_main_c03	? (ช)	How long has it been since\nwe've seen each other? A year now?	ไม่เจอกันมานานแค่ไหนแล้วนะ\nปีนึงแล้วมั้ง?
R05-0242	บท 3 พากย์ · speech_list_judge_main_c03	? (ช) [อีกแทร็ก]	How long has it been since we've\nseen each other? A year now?	ไม่เจอกันมานานแค่ไหนแล้ว\nปีนึงแล้วมั้ง?
R05-0243	บท 3 พากย์ · speech_list_judge_main_c03	? (ช)	It was the day Kaito-san got expelled.	ก็วันที่ไคโตะซังโดนไล่ออกนั่นแหละ
R05-0244	บท 3 พากย์ · speech_list_judge_main_c03	? (ช)	You were... pretty upset by it.	นาย...เสียใจกับเรื่องนั้นมากเลยนะ
R05-0245	บท 3 พากย์ · speech_list_judge_main_c03	? (ช) [อีกแทร็ก]	You remember?\nI saw the pain on your face.	ยังจำได้เหรอ\nผมเห็นสีหน้าเจ็บปวดของนายตอนนั้นเลย
R05-0246	บท 3 พากย์ · speech_list_judge_main_c03	higashi (ช)	It was fucked up.\nThe boss brought you in to save Kaito-aniki.	มันแย่มากจริงๆ\nท่านหัวหน้าเรียกนายมาช่วยพี่ไคโตะ
R05-0247	บท 3 พากย์ · speech_list_judge_main_c03	higashi (ช) [อีกแทร็ก]	I remember now.\nThe boss brought you in to save Kaito-aniki.	นึกออกแล้ว\nท่านหัวหน้าเรียกนายมาช่วยพี่ไคโตะ
R05-0248	บท 3 พากย์ · speech_list_judge_main_c03	? (ช)	But it was too late.\nHe was gonna get expelled no matter what.	แต่มันสายไปแล้ว\nยังไงพี่ไคโตะก็ต้องโดนไล่ออกอยู่ดี
R05-0249	บท 3 พากย์ · speech_list_judge_main_c03	? (ช)	Even so, you gave him the best\ndefense a man could ask for.	ถึงอย่างนั้น นายก็สู้เพื่อเขา\nเต็มที่สุดๆ เท่าที่คนคนนึงจะทำได้แล้ว
R05-0250	บท 3 พากย์ · speech_list_judge_main_c03	? (ช) [อีกแทร็ก]	Still, you gave it your best shot.\nGave him a real lawyer's defense.	ยังไงนายก็สู้เต็มที่แล้ว\nทำหน้าที่ทนายให้เขาเต็มร้อย
R05-0251	บท 3 พากย์ · speech_list_judge_main_c03	yagami (ช)	Yeah, and Hamura's had his eye\non me ever since.	เออ แล้วตั้งแต่นั้น ฮามุระก็จับตาดูผม\nมาตลอด
R05-0252	บท 3 พากย์ · speech_list_judge_main_c03	yagami (ช) [อีกแทร็ก]	Yeah, and Hamura's had his eye on me\never since.	เออ แล้วฮามุระก็จับตาดูผม\nมาตลอดตั้งแต่นั้น
R05-0253	บท 3 พากย์ · speech_list_judge_main_c03	? (ช)	You know, you're doing pretty well\nfor yourself, Higashi.	นี่ นายก็เก๋ไปเลยนะ\nฮิงาชิ
R05-0254	บท 3 พากย์ · speech_list_judge_main_c03	? (ช) [อีกแทร็ก]	...You know, you're doing pretty well\nfor yourself, Higashi.	...นี่ นายก็เก๋ไปเลยนะ\nฮิงาชิ
R05-0255	บท 3 พากย์ · speech_list_judge_main_c03	? (ช)	Looks like you're moving up the ranks.\nI heard this used to be Kaito-san's arcade.	ดูท่าจะได้เลื่อนขั้นนะ\nได้ยินมาว่าร้านเกมนี้เคยเป็น ของไคโตะซัง
R05-0256	บท 3 พากย์ · speech_list_judge_main_c03	? (ช)	The hell do you know!?	นายรู้เรื่องบ้าอะไร!?
R05-0257	บท 3 พากย์ · speech_list_judge_main_c03	? (ช)	<color=ｍonologue>(Guess I touched a nerve.)</color>	<color=ｍonologue>(ดูเหมือนจะไปแตะจุดอ่อนเข้าแล้ว)</color>
R05-0258	บท 3 พากย์ · speech_list_judge_main_c03	? (ช)	Hamura practically controls\nthe Matsugane Family now.	ตอนนี้ฮามุระคุมตระกูลมัตสึกาเนะ\nไว้ทั้งหมดแล้วก็ว่าได้
R05-0259	บท 3 พากย์ · speech_list_judge_main_c03	? (ช) [อีกแทร็ก]	The Matsugane Family changed.\nThe captain controls everything now.	ตระกูลมัตสึกาเนะเปลี่ยนไปแล้ว\nตอนนี้กัปตันคุมทุกอย่าง
R05-0260	บท 3 พากย์ · speech_list_judge_main_c03	? (ช)	With Kaito-aniki gone, Matsugane-san's\ncommand has slowly slipped away.	พอพี่ไคโตะไม่อยู่ อำนาจของท่านมัตสึกาเนะ\nก็ค่อยๆ หลุดมือไปเรื่อยๆ
R05-0261	บท 3 พากย์ · speech_list_judge_main_c03	? (ช) [อีกแทร็ก]	With Kaito-aniki gone,\nthe boss's command has slowly slipped away.	พอพี่ไคโตะไม่อยู่\nอำนาจของท่านหัวหน้าก็ค่อยๆ หลุดมือไปเรื่อยๆ
R05-0262	บท 3 พากย์ · speech_list_judge_main_c03	? (ช)	This would've never happened if he'd stayed...	ถ้าเขาไม่โดนไล่ออก คงไม่เป็นแบบนี้หรอก...
R05-0263	บท 3 พากย์ · speech_list_judge_main_c03	? (ช) [อีกแทร็ก]	This never would've happened\nif he'd stayed...	คงไม่มีวันเป็นแบบนี้\nถ้าเขาไม่โดนไล่ออก...
R05-0264	บท 3 พากย์ · speech_list_judge_main_c03	? (ช)	Couldn't you have done something?\nYou just sat and watched while he took control.	นายทำอะไรไม่ได้เลยเหรอ\nแค่นั่งดูเฉยๆ ตอนที่เขาเข้ายึดอำนาจ
R05-0265	บท 3 พากย์ · speech_list_judge_main_c03	? (ช) [อีกแทร็ก]	Couldn't you have done something?\nYou just sat and watched while the captain took control.	นายทำอะไรไม่ได้เลยเหรอ\nแค่นั่งดูเฉยๆ ตอนที่กัปตันเข้ายึดอำนาจ
R05-0266	บท 3 พากย์ · speech_list_judge_main_c03	? (ช)	Easy for you to say.\nI couldn't have done shit.	พูดง่ายนะ\nผมมันทำอะไรไม่ได้เลยสักอย่าง
R05-0267	บท 3 พากย์ · speech_list_judge_main_c03	? (ช) [อีกแทร็ก]	All on my own? Easy for you to say.\nI couldn't have done shit.	จะให้ทำเองคนเดียวเหรอ? พูดง่ายนะ\nผมทำอะไรไม่ได้เลยสักอย่าง
R05-0268	บท 3 พากย์ · speech_list_judge_main_c03	? (ช)	...Maybe not.	...อาจจะจริง
R05-0269	บท 3 พากย์ · speech_list_judge_main_c03	? (ช)	By the way, what ever happened\nto the family's 100 mil?	ว่าแต่ เงิน 100 ล้านของตระกูล\nสุดท้ายเป็นไงบ้าง?
R05-0270	บท 3 พากย์ · speech_list_judge_main_c03	? (ช) [อีกแทร็ก]	By the way, what <font_kind=yakuza_italic>did</font_kind> happen to the\nMatsugane's hundred mil? I was always curious.	ว่าแต่ เงินร้อยล้านของตระกูลมัตสึกาเนะ\nสุดท้าย<font_kind=yakuza_italic>เป็นไง</font_kind>บ้าง? ผมสงสัยมาตลอดเลย
R05-0271	บท 3 พากย์ · speech_list_judge_main_c03	? (ช)	Did they ever get the money back?\nOr find the thief?	ได้เงินคืนมารึเปล่า?\nหรือเจอตัวขโมยรึยัง?
R05-0272	บท 3 พากย์ · speech_list_judge_main_c03	? (ช)	Fuck off.\nThat's none of your business.	ไปตายซะ\nไม่ใช่เรื่องของนาย
R05-0273	บท 3 พากย์ · speech_list_judge_main_c03	yagami (ช) [ใช้ร่วมหลายคน]	True.	จริงด้วย
R05-0274	บท 3 พากย์ · speech_list_judge_main_c03	yagami (ช) [อีกแทร็ก] [ใช้ร่วมหลายคน]	Guess not.	คงงั้นแหละ
R05-0275	บท 3 พากย์ · speech_list_judge_main_c03	yagami (ช)	(Kaito-san's probably waiting for me\nback at the office...) 	(ไคโตะซังคงรอผมอยู่\nที่ออฟฟิศแล้วล่ะ...) 
R05-0276	บท 3 พากย์ · speech_list_judge_main_c03	kaito (ช)	Yo. How'd it go?	โย่ เป็นไงบ้าง?
R05-0277	บท 3 พากย์ · speech_list_judge_main_c03	kaito (ช) [อีกแทร็ก]	Yo. You're back.	โย่ กลับมาแล้วเหรอ
R05-0278	บท 3 พากย์ · speech_list_judge_main_c03	yagami (ช)	Fine. I ended up going in that arcade.\nTalked to Higashi.	อือ ผมแวะเข้าไปในร้านเกมนั่นมา\nได้คุยกับฮิงาชิด้วย
R05-0279	บท 3 พากย์ · speech_list_judge_main_c03	yagami (ช) [อีกแทร็ก]	Yeah. I found my way into Charles eventually.\nTalked to Higashi, too.	เออ สุดท้ายก็หาทางเข้าชาร์ลส์ได้\nได้คุยกับฮิงาชิด้วย
R05-0280	บท 3 พากย์ · speech_list_judge_main_c03	? (ช)	He caught you, huh?	โดนจับได้เหรอ?
R05-0281	บท 3 พากย์ · speech_list_judge_main_c03	? (ช)	Nah, I just wanted to have a chat.	เปล่า แค่อยากคุยด้วยเฉยๆ
R05-0282	บท 3 พากย์ · speech_list_judge_main_c03	? (ช) [อีกแทร็ก]	No, not exactly.	ไม่ ไม่ใช่แบบนั้น
R05-0283	บท 3 พากย์ · speech_list_judge_main_c03	? (ช)	Anything come of it?	ได้เรื่องอะไรมาบ้างไหม?
R05-0284	บท 3 พากย์ · speech_list_judge_main_c03	? (ช) [อีกแทร็ก]	So how'd it go?	แล้วเป็นไงบ้าง
R05-0285	บท 3 พากย์ · speech_list_judge_main_c03	? (ช)	First off, Matsugane-san's completely\nlost control of Hamura.	อย่างแรกเลย ท่านมัตสึกาเนะ\nคุมฮามุระไม่อยู่แล้วโดยสิ้นเชิง
R05-0286	บท 3 พากย์ · speech_list_judge_main_c03	? (ช) [อีกแทร็ก]	First off, the Matsugane family...\nThe boss's completely lost control of Hamura.	อย่างแรกเลย ตระกูลมัตสึกาเนะน่ะ...\nท่านหัวหน้าคุมฮามุระไม่ อยู่แล้วโดยสิ้นเชิง
R05-0287	บท 3 พากย์ · speech_list_judge_main_c03	? (ช)	Apparently Higashi has no choice now\nbut to follow his captain's orders.	ดูเหมือนตอนนี้ฮิงาชิไม่มีทางเลือก\nต้องทำตามคำสั่งกัปตันของเขา
R05-0288	บท 3 พากย์ · speech_list_judge_main_c03	? (ช) [อีกแทร็ก]	Apparently, Higashi has no choice now\nbut to follow his captain's orders.	ดูเหมือนว่าตอนนี้ฮิงาชิไม่มีทางเลือก\nต้องทำตามคำสั่งกัปตันของเขา
R05-0289	บท 3 พากย์ · speech_list_judge_main_c03	? (ช)	Fucked up...	แย่ชะมัด...
R05-0290	บท 3 พากย์ · speech_list_judge_main_c03	? (ช) [อีกแทร็ก] [ใช้ร่วมหลายคน]	Too bad.	โชคร้ายจัง
R05-0291	บท 3 พากย์ · speech_list_judge_main_c03	? (ช)	When we talked, though... It felt like\nI was talking to the same old Higashi.	แต่ตอนที่คุยกัน... รู้สึกเหมือน\nได้คุยกับฮิงาชิคนเดิมเลย
R05-0292	บท 3 พากย์ · speech_list_judge_main_c03	? (ช) [อีกแทร็ก]	Still... When we talked...\nit felt like I was talking to the same old Higashi.	แต่ถึงอย่างนั้น... ตอนที่คุยกัน...\nรู้สึกเหมือนได้คุยกับฮิงาชิคนเดิมเลย
R05-0293	บท 3 พากย์ · speech_list_judge_main_c03	? (ช)	Didn't look "same old" to me.	สำหรับฉันมันดูไม่เหมือน "คนเดิม" เลยนะ
R05-0294	บท 3 พากย์ · speech_list_judge_main_c03	? (ช) [อีกแทร็ก] [ใช้ร่วมหลายคน]	Could've fooled me.	ดูไม่ออกเลยนะ
R05-0295	บท 3 พากย์ · speech_list_judge_main_c03	? (?)	<color=ｍonologue>(If Higashi's really changed, I bet it all started\nafter the break-in that got Kaito-san kicked out.)</color> 	<color=ｍonologue>(ถ้าฮิงาชิเปลี่ยนไปจริงๆ ผมว่าคงเริ่ม\nมาจากเหตุปล้นที่ทำให้ไคโตะซัง โดนไล่ออกนั่นแหละ)</color> 
R05-0296	บท 3 พากย์ · speech_list_judge_main_c03	? (?)	<color=ｍonologue>(I wonder what came of all that...)</color> 	<color=ｍonologue>(สงสัยจังว่าเรื่องนั้นจบลงยังไง...)</color> 
R05-0297	บท 3 พากย์ · speech_list_judge_main_c03	? (ช)	You know a year ago,\nwhen you got expelled from the family?	นี่ เมื่อปีก่อน\nตอนที่นายโดนไล่ออกจากตระกูลน่ะ จำได้ไหม?
R05-0298	บท 3 พากย์ · speech_list_judge_main_c03	? (ช)	Uh-huh?	อือ?
R05-0299	บท 3 พากย์ · speech_list_judge_main_c03	? (ช)	It was 'cause someone stole\n100 mil from the safe, right?	ก็เพราะมีคนขโมยเงิน\n100 ล้านจากเซฟไปใช่ไหม?
R05-0300	บท 3 พากย์ · speech_list_judge_main_c03	? (ช) [อีกแทร็ก]	A hundred mil got taken from the family safe...\nand you had to take responsibility for it, right?	เงินร้อยล้านหายไปจากเซฟของตระกูล...\nแล้วนายต้องรับผิดชอบเรื่องนั้นใช่ไหม?
R05-0301	บท 3 พากย์ · speech_list_judge_main_c03	? (ช) [ใช้ร่วมหลายคน]	Yeah, what about it?	เออ แล้วมันเป็นไงอีกล่ะ?
R05-0302	บท 3 พากย์ · speech_list_judge_main_c03	? (ช) [อีกแทร็ก]	What about it?	มันเป็นไงเหรอ?
R05-0303	บท 3 พากย์ · speech_list_judge_main_c03	? (ช)	What ended up happening with that?\nDid you ever hear anything?	สุดท้ายเรื่องนั้นเป็นยังไงบ้าง?\nนายเคยได้ยินอะไรมาไหม?
R05-0304	บท 3 พากย์ · speech_list_judge_main_c03	? (ช)	Apparently Higashi got it all back.\nAt least, according to Ayabe.	ได้ยินว่าฮิงาชิเอาเงินคืนมาได้หมดเลย\nอย่างน้อยก็ตามที่อายาเบะบอก
R05-0305	บท 3 พากย์ · speech_list_judge_main_c03	? (ช)	Higashi did? But how?	ฮิงาชิเหรอ? แต่ทำได้ยังไง?
R05-0306	บท 3 พากย์ · speech_list_judge_main_c03	? (ช) [อีกแทร็ก]	Higashi did? But how...?	ฮิงาชิเหรอ? แต่ทำได้ยังไง...?
R05-0307	บท 3 พากย์ · speech_list_judge_main_c03	? (ช)	Not a clue. I would've had to fork up\nanother 200 grand for more info.	ไม่รู้เหมือนกัน ต้องจ่ายเพิ่ม\nอีกสองแสนถึงจะได้รู้รายละเอียด
R05-0308	บท 3 พากย์ · speech_list_judge_main_c03	? (ช)	I didn't have the cash, so I dropped it.\nHaven't brought it up since.	ผมไม่มีเงินพอ เลยปล่อยผ่านไป\nไม่ได้พูดถึงอีกเลยตั้งแต่นั้น
R05-0309	บท 3 พากย์ · speech_list_judge_main_c03	? (ช)	Sounds like Ayabe has a lot to tell us.	ท่าทางอายาเบะจะมีเรื่องให้เล่า อีกเยอะเลยนะ
R05-0310	บท 3 พากย์ · speech_list_judge_main_c03	? (ช) [อีกแทร็ก]	Sounds like Ayabe's got a lot\nmore information for us.	ท่าทางอายาเบะจะมีข้อมูล\nให้เราอีกเยอะเลยนะ
R05-0311	บท 3 พากย์ · speech_list_judge_main_c03	? (ช)	It'll cost you.\nBet you can find him at Tender 'round now.	ต้องเสียตังค์แหละ\nเดี๋ยวนี้เขาน่าจะอยู่ที่ เทนเดอร์แล้วมั้ง
R05-0312	บท 3 พากย์ · speech_list_judge_main_c03	? (ช)	Kaito-san... How long's it been\nsince you saw Higashi?	ไคโตะซัง...ไม่ได้เจอฮิงาชิ\nมานานแค่ไหนแล้ว?
R05-0313	บท 3 พากย์ · speech_list_judge_main_c03	? (ช) [อีกแทร็ก]	Kaito-san... Was this your first time\nseeing Higashi again?	ไคโตะซัง...นี่เป็นครั้งแรก\nที่เจอฮิงาชิอีกครั้งเลยเหรอ?
R05-0314	บท 3 พากย์ · speech_list_judge_main_c03	? (ช)	Today was the first time\nsince getting the boot.	วันนี้เป็นครั้งแรกเลย\nนับตั้งแต่โดนไล่ออกมา
R05-0315	บท 3 พากย์ · speech_list_judge_main_c03	? (ช) [อีกแทร็ก]	Yeah. At least, since I got the boot.	เออ อย่างน้อยก็ตั้งแต่โดนไล่ออกมา
R05-0316	บท 3 พากย์ · speech_list_judge_main_c03	? (ช)	Hamura would've been all over him\nif we kept in touch.	ถ้ายังติดต่อกันอยู่\nฮามุระคงจับตาดูเขาตลอดแน่ๆ
R05-0317	บท 3 พากย์ · speech_list_judge_main_c03	? (ช)	I didn't wanna weigh him\ndown, y'know?	ไม่อยากถ่วงเขา\nไว้น่ะ เข้าใจนะ?
R05-0318	บท 3 พากย์ · speech_list_judge_main_c03	? (ช) [อีกแทร็ก]	I didn't wanna weigh him down, y'know?	ไม่อยากถ่วงเขาไว้น่ะ เข้าใจนะ?
R05-0319	บท 3 พากย์ · speech_list_judge_main_c03	? (?) [ใช้ร่วมหลายคน]	Gotcha.	เข้าใจแล้ว
R05-0320	บท 3 พากย์ · speech_list_judge_main_c03	? (ช)	I wonder what Hamura'll do next...	สงสัยจังว่าฮามุระจะทำอะไรต่อไป...
R05-0321	บท 3 พากย์ · speech_list_judge_main_c03	? (ช) [อีกแทร็ก]	Wonder what Hamura's gonna try next...	สงสัยว่าฮามุระจะเล่นแผนอะไรต่อไป...
R05-0322	บท 3 พากย์ · speech_list_judge_main_c03	? (ช)	He'll be back here soon enough.\nIt's just a matter of time.	เดี๋ยวเขาก็ต้องกลับมาที่นี่อีกแหละ\nแค่รอเวลาเท่านั้น
R05-0323	บท 3 พากย์ · speech_list_judge_main_c03	? (ช)	Wouldn't even be surprised\nif he tried to off us.	ต่อให้เขาพยายามฆ่าปิดปากเรา\nก็ไม่แปลกใจเลย
R05-0324	บท 3 พากย์ · speech_list_judge_main_c03	? (ช) [อีกแทร็ก]	Hell, wouldn't even be surprised\nif he tried to off us.	ให้ตายสิ ต่อให้เขาพยายามฆ่าปิดปากเรา\nก็ไม่แปลกใจเลย
R05-0325	บท 3 พากย์ · speech_list_judge_main_c03	? (ช)	You think we pissed him off\nthat much?	คิดว่าเราทำให้เขาโมโห\nขนาดนั้นเลยเหรอ?
R05-0326	บท 3 พากย์ · speech_list_judge_main_c03	? (ช)	Well he doesn't want us catching\nthe Mole, that's for sure.	อย่างน้อยก็แน่ๆ ว่าเขาไม่อยากให้เราจับ\nไส้ศึกได้
R05-0327	บท 3 พากย์ · speech_list_judge_main_c03	? (ช) [อีกแทร็ก]	Whatever it takes to keep us from\ncatching the Mole.	ยังไงก็ต้องกันไม่ให้เรา\nจับไส้ศึกได้
R05-0328	บท 3 พากย์ · speech_list_judge_main_c03	? (?)	Other than that,\nI think he just hates our guts. 	นอกจากนั้น\nก็คงแค่เกลียดเราเข้าไส้ 
R05-0329	บท 3 พากย์ · speech_list_judge_main_c03	? (?) [อีกแทร็ก]	Of course, it doesn't help that\nhe just hates our guts. 	ก็แน่ล่ะ ที่เขาเกลียดเราเข้าไส้\nก็ไม่ช่วยอะไรเลย 
R05-0330	บท 3 พากย์ · speech_list_judge_main_c03	? (ช)	Damn, even though we're the\nreason he's a free man?	บ้าไปแล้ว ทั้งๆ ที่เราเป็น\nเหตุผลที่เขายังลอยนวลอยู่?
R05-0331	บท 3 พากย์ · speech_list_judge_main_c03	? (ช) [อีกแทร็ก]	Seriously. Even though we're the reason\nhe's a free man?	จริงจังนะ ทั้งๆ ที่เราเป็นเหตุผล\nที่เขายังลอยนวลอยู่?
R05-0332	บท 3 พากย์ · speech_list_judge_main_c03	? (ช)	Guess we just can't catch a break.	ดูเหมือนเราจะไม่มีวันสบายเลยสักที
R05-0333	บท 3 พากย์ · speech_list_judge_main_c03	kaito (ช)	You heading to Tender? Whatever info\nAyabe's got is gonna cost you, y'know.	จะไปเทนเดอร์เหรอ? ข้อมูลของอายาเบะ\nยังไงก็ต้องเสียตังค์นะ รู้ใช่ไหม
R05-0334	บท 3 พากย์ · speech_list_judge_main_c03	yagami (ช)	Hope I have enough, then.\nI'll figure something out if not.	หวังว่าจะมีพอนะ\nถ้าไม่พอก็คงหาทางได้แหละ
R05-0335	บท 3 พากย์ · speech_list_judge_main_c03	yagami (ช) [ใช้ร่วมหลายคน]	What's up?	เป็นไงบ้าง?
R05-0336	บท 3 พากย์ · speech_list_judge_main_c03	? (ช) [อีกแทร็ก]	Yo. What's up?	โย่ เป็นไงบ้าง?
R05-0337	บท 3 พากย์ · speech_list_judge_main_c03	tender_master (ช)	Welcome back, Tak.	ยินดีต้อนรับกลับมา ทาคุ
R05-0338	บท 3 พากย์ · speech_list_judge_main_c03	tender_master (ช) [อีกแทร็ก]	Hey.\nCome right in.	ไง\nเชิญเข้ามาเลย
R05-0339	บท 3 พากย์ · speech_list_judge_main_c03	yagami (ช)	So, rumor has it you've been\nserving drinks to a dirty cop?	นี่ ได้ยินข่าวลือว่านาย\nเสิร์ฟเหล้าให้ตำรวจนอกลู่อยู่เหรอ?
R05-0340	บท 3 พากย์ · speech_list_judge_main_c03	yagami (ช) [อีกแทร็ก]	Word is, you've been keeping a dirty cop\n'round here.	มีข่าวว่านายให้ตำรวจนอกลู่\nมานั่งแถวนี้บ่อยๆ นะ
R05-0341	บท 3 พากย์ · speech_list_judge_main_c03	? (ช)	In my bar?\nI take offense to that.	ในบาร์ผมเนี่ยนะ?\nนี่มันดูถูกกันชัดๆ
R05-0342	บท 3 พากย์ · speech_list_judge_main_c03	? (ช) [อีกแทร็ก]	Really now... A corrupt official, in my bar?\nI take offense to that.	จริงดิ...เจ้าหน้าที่ทุจริตในบาร์ผมเนี่ยนะ?\nนี่มันดูถูกกันชัดๆ
R05-0343	บท 3 พากย์ · speech_list_judge_main_c03	? (ช)	Heh. Ayabe here yet?	เฮ่อ อายาเบะมาหรือยัง?
R05-0344	บท 3 พากย์ · speech_list_judge_main_c03	? (ช) [อีกแทร็ก]	Ayabe here yet?	อายาเบะมาหรือยัง?
R05-0345	บท 3 พากย์ · speech_list_judge_main_c03	? (ช)	He said he's heading over.	เขาบอกว่ากำลังมา
R05-0346	บท 3 พากย์ · speech_list_judge_main_c03	? (ช) [อีกแทร็ก]	Soon. He said he's heading over.	เดี๋ยวก็มาแล้ว เขาบอกว่ากำลังมา
R05-0347	บท 3 พากย์ · speech_list_judge_main_c03	? (ช)	Before that though, Tak. I've got a little job\nI'd like you to handle, if you would.	แต่ก่อนอื่น ทาคุ ผมมีงานเล็กๆ\nอยากให้นายช่วยจัดการให้หน่อย ถ้าไม่ว่าอะไร
R05-0348	บท 3 พากย์ · speech_list_judge_main_c03	? (ช) [อีกแทร็ก]	Before that though, Tak. You've got good timing—\nthere's something I need you to do.	แต่ก่อนอื่น ทาคุ มาถูกจังหวะเลย—\nมีเรื่องนึงที่ผมอยากให้นายช่วยทำ
R05-0349	บท 3 พากย์ · speech_list_judge_main_c03	? (ช)	A job, huh?	งานเหรอ?
R05-0350	บท 3 พากย์ · speech_list_judge_main_c03	? (ช) [อีกแทร็ก]	A job?	งานเหรอ?
R05-0351	บท 3 พากย์ · speech_list_judge_main_c03	? (ช)	Only the best detective in Kamurocho\ncan handle this case.	มีแค่นักสืบมือดีที่สุดในคามุโรโจ\nเท่านั้นที่จะรับมือคดีนี้ได้
R05-0352	บท 3 พากย์ · speech_list_judge_main_c03	? (ช) [อีกแทร็ก]	A job for only the best detective\nin Kamurocho.	งานนี้มีแค่นักสืบมือดีที่สุด\nในคามุโรโจเท่านั้นที่ทำได้
R05-0353	บท 3 พากย์ · speech_list_judge_main_c03	? (ช)	Oh yeah?\nWell then how can I refuse?	งั้นเหรอ?\nแบบนี้จะให้ผมปฏิเสธได้ยังไง
R05-0354	บท 3 พากย์ · speech_list_judge_main_c03	? (ช) [อีกแทร็ก]	Huh... Well, I can't exactly say no\nafter that.	หา... พูดแบบนี้ผมก็ปฏิเสธไม่ลง\nเหมือนกันนะ
R05-0355	บท 3 พากย์ · speech_list_judge_main_c03	? (ช)	Aw, you're blushing.\nI mean it, though.	โอ้โห หน้าแดงเลยนะ\nแต่ผมพูดจริงนะ
R05-0356	บท 3 พากย์ · speech_list_judge_main_c03	? (?)	<color=ｍonologue>(Masuda always has had a way with words...)</color> 	<color=ｍonologue>(มาสึดะเป็นคนพูดจาเก่งอยู่เสมอ เลยจริงๆ...)</color> 
R05-0357	บท 3 พากย์ · speech_list_judge_main_c03	? (ช)	Then clue me in.	งั้นบอกมาเลย
R05-0358	บท 3 พากย์ · speech_list_judge_main_c03	? (ช) [อีกแทร็ก]	So what's the job?	แล้วงานอะไรล่ะ?
R05-0359	บท 3 พากย์ · speech_list_judge_main_c03	? (ช)	Would if I could.	บอกได้ก็อยากบอกอยู่หรอกนะ
R05-0360	บท 3 พากย์ · speech_list_judge_main_c03	? (ช) [อีกแทร็ก]	No idea.	ไม่รู้เหมือนกัน
R05-0361	บท 3 พากย์ · speech_list_judge_main_c03	? (ช)	I never actually asked. The client's a regular\nof mine, though, so you don't need to worry.	จริงๆ ผมก็ไม่เคยถามเลย แต่ลูกค้าคนนี้\nเป็นขาประจำของผม นายไม่ต้องห่วงหรอก
R05-0362	บท 3 พากย์ · speech_list_judge_main_c03	? (ช) [อีกแทร็ก]	I never actually asked. Still, the client's a regular\nof mine, so you don't need to worry.	จริงๆ ผมไม่เคยถามเลย แต่ยังไงลูกค้าคนนี้\nก็เป็นขาประจำของผม นายไม่ต้องห่วงหรอก
R05-0363	บท 3 พากย์ · speech_list_judge_main_c03	? (ช)	Anyway, you'll need to head over to a place\ncalled Hills Garden on Park Boulevard.	ยังไงก็ตาม นายต้องไปที่ที่นึงชื่อ\nฮิลส์การ์เดน บนถนนปาร์คบูเลอวาร์ด
R05-0364	บท 3 พากย์ · speech_list_judge_main_c03	? (ช)	Right now?	ตอนนี้เลยเหรอ?
R05-0365	บท 3 พากย์ · speech_list_judge_main_c03	? (ช)	Right now. And I'll let you know\nwhen Ayabe-san comes in.	ใช่ ตอนนี้เลย แล้วผมจะบอกนายเอง\nตอนที่อายาเบะซังมาถึง
R05-0366	บท 3 พากย์ · speech_list_judge_main_c03	? (ช)	C'mon, detective. It's not like you\nto turn down a paying job.	ไม่เอาน่า นักสืบ ไม่เหมือนนายเลยนะ\nที่จะปฏิเสธงานที่มีตังค์
R05-0367	บท 3 พากย์ · speech_list_judge_main_c03	? (ช) [อีกแทร็ก]	You're not going to turn down a paying job,\nare you, Yagami?	นายจะไม่ปฏิเสธงานที่มีตังค์ หรอกใช่ไหม\nยากามิ?
R05-0368	บท 3 พากย์ · speech_list_judge_main_c03	? (ช)	You got me there.	นายพูดถูกเผงเลย
R05-0369	บท 3 พากย์ · speech_list_judge_main_c03	? (ช) [อีกแทร็ก]	...Got me there.	...พูดถูกเผงเลย
R05-0370	บท 3 พากย์ · speech_list_judge_main_c03	ayabe (ช)	It's Ayabe.\nMasuda told me to give you a ring.	นี่อายาเบะเอง\nมาสึดะบอกให้โทรหามึง
R05-0371	บท 3 พากย์ · speech_list_judge_main_c03	ayabe (ช) [อีกแทร็ก]	It's Ayabe.\nTender's barman told me to give you a ring.	นี่อายาเบะเอง\nบาร์เทนเดอร์ที่เทนเดอร์บอกให้ โทรหามึง
R05-0372	บท 3 พากย์ · speech_list_judge_main_c03	? (?)	<color=ｍonologue>(Guess Masuda kept his word.)</color> 	<color=ｍonologue>(ดูเหมือนมาสึดะจะรักษาคำพูดจริงๆ)</color> 
R05-0373	บท 3 พากย์ · speech_list_judge_main_c03	yagami (ช) [อีกแทร็ก] [ใช้ร่วมหลายคน]	Yup.	ใช่.
R05-0374	บท 3 พากย์ · speech_list_judge_main_c03	? (ช) [ใช้ร่วมหลายคน]	You need something?	มีธุระอะไรเหรอ?
R05-0375	บท 3 พากย์ · speech_list_judge_main_c03	? (ช)	Yeah, info I hear you've got.	เออ ข้อมูลที่ได้ยินว่านายมีอยู่ไง
R05-0376	บท 3 พากย์ · speech_list_judge_main_c03	? (ช) [อีกแทร็ก]	I'm looking for more information.	ผมกำลังหาข้อมูลเพิ่มเติมอยู่
R05-0377	บท 3 พากย์ · speech_list_judge_main_c03	? (ช)	You got the cash?\nI'm done handing out freebies.	มีตังค์รึเปล่า?\nกูไม่แจกฟรีแล้วนะ
R05-0378	บท 3 พากย์ · speech_list_judge_main_c03	? (ช) [อีกแทร็ก]	You got the cash for it?\nI'm done handing out freebies.	มีตังค์จ่ายรึเปล่า?\nกูไม่แจกฟรีแล้วนะ
R05-0379	บท 3 พากย์ · speech_list_judge_main_c03	? (ช)	Oh, and the price'll depend on\nwhat you wanna know.	อ้อ แล้วราคาก็ขึ้นอยู่กับ\nว่ามึงอยากรู้อะไร
R05-0380	บท 3 พากย์ · speech_list_judge_main_c03	? (ช)	It just so happens you already\ntold Kaito-san the price. 200 grand.	บังเอิญว่านายบอกราคา\nไคโตะซังไปแล้วนี่ 2 แสน
R05-0381	บท 3 พากย์ · speech_list_judge_main_c03	? (ช) [อีกแทร็ก]	The price...? Well, you've already given\nKaito-san a quote of 200 grand.	ราคาเหรอ...? นายก็บอกราคา\nไคโตะซังไปแล้วนี่ 2 แสน
R05-0382	บท 3 พากย์ · speech_list_judge_main_c03	? (?) [ใช้ร่วมหลายคน]	Hm?	หืม?
R05-0383	บท 3 พากย์ · speech_list_judge_main_c03	? (ช)	You know how all that money got stolen from\nthe Matsugane? I want to know what happened to it.	เรื่องเงินที่หายไปจากมัตสึกาเนะน่ะ\nผมอยากรู้ว่าเกิดอะไรขึ้นกับมันบ้าง
R05-0384	บท 3 พากย์ · speech_list_judge_main_c03	? (ช) [อีกแทร็ก]	A year ago, the Matsugane Family got robbed of\n100 million. I want to know what happened to it.	เมื่อปีก่อน ตระกูลมัตสึกาเนะโดนปล้นเงินไป\n100 ล้าน ผมอยากรู้ว่าเกิดอะไรขึ้นกับมันบ้าง
R05-0385	บท 3 พากย์ · speech_list_judge_main_c03	? (ช)	And what, I said it'd be 200k?	แล้วไง กูบอกว่า 2 แสนเหรอ?
R05-0386	บท 3 พากย์ · speech_list_judge_main_c03	? (ช)	That's what he told me.	เขาบอกผมมาแบบนั้น
R05-0387	บท 3 พากย์ · speech_list_judge_main_c03	? (ช)	In that case, let's make it 100.\nPrice drops with age.	งั้นเอาแค่ 1 แสนก็แล้วกัน\nราคาลดตามอายุข่าว
R05-0388	บท 3 พากย์ · speech_list_judge_main_c03	? (ช) [อีกแทร็ก]	Well, since that's old news,\nlet's drop it down to 100.	เอาเป็นว่าข่าวเก่าแล้ว\nกูลดให้เหลือ 1 แสน
R05-0389	บท 3 พากย์ · speech_list_judge_main_c03	? (ช)	Oh, does it?	อ้อ มันเป็นแบบนั้นด้วยเหรอ?
R05-0390	บท 3 พากย์ · speech_list_judge_main_c03	? (ช) [อีกแทร็ก]	Whoa. Really?	โห จริงดิ?
R05-0391	บท 3 พากย์ · speech_list_judge_main_c03	? (ช)	Look, I'm not pulling the numbers outta my ass.\nI've got calculations. A system.	ฟังนะ กูไม่ได้เดาราคามั่วๆ\nกูมีการคำนวณ มีระบบของกู
R05-0392	บท 3 พากย์ · speech_list_judge_main_c03	? (ช)	Anyway, I'll drop by your place tomorrow.\nHave the cash ready.	เอาเป็นว่าพรุ่งนี้กูจะแวะไปหามึงเอง\nเตรียมเงินไว้ให้พร้อม
R05-0393	บท 3 พากย์ · speech_list_judge_main_c03	yagami (ช)	<color=ｍonologue>(Ayabe's stopping by tomorrow.\nMight be a good idea to get some shuteye...)</color>	<color=ｍonologue>(อายาเบะจะแวะมาพรุ่งนี้\nนอนพักเอาแรงไว้หน่อยดีกว่า...)</color>
R05-0394	บท 3 พากย์ · speech_list_judge_main_c03	? (ช)	<color=ｍonologue>(Ayabe said his info will cost 100 grand.\nI've gotta have the money by tomorrow, so...)</color>	<color=ｍonologue>(อายาเบะบอกว่าข้อมูลราคา 1 แสน\nต้องหาเงินให้ได้ภายในพรุ่งนี้ ฉะนั้น...)</color>
R05-0395	บท 3 พากย์ · speech_list_judge_main_c03	? (ช)	<color=ｍonologue>(I could always ask Saori-san or Masuda over at Tender\nif they've got any work for me.)</color>	<color=ｍonologue>(ลองไปถามซาโอริซังหรือมาสึดะที่ เทนเดอร์ดู\nก็ได้ว่ามีงานให้ทำไหม)</color>
R05-0396	บท 3 พากย์ · speech_list_judge_main_c03	? (ช)	<color=ｍonologue>(Or maybe I can just head to L'Amant, hit the tables.)</color>	<color=ｍonologue>(หรือไม่ก็ไปที่ลามองต์ ลองเล่นโต๊ะพนันดูก็ได้)</color>
R05-0397	บท 3 พากย์ · speech_list_judge_main_c03	? (ช)	<color=ｍonologue>(Phew, I'm exhausted...)</color>	<color=ｍonologue>(ฮึ่ย เหนื่อยจัง...)</color>
R05-0398	บท 3 พากย์ · speech_list_judge_main_c03	? (ช)	<color=ｍonologue>(Actually, not yet.\nThere's still more I need to do first.) </color>	<color=ｍonologue>(เอ้อ ไม่ใช่ตอนนี้หรอก\nยังมีอะไรต้องทำอีกเยอะ) </color>
R05-0399	บท 3 พากย์ · speech_list_judge_main_c03	yagami (ช)	...Hello?	...ฮัลโหล?
R05-0400	บท 3 พากย์ · speech_list_judge_main_c03	yagami (ช) [อีกแทร็ก]	...Yeah, hello?	...เออ ฮัลโหล?
R05-0401	บท 3 พากย์ · speech_list_judge_main_c03	ayabe (ช)	It's Ayabe.	อายาเบะเอง
R05-0402	บท 3 พากย์ · speech_list_judge_main_c03	? (ช)	Wake up and look behind you.	ตื่นเถอะ แล้วหันไปดูข้างหลังสิ
R05-0403	บท 3 พากย์ · speech_list_judge_main_c03	? (ช) [อีกแทร็ก]	Look behind you.	หันไปดูข้างหลังสิ
R05-0404	บท 3 พากย์ · speech_list_judge_main_c03	? (?) [ใช้ร่วมหลายคน]	Huh!?	หา!?
R05-0405	บท 3 พากย์ · speech_list_judge_main_c03	? (ช)	Next time just knock, would you?	ครั้งหน้าเคาะประตูก่อนได้ไหม?
R05-0406	บท 3 พากย์ · speech_list_judge_main_c03	? (ช) [อีกแทร็ก]	Knock next time, would you?	เคาะประตูก่อนสิ ครั้งหน้า
R05-0407	บท 3 พากย์ · speech_list_judge_main_c03	? (?)	<color=ｍonologue>(Those must be the files he promised.)</color> 	<color=ｍonologue>(นั่นคงเป็นเอกสารที่เขาสัญญาไว้)</color> 
R05-0408	บท 3 พากย์ · speech_list_judge_main_c03	? (ช)	Those the files on\nthe Matsugane robbery investigation?	นั่นเอกสารสืบสวนคดี\nปล้นมัตสึกาเนะใช่ไหม?
R05-0409	บท 3 พากย์ · speech_list_judge_main_c03	? (ช) [อีกแทร็ก]	So, those are the investigation files\nfor the Matsugane case?	นี่คือเอกสารสืบสวน\nคดีมัตสึกาเนะเหรอ?
R05-0410	บท 3 พากย์ · speech_list_judge_main_c03	? (ช)	Investigation?\nWhat have you been smoking?	สืบสวนเหรอ?\nมึงสูบอะไรมาวะ?
R05-0411	บท 3 พากย์ · speech_list_judge_main_c03	? (ช)	No yakuza's gonna report\na robbery on their office.	ไม่มียากูซ่าที่ไหนแจ้งความ\nเรื่องโดนปล้นสำนักงานตัวเองหรอก
R05-0412	บท 3 พากย์ · speech_list_judge_main_c03	? (ช)	I mean, they'd have cops\nswarming the place.	ไม่งั้นตำรวจก็ต้องกรูกันมา\nเต็มที่นั่นน่ะสิ
R05-0413	บท 3 พากย์ · speech_list_judge_main_c03	kaito (ช) [ใช้ร่วมหลายคน]	Wait...	เดี๋ยวก่อน...
R05-0414	บท 3 พากย์ · speech_list_judge_main_c03	? (ช) [อีกแทร็ก] [ใช้ร่วมหลายคน]	Huh...	หา...
R05-0415	บท 3 พากย์ · speech_list_judge_main_c03	? (ช)	The Matsugane incident was never a formal case.\nI rounded all of this up myself.	คดีมัตสึกาเนะไม่เคยเป็นคดีทางการเลย\nกูรวบรวมข้อมูลพวกนี้มาเองทั้งหมด
R05-0416	บท 3 พากย์ · speech_list_judge_main_c03	? (ช)	You have the cash?	มีตังค์รึเปล่า?
R05-0417	บท 3 พากย์ · speech_list_judge_main_c03	? (ช)	100 grand, just like you asked.	1 แสน ตามที่นายขอเป๊ะ
R05-0418	บท 3 พากย์ · speech_list_judge_main_c03	? (ช) [ใช้ร่วมหลายคน]	Nice.	เยี่ยม
R05-0419	บท 3 พากย์ · speech_list_judge_main_c03	? (ช) [อีกแทร็ก]	Much obliged.	ขอบใจมากนะ
R05-0420	บท 3 พากย์ · speech_list_judge_main_c03	yagami (ช)	Everything's so clear.\nThese are practically real case files.	ทุกอย่างชัดเจนมากเลย\nนี่แทบจะเป็นเอกสารคดีจริงๆ เลยนะ
R05-0421	บท 3 พากย์ · speech_list_judge_main_c03	ayabe (ช)	You wanna know how long\nI spend on this stuff?	อยากรู้ไหมว่ากูใช้เวลา\nกับเรื่องพวกนี้นานแค่ไหน?
R05-0422	บท 3 พากย์ · speech_list_judge_main_c03	ayabe (ช) [อีกแทร็ก]	You know how long\nI spend on this stuff?	รู้ไหมว่ากูใช้เวลา\nกับเรื่องพวกนี้นานแค่ไหน?
R05-0423	บท 3 พากย์ · speech_list_judge_main_c03	? (ช)	Way more than I do on the streets,\nthat's for sure.	นานกว่าตอนออกลาดตระเวนซะอีก\nนั่นแหละแน่นอน
R05-0424	บท 3 พากย์ · speech_list_judge_main_c03	? (ช) [อีกแทร็ก]	Longer than I do on the beat,\nthat's for damn sure.	นานกว่าตอนออกตรวจถนนซะอีก\nนั่นแหละแน่นอน
R05-0425	บท 3 พากย์ · speech_list_judge_main_c03	? (ช)	Someone's proud of himself.	ดูภูมิใจในตัวเองจังนะ
R05-0426	บท 3 พากย์ · speech_list_judge_main_c03	? (ช)	Heh. Now then. This is the floor plan\nfor the Matsugane Family office.	เฮ่อ เอาล่ะ นี่คือผังพื้น\nสำนักงานตระกูลมัตสึกาเนะ
R05-0427	บท 3 พากย์ · speech_list_judge_main_c03	? (ช) [อีกแทร็ก]	Heh heh... This is the floor plan\nfor the Matsugane office.	เฮ่อ เฮ่อ... นี่คือผังพื้น\nสำนักงานมัตสึกาเนะ
R05-0428	บท 3 พากย์ · speech_list_judge_main_c03	? (ช)	It's from a year ago, when the break-in happened.\nThey haven't remodeled since then, have they?	มาจากเมื่อปีก่อน ตอนที่เกิดเหตุปล้น\nพวกเขาคงยังไม่ได้ปรับปรุงอะไร ตั้งแต่นั้นใช่ไหม?
R05-0429	บท 3 พากย์ · speech_list_judge_main_c03	kaito (ช) [ใช้ร่วมหลายคน]	Doubt it.	ไม่คิดว่าจะปรับนะ
R05-0430	บท 3 พากย์ · speech_list_judge_main_c03	? (ช) [อีกแทร็ก]	Not that I know of.	เท่าที่รู้ก็ไม่นะ
R05-0431	บท 3 พากย์ · speech_list_judge_main_c03	? (?)	<color=ｍonologue>(So the question is, how did the thief break in,\nget the money, <font_kind=yakuza_italic>and</font_kind> make it out?)</color> 	<color=ｍonologue>(คำถามคือ ขโมยมันบุกเข้ามา\nเอาเงินไป <font_kind=yakuza_italic>แล้ว</font_kind>ออกไปได้ยังไงกันแน่)</color> 
R05-0432	บท 3 พากย์ · speech_list_judge_main_c03	? (ช)	So. To avoid getting seen by the security camera,\nthe thief snuck in behind a guy coming in.	เอาล่ะ เพื่อไม่ให้กล้องวงจรปิดจับภาพได้\nขโมยแอบเดินตามหลังคนที่กำลังเข้ามา
R05-0433	บท 3 พากย์ · speech_list_judge_main_c03	? (ช) [อีกแทร็ก]	Now, the robbery. To avoid the cameras,\nthe thief snuck in behind a Matsugane guy coming in.	ทีนี้มาถึงเรื่องการปล้น เพื่อเลี่ยงกล้อง\nขโมยแอบเดินตามหลังคนของ มัตสึกาเนะที่กำลังเข้ามา
R05-0434	บท 3 พากย์ · speech_list_judge_main_c03	? (ช)	Once they were in the camera's blind spot,\nhe pistol-whipped the guy and knocked him out cold.	พอเข้าไปอยู่ในจุดบอดกล้อง\nมันก็ใช้ปืนตีหัวคนนั้นจนสลบไป
R05-0435	บท 3 พากย์ · speech_list_judge_main_c03	? (ช) [อีกแทร็ก]	Then, once they were in the camera's blind spot,\nhe pistol-whipped the guy and knocked him out cold.	จากนั้นพอเข้าไปอยู่ในจุดบอดกล้อง\nมันก็ใช้ปืนตีหัวคนนั้นจนสลบไป
R05-0436	บท 3 พากย์ · speech_list_judge_main_c03	? (ช)	At the time, Kaito was the only one\nwatching over the office.	ตอนนั้นมีแต่ไคโตะคนเดียว\nที่เฝ้าสำนักงานอยู่
R05-0437	บท 3 พากย์ · speech_list_judge_main_c03	? (ช)	That's why the thief went in at 3 PM.\nBarely any guards to deal with.	เพราะแบบนั้น ขโมยเลยเลือกเข้าไปตอนบ่ายสาม\nแทบไม่มียามให้ต้องรับมือ
R05-0438	บท 3 พากย์ · speech_list_judge_main_c03	? (ช) [อีกแทร็ก]	That's why the thief went in at 3 PM,\nwhen there were barely any guards to deal with.	เพราะแบบนั้น ขโมยเลยเลือกเข้าไปตอนบ่ายสาม\nตอนที่แทบไม่มียามให้ต้องรับมือ
R05-0439	บท 3 พากย์ · speech_list_judge_main_c03	? (ช)	All he had to do was point his gun\nat Kaito and get him to open the safe.	สิ่งที่มันต้องทำก็แค่จ่อปืน\nใส่ไคโตะแล้วบังคับให้เปิดเซฟ
R05-0440	บท 3 พากย์ · speech_list_judge_main_c03	? (ช) [อีกแทร็ก]	And so, he pointed his gun at Kaito...\nand made him open the safe.	แล้วมันก็จ่อปืนใส่ไคโตะ...\nบังคับให้เปิดเซฟ
R05-0441	บท 3 พากย์ · speech_list_judge_main_c03	? (ช)	But there was only one thief.\nWhy didn't Kaito-san fight back?	แต่มีขโมยแค่คนเดียว\nทำไมไคโตะซังถึงไม่สู้กลับล่ะ?
R05-0442	บท 3 พากย์ · speech_list_judge_main_c03	? (ช)	What would you do if a guy pointed a gun at your head,\nthen shot the ceiling to prove his point?	ถ้ามีคนจ่อปืนที่หัวมึง\nแล้วยิงเพดานเพื่อพิสูจน์ว่าพูดจริง มึงจะทำไง?
R05-0443	บท 3 พากย์ · speech_list_judge_main_c03	? (ช) [อีกแทร็ก]	What would you do if a guy had you at gunpoint,\nthen took a shot at the ceiling?	ถ้ามีคนจ่อปืนใส่มึง\nแล้วยิงเพดานไปนัดนึง มึงจะทำไง?
R05-0444	บท 3 พากย์ · speech_list_judge_main_c03	? (ช)	Even a guy like him would freeze up under that kind\nof pressure. You really gonna chance playing hero?	ต่อให้เป็นคนอย่างเขาก็ต้อง แข็งทื่อไปกับแรงกดดัน\nแบบนั้น มึงจะเสี่ยงเล่นฮีโร่จริงๆ เหรอ?
R05-0445	บท 3 พากย์ · speech_list_judge_main_c03	? (ช) [อีกแทร็ก]	Doesn't matter who you are.\nAnyone would freeze up under that kinda pressure.	ไม่ว่าจะเป็นใคร\nก็ต้องแข็งทื่อไปกับแรงกดดันแบบ นั้นทั้งนั้น
R05-0446	บท 3 พากย์ · speech_list_judge_main_c03	? (ช)	Once the safe was open, the thief smacked Kaito, too.\nKnocked him out just like the last guy.	พอเซฟเปิด ขโมยก็ตีไคโตะด้วย\nทำให้สลบไปเหมือนคนก่อนหน้า
R05-0447	บท 3 พากย์ · speech_list_judge_main_c03	? (ช) [อีกแทร็ก]	Then, once the safe was open,\nthe thief knocked Kaito out cold.	จากนั้นพอเซฟเปิด\nขโมยก็ตีไคโตะจนสลบไป
R05-0448	บท 3 พากย์ · speech_list_judge_main_c03	? (ช)	And that's how the story ends.	เรื่องก็จบลงแค่นั้น
R05-0449	บท 3 พากย์ · speech_list_judge_main_c03	? (ช) [อีกแทร็ก]	And that about sums it up.	สรุปก็ประมาณนี้แหละ
R05-0450	บท 3 พากย์ · speech_list_judge_main_c03	? (?)	<color=ｍonologue>(So he broke in specifically when nobody was around.\nBallsy, raiding a yakuza office with just a pistol.)</color> 	<color=ｍonologue>(แปลว่ามันจงใจบุกเข้ามาตอนไม่มี ใครอยู่\nกล้าจริงนะ ที่บุกสำนักงานยากูซ่าด้วยปืน กระบอกเดียว)</color> 
R05-0451	บท 3 พากย์ · speech_list_judge_main_c03	? (ช)	Sounds a little too well thought-out.	ฟังดูวางแผนมาดีเกินไปหน่อยนะ
R05-0452	บท 3 พากย์ · speech_list_judge_main_c03	? (ช) [อีกแทร็ก]	A lot of planning went into this.\nMight even be a little too planned out.	มีการวางแผนมาเยอะเลย\nอาจจะวางแผนมาดีเกินไปด้วยซ้ำ
R05-0453	บท 3 พากย์ · speech_list_judge_main_c03	? (ช)	This guy was a pro.\nAnd consider this.	หมอนี่มืออาชีพ\nแล้วลองคิดดูนี่สิ
R05-0454	บท 3 พากย์ · speech_list_judge_main_c03	? (ช) [อีกแทร็ก]	Yeah. Not only was this guy a pro...	เออ ไม่ใช่แค่หมอนี่มืออาชีพ...
R05-0455	บท 3 พากย์ · speech_list_judge_main_c03	? (ช)	If he didn't know when the office would be empty,\nhe'd never have been able to pull it off.	ถ้ามันไม่รู้ว่าสำนักงานจะว่างตอนไหน\nมันก็ทำแบบนี้ไม่สำเร็จหรอก
R05-0456	บท 3 พากย์ · speech_list_judge_main_c03	? (ช)	Clearly he had a contact on the inside.	เห็นชัดว่ามันมีสายในอยู่
R05-0457	บท 3 พากย์ · speech_list_judge_main_c03	? (ช) [อีกแทร็ก]	Way I see it, this guy must have had\na contact on the inside.	ที่กูมองน่ะ หมอนี่\nต้องมีสายในแน่ๆ
R05-0458	บท 3 พากย์ · speech_list_judge_main_c03	? (ช)	Maybe, but still...	อาจจะใช่ แต่ถึงอย่างนั้น...
R05-0459	บท 3 พากย์ · speech_list_judge_main_c03	? (ช) [อีกแทร็ก]	I see your point, but...	เข้าใจที่นายพูดนะ แต่...
R05-0460	บท 3 พากย์ · speech_list_judge_main_c03	? (ช)	I don't understand why Kaito-san reacted like that.\nNormally he'd have killed the guy or died trying.	ผมไม่เข้าใจว่าทำไมไคโตะซังถึง ทำแบบนั้น\nปกติแล้วเขาต้องฆ่าให้ตาย หรือไม่ก็ตายไปพร้อมกับสู้
R05-0461	บท 3 พากย์ · speech_list_judge_main_c03	? (ช) [อีกแทร็ก]	I don't get why Kaito-san reacted like that.\nNormally he'd put up way more of a fight.	ผมไม่เข้าใจว่าทำไมไคโตะซังถึง ทำแบบนั้น\nปกติเขาต้องสู้กลับหนักกว่านี้มาก
R05-0462	บท 3 พากย์ · speech_list_judge_main_c03	? (ช)	Heh, thought you'd say that.	เฮ่อ รู้อยู่แล้วว่ามึงต้องพูดแบบนั้น
R05-0463	บท 3 พากย์ · speech_list_judge_main_c03	? (ช) [อีกแทร็ก]	Heh. Thought you'd say that.	เฮ่อ รู้อยู่แล้วว่ามึงต้องพูดแบบนั้น
R05-0464	บท 3 พากย์ · speech_list_judge_main_c03	? (ช)	That was all just a warm-up.\nThis next bit is what's worth the 100 grand.	ที่พูดมาทั้งหมดแค่โหมโรงเฉยๆ\nต่อไปนี่แหละที่คุ้มกับเงินแสนนึง
R05-0465	บท 3 พากย์ · speech_list_judge_main_c03	? (ช) [อีกแทร็ก]	See, everything I just told you was the leadup.\nThis next bit is what's worth the 100 grand.	ฟังนะ ที่กูเล่าไปทั้งหมดคือการปูเรื่องเฉยๆ\nต่อไปนี่แหละที่คุ้มกับเงินแสนนึง
R05-0466	บท 3 พากย์ · speech_list_judge_main_c03	? (ช)	So. I said Kaito was alone\nin the office, right?	เอาล่ะ กูบอกว่าไคโตะอยู่\nในสำนักงานคนเดียวใช่ไหม?
R05-0467	บท 3 พากย์ · speech_list_judge_main_c03	? (ช) [อีกแทร็ก]	I said Kaito was alone\nin the office, right?	กูบอกว่าไคโตะอยู่\nในสำนักงานคนเดียวใช่ไหม?
R05-0468	บท 3 พากย์ · speech_list_judge_main_c03	? (ช)	Well... Turns out someone\nelse was there, too.	แต่จริงๆ แล้ว...มีอีกคน\nอยู่ที่นั่นด้วย
R05-0469	บท 3 พากย์ · speech_list_judge_main_c03	? (ช) [อีกแทร็ก]	The truth is, there was someone else\nthere with him.	ความจริงคือ มีอีกคน\nอยู่กับเขาด้วย
R05-0470	บท 3 พากย์ · speech_list_judge_main_c03	? (ช) [ใช้ร่วมหลายคน]	Higashi.	ฮิงาชิ
R05-0471	บท 3 พากย์ · speech_list_judge_main_c03	? (ช)	He saw the whole thing go down, but Kaito's\nthe guy who took the proverbial bullet.	เขาเห็นเหตุการณ์ทั้งหมดเกิดขึ้น แต่ไคโตะ\nคือคนที่รับผิดแทน
R05-0472	บท 3 พากย์ · speech_list_judge_main_c03	? (ช) [อีกแทร็ก]	He was right at the scene of the crime,\nand he saw the whole thing go down.	เขาอยู่ที่ที่เกิดเหตุพอดี\nแล้วเห็นทุกอย่างเกิดขึ้นกับตา
R05-0473	บท 3 พากย์ · speech_list_judge_main_c03	ayabe (ช)	Kaito never did tell anyone else that Higashi\nfroze like a deer in the headlights.	ไคโตะไม่เคยบอกใครเลยว่าฮิงาชิ\nยืนตัวแข็งเหมือนโดนสะกดตอนนั้น
R05-0474	บท 3 พากย์ · speech_list_judge_main_c03	ayabe (ช) [อีกแทร็ก]	You can figure out the rest.\nKaito never told anyone about Higashi.	ที่เหลือมึงคงเดาออก\nไคโตะไม่เคยบอกใครเรื่องฮิงาชิเลย
R05-0475	บท 3 พากย์ · speech_list_judge_main_c03	? (ช)	Instead, he took the fall for the missing\n100 mil and got himself tossed out of the family.	แทนที่จะบอกใคร เขากลับรับผิดแทนเรื่องเงิน\nร้อยล้านที่หายไป จนโดนไล่ออกจากตระกูลไปเอง
R05-0476	บท 3 พากย์ · speech_list_judge_main_c03	? (ช) [อีกแทร็ก]	He just took the fall for the missing 100 mil,\nand got himself kicked out.	เขารับผิดแทนเรื่องเงินร้อยล้าน ที่หายไปเฉยๆ\nแล้วก็โดนไล่ออกไป
R05-0477	บท 3 พากย์ · speech_list_judge_main_c03	yagami (ช)	Tch, why am I not surprised? That sounds\nexactly like what Kaito-san would do.	ชิ ทำไมผมถึงไม่แปลกใจเลยนะ นั่นมันเหมือน\nสิ่งที่ไคโตะซังจะทำเป๊ะๆ เลย
R05-0478	บท 3 พากย์ · speech_list_judge_main_c03	yagami (ช) [อีกแทร็ก]	Everything makes more sense now... And yeah.\nThat sounds like Kaito-san.	ตอนนี้ทุกอย่างเข้าใจได้มากขึ้น เยอะเลย...แล้วก็ใช่\nนั่นมันเหมือนไคโตะซังจริงๆ
R05-0479	บท 3 พากย์ · speech_list_judge_main_c03	? (ช) [ใช้ร่วมหลายคน]	Right?	ใช่มั้ยล่ะ?
R05-0480	บท 3 พากย์ · speech_list_judge_main_c03	? (ช) [อีกแทร็ก]	Don't it?	ใช่ไหมล่ะ?
R05-0481	บท 3 พากย์ · speech_list_judge_main_c03	? (ช)	But what happened next? How did Higashi\nget the money back? It couldn't have been easy.	แต่หลังจากนั้นเกิดอะไรขึ้น? ฮิงาชิ\nเอาเงินคืนมาได้ยังไง? มันคงไม่ง่ายแน่ๆ
R05-0482	บท 3 พากย์ · speech_list_judge_main_c03	? (ช) [อีกแทร็ก]	But what happened next? Higashi got that 100 million\nback somehow. What did he do?	แต่หลังจากนั้นเกิดอะไรขึ้น? ฮิงาชิเอาเงินร้อยล้าน\nคืนมาได้ยังไง? เขาทำอะไรลงไป?
R05-0483	บท 3 พากย์ · speech_list_judge_main_c03	? (ช)	He chased the thief down\nand took it back.	เขาไล่ตามขโมยไป\nแล้วเอาเงินคืนมา
R05-0484	บท 3 พากย์ · speech_list_judge_main_c03	? (ช) [อีกแทร็ก]	He chased the thief down,\nand <font_kind=yakuza_italic>took</font_kind> it back.	เขาไล่ตามขโมยไป\nแล้ว<font_kind=yakuza_italic>เอาคืน</font_kind>มาได้
R05-0485	บท 3 พากย์ · speech_list_judge_main_c03	? (ช)	Thought that'd get Kaito back into\nthe fold. Which it obviously didn't.	คิดว่าจะได้ไคโตะกลับเข้าตระกูล\nอีกครั้ง แต่เห็นได้ชัดว่าไม่เป็นแบบนั้น
R05-0486	บท 3 พากย์ · speech_list_judge_main_c03	? (ช) [อีกแทร็ก]	Thought that'd get Kaito back into the fold,\nthough it obviously didn't.	คิดว่าจะได้ไคโตะกลับเข้าตระกูล อีกครั้ง\nแต่เห็นได้ชัดว่าไม่เป็นแบบนั้น
R05-0487	บท 3 พากย์ · speech_list_judge_main_c03	? (ช)	Thing is, he needed access to\nthe police database to search for faces.	แต่ปัญหาคือ เขาต้องใช้\nฐานข้อมูลตำรวจเพื่อค้นหาใบหน้า
R05-0488	บท 3 พากย์ · speech_list_judge_main_c03	? (ช) [อีกแทร็ก]	Anyway, he wanted to use the police database\nto search for the guy's face.	ยังไงก็ตาม เขาอยากใช้ฐานข้อมูลตำรวจ\nค้นหาใบหน้าของมัน
R05-0489	บท 3 พากย์ · speech_list_judge_main_c03	? (?)	<color=ｍonologue>(The police database? That means...)</color> 	<color=ｍonologue>(ฐานข้อมูลตำรวจ? นั่นแปลว่า...)</color> 
R05-0490	บท 3 พากย์ · speech_list_judge_main_c03	? (ช)	I see it now. That's why\nyou know what you do, huh?	เข้าใจแล้ว นั่นแหละคือเหตุผล\nที่นายรู้เรื่องพวกนี้สินะ?
R05-0491	บท 3 พากย์ · speech_list_judge_main_c03	? (ช) [อีกแทร็ก]	I get it. So... that's when Higashi\nwent to you.	เข้าใจแล้ว ถ้างั้น...ตอนนั้นเอง\nที่ฮิงาชิมาหานาย
R05-0492	บท 3 พากย์ · speech_list_judge_main_c03	? (?) [ใช้ร่วมหลายคน]	You think so?	คุณคิดงั้นจริงๆ เหรอ?
R05-0493	บท 3 พากย์ · speech_list_judge_main_c03	? (ช) [อีกแทร็ก]	What makes you so sure?	อะไรทำให้มึงมั่นใจขนาดนั้น?
R05-0494	บท 3 พากย์ · speech_list_judge_main_c03	? (ช)	That's the only way you'd know about this case.\nThey never filed a police report, after all.	มันเป็นทางเดียวที่นายจะรู้ เรื่องคดีนี้ได้\nในเมื่อไม่เคยมีการแจ้งความไว้เลย
R05-0495	บท 3 พากย์ · speech_list_judge_main_c03	? (ช)	Haha, ding ding ding.	ฮ่าฮ่า ติ๊ง ติ๊ง ติ๊ง ถูกเผง
R05-0496	บท 3 พากย์ · speech_list_judge_main_c03	? (ช) [อีกแทร็ก]	Pretty sharp.	คมนะเว้ย
R05-0497	บท 3 พากย์ · speech_list_judge_main_c03	? (ช)	Long story short, Higashi used\nthe database and found his man.	พูดสั้นๆ ก็คือฮิงาชิใช้ฐานข้อมูล\nตามหาตัวมันจนเจอ
R05-0498	บท 3 พากย์ · speech_list_judge_main_c03	? (ช) [อีกแทร็ก]	Well, Higashi used the database\nand found his man.	เอาเป็นว่าฮิงาชิใช้ฐานข้อมูล\nตามหาตัวมันจนเจอ
R05-0499	บท 3 พากย์ · speech_list_judge_main_c03	? (ช)	A homeless guy living on the streets of Kamurocho.\nKnown around town as Red Nose.	คนไร้บ้านที่อยู่ตามท้องถนนในคามุโรโจ\nแถวนี้เรียกมันว่า จมูกแดง
R05-0500	บท 3 พากย์ · speech_list_judge_main_c03	? (ช)	Here, just sent you a pic. That's what he looked\nlike before his life went to shit.	นี่ เพิ่งส่งรูปให้นายไป นั่นแหละหน้าตามัน\nก่อนที่ชีวิตจะพังไม่เป็นท่า
R05-0501	บท 3 พากย์ · speech_list_judge_main_c03	? (ช) [อีกแทร็ก]	Here, just sent you a photo. That's him\nbefore he was homeless, at least.	นี่ เพิ่งส่งรูปให้นายไป นั่นแหละตัวมัน\nก่อนจะมาเป็นคนไร้บ้านอย่างน้อย ก็ตอนนั้น
R05-0502	บท 3 พากย์ · speech_list_judge_main_c03	? (?)	<color=ｍonologue>(...This is Red Nose?)</color> 	<color=ｍonologue>(...นี่นะจมูกแดง?)</color> 
R05-0503	บท 3 พากย์ · speech_list_judge_main_c03	? (ช)	I don't think his nose is all that red.	ผมว่าจมูกมันก็ไม่ได้แดงขนาดนั้นนะ
R05-0504	บท 3 พากย์ · speech_list_judge_main_c03	? (ช) [อีกแทร็ก]	Huh. Is his nose really that red?	แหะ จมูกมันแดงขนาดนั้นเลยเหรอ
R05-0505	บท 3 พากย์ · speech_list_judge_main_c03	? (ช)	Not my name, don't ask me.	ฉันไม่ได้ตั้งชื่อนั้นให้มันนะ อย่าถามฉัน
R05-0506	บท 3 พากย์ · speech_list_judge_main_c03	? (ช) [อีกแทร็ก]	Not my nickname, don't ask me.	ฉันไม่ได้ตั้งฉายานั้นให้มันนะ อย่าถามฉัน
R05-0507	บท 3 พากย์ · speech_list_judge_main_c03	? (ช)	Anyway, I think you know what came next.	ยังไงก็เถอะ ต่อจากนั้นนายก็คงเดาออก
R05-0508	บท 3 พากย์ · speech_list_judge_main_c03	? (ช) [อีกแทร็ก]	Well, anyway...\nI think you know what came next.	เอาเป็นว่า...\nต่อจากนั้นนายก็คงเดาออก
R05-0509	บท 3 พากย์ · speech_list_judge_main_c03	? (ช)	He tracked Red Nose down and took the money back.\nBut Kaito-san's still out in the cold.	มันตามล่าจมูกแดงจนเจอ แล้วเอาเงินคืนมาได้\nแต่ไคโตะซังก็ยังโดนลอยแพเหมือนเดิม
R05-0510	บท 3 พากย์ · speech_list_judge_main_c03	? (ช)	Ain't that funny? Meanwhile Higashi's shooting up\nthe ranks. Guess he got on Hamura's good side.	ตลกดีใช่ไหมล่ะ ในขณะที่ฮิงาชิไต่เต้าขึ้น\nเรื่อยๆ คงเข้าตาฮามุระพอดี
R05-0511	บท 3 พากย์ · speech_list_judge_main_c03	? (ช) [อีกแทร็ก]	Higashi's climbed the ranks in the meantime, though.\nAll that work got him on the captain's good side.	แต่ในระหว่างนั้นฮิงาชิก็ ไต่เต้าขึ้นเรื่อยๆ\nทำงานหนักจนเข้าตากัปตัน
R05-0512	บท 3 พากย์ · speech_list_judge_main_c03	? (ช)	And Red Nose?	แล้วจมูกแดงล่ะ?
R05-0513	บท 3 พากย์ · speech_list_judge_main_c03	? (ช) [อีกแทร็ก]	And Red Nose? Where'd he go?	แล้วจมูกแดงล่ะ หายไปไหน?
R05-0514	บท 3 พากย์ · speech_list_judge_main_c03	? (ช)	Haven't heard a peep about him.\nAnd I'm keen to keep it that way.	ไม่ได้ยินข่าวคราวมันเลยสักแอะ\nและฉันก็อยากให้มันเป็นแบบนี้ต่อไป
R05-0515	บท 3 พากย์ · speech_list_judge_main_c03	? (ช) [อีกแทร็ก]	Higashi never talked much about him.\nI wasn't too keen on asking, either.	ฮิงาชิไม่ค่อยพูดถึงมันเท่าไหร่\nฉันเองก็ไม่ค่อยอยากถามอยู่แล้ว
R05-0516	บท 3 พากย์ · speech_list_judge_main_c03	? (ช)	Higashi didn't... kill him, did he?	ฮิงาชิไม่ได้... ฆ่ามันใช่ไหม?
R05-0517	บท 3 พากย์ · speech_list_judge_main_c03	? (ช) [อีกแทร็ก]	You don't think Higashi... killed him, do you?	นายไม่คิดว่าฮิงาชิ... ฆ่ามันใช่ไหม?
R05-0518	บท 3 พากย์ · speech_list_judge_main_c03	? (ช) [ใช้ร่วมหลายคน]	Beats me.	ไม่รู้เหมือนกัน
R05-0519	บท 3 พากย์ · speech_list_judge_main_c03	? (ช)	Well? How was it?\nWorth the hundred Gs?	แล้วไง? เป็นไงบ้าง\nคุ้มกับเงินแสนที่จ่ายไปไหม?
R05-0520	บท 3 พากย์ · speech_list_judge_main_c03	? (ช) [อีกแทร็ก]	So how was it?\nWorth the hundred Gs?	เอาล่ะ เป็นไงบ้าง\nคุ้มกับเงินแสนที่จ่ายไปไหม?
R05-0521	บท 3 พากย์ · speech_list_judge_main_c03	? (ช)	A year ago, Higashi must have turned the city\nupside down looking for Red Nose...	เมื่อปีก่อนฮิงาชิคงพลิกเมือง ทั้งเมือง\nตามหาจมูกแดงจนทั่ว...
R05-0522	บท 3 พากย์ · speech_list_judge_main_c03	? (ช) [อีกแทร็ก]	Back then... Higashi must have scoured the city to\ntrack down Red Nose. Probably asked the homeless.	ตอนนั้น... ฮิงาชิคงกวาดล้างทั้งเมือง\nเพื่อตามล่าจมูกแดง คงถามพวกคนไร้บ้านด้วย
R05-0523	บท 3 พากย์ · speech_list_judge_main_c03	? (ช)	If a guy like him could\npull that off, so can I.	ถ้าคนแบบมันยังทำได้\nฉันก็ต้องทำได้เหมือนกัน
R05-0524	บท 3 พากย์ · speech_list_judge_main_c03	? (ช) [อีกแทร็ก]	...If he can do it, so can I.\nRed Nose, huh...?	...ถ้ามันทำได้ ฉันก็ต้องทำได้เหมือนกัน\nจมูกแดงสินะ...?
R05-0525	บท 3 พากย์ · speech_list_judge_main_c03	yagami (ช)	(I need to figure out if Red Nose is still alive.\nMaybe the homeless people around town would know more...) 	(ผมต้องหาให้ได้ว่าจมูกแดงยัง มีชีวิตอยู่ไหม\nบางทีพวกคนไร้บ้านแถวนี้อาจจะ รู้อะไรมากกว่านี้...) 
R05-0526	บท 3 พากย์ · speech_list_judge_main_c03	yagami (ช)	Sorry, can I ask you something?	ขอโทษนะครับ ถามอะไรหน่อยได้ไหม
R05-0527	บท 3 พากย์ · speech_list_judge_main_c03	yagami (ช) [อีกแทร็ก]	Do you have a sec?	มีเวลาสักครู่มั้ยครับ?
R05-0528	บท 3 พากย์ · speech_list_judge_main_c03	homeless (ช)	Depends.\nWhaddya want?	แล้วแต่เรื่อง\nอยากได้อะไรล่ะ
R05-0529	บท 3 พากย์ · speech_list_judge_main_c03	homeless (ช) [อีกแทร็ก]	Mm? Whaddaya want?	อือ? อยากได้อะไร
R05-0530	บท 3 พากย์ · speech_list_judge_main_c03	? (ช)	I'm looking for someone.\nMan by the name of Red Nose.	ผมกำลังตามหาใครคนหนึ่งอยู่ครับ\nผู้ชายที่ชื่อจมูกแดง
R05-0531	บท 3 พากย์ · speech_list_judge_main_c03	? (ช)	Red Nose?\nNever heard of him.	จมูกแดงเหรอ?\nไม่เคยได้ยินชื่อนี้เลย
R05-0532	บท 3 พากย์ · speech_list_judge_main_c03	? (ช)	Nothing, huh?	ไม่รู้จักเลยเหรอครับ
R05-0533	บท 3 พากย์ · speech_list_judge_main_c03	kaito (ช) [อีกแทร็ก] [ใช้ร่วมหลายคน]	Right.	ใช่
R05-0534	บท 3 พากย์ · speech_list_judge_main_c03	? (ช)	But, maybe my friends'd\nknow something.	แต่เพื่อนฉันอาจจะ\nรู้อะไรบ้างก็ได้
R05-0535	บท 3 พากย์ · speech_list_judge_main_c03	? (ช)	Can you ask them?	ช่วยถามให้หน่อยได้ไหมครับ
R05-0536	บท 3 พากย์ · speech_list_judge_main_c03	? (ช)	You bet.\nMight take some time, though.	ได้สิ\nแต่อาจจะใช้เวลาหน่อยนะ
R05-0537	บท 3 พากย์ · speech_list_judge_main_c03	? (ช)	That's all right.\nI can wait.	ไม่เป็นไรครับ\nผมรอได้
R05-0538	บท 3 พากย์ · speech_list_judge_main_c03	? (ช)	If you say so.\nOh, and in return...	ถ้านายว่างั้นก็ได้\nอ้อ แล้วเป็นการแลกเปลี่ยนนะ...
R05-0539	บท 3 พากย์ · speech_list_judge_main_c03	? (ช)	I've got this thing called a Play Pass.\nYou mind taking a shot at it?	ฉันมีของอยู่ชิ้นหนึ่งเรียกว่า เพลย์พาส\nนายลองเล่นให้หน่อยได้ไหม
R05-0540	บท 3 พากย์ · speech_list_judge_main_c03	? (ช) [อีกแทร็ก]	Say, buddy, you mind using\nthis Play Pass for a bit?	นี่เพื่อน ช่วยเอาเพลย์พาสนี่\nไปเล่นให้หน่อยได้ไหม
R05-0541	บท 3 พากย์ · speech_list_judge_main_c03	? (ช)	...Come again?	...ว่าไงนะครับ?
R05-0542	บท 3 พากย์ · speech_list_judge_main_c03	? (ช)	It's for a new game this bigshot committee just opened.\nThey call it Dice & Cube over at Paradise VR.	มันเป็นเกมใหม่ที่คณะกรรมการ ใหญ่เพิ่งเปิดตัว\nเขาเรียกว่า Dice & Cube ที่ Paradise VR
R05-0543	บท 3 พากย์ · speech_list_judge_main_c03	? (ช) [อีกแทร็ก]	It's for a new game this bigshot Kamurocho committee\njust started. They call it VR Dice & Cube.	มันเป็นเกมใหม่ที่คณะกรรมการ ใหญ่ของคามุโรโจ\nเพิ่งเปิดตัว เขาเรียกว่า VR Dice & Cube
R05-0544	บท 3 พากย์ · speech_list_judge_main_c03	? (?) [ใช้ร่วมหลายคน]	Which is what?	อะไรล่ะ?
R05-0545	บท 3 พากย์ · speech_list_judge_main_c03	? (ช)	It's uh, some kinda fancy board game. You wear\nstupid glasses, you roll dice... Heck if I know.	มันก็เอ่อ... เกมกระดานหรูๆ อะไรสักอย่าง ใส่\nแว่นบ้าบอ ทอยลูกเต๋า... ฉันเองก็ไม่รู้หรอก
R05-0546	บท 3 พากย์ · speech_list_judge_main_c03	? (ช) [อีกแทร็ก]	It's, uh... some kinda interactive experience thing?\nY'know Suguroku, the board game? Like that, but life-size.	มันก็เอ่อ... เกมอินเตอร์แอกทีฟอะไรสักอย่าง\nรู้จักซุโกโรกุไหม เกมกระดานน่ะ คล้ายๆ งั้น แต่ตัวเป็นๆ เลย
R05-0547	บท 3 พากย์ · speech_list_judge_main_c03	? (ช)	It's over on Theater Alley, and you need\none of the Play Passes to get in.	มันอยู่แถวเธียเตอร์อัลเลย์ ต้องมี\nเพลย์พาสถึงจะเข้าไปได้
R05-0548	บท 3 พากย์ · speech_list_judge_main_c03	? (ช) [อีกแทร็ก]	They'll let ya give it a shot over on Theater Alley\nif you've got one o' them Play Passes.	ถ้ามีเพลย์พาสสักใบ เขาจะให้นายลองเล่น\nได้ที่เธียเตอร์อัลเลย์
R05-0549	บท 3 พากย์ · speech_list_judge_main_c03	? (ช)	Huh, this town's crazy sometimes.	แหะ เมืองนี้บางทีก็บ้าบอดีแท้
R05-0550	บท 3 พากย์ · speech_list_judge_main_c03	? (ช) [อีกแทร็ก]	Huh. Never knew that\nkinda thing existed.	แหะ ไม่เคยรู้เลยว่า\nมีของแบบนี้อยู่ด้วย
R05-0551	บท 3 พากย์ · speech_list_judge_main_c03	? (ช)	I hear they got some pretty\nnice prizes if you win, too.	ได้ยินมาว่าถ้าชนะ\nจะได้ของรางวัลดีๆ ด้วยนะ
R05-0552	บท 3 พากย์ · speech_list_judge_main_c03	? (ช) [อีกแทร็ก]	I hear you can rake in the prizes\nif you manage to win, too.	ได้ยินมาว่าถ้าเอาชนะได้\nจะกวาดรางวัลได้เพียบเลยนะ
R05-0553	บท 3 พากย์ · speech_list_judge_main_c03	? (ช)	But my legs are shot to shit.\nNo VR for this hobo.	แต่ขาฉันมันพังไม่เป็นท่าแล้ว\nคนไร้บ้านอย่างฉันคงไม่มีลุ้น VR หรอก
R05-0554	บท 3 พากย์ · speech_list_judge_main_c03	? (ช) [อีกแทร็ก]	My legs're kinda shot, though, as you can see.\nNo playtime for this hobo.	ขาฉันมันไม่ค่อยดีแล้ว เห็นๆ อยู่\nคนไร้บ้านอย่างฉันคงไม่มีโอกาส ได้เล่นหรอก
R05-0555	บท 3 พากย์ · speech_list_judge_main_c03	? (ช)	Yeah, I guess you'd still\nhave to move around.	อือ นายคงต้อง\nขยับตัวเยอะเหมือนกันสินะ
R05-0556	บท 3 พากย์ · speech_list_judge_main_c03	? (ช) [อีกแทร็ก]	Right, it would be tough\nfor you to move around.	ครับ คงลำบากสำหรับนาย\nที่ต้องขยับตัวไปมา
R05-0557	บท 3 พากย์ · speech_list_judge_main_c03	? (ช)	I got a few friends who've tried,\nbut it sounds like they're all havin' trouble.	เพื่อนฉันบางคนก็เคยลองแล้ว\nแต่ฟังดูเหมือนทุกคนจะเจอปัญหากันหมด
R05-0558	บท 3 พากย์ · speech_list_judge_main_c03	? (ช)	Sooo, I want you to get a prize for me.\nYoung guy like you can do it no problem. Whaddya say?	เอาล่ะ ฉันอยากให้นายไปเอารางวัลมาให้หน่อย\nหนุ่มแน่นแบบนายทำได้สบายมากอยู่แล้ว ว่าไง?
R05-0559	บท 3 พากย์ · speech_list_judge_main_c03	? (ช) [อีกแทร็ก]	You're a strapping young fella, so it'll be easy for you.\nGo win a little prize for me, huh? Whaddya say?	นายหนุ่มแน่นแข็งแรงแบบนี้ ทำได้ชิลๆ อยู่แล้ว\nไปคว้ารางวัลสักชิ้นมาให้ฉันหน่อยนะ ว่าไง?
R05-0560	บท 3 พากย์ · speech_list_judge_main_c03	? (ช)	Sounds interesting... All right.\nYou wait here. I'll go win you that prize.	ฟังดูน่าสนใจดี... ก็ได้\nรอตรงนี้นะครับ ผมจะไปคว้ารางวัลมาให้
R05-0561	บท 3 พากย์ · speech_list_judge_main_c03	? (ช) [อีกแทร็ก]	Sounds interesting... All right.\nYou wait here, and I'll go win you that prize.	ฟังดูน่าสนใจดี... ก็ได้\nรอตรงนี้นะครับ แล้วผมจะไปคว้ารางวัลมาให้
R05-0562	บท 3 พากย์ · speech_list_judge_main_c03	? (ช)	Thanks a million, buddy. I'll ask around\nabout your Red Nose in the meantime.	ขอบใจมากๆ เลยเพื่อน ระหว่างนี้ฉันจะ\nลองถามเรื่องจมูกแดงของนายดูให้
R05-0563	บท 3 พากย์ · speech_list_judge_main_c03	? (ช) [อีกแทร็ก]	Great! In that case, I'll ask around\nand see if anyone knows your guy.	เยี่ยม! งั้นฉันจะลองถามดู\nว่ามีใครรู้จักคนที่นายตามหาไหม
R05-0564	บท 3 พากย์ · speech_list_judge_main_c03	? (ช)	Hello, do you have a second?	สวัสดีครับ ขอเวลาสักครู่ได้ไหม
R05-0565	บท 3 พากย์ · speech_list_judge_main_c03	yagami (ช) [อีกแทร็ก]	Hey, do you have a second?	นี่ครับ ขอเวลาสักครู่ได้ไหม
R05-0566	บท 3 พากย์ · speech_list_judge_main_c03	? (ช)	I'm looking for a man\nnamed Red Nose.	ผมกำลังตามหาผู้ชาย\nที่ชื่อจมูกแดงอยู่ครับ
R05-0567	บท 3 พากย์ · speech_list_judge_main_c03	? (ช)	Red Nose? \nThat homeless guy?	จมูกแดงเหรอ?\nไอ้คนไร้บ้านคนนั้นน่ะเหรอ?
R05-0568	บท 3 พากย์ · speech_list_judge_main_c03	? (ช) [อีกแทร็ก]	And you're asking me?\nHe homeless, too?	แล้วมาถามฉันทำไม?\nฉันก็คนไร้บ้านเหมือนกันนะ?
R05-0569	บท 3 พากย์ · speech_list_judge_main_c03	? (ช)	Yeah, I know him.\nAin't seen him in at least a year, though.	อือ รู้จักอยู่\nแต่ไม่เจอหน้ามันมาเป็นปีแล้วนะ
R05-0570	บท 3 พากย์ · speech_list_judge_main_c03	? (ช) [อีกแทร็ก]	...Yeah, I know him.\nHaven't seen him for about a year, though.	...อือ รู้จักอยู่\nแต่ไม่เจอหน้ามันมาสักปีแล้วนะ
R05-0571	บท 3 พากย์ · speech_list_judge_main_c03	? (ช)	Any idea where he went?	พอจะรู้ไหมว่ามันไปไหน?
R05-0572	บท 3 พากย์ · speech_list_judge_main_c03	saori (ญ) [ใช้ร่วมหลายคน]	Nope.	เปล่า
R05-0573	บท 3 พากย์ · speech_list_judge_main_c03	? (ช) [อีกแทร็ก]	Don't think so.	คงไม่รู้หรอก
R05-0574	บท 3 พากย์ · speech_list_judge_main_c03	? (ช)	...Maybe a drink will\njog your memory?	...หรือถ้าได้ดื่มสักแก้ว\nอาจจะช่วยให้นึกออกก็ได้นะ?
R05-0575	บท 3 พากย์ · speech_list_judge_main_c03	? (ช) [อีกแทร็ก]	Maybe a drink will\njog your memory?	ถ้าได้ดื่มสักแก้ว\nอาจจะช่วยให้นึกออกไหม?
R05-0576	บท 3 พากย์ · speech_list_judge_main_c03	? (ช)	Nah, I really don't know. \nGo bug someone else.	ไม่ ฉันไม่รู้จริงๆ\nไปกวนใจคนอื่นเถอะ
R05-0577	บท 3 พากย์ · speech_list_judge_main_c03	? (ช) [อีกแทร็ก]	Nah, I seriously don't know.\nGo bug someone else.	ไม่ ฉันไม่รู้จริงๆ นะ\nไปกวนใจคนอื่นเถอะ
R05-0578	บท 3 พากย์ · speech_list_judge_main_c03	? (ช)	Sorry, mind if I ask you a question?	ขอโทษนะครับ ถามอะไรหน่อยได้ไหม
R05-0579	บท 3 พากย์ · speech_list_judge_main_c03	? (?) [ใช้ร่วมหลายคน]	Go on.	ว่ามาเลย
R05-0580	บท 3 พากย์ · speech_list_judge_main_c03	? (ช)	Do you know a homeless guy named Red Nose?\nHear he lives around here.	รู้จักคนไร้บ้านที่ชื่อจมูกแดงไหมครับ\nได้ยินมาว่าเขาอยู่แถวนี้
R05-0581	บท 3 พากย์ · speech_list_judge_main_c03	? (ช) [อีกแทร็ก]	Do you know a guy by the name of Red Nose?\nHear he's a homeless guy based around here.	รู้จักคนที่ชื่อจมูกแดงไหมครับ\nได้ยินมาว่าเป็นคนไร้บ้าน ที่อยู่แถวนี้
R05-0582	บท 3 พากย์ · speech_list_judge_main_c03	? (ช)	Nope, not ringing a bell.\nI only just moved to this part o' town.	ไม่รู้จักเลยนะ\nฉันเพิ่งย้ายมาแถวนี้เอง
R05-0583	บท 3 พากย์ · speech_list_judge_main_c03	? (ช)	Oh, okay.\nSorry to bother you.	อ๋อ ครับ\nขอโทษที่รบกวนนะครับ
R05-0584	บท 3 พากย์ · speech_list_judge_main_c03	? (ช)	Do you have a minute, sir?	ขอเวลาสักครู่ได้ไหมครับ
R05-0585	บท 3 พากย์ · speech_list_judge_main_c03	homeless (ช)	Whaddya want?	อยากได้อะไรล่ะ
R05-0586	บท 3 พากย์ · speech_list_judge_main_c03	? (ช)	You call that a red nose?\nI sure as hell don't.	นั่นน่ะเหรอเรียกว่าจมูกแดง?\nผมว่าไม่เห็นจะแดงตรงไหนเลย
R05-0587	บท 3 พากย์ · speech_list_judge_main_c03	? (ช) [อีกแทร็ก]	Red Nose?\nShit doesn't look red to me.	จมูกแดงเหรอ?\nผมว่ามันไม่เห็นจะแดงเลยสักนิด
R05-0588	บท 3 พากย์ · speech_list_judge_main_c03	? (ช)	I thought the same thing. Guess that's\nwhat his friends call him, though.	ฉันก็คิดแบบนั้นเหมือนกัน แต่เพื่อนๆ มัน\nก็เรียกกันแบบนี้แหละนะ
R05-0589	บท 3 พากย์ · speech_list_judge_main_c03	? (ช) [อีกแทร็ก]	I know, right? Guess that's what his\nfriends call him, though.	ใช่เลยใช่ไหมล่ะ แต่เพื่อนๆ มัน\nก็เรียกกันแบบนี้แหละนะ
R05-0590	บท 3 พากย์ · speech_list_judge_main_c03	? (ช)	Never seen him. Now fuck off, yeah?	ไม่เคยเห็นหน้ามันเลย ไปให้พ้นเลยว่ะ
R05-0591	บท 3 พากย์ · speech_list_judge_main_c03	? (ช) [อีกแทร็ก]	Never seen the guy.\nNow fuck off, yeah?	ไม่เคยเห็นหน้ามันเลย\nไปให้พ้นเลยว่ะ
R05-0592	บท 3 พากย์ · speech_list_judge_main_c03	? (ช)	Damn, guy.	โห แรงจัง
R05-0593	บท 3 พากย์ · speech_list_judge_main_c03	? (?) [อีกแทร็ก] [ใช้ร่วมหลายคน]	...Right.	...ใช่
R05-0594	บท 3 พากย์ · speech_list_judge_main_c03	? (ช)	Excuse me, can I ask you something?	ขอโทษนะครับ ถามอะไรหน่อยได้ไหม
R05-0595	บท 3 พากย์ · speech_list_judge_main_c03	homeless (ช)	Not interested, sorry.	ไม่สนใจหรอก ขอโทษด้วยนะ
R05-0596	บท 3 พากย์ · speech_list_judge_main_c03	? (ช)	It won't be long, please.\nDo you know a man named Red Nose?	ไม่นานหรอกครับ ขอร้องล่ะ\nรู้จักคนที่ชื่อจมูกแดงไหม?
R05-0597	บท 3 พากย์ · speech_list_judge_main_c03	? (ช) [อีกแทร็ก]	Please, I swear I won't be long.\nDo you know a man that people call Red Nose?	ขอร้องล่ะครับ ไม่นานจริงๆ\nรู้จักคนที่คนเขาเรียกกันว่า จมูกแดงไหม?
R05-0598	บท 3 พากย์ · speech_list_judge_main_c03	? (ช)	Oh... Suppose he looks familiar.	อ๋อ... หน้าตาคุ้นๆ อยู่เหมือนกันนะ
R05-0599	บท 3 พากย์ · speech_list_judge_main_c03	? (ช) [อีกแทร็ก]	Hm... Looks familiar, yeah.	อืม... หน้าตาคุ้นๆ อยู่นะ
R05-0600	บท 3 พากย์ · speech_list_judge_main_c03	? (ช)	Any idea where he is?	พอจะรู้ไหมว่าตอนนี้เขาอยู่ไหน?
R05-0601	บท 3 พากย์ · speech_list_judge_main_c03	? (ช) [อีกแทร็ก]	So, any idea where he is?	แล้วพอจะรู้ไหมว่าเขาอยู่ไหน?
R05-0602	บท 3 พากย์ · speech_list_judge_main_c03	? (ช)	Haven't seen him in ages, man.\nI'd guess he skipped town, or worse.	ไม่เจอหน้ามันมานานมากแล้วพวก\nฉันเดาว่าคงหนีออกนอกเมืองไปแล้ว หรือไม่ก็แย่กว่านั้น
R05-0603	บท 3 พากย์ · speech_list_judge_main_c03	? (ช) [อีกแทร็ก]	Not a one. Haven't seen him in ages.\nBet he skipped town or some shit.	ไม่รู้เลยสักนิด ไม่เจอหน้ามันมานานแล้ว\nคงหนีออกนอกเมืองไปแล้วมั้ง หรือไม่ก็เรื่องแย่ๆ
R05-0604	บท 3 พากย์ · speech_list_judge_main_c03	? (ช)	Oh. Thanks.	อ๋อ ขอบคุณครับ
R05-0605	บท 3 พากย์ · speech_list_judge_main_c03	? (?) [อีกแทร็ก] [ใช้ร่วมหลายคน]	I see.	เข้าใจแล้ว
R05-0606	บท 3 พากย์ · speech_list_judge_main_c03	yagami (ช)	(Great. Now to give this to the homeless guy\nand figure out where Red Nose is.)	(เยี่ยม ทีนี้ก็เอาไปให้คนไร้บ้านคนนั้น\nแล้วหาให้เจอว่าจมูกแดงอยู่ไหน)
R05-0607	บท 3 พากย์ · speech_list_judge_main_c03	? (?)	(Too bad. Guess I should report back\nto the homeless guy.) 	(แย่จัง คงต้องกลับไปบอก\nคนไร้บ้านคนนั้นตามตรง) 
R05-0608	บท 3 พากย์ · speech_list_judge_main_c03	homeless (ช)	Hey pal, how'd it go?\nGet me one of those sweet VR prizes?	เฮ้เพื่อน เป็นไงบ้าง?\nได้ของรางวัล VR เจ๋งๆ มาให้ฉันไหม?
R05-0609	บท 3 พากย์ · speech_list_judge_main_c03	homeless (ช) [อีกแทร็ก]	Hey, pal! How'd it go?\nYou win me that sweet VR prize?	เฮ้เพื่อน! เป็นไงบ้าง?\nคว้ารางวัล VR เจ๋งๆ มาให้ฉันได้ไหม?
R05-0610	บท 3 พากย์ · speech_list_judge_main_c03	yagami (ช)	Piece of cake.	ง่ายเหมือนปอกกล้วย
R05-0611	บท 3 พากย์ · speech_list_judge_main_c03	yagami (ช) [อีกแทร็ก]	Sure did.	ใช่เลย
R05-0612	บท 3 พากย์ · speech_list_judge_main_c03	? (ช)	Whoa, for real? I wasn't expectin'\nyou to actually win!	โห จริงดิ? ไม่นึกเลยว่า\nนายจะเอาชนะได้จริงๆ!
R05-0613	บท 3 พากย์ · speech_list_judge_main_c03	? (ช) [อีกแทร็ก]	Whoa, for real?\nI wasn't expectin' you to actually win!	โห จริงดิ?\nไม่นึกเลยว่านายจะเอาชนะได้จริงๆ!
R05-0614	บท 3 พากย์ · speech_list_judge_main_c03	? (ช)	You couldn't do it, huh?\nOh well, sorry for borrowing your legs.	ทำไม่ได้เหรอ?\nช่างเถอะ ขอโทษที่ยืมขานายไปใช้นะ
R05-0615	บท 3 พากย์ · speech_list_judge_main_c03	? (ช) [อีกแทร็ก]	What, you couldn't do it?\nMeh, fine. Sorry for borrowing your legs.	หา ทำไม่ได้เหรอ?\nช่างเถอะ ขอโทษที่ยืมขานายไปใช้นะ
R05-0616	บท 3 พากย์ · speech_list_judge_main_c03	? (ช)	Anyways, I asked around\nabout your Red Nose fella.	เอาล่ะ ฉันลองถามๆ\nเรื่องเจ้าจมูกแดงของนายดูแล้ว
R05-0617	บท 3 พากย์ · speech_list_judge_main_c03	? (ช) [อีกแทร็ก]	Anyways, I asked around for you,\ntrying to find out about your Red Nose fella.	เอาล่ะ ฉันลองถามให้นาย\nเรื่องเจ้าจมูกแดงของนายดูแล้ว
R05-0618	บท 3 พากย์ · speech_list_judge_main_c03	? (ช)	Still dunno where he is,\nbut I did find who might.	ยังไม่รู้ว่ามันอยู่ไหน\nแต่เจอคนที่อาจจะรู้แล้ว
R05-0619	บท 3 พากย์ · speech_list_judge_main_c03	? (ช) [อีกแทร็ก]	Didn't really have much luck.\nBut I did find someone who might have more clues.	ไม่ค่อยได้เรื่องเท่าไหร่หรอก\nแต่เจอคนที่อาจจะมีเบาะแสมากกว่านี้
R05-0620	บท 3 พากย์ · speech_list_judge_main_c03	? (ช)	Least that's what they told me.\nOh, and speak of the devil.	อย่างน้อยเขาก็บอกฉันแบบนั้น\nอ้อ พูดถึงก็มาพอดี
R05-0621	บท 3 พากย์ · speech_list_judge_main_c03	tegakari_homeless (ช)	You're the one looking\nfor that homeless guy, yeah?	นายนี่แหละสินะที่ตามหา\nคนไร้บ้านคนนั้น?
R05-0622	บท 3 พากย์ · speech_list_judge_main_c03	tegakari_homeless (ช) [อีกแทร็ก]	Hey. You're the one looking for\nthat homeless guy, yeah?	นี่ นายนี่แหละสินะที่ตามหา\nคนไร้บ้านคนนั้น?
R05-0623	บท 3 พากย์ · speech_list_judge_main_c03	kaito (ช) [ใช้ร่วมหลายคน]	Yeah?	ว่าไง?
R05-0624	บท 3 พากย์ · speech_list_judge_main_c03	? (ช)	You find him?	เจอเขาไหมครับ?
R05-0625	บท 3 พากย์ · speech_list_judge_main_c03	? (ช)	No, not yet.	ยังไม่เจอเลย
R05-0626	บท 3 พากย์ · speech_list_judge_main_c03	? (ช)	Try headin' over to the Children's Park, then.\nSome volunteers're handing out free food.	งั้นลองไปที่สวนเด็กดูสิ\nมีอาสาสมัครแจกอาหารฟรีอยู่
R05-0627	บท 3 พากย์ · speech_list_judge_main_c03	? (ช) [อีกแทร็ก]	Okay... Try headin' over to the Children's Park, then.\nSome volunteers're handing out free food.	โอเค... งั้นลองไปที่สวนเด็กดูสิ\nมีอาสาสมัครแจกอาหารฟรีอยู่
R05-0628	บท 3 พากย์ · speech_list_judge_main_c03	? (ช)	All the hungry homeless\nof Kamurocho'll be there.	พวกคนไร้บ้านที่หิวโหย\nในคามุโรโจคงไปรวมตัวกันที่นั่นแหละ
R05-0629	บท 3 พากย์ · speech_list_judge_main_c03	? (ช)	Thanks for the tip.	ขอบคุณสำหรับข้อมูลนะครับ
R05-0630	บท 3 พากย์ · speech_list_judge_main_c03	? (ช) [อีกแทร็ก]	Really... Thanks for the tip.	จริงเหรอ... ขอบคุณสำหรับข้อมูลนะครับ
R05-0631	บท 3 พากย์ · speech_list_judge_main_c03	? (ช)	Eh, don't mention it. Seeya.	เอ้อ ไม่ต้องขอบคุณหรอก แล้วเจอกัน
R05-0632	บท 3 พากย์ · speech_list_judge_main_c03	? (ช) [อีกแทร็ก]	Eh, don't mention it.\nSeeya.	เอ้อ ไม่ต้องขอบคุณหรอก\nแล้วเจอกัน
R05-0633	บท 3 พากย์ · speech_list_judge_main_c03	? (ช)	Sorry, turns out I suck.	ขอโทษนะครับ กลายเป็นว่าผมห่วยไปหน่อย
R05-0634	บท 3 พากย์ · speech_list_judge_main_c03	? (ช) [อีกแทร็ก]	No... sorry.	ไม่ได้เลย... ขอโทษนะครับ
R05-0635	บท 3 พากย์ · speech_list_judge_main_c03	kaito (ช)	Yo, it's Kaito.\nWhere are you?	เฮ้ นี่ไคโตะนะ\nนายอยู่ไหน?
R05-0636	บท 3 พากย์ · speech_list_judge_main_c03	kaito (ช) [อีกแทร็ก]	It's Kaito.\nWhere are you, Tak?	นี่ไคโตะนะ\nอยู่ไหนวะ ทาคุ?
R05-0637	บท 3 พากย์ · speech_list_judge_main_c03	yagami (ช)	On my way to the Children's Park.\nThink I might run into the thief.	กำลังไปสวนเด็กอยู่\nคิดว่าอาจจะได้เจอตัวขโมยที่นั่น
R05-0638	บท 3 พากย์ · speech_list_judge_main_c03	? (ช)	You mean the guy who robbed\nus is still in town?	นายหมายความว่าไอ้คนที่ปล้น\nเรายังอยู่ในเมืองนี้เหรอ?
R05-0639	บท 3 พากย์ · speech_list_judge_main_c03	? (ช) [อีกแทร็ก]	Wait, you mean the thief is still in Kamurocho?\nEven after pissing off the yakuza?	เดี๋ยวนะ หมายความว่าไอ้ขโมยยังอยู่ ในคามุโรโจเหรอ?\nทั้งที่ไปสร้างศัตรูกับยากูซ่าไว้แท้ๆ?
R05-0640	บท 3 พากย์ · speech_list_judge_main_c03	? (ช)	Not sure. But even if he isn't,\nI might find a lead or two.	ยังไม่แน่ใจ แต่ถึงเขาจะไม่อยู่แล้ว\nผมก็อาจจะเจอเบาะแสสักอย่างสองอย่าง
R05-0641	บท 3 พากย์ · speech_list_judge_main_c03	? (ช) [อีกแทร็ก]	Even if he isn't,\nI might find a lead or two.	ถึงเขาจะไม่อยู่แล้ว\nผมก็อาจจะเจอเบาะแสสักอย่างสองอย่าง
R05-0642	บท 3 พากย์ · speech_list_judge_main_c03	? (ช)	According to Ayabe, the thief\nwas a homeless guy by the name of Red Nose.	อายาเบะบอกว่าไอ้ขโมยคนนี้\nเป็นคนไร้บ้านที่ชื่อจมูกแดง
R05-0643	บท 3 พากย์ · speech_list_judge_main_c03	? (ช) [อีกแทร็ก]	According to Ayabe, the Matsugane's thief was a\nhomeless guy by the name of Red Nose.	อายาเบะบอกว่าไอ้ขโมยที่ปล้น ตระกูลมัตสึกาเนะ\nเป็นคนไร้บ้านที่ชื่อจมูกแดง
R05-0644	บท 3 พากย์ · speech_list_judge_main_c03	? (ช)	You're saying a bum took our money?	นายหมายความว่าไอ้ขอทานเอาเงิน เราไปเหรอ?
R05-0645	บท 3 พากย์ · speech_list_judge_main_c03	? (ช) [อีกแทร็ก]	Red Nose? You're saying some homeless guy\ntook our money?	จมูกแดงเหรอ? นายหมายความว่าคนไร้บ้าน\nเอาเงินเราไปเหรอ?
R05-0646	บท 3 พากย์ · speech_list_judge_main_c03	? (ช)	Looks like it.	ท่าทางจะงั้นแหละ
R05-0647	บท 3 พากย์ · speech_list_judge_main_c03	? (ช)	No clue if he's still alive, though.\nAfter Higashi got to him, that is.	แต่ก็ไม่รู้ว่าเขายังมีชีวิต อยู่หรือเปล่า\nหลังจากที่ฮิงาชิตามตัวเจอน่ะนะ
R05-0648	บท 3 พากย์ · speech_list_judge_main_c03	? (ช) [อีกแทร็ก]	Thing is, Higashi got to him before we did.\nNo clue if the guy's still alive.	ปัญหาคือฮิงาชิตามตัวเจอก่อนเรา\nเลยไม่รู้ว่าเขายังมีชีวิตอยู่ หรือเปล่า
R05-0649	บท 3 พากย์ · speech_list_judge_main_c03	? (ช)	Right. Well, I'm in.\nSee you at the Children's Park, yeah?	ได้ ฉันไปด้วยคน\nเจอกันที่สวนเด็กนะ?
R05-0650	บท 3 พากย์ · speech_list_judge_main_c03	? (ช) [อีกแทร็ก]	Got it. Well, I'm in.\nSee you at the Children's Park, yeah?	เข้าใจแล้ว ฉันไปด้วยคน\nเจอกันที่สวนเด็กนะ?
R05-0651	บท 3 พากย์ · speech_list_judge_main_c03	? (ช)	You heading to the Children's Park, too?	จะไปสวนเด็กด้วยไหมครับ?
R05-0652	บท 3 พากย์ · speech_list_judge_main_c03	tegakari_homeless (ช)	Me? Nah, I already ate.	ฉันเหรอ? ไม่ล่ะ กินมาแล้ว
R05-0653	บท 3 พากย์ · speech_list_judge_main_c03	tegakari_homeless (ช) [อีกแทร็ก]	Mm? Nah, I'm good.\nAlready ate.	อือ? ไม่ล่ะ ไม่เป็นไร\nกินมาแล้ว
R05-0654	บท 3 พากย์ · speech_list_judge_main_c03	? (ช)	By the way, this guy I'm looking for.\nName's Red Nose. You know him?	ว่าแต่ คนที่ผมตามหาอยู่น่ะ\nชื่อจมูกแดง รู้จักไหมครับ?
R05-0655	บท 3 พากย์ · speech_list_judge_main_c03	? (ช) [อีกแทร็ก]	By the way, the guy I'm looking for is called Red Nose.\nYou know him?	ว่าแต่ คนที่ผมตามหาอยู่ชื่อจมูกแดง\nรู้จักไหมครับ?
R05-0656	บท 3 พากย์ · speech_list_judge_main_c03	? (ช)	Naw, man. If you wanna find him,\nyou should go check that food handout.	ไม่รู้จักหรอกพวก ถ้าอยากเจอมัน\nลองไปดูที่จุดแจกอาหารสิ
R05-0657	บท 3 พากย์ · speech_list_judge_main_c03	? (ช) [อีกแทร็ก]	Naw, man. If you wanna find him,\nyou probably wanna get goin' to that food handout.	ไม่รู้จักหรอกพวก ถ้าอยากเจอมัน\nคงต้องรีบไปที่จุดแจกอาหารแล้วล่ะ
R05-0658	บท 3 พากย์ · speech_list_judge_main_c03	? (ช)	It's gonna end soon, y'know.\nChildren's Park. Don't forget.	มันใกล้จะเลิกแล้วนะ\nสวนเด็กน่ะ อย่าลืมล่ะ
R05-0659	บท 3 พากย์ · speech_list_judge_main_c03	? (ช) [อีกแทร็ก]	It's gonna end soon, y'know.\nDon't forget, Children's Park.	มันใกล้จะเลิกแล้วนะ\nอย่าลืมล่ะ สวนเด็กน่ะ
R05-0660	บท 3 พากย์ · speech_list_judge_main_c03	tegakari_homeless (ช)	Hey, sorry about this.	เฮ้ ขอโทษด้วยนะ เรื่องนี้
R05-0661	บท 3 พากย์ · speech_list_judge_main_c03	tegakari_homeless (ช) [อีกแทร็ก]	Well, sorry 'bout this.	เอาล่ะ ขอโทษด้วยนะ เรื่องนี้
R05-0662	บท 3 พากย์ · speech_list_judge_main_c03	? (ช)	Looks like they weren't handing\nout food after all. My bad.	ท่าทางเขาจะไม่ได้\nแจกอาหารกันแล้วนะ พลาดไปหน่อย
R05-0663	บท 3 พากย์ · speech_list_judge_main_c03	? (ช) [อีกแทร็ก]	Looks like they weren't handing out food\nafter all. My bad.	ท่าทางเขาจะไม่ได้แจกอาหาร\nกันแล้วนะ พลาดไปหน่อย
R05-0664	บท 3 พากย์ · speech_list_judge_main_c03	yagami (ช)	So we're doing this instead?	งั้นจะเอาแบบนี้แทนสินะ?
R05-0665	บท 3 พากย์ · speech_list_judge_main_c03	yagami (ช) [อีกแทร็ก]	You want something?	มีธุระอะไรกันหรือเปล่า?
R05-0666	บท 3 พากย์ · speech_list_judge_main_c03	yagami (ช) [อีกแทร็ก] [ใช้ร่วมหลายคน]	Yeah.	ใช่
R05-0667	บท 3 พากย์ · speech_list_judge_main_c03	? (ช)	Red Nose sends his regards!	จมูกแดงฝากความคิดถึงมาด้วย!
R05-0668	บท 3 พากย์ · speech_list_judge_main_c03	yagami (ช)	You guys are getting old for this.\nWhy'd you attack me?	พวกคุณอายุปูนนี้แล้วยังจะมา เล่นแบบนี้\nทำไมถึงมารุมทำร้ายผมล่ะ?
R05-0669	บท 3 พากย์ · speech_list_judge_main_c03	yagami (ช) [อีกแทร็ก]	I didn't realize you were all so old.\nWhy'd you attack me?	ไม่นึกเลยว่าทุกคนจะแก่กันขนาดนี้\nทำไมถึงมารุมทำร้ายผมล่ะ?
R05-0670	บท 3 พากย์ · speech_list_judge_main_c03	tegakari_homeless (ช)	We wanted...\nto know who you are...	เราแค่อยาก...\nรู้ว่านายเป็นใคร...
R05-0671	บท 3 พากย์ · speech_list_judge_main_c03	tegakari_homeless (ช) [อีกแทร็ก]	We just wanted...\nto know who you are...	เราแค่อยากจะ...\nรู้ว่านายเป็นใคร...
R05-0672	บท 3 พากย์ · speech_list_judge_main_c03	? (ช)	Why would someone wanna know\nabout Red Nose now?	ทำไมจู่ๆ ถึงมีใครอยากรู้\nเรื่องจมูกแดงตอนนี้ล่ะ?
R05-0673	บท 3 พากย์ · speech_list_judge_main_c03	? (ช) [อีกแทร็ก]	Why would someone wanna\nknow about Red Nose now?	ทำไมจู่ๆ ถึงมีใครอยาก\nรู้เรื่องจมูกแดงตอนนี้ล่ะ?
R05-0674	บท 3 พากย์ · speech_list_judge_main_c03	? (ช)	So you're a friend of his?\nIs he still alive?	งั้นพวกคุณเป็นเพื่อนเขาสินะ?\nเขายังมีชีวิตอยู่ไหม?
R05-0675	บท 3 พากย์ · speech_list_judge_main_c03	? (ช) [อีกแทร็ก]	So, you're connected to Red Nose?\nIs he still alive?	งั้นพวกคุณรู้จักกับจมูกแดงสินะ?\nเขายังมีชีวิตอยู่ไหม?
R05-0676	บท 3 พากย์ · speech_list_judge_main_c03	? (ช)	...No.\nHasn't been for a while now.	...ไม่แล้ว\nตายไปพักใหญ่แล้วล่ะ
R05-0677	บท 3 พากย์ · speech_list_judge_main_c03	? (ช)	When'd he die?	ตายตอนไหนกันครับ?
R05-0678	บท 3 พากย์ · speech_list_judge_main_c03	? (ช)	'Bout a year ago.\nSomeone found him floating face-up in the sewer.	เมื่อสักปีก่อน\nมีคนเจอศพมันลอยหงายอยู่ในท่อระบายน้ำ
R05-0679	บท 3 พากย์ · speech_list_judge_main_c03	? (ช)	Body was all shot up with bullet holes.	ทั้งร่างเต็มไปด้วยรอยกระสุน
R05-0680	บท 3 พากย์ · speech_list_judge_main_c03	? (ช) [อีกแทร็ก]	Body was all shot up with holes.	ทั้งร่างเต็มไปด้วยรูพรุน
R05-0681	บท 3 พากย์ · speech_list_judge_main_c03	? (ช)	Shot?\nDid you go the police?	ถูกยิงเหรอ?\nไปแจ้งตำรวจหรือเปล่าครับ?
R05-0682	บท 3 พากย์ · speech_list_judge_main_c03	? (ช) [อีกแทร็ก]	Shot?\nDid you go to the police?	ถูกยิงเหรอ?\nไปแจ้งตำรวจไหมครับ?
R05-0683	บท 3 พากย์ · speech_list_judge_main_c03	? (ช)	No. Of course not.	เปล่า ไม่มีทางอยู่แล้ว
R05-0684	บท 3 พากย์ · speech_list_judge_main_c03	? (ช)	What're the cops gonna do for us?\nDead bum in a ditch is just more paperwork for them.	ตำรวจจะทำอะไรให้พวกเราได้กัน?\nขอทานตายในท่อก็แค่งานเอกสาร เพิ่มให้เขาเท่านั้นแหละ
R05-0685	บท 3 พากย์ · speech_list_judge_main_c03	? (ช)	Either way, his body's long gone.	ยังไงก็ตาม ศพมันก็หายไปนานแล้ว
R05-0686	บท 3 พากย์ · speech_list_judge_main_c03	? (ช) [อีกแทร็ก]	Either way, his body's long gone now.	ยังไงก็ตาม ตอนนี้ศพมันก็หายไปนานแล้ว
R05-0687	บท 3 พากย์ · speech_list_judge_main_c03	? (ช)	But we still wanna find out what happened to him.\nThat's the best funeral we can give him now.	แต่เราก็ยังอยากรู้ว่าเกิดอะไร ขึ้นกับมัน\nนั่นคืองานศพที่ดีที่สุดที่เรา ให้มันได้แล้วตอนนี้
R05-0688	บท 3 พากย์ · speech_list_judge_main_c03	? (ช) [อีกแทร็ก]	All the same, we just wanna find out what happened.\nIt's the least we can do for him.	ยังไงก็เถอะ เราแค่อยากรู้ว่าเกิดอะไรขึ้น\nมันเป็นสิ่งเดียวที่เราทำให้มัน ได้แล้ว
R05-0689	บท 3 พากย์ · speech_list_judge_main_c03	? (?)	<color=ｍonologue>(So their friend got murdered\nand they couldn't do a damn thing about it...)</color> 	<color=ｍonologue>(เพื่อนของพวกเขาถูกฆ่าตาย\nแต่พวกเขากลับทำอะไรไม่ได้เลยสักอย่าง...)</color> 
R05-0690	บท 3 พากย์ · speech_list_judge_main_c03	? (ช)	Don't have a clue who killed him,\nthough. Or why.	ไม่มีเบาะแสเลยว่าใครฆ่ามัน\nหรือฆ่าไปทำไม
R05-0691	บท 3 พากย์ · speech_list_judge_main_c03	? (ช) [อีกแทร็ก]	Don't have a clue who killed him,\nor why...	ไม่มีเบาะแสเลยว่าใครฆ่ามัน\nหรือทำไมถึงฆ่า...
R05-0692	บท 3 พากย์ · speech_list_judge_main_c03	? (ช)	All we remember is that a year ago,\nsome Tojo Clan yakuza was looking for him.	ที่จำได้ก็แค่ว่าเมื่อปีก่อน\nมียากูซ่าจากตระกูลโทโจมาตามหามัน
R05-0693	บท 3 พากย์ · speech_list_judge_main_c03	? (ช) [อีกแทร็ก]	But... what we do know is that a year ago,\nsome Tojo Clan yakuza was looking for him.	แต่... ที่เรารู้แน่ๆ ก็คือเมื่อปีก่อน\nมียากูซ่าจากตระกูลโทโจมาตามหามัน
R05-0694	บท 3 พากย์ · speech_list_judge_main_c03	? (ช)	Must be Higashi...\nAnd is that yakuza the one who killed Red Nose?	ต้องเป็นฮิงาชิแน่ๆ...\nแล้วยากูซ่าคนนั้นเป็นคนฆ่า จมูกแดงหรือเปล่าครับ?
R05-0695	บท 3 พากย์ · speech_list_judge_main_c03	? (ช) [อีกแทร็ก]	Higashi...?\nSo this yakuza... He's the killer?	ฮิงาชิเหรอ...?\nงั้นยากูซ่าคนนี้... เป็นฆาตกรเหรอครับ?
R05-0696	บท 3 พากย์ · speech_list_judge_main_c03	? (ช)	Not sure. Those types're kinda\nout of our league, y'know?	ไม่แน่ใจหรอก คนพวกนั้นมัน\nอยู่คนละโลกกับเรา นายก็รู้นี่?
R05-0697	บท 3 พากย์ · speech_list_judge_main_c03	? (ช) [อีกแทร็ก]	Not sure. Those types are kind of\nout of our league, y'know?	ไม่แน่ใจหรอก คนพวกนั้นมันอยู่\nคนละโลกกับเรา นายก็รู้นี่?
R05-0698	บท 3 พากย์ · speech_list_judge_main_c03	? (ช)	We thought if anyone would know something,\nit'd be you. That's why we...	เราคิดว่าถ้ามีใครจะรู้อะไรบ้าง\nก็ต้องเป็นนาย เลยเป็นเหตุผลที่เรา...
R05-0699	บท 3 พากย์ · speech_list_judge_main_c03	? (ช) [อีกแทร็ก]	So, we thought if anyone would know something,\nit'd be you...	ก็เลยคิดว่าถ้ามีใครจะรู้อะไรบ้าง\nก็ต้องเป็นนาย...
R05-0700	บท 3 พากย์ · speech_list_judge_main_c03	kaito (ช)	Sorry, but my buddy here's got more fight\nin him than some random yakuza.	ขอโทษนะ แต่เพื่อนฉันคนนี้มันฝีมือดีกว่า\nยากูซ่าทั่วไปเยอะเลยล่ะ
R05-0701	บท 3 พากย์ · speech_list_judge_main_c03	kaito (ช) [อีกแทร็ก]	Too bad for you. My buddy here's got more fight in him\nthan some random yakuza.	แย่หน่อยนะ เพื่อนฉันคนนี้ฝีมือดีกว่า\nยากูซ่าทั่วไปเยอะเลยล่ะ
R05-0702	บท 3 พากย์ · speech_list_judge_main_c03	? (ช)	Fighting's been the only constant\nthing in his life.	การต่อสู้เป็นสิ่งเดียวในชีวิต\nที่ไม่เคยเปลี่ยนสำหรับมันเลย
R05-0703	บท 3 พากย์ · speech_list_judge_main_c03	? (ช) [อีกแทร็ก]	Fighting's been the only constant\nin his life.	การต่อสู้เป็นสิ่งเดียว\nที่ไม่เคยเปลี่ยนในชีวิตมัน
R05-0704	บท 3 พากย์ · speech_list_judge_main_c03	? (ช)	Heh, that's Kamurocho for you.	เฮอะ นี่แหละคามุโรโจ
R05-0705	บท 3 พากย์ · speech_list_judge_main_c03	? (ช) [อีกแทร็ก]	...That's Kamurocho for you.	...นี่แหละคามุโรโจ
R05-0706	บท 3 พากย์ · speech_list_judge_main_c03	? (ช)	You're late, Kaito-san.	มาช้านะ ไคโตะซัง
R05-0707	บท 3 พากย์ · speech_list_judge_main_c03	? (ช)	Is this the guy who was\nlooking for Red Nose?	นี่คือคนที่\nตามหาจมูกแดงเหรอ?
R05-0708	บท 3 พากย์ · speech_list_judge_main_c03	? (ช) [อีกแทร็ก]	I think we know the guy who\nhad it out for Red Nose. This him?	เราว่าเรารู้จักคนที่\nไล่ล่าเรื่องจมูกแดงแล้ว ใช่คนนี้ไหม?
R05-0709	บท 3 พากย์ · speech_list_judge_main_c03	? (ช)	Yup, that's him.\nNot a doubt in my mind.	ใช่ ใช่คนนี้แหละ\nไม่มีข้อสงสัยเลย
R05-0710	บท 3 พากย์ · speech_list_judge_main_c03	? (ช) [อีกแทร็ก]	Ah... That's him.\nNo doubt in my mind.	อ้อ... ใช่คนนี้แหละ\nไม่มีข้อสงสัยเลย
R05-0711	บท 3 พากย์ · speech_list_judge_main_c03	? (ช)	So. A year ago, Higashi took the money back\nfrom Red Nose and returned it to the Matsugane Family.	เอาล่ะ เมื่อปีก่อนฮิงาชิเอาเงินคืนมา\nจากจมูกแดง แล้วส่งคืนให้ตระกูลมัตสึกาเนะ
R05-0712	บท 3 พากย์ · speech_list_judge_main_c03	? (ช) [อีกแทร็ก]	So a year ago, Higashi took the money back\nfrom Red Nose and returned it to the Matsugane Family.	เมื่อปีก่อนฮิงาชิเอาเงินคืนมา\nจากจมูกแดง แล้วส่งคืนให้ตระกูลมัตสึกาเนะ
R05-0713	บท 3 พากย์ · speech_list_judge_main_c03	? (ช)	Around the same time,\nRed Nose turns up ice-cold in the sewer.	แล้วช่วงเวลาใกล้ๆ กันนั้นเอง\nจมูกแดงก็ไปโผล่เย็นชืดอยู่ใน ท่อระบายน้ำ
R05-0714	บท 3 พากย์ · speech_list_judge_main_c03	? (ช) [อีกแทร็ก]	And Red Nose turns up\ncold in the sewer.	แล้วจมูกแดงก็ไปโผล่\nเย็นชืดอยู่ในท่อระบายน้ำ
R05-0715	บท 3 พากย์ · speech_list_judge_main_c03	? (ช)	Who do you think killed him?	คิดว่าใครฆ่าเขาครับ?
R05-0716	บท 3 พากย์ · speech_list_judge_main_c03	? (ช)	I... I just can't believe it.\nHigashi's not a murderer.	ฉัน... ฉันไม่อยากจะเชื่อเลย\nฮิงาชิไม่ใช่ฆาตกรนะ
R05-0717	บท 3 พากย์ · speech_list_judge_main_c03	? (ช) [อีกแทร็ก]	I dunno. I... just can't believe it.\nHigashi's not a murderer.	ไม่รู้สิ ฉัน... ไม่อยากจะเชื่อเลย\nฮิงาชิไม่ใช่ฆาตกรนะ
R05-0718	บท 3 พากย์ · speech_list_judge_main_c03	? (ช)	Where would he have even gotten a gun?	แล้วเขาจะไปหาปืนมาจากไหนล่ะ?
R05-0719	บท 3 พากย์ · speech_list_judge_main_c03	? (ช) [อีกแทร็ก]	Where would he even have\ngotten a gun?	แล้วเขาจะไปหาปืน\nมาจากไหนล่ะ?
R05-0720	บท 3 พากย์ · speech_list_judge_main_c03	? (ช)	There're ways.\nThis is Kamurocho, remember?	มันมีวิธีอยู่แล้ว\nนี่คามุโรโจนะ ลืมไปแล้วเหรอ?
R05-0721	บท 3 พากย์ · speech_list_judge_main_c03	? (ช) [อีกแทร็ก]	There're plenty of ways.\nThis is Kamurocho, remember?	มันมีตั้งหลายวิธี\nนี่คามุโรโจนะ ลืมไปแล้วเหรอ?
R05-0722	บท 3 พากย์ · speech_list_judge_main_c03	? (ช)	I'm gonna go talk to Higashi.	ผมจะไปคุยกับฮิงาชิ
R05-0723	บท 3 พากย์ · speech_list_judge_main_c03	? (ช)	You're coming too, right Kaito-san?	ไคโตะซังก็จะไปด้วยใช่ไหม?
R05-0724	บท 3 พากย์ · speech_list_judge_main_c03	? (ช) [อีกแทร็ก]	You coming with, Kaito-san?	ไคโตะซังจะไปด้วยกันไหม?
R05-0725	บท 3 พากย์ · speech_list_judge_main_c03	? (ช)	Don't you wanna know what happened?	ไม่อยากรู้เหรอว่าเกิดอะไรขึ้นกันแน่?
R05-0726	บท 3 พากย์ · speech_list_judge_main_c03	? (ช) [อีกแทร็ก]	You do wanna know\nwhat really happened, right?	ก็อยากรู้ความจริง\nใช่ไหมล่ะ?
R05-0727	บท 3 พากย์ · speech_list_judge_main_c03	? (ช)	Okay. I'll come.	ก็ได้ ฉันไปด้วย
R05-0728	บท 3 พากย์ · speech_list_judge_main_c03	? (ช) [อีกแทร็ก]	Fine. I'll come.	ก็ได้ ฉันไปด้วย
R05-0729	บท 3 พากย์ · speech_list_judge_main_c03	? (ช)	Let's head to Charles then.	งั้นไปที่ชาร์ลส์กันเถอะ
R05-0730	บท 3 พากย์ · speech_list_judge_main_c03	? (ช) [อีกแทร็ก]	Higashi should be at Charles.	ฮิงาชิน่าจะอยู่ที่ชาร์ลส์
R05-0731	บท 3 พากย์ · speech_list_judge_main_c03	higashi (ช)	I didn't...\nI didn't kill him.	ผมไม่ได้...\nผมไม่ได้ฆ่าเขา
R05-0732	บท 3 พากย์ · speech_list_judge_main_c03	higashi (ช) [อีกแทร็ก]	Look... I didn't kill him.	ฟังนะ... ผมไม่ได้ฆ่าเขา
R05-0733	บท 3 พากย์ · speech_list_judge_main_c03	? (ช)	I'm not the one who murdered Red Nose.	ผมไม่ใช่คนที่ฆ่าจมูกแดง
R05-0734	บท 3 พากย์ · speech_list_judge_main_c03	? (ช) [อีกแทร็ก]	I didn't kill Red Nose.\nIt wasn't me.	ผมไม่ได้ฆ่าจมูกแดง\nไม่ใช่ผม
R05-0735	บท 3 พากย์ · speech_list_judge_main_c03	kaito (ช)	Then who the hell was it?	งั้นใครกันวะที่ทำ?
R05-0736	บท 3 พากย์ · speech_list_judge_main_c03	? (ช)	Red Nose must have had a contact in the Matsugane Family.\nThat's the only way he got away with it.	จมูกแดงต้องมีสาย ในตระกูลมัตสึกาเนะแน่ๆ\nไม่งั้นคงไม่รอดตัวไปได้
R05-0737	บท 3 พากย์ · speech_list_judge_main_c03	? (ช)	And whoever that contact was\ngave him all sorts of info.	แล้วใครก็ตามที่เป็นสายให้\nคงให้ข้อมูลมันสารพัดอย่าง
R05-0738	บท 3 พากย์ · speech_list_judge_main_c03	? (ช) [อีกแทร็ก]	And whoever that contact was\ngave him all kinds of info.	แล้วใครก็ตามที่เป็นสายให้\nคงให้ข้อมูลมันทุกอย่าง
R05-0739	บท 3 พากย์ · speech_list_judge_main_c03	? (ช)	When security was light. Where the safe was.\nNot to mention when there'd be the most money.	ช่วงที่การ์ดหลวม เซฟอยู่ตรงไหน\nยังไม่ต้องพูดถึงว่าตอนไหนเงิน จะเยอะที่สุด
R05-0740	บท 3 พากย์ · speech_list_judge_main_c03	? (ช)	There's no way you steal from\nthe yakuza without some help.	ไม่มีทางที่ใครจะขโมยของจาก\nยากูซ่าได้โดยไม่มีใครช่วยหรอก
R05-0741	บท 3 พากย์ · speech_list_judge_main_c03	? (ช) [อีกแทร็ก]	I figure... there's no way to steal from\nthe yakuza without some help.	ผมว่า... ไม่มีทางที่ใครจะขโมยของจาก\nยากูซ่าได้โดยไม่มีใครช่วยหรอก
R05-0742	บท 3 พากย์ · speech_list_judge_main_c03	? (ช)	So, is Red Nose's contact the one\nwho killed him? To cover it all up?	งั้นสายของจมูกแดงนี่แหละ\nที่ฆ่าเขาเพื่อปิดปากใช่ไหมครับ?
R05-0743	บท 3 พากย์ · speech_list_judge_main_c03	? (ช) [อีกแทร็ก]	So Red Nose's killer... It's got to be his contact, right?\nThey killed him to hide the truth.	งั้นคนที่ฆ่าจมูกแดง... ต้องเป็นสายของเขาใช่ไหมครับ?\nฆ่าเพื่อปิดบังความจริง
R05-0744	บท 3 พากย์ · speech_list_judge_main_c03	? (ช) [ใช้ร่วมหลายคน]	Probably.	คงจะใช่
R05-0745	บท 3 พากย์ · speech_list_judge_main_c03	? (ช)	But who would've done something like that?\nStealin' their own family's money...	แต่ใครจะทำแบบนั้นได้ลงคอ\nขโมยเงินของตระกูลตัวเองน่ะ...
R05-0746	บท 3 พากย์ · speech_list_judge_main_c03	? (ช)	It wasn't about the money.	มันไม่ใช่เรื่องเงินหรอก
R05-0747	บท 3 พากย์ · speech_list_judge_main_c03	? (ช) [อีกแทร็ก]	That's not it.\nIt was never about the money.	ไม่ใช่แบบนั้น\nมันไม่เคยเกี่ยวกับเงินเลย
R05-0748	บท 3 พากย์ · speech_list_judge_main_c03	? (ช)	They wanted to rub you\nout of the picture, Kaito.	พวกเขาแค่ต้องการกำจัดพี่ไคโตะ\nให้พ้นทางไป
R05-0749	บท 3 พากย์ · speech_list_judge_main_c03	? (ช) [อีกแทร็ก]	They just wanted you out of the picture, Kaito...\nThey set all this up so you'd take the fall.	พวกเขาแค่ต้องการกำจัดพี่ไคโตะ ให้พ้นทาง...\nจัดฉากทั้งหมดนี้ขึ้นมาเพื่อให้ พี่รับผิดแทน
R05-0750	บท 3 พากย์ · speech_list_judge_main_c03	? (ช)	That's why it happened\nwhen you were on guard duty.	เพราะแบบนั้นมันถึงเกิดขึ้น\nตอนที่พี่เข้าเวรอยู่คนเดียว
R05-0751	บท 3 พากย์ · speech_list_judge_main_c03	? (ช) [อีกแทร็ก]	That's why it went down\nwhen you were on guard duty.	เพราะแบบนั้นมันถึงเกิดขึ้น\nตอนที่พี่เข้าเวรอยู่คนเดียว
R05-0752	บท 3 พากย์ · speech_list_judge_main_c03	? (ช)	To rub me out? If that's it,\nthen the contact must've been...	กำจัดฉันเหรอ? ถ้างั้น\nสายที่ว่าก็ต้องเป็น...
R05-0753	บท 3 พากย์ · speech_list_judge_main_c03	? (ช) [อีกแทร็ก]	Wait, me...?\nSo then, the contact must've been...	เดี๋ยวนะ ฉันเหรอ...?\nงั้นสายที่ว่าก็ต้องเป็น...
R05-0754	บท 3 พากย์ · speech_list_judge_main_c03	? (ช)	Yeah. Captain Hamura.	ใช่ครับ กัปตันฮามุระ
R05-0755	บท 3 พากย์ · speech_list_judge_main_c03	? (ช) [อีกแทร็ก] [ใช้ร่วมหลายคน]	Captain Hamura.	กัปตันฮามุระ
R05-0756	บท 3 พากย์ · speech_list_judge_main_c03	? (ช)	You were the only thing between him\nand total control of the family.	พี่คือสิ่งเดียวที่ขวางทาง\nไม่ให้เขาคุมตระกูลได้ทั้งหมด
R05-0757	บท 3 พากย์ · speech_list_judge_main_c03	? (ช) [อีกแทร็ก]	In his eyes, you were the only one\nstanding in his way.	ในสายตาเขา พี่คือคนเดียว\nที่ขวางทางเขาอยู่
R05-0758	บท 3 พากย์ · speech_list_judge_main_c03	? (ช)	With you gone, he could consolidate his power.\nAt least that's how he saw it.	พอนายไม่อยู่ ฮามุระก็รวบอำนาจได้เต็มที่\nอย่างน้อยก็เป็นสิ่งที่เขาคิดไว้
R05-0759	บท 3 พากย์ · speech_list_judge_main_c03	? (ช) [อีกแทร็ก]	With you gone, he could take control of the family.\nThat's how he saw it.	พอนายไม่อยู่ ฮามุระก็คุมตระกูลได้ทั้งหมด\nนั่นแหละคือสิ่งที่เขาคิด
R05-0760	บท 3 พากย์ · speech_list_judge_main_c03	? (ช)	And he wasn't wrong.\nJust look at it now.	แล้วก็ไม่ผิดด้วย\nดูตอนนี้สิ
R05-0761	บท 3 พากย์ · speech_list_judge_main_c03	? (ช) [อีกแทร็ก]	And he wasn't wrong.\nI mean, just look at it now.	แล้วก็ไม่ผิดจริงๆ\nก็ดูตอนนี้สิ
R05-0762	บท 3 พากย์ · speech_list_judge_main_c03	? (ช)	Yeah. Nobody can stand up\nto the captain anymore.	ใช่ ตอนนี้ไม่มีใคร\nกล้าขัดกัปตันแล้ว
R05-0763	บท 3 พากย์ · speech_list_judge_main_c03	? (ช) [อีกแทร็ก]	...Nobody can stand up to the captain anymore.\nHe's running the show.	...ไม่มีใครกล้าขัดกัปตันแล้ว\nตอนนี้เขาคุมเกมทั้งหมด
R05-0764	บท 3 พากย์ · speech_list_judge_main_c03	? (ช)	With the power and money he's got?\nHe's the only thing keeping us afloat.	ด้วยอำนาจกับเงินขนาดนั้น?\nตอนนี้มีแต่เขาคนเดียวที่ประคอง พวกเราไว้ได้
R05-0765	บท 3 พากย์ · speech_list_judge_main_c03	? (ช) [อีกแทร็ก]	And with all that power and money, why wouldn't he?\nHe's the only thing keeping us afloat.	มีทั้งอำนาจทั้งเงินขนาดนั้น จะไม่คุมได้ยังไง\nตอนนี้มีแต่เขาคนเดียวที่ประคอง พวกเราไว้
R05-0766	บท 3 พากย์ · speech_list_judge_main_c03	? (?)	<color=ｍonologue>(So Hamura staged a robbery\nand pinned it on Kaito-san to get him expelled.)</color> 	<color=ｍonologue>(สรุปว่าฮามุระจัดฉากปล้น\nแล้วป้ายความผิดให้ไคโตะซัง เพื่อไล่เขาออก)</color> 
R05-0767	บท 3 พากย์ · speech_list_judge_main_c03	? (?)	<color=ｍonologue>(But if Higashi knows all that,\nwhy's he at Hamura's beck and call?)</color> 	<color=ｍonologue>(แต่ถ้าฮิงาชิรู้เรื่องทั้งหมดนี้\nทำไมยังต้องทำตามคำสั่งฮามุระอยู่)</color> 
R05-0768	บท 3 พากย์ · speech_list_judge_main_c03	? (ช)	How exactly did Red Nose die?	จมูกแดงตายยังไงกันแน่?
R05-0769	บท 3 พากย์ · speech_list_judge_main_c03	? (ช) [อีกแทร็ก]	And what happened to Red Nose?\nHow'd he die?	แล้วจมูกแดงเป็นยังไง\nตายได้ยังไง?
R05-0770	บท 3 พากย์ · speech_list_judge_main_c03	? (ช)	You know...\nDon't you, Higashi?	นายรู้...\nใช่ไหม ฮิงาชิ?
R05-0771	บท 3 พากย์ · speech_list_judge_main_c03	? (ช) [อีกแทร็ก]	You know, don't you, Higashi?	นายรู้ใช่ไหม ฮิงาชิ?
R05-0772	บท 3 พากย์ · speech_list_judge_main_c03	? (ช)	It was the day after the 100 mil went missing.\nAfter Kaito-aniki got expelled.	มันเกิดวันถัดจากที่เงิน 100 ล้านหาย\nหลังไคโตะอานิกิถูกไล่ออก
R05-0773	บท 3 พากย์ · speech_list_judge_main_c03	? (ช) [อีกแทร็ก]	It was the day after the hundred mil went missing.\nAfter Kaito-aniki got expelled.	มันเกิดวันถัดจากที่เงินร้อยล้านหาย\nหลังไคโตะอานิกิถูกไล่ออก
R05-0774	บท 3 พากย์ · speech_list_judge_main_c03	? (ช)	I bought some info from a dirty cop.\nLed me right to the name Red Nose.	ผมซื้อข้อมูลจากตำรวจสายทุจริต\nมันพาผมไปเจอชื่อจมูกแดงพอดี
R05-0775	บท 3 พากย์ · speech_list_judge_main_c03	? (ช) [อีกแทร็ก]	I bought some info from a dirty cop, did some digging...\nLed me right to the name Red Nose.	ผมซื้อข้อมูลจากตำรวจสายทุจริต ขุดไปเรื่อยๆ...\nสุดท้ายก็เจอชื่อจมูกแดง
R05-0776	บท 3 พากย์ · speech_list_judge_main_c03	? (ช)	I asked all around town,\n'til eventually I ended up down in the sewers.	ผมถามคนไปทั่วเมือง\nจนสุดท้ายลงไปอยู่ในท่อระบายน้ำ
R05-0777	บท 3 พากย์ · speech_list_judge_main_c03	? (ช) [อีกแทร็ก]	I asked all around town,\n'til I ended up down in Kamurocho's sewers.	ผมถามคนไปทั่วเมือง\nจนไปโผล่ในท่อระบายน้ำของคามุโรโจ
R05-0778	บท 3 พากย์ · speech_list_judge_main_c03	? (ช)	But me and Red Nose...\nWe weren't the only two there.	แต่ผมกับจมูกแดง...\nไม่ได้อยู่กันแค่สองคนที่นั่น
R05-0779	บท 3 พากย์ · speech_list_judge_main_c03	? (ช) [อีกแทร็ก]	But, turns out...\nRed Nose wasn't the only one there.	แต่ปรากฏว่า...\nจมูกแดงไม่ได้อยู่คนเดียวที่นั่น
R05-0780	บท 3 พากย์ · speech_list_judge_main_c03	? (ช)	You found Hamura, didn't you?	นายเจอฮามุระที่นั่นด้วยใช่ไหม?
R05-0781	บท 3 พากย์ · speech_list_judge_main_c03	? (ช) [อีกแทร็ก]	...Captain Hamura, too?	...กัปตันฮามุระด้วยเหรอ?
R05-0782	บท 3 พากย์ · speech_list_judge_main_c03	? (ช)	They were making a deal. Hamura was gonna get 90 mil,\nand Red Nose would've walked away alive.	พวกเขากำลังตกลงกัน ฮามุระจะได้ 90 ล้าน\nส่วนจมูกแดงก็จะรอดชีวิตออกไป
R05-0783	บท 3 พากย์ · speech_list_judge_main_c03	? (ช) [อีกแทร็ก]	Yeah. Sounded like Hamura was gonna get 90 mil,\nand Red Nose would've walked away alive.	ใช่ ฟังดูเหมือนฮามุระจะได้ 90 ล้าน\nส่วนจมูกแดงก็รอดออกไปได้
R05-0784	บท 3 พากย์ · speech_list_judge_main_c03	? (ช)	And 10 million yen richer, at that.\nIt should've all been wrapped up, clean and easy...	แถมได้เงินเพิ่มอีก 10 ล้านด้วย\nมันน่าจะจบแบบเรียบร้อยไม่มีปัญหา...
R05-0785	บท 3 พากย์ · speech_list_judge_main_c03	? (ช) [อีกแทร็ก]	Not to mention 10 million yen richer.\nIt should've all been wrapped up, clean and easy...	ยังไม่นับเงินอีก 10 ล้านที่ได้เพิ่ม\nทุกอย่างน่าจะจบแบบเรียบร้อย สะอาดหมดจด...
R05-0786	บท 3 พากย์ · speech_list_judge_main_c03	yagami (ช)	So you really didn't kill him, huh?	งั้นนายก็ไม่ได้ฆ่าเขาจริงๆ สินะ?
R05-0787	บท 3 พากย์ · speech_list_judge_main_c03	yagami (ช) [อีกแทร็ก]	So... you really didn't kill him, huh?	งั้น...นายก็ไม่ได้ฆ่าเขาจริงๆ สินะ?
R05-0788	บท 3 พากย์ · speech_list_judge_main_c03	? (ช)	No. But... people know I was\nout looking for him.	ไม่ครับ แต่... มีคนรู้ว่าผม\nออกไปตามหาเขาอยู่
R05-0789	บท 3 พากย์ · speech_list_judge_main_c03	? (ช) [อีกแทร็ก]	No. But that's not worth much.\nPeople know I was out searching the city for Red Nose.	ไม่ครับ แต่นั่นก็ไม่ได้ช่วยอะไรมาก\nมีคนรู้ว่าผมออกตามหาจมูกแดงทั่วเมือง
R05-0790	บท 3 พากย์ · speech_list_judge_main_c03	? (ช)	My prints're all over the gun, too.	แล้วลายนิ้วมือผมก็ติดอยู่เต็ม ปืนกระบอกนั้นด้วย
R05-0791	บท 3 พากย์ · speech_list_judge_main_c03	? (ช)	No matter how you look at it,\nI don't got an alibi.	มองยังไงผมก็ไม่มี\nพยานที่อยู่
R05-0792	บท 3 พากย์ · speech_list_judge_main_c03	? (?)	<color=ｍonologue>(True. The cops probably <font_kind=yakuza_italic>would</font_kind> suspect him.)</color> 	<color=ｍonologue>(จริงด้วย ตำรวจคง<font_kind=yakuza_italic>สงสัย</font_kind>เขาแน่ๆ)</color> 
R05-0793	บท 3 พากย์ · speech_list_judge_main_c03	? (ช)	You said it yourself.\nI look like a real yakuza now.	นายพูดเองนี่\nตอนนี้ผมดูเหมือนยากูซ่าตัวจริงเลย
R05-0794	บท 3 พากย์ · speech_list_judge_main_c03	? (ช) [อีกแทร็ก]	You said it yourself.\nI look like a real yakuza now, right?	นายพูดเองนี่\nตอนนี้ผมดูเหมือนยากูซ่าตัวจริง แล้วใช่ไหม?
R05-0795	บท 3 พากย์ · speech_list_judge_main_c03	? (ช)	I was thinking the same thing.	ฉันก็คิดแบบเดียวกันเลย
R05-0796	บท 3 พากย์ · speech_list_judge_main_c03	? (ช) [อีกแทร็ก]	Funny. I was thinking the same thing.	ตลกดี ฉันก็คิดแบบเดียวกันเลย
R05-0797	บท 3 พากย์ · speech_list_judge_main_c03	? (ช)	Hey, what if we told Matsugane-san about this?\nThink he could put the squeeze on Hamura?	เฮ้ ถ้าเราบอกท่านมัตสึกาเนะเรื่องนี้ล่ะ?\nคิดว่าท่านจะกดดันฮามุระได้ไหม?
R05-0798	บท 3 พากย์ · speech_list_judge_main_c03	? (ช) [อีกแทร็ก]	Hey, what if we told Matsugane-san about this?\nThink he could put the squeeze on the captain?	เฮ้ ถ้าเราบอกท่านมัตสึกาเนะเรื่องนี้ล่ะ?\nคิดว่าท่านจะกดดันกัปตันได้ไหม?
R05-0799	บท 3 พากย์ · speech_list_judge_main_c03	kaito (ช)	Not a chance.\nThe boss can't stop him anymore.	ไม่มีทาง\nตอนนี้โอยาบุนก็หยุดเขาไม่ได้แล้ว
R05-0800	บท 3 พากย์ · speech_list_judge_main_c03	? (ช)	Telling him would just\nmake things worse.	บอกท่านไปก็มีแต่จะ\nทำให้เรื่องแย่ลง
R05-0801	บท 3 พากย์ · speech_list_judge_main_c03	? (ช)	That's why Higashi kept it a secret.\nTough as it sounds, it was the right move.	นั่นแหละคือเหตุผลที่ฮิงาชิเก็บ เป็นความลับ\nฟังดูโหดร้ายก็จริง แต่มันคือทางเลือกที่ถูกต้องแล้ว
R05-0802	บท 3 พากย์ · speech_list_judge_main_c03	? (ช) [อีกแทร็ก]	Even though Higashi knew, he didn't have a choice.\nHad to keep it secret.	ถึงฮิงาชิจะรู้ความจริง เขาก็ไม่มีทางเลือก\nต้องเก็บเป็นความลับเท่านั้น
R05-0803	บท 3 พากย์ · speech_list_judge_main_c03	? (ช)	Right.\nHell of a thing.	ใช่\nเรื่องหนักหนาจริงๆ
R05-0804	บท 3 พากย์ · speech_list_judge_main_c03	? (ช) [อีกแทร็ก]	...Right.\nThat's too bad.	...ใช่\nน่าเสียดายจริงๆ
R05-0805	บท 3 พากย์ · speech_list_judge_main_c03	? (ช)	All right, I'm gonna go, Kaito-san.	เอาล่ะ ผมไปก่อนนะ ไคโตะซัง
R05-0806	บท 3 พากย์ · speech_list_judge_main_c03	? (ช) [อีกแทร็ก]	Well, I'm gonna go, Kaito-san.	เอาเถอะ ผมไปก่อนนะ ไคโตะซัง
R05-0807	บท 3 พากย์ · speech_list_judge_main_c03	? (ช)	This is between the two of you now.\nI'm sure you've got a lot to catch up on.	เรื่องนี้เป็นเรื่องของสองคนนี้ แล้วล่ะ\nผมว่าคงมีอะไรต้องคุยกันอีกเยอะ
R05-0808	บท 3 พากย์ · speech_list_judge_main_c03	? (ช) [อีกแทร็ก]	You two have a lot to catch up on, right? It's fine.\nI don't wanna get in the way.	สองคนคงมีเรื่องต้องคุยกันอีก เยอะใช่ไหม ไม่เป็นไร\nผมไม่อยากขวางหรอก
R05-0809	บท 3 พากย์ · speech_list_judge_main_c03	higashi (ช)	Not sure what it is.\nI just... can't stand that guy.	ไม่รู้เหมือนกันว่าเพราะอะไร\nแค่...ทนไอ้หมอนั่นไม่ได้
R05-0810	บท 3 พากย์ · speech_list_judge_main_c03	higashi (ช) [อีกแทร็ก]	Not sure why...\nBut I can't stand that guy.	ไม่รู้เหมือนกันว่าทำไม...\nแต่ผมทนไอ้หมอนั่นไม่ได้
R05-0811	บท 3 พากย์ · speech_list_judge_main_c03	? (ช)	I mean, he's known you way longer than I have.\nAnd the boss has his back even though he never swore up.	ก็คือ เขารู้จักพี่มานานกว่าผมเยอะ\nแล้วโอยาบุนก็คอยหนุนหลังเขา ทั้งที่ไม่เคยสาบานเข้าตระกูลด้วยซ้ำ
R05-0812	บท 3 พากย์ · speech_list_judge_main_c03	? (ช) [อีกแทร็ก]	I mean, he's known you way longer than I have.\nAnd the boss has his back, even though he never swore up.	ก็คือ เขารู้จักพี่มานานกว่าผมเยอะ\nโอยาบุนก็คอยหนุนหลังเขาอยู่ ทั้งที่ไม่เคยสาบานเข้าตระกูล
R05-0813	บท 3 พากย์ · speech_list_judge_main_c03	? (ช)	I dunno.\nSomething's just off about him.	ไม่รู้สิ\nมีอะไรบางอย่างในตัวเขาที่ดูแปลกๆ
R05-0814	บท 3 พากย์ · speech_list_judge_main_c03	? (ช) [อีกแทร็ก]	I dunno, guy just gets under my skin.	ไม่รู้สิ ไอ้หมอนั่นมันกวนประสาทผมยังไงไม่รู้
R05-0815	บท 3 พากย์ · speech_list_judge_main_c03	? (ช)	Hey. You ever hear what\nhappened to his dad?	เฮ้ แกเคยได้ยินเรื่อง\nที่เกิดขึ้นกับพ่อของเขาไหม?
R05-0816	บท 3 พากย์ · speech_list_judge_main_c03	? (ช) [อีกแทร็ก]	...Higashi. You never heard about\nTak's dad, right?	...ฮิงาชิ แกไม่เคยได้ยินเรื่อง\nพ่อของทาคุใช่ไหม?
R05-0817	บท 3 พากย์ · speech_list_judge_main_c03	? (ช)	Nope. What happened?	ไม่เคยครับ เกิดอะไรขึ้น?
R05-0818	บท 3 พากย์ · speech_list_judge_main_c03	? (ช) [อีกแทร็ก]	Nope.\nWhat happened?	ไม่เคยครับ\nเกิดอะไรขึ้นเหรอ?
R05-0819	บท 3 พากย์ · speech_list_judge_main_c03	? (ช)	Lemme start from the beginning.\nFrom what I've heard, he was a stand-up guy.	เอาล่ะ เริ่มตั้งแต่ต้นเลยนะ\nเท่าที่ฉันได้ยินมา เขาเป็นคนตรงไปตรงมามาก
R05-0820	บท 3 พากย์ · speech_list_judge_main_c03	? (ช) [อีกแทร็ก]	Lemme start from the beginning.\nHe's the one who taught Tak martial arts.	เอาล่ะ เริ่มตั้งแต่ต้นเลยนะ\nเขาคือคนที่สอนศิลปะการต่อสู้ให้ทาคุ
R05-0821	บท 3 พากย์ · speech_list_judge_main_c03	? (ช)	Taught him kung-fu and everything.	สอนกังฟูให้เขาทุกอย่างเลย
R05-0822	บท 3 พากย์ · speech_list_judge_main_c03	? (ช) [อีกแทร็ก]	Sounded like a real standup guy.	ฟังดูเป็นคนตรงไปตรงมาตัวจริงเลยล่ะ
R05-0823	บท 3 พากย์ · speech_list_judge_main_c03	? (ช)	He was a lawyer, too.	แล้วเขาก็เป็นทนายความด้วย
R05-0824	บท 3 พากย์ · speech_list_judge_main_c03	? (ช) [อีกแทร็ก]	And, well... he was a lawyer, too.	แล้วก็... เขาเป็นทนายความด้วย
R05-0825	บท 3 พากย์ · speech_list_judge_main_c03	? (ช)	Things changed when Tak was fifteen.	ทุกอย่างเปลี่ยนไปตอนทาคุอายุสิบห้า
R05-0826	บท 3 พากย์ · speech_list_judge_main_c03	? (ช) [อีกแทร็ก]	But things changed when Tak was fifteen.	แต่ทุกอย่างเปลี่ยนไปตอนทาคุ อายุสิบห้า
R05-0827	บท 3 พากย์ · speech_list_judge_main_c03	? (?)	His dad took on a dead-to-rights murder case,\nand actually managed to get an acquittal. 	พ่อของเขารับคดีฆาตกรรมที่ดู ยังไงก็แพ้แน่ๆ\nแต่กลับสู้จนพลิกคดีให้ลูกความ พ้นผิดได้จริงๆ 
R05-0828	บท 3 พากย์ · speech_list_judge_main_c03	? (ช)	One of the victim's relatives\nwasn't too happy about that, though...	แต่ญาติของเหยื่อคนหนึ่ง\nไม่พอใจเรื่องนี้เอามากๆ...
R05-0829	บท 3 พากย์ · speech_list_judge_main_c03	? (ช) [อีกแทร็ก]	But, uh... one of the victim's relatives\nwasn't too happy about that.	แต่เอ่อ...ญาติของเหยื่อคนหนึ่ง\nก็ไม่พอใจเรื่องนี้เอามากๆ
R05-0830	บท 3 พากย์ · speech_list_judge_main_c03	? (?) [อีกแทร็ก] [ใช้ร่วมหลายคน]	Oh...	โอ้...
R05-0831	บท 3 พากย์ · speech_list_judge_main_c03	kaito (ช)	When Tak was younger,\nboth his parents were stabbed to death.	ตอนทาคุยังเด็ก\nพ่อกับแม่ของเขาถูกแทงตายทั้งคู่
R05-0832	บท 3 พากย์ · speech_list_judge_main_c03	kaito (ช) [อีกแทร็ก]	Tak's parents... were stabbed to death\nwith a kitchen knife.	พ่อแม่ของทาคุ...ถูกแทงตาย\nด้วยมีดทำครัว
R05-0833	บท 3 พากย์ · speech_list_judge_main_c03	? (ช)	Tak was at a friend's house\nwhen it happened.	ตอนนั้นทาคุอยู่ที่บ้านเพื่อน\nตอนที่มันเกิดขึ้น
R05-0834	บท 3 พากย์ · speech_list_judge_main_c03	? (ช) [อีกแทร็ก]	Back then, Tak kinda resented his parents for\nthe long hours they were working...	ตอนนั้นทาคุแอบน้อยใจพ่อแม่อยู่ เหมือนกัน\nที่ทำงานหนักจนไม่ค่อยมีเวลาให้...
R05-0835	บท 3 พากย์ · speech_list_judge_main_c03	? (ช)	He was there to avoid them,\npissed about the hours they were working.	เขาไปอยู่ที่นั่นเพื่อเลี่ยง หน้าพ่อแม่\nหงุดหงิดที่พวกเขาทำงานหนักตลอดเวลา
R05-0836	บท 3 พากย์ · speech_list_judge_main_c03	? (ช) [อีกแทร็ก]	He was crashing at a friend's house\nwhen it all went down.	เขาไปค้างที่บ้านเพื่อน\nตอนที่เรื่องทั้งหมดเกิดขึ้น
R05-0837	บท 3 พากย์ · speech_list_judge_main_c03	? (ช)	But maybe if he'd been home...\nMaybe he could've done something. Anything.	แต่ถ้าเขาอยู่บ้านตอนนั้น...\nบางทีเขาอาจทำอะไรได้บ้าง อะไรก็ได้
R05-0838	บท 3 พากย์ · speech_list_judge_main_c03	? (ช) [อีกแทร็ก]	But if he had been home...\nMaybe he could've stopped the killer.	แต่ถ้าเขาอยู่บ้านตอนนั้น...\nบางทีเขาอาจหยุดฆาตกรได้
R05-0839	บท 3 พากย์ · speech_list_judge_main_c03	? (ช)	Maybe his parents would still be alive.	บางทีพ่อแม่เขาอาจจะยังไม่ตาย
R05-0840	บท 3 พากย์ · speech_list_judge_main_c03	? (ช) [อีกแทร็ก]	Maybe they'd still be alive.	บางทีพวกเขาอาจจะยังไม่ตาย
R05-0841	บท 3 พากย์ · speech_list_judge_main_c03	higashi (ช)	So this guy who killed the family...\nThey ever catch him?	แล้วเจ้าคนที่ฆ่าครอบครัวเขา...\nจับได้ไหม?
R05-0842	บท 3 พากย์ · speech_list_judge_main_c03	higashi (ช) [อีกแทร็ก]	So this guy kills the Yagamis, and then what?\nThey caught him?	แล้วเจ้าคนที่ฆ่าตระกูลยากามิ ทำไงต่อ?\nจับตัวได้ไหม?
R05-0843	บท 3 พากย์ · speech_list_judge_main_c03	kaito (ช)	He hung himself at the scene of the crime.\n"Tragic" doesn't even begin to describe it.	มันแขวนคอตายที่ที่เกิดเหตุเอง\nคำว่า "น่าเศร้า" ยังไม่พอจะอธิบายเลยด้วยซ้ำ
R05-0844	บท 3 พากย์ · speech_list_judge_main_c03	kaito (ช) [อีกแทร็ก]	Hung himself at the scene of the crime.\n"Tragic" hardly describes it.	แขวนคอตายเองที่ที่เกิดเหตุ\nคำว่า "น่าเศร้า" ยังไม่พอจะบรรยายด้วยซ้ำ
R05-0845	บท 3 พากย์ · speech_list_judge_main_c03	? (ช)	Tak ended up comin' to Kamurocho right after that.\nDidn't want any help from his relatives, neither.	หลังจากนั้นทาคุก็มาที่คามุโรโจเลย\nไม่ยอมรับความช่วยเหลือจากญาติด้วย
R05-0846	บท 3 พากย์ · speech_list_judge_main_c03	? (ช) [อีกแทร็ก]	Not long after that, Tak left the rest of his\nfamily behind and came to Kamurocho.	ไม่นานหลังจากนั้น ทาคุก็ทิ้ง\nญาติที่เหลือไว้แล้วมาที่คามุโรโจ
R05-0847	บท 3 พากย์ · speech_list_judge_main_c03	? (ช)	So, he lied about his age\nand snagged a job at Tender.	แล้วเขาก็โกหกเรื่องอายุ\nได้งานที่เทนเดอร์มา
R05-0848	บท 3 พากย์ · speech_list_judge_main_c03	? (ช) [อีกแทร็ก]	He lied about his age\nand snagged a job at Tender.	เขาโกหกเรื่องอายุ\nได้งานที่เทนเดอร์มา
R05-0849	บท 3 พากย์ · speech_list_judge_main_c03	? (ช)	Got it.\nSo that's when he met you, huh?	เข้าใจแล้ว\nงั้นตอนนั้นแหละที่เขาเจอพี่สินะ?
R05-0850	บท 3 พากย์ · speech_list_judge_main_c03	? (ช) [อีกแทร็ก]	I see. So... that's where it all began?\nYou met each other there?	อ๋อ...งั้นทุกอย่างเริ่มจากตรงนั้นสินะ?\nพี่เจอเขาที่นั่นเลยเหรอ?
R05-0851	บท 3 พากย์ · speech_list_judge_main_c03	? (ช)	Yeah. And if you want the truth,\nI wasn't too big on the guy at first either.	ใช่ แล้วถ้าจะให้พูดตามตรง\nตอนแรกฉันก็ไม่ค่อยชอบเจ้าหมอ นั่นเหมือนกัน
R05-0852	บท 3 พากย์ · speech_list_judge_main_c03	? (ช) [อีกแทร็ก]	Yeah, well... If I'm bein' honest,\nI wasn't big on the guy at first either.	ใช่ ก็...ถ้าจะให้พูดตรงๆ\nตอนแรกฉันก็ไม่ค่อยชอบมันเหมือนกัน
R05-0853	บท 3 พากย์ · speech_list_judge_main_c03	? (ช)	I was pretty green at the time too.	ตอนนั้นฉันเองก็ยังอ่อนหัดอยู่มาก
R05-0854	บท 3 พากย์ · speech_list_judge_main_c03	? (ช) [อีกแทร็ก]	I was pretty green at the time myself.	ตอนนั้นฉันเองก็ยังอ่อนหัดอยู่ เหมือนกัน
R05-0855	บท 3 พากย์ · speech_list_judge_main_c03	? (ช)	But here comes this 15 year old punk picking a fight\nwith a yakuza my size. The balls on that one.	แล้วอยู่ดีๆ ไอ้เด็กบ้าอายุสิบห้าก็มาหาเรื่อง\nยากูซ่าตัวใหญ่อย่างฉัน กล้าจริงว่ะ
R05-0856	บท 3 พากย์ · speech_list_judge_main_c03	? (ช) [อีกแทร็ก]	And here comes this 15-year-old-punk\npicking a fight with a yakuza my size.	แล้วอยู่ดีๆ ไอ้เด็กบ้าอายุสิบห้า\nก็มาหาเรื่องยากูซ่าตัวใหญ่อย่างฉัน
R05-0857	บท 3 พากย์ · speech_list_judge_main_c03	? (ช)	Probably thought he stood a chance.	คงคิดว่าตัวเองมีสิทธิ์ชนะมั้ง
R05-0858	บท 3 พากย์ · speech_list_judge_main_c03	? (ช)	Probably.\n'Til I broke his nose.	คงงั้นแหละ\nจนกระทั่งฉันต่อยจมูกมันหัก
R05-0859	บท 3 พากย์ · speech_list_judge_main_c03	? (ช) [อีกแทร็ก]	Probably, 'til I broke his nose.	คงงั้นแหละ จนฉันต่อยจมูกมันหัก
R05-0860	บท 3 พากย์ · speech_list_judge_main_c03	? (ช)	But no matter how much he gets beaten down,\nTak's not the kinda guy to give up.	แต่ไม่ว่าจะโดนซ้อมหนักแค่ไหน\nทาคุก็ไม่ใช่คนที่จะยอมแพ้
R05-0861	บท 3 พากย์ · speech_list_judge_main_c03	? (ช) [อีกแทร็ก]	But every time, he bounced back. No matter what you\nthrow at him, he's not the kinda guy to give up.	แต่ทุกครั้งเขาก็ลุกขึ้นมาใหม่ ไม่ว่าจะโดนอะไร\nเขาก็ไม่ใช่คนที่จะยอมแพ้
R05-0862	บท 3 พากย์ · speech_list_judge_main_c03	? (ช)	Every time I beat the crap outta him,\nhe'd act like it was no big deal.	ทุกครั้งที่ฉันซ้อมมันซะเละ\nมันก็ทำหน้าเหมือนไม่มีอะไรเกิดขึ้น
R05-0863	บท 3 พากย์ · speech_list_judge_main_c03	? (ช) [อีกแทร็ก]	I'd beat the shit out of him,\nand he'd just brush it off.	ฉันซ้อมมันซะเละ\nแต่มันก็สลัดทิ้งเหมือนไม่มีอะไร
R05-0864	บท 3 พากย์ · speech_list_judge_main_c03	? (ช)	Then one day, and I couldn't tell you why...\nMatsugane-san took a shine to him.	แล้ววันหนึ่ง ไม่รู้ทำไมเหมือนกัน...\nท่านมัตสึกาเนะก็ถูกใจมันขึ้นมา
R05-0865	บท 3 พากย์ · speech_list_judge_main_c03	? (ช) [อีกแทร็ก]	Then one day, I dunno why...\nMatsugane-san took a shine to him.	แล้ววันหนึ่ง ไม่รู้ทำไมเหมือนกัน...\nท่านมัตสึกาเนะก็ถูกใจมันขึ้นมา
R05-0866	บท 3 พากย์ · speech_list_judge_main_c03	? (ช)	This weird father-son thing just kinda happened.\nTak wouldn't listen to anyone else.	อยู่ดีๆ ก็กลายเป็นเหมือนพ่อลูกกันแปลกๆ\nทาคุไม่ยอมฟังใครนอกจากท่าน
R05-0867	บท 3 พากย์ · speech_list_judge_main_c03	? (ช) [อีกแทร็ก]	And Tak gradually started\nactually listening to the old man.	แล้วทาคุก็ค่อยๆ เริ่ม\nฟังคำท่านจริงจัง
R05-0868	บท 3 พากย์ · speech_list_judge_main_c03	? (ช)	For me n' you, becoming yakuza was our only choice.\nBut for him? It was different.	สำหรับฉันกับแก การเป็นยากูซ่าคือทางเลือกเดียว\nแต่สำหรับมัน? มันต่างออกไป
R05-0869	บท 3 พากย์ · speech_list_judge_main_c03	? (ช) [อีกแทร็ก]	He was different. Guys like us got the yakuza\nlife in our blood, but not him.	มันต่างจากเรา คนอย่างเรามีสายเลือดยากูซ่า\nติดตัวมาแต่เกิด แต่มันไม่ใช่
R05-0870	บท 3 พากย์ · speech_list_judge_main_c03	? (ช)	And if I had to guess, the boss could see that,\nand that's why he took him in.	ถ้าให้เดา โอยาบุนคงมองออก\nนั่นแหละคือเหตุผลที่ท่านรับมันไว้
R05-0871	บท 3 พากย์ · speech_list_judge_main_c03	? (ช) [อีกแทร็ก]	If I had to guess, that's probably why\nthe boss decided to take him in.	ถ้าให้เดา นั่นคงเป็นเหตุผล\nที่โอยาบุนตัดสินใจรับมันไว้
R05-0872	บท 3 พากย์ · speech_list_judge_main_c03	? (ช)	Tak didn't let him down, though.\nEnded up passing the bar exam not long after.	แต่ทาคุก็ไม่ทำให้ท่านผิดหวัง\nสอบเนติบัณฑิตผ่านในเวลาไม่นาน หลังจากนั้น
R05-0873	บท 3 พากย์ · speech_list_judge_main_c03	? (ช) [อีกแทร็ก]	Tak didn't let him down, though.\nPassed the bar exam not long after.	แต่ทาคุก็ไม่ทำให้ท่านผิดหวัง\nสอบเนติบัณฑิตผ่านในเวลาไม่นาน หลังจากนั้น
R05-0874	บท 3 พากย์ · speech_list_judge_main_c03	? (ช)	I remember.\nWasn't too pleased with it myself.	จำได้ครับ\nตอนนั้นผมเองก็ไม่ค่อยพอใจเท่าไหร่
R05-0875	บท 3 พากย์ · speech_list_judge_main_c03	? (ช) [อีกแทร็ก]	I remember being kinda\npissed about that, myself.	ผมจำได้ว่าตอนนั้น\nตัวเองก็หงุดหงิดเรื่องนี้อยู่ เหมือนกัน
R05-0876	บท 3 พากย์ · speech_list_judge_main_c03	? (ช)	But that's all in the past.\nIt's different now.	แต่นั่นมันเรื่องอดีตไปแล้ว\nตอนนี้มันไม่เหมือนเดิมแล้ว
R05-0877	บท 3 พากย์ · speech_list_judge_main_c03	? (ช) [อีกแทร็ก]	But it doesn't matter.\nThat's all in the past.	แต่มันไม่สำคัญแล้วล่ะ\nเรื่องนั้นมันอดีตไปแล้ว
R05-0878	บท 3 พากย์ · speech_list_judge_main_c03	? (ช)	He's a dead man walking.	ตอนนี้มันก็แค่ศพเดินได้
R05-0879	บท 3 พากย์ · speech_list_judge_main_c03	? (ช) [อีกแทร็ก]	Yagami's a dead man walking now.	ตอนนี้ยากามิก็แค่ศพเดินได้
R05-0880	บท 3 พากย์ · speech_list_judge_main_c03	? (ช)	What do you and Matsugane-san\nstill see in him?	พี่กับท่านมัตสึกาเนะ\nยังเห็นอะไรดีๆ ในตัวมันอยู่อีกเหรอ?
R05-0881	บท 3 พากย์ · speech_list_judge_main_c03	? (ช) [อีกแทร็ก]	I dunno. What do you and Matsugane-san\nstill see in him?	ไม่รู้สิ พี่กับท่านมัตสึกาเนะ\nยังเห็นอะไรดีๆ ในตัวมันอยู่อีกเหรอ?
R05-0882	บท 3 พากย์ · speech_list_judge_main_c03	? (ช)	I could ask the same question about a guy\nwho got kicked out for letting his safe get robbed.	ฉันก็อยากถามคำถามเดียวกันกลับ กับคนที่\nโดนไล่ออกเพราะปล่อยให้เซฟถูก ปล้นเหมือนกันนะ
R05-0883	บท 3 พากย์ · speech_list_judge_main_c03	? (ช) [อีกแทร็ก]	Well, I mean... What do <font_kind=yakuza_italic>you</font_kind> see in a guy who\ngot kicked out for letting his safe get robbed?	ก็คือ...แล้ว<font_kind=yakuza_italic>แก</font_kind>เห็นอะไรในตัวคนที่\nโดนไล่ออกเพราะปล่อยให้เซฟถูกปล้นล่ะ?
R05-0884	บท 3 พากย์ · speech_list_judge_main_c03	? (ช)	Kamurocho chews up guys like us.	คามุโรโจกินคนอย่างเราไม่เหลือ
R05-0885	บท 3 พากย์ · speech_list_judge_main_c03	? (ช) [อีกแทร็ก]	Just another day in Kamurocho.	ก็แค่อีกวันหนึ่งในคามุโรโจ
R05-0886	บท 3 พากย์ · speech_list_judge_main_c03	? (ช)	And when it spits you out,\nyou're right back on the street.	แล้วพอมันคายเราออกมา\nก็กลับไปอยู่ข้างถนนเหมือนเดิม
R05-0887	บท 3 พากย์ · speech_list_judge_main_c03	? (ช) [อีกแทร็ก]	It chews us up and spits us\nright back out.	มันกินเราเข้าไป แล้วก็คาย\nเรากลับออกมาเหมือนเดิม
R05-0888	บท 3 พากย์ · speech_list_judge_main_c03	? (ช)	But me and him, we grew up here.\nWe don't have another home.	แต่ฉันกับมัน โตมาที่นี่ด้วยกัน\nเราไม่มีบ้านอื่นแล้ว
R05-0889	บท 3 พากย์ · speech_list_judge_main_c03	? (ช) [อีกแทร็ก]	But me and him... We grew up here.\nGot nowhere else to go.	แต่ฉันกับมัน...โตมาที่นี่ด้วยกัน\nไม่มีที่ไปอื่นแล้ว
R05-0890	บท 3 พากย์ · speech_list_judge_main_c03	? (ช)	So even if it means butting heads with Captain Hamura...\nWe're gonna see this shit through.	ต่อให้ต้องปะทะกับกัปตันฮามุระ...\nเราก็จะสู้เรื่องบ้านี่ให้จบ
R05-0891	บท 3 พากย์ · speech_list_judge_main_c03	? (ช) [อีกแทร็ก]	So no matter how much we gotta butt heads with Hamura...\nwe're gonna do this our way.	ไม่ว่าจะต้องปะทะกับฮามุระแค่ไหน...\nเราก็จะทำตามทางของเราเอง
R05-0892	บท 3 พากย์ · speech_list_judge_main_c03	higashi (ช) [ใช้ร่วมหลายคน]	Aniki...	อานิกิ...
R05-0893	บท 3 พากย์ · speech_list_judge_main_c03	? (ช) [อีกแทร็ก]	Aniki.	อานิกิ
R05-0894	บท 3 พากย์ · speech_list_judge_main_c03	? (ช)	The captain's word is absolute,\nat least for now.	คำสั่งกัปตันคือกฎเหล็ก\nอย่างน้อยก็ตอนนี้
R05-0895	บท 3 พากย์ · speech_list_judge_main_c03	? (ช) [อีกแทร็ก]	As it stands now...\nCaptain Hamura's word is absolute.	ตอนนี้...\nคำสั่งกัปตันฮามุระคือกฎเหล็ก
R05-0896	บท 3 พากย์ · speech_list_judge_main_c03	? (ช)	But if he ever gave the order\nto off you...	แต่ถ้าเขาสั่งให้\nผมฆ่าพี่เมื่อไหร่...
R05-0897	บท 3 พากย์ · speech_list_judge_main_c03	? (ช) [อีกแทร็ก]	But if he ever told me to off you...	แต่ถ้าเขาสั่งให้ผมฆ่าพี่เมื่อไหร่...
R05-0898	บท 3 พากย์ · speech_list_judge_main_c03	? (ช)	I might have to think twice about it.	ผมก็คงต้องคิดหนักสองตลบ
R05-0899	บท 3 พากย์ · speech_list_judge_main_c03	? (ช) [อีกแทร็ก]	Maybe I'd have to think twice.	ผมอาจจะต้องคิดหนักสองตลบ
R05-0900	บท 3 พากย์ · speech_list_judge_main_c03	? (ช)	I think I can live with that.	ฉันว่าแค่นั้นก็พอไหวแล้วล่ะ
R05-0901	บท 3 พากย์ · speech_list_judge_main_c03	? (ช) [อีกแทร็ก]	Glad to hear.\nI'll take it.	ดีใจที่ได้ยินแบบนั้น\nแค่นี้ก็พอแล้ว
R05-0902	VR Dice & Cube · judge_minigame_sugoroku	? (?)	A sugoroku message test. \nA sugoroku message test.	ข้อความทดสอบซูโกโรกุ\nข้อความทดสอบซูโกโรกุ
R05-0903	VR Dice & Cube · judge_minigame_sugoroku	? (?)	Welcome to virtual Kamurocho! Throw them dice n' go for the goal!	ยินดีต้อนรับสู่คามุโรโจเสมือนจริง! โยนลูกเต๋าแล้วมุ่งหน้าสู่ เป้าหมายกันเลย!
R05-0904	VR Dice & Cube · judge_minigame_sugoroku	? (?)	Pressing <symbol=button_decide> will roll the dice. Press <symbol=button_decide> again to stop the dice!	กด <symbol=button_decide> เพื่อทอยลูกเต๋า กด <symbol=button_decide> อีกครั้งเพื่อหยุดลูกเต๋า!
R05-0905	VR Dice & Cube · judge_minigame_sugoroku	Gold Plate Employee (?)	Here's a gift for you.	นี่ของขวัญให้
R05-0906	VR Dice & Cube · judge_minigame_sugoroku	Silver Plate Employee (?)	Take this gift, okay?	เอาของขวัญนี้ไปนะ
R05-0907	VR Dice & Cube · judge_minigame_sugoroku	Silver Plate Employee (?)	Here's a li'l somethin' fer ya.	เอ้า ของเล็กๆ น้อยๆ ให้
R05-0908	VR Dice & Cube · judge_minigame_sugoroku	Silver Plate Employee (?)	Here's a silver plate.	นี่เพลทเงิน
R05-0909	VR Dice & Cube · judge_minigame_sugoroku	Silver Plate Employee (?)	Here's a gift.	นี่ของขวัญ
R05-0910	VR Dice & Cube · judge_minigame_sugoroku	Silver Plate Employee (?)	Take this Silver Plate.	เอาเพลทเงินนี้ไปสิ
R05-0911	VR Dice & Cube · judge_minigame_sugoroku	Silver Plate Employee (?)	I picked this up. Here, it's a Silver Plate.	เก็บอันนี้มาได้ เอ้า เพลทเงิน
R05-0912	VR Dice & Cube · judge_minigame_sugoroku	Poppo Employee (?)	Thank you for your patronage!	ขอบคุณที่ใช้บริการนะ!
R05-0913	VR Dice & Cube · judge_minigame_sugoroku	Bronze Plate Employee (?)	I'll give you a Copper Plate.	จะให้เพลททองแดง
R05-0914	VR Dice & Cube · judge_minigame_sugoroku	Steel Plate Employee (?)	Here's a gift from me.	นี่ของขวัญที่ให้เอง
R05-0915	VR Dice & Cube · judge_minigame_sugoroku	Dice & Cube Receptionist (?)	Welcome to Paradise VR!	ยินดีต้อนรับสู่ Paradise VR!
R05-0916	VR Dice & Cube · judge_minigame_sugoroku	Dice & Cube Receptionist (?)	Sir, do you have Play Passes? Each course costs a different number of Play Passes.	คุณลูกค้ามีเพลย์พาสไหม แต่ละคอร์สใช้จำนวนเพลย์พาสไม่เท่ากัน
R05-0917	VR Dice & Cube · judge_minigame_sugoroku	Yagami (ช)	(Umm... isn't that the thing the homeless guy gave me?)	(เอ่อ... นี่มันของที่ชายไร้บ้านให้ผมมา ไม่ใช่เหรอ?)
R05-0918	VR Dice & Cube · judge_minigame_sugoroku	Yagami (ช)	Is this a Play Pass?	นี่คือเพลย์พาสเหรอ
R05-0919	VR Dice & Cube · judge_minigame_sugoroku	Dice & Cube Receptionist (?)	Oh, a free trial Play Pass! You can play with just one of these.	อ๋อ เพลย์พาสทดลองเล่นฟรีนี่เอง! ใช้แค่ใบเดียวก็เล่นได้เลย
R05-0920	VR Dice & Cube · judge_minigame_sugoroku	Dice & Cube Receptionist (?)	Have you played Dice & Cube before?	เคยเล่น Dice & Cube มาก่อนไหม
R05-0921	VR Dice & Cube · judge_minigame_sugoroku	Yagami (ช)	No, this is my first time.	เปล่า มาเล่นครั้งแรกครับ
R05-0922	VR Dice & Cube · judge_minigame_sugoroku	Naisu Daisu (?)	I'll guide you through the Short Course today.	วันนี้จะพาไปลองคอร์สสั้น
R05-0923	VR Dice & Cube · judge_minigame_sugoroku	Naisu Daisu (?)	Customers who do well on the Short Course will get a special surprise.	ลูกค้าที่ทำผลงานดีในคอร์สสั้น จะได้รับเซอร์ไพรส์พิเศษ
R05-0924	VR Dice & Cube · judge_minigame_sugoroku	Naisu Daisu (?)	The condition is to clear the stage with more than two dice left in your possession. Do your best!	เงื่อนไขคือต้องผ่านด่านโดย เหลือลูกเต๋ามากกว่าสองลูก สู้ๆ นะ!
R05-0925	VR Dice & Cube · judge_minigame_sugoroku	Yagami (ช)	(Is this what that homeless guy wanted?)	(นี่คือสิ่งที่ชายไร้บ้านคนนั้น ต้องการรึเปล่านะ?)
R05-0926	VR Dice & Cube · judge_minigame_sugoroku	Yagami (ช)	(Guess I'd better beat the game and bring him back the prize.)	(คงต้องเคลียร์เกมนี้แล้วเอา รางวัลกลับไปให้เขาแล้วล่ะ)
R05-0927	VR Dice & Cube · judge_minigame_sugoroku	Naisu Daisu (?)	That's all there is to it. Now please put on these VR goggles...	มีแค่นี้แหละ ทีนี้กรุณาสวมแว่น VR นี้...
R05-0928	VR Dice & Cube · judge_minigame_sugoroku	Naisu Daisu (?)	And you're all set! Enjoy your trip to virtual Kamurocho!	เรียบร้อย! ขอให้สนุกกับการท่องคามุโรโจ เสมือนจริงนะ!
R05-0929	VR Dice & Cube · judge_minigame_sugoroku	Dice & Cube Receptionist (?)	Unfortunately, Dice & Cube is undergoing maintenance at this time.	ขออภัย ขณะนี้ Dice & Cube กำลังปิดปรับปรุงชั่วคราว
R05-0930	VR Dice & Cube · judge_minigame_sugoroku	Dice & Cube Receptionist (?)	Please come back again.	แวะมาใหม่นะ
R05-0931	VR Dice & Cube · judge_minigame_sugoroku	Yagami (ช) [ใช้ร่วมหลายคน]	Here you go.	นี่จ้ะ รับไปเลย
R05-0932	VR Dice & Cube · judge_minigame_sugoroku	Dice & Cube Receptionist (?)	Please choose your course and ruleset.	กรุณาเลือกคอร์สและกติกาที่คุณต้องการ
R05-0933	VR Dice & Cube · judge_minigame_sugoroku	Dice & Cube Receptionist (?)	The Long Course with the Challenge rules. Understood.	คอร์สยาว กติกาท้าทาย รับทราบ
R05-0934	VR Dice & Cube · judge_minigame_sugoroku	Dice & Cube Receptionist (?)	The Long Course with the Standard rules. Understood.	คอร์สยาว กติกามาตรฐาน รับทราบ
R05-0935	VR Dice & Cube · judge_minigame_sugoroku	Dice & Cube Receptionist (?)	The Middle Course with the Challenge rules. Understood.	คอร์สกลาง กติกาท้าทาย รับทราบ
R05-0936	VR Dice & Cube · judge_minigame_sugoroku	Dice & Cube Receptionist (?)	The Middle Course with the Standard rules. Understood.	คอร์สกลาง กติกามาตรฐาน รับทราบ
R05-0937	VR Dice & Cube · judge_minigame_sugoroku	Dice & Cube Receptionist (?)	The Short Course with the Challenge rules. Understood.	คอร์สสั้น กติกาท้าทาย รับทราบ
R05-0938	VR Dice & Cube · judge_minigame_sugoroku	Dice & Cube Receptionist (?)	The Short Course with the Standard rules. Understood.	คอร์สสั้น กติกามาตรฐาน รับทราบ
R05-0939	VR Dice & Cube · judge_minigame_sugoroku	Dice & Cube Receptionist (?)	Your Free Pass has been verified! Please equip your VR goggles at this time.	ตรวจสอบเพลย์พาสฟรีของคุณ เรียบร้อยแล้ว! กรุณาสวมแว่น VR ได้เลยตอนนี้
R05-0940	VR Dice & Cube · judge_minigame_sugoroku	Dice & Cube Receptionist (?)	Thank you for using your Play Pass! Please equip your VR goggles at this time.	ขอบคุณที่ใช้เพลย์พาส! กรุณาสวมแว่น VR ได้เลยตอนนี้
R05-0941	VR Dice & Cube · judge_minigame_sugoroku	Yagami (ช)	I don't have enough...	...มีไม่พอซะแล้ว...
R05-0942	VR Dice & Cube · judge_minigame_sugoroku	Dice & Cube Receptionist (?)	I'm afraid you'll need Play Passes in order to enjoy Dice & Cube. You can get them as prizes from the batting cages.	เกรงว่าคุณจะต้องมีเพลย์พาสถึงจะเล่น Dice & Cube ได้ หาได้จากรางวัลที่ศูนย์ฝึกตี
R05-0943	VR Dice & Cube · judge_minigame_sugoroku	Yagami (ช)	(Damn. Couldn't do it...)	(บ้าเอ๊ย ทำไม่ได้จริง ๆ...)
R05-0944	VR Dice & Cube · judge_minigame_sugoroku	Naisu Daisu (?)	Bad luck this time, huh?	ครั้งนี้โชคไม่ดีเลยแฮะ?
R05-0945	VR Dice & Cube · judge_minigame_sugoroku	Yagami (ช)	(Too bad. Guess I should report back to that homeless guy.)	(แย่จัง คงต้องกลับไปรายงานให้ชายไร้ บ้านคนนั้นฟัง)
R05-0946	VR Dice & Cube · judge_minigame_sugoroku	Yagami (ช)	(That actually turned out pretty good, I'd say.)	(พูดตามตรงว่าออกมาดีเกินคาดเลยนะ)
R05-0947	VR Dice & Cube · judge_minigame_sugoroku	Naisu Daisu (?)	Oh wow! You breezed right through that course!	โห! ผ่านคอร์สนี้แบบสบาย ๆ เลยนี่!
R05-0948	VR Dice & Cube · judge_minigame_sugoroku	Naisu Daisu (?)	Here's your Luxury Meal Ticket for winning. Congratulations!	นี่คือบัตรอาหารหรูสำหรับผู้ชนะ ขอแสดงความยินดีด้วย!
R05-0949	VR Dice & Cube · judge_minigame_sugoroku	Yagami (ช)	(Great, now to give this to the homeless guy and figure out where Red Nose is.)	(เยี่ยม ทีนี้ก็เอาไปให้คนไร้บ้านคนนั้น แล้วหาให้เจอว่าจมูกแดงอยู่ไหน)
R05-0950	VR Dice & Cube · judge_minigame_sugoroku	Yagami (ช)	(Damn... I thought I had it there.)	(บ้าเอ๊ย... นึกว่าจะทำได้ซะอีก)
R05-0951	VR Dice & Cube · judge_minigame_sugoroku	Yagami (ช)	(Just barely made it to the goal.)	(เกือบไม่รอดถึงเป้าหมายเลย)
R05-0952	VR Dice & Cube · judge_minigame_sugoroku	Yagami (ช)	(Could've been better.)	(น่าจะทำได้ดีกว่านี้)
R05-0953	VR Dice & Cube · judge_minigame_sugoroku	Yagami (ช)	(Nice. That was a good run.)	(เยี่ยม รอบนี้เล่นได้ดีเลย)
R05-0954	VR Dice & Cube · judge_minigame_sugoroku	Yagami (ช)	(Sweet! I pretty much nailed it!)	(เจ๋ง! แทบจะทำได้เป๊ะเลยนี่!)
R05-0955	VR Dice & Cube · judge_minigame_sugoroku	Naisu Daisu (?)	Thank you for playing Dice & Cube. We hope to see you again.	ขอบคุณที่เล่น Dice & Cube หวังว่าจะได้พบกันอีก
R05-0956	VR Dice & Cube · judge_minigame_sugoroku	Dice & Cube Receptionist (?)	Here you can play the latest in virtual reality entertainment: the one and only Dice & Cube!	ที่นี่คุณจะได้สัมผัส ความบันเทิงเสมือนจริงล่าสุด นั่นคือ Dice & Cube หนึ่งเดียวเท่านั้น!
R05-0957	VR Dice & Cube · judge_minigame_sugoroku	Thugs (ช)	You're coming with me, you piece of shit!	นายต้องไปกับผมแล้วละ ไอ้เศษสวะ!
R05-0958	VR Dice & Cube · judge_minigame_sugoroku	Lullaby Employee (?)	There are some unscrupulous-looking men creating a commotion in our store. Won't you do something about it?	มีผู้ชายหน้าตาไม่น่าไว้ใจกำลัง ก่อเรื่องวุ่นวายอยู่ในร้านเรา ช่วยจัดการให้หน่อยได้ไหม
R05-0959	VR Dice & Cube · judge_minigame_sugoroku	Hostess (?)	They're disturbing the other guests... Please, will you help us out?	พวกเขากำลังรบกวนลูกค้าคนอื่นอยู่... ช่วยเราหน่อยได้ไหม
R05-0960	VR Dice & Cube · judge_minigame_sugoroku	Lullaby Employee (?)	There's this guy who's been causing a lot of problems lately... Can you do something about it?	มีผู้ชายคนหนึ่งที่ก่อปัญหา บ่อยมากช่วงนี้... ช่วยจัดการหน่อยได้ไหม
R05-0961	VR Dice & Cube · judge_minigame_sugoroku	Yoshida Owner (?)	Some random guy came in without permission. Can you kick him out?	มีผู้ชายแปลกหน้าเดินเข้ามาโดย ไม่ได้รับอนุญาต ช่วยไล่เขาออกไปได้ไหม
R05-0962	VR Dice & Cube · judge_minigame_sugoroku	Smile Burger Employee (?)	One of our guests is just sitting around and not ordering anything. Would you be able to get him to leave?	มีลูกค้าคนหนึ่งนั่งเฉย ๆ ไม่สั่งอะไรเลย ช่วยทำให้เขาออกไปได้ไหม
R05-0963	VR Dice & Cube · judge_minigame_sugoroku	Drone Race Receptionist (?)	Someone's causing a scene at the drone lab. Is there any way for you to calm him down?	มีคนก่อเรื่องอยู่ที่แล็บโดรน พอจะช่วยทำให้เขาสงบลงได้ไหม
R05-0964	VR Dice & Cube · judge_minigame_sugoroku	Poppo Employee (?)	Would you mind getting rid of this for me? I'll give you something nice if you do!　	ช่วยจัดการเรื่องนี้ให้หน่อยได้ไหม? ถ้าช่วยได้ ฉันจะให้ของตอบแทนดี ๆ นะ!
R05-0965	VR Dice & Cube · judge_minigame_sugoroku	Drone Race Receptionist (?)	This drone's flying around like it's got a mind of it's own! It's at the drone race reception desk, so please hurry!	โดรนตัวนี้บินพล่านราวกับมี ความคิดเป็นของตัวเองเลย! มันอยู่ที่เคาน์เตอร์ลงทะเบียน แข่งโดรน รีบไปหน่อยนะ!
R05-0966	VR Dice & Cube · judge_minigame_sugoroku	Dice & Cube Receptionist (?)	I see. In that case, I'm pleased to make your acquaintance!	อย่างนั้นเหรอ ถ้างั้นก็ยินดีที่ได้รู้จักนะ!
R05-0967	VR Dice & Cube · judge_minigame_sugoroku	Dice & Cube Receptionist (?)	I'm your receptionist today, Naisu Daisu.	วันนี้ไนสึ ไดสึ จะทำหน้าที่พนักงานต้อนรับให้เอง
R05-0968	VR Dice & Cube · judge_minigame_sugoroku	Yagami (ช)	(As in... nice dice? I'm so sorry.)	(เอ่อ... นี่มัน nice dice ใช่ไหมเนี่ย ขอโทษจริง ๆ นะ)
R05-0969	VR Dice & Cube · judge_minigame_sugoroku	Naisu Daisu (?)	We hope you have an amazing experience that brings you back for more!	หวังว่าคุณจะได้สัมผัส ประสบการณ์สุดยอดจนอยากกลับมา อีก!
R05-0970	VR Dice & Cube · judge_minigame_sugoroku	Yagami (ช)	Thanks!	ขอบคุณ!
R05-0971	VR Dice & Cube · judge_minigame_sugoroku	Poppo Employee (?)	Please! Come quick! My store's about to get ruined...	ได้โปรด! รีบมาเถอะ! ร้านของฉันกำลังจะพังอยู่แล้ว...
R05-0972	VR Dice & Cube · judge_minigame_sugoroku	Taxi Driver (ช)	Welcome? Where are we going, you ask?\nWell, hop in and you'll find out.	ยินดีต้อนรับ อยากรู้ว่าเราจะไปไหนน่ะเหรอ?\nขึ้นมาสิ แล้วจะได้รู้เอง
R05-0973	VR Dice & Cube · judge_minigame_sugoroku	Dice & Cube Receptionist (?)	...It seems you have collected 6 Free Pass Vouchers.	...ดูเหมือนคุณจะสะสมบัตรผ่านฟรีได้ครบ 6 ใบแล้วนะ
R05-0974	VR Dice & Cube · judge_minigame_sugoroku	Dice & Cube Receptionist (?)	Congratulations! Please accept this special gift.	ขอแสดงความยินดีด้วย! รับของขวัญพิเศษชิ้นนี้ไปเลย
R05-0975	VR Dice & Cube · judge_minigame_sugoroku	Dice & Cube Receptionist (?)	This is a Free Pass that allows you to play an unlimited amount Dice & Cube any time you wish.	นี่คือเพลย์พาสฟรีที่ทำให้คุณเล่น Dice & Cube ได้ไม่จำกัดครั้งเมื่อไหร่ก็ได้ ตามใจชอบ
R05-0976	VR Dice & Cube · judge_minigame_sugoroku	Dice & Cube Receptionist (?)	From now on, you won't need to use any more Play Passes!	นับจากนี้คุณไม่ต้องใช้เพลย์พาส อีกต่อไปแล้ว!
R05-0977	VR Dice & Cube · judge_minigame_sugoroku	Dice & Cube Receptionist (?)	I'm afraid you don't have enough Play Passes.	เกรงว่าคุณจะมีเพลย์พาสไม่พอนะ
R05-0978	VR Dice & Cube · judge_minigame_sugoroku	Dice & Cube Receptionist (?)	Please select an eligible course.	กรุณาเลือกคอร์สที่มีสิทธิ์เล่น
R05-0979	VR Dice & Cube · judge_minigame_sugoroku	Shinano (?)	Thank you for playing Dice & Cube!	ขอบคุณที่เล่น Dice & Cube!
R05-0980	VR Dice & Cube · judge_minigame_sugoroku	Shinano (?)	...Oh! I apologize for the sudden appearance.	...อ้าว! ขอโทษด้วยที่โผล่มากะทันหันแบบนี้
R05-0981	VR Dice & Cube · judge_minigame_sugoroku	Shinano (?)	I'm Shinano, I lead the Dice & Cube section of the Kamurocho committee. 	ชินาโนะเอง เป็นหัวหน้าฝ่าย Dice & Cube ของคณะกรรมการคามุโรโจ 
R05-0982	VR Dice & Cube · judge_minigame_sugoroku	Yagami (ช)	Is that right...	งั้นเหรอ...
R05-0983	VR Dice & Cube · judge_minigame_sugoroku	Shinano (?)	...Are you aware of Free Passes?	...คุณรู้จักเพลย์พาสฟรีไหม?
R05-0984	VR Dice & Cube · judge_minigame_sugoroku	Yagami (ช)	No, what's that?	ไม่ครับ นั่นคืออะไรเหรอ?
R05-0985	VR Dice & Cube · judge_minigame_sugoroku	Shinano (?)	A Free Pass allows you to play Dice & Cube as many times as you want. No more Play Passes needed.	เพลย์พาสฟรีจะทำให้คุณเล่น Dice & Cube ได้กี่ครั้งก็ได้ตามต้องการ ไม่ต้องใช้เพลย์พาสอีกเลย
R05-0986	VR Dice & Cube · judge_minigame_sugoroku	Shinano (?)	Basically it's the only pass you'll ever need again!	พูดง่าย ๆ ก็คือมันเป็นบัตรผ่านใบเดียวที่ คุณจะต้องใช้ตลอดไปเลย!
R05-0987	VR Dice & Cube · judge_minigame_sugoroku	Yagami (ช)	Huh, I didn't know there was such a thing. How do I get it?	หืม ไม่รู้เลยว่ามีของแบบนี้ด้วย ต้องทำยังไงถึงจะได้มาครับ?
R05-0988	VR Dice & Cube · judge_minigame_sugoroku	Shinano (?)	You have to collect 6 Free Pass Vouchers...	คุณต้องสะสมบัตรผ่านฟรีให้ครบ 6 ใบ...
R05-0989	VR Dice & Cube · judge_minigame_sugoroku	Shinano (?)	But the locations where you can find them are a secret! Please go try looking for them.	แต่สถานที่ที่จะหาพวกมันเจอ เป็นความลับนะ! ลองไปตามหาดูสิ
R05-0990	VR Dice & Cube · judge_minigame_sugoroku	Yagami (ช)	I see... I'll keep that in mind.	เข้าใจแล้วครับ... ผมจะจำไว้
R05-0991	VR Dice & Cube · judge_minigame_sugoroku	Shinano (?)	Great! Then have a happy virtual life!	เยี่ยม! งั้นก็ขอให้มีความสุขกับชีวิต เสมือนจริงนะ!
R05-0992	VR Dice & Cube · judge_minigame_sugoroku	Shinano (?)	There's a railgun that you can use in virtual reality! You can rapid fire if you hold down <symbol=button_sankaku>. Try it, it's fun!	ในโลกเสมือนจริงมีเรลกันให้ใช้ด้วยนะ! กดค้าง <symbol=button_sankaku> แล้วยิงรัวได้เลย ลองดูสิ สนุกมากเลย!
R05-0993	VR Dice & Cube · judge_minigame_sugoroku	Shinano (?)	King Koro-nyan will spawn somewhere on the map if you beat a golden enemy, so go for the gold as much as you can!	ราชาโคโระเนียงจะปรากฏตัวขึ้น ที่ไหนสักแห่งบนแมป ถ้าเอาชนะศัตรูสีทองได้ ฉะนั้นจัดการศัตรูสีทองให้ได้ มากที่สุดเท่าที่จะทำได้เลยนะ!
R05-0994	VR Dice & Cube · judge_minigame_sugoroku	Shinano (?)	You have to defeat the purple enemies! If you don't, a Kuro-nyan will appear to take your loot!	ต้องเอาชนะศัตรูสีม่วงให้ได้! ไม่งั้นคุโระเนียงจะโผล่มาแย่ง ของที่เก็บได้ไปหมด!
R05-0995	VR Dice & Cube · judge_minigame_sugoroku	Shinano (?)	Ahh... Koro-nyan... Such a cute little dice boy...	อาห์... โคโระเนียง... เด็กลูกเต๋าตัวน้อยที่น่ารักจัง...
R05-0996	VR Dice & Cube · judge_minigame_sugoroku	Shinano (?)	You can get a Koro-nyan plushie from UFO Catchers!	คุณสามารถเก็บตุ๊กตาโคโระเนียง ได้จากตู้ UFO Catcher นะ!
R05-0997	VR Dice & Cube · judge_minigame_sugoroku	Shinano (?)	I'm thinking about making a song about Koro-nyan and releasing it worldwide!	ฉันกำลังคิดจะแต่งเพลงเกี่ยวกับ โคโระเนียงแล้วปล่อยไป ทั่วโลกเลยนะ!
R05-0998	VR Dice & Cube · judge_minigame_sugoroku	Shinano (?)	KamuroGo has a lot of missions, so try them out sometime!	KamuroGo มีภารกิจเยอะแยะเลย ลองเล่นดูสักครั้งนะ!
R05-0999	VR Dice & Cube · judge_minigame_sugoroku	Shinano (?)	You can experience pretty much anything in VR... I mean, it's not like you can fight against tigers in real life!	ใน VR คุณสัมผัสประสบการณ์อะไรก็ได้ แทบทุกอย่างเลยนะ... ก็มันไม่ใช่ว่าจะไปสู้กับเสือใน ชีวิตจริงได้นี่!
R05-1000	VR Dice & Cube · judge_minigame_sugoroku	Shinano (?)	Koro-nyan is always saying "sonny." Don't you think that makes him sound a bit old?	โคโระเนียงชอบพูดว่า "ไอ้หนู" ตลอดเลย คิดว่ามันทำให้ดูแก่ไปหน่อยไหมล่ะ?
R05-1001	VR Dice & Cube · judge_minigame_sugoroku	Shinano (?)	It's better to clear the course with more dice at the end because you'll rack up more points!	เคลียร์คอร์สโดยมีลูกเต๋าเหลือเยอะ ๆ ตอนจบจะดีกว่านะ เพราะจะได้แต้มเพิ่มขึ้นเยอะเลย!
R05-1002	VR Dice & Cube · judge_minigame_sugoroku	Shinano (?)	You can easily spot King Koro-nyan and Kuro-nyan on the map!	คุณสังเกตเห็นราชาโคโระเนียงกับ คุโระเนียงบนแมปได้ง่าย ๆ เลยนะ!
R05-1003	VR Dice & Cube · judge_minigame_sugoroku	Shinano (?)	When you win a Battle Mission, the dice you'll receive is equal to the number of stars on that space!	ถ้าชนะภารกิจต่อสู้ ลูกเต๋าที่ได้รับจะเท่ากับจำนวน ดาวบนช่องนั้นเลยนะ!
R05-1004	VR Dice & Cube · judge_minigame_sugoroku	Shinano (?)	You can see how many more spaces you have to go if you bring the cursor on the map. Useful, right?	ถ้าเอาเคอร์เซอร์ไปวางบนแมป จะเห็นว่าเหลืออีกกี่ช่องถึงจะ ถึงเป้าหมาย มีประโยชน์ใช่ไหมล่ะ?
R05-1005	VR Dice & Cube · judge_minigame_sugoroku	Shinano (?)	Koro-nyan has a Hiroshima dialect, but I speak more like a Tokyoite! ...Hm? You don't care?	โคโระเนียงพูดสำเนียงฮิโรชิม่านะ แต่ฉันพูดแบบคนโตเกียวมากกว่า! ...หืม? ไม่สนใจเหรอ?
R05-1006	VR Dice & Cube · judge_minigame_sugoroku	Shinano (?)	If Kuro-nyan takes your items, you can get twice as much back by capturing him!	ถ้าคุโระเนียงแย่งไอเทมของคุณไป จับมันกลับมาได้จะได้คืนมาเพิ่ม เป็นสองเท่าเลยนะ!
R05-1007	VR Dice & Cube · judge_minigame_sugoroku	Shinano (?)	I think I'm going to play some Dice & Cube too... huh? I don't have enough Play Passes!?	ฉันก็อยากจะเล่น Dice & Cube เหมือนกันนะ... เอ๊ะ? เพลย์พาสฉันไม่พอเหรอเนี่ย!?
R05-1008	VR Dice & Cube · judge_minigame_sugoroku	Shinano (?)	That euphoria when Koro-nyan Mode begins... it's indescribable.	ความอิ่มเอมตอนที่โหมด โคโระเนียงเริ่มขึ้น... บรรยายเป็นคำพูดไม่ได้เลยจริง ๆ
R05-1009	VR Dice & Cube · judge_minigame_sugoroku	Shinano (?)	Wouldn't it be nice to play Dice & Cube in other cities besides Kamurocho? Not like we have that kind of budget...	จะดีแค่ไหนนะถ้าได้เล่น Dice & Cube ที่เมืองอื่นนอกจากคามุโรโจ... ก็แหงละ เราคงไม่มีงบขนาดนั้นหรอก...
R05-1010	VR Dice & Cube · judge_minigame_sugoroku	Shinano (?)	Losing a battle means you get sent back to the start, so be careful while you're in there.	ถ้าแพ้การต่อสู้จะถูกส่งกลับไป เริ่มต้นใหม่นะ ระวังตัวด้วยล่ะตอนอยู่ในนั้น
R05-1011	VR Dice & Cube · judge_minigame_sugoroku	Shinano (?)	Ever notice how the dice changes to Koro-nyan whenever you're in Koro-nyan Mode?	สังเกตไหมว่าลูกเต๋าจะ เปลี่ยนเป็นโคโระเนียงทุกครั้ง ที่อยู่ในโหมดโคโระเนียง?
R05-1012	VR Dice & Cube · judge_minigame_sugoroku	Dice & Cube Receptionist (?)	You've played this before, right? Have fun!	เคยเล่นมาก่อนแล้วใช่ไหม? ขอให้สนุกนะ!
R05-1013	VR Dice & Cube · judge_minigame_sugoroku	Naisu Daisu (?)	We're giving out free play passes to customers who do a trial run.	ตอนนี้เรากำลังแจกเพลย์พาสฟรี ให้ลูกค้าที่มาทดลองเล่นอยู่นะ
R05-1014	VR Dice & Cube · judge_minigame_sugoroku	Naisu Daisu (?)	Give it a shot sometime!	ลองเล่นดูสักครั้งนะ!
R05-1015	VR Dice & Cube · judge_minigame_sugoroku	Naisu Daisu (?)	And, here's your free play pass for trying it out.	แล้วนี่ก็เพลย์พาสฟรีสำหรับ ที่มาทดลองเล่นวันนี้
R05-1016	VR Dice & Cube · judge_minigame_sugoroku	Naisu Daisu (?)	Hope to see you back soon!	หวังว่าจะได้เจอกันอีกเร็ว ๆ นี้นะ!
