id	bin	EN	TH
13-0001	talk	Yeah right! You were trying to use my girl as a wallet... I know how you host sickos think!	พูดเป็นเล่น! มึงพยายามจะใช้แฟนกูเป็นกระเป๋า เงินต่างหาก... กูรู้ทันพวกโฮสต์วิตถารอย่างมึงดี!
13-0002	talk	No, that wasn't my intention at all!	ไม่ใช่ครับ ผมไม่ได้ตั้งใจแบบนั้นเลย!
13-0003	talk	Bull<font_kind=yakuza_italic>shit</font_kind>! Get ready to enter a world of hurt, motherfucker! 	บ้า<font_kind=yakuza_italic>สิ้นดี</font_kind>! เตรียมเจอนรกได้เลย ไอ้ระยำ!
13-0004	talk	(Hmm... If I help him now, I'll almost certainly lose the contest. But if I don't... then Deguchi will lose several teeth.)	(อืม... ถ้าผมช่วยตอนนี้ ก็แทบจะแพ้การแข่งขันแน่ๆ แต่ถ้าไม่ช่วย... เดกุจิคงต้องเสียฟันไปหลายซี่)
13-0005	talk	(Well, this is my one chance. Sorry, buddy.)	(เอาล่ะ นี่คือโอกาสเดียวของผม ขอโทษด้วยนะเพื่อน)
13-0006	talk	Really, I said I'm sorry...	จริงๆ นะครับ ผมบอกว่าขอโทษแล้วไง...
13-0007	talk	Aww, the poor widdle host said he's sawwy... Well you can shove that apology straight up your ass, 'cause it don't mean shit!	โอ๊ย น้องโฮสต์ตัวน้อยบอกว่า 'ขอโทดนะจ๊ะ' เรอะ... เอาคำขอโทษนั่นไปยัดตูดตัวเองซะเถอะ เพราะมันไม่มีความหมายห่าอะไรทั้งนั้น!
13-0008	talk	(I really shouldn't be ignoring this...)	(ผมไม่ควรจะเมินเรื่องนี้จริงๆ...)
13-0009	talk	Hey, you there.	เฮ้ พี่ครับ
13-0010	talk	You want something, man?	มึงต้องการอะไรวะ?
13-0011	talk	Yeah, that guy's my friend. Sorry if he caused you any trouble.	ครับ ผู้ชายคนนั้นเป็นเพื่อนผมน่ะครับ ขอโทษด้วยนะถ้าเขาทำให้คุณลำบากใจ
13-0012	talk	You think I give a shit if you're <font_kind=yakuza_italic>sorry</font_kind>?	มึงคิดว่ากูจะสนหรือไงวะว่ามึงจะ<font_kind=yakuza_italic>ขอโทษ</font_kind> รึเปล่า?
13-0013	talk	Then what do you suggest?	งั้นคุณจะให้ผมทำยังไงล่ะ?
13-0014	talk	Let me get a few hits on this bastard. And I won't take "no" for an answer.	ให้กูซัดไอ้สารเลวนี่สักสองสาม หมัดก็แล้วกัน แล้วกูไม่รับคำว่า 'ไม่' ด้วยนะ
13-0015	talk	Then try hitting me instead. Bet you won't land a single one.	งั้นลองซัดผมแทนดูสิ พนันได้เลยว่าคุณคงต่อยไม่โดน สักหมัดเดียวหรอก
13-0016	talk	Fine by me. Hope you've written out a last will and testament!	ตามใจกูเลย หวังว่ามึงจะเขียนพินัยกรรมทิ้ง ไว้แล้วนะ!
13-0017	talk	Yeah, somehow... I ended up talking to the wrong girl...	ครับ ไม่รู้เป็นไง... ผมดันไปคุยผิดคนซะได้...
13-0018	talk	But, Yagami-san... that girl you were talking to earlier got scared and took off.	แต่ยากามิซัง... ผู้หญิงที่คุณคุยด้วยเมื่อกี้ ตกใจกลัวแล้ววิ่งหนีไปแล้วครับ
13-0019	talk	Oh crap...	โอ๊ยแย่แล้ว...
13-0020	talk	Agh, it's all my fault. I got us both disqualified, I put you in danger...	อ๊ะ นี่เป็นความผิดผมทั้งหมดเลย ผมทำให้เราสองคนโดะนตัดสิทธิ์ แถมยังทำให้คุณตกอยู่ในอันตรายอีก...
13-0021	talk	Hey, it's fine. You're my client's nephew, after all. I couldn't just let you get hurt.	เฮ้ ไม่เป็นไรหรอก ยังไงนายก็เป็นหลานของลูกความผมนี่นา ผมปล่อยให้นายเจ็บตัวไม่ได้หรอก
13-0022	talk	Yagami-san... You're one badass dude.	ยากามิซัง... คุณนี่มันเจ๋งจริงๆ เลยครับ
13-0023	talk	Let's just get back to Seiya.	กลับไปหาเซยะกันเถอะ
13-0024	talk	So neither of you got a picture, huh? Then I guess that makes this a draw.	งั้นทั้งคู่ก็ไม่ได้รูปกันเลยสินะ ถ้างั้นก็เท่ากับเสมอกันแล้วล่ะ
13-0025	talk	Actually, Seiya-san... Our contest does have a winner.	จริงๆ แล้ว เซยะซัง... การแข่งขันของเรามีผู้ชนะนะครับ
13-0026	talk	It's Yagami-san. He saved me from getting beaten up.	คือยากามิซังครับ เขาช่วยผมไว้จากการโดนซ้อม
13-0027	talk	If he hadn't stopped what he was doing and helped me, I'm sure he would've won.	ถ้าเขาไม่หยุดสิ่งที่กำลังทำ อยู่แล้วมาช่วยผม ผมมั่นใจว่าเขาต้องชนะแน่ๆ
13-0028	talk	Yagami-san, is this true?	ยากามิซัง เรื่องนี้จริงไหม?
13-0029	talk	Well, yeah, I was pretty close...	ก็... ใช่ ผมใกล้จะได้อยู่เหมือนกัน...
13-0030	talk	Then you admit your loss, Deguchi? Think carefully—your dream of being a host is on the line here.	งั้นคุณยอมรับว่าแพ้แล้วสินะ เดกุจิ? คิดให้ดีนะ ความฝันที่จะเป็นโฮสต์ของคุณ กำลังแขวนอยู่บนเส้นด้ายเลยนะ
13-0031	talk	It's cool. I don't want to cause you any more trouble than I already have... I owe you, man!	ไม่เป็นไรครับ ผมไม่อยากสร้างปัญหาให้คุณมากไป กว่านี้แล้ว... ผมติดหนี้บุญคุณคุณนะเนี่ย!
13-0032	talk	You sure about this?	แน่ใจนะเรื่องนี้?
13-0033	talk	Yeah. I'll go work on the tuna boat like I promised. I'm a failure as a host anyway.	ครับ ผมจะไปทำงานบนเรือจับปลาทูน่า ตามที่สัญญาไว้ ยังไงผมก็เป็นโฮสต์ที่ล้มเหลว อยู่ดีแหละ
13-0034	talk	Wait. No one here thinks you're a failure, Deguchi.	เดี๋ยวก่อน ไม่มีใครที่นี่คิดว่าคุณล้มเหลวหรอกนะ เดกุจิ
13-0035	talk	At first, I thought you were just another wannabe who talked big and couldn't back it up. But now I know you really can.	ตอนแรกผมคิดว่าคุณก็แค่อีกคนที่ ปากดีแต่ทำไม่ได้จริง แต่ตอนนี้ผมรู้แล้วว่าคุณทำได้จริงๆ
13-0036	talk	You... You mean that?	คุณ... พูดจริงเหรอครับ?
13-0037	talk	Yeah. And I've been watching you work your magic out there, too. You ended up talking to way more girls than I expected.	ใช่ แล้วผมก็คอยดูคุณใช้เวทมนตร์ของ คุณอยู่ตลอดด้วยนะ คุณไปคุยกับผู้หญิงมากกว่าที่ผม คาดไว้เยอะเลย
13-0038	talk	Well, I know I'm not the best-looking guy, so I figured I'd just talk my ass off until some magic actually happened.	ก็ ผมรู้ตัวว่าหน้าตาไม่ได้หล่อที่สุด เลยคิดว่าต้องพูดจนปากแตกไปเลย จนกว่าเวทมนตร์จะเกิดขึ้นจริงๆ
13-0039	talk	And you kept at it, too. Despite how many times you got rejected.	แล้วคุณก็ไม่ยอมแพ้ด้วย ต่อให้โดนปฏิเสธกี่ครั้งก็ตาม
13-0040	talk	Of course. Even though many of them said horribly crippling things that will scar me for years to come...	ก็แน่นอนครับ ถึงแม้หลายคนจะพูดอะไรร้ายๆ ที่จะติดตาผมไปอีกหลายปีก็ตาม...
13-0041	talk	...None of that really matters as long as my dream is alive! Besides, I'm sure there's at least one girl out there who can appreciate my style.	...แต่ไม่มีอะไรสำคัญเลย ตราบใดที่ความฝันของผมยังไม่ตาย! อีกอย่าง ผมมั่นใจว่าต้องมีผู้หญิงสักคน ที่เห็นคุณค่าในสไตล์ของผมแน่ๆ
13-0042	talk	Not sure where your confidence comes from, but I like that you stick to your guns. You're super enthusiastic, too.	ไม่รู้เหมือนกันว่าความมั่นใจ นั้นมาจากไหน แต่ผมชอบที่คุณยึดมั่นในตัวเอง แบบนั้นนะ แถมยังกระตือรือร้นสุดๆ ด้วย
13-0043	talk	...Yeah, I can see it working. I think that, with a little bit of polish, you could end up being a pretty decent host.	...ใช่ ผมเริ่มเห็นแนวโน้มที่จะไปรอดแล้วล่ะ ผมว่าถ้าขัดเกลาอีกนิดหน่อย คุณอาจจะกลายเป็นโฮสต์ที่ดีได้เลยนะ
13-0044	talk	Then, does that mean...?	งั้นนั่นหมายความว่า...?
13-0045	talk	Yeah. I wouldn't mind talking to the owner for you. What do you think, Yagami-san?	ใช่ ผมไม่ว่าอะไรถ้าจะไปคุยกับ เจ้าของร้านให้คุณ คุณว่ายังไงล่ะ ยากามิซัง?
13-0046	talk	I think you should get on a tuna boat.	ผมว่านายควรไปขึ้นเรือจับปลาทูน่านะ
13-0047	talk	What!? Are you telling me to give up on my dream when it's right in front of me!? That'd be sending me to my death!	อะไรนะ!? คุณจะให้ผมทิ้งความฝันตอนที่มัน อยู่ตรงหน้าแล้วเนี่ยนะ!? นั่นก็เท่ากับส่งผมไปตายชัดๆ!
13-0048	talk	Well, I certainly don't want that...	ก็ ผมไม่ได้อยากให้เป็นแบบนั้นหรอกนะ...
13-0049	talk	I guess as long as you pay your debt to Taniyama-san, it's fine.	ผมว่าตราบใดที่นายใช้หนี้ทานิ ยามะซังคืนให้หมด ก็โอเคแล้วล่ะ
13-0050	talk	Remember, your level of success in this industry is all on you.	จำไว้นะ ความสำเร็จในวงการนี้มัน ขึ้นอยู่กับตัวคุณเองล้วนๆ
13-0051	talk	And there are times being a host is much more difficult than being on a tuna boat.	แล้วบางครั้งการเป็นโฮสต์ก็ยากก ว่าการอยู่บนเรือจับปลา ทูน่าเสียอีก
13-0052	talk	Then I'll just have to give it 110%! No, 120%!	งั้นผมก็ต้องทุ่มเต็มที่ 110% เลย! ไม่สิ 120%!
13-0053	talk	All right. I'll be holding you to that.	ได้เลย ผมจะจับตาดูให้แน่ใจว่าคุณทำตามนั้นนะ
13-0054	talk	Well, Yagami-san... Guess this is it. I dunno what I would've done without you!	เอาล่ะ ยากามิซัง... คงต้องบอกลากันตรงนี้แหละครับ ไม่รู้เหมือนกันว่าถ้าไม่มีคุณ ผมจะทำยังไง!
13-0055	talk	Make sure you explain your situation to your aunt and get her approval, okay?	อย่าลืมอธิบายสถานการณ์ให้ป้านายฟัง แล้วขอให้เธออนุญาตด้วยล่ะ โอเคนะ?
13-0056	talk	You bet I will!	ต้องทำอยู่แล้วครับ!
13-0057	talk	I'll just work my Deguchi magic, and... <font_kind=yakuza_italic>shabooya</font_kind>! She'll see it my way for sure.	ผมจะใช้เวทมนตร์เดกุจิของผม แล้วก็... <font_kind=yakuza_italic>ชาบูย่า</font_kind>! เธอต้องเข้าใจผมแน่นอนครับ
13-0058	talk	Haha, okay, but do you really think it's that simple?	ฮ่าๆ โอเค แต่นายคิดจริงๆ เหรอว่ามันจะง่ายขนาดนั้น?
13-0059	talk	Well, if I can persuade a strict old lady like my aunt, then talking to girls on the street should be a cinch! In theory.	ก็ ถ้าผมโน้มน้าวคุณป้าจอมเข้มงวดได้ การไปคุยกับผู้หญิงตามถนนก็ต้องหมูๆ แน่ๆ! ในทางทฤษฎีนะ
13-0060	talk	Maybe so. Then I hope it all works out for you.	อาจจะใช่ งั้นก็หวังว่าทุกอย่างจะออกมาดี สำหรับนายนะ
13-0061	talk	(The first one back wins. So I'd better not go too far.)	(ใครกลับมาก่อนชนะ ผมไม่ควรเดินไปไกลเกินไปนัก)
13-0062	talk	All right, your order will be ready shortly!	เดี๋ยวอาหารที่สั่งจะเสร็จ ในไม่ช้าครับ!
13-0063	talk	So, how's the food treating you?	อาหารเป็นยังไงบ้างครับ?
13-0064	talk	Oh, it was delicious.	อ้อ อร่อยมากเลยครับ
13-0065	talk	Awesome. I'm really glad to hear that!	เยี่ยมเลยครับ! ดีใจมากที่ได้ยินแบบนั้น!
13-0066	talk	Just so you know, we use a special method called fresh-aging to prepare our steaks without them ever seeing a freezer.	ขอบอกไว้ก่อนนะครับว่าเราใช้ วิธีพิเศษที่เรียกว่าเฟรช เอจจิ้งในการเตรียมสเต๊ก โดยไม่ผ่านตู้แช่แข็งเลยสักครั้ง
13-0067	talk	No wonder they're so soft and succulent.	มิน่าล่ะถึงได้นุ่มและฉ่ำขนาดนี้
13-0068	talk	Not only that, but our beef undergoes a rigorous selection process to ensure that only the best reaches your table!	ไม่ใช่แค่นั้นครับ เนื้อของเรายังผ่านกระบวนการ คัดสรรอย่างเข้มงวด เพื่อให้มั่นใจว่ามีแต่เนื้อที่ ดีที่สุดเท่านั้นที่ มาถึงโต๊ะของคุณ!
13-0069	talk	Even though the prices are so cheap?	ทั้งที่ราคาถูกขนาดนี้เลยเหรอครับ?
13-0070	talk	Absolutely! We do our utmost best to serve our customers the highest quality meat for the lowest possible price!	แน่นอนครับ! เราทำเต็มที่สุดความสามารถเพื่อ เสิร์ฟเนื้อคุณภาพ สูงสุดในราคาที่ต่ำที่สุดเท่า ที่จะทำได้ให้กับลูกค้า!
13-0071	talk	Wow, that's pretty neat.	โห เจ๋งดีเหมือนกันนะครับเนี่ย
13-0072	talk	*huff* P-President Ichinose! *huff* So this is where you've been...	*หอบ* ท-ท่านประธานอิจิโนเสะ! *หอบ* ที่แท้ก็มาอยู่ตรงนี้เอง...
13-0073	talk	It's almost time for your meeting, so please come back to the office!	ใกล้ถึงเวลาประชุมของท่านแล้วครับ กรุณากลับไปที่ออฟฟิศด้วยครับ!
13-0074	talk	Oh, Motomura-kun. It's that time already?	อ้อ โมโตมุระคุง ถึงเวลานั้นแล้วเหรอ?
13-0075	talk	...Wait, you're the guy who runs this place!?	...เดี๋ยวนะ คุณคือคนที่บริหารร้านนี้เหรอครับ!?
13-0076	talk	Ah, yes. I apologize for not mentioning it sooner.	อ้อ ใช่ครับ ต้องขอโทษด้วยที่ไม่ได้บอกไป ก่อนหน้านี้
13-0077	talk	I'm Kunio Ichinose, and yes, I do run Ikinari Steak.	ผมชื่อคุนิโอะ อิจิโนเสะ และใช่ครับ ผมเป็นคนบริหารร้านอิคินาริสเต๊กเอง
13-0078	talk	Wow, the president of the whole franchise... What are you doing here, then?	โห ประธานของทั้งแฟรนไชส์เลยเหรอครับ... แล้วมาทำอะไรอยู่ที่นี่ล่ะครับเนี่ย?
13-0079	talk	"Let customers be the judge!" is what I've always lived by, so I came to get a feel for how this place is running.	'ให้ลูกค้าเป็นผู้ตัดสิน!' คือสิ่งที่ผมยึดถือมาตลอด ผมเลยแวะมาดูด้วยตัวเองว่าร้าน นี้บริหารเป็นยังไงบ้าง
13-0080	talk	Gotcha. I knew you weren't just another employee.	เข้าใจแล้วครับ รู้อยู่แล้วว่าคุณไม่ใช่พนักงาน ธรรมดาแน่ๆ
13-0081	talk	Pardon me, but... we really should get going, sir.	ขออภัยนะครับ แต่... เราควรจะไปได้แล้วจริงๆ ครับท่าน
13-0082	talk	Ah, that's right. Sorry, sorry.	อ้อ จริงด้วย ขอโทษที ขอโทษที
13-0083	talk	By the way, what's your name?	ว่าแต่ คุณชื่ออะไรเหรอครับ?
13-0084	talk	Yagami-san, I appreciate you dining with us today.	ยากามิซัง ขอบคุณมากที่มาทานอาหารกับเรา วันนี้นะครับ
13-0085	talk	Please come back and enjoy our steaks again!	แล้วกลับมาลิ้มลองสเต๊กของเรา อีกนะครับ!
13-0086	talk	Definitely.	แน่นอน
13-0087	talk	(To think I met the president of the franchise...)	(ไม่คิดเลยว่าจะได้เจอประธานของ แฟรนไชส์แบบนี้...)
13-0088	talk	Oh, Yagami-san, it's good to see you again!	อ้อ ยากามิซัง ดีใจที่ได้เจอกันอีกนะครับ!
13-0089	talk	Good to see you too, President Ichinose. Are you here to supervise again?	ดีใจที่ได้เจอเหมือนกันครับ ท่านประธานอิจิโนเสะ มาตรวจร้านอีกแล้วเหรอครับ?
13-0090	talk	That's right. After all, my management philosophy has always been...	ใช่แล้วครับ ก็อย่างที่รู้ ปรัชญาการบริหารของผมคือ...
13-0091	talk	..."Let customers be the judge," wasn't it?	..."ให้ลูกค้าเป็นผู้ตัดสิน" ใช่ไหมครับ?
13-0092	talk	Bingo! You got it word for word!	ถูกต้องเลยครับ! จำได้แม่นทุกคำเชียว!
13-0093	talk	Let me ask you something. When you think of a successful manager, what qualities come to mind?	ขอถามอะไรหน่อยนะครับ เวลาคุณนึกถึงผู้จัดการที่ ประสบความสำเร็จ คุณนึกถึงคุณสมบัติแบบไหน?
13-0094	talk	A successful manager, huh? Hmm, let me think here...	ผู้จัดการที่ประสบความสำเร็จเหรอครับ? อืม ขอคิดดูก่อนนะ...
13-0095	talk	I'd have to say a manager who makes the most profit. That is the bottom line in business, after all.	ผมว่าน่าจะเป็นผู้จัดการที่ ทำกำไรได้มากที่สุดครับ เพราะยังไงนั่นก็คือหัวใจของ ธุรกิจอยู่แล้ว
13-0096	talk	I'd have to say a manager with authority. You don't just get that kind of position without the character to back it up.	ผมว่าน่าจะเป็นผู้จัดการที่ มีอำนาจบารมีครับ เพราะจะได้ตำแหน่งแบบนั้นมา ก็ต้องมีคาแรกเตอร์รองรับจริงๆ
13-0097	talk	I'd have to say a manager with a lot of people under him. It makes you feel like you've climbed the corporate ladder.	ผมว่าน่าจะเป็นผู้จัดการที่มี ลูกน้องเยอะๆ ครับ มันทำให้รู้สึกเหมือนไต่บันได องค์กรขึ้นมาได้สำเร็จ
13-0098	talk	I'd have to say a manager who can create something both innovative and useful. Not everyone has that kind of mind.	ผมว่าน่าจะเป็นผู้จัดการที่ สร้างสรรค์สิ่งใหม่ๆ ที่เป็นประโยชน์ได้ครับ ไม่ใช่ทุกคนที่จะมีหัวคิดแบบนั้น
13-0099	talk	Well, when I think of what a successful manager should be...	ส่วนตัวผม เวลานึกถึงผู้จัดการที่ ประสบความสำเร็จควรจะเป็นแบบไหน...
13-0100	talk	I think of someone who puts the customer first.	ผมนึกถึงคนที่ให้ลูกค้าเป็น อันดับแรกเสมอ
13-0101	talk	For example, we've created a restaurant that doesn't make the customer choose between quality or affordability.	ยกตัวอย่างเช่น เราสร้างร้านอาหารที่ไม่ต้องให้ ลูกค้าเลือกระหว่าง คุณภาพกับราคาที่จับต้องได้
13-0102	talk	Instead, we give the customer both, and that way the customers win both ways!	แต่เรามอบทั้งสองอย่างให้ลูกค้าเลย แบบนี้ลูกค้าถึงจะได้ทั้งสองต่อ!
13-0103	talk	You're right. That is a good deal.	จริงด้วยครับ นี่มันคุ้มสุดๆ เลย
13-0104	talk	And if our customers feel like they're being put first, then they'll keep coming back.	แล้วถ้าลูกค้ารู้สึกว่าตัวเอง ถูกให้ความสำคัญเป็นอันดับแรก พวกเขาก็จะกลับมาอีกเรื่อยๆ
13-0105	talk	What that means is if our customers win, then as far as I'm concerned, so do we.  	นั่นหมายความว่าถ้าลูกค้าชนะ สำหรับผมแล้วก็เท่ากับเราชนะ ด้วยเหมือนกัน
13-0106	talk	That's been my philosophy since our restaurant first began.	นี่คือปรัชญาของผมมาตั้งแต่ร้าน เราเปิดตัวครั้งแรกเลยครับ
13-0107	talk	And that's a great philosophy to have. No wonder they made you president.	และนั่นก็เป็นปรัชญาที่ ยอดเยี่ยมมากเลยครับ มิน่าล่ะถึงได้ขึ้นมาเป็นประธาน
13-0108	talk	Hahaha, what can I say?	ฮ่าๆๆ จะให้พูดว่ายังไงดีล่ะครับ?
13-0109	talk	*pant* P-President Ichinose! You're here again?	*หอบ* ท-ท่านประธานอิจิโนเสะ! มาอยู่ที่นี่อีกแล้วเหรอครับ?
13-0110	talk	It's almost time for your meeting, remember? We need to get back to the office right away!	ใกล้ถึงเวลาประชุมแล้วนะครับ จำได้ไหม เราต้องรีบกลับไปที่ออฟฟิศ เดี๋ยวนี้เลยครับ!
13-0111	talk	Oh, Motomura-kun. It's that time already? Sorry to make you rush.	อ้าว โมโตมูระคุง ถึงเวลานั้นแล้วเหรอ ขอโทษที่ทำให้ต้องรีบนะ
13-0112	talk	I'll be leaving now, Yagami-san, so I hope to see you again soon!	ผมขอตัวไปก่อนนะ ยากามิซัง หวังว่าจะได้เจอกันอีกเร็ว ๆ นี้!
13-0113	talk	Yeah, same here.	ครับ ผมก็เช่นกัน
13-0114	talk	(A successful manager is one who puts his customers first... that way both parties win. Sounds like a great president.)	(ผู้จัดการที่ประสบความสำเร็จคือ คนที่เอาลูกค้าเป็นที่หนึ่ง... แบบนั้นทั้งสองฝ่ายถึงจะได้ประโยชน์ ฟังดูเหมือนประธานที่เก่งจริง ๆ)
13-0115	talk	You're Yagami-san, yes? I just wanted to say thank you for talking to the president whenever he's here.	คุณคือยากามิซังใช่ไหมครับ? ผมแค่อยากขอบคุณที่คอยคุยกับ ท่านประธานทุกครั้งที่ท่าน แวะมาที่นี่
13-0116	talk	Umm, you were...	เอ่อ คุณคือ...
13-0117	talk	Muramoto-san?	มูระโมโตะซังใช่ไหม?
13-0118	talk	...I'm Motomura. President Ichinose's secretary.	...ผมชื่อโมโตมูระครับ เลขาฯ ของท่านประธานอิจิโนเสะ
13-0119	talk	Right, right, Motomura-san. You're always rushing in here to find the president even though you're nearly out of breath.	อ๋อ ใช่ ๆ โมโตมูระซัง คุณวิ่งเข้ามาหาประธานที่นี่ ทุกทีจนแทบหอบเลยนะ
13-0120	talk	Motomura-san?	โมโตมูระซังใช่ไหม?
13-0121	talk	That's right, I'm President Ichinose's secretary.	ใช่ครับ ผมเป็นเลขาฯ ของท่านประธานอิจิโนเสะ
13-0122	talk	You're always rushing in here to find the president even though you're nearly out of breath.	คุณวิ่งเข้ามาหาประธานที่นี่ ทุกทีจนแทบหอบเลยนะ
13-0123	talk	Motobayashi-san?	โมโตบายาชิซังใช่ไหม?
13-0124	talk	Murabayashi-san?	มูระบายาชิซังใช่ไหม?
13-0125	talk	Yes, the president is a very... diligent man who often vists the stores to check up on them.	ครับ ท่านประธานเป็นคนที่... ขยันมากจริง ๆ ชอบแวะไปตรวจร้านสาขาต่าง ๆ อยู่บ่อย ๆ
13-0126	talk	Is that so? What a hardworking guy.	งั้นเหรอ ขยันจริง ๆ ด้วย
13-0127	talk	Wait, you're by yourself today, Motomura-san?	เดี๋ยวนะ วันนี้มาคนเดียวเหรอ โมโตมูระซัง?
13-0128	talk	Yes, I am. The president told me I should watch and observe as well... He said I might learn something.	ใช่ครับ ท่านประธานบอกให้ผมมาดูและ สังเกตการณ์ด้วย... ท่านบอกว่าผมอาจได้เรียนรู้อะไร บางอย่าง
13-0129	talk	That's why I've been standing here like this all day long.	เพราะแบบนี้ผมถึงยืนอยู่ตรงนี้ ทั้งวันเลยครับ
13-0130	talk	Hmm. I wonder why he'd tell you something like that.	อืม สงสัยจังว่าทำไมท่านถึงบอกอะไรแบบนั้น
13-0131	talk	Beats me... All I know is I don't have time to be loafing around here like this...	ผมก็ไม่รู้เหมือนกัน... รู้แต่ว่าผมไม่มีเวลามาเดินเล่น เฉื่อยชาแบบนี้หรอกนะ...
13-0132	talk	If I'm not around, then who's gonna manage the president's busy schedule? Only I have the knowhow to make it all work.	ถ้าผมไม่อยู่ ใครจะจัดตารางงานยุ่ง ๆ ของท่านประธานล่ะ มีแต่ผมเท่านั้นที่รู้วิธีทำให้ ทุกอย่างลงตัว
13-0133	talk	Sounds like planning the president's every move is more complex than it would seem.	ฟังดูเหมือนการวางแผนทุกฝีก้าว ของท่านประธานจะซับซ้อน กว่าที่คิดนะ
13-0134	talk	Yeah, and thanks to me, the company's still running in the first place... *sigh*	ใช่ครับ แล้วก็ต้องขอบคุณผมด้วยที่ บริษัทยังดำเนินต่อไปได้ ตั้งแต่แรก... *ถอนหายใจ*
13-0135	talk	Motomura-kun. I'm sorry, but you're mistaken.	โมโตมูระคุง ขอโทษด้วยนะ แต่คุณเข้าใจผิดแล้วล่ะ
13-0136	talk	...Huh? That voice...	...หืม? เสียงนี้...
13-0137	talk	Whoa! Since when did you get here!?	โห! มาตั้งแต่เมื่อไหร่เนี่ย!?
13-0138	talk	Motomura-kun, haven't you heard this saying?	โมโตมูระคุง เคยได้ยินคำพูดนี้ไหม?
13-0139	talk	"To whom you owe your gratitude can be cause for peace or strife."	"ผู้ซึ่งท่านติดค้างบุญคุณอยู่นั้น อาจเป็นได้ทั้งต้นเหตุแห่งสันติ หรือศึกสงคราม"
13-0140	talk	Do you understand the meaning behind this, Motomura-kun?	เข้าใจความหมายที่ซ่อนอยู่ในนี้ไหม โมโตมูระคุง?
13-0141	talk	To whom you owe... Who even says "whom" these days?	"ผู้ซึ่ง"... เดี๋ยวนี้ยังมีใครพูดคำว่า "ผู้ซึ่ง" กันอยู่อีกเหรอ?
13-0142	talk	You see, Motomura-kun, I appreciate your hard work every day. You always go above and beyond.	คือแบบนี้นะ โมโตมูระคุง ผมซาบซึ้งกับความตั้งใจทำงานของ คุณทุกวันเลย คุณทุ่มเทเกินร้อยตลอดมา
13-0143	talk	Thank you for that.	ขอบคุณมากนะ
13-0144	talk	N-No, it's my pleasure.	ไ-ไม่หรอกครับ ผมยินดีอยู่แล้ว
13-0145	talk	...But you shouldn't only credit yourself, either.	...แต่คุณก็ไม่ควรยกความดีให้ ตัวเองฝ่ายเดียวเหมือนกันนะ
13-0146	talk	Gratitude is best when shared with others, not only kept for yourself.	ความรู้สึกขอบคุณนั้นดีที่สุด เมื่อแบ่งปันให้คนอื่นด้วย ไม่ใช่เก็บไว้คนเดียว
13-0147	talk	You mustn't forget about everyone else who makes this business possible.	อย่าลืมคนอื่น ๆ ที่ทำให้ธุรกิจนี้เป็นไปได้ล่ะ
13-0148	talk	I wanted you to realize this by looking at the way our staff members work...	ผมอยากให้คุณตระหนักถึงเรื่องนี้ ด้วยการดูวิธีที่พนักงานของเราทำงาน...
13-0149	talk	...You're right. Lately I've just felt so busy that all I could focus on was myself... Sorry for what I said.	...ท่านพูดถูกครับ ช่วงนี้ผมยุ่งจนโฟกัสอยู่แต่กับตัวเอง... ขอโทษด้วยกับสิ่งที่พูดไป
13-0150	talk	Oh, there's no need to apologize! I'm just glad you understand where I'm coming from.	โธ่ ไม่ต้องขอโทษหรอก! ผมแค่ดีใจที่คุณเข้าใจสิ่งที่ผม พยายามจะสื่อ
13-0151	talk	Yes. From here on out, I'll be turning over a new leaf.	ครับ ต่อจากนี้ไปผมจะเริ่มต้นใหม่
13-0152	talk	Indeed you will! That's why I'm having you relocate to this branch for a month, effective today!	แน่นอนอยู่แล้ว! เพราะแบบนั้นผมจะให้คุณย้ายมา ประจำสาขานี้หนึ่งเดือน มีผลตั้งแต่วันนี้เลย!
13-0153	talk	Okay, I'll—	ครับ ผมจะ—
13-0154	talk	...Wait, whaaaat!?	...เดี๋ยวนะ อะไรนาาาา!?
13-0155	talk	Remember how inspired you were today? That passion will help you survive the monotonous hell that is customer service!	จำความฮึกเหิมที่คุณรู้สึก วันนี้ได้ไหม? แรงบันดาลใจนั้นแหละจะช่วยให้ คุณรอดจากนรกอันซ้ำซากของ งานบริการลูกค้าได้!
13-0156	talk	Besides, working like this builds character! Wouldn't you agree?	แถมการทำงานแบบนี้ยังช่วย หล่อหลอมนิสัยด้วยนะ เห็นด้วยไหมล่ะ?
13-0157	talk	...More like build stress.	...หล่อหลอมความเครียดมากกว่ามั้ง
13-0158	talk	I learned a lot from you, President Ichinose. Gratitude is best shared with others... Those are wise words.	ผมได้เรียนรู้อะไรจากท่านเยอะเลยครับ ท่านประธานอิจิโนเสะ ความขอบคุณจะดีที่สุดเมื่อ แบ่งปันให้คนอื่น... เป็นคำพูดที่ลึกซึ้งจริง ๆ
13-0159	talk	Ah, it's little more than common sense.	อ้อ มันก็แค่สามัญสำนึกทั่ว ๆ ไปน่ะ
13-0160	talk	Now that Motomura-kun has learned this for himself, I'm sure it will refine his character a bit.	ตอนนี้โมโตมูระคุงได้เรียน รู้เรื่องนี้ด้วยตัวเองแล้ว ผมมั่นใจว่ามันจะช่วยขัดเกลา นิสัยของเขาได้ไม่มากก็น้อย
13-0161	talk	Mm, I think so too.	ครับ ผมก็คิดแบบนั้นเหมือนกัน
13-0162	talk	This may sound odd, but I sometimes see myself as a parent rather than a president.	อาจฟังดูแปลกนะ แต่บางทีผมก็มองตัวเองเป็น เหมือนพ่อมากกว่าเป็นประธานเสีย อีก
13-0163	talk	Not only do I want my employees to be happy with what they do, but I also want to see them mature and grow as people...	ผมไม่ได้อยากให้พนักงานแค่ มีความสุขกับงานที่ทำอย่างเดียว แต่อยากเห็นพวกเขาเติบโตเป็นคน ที่ดีขึ้นด้วย...
13-0164	talk	Though I'm sure not all of them feel the same way. Ha ha ha!	ถึงแม้ผมจะมั่นใจว่าไม่ใช่ทุกคน จะรู้สึกแบบเดียวกันหรอกนะ ฮ่า ฮ่า ฮ่า!
13-0165	talk	Well I'd say it's fine either way.	ผมว่าจะรู้สึกยังไงก็ไม่เป็นไรนะครับ
13-0166	talk	Thanks, Yagami-san.	ขอบคุณนะ ยากามิซัง
13-0167	talk	...Oh <font_kind=yakuza_italic>that's</font_kind> not good!!	...โอ้ นี่มัน<font_kind=yakuza_italic>ไม่ดี</font_kind>เลย!!
13-0168	talk	What happened!?	เกิดอะไรขึ้น!?
13-0169	talk	I forgot! I have an important meeting today!	ผมลืมไปเลย! วันนี้มีประชุมสำคัญด้วย!
13-0170	talk	Motomura-kun usually keeps track of my schedule...	ปกติโมโตมูระคุงจะเป็นคนคอยดู ตารางงานให้ผม...
13-0171	talk	Maybe he really is the driving force of the company!	บางทีเขาอาจเป็นแรงขับเคลื่อน ตัวจริงของบริษัทก็ได้นะ!
13-0172	talk	Ahaha...	อาฮ่าฮ่า...
13-0173	talk	Well, see you later, Yagami-san! Oh, and please come back and enjoy our steaks again!	เอาล่ะ แล้วเจอกันนะ ยากามิซัง! อ้อ แล้วก็แวะมากินสเต๊กร้านเราอีกนะ!
13-0174	talk	Sure thing. Take care.	ได้ครับ รักษาตัวด้วยนะครับ
13-0175	talk	(There he goes... He really had a strong presence about him. Hope he gets to his meeting in time.)	(ไปแล้วสินะ... เขามีออร่าที่แรงจริง ๆ หวังว่าจะไปประชุมทันเวลานะ)
13-0176	talk	(Now I'd better be careful where I place my gratitude... Well, I'm thankful for these steaks, for one.)	(คราวนี้ต้องระวังให้ดีว่าจะ ขอบคุณใครกันแน่... แต่ยังไงผมก็ขอบคุณสเต๊กพวกนี้แหละนะ)
13-0177	talk	Hey everyooooone! Sorry to interrupt, but I have an important announcemeeeent!	ทุกคนจ๊ะ! ขอโทษที่มาขัดจังหวะนะ แต่ฉันมีเรื่องประกาศสำคัญมาบอก!
13-0178	talk	My name is Yurika Tachibana, and I have some exciting news!	ชื่อยูริกะ ทาชิบานะ และมีข่าวน่าตื่นเต้นมาบอก!
13-0179	talk	If you're a mahjong lover, then you might just wanna stick around!	ถ้าใครรักมาจองล่ะก็ อยู่ฟังกันต่อดีกว่านะ!
13-0180	talk	The all-new Tachibana Mahjong has officially opened their doors to the public! So come on down to Nakamichi Alley!	ทาชิบานะมาจองร้านใหม่เอี่ยม เปิดให้บริการอย่าง เป็นทางการแล้วค่ะ! แวะมาที่ซอยนากามิชิได้เลยนะ!
13-0181	talk	Not only can you enjoy the thrill of fast-paced, high-level mahjong, you can even play with the exciting Wear Me rule!	ไม่ใช่แค่ได้สนุกกับมาจองจังหวะ เร็วระดับสูงเท่านั้นนะ แต่ยังได้เล่นกติกาสุดตื่นเต้นอย่าง "Wear Me" ด้วย!
13-0182	talk	So, I hope y'all stop by and play a game at our place sometime! Tee-hee!	ก็เลยหวังว่าทุกคนจะแวะมาเล่น ที่ร้านเราสักครั้งนะคะ! หิ หิ!
13-0183	talk	We'll be waaaaiting!	รอออออยู่นะจ๊ะ!
13-0184	talk	(A new mahjong parlor at Nakamichi Alley, huh... What is this "Wear Me" rule, though?)	(ร้านมาจองใหม่ที่ซอยนากามิชิเหรอ... แต่กติกา "Wear Me" นี่มันคืออะไรกันนะ?)
13-0185	talk	(I should check it out sometime...)	(น่าจะลองไปดูสักครั้งนะ...)
13-0186	talk	(...But man, that girl sure has guts, walking into a rival store and blatantly advertising her own like that...)	(...แต่ต้องยอมรับว่าผู้หญิงคนนั้น กล้าจริง เดินเข้ามาในร้านคู่แข่งแล้ว โฆษณาร้านตัวเองโจ่งแจ้งขนาดนี้...)
13-0187	talk	Oh, you're the girl that came to the mahjong parlor the other day...	อ้าว คุณคือผู้หญิงที่มาที่ร้านมาจอง เมื่อวันก่อนนี่นา...
13-0188	talk	That's right! Yurika Tachibana, at your service!	ใช่แล้วค่ะ! ยูริกะ ทาชิบานะ ยินดีให้บริการเลยค่ะ!
13-0189	talk	Yurika! Eureka! You found meeeee! ♪	ยูริกะ! ยูเรก้า! เจอฉันแล้วน้าาา! ♪
13-0190	talk	Hey, don't just ignore me!	เฮ้ย อย่าเมินฉันสิ!
13-0191	talk	You... had mentioned something about a new mahjong parlor?	คุณ... เคยพูดถึงร้านมาจองใหม่ใช่ไหม?
13-0192	talk	Oh! Yes, there is! It's called Tachibana Mahjong! Please, please, come on in!	อ๋อ! ใช่ค่ะ มีจริง! ชื่อทาชิบานะมาจองค่ะ! เชิญ เชิญเข้ามาเลยค่ะ!
13-0193	talk	Wow, it looks pretty fancy in here.	โห ข้างในดูหรูเชียวนะ
13-0194	talk	Hehe, why thank you!	เฮฮ่า ขอบคุณนะคะ!
13-0195	talk	You said you can play using a special rule here? Wear Me, wasn't it?	บอกว่าที่นี่เล่นด้วยกติกาพิเศษ ได้ใช่ไหม Wear Me ใช่หรือเปล่า?
13-0196	talk	Yes! It's actually called "wareme." The one who breaks the wall will pay and receive double.	ใช่ค่ะ! จริง ๆ แล้วมันชื่อว่า "วาเระเมะ" คนที่ทำให้กำแพงไพ่แตกจะต้อง จ่ายและได้รับเป็นสองเท่าค่ะ
13-0197	talk	Double! So it's a high-risk, high-return rule. Sounds interesting.	สองเท่าเลยเหรอ! งั้นก็เป็นกติกาเสี่ยงสูงได้ ผลตอบแทนสูงสินะ ฟังดูน่าสนใจ
13-0198	talk	Maybe I should try it out...	บางทีผมน่าจะลองดูสักครั้ง...
13-0199	talk	Yes, you should! And after you win, you can teach me some of your super-special-awesome moves!	ใช่แล้วค่ะ ควรลองเลย! แล้วพอชนะแล้ว ช่วยสอนมูฟสุดพิเศษสุดเจ๋งของ คุณให้ฉันบ้างนะ!
13-0200	talk	Uh... sure? I wouldn't mind explaining them, at least.	เอ่อ... ได้มั้ง? อย่างน้อยผมก็ไม่ว่าอะไรถ้าจะ อธิบายให้ฟัง
13-0201	talk	Good, 'cause a lot of these mahjong terms have, like, uber hard-to-pronounce words. So I just make up names for them.	ดีเลยค่ะ เพราะศัพท์มาจองพวกนี้มัน ออกเสียงยากมาก ๆ เลยนะ ฉันเลยตั้งชื่อเรียกเอาเองซะเลย
13-0202	talk	Haha, well, I can get behind that.	ฮ่าฮ่า เออ ผมเข้าใจเลยนะ
13-0203	talk	Tee-hee, I'm so glad you understand me!	หิ หิ ดีใจจังที่คุณเข้าใจฉัน!
13-0204	talk	Oh, and may I have your name?	อ้อ แล้วขอทราบชื่อได้ไหมคะ?
13-0205	talk	Yagami-san, got it! I hope we can be good friends!	ยากามิซัง ได้ค่ะ! หวังว่าเราจะเป็นเพื่อนที่ดีต่อกันนะ!
13-0206	talk	Whenever you want to play, go talk to the people sitting at the tables.	เมื่อไหร่อยากเล่น ก็ไปคุยกับคนที่นั่งอยู่ตามโต๊ะ ได้เลยนะคะ
13-0207	talk	So how's the Wear Me rule treatin' you?	แล้วกติกา Wear Me เป็นยังไงบ้างคะ?
13-0208	talk	Oh, Yurika-chan. It's actually really exciting. Thrilling, even.	อ้อ ยูริกะจัง มันสนุกมากเลยจริง ๆ นะ ตื่นเต้นเลยด้วยซ้ำ
13-0209	talk	Reeeaaally? I'm so glad to hear it!	จริงเหรอออคะ? ดีใจที่ได้ยินแบบนี้จัง!
13-0210	talk	I really wanna see you win with "wareme."	ฉันอยากเห็นคุณชนะด้วย "วาเระเมะ" จริง ๆ เลยนะคะ
13-0211	talk	Haha, okay. I'll do my best.	ฮ่าฮ่า โอเค ผมจะทำให้เต็มที่
13-0212	talk	Then I'll be looking forward to it! Please come agaaain!	งั้นฉันจะรอลุ้นเลยนะคะ! แวะมาอีกนะคะ!
13-0213	talk	Yagami-san, you did it! You're amazing!	ยากามิซัง ทำได้แล้ว! สุดยอดไปเลยค่ะ!
13-0214	talk	What can I say, I was just having a good time.	จะให้พูดยังไงดี ผมแค่สนุกไปกับมันน่ะ
13-0215	talk	You're really good at mahjong, though! That's so cool!	แต่คุณเก่งมาจองจริง ๆ นะ! เท่มากเลยค่ะ!
13-0216	talk	Nah, I just got lucky.	เปล่าหรอก แค่โชคดีน่ะ
13-0217	talk	Now now, don't be so modest.	ไม่เอาน่า อย่าถ่อมตัวไปหน่อยเลยค่ะ
13-0218	talk	Next time, can you win with a Pin Who?	คราวหน้าลองชนะด้วย "พินอู๊ย" ได้ไหมคะ?
13-0219	talk	Pin Who...?	"พินอู๊ย"...?
13-0220	talk	Yeah! It's an "all sequences hand" that's worth 0 "fu." Welp, I'm looking forward to it!	ใช่ค่ะ! มันคือ "มือไพ่เรียงล้วน" ที่ได้แต้ม "ฟุ" 0 แต้ม เอาล่ะ ฉันรอดูอยู่นะคะ!
13-0221	talk	Amazing, Yagami-san! You totally did the Pin Who!	สุดยอดค่ะ ยากามิซัง! ทำ "พินอู๊ย" ได้จริง ๆ ด้วย!
13-0222	talk	I think you mean "pinfu."	ผมว่าคุณหมายถึง "มือไร้แต้ม" มากกว่านะ
13-0223	talk	Aww, come on. Isn't Pin Who more catchy?	เอ๊า ไม่เอาน่า "พินอู๊ย" ติดหูกว่าไม่ใช่เหรอคะ?
13-0224	talk	I'd say it's more painful.	ผมว่ามันน่าจะ "อู๊ย" มากกว่านะ
13-0225	talk	Well, to each his own! I guess you learn something new every day, though!	ก็แล้วแต่คนนะคะ! แต่ก็ได้เรียนรู้อะไรใหม่ ๆ ทุกวันเลยเนอะ!
13-0226	talk	Please take this as a thank-you present!	รับของขวัญขอบคุณชิ้นนี้ไปด้วยนะคะ!
13-0227	talk	Yagami-san, can you do a Toy Toy next?	ยากามิซัง คราวหน้าลองทำ "ต้อยต้อย" ได้ไหมคะ?
13-0228	talk	Toy Toy?	"ต้อยต้อย" เหรอ?
13-0229	talk	Yeah! It's also referred to as "all triplets." At least I know that much!	ใช่ค่ะ! หรือเรียกอีกอย่างว่า "ไพ่สามใบล้วน" ก็ได้ค่ะ อย่างน้อยฉันก็รู้แค่นี้แหละ!
13-0230	talk	Yagami-san, make sure to win with a Pin Who next time!	ยากามิซัง คราวหน้าต้องชนะด้วย "พินอู๊ย" ให้ได้นะคะ!
13-0231	talk	Amazing, Yagami-san! You actually did the Toy Toy!	สุดยอดค่ะ ยากามิซัง! ทำ "ต้อยต้อย" ได้จริง ๆ ด้วย!
13-0232	talk	I think going with "all triplets" is a lot easier to understand.	ผมว่าเรียกว่า "ไพ่สามใบล้วน" มันเข้าใจง่ายกว่าเยอะนะ
13-0233	talk	Huh? You really think so?	หืม? คุณคิดแบบนั้นจริง ๆ เหรอคะ?
13-0234	talk	Ehehe. Well. Since you fulfilled my request, I'll give you this as a present!	เอเฮะเฮะ ก็ได้ค่ะ ในเมื่อคุณทำตามคำขอของฉันได้แล้ว ฉันจะให้ของขวัญชิ้นนี้!
13-0235	talk	Yagami-san, please do a Honey Sue next!	ยากามิซัง คราวหน้าลองทำ "หงส์อิ๊ด" ให้ดูหน่อยนะคะ!
13-0236	talk	Honey Sue?	"หงส์อิ๊ด" เหรอ?
13-0237	talk	Yeah! Another word for it would be "half flush." Does that help?	ใช่ค่ะ! อีกชื่อหนึ่งก็คือ "ฟลัชครึ่ง" ค่ะ พอช่วยได้ไหมคะ?
13-0238	talk	Yagami-san, can you do a Toy Toy next? Or... all triplets. Whatever.	ยากามิซัง คราวหน้าทำ "ต้อยต้อย" ได้ไหมคะ? หรือ... "ไพ่สามใบล้วน" ก็ได้ แล้วแต่เลยค่ะ
13-0239	talk	Amazing, Yagami-san! You totally did a Honey Sue!	สุดยอดค่ะ ยากามิซัง! ทำ "หงส์อิ๊ด" ได้จริง ๆ ด้วย!
13-0240	talk	...It's "honitsu."	...มันคือ "ฮงอิตสึ" ต่างหาก
13-0241	talk	Darn! I knew you wouldn't like it!	แหง! รู้อยู่แล้วว่าคุณต้องไม่ชอบ!
13-0242	talk	Haha, well, your nicknames are pretty funny. I think you should keep using them.	ฮ่าฮ่า ก็ชื่อเล่นที่คุณตั้งมันตลกดีนะ ผมว่าคุณใช้ต่อไปเลยก็ได้
13-0243	talk	Tee-hee. Well, since you handled my request, I'll give you a li'l present!	หิ หิ ก็ได้ค่ะ ในเมื่อคุณทำตามคำขอของฉันแล้ว ฉันจะให้ของขวัญเล็ก ๆ น้อย ๆ!
13-0244	talk	Yagami-san! Please do a Churning Potato next!	ยากามิซัง! คราวหน้าลองทำ "ชูรินโปเตโต้" ให้ดูหน่อยนะคะ!
13-0245	talk	Churning Potato?	"ชูรินโปเตโต้" เหรอ?
13-0246	talk	Yeah! Another word for it is "nine gates." At least I know that much!	ใช่ค่ะ! อีกชื่อหนึ่งก็คือ "เก้าประตู" ค่ะ อย่างน้อยฉันก็รู้แค่นี้แหละ!
13-0247	talk	Yagami-san, please win with a Honey Sue! Or "honitsu"! Whatever you wanna call it!	ยากามิซัง ชนะด้วย "หงส์อิ๊ด" ให้ได้นะคะ! หรือจะเรียก "ฮงอิตสึ" ก็ได้ แล้วแต่คุณเลยค่ะ!
13-0248	talk	Wow! That really was a Churning Potato! Amazeballs!	ว้าว! นั่นมัน "ชูรินโปเตโต้" จริง ๆ ด้วย! สุดปังไปเลยค่ะ!
13-0249	talk	You mean a "chuuren poutou." More importantly, I need to visit a temple or something...	คุณหมายถึง "ชูเร็นโปโต" ต่างหาก แต่เรื่องสำคัญกว่านั้นคือ ผมต้องไปวัดหรืออะไรสักอย่างแล้วล่ะ...
13-0250	talk	Nine Gates is a really rare hand. You need to use up all the luck you have in order to get it...	เก้าประตูเป็นมือไพ่หายากมาก ต้องใช้โชคทั้งหมดที่มีถึงจะได้มัน...
13-0251	talk	It's said that once your luck runs out, you'll end up... jinxed. That's why people go to a temple to get purified.	ว่ากันว่าพอโชคหมดแล้ว จะกลาย... เป็นซวยไปเลย เพราะแบบนั้นคนถึงต้องไปวัด เพื่อสะเดาะเคราะห์
13-0252	talk	Wow, really? I didn't know I was asking you to do something so tough...	ว้าว จริงเหรอคะ? ไม่รู้เลยว่าฉันขอให้คุณทำอะไร ที่ยากขนาดนี้...
13-0253	talk	Then I'd better give you a special thank-you gift! Please, take this!	งั้นฉันต้องให้ของขวัญขอบ คุณพิเศษเลยค่ะ! รับไปนะคะ!
13-0254	talk	Thanks for always taking my requests, Yagami-san!	ขอบคุณที่รับคำขอของฉันเสมอมานะคะ ยากามิซัง!
13-0255	talk	Come back and visit any time you want!	แวะมาเยี่ยมได้ทุกเมื่อเลยนะคะ!
13-0256	talk	Sure, I'll see you around.	ได้ครับ แล้วเจอกันนะ
13-0257	talk	I'll be waitiiiiing!	รอออออยู่นะคะ!
13-0258	talk	Yagami-san, please win with a Churning Potato! Or nine gates! Whatever you wanna call it!	ยากามิซัง ชนะด้วย "ชูรินโปเตโต้" ให้ได้นะคะ! หรือ "เก้าประตู" ก็ได้ แล้วแต่คุณเลยค่ะ!
13-0259	talk	Oh, Yagami-san! Welcome. Hope you win big today!	อ้าว ยากามิซัง! ยินดีต้อนรับค่ะ หวังว่าวันนี้จะชนะเยอะ ๆ นะ!
13-0260	talk	Hey there, Yagami-san! I hope you'll enjoy the "wareme" rule today.	สวัสดีค่ะ ยากามิซัง! หวังว่าวันนี้จะสนุกกับกติกา "วาเระเมะ" นะคะ
13-0261	talk	Yagami-san, you look like you'll rake in the points today!	ยากามิซัง วันนี้ท่าทางจะกวาดแต้มเยอะเลยนะคะ!
13-0262	talk	Just a gut instinct!	แค่สัญชาตญาณล้วน ๆ เลย!
13-0263	talk	Instinct!?	สัญชาตญาณเหรอคะ!?
13-0264	talk	Tee-hee, hope you win big!	หิ หิ หวังว่าจะชนะเยอะ ๆ นะคะ!
13-0265	talk	Ooh, Yagami-san, Yagami-san. Is there really a scary hand called Slew Uncle?	โอ้ ยากามิซัง ยากามิซัง มือไพ่ที่ชื่อ "ซูลุงโค" น่ากลัวจริง ๆ เหรอคะ?
13-0266	talk	That's "suu ankou," also known as "four concealed triplets." It's a yakuman hand.	นั่นคือ "ซูอังโค" หรือเรียกอีกอย่างว่า "ไพ่สามใบปิดสี่ชุด" เป็นมือไพ่ระดับยากุมัง
13-0267	talk	Boooooring. I thought it was a hand that causes your uncle to... you know, bite the dust.	น่าเบื่อจังเลยยยย นึกว่าจะเป็นมือไพ่ที่ทำให้ลุง ของคุณต้อง... รู้ ๆ กันอยู่ ไปสวรรค์ซะเลย
13-0268	talk	That's... ridiculous.	นั่นมัน... ไร้สาระสิ้นดี
13-0269	talk	Hi, Yagami-san! I've been working on my impersonations lately!	หวัดดีค่ะ ยากามิซัง! ช่วงนี้ฉันฝึกเลียนแบบเสียงอยู่นะ!
13-0270	talk	What's this all of a sudden?	จู่ ๆ มาพูดเรื่องนี้ทำไม?
13-0271	talk	Here, I'll give you my best one!	เอาล่ะ ขอโชว์ท่าไม้ตายเลยนะคะ!
13-0272	talk	*horse whinny* 	*เสียงม้าร้อง* 
13-0273	talk	So!? What do you think?	เป็นไงบ้างคะ!? คิดว่าไง?
13-0274	talk	Uh... I think it's pretty good?	เอ่อ... ผมว่าก็เก่งดีนะ?
13-0275	talk	Yay! Woo-hoo! Yippee!	เย้! ว้าว! เยส์!
13-0276	talk	<color=white>${value}</color> more spaces left to reach the goal!\nNow make like a cat on a hot tin roof and scurry on over!	เหลืออีก <color=white>${value}</color> ช่องก็จะถึงเป้าหมายแล้ว!\nรีบเผ่นมาให้ไวเหมือนแมวโดนไฟลน ก้นเลยนะ!
13-0277	talk	(Perfect. The wire's still fine too.)	(เยี่ยม ลวดก็ยังใช้ได้ดีอยู่)
13-0278	talk	(Bah, the wire broke. Won't be able to use that one anymore.)	(ชิบหาย ลวดหักซะแล้ว ใช้อันนี้ต่อไม่ได้แล้วสิ)
13-0279	talk	(This calls for a wire. I should have <t:item_have_num=judge_thumbturn_wire> left.)	(ต้องใช้ลวดสำหรับเรื่องนี้ ผมน่าจะเหลืออยู่ <t:item_have_num=judge_thumbturn_wire> เส้น)
13-0280	talk	(This calls for a wire... Which I'm out of at the moment.)	(ต้องใช้ลวดสำหรับเรื่องนี้... แต่ตอนนี้ผมหมดพอดี)
13-0281	talk	(Doesn't look like I have a key for this door...)	(ดูเหมือนผมจะไม่มีกุญแจสำหรับประตูนี้...)
13-0282	talk	(Oh, looks like Tomioka-san left me some food. I believe this is... <t:prg_set=0>.)	(อ้อ ดูเหมือนโทมิโอกะซังจะฝากอาหารมาให้ผม นี่มันน่าจะเป็น... <t:prg_set=0>)
13-0283	talk	Someone sent me something...	มีใครบางคนส่งอะไรมาให้ผมนี่...
13-0284	talk	Guess what, Senpai! I stayed up all night prepping this presentation, and it is gonna go <font_kind=yakuza_italic>great</font_kind>!	รู้ไหมครับรุ่นพี่! ผมอดหลับอดนอนทั้งคืนเตรียม พรีเซนต์นี้เลยนะ แล้วมันจะออกมา<font_kind=yakuza_italic>เยี่ยมยอด</font_kind>แน่นอน!
13-0285	talk	All night? Man, no wonder you stink. How're you supposed to present the new bento set smelling like rancid ass?	ทั้งคืนเลยเหรอ? โอ้โห ไม่แปลกใจเลยที่ตัวเหม็นขนาดนี้ จะไปพรีเซนต์เซ็ตเบนโตะใหม่ ทั้งที่ตัวเหม็นเหมือนตูด บูดแบบนี้ได้ไงวะ
13-0286	talk	What!? I do? Oh no... the presentation's in only ten minutes!	อะไรนะ!? เหม็นเหรอ!? โอ้ไม่นะ... อีก 10 นาทีก็ถึงเวลาพรีเซนต์แล้ว!
13-0287	talk	...I'd say it's over already.	...ผมว่าจบเห่ไปแล้วล่ะ
13-0288	talk	Don't you start feeling lonely around this season, Senpai?	รุ่นพี่ไม่รู้สึกเหงา ๆ บ้างเหรอครับ ช่วงนี้เนี่ย?
13-0289	talk	Lonely? You just got paid, man. Why don't you go and buy some "company"?	เหงาเหรอ? เพิ่งได้เงินเดือนมาหยก ๆ ทำไมไม่ไปซื้อ "company" มาสักคนล่ะ?
13-0290	talk	...Why would buying a company help? Besides, I don't think I could run one all by myself.	...ทำไมซื้อ "company" แล้วจะช่วยได้ล่ะครับ? แล้วผมก็คงบริหารเองคนเดียวไม่ไหวหรอก
13-0291	talk	You know that new girl, Nishiyama? The cute one all the guys in our department were talking about?	รู้จักพนักงานใหม่นิชิยามะไหม? คนน่ารักที่พวกผู้ชายในแผนกเรา คุยกันทั้งวี่ทั้งวันเนี่ย?
13-0292	talk	Oh, her. Yeah, I heard she's popular. But she has a boyfriend outside of the company.	อ๋อ คนนั้นเหรอ ใช่ครับ ได้ยินว่าเธอฮอตมาก แต่มีแฟนอยู่นอกบริษัทแล้วนะ
13-0293	talk	Yeah, I know. But someone saw her hugging Tachioka-san on the stairs.	ใช่ ผมรู้ แต่มีคนเห็นเธอกอดทาชิโอกะซัง อยู่บนบันไดนะ
13-0294	talk	Get outta here! Really? I thought Tachioka-san was married...	ไปได้เลย! จริงเหรอครับ? นึกว่าทาชิโอกะซังแต่งงานแล้วซะอีก...
13-0295	talk	I'm tellin' you, Miharu-chan was definitely smiling at me!	ผมบอกเลยนะครับ มิฮารุจังยิ้มให้ผมแน่ ๆ เลย!
13-0296	talk	That's the girl from Mijore, right? Of course she smiled at you—you're her customer.	นั่นสาวจากมิโจเระใช่ไหม? เธอต้องยิ้มให้อยู่แล้วสิ นายเป็นลูกค้าเธอนี่นา
13-0297	talk	Nah, it wasn't just any smile... She <font_kind=yakuza_italic>locked eyes</font_kind> with me, Senpai! For like half a second!	ไม่ใช่แค่รอยยิ้มธรรมดาครับ... เธอ<font_kind=yakuza_italic>สบตา</font_kind>กับผมเลยนะรุ่นพี่! นานตั้งครึ่งวินาที!
13-0298	talk	I think she might be into me!	ผมว่าเธอน่าจะปิ๊งผมแน่ ๆ เลย!
13-0299	talk	I think you don't know what you're talking about...	ผมว่านายไม่รู้เรื่องที่พูดอยู่หรอก...
13-0300	talk	You know Hanae-chan from Smile Burger? The one with the really bright smile?	รู้จักฮานาเอะจังจาก สไมล์เบอร์เกอร์ไหมครับ? คนที่ยิ้มสดใสมาก ๆ น่ะ?
13-0301	talk	You really have a thing for servers, huh?	นายชอบพนักงานเสิร์ฟจริง ๆ สินะ?
13-0302	talk	There's a girl who sings at Theater Square pretty often. So I was listening to her and then she starts talking to me...	มีผู้หญิงคนหนึ่งร้องเพลงอยู่ แถวเธียเตอร์สแควร์บ่อย ๆ ผมยืนฟังเธออยู่ แล้วจู่ ๆ เธอก็เริ่มคุยกับผม...
13-0303	talk	She... thanked me from the bottom of her heart... with the most sincere smile I've ever seen...	เธอ... ขอบคุณผมจากใจจริง... ด้วยรอยยิ้มที่จริงใจที่สุด เท่าที่ผมเคยเห็นมาเลย...
13-0304	talk	Somehow I just couldn't take it. Looking at her reminded me of a time before I became a completely shitty person...	ไม่รู้ทำไมผมรับมันไม่ไหวเลย มองเธอแล้วนึกถึงตอนที่ผมยัง ไม่ได้เป็นคนเฮงซวยแบบนี้...
13-0305	talk	Guess her beautiful smile and your ugly soul were incompatible, Senpai.	คงเป็นเพราะรอยยิ้มสวย ๆ ของเธอเข้ากันไม่ได้กับจิตใจ อัปลักษณ์ของรุ่นพี่มั้งครับ
13-0306	talk	Apparently the boss is really going for Kiriko-chan, the girl who works at M Side Cafe.	ได้ยินว่าหัวหน้าจีบคิริโกะจัง สาวที่ทำงานที่ M Side Cafe หนักมากเลยนะครับ
13-0307	talk	I can see why, she's a nice girl. Sweeter than the sweets she makes.	เข้าใจได้เลย เธอเป็นคนน่ารัก หวานยิ่งกว่าขนมที่เธอทำซะอีก
13-0308	talk	Word. I wish she'd bake something just for me...	จริงครับ อยากให้เธออบอะไรให้ผมกิน คนเดียวบ้างจัง...
13-0309	talk	This total rando comes up to me at Senryo Avenue, right? I guess she was a prophet of doom or something...	มีผู้หญิงแปลกหน้าคนหนึ่งเดิน เข้ามาหาผมที่ถนนเซ็นเรียวเลยนะ เหมือนเธอจะเป็นหมอดูทำนาย เคราะห์ร้ายอะไรสักอย่าง...
13-0310	talk	Anyway, she goes up to me out of nowhere and tells me a "falling calamity" was about to befall me.	เอาเป็นว่าเธอเดินเข้ามาหาผมดื้อ ๆ แล้วบอกว่า "ภัยพิบัติจะร่วงลงมาใส่" ผมในไม่ช้า
13-0311	talk	That's some spooky shit. Maybe she was trying to con you into buying a talisman?	โคตรน่าขนลุกเลยครับ บางทีเธออาจจะพยายามหลอกให้ รุ่นพี่ซื้อเครื่องรางก็ได้นะ?
13-0312	talk	Who knows. She creeped me the hell out, so I left as soon as I could.	ใครจะไปรู้ เธอทำผมขนหัวลุกจนต้องรีบเดินหนีเลย
13-0313	talk	Hey Senpai, I saw this random dude who was cosplaying as Toya Tokunaga.	เฮ้ยรุ่นพี่ ผมเห็นผู้ชายแปลกหน้าคนหนึ่ง คอสเพลย์เป็นโทยะ โทคุนางะด้วยนะ
13-0314	talk	Did he look like him?	หน้าตาเหมือนเขาไหมล่ะ?
13-0315	talk	His outfit was perfect but... this guy was bald.	ชุดเป๊ะมากเลยครับ แต่... คนนี้หัวล้าน
13-0316	talk	Bald? Isn't Toya Tokunaga known for his lush, silky hair?	หัวล้านเหรอ? โทยะ โทคุนางะไม่ใช่ขึ้นชื่อเรื่องผม ดกเงางามหรอกเหรอ?
13-0317	talk	Yeah, he missed the most important part.	ใช่ครับ เขาพลาดจุดสำคัญที่สุดไปเลย
13-0318	talk	Yeah, so I'm more of a Wette Kitchen kinda guy. Smile Burger's way too manufactured, y'know?	ใช่ครับ ผมเป็นสาย Wette Kitchen มากกว่า สไมล์เบอร์เกอร์มันดูปรุงแต่ง เกินไปน่ะ รู้ไหม?
13-0319	talk	Hmm, how about Wild Jackson? Their ads have a lot of personality. Plus, their chicken's moist and tender.	อืม แล้วไวลด์แจ็คสันล่ะ? โฆษณาของร้านนั้นมีคาแรกเตอร์จัดเลยนะ แล้วไก่ของเขาก็ฉ่ำนุ่มด้วย
13-0320	talk	Oh, and have you tried the onion rings at Wette Kitchen? Dee-lish!	อ้อ แล้วรุ่นพี่เคยลองออเนียนริงที่ Wette Kitchen หรือยังครับ? อร่อยสุด ๆ เลย!
13-0321	talk	We'd better stop before this turns into a Wette and Wild showdown...	เราหยุดคุยกันดีกว่า ก่อนที่นี่จะกลายเป็นศึก Wette กับ Wild ไปซะ...
13-0322	talk	Haha, yeah.	ฮ่าฮ่า ใช่เลยครับ
13-0323	talk	Senpai, they turned the area in front of the theater into a beer garden! Why don't we go there for First Friday!?	รุ่นพี่ครับ หน้าโรงละครเขาทำเป็นเบียร์การ์ เดนแล้วนะ! ไปกันไหมครับวันศุกร์แรกของเดือน!?
13-0324	talk	Nope, Friday's the deadline, remember? I'll probably be doing overtime till the sun comes up.	ไม่ล่ะ ศุกร์นี้เดดไลน์ จำได้ไหม? คงต้องโอทีจนฟ้าสางแน่ ๆ
13-0325	talk	Dang. We'll never be able to say, "Thank god it's Friday," will we?	เวรกรรม แบบนี้คงไม่มีวันได้พูดว่า "ขอบคุณพระเจ้าที่วันศุกร์มาถึง" กันสักทีสินะครับ?
13-0326	talk	(I need a smoke. Wait... I'm out of cigs. Better hit the convenience store...)	(อยากสูบบุหรี่จัง เดี๋ยวนะ... บุหรี่หมดแล้วนี่ ต้องไปร้านสะดวกซื้อก่อนแล้ว...)
13-0327	talk	(I could use a smoke.)	(สูบบุหรี่สักมวนก็ดีเหมือนกันนะ)
13-0328	talk	(Better get going.)	(รีบไปดีกว่า)
13-0329	talk	Ugh... So exhausted...	อุ๊ย... เหนื่อยจะแย่แล้ว...
13-0330	talk	Ah, weren't you here before...? Hey, I noticed you're wearing some cordovans. I like your style.	อ้าว เมื่อก่อนเคยเจอกันใช่ไหมนะ...? เฮ้ย สังเกตว่านายใส่รองเท้าหนังคอร์ โดวานนี่หว่า สไตล์ดีนี่หนุ่มน้อย
13-0331	talk	Thanks... I really wanted these, so I had to scrimp and save until I could finally afford 'em. How'd you know the material?	ขอบคุณครับ... ผมอยากได้คู่นี้มานานแล้ว เลยต้องอดออมจนซื้อไหวสักที รู้ได้ไงครับว่าเป็นหนังอะไร?
13-0332	talk	Believe it or not, I had some decent shoes back in the day. Well... better hit the soup kitchen. See ya 'round, kiddo.	เชื่อไหมล่ะ เมื่อก่อนลุงก็เคยมีรองเท้าดี ๆ ใส่เหมือนกันนะ เอาล่ะ... ไปกินข้าวฟรีที่โรงทานดีกว่า แล้วเจอกันนะ หนุ่มน้อย
13-0333	talk	...I wonder if he used to work at an office, too.	...สงสัยจังว่าลุงเขาเคยทำงาน ออฟฟิศเหมือนกันหรือเปล่านะ
13-0334	talk	Hey, it's you again. Man, you always look pooped.	เฮ้ย มาอีกแล้วนี่ นายนี่ดูอิดโรยทุกทีเลยนะ
13-0335	talk	And you always look like you pooped yourself.	ส่วนลุงก็ดูเหมือนขี้แตกใส่ กางเกงทุกทีเลยนะ
13-0336	talk	Hah! True enough. But seriously, you oughta take it easy every now and then. For your health.	ฮ่ะ! จริงเลยว่ะ แต่พูดจริง ๆ นะ นายควรพักผ่อนบ้างเป็นบางครั้งนะ เพื่อสุขภาพ
13-0337	talk	Here. Warmth is the best cure for fatigue. Drink this and warm up your body and soul.	เอานี่ ความอุ่นคือยารักษาความ เหนื่อยล้าที่ดีที่สุด ดื่มแล้วจะอุ่นทั้งกายทั้งใจเลยนะ
13-0338	talk	Thanks... but this isn't hot at all! Well, I guess it'll help me buckle down and finish up the workday.	ขอบคุณครับ... แต่นี่มันไม่ร้อนเลยนะ! เอาเถอะ อย่างน้อยก็คงช่วยให้ผมมีแรงลุย งานให้จบวันได้
13-0339	talk	Oh, hey Pops. Thanks for the coffee last time.	อ้าว ลุงครับ ขอบคุณสำหรับกาแฟครั้งก่อนนะครับ
13-0340	talk	You don't need to thank me. If anything, thank the dumpster behind the convenience store I found it in.	ไม่ต้องขอบคุณลุงหรอก ถ้าจะขอบคุณก็ไปขอบคุณถังขยะ หลังร้านสะดวกซื้อที่ลุง เจอมันดีกว่า
13-0341	talk	...Seriously? Blech, no wonder I felt sick after that...	...จริงเหรอครับ? แหวะ ไม่แปลกใจเลยที่ผมรู้สึกไม่สบาย ท้องหลังจากนั้น...
13-0342	talk	Heh heh, sorry about that! I'll try to find something closer to the expiration date next time!	เฮ่อ เฮ่อ ขอโทษทีนะ! คราวหน้าลุงจะหาของที่ใกล้ วันหมดอายุน้อยกว่านี้ให้!
13-0343	talk	I think I'll pass on that!	ผมขอผ่านเรื่องนั้นดีกว่าครับ!
13-0344	talk	Hey Pops, you said you had a pair of cordovans, right? What'd you used to do before you became homeless?	เฮ้ยลุง เมื่อกี้บอกว่าเคยมีรองเท้าคอร์ โดวานใช่ไหมครับ? ก่อนจะมาไร้บ้าน ลุงเคยทำงานอะไรมาก่อนเหรอ?
13-0345	talk	Heh, I was a working man, just like you. Wore nice shoes, had a nice suit, scrambled all over town for business...	เฮ่อ ลุงก็เคยเป็นมนุษย์เงินเดือน เหมือนนายนั่นแหละ ใส่รองเท้าดี ๆ สูทดี ๆ วิ่งวุ่นทำธุรกิจไปทั่วเมือง...
13-0346	talk	Huh. Now that you mention it, you've always been a pretty bold guy.	อ้าว พอพูดแบบนี้แล้ว ลุงก็ดูเป็นคนกล้าได้กล้าเสียมา ตลอดเลยนะครับ
13-0347	talk	Heh, don't you get it? You need a bold attitude and balls of steel in order to get anywhere in life.	เฮ่อ ไม่เข้าใจเหรอ? ต้องมีความกล้าและใจที่ แข็งแกร่งถึงจะไปถึงไหนต่อไหนใน ชีวิตได้นะ
13-0348	talk	There's a rumor that Kanrai serves special yakiniku to special customers.	มีข่าวลือว่าคันไรมียากินิกุ พิเศษให้เฉพาะลูกค้าคน พิเศษด้วยนะครับ
13-0349	talk	Yeah, that yakiniku's incredible. Wanna try it out sometime?	ใช่ ยากินิกุนั่นเด็ดจริง ๆ อยากลองดูสักครั้งไหมล่ะ?
13-0350	talk	Huh!? You've had it before? And are you offering to pay!?	หา!? ลุงเคยกินมาก่อนเหรอครับ!? แล้วนี่จะออกเงินให้ผมด้วยเหรอ!?
13-0351	talk	Naw, why do that when you can find it in the dumpster? Guess it's what you'd call "aged meat." Gah hah hah hah!	เปล่าหรอก จะจ่ายทำไมในเมื่อไปหาในถังขยะได้ฟรี ๆ ล่ะ คงเรียกได้ว่าเป็น "เนื้อบ่มพิเศษ" มั้ง กะๆๆๆ!
13-0352	talk	And here I was, about to take you seriously...	นึกว่าจะเชื่อลุงจริง ๆ จังเลยเนี่ย...
13-0353	talk	Hey Pops, you ever heard about "Dice & Cube"? The ladies at the office are all talking about it these days.	เฮ้ยลุง เคยได้ยินเรื่อง "Dice & Cube" ไหมครับ? ช่วงนี้ผู้หญิงในออฟฟิศคุยกัน เรื่องนี้กันทั้งนั้นเลย
13-0354	talk	Apparently it's a game you play with virtual reality technology. I guess it's not up your alley...	ได้ยินว่าเป็นเกมที่เล่นด้วย เทคโนโลยีวีอาร์ คงไม่ใช่แนวของลุงหรอกครับ...
13-0355	talk	So they finished it after all... I thought it was impossible when I first saw the design document. I'll be damned.	งั้นสุดท้ายก็ทำมันสำเร็จจนได้สินะ... ตอนเห็นเอกสารออกแบบครั้งแรกลุง นึกว่ามันเป็นไปไม่ได้ซะอีก แหม เหลือเชื่อจริง ๆ
13-0356	talk	Wait... Pops, you used to be involved?	เดี๋ยวนะครับ... ลุงเคยมีส่วนเกี่ยวข้องด้วยเหรอ?
13-0357	talk	Man, I'm hungry. Might stop by Kyushu No. 1 Star on my way home.	โห หิวจัง คงต้องแวะคิวชูนัมเบอร์วันสตาร์ ระหว่างทางกลับบ้านสักหน่อย
13-0358	talk	Nice. They choose their ingredients well. Trust me, they're the real deal.	ดีเลย ร้านนั้นเลือกวัตถุดิบดีนะ เชื่อลุงเถอะ ของจริงเลยล่ะ
13-0359	talk	Oh! Sounds like you know a lot about that place.	โอ้! ฟังดูเหมือนลุงรู้เรื่องร้าน นั้นเยอะเลยนะครับ
13-0360	talk	Yeah, I can tell from the scraps. Each scrap has quite the distinguished taste.	ใช่สิ ลุงบอกได้จากเศษที่เขาทิ้ง แต่ละชิ้นมีรสชาติที่ไม่ธรรมดาเลยนะ
13-0361	talk	Huh, I'll bet...	หืม เชื่อเลยล่ะ...
13-0362	talk	That extract you gave me really worked!	สารสกัดที่ลุงให้มาเมื่อกี้เวิร์กสุดๆ เลยครับ!
13-0363	talk	Work that usually takes five hours to finish only took me ten minutes! I'll take another one, Pops!	งานที่ปกติต้องใช้เวลาห้า ชั่วโมงกว่าจะเสร็จ คราวนี้ใช้แค่สิบนาทีเอง! ขอเพิ่มอีกอันนะครับ ลุง!
13-0364	talk	Sure. Bring me a Well-Used Rubber and a Worn Magnet.	ได้สิ เอายางใช้แล้วกับแม่เหล็ก สึกกร่อนมาให้ลุงหน่อยละกัน
13-0365	talk	Huh? ...Why?	หา? ...ทำไมล่ะครับ?
13-0366	talk	Agh! My back is killing me from sitting at that desk all day... I think it's permanently crooked by now.	อุ๊ย! หลังผมจะขาดอยู่แล้วจากการนั่ง โต๊ะทั้งวัน... คิดว่าตอนนี้คงงอถาวรไปแล้วมั้ง
13-0367	talk	Ouch, same here...	โอ๊ย เหมือนกันเลย...
13-0368	talk	You too, Pops? I guess picking up cans all day would do that.	ลุงด้วยเหรอ? เก็บกระป๋องทั้งวันแบบนี้ก็คง เป็นแบบนี้แหละนะ
13-0369	talk	Heck no, I was boozing it up with my buddies all night and knocked out on the concrete. Didn't wake up till noon!	เปล่าหรอกโว้ย เมื่อคืนดื่มกับเพื่อนฝูงจนหลับ คาพื้นปูนเลยต่างหาก ตื่นอีกทีก็เที่ยงพอดี!
13-0370	talk	Oh. I actually kind of envy you...	อ้อ... จริงๆ แล้วผมอิจฉาลุงอยู่นะเนี่ย...
13-0371	talk	All that's left is this last bit of paperwork... *sigh* Almost there...	เหลือแค่เอกสารกองสุดท้ายนี้แล้ว... *ถอนหายใจ* ใกล้เสร็จแล้ว...
13-0372	talk	Tough job, eh kiddo? I bet it ain't easy being a salaryman.	งานหนักสินะ ไอ้หนู เป็นมนุษย์เงินเดือนนี่ไม่ง่าย เลยสิท่า
13-0373	talk	...Yeah, you could say that. Well, I should be getting back now.	...ใช่ครับ ก็พอจะพูดได้แบบนั้น เอาล่ะ ผมต้องกลับไปทำงานต่อแล้วล่ะ
13-0374	talk	Not only is the security perimeter tight, but the vault is rock solid. Should we call in the boys for some dynamite?	ไม่ใช่แค่แนวป้องกันจะแน่นเป๊ะ แต่ห้องนิรภัยยังแข็งเป็นหินอีก ต่างหาก เรียกพรรคพวกมาระเบิดกันเลยดีไหม?
13-0375	talk	Probably. And if it's the central bank we're after, we should probably go in heavy. Assault rifles, grenades...	น่าจะใช่ ถ้าเป้าหมายคือธนาคารกลางนี่ คงต้องบุกกันแบบหนักหน่วงเลยล่ะ ปืนไรเฟิลจู่โจม ระเบิดมือ...
13-0376	talk	Yeah, but no matter what our loadout is, special ops always takes us out in the end! Then we have to wait to respawn...	ใช่ แต่ไม่ว่าจะพกอะไรไปก็เถอะ หน่วยปฏิบัติการพิเศษเล่นงานเรา จนได้ทุกทีแหละ! แล้วก็ต้องรอรีสปอนอีกรอบ...
13-0377	talk	Man, that live chat scared the shit outta me just now. Remember when the stalker barged in right at the end!?	โห เมื่อกี้ไลฟ์แชทนี่ทำเอา ขวัญหนีดีฝ่อเลยว่ะ จำได้ไหมตอนที่ไอ้สตอล์กเกอร์ บุกเข้ามาตอนจบเป๊ะ!?
13-0378	talk	Ah, that was all part of the performance. Everything was blurred out anyway.	อ๋อ นั่นมันเป็นส่วนหนึ่งของการแสดงน่ะ ยังไงก็เบลอไว้หมดอยู่แล้วนี่
13-0379	talk	You're right. But fuck, I paid good money for it...	ก็จริงนะ แต่เชี่ย จ่ายเงินไปตั้งเยอะแท้ๆ...
13-0380	talk	There was this guy making strange panting noises next to me a little earlier. He was shifting around all weird, too.	เมื่อกี้มีผู้ชายคนนึงนอนข้างๆ ฉัน หายใจฟืดฟาดแปลกๆ แถมยังขยับตัวพิลึกๆ ด้วย
13-0381	talk	Oh, that guy. I see him here all the time. He did that to me when I was eating cup ramen.	อ๋อ คนนั้นน่ะ ฉันเจอเขาแถวนี้บ่อยๆ เขาก็ทำแบบนั้นกับฉันตอน กำลังกินราเมงถ้วยเหมือนกัน
13-0382	talk	...Bro, are you the one always making this place smell like cup ramen? They put up a warning about that outside...	...เฮ้ย แกนี่แหละใช่ไหมที่ทำให้แถวนี้ เหม็นราเมงถ้วยตลอด ข้างนอกเขาติดป้ายเตือนเรื่อง นั้นด้วยนะ...
13-0383	talk	You know that guy with the messy hair who lives here? Apparently he's some kinda hacker genius...	รู้จักไอ้คนผมยุ่งๆ ที่อยู่แถวนี้ไหม ได้ยินว่าเขาเป็นแฮ็กเกอร์ อัจฉริยะอะไรสักอย่างนะ...
13-0384	talk	What? That guy's a hacker? I thought he was just some homeless dude.	หา? ไอ้นั่นเป็นแฮ็กเกอร์เหรอ? นึกว่าเป็นคนไร้บ้านธรรมดาซะอีก
13-0385	talk	The guy next to me snored so loudly, I could barely sleep.	คนที่นอนข้างๆ ฉันกรนดังจนแทบไม่ได้หลับเลย
13-0386	talk	I kicked his wall, banged on his door... It was like nothing would wake his ass up.	ฉันเตะกำแพงห้องเขา เคาะประตูโครมๆ... ยังไงก็ปลุกไอ้นั่นไม่ตื่นสักที
13-0387	talk	You'll get used to it. I've been living here five years and I'm practically deaf to snoring. Same thing with bad odors!	เดี๋ยวก็ชินเองแหละ ฉันอยู่ที่นี่มาห้าปีแล้ว หูแทบไม่ได้ยินเสียงกรนอีกต่อไป เรื่องกลิ่นก็เหมือนกัน!
13-0388	talk	You had an electric shaver, right? Could I borrow it tomorrow? The bathroom's so crowded in the mornings.	แกมีเครื่องโกนหนวดไฟฟ้าใช่ไหม พรุ่งนี้ขอยืมหน่อยได้ไหม ตอนเช้าห้องน้ำคนแน่นมากเลย
13-0389	talk	Sure, just make sure you wash it, okay?	ได้สิ แต่ล้างให้สะอาดด้วยล่ะ โอเคนะ?
13-0390	talk	There was this dude who was taking a super long shit, so I ended up banging on the door, right?	มีไอ้หมอนึงเข้าห้องน้ำไปขี้นานมากๆ ฉันเลยไปเคาะประตูใส่ ใช่ไหมล่ะ?
13-0391	talk	Then, all of a sudden, this super terrifying yakuza-looking dude came out! Scared the living piss outta me!	แล้วจู่ๆ ก็มีไอ้หมอนึงหน้าตาเหมือนยากูซ่าโหดๆ เดินออกมา! ทำเอาฉันขี้แตกเลยว่ะ!
13-0392	talk	Huh, I was just thinking you kinda smelled like piss. Did you actually wet your pants?	เฮ้ย เมื่อกี้ก็นึกอยู่ว่าแกมีกลิ่นแปลกๆ นี่ ฉี่ราดกางเกงจริงเหรอเนี่ย?
13-0393	talk	No. I don't think so. Something else came out the other end, though.	เปล่า ไม่คิดว่าจะเป็นแบบนั้นหรอก แต่มีอย่างอื่นหลุดออกมาจากอีก ทางแทนน่ะสิ
13-0394	talk	Dude. I realized something crazy... I've read almost all of the manga here.	เฮ้ย ฉันเพิ่งรู้ตัวอะไรบ้าๆ อย่างนึง... ฉันอ่านมังงะที่นี่ไปเกือบหมดแล้วว่ะ
13-0395	talk	Bruh. That is a literal shit ton of manga. You've been here, what, five years? They should, like, build a statue of you.	โอ้โห นั่นมันมังงะเป็นภูเขาเลากาเลยนะ แกอยู่ที่นี่มากี่ปีแล้ว ห้าปีใช่ไหม เขาน่าจะสร้างอนุสาวรีย์ให้แก เลยนะเนี่ย
13-0396	talk	I heard they're bumping up the price of showers. 200 yen for 30 minutes.	ได้ยินว่าเขาจะขึ้นราคาห้องอาบน้ำนะ 200 เยนต่อ 30 นาทีเลย
13-0397	talk	Really!? I can't believe it's going up by a whole 100 yen.	จริงเหรอ!? ไม่อยากเชื่อเลยว่าจะขึ้นทีเดียวตั้ง 100 เยน
13-0398	talk	I know. We should take showers together from now on!	นั่นสิ ต่อไปนี้เราน่าจะอาบน้ำด้วยกันซะเลยนะ!
13-0399	talk	So I realized the other day that one of the employees here... used to go to middle school with me.	เมื่อวันก่อนฉันเพิ่งรู้ตัวว่า พนักงานคนนึงที่นี่... เคยเรียนมัธยมต้นด้วยกันกับฉันมาก่อน
13-0400	talk	Damn... That must've been awkward...	โห... งั้นก็คงเขินกันน่าดูสิ...
13-0401	talk	Yeah. I used to bully him a lot, so it'll be hard to live here if he realizes it...	ใช่ ฉันเคยแกล้งเขาบ่อยมาก ถ้าเขาจำได้คงอยู่ที่นี่ลำบากแน่ๆ...
13-0402	talk	I'm bored of hanging out at the batting center. Let's go somewhere else for a change, Yu-kun.	เบื่อจะแย่แล้วที่ต้องเจอกันแต่ ในสนามตีลูกเนี่ย ไปที่อื่นเปลี่ยนบรรยากาศกันบ้างเถอะ ยูคุง
13-0403	talk	No. I haven't conquered the Global Goliath course yet. I can't leave here until I do!	ไม่ได้ ฉันยังพิชิตคอร์สโกไลแอธ ระดับโลกไม่ได้เลยนะ ไปจากที่นี่ไม่ได้จนกว่าจะทำสำเร็จ!
13-0404	talk	Besides, I can clearly see through its pitches now. I'll show this thing who the real goliath is!	อีกอย่าง ตอนนี้ฉันอ่านลูกของมันออกหมดแล้วด้วย จะให้มันเห็นว่าใครกันแน่คือ โกไลแอธตัวจริง!
13-0405	talk	That's what you've been saying for three days now!	พูดแบบนี้มาสามวันติดแล้วนะ!
13-0406	talk	Yeah, and I've learned how to read the ball as it cuts through the air... and sense the pitcher's fighting spirit.	ใช่ แล้วฉันก็เริ่มอ่านวิถีลูกที่ พุ่งฝ่าอากาศออกแล้วด้วย... แถมยังสัมผัสได้ถึงจิตวิญญาณนัก สู้ของพิตเชอร์อีกต่างหาก
13-0407	talk	What!? How can a <font_kind=yakuza_italic>robot</font_kind> have any kind of spirit at all?	หา!? <font_kind=yakuza_italic>หุ่นยนต์</font_kind>จะมีจิตวิญญาณอะไรได้ยังไงกัน?
13-0408	talk	It doesn't matter. It's about the soul. And whether my opponent's human or not, my spirit's burning hot!	ไม่สำคัญหรอก มันอยู่ที่จิตวิญญาณต่างหาก ไม่ว่าคู่ต่อสู้จะเป็นคนหรือไม่ก็ตาม หัวใจของฉันลุกโชนอยู่เสมอ!
13-0409	talk	I'm telling you, batting isn't for you, Yu-kun.	บอกเลยนะ การตีลูกนี่มันไม่เหมาะกับยูคุงหรอก
13-0410	talk	Hey. Why don't we forget about baseball for just one weekend?	นี่ ลืมเรื่องเบสบอลไปสักสุดสัปดาห์ นึงไม่ได้เหรอ?
13-0411	talk	Absolutely not! Didn't you fall in love with my passion for baseball!? 	ไม่มีทาง! เธอตกหลุมรักความหลงใหลในเบสบอล ของฉันไม่ใช่เหรอ!?
13-0412	talk	I fell in love with your passion for <font_kind=yakuza_italic>me</font_kind>, which is <font_kind=yakuza_italic>emphasized</font_kind> by the fact that you usually only care about baseball.	ฉันตกหลุมรักความหลงใหลที่มีต่อ<font_kind=yakuza_italic>ฉัน</font_kind> ต่างหาก ซึ่งมันยิ่ง<font_kind=yakuza_italic>เด่นชัด</font_kind> ขึ้นเพราะปกติเธอสนใจแต่เบสบอลนี่แหละ
13-0413	talk	Oogh... That's one hell of a curveball you threw just now.	โอ๊ะ... เมื่อกี้เธอขว้างเคิร์ฟบอลลูก โหดมากเลยนะเนี่ย
13-0414	talk	That was such a good movie, Yu-kun! ♪ I cried so much, especially at that part in the middle...	หนังเรื่องนั้นดีมากเลยนะ ยูคุง! ♪ ร้องไห้หนักมากเลย โดยเฉพาะตอนกลางเรื่องนั่น...
13-0415	talk	Yeah. It was pretty emotional to see him push himself to the limit, despite being severely injured...	ใช่ มันสะเทือนใจจริงๆ ที่เห็นเขาผลักดันตัวเองสุดขีด ทั้งที่บาดเจ็บสาหัสขนาดนั้น...
13-0416	talk	No, not that part. That scene where he's struggling with love... Oh, never mind.	เปล่า ไม่ใช่ตอนนั้น ฉันหมายถึงฉากที่เขาดิ้นรน เรื่องความรักต่างหาก... เอาเถอะ ช่างมันเถอะ
13-0417	talk	Chiaki. Do you remember? That day in the sunset... when you swore to follow me to the ends of the Earth?	ชิอากิ จำได้ไหม วันนั้นตอนพระอาทิตย์ตก... ตอนที่เธอสาบานว่าจะตามฉันไปจน สุดขอบโลก?
13-0418	talk	Yes. And I'll still follow you, Yu-kun.	จำได้สิ แล้วฉันก็จะตามยูคุงไปตลอดเหมือนเดิม
13-0419	talk	All right! Then let's run back home to train for tomorrow's game!	โอเค! งั้นวิ่งกลับบ้านไปซ้อมสำหรับ เกมพรุ่งนี้กันเถอะ!
13-0420	talk	Okay! I'll be taking a cab, though.	โอเค! แต่ฉันจะนั่งแท็กซี่กลับนะ
13-0421	talk	Then I'll just have to run faster than a cab! You ready!?	งั้นฉันก็แค่ต้องวิ่งให้เร็ว กว่าแท็กซี่เท่านั้นเอง! พร้อมหรือยัง!?
13-0422	talk	Hey Yu-kun. You know, the Hotel District's only up the street from here... ❤	นี่ยูคุง รู้ไหม ย่านโรงแรมอยู่แค่ปลายถนนนี้เองนะ... ❤
13-0423	talk	Oh, excellent. I can rest there after I exhaust myself from training!	โอ้ เยี่ยมเลย ฉันจะได้ไปพักที่นั่นหลังซ้อมจน หมดแรงพอดี!
13-0424	talk	That's not what I meant, Yu-kun!	ฉันไม่ได้หมายความแบบนั้นนะ ยูคุง!
13-0425	talk	Yu-kun. It's almost been half a year since we started going out... Can't we step it up a bit?	ยูคุง เราคบกันมาจะครึ่งปีแล้วนะ... เราจะขยับความสัมพันธ์ไปอีกขั้น ไม่ได้เหรอ?
13-0426	talk	Yes. Humans should strive to get better with each passing day. And sportsmen must train every day!	ใช่เลย มนุษย์เราควรพัฒนาตัวเองให้ ดีขึ้นทุกวัน แล้วนักกีฬาก็ต้องซ้อมทุกวันด้วย!
13-0427	talk	Chiaki! You're finally beginning to understand...!	ชิอากิ! ในที่สุดเธอก็เริ่มเข้าใจแล้วสินะ...!
13-0428	talk	No! That's not what I was talking about at all... but I do like that about you.	ไม่ใช่! ฉันไม่ได้พูดถึงเรื่องนั้นเลยสักนิด... แต่ก็ชอบที่เธอเป็นแบบนี้แหละนะ
13-0429	talk	Do you have any dreams, Chiaki? A dream radiant and burning like the sun!?	ชิอากิมีความฝันอะไรไหม? ความฝันที่เจิดจ้าและลุกโชนดั่ง ดวงอาทิตย์!?
13-0430	talk	Yeah, I do. I was able to have that dream because I met you, Yu-kun.	มีสิ ฉันมีความฝันแบบนั้นได้ก็เพราะ ได้เจอยูคุงนี่แหละ
13-0431	talk	Oh? What dream is that? Go ahead, you can tell me!	อ้อ? ความฝันแบบไหนล่ะ บอกฉันได้เลยนะ!
13-0432	talk	Hehehe. It's a secret...	เฮ่อๆ เป็นความลับน่ะ...
13-0433	talk	That guy in the white tracksuit at the batting center... I can tell he's no ordinary man.	ไอ้หมอนั่นที่ใส่ชุดวอร์มสีขาว ในสนามตีลูกน่ะ... ฉันรู้เลยว่าเขาไม่ใช่คนธรรมดา
13-0434	talk	He's always staring at you when you're batting, Yu-kun.	เขาจ้องมองยูคุงตลอดเวลาที่ตีลูกเลยนะ
13-0435	talk	Sometimes he's smiling and sometimes he looks sad... But he's always watching you practice.	บางทีเขาก็ยิ้ม บางทีก็ดูเศร้าๆ... แต่ไม่ว่ายังไงเขาก็จ้องมอง ยูคุงซ้อมอยู่เสมอ
13-0436	talk	I made lunch for you today, Yu-kun.	วันนี้ฉันทำข้าวกลางวันมาให้ ยูคุงด้วยนะ
13-0437	talk	Did you bring the flat cola, too?	เอาโคล่าแบนๆ มาด้วยรึเปล่า?
13-0438	talk	All right! Now I can conquer all the courses for real!	เยี่ยม! ทีนี้ฉันพิชิตทุกคอร์สได้จริงๆ ซะที!
13-0439	talk	This city's changed quite a bit. Why, I heard that Little Asia used to be North Pink Street.	เมืองนี้เปลี่ยนไปเยอะเลยนะ ได้ยินมาว่าลิตเติลเอเชียเมื่อก่อนคือ ถนนพิงก์สตรีทฝั่งเหนือน่ะ
13-0440	talk	And now after the fire, it's a ruin. Might turn into Little America by next year.	แล้วตอนนี้หลังไฟไหม้ก็กลายเป็น ซากปรักหักพังไปแล้ว ปีหน้าอาจจะกลายเป็น ลิตเติลอเมริกาก็ได้นะ
13-0441	talk	Yeah... Wait, what?	เออ... เดี๋ยวนะ อะไรนะ?
13-0442	talk	Bantam's a real nice spot. You can drink there by yourself without feeling like you're drinking alone.	แบนตัมเป็นร้านที่ดีจริงๆ นะ ไปดื่มคนเดียวได้โดยไม่รู้สึกเหงาเลย
13-0443	talk	I see... Did you know people were murdered in Bantam a long time ago?	อ๋อเหรอ... รู้ไหมว่าเมื่อนานมาแล้วมีคนถูก ฆ่าตายในแบนตัมด้วยนะ?
13-0444	talk	It used to be called Bacchus back then... Heard quite a few people died, actually.	ตอนนั้นชื่อร้านว่าบัคคัสน่ะ... ได้ยินว่ามีคนตายไปหลายคนเลยนะ
13-0445	talk	...By the way. Are you sure you were by yourself when you were drinking in Bantam?	...ว่าแต่ นายแน่ใจนะว่าตอนดื่มที่แบนตัม นั่นอยู่คนเดียวจริงๆ?
13-0446	talk	H-Hey, quit it! You're joking. You're joking, right!?	เ-เฮ้ย หยุดเถอะ! ล้อเล่นใช่ไหม ล้อเล่นใช่ไหมเนี่ย!?
13-0447	talk	The owner of Earth Angel is such a generous person. Oh, and elegant, too! I feel like I could tell her anything.	เจ้าของร้านเอิร์ธแองเจิล ใจกว้างมากเลยนะ แล้วก็สง่างามด้วย! รู้สึกเหมือนเล่าอะไรให้ฟังก็ได้เลย
13-0448	talk	Hmm. For me, I always feel this intense presence whenever I look into her eyes... like she's dealt with a lot in life.	อืม สำหรับฉันนะ ทุกครั้งที่มองตาเธอจะรู้สึกถึง พลังบางอย่างที่รุนแรงมาก... เหมือนเธอผ่านอะไรมาเยอะในชีวิต
13-0449	talk	You sure you're not just projecting there?	แน่ใจเหรอว่าไม่ได้คิดไปเองคนเดียว?
13-0450	talk	Hey, you ever notice when weird stuff happens around town? Like, the wall I was painting suddenly got taken down.	นี่ เคยสังเกตไหมว่าในเมืองนี้ มีเรื่องแปลกๆ เกิดขึ้นบ่อยๆ อย่างกำแพงที่ฉันกำลังวาดอยู่ดีๆ ก็ถูกรื้อทิ้งซะงั้น
13-0451	talk	Yeah, I know what you mean. It's funny, 'cause I had to break down this wall someone had started to paint. Oh well.	เออ เข้าใจที่พูดเลย ตลกดีนะ เพราะฉันเองก็ต้องไปทุบกำแพงที่ มีคนเริ่มวาดไว้เหมือนกัน ช่างมันเถอะ
13-0452	talk	So check this out! I saw this big ol' yakuza dude wearing a flashy shirt...	ฟังนี่นะ! ฉันเห็นไอ้หมอนยากูซ่าตัวใหญ่ ใส่เสื้อลายฉูดฉาดคนนึง...
13-0453	talk	I looked closer and realized he was flying a drone! And he had the happiest look on his face...	พอมองใกล้ๆ ถึงรู้ว่าเขากำลังบังคับโดรนอยู่! แล้วหน้าเขาก็ยิ้มมีความสุขที่สุดเลย...
13-0454	talk	Oh, that must be the "Drone Gorilla" all the kids've been talking about...	อ๋อ นั่นต้องเป็น "กอริลลาโดรน" ที่เด็กๆ พูดถึงกันแน่ๆ...
13-0455	talk	Remember that incident where the Millennium Tower blew up and it rained a bunch of ten thousand yen bills?	จำเหตุการณ์ตอนที่ มิลเลนเนียมทาวเวอร์ระเบิดแล้ว แบงก์ หมื่นเยนตกลงมาเป็นฝนได้ไหม?
13-0456	talk	My dad was able to use that money to start up his own company...	พ่อฉันเอาเงินนั้นไปตั้งบริษัท ของตัวเองได้เลยนะ...
13-0457	talk	But as soon as he secured an agreement to lease an office at the Millennium Tower... it blew up again.	แต่พอเพิ่งเซ็นสัญญาเช่าออฟฟิศ ในมิลเลนเนียมทาวเวอร์เสร็จ... มันก็ระเบิดอีกรอบ
13-0458	talk	...Maybe your dad should visit an exorcist.	...พ่อนายน่าจะไปหาหมอผีสักหน่อยนะ
13-0459	talk	Kamurocho's always been dangerous. Especially after that explosion in the Millennium Tower...	คามุโรโจนี่อันตรายมาตลอดแหละ โดยเฉพาะหลังจากระเบิดที่ มิลเลนเนียมทาวเวอร์...
13-0460	talk	True. And there was that fire that happened here, too.	จริงด้วย แล้วก็มีไฟไหม้เกิดขึ้นแถวนี้ อีกต่างหาก
13-0461	talk	I thought it might be peaceful for a change, but now there's a serial killer on the loose!	นึกว่าจะสงบลงบ้างซะแล้ว แต่ตอนนี้ดันมีฆาตกรต่อเนื่อง หลุดออกมาอาละวาดอีก!
13-0462	talk	Yet... after all this, somehow I can't bring myself to leave. This city's got a charm that's hard to describe.	แต่... ถึงจะเป็นแบบนี้ ก็ยังทำใจย้ายออกไปไม่ได้อยู่ดี เมืองนี้มีเสน่ห์แบบที่บรรยาย ไม่ถูกจริงๆ
13-0463	talk	I saw this gorgeous girl at the Takemitsu the other day. She seemed like nothing special at first...	เมื่อวันก่อนฉันเห็นสาวสวยคนนึง ที่ทาเคมิตสึ ตอนแรกดูเหมือนจะธรรมดาๆ...
13-0464	talk	But then I saw her face as the wind gently caressed her hair. Unexpectedly beautiful girls are the best!	แต่พอเห็นหน้าเธอตอนสายลม พัดผ่านเส้นผมเบาๆ เท่านั้นแหละ สาวสวยแบบไม่คาดคิดนี่สุดยอดที่สุดเลย!
13-0465	talk	No, no! The most beautiful girl in Shichifuku Street is that spunky-looking girl in the white suit!	ไม่ ไม่ใช่! สาวสวยที่สุดในถนนชิจิฟุกุต้อง เป็นสาวหน้าตาห้าวๆ ที่ใส่สูทขาวคนนั้นสิ!
13-0466	talk	She was going into a law office, so she must be really smart. Energetic <font_kind=yakuza_italic>and</font_kind> intelligent—what more could you ask for!	เธอเดินเข้าสำนักงานกฎหมายไป แสดงว่าต้องฉลาดมากแน่ๆ ทั้งกระตือรือร้น<font_kind=yakuza_italic>และ</font_kind>ฉลาด—จะให้ดีไปกว่านี้ได้ยังไงอีก!
13-0467	talk	Apple Pie on Tenkaichi Street is my oasis.	แอปเปิลพายบนถนนเทนไคจิคือ โอเอซิสของฉันเลย
13-0468	talk	Everyone's so nice there. They really seem to enjoy listening to me. Unlike everyone else I know.	ทุกคนที่นั่นใจดีมากเลย ดูเหมือนจะชอบฟังฉันพูดจริงๆ ด้วย ต่างจากคนอื่นที่ฉันรู้จักเลย
13-0469	talk	Oh? But I heard there's a spot in the back where the hostesses hang out and talk shit about their customers.	อ้าว? แต่ได้ยินมาว่ามีมุมข้างในที่ พนักงานฮอสเตสมาแอบนินทา ลูกค้ากันนะ
13-0470	talk	...I hope they're not talking about me!	...หวังว่าคงไม่ได้นินทาฉันอยู่นะ!
13-0471	talk	I-I'm sure they're not!	ไ-ไม่หรอกน่า ไม่มีทาง!
13-0472	talk	I haven't seen any coin locker keys for a while. They used to lying around everywhere.	ไม่ได้เห็นกุญแจ ตู้ล็อกเกอร์หยอดเหรียญมาพักนึง แล้วนะ เมื่อก่อนมันวางเกลื่อนไปหมดเลย
13-0473	talk	I heard there was this guy using the coin lockers to run weapons.	ได้ยินว่ามีคนเอา ตู้ล็อกเกอร์หยอดเหรียญไปใช้ ลักลอบขน อาวุธด้วยนะ
13-0474	talk	So they're more strict about it now.	เลยเข้มงวดเรื่องนี้มากขึ้นตอนนี้ไง
13-0475	talk	Exactly what I'd expect from Kamurocho. The only way the law toughens up is when there's violence.	สมเป็นคามุโรโจจริงๆ กฎหมายจะเข้มงวดขึ้นก็ต่อเมื่อ มีเรื่องรุนแรงเกิดขึ้น เท่านั้นแหละ
13-0476	talk	(Shit!)	(บ้าเอ๊ย!)
13-0477	talk	(They all look the same to me...)	(ทุกคนดูเหมือนกันไปหมดเลยสำหรับผม...)
13-0478	talk	(Not good, I can't let the target out of my sight.)	(ไม่ดีแล้ว ผมคลาดสายตาจากเป้าหมายไม่ได้)
13-0479	talk	(Hm? Is that...?)	(อืม? นั่นมัน...?)
13-0480	talk	(Is that the lover? I'll follow them a bit longer.)	(นั่นคนรักเขาหรือเปล่านะ ตามดูอีกสักหน่อยดีกว่า)
13-0481	talk	Booze... How could I turn it down?	เหล้า... จะปฏิเสธได้ยังไงกันเล่า
13-0482	talk	Agh! Black clothes!	ว้าย! ชุดดำ!
13-0483	talk	N-Not a good place... Better go elsewhere!	ท-ที่นี่ไม่ดีแน่... ไปที่อื่นดีกว่า!
13-0484	talk	Ahh! Black car! I'll go another way!	ว้าย! รถสีดำ! ไปทางอื่นดีกว่า!
13-0485	talk	(Is he turning back? I better hide.)	(เขาจะหันกลับมาเหรอ ผมต้องหลบดีกว่า)
13-0486	talk	(Where can I hide?)	(จะหลบตรงไหนดีนะ?)
13-0487	talk	(Shit. The cops?)	(บ้าเอ๊ย ตำรวจเหรอ?)
13-0488	talk	Oh. I'm glad you turned around!	โอ้ ดีใจจังที่คุณหันมาสนใจ!
13-0489	talk	Don't worry! I'm not a cop.	ไม่ต้องห่วงนะ! ไม่ใช่ตำรวจหรอก
13-0490	talk	Speaking of cops, the boys in blue go wild for the tits we've got in the club!	พูดถึงตำรวจแล้ว พวกตำรวจนี่คลั่งไคล้หน้าอกสาวๆ ในร้านเรามากเลยนะ!
13-0491	talk	...Goddamn barkers.	...ไอ้พวกเรียกแขกน่ารำคาญจริงๆ
13-0492	talk	Shit! I lost him!	บ้าเอ๊ย! คลาดตัวไปซะแล้ว!
13-0493	talk	Oh no! Would tits make you feel better, sir?	แย่จังเลย! ลองดูสาวๆ หน้าอกสวยให้คลายเครียดไหม?
13-0494	talk	(Where did he go? Senryo Avenue? There's a sauna and a mahjong parlor there.)	(เขาไปไหนนะ? ถนนเซ็นเรียวเหรอ? แถวนั้นมีทั้งซาวน่ากับร้านมาจองอยู่)
13-0495	talk	(Or could he have gone to the Champion District? That's a good place to get a drink...)	(หรือว่าจะไปย่านแชมเปี้ยน? แถวนั้นก็เป็นที่ดื่มเหล้าดีๆ เหมือนกัน...)
13-0496	talk	(Think. Where would he head to next?)	(คิดสิ เขาจะไปที่ไหนต่อ?)
13-0497	talk	(There are only two options... Think about what he's been saying!)	(มีแค่สองทางเลือกเท่านั้น... คิดถึงสิ่งที่เขาพูดมาตลอดสิ!)
13-0498	talk	(I knew it. He must really want that drink...)	(รู้แล้วเชียว เขาต้องอยากดื่มเหล้าจริงๆ แน่ๆ...)
13-0499	talk	(The color of their clothing... Could it be?)	(สีของเสื้อผ้าพวกนั้น... จะเป็นไปได้ไหมนะ?)
13-0500	talk	Aaaah! Black! White! Please, have mercy!	ว้าาาย! สีดำ! สีขาว! ขอร้องล่ะ เมตตาผมด้วย!
13-0501	talk	Is he drunk?	เขาเมาหรือเปล่าเนี่ย?
13-0502	talk	(Black and white dogs? Could it be...)	(หมาดำหมาขาวเหรอ? จะเป็นไปได้ไหมนะ...)
13-0503	talk	I-It's that woman's fault...	ม-มันเป็นความผิดของผู้หญิงคนนั้น ทั้งนั้น...
13-0504	talk	I can't take this anymore!	ผมทนไม่ไหวแล้ว!
13-0505	talk	Shit, again!	บ้าเอ๊ย อีกแล้วเหรอ!
13-0506	talk	(Mm? What happened?)	(อืม? เกิดอะไรขึ้น?)
13-0507	talk	(Is he looking for something?)	(เขากำลังมองหาอะไรอยู่หรือเปล่านะ?)
13-0508	talk	Woah! Seriously!?	โห! จริงดิ!?
13-0509	talk	I-I have to put this fire out!	ผ-ผมต้องดับไฟนี่ให้ได้!
13-0510	talk	Whew. That was close. Was that the calamity of fire?	ฮู้ว เฉียดฉิวจริงๆ นั่นมันภัยพิบัติจากไฟหรือเปล่านะ?
13-0511	talk	(Oh, I forgot! Where did he go? I have to catch up!)	(อ้าว ลืมไปเลย! เขาไปไหนแล้วนะ? ต้องตามให้ทันสิ!)
13-0512	talk	(Hm? A yakiniku place? Please don't get roasted...)	(อืม? ร้านยากินิกุเหรอ? ขออย่าให้โดนย่างเลยนะ...)
13-0513	talk	(All right, just leave the place.)	(โอเค ออกจากที่นี่ไปเถอะ)
13-0514	talk	(What is he looking at?)	(เขากำลังมองอะไรอยู่นะ?)
13-0515	talk	(A sign with a handsome host? Could it be... that he wants hair like that?)	(ป้ายรูปโฮสต์หน้าตาดีเหรอ? หรือว่า... เขาอยากได้ทรงผมแบบนั้น?)
13-0516	talk	(A host club?)	(โฮสต์คลับเหรอ?)
13-0517	talk	(Could it be... that he wants to be a host?)	(หรือว่า... เขาอยากเป็นโฮสต์กันแน่?)
13-0518	talk	(Now that I think about it, his hair does seem a little like that of a host's...)	(พอมาคิดดูแล้ว ทรงผมเขาก็ดูคล้ายโฮสต์อยู่ เหมือนกันนะ...)
13-0519	talk	(But there's a lot wrong with it...)	(แต่มันก็ผิดตรงจุดเยอะอยู่นะ...)
13-0520	talk	*sniff* *sniff* I smell it.	*สูด* *สูด* ได้กลิ่นแล้ว
13-0521	talk	You smell Yagami!? Is that son of a bitch nearby!?	ได้กลิ่นยากามิเหรอ!? ไอ้ระยำนั่นอยู่แถวนี้เหรอ!?
13-0522	talk	(Damn... Here of all places?)	(บ้าเอ๊ย... ต้องเป็นที่นี่ด้วยเหรอ?)
13-0523	talk	(I lost sight of the target, so I guess I'll have to go around...)	(คลาดสายตาจากเป้าหมายไปแล้ว คงต้องอ้อมไปทางอื่นแล้วล่ะ...)
13-0524	talk	(What! That's...)	(อะไรกัน! นั่นมัน...)
13-0525	talk	I'll use the ten mil to move me and my wife to Bali!	จะเอาสิบล้านนี่ไปพาเมียย้ายไป อยู่บาหลีซะเลย!
13-0526	talk	The ten million is mine!	สิบล้านนี่ต้องเป็นของผมสิ!
13-0527	talk	(Shit! What do I do!? Is there any way to go around them!?)	(บ้าเอ๊ย! จะทำยังไงดี!? มีทางอ้อมพวกนั้นไปได้ไหมเนี่ย!?)
13-0528	talk	(No. They'll find me!)	(ไม่ได้ พวกเขาจะเจอผมแน่!)
13-0529	talk	(Looks like it's really getting to him...)	(ดูเหมือนมันจะกดดันเขาจริงๆ แฮะ...)
13-0530	talk	Booze... Gimme some damn booze.	เหล้า... ขอเหล้าสักขวดเถอะน่า ขอร้องล่ะ
13-0531	talk	Oh? Yagami-shi? Sorry, but I have my hands full right now.	โอ้? ยากามิเหรอ? ขอโทษด้วยนะ ตอนนี้มือไม่ว่างเลย
13-0532	talk	Come by again later. Although I might still be busy then.	แวะมาใหม่ทีหลังนะ ถึงตอนนั้นอาจจะยังไม่ว่างอยู่ก็ได้
13-0533	talk	I have an extra rice ball, Yagami-shi. You want it?	ฉันมีข้าวปั้นเหลืออยู่อันนึงนะ ยากามิ เอาไหม?
13-0534	talk	Hehe... Isn't it great how convenience store bentos don't go bad even at room temperature?	ฮี่ๆ... เบนโตะร้านสะดวกซื้อนี่เจ๋งดีเนอะ ที่ทิ้งไว้อุณหภูมิห้องแล้วไม่ เสียง่ายๆ
13-0535	talk	Why hello there, Tak. You're looking listless as always.	อ้าว หวัดดีจ้ะทาคุ ยังดูซึมเหมือนเดิมเลยนะ
13-0536	talk	It's times like these when you should go gambling. I bet it'd be easy money for a guy like you.	เวลาแบบนี้แหละที่ควรไปเล่นพนัน ฉันว่ามันได้เงินง่ายๆ สำหรับคนอย่างนายแน่ๆ
13-0537	talk	Ah, right on time, Tak. Would you mind getting rid of this for me?	อ้อ มาถูกจังหวะพอดีเลย ทาคุ ช่วยเอาอันนี้ไปทิ้งให้หน่อยได้ไหม?
13-0538	talk	(Hey, maybe this would work well in an extract.)	(เฮ้ ของชิ้นนี้เอาไปทำสารสกัดได้ดีเลยนะ)
13-0539	talk	...You've been picking up weird things around town, haven't you?	...นายชอบเก็บของแปลกๆ ตามเมืองมาตลอดเลยเนอะ?
13-0540	talk	Way to go, Mari. How observant of you.	เก่งมากนะ มาริ สายตาไวจริงๆ
13-0541	talk	You came at just the right time, Tak. I believe you want this?	มาถูกเวลาพอดีเลย ทาคุ นายอยากได้อันนี้ใช่ไหมล่ะ?
13-0542	talk	Oh, thank you. I will gladly take that off your hands.	โอ้ ขอบคุณนะ ฉันจะรับไว้เองแล้วกัน
13-0543	talk	Ah, the man with the brain behind our campaign!	อ้าว ท่านผู้อยู่เบื้องหลังสมองของ แคมเปญเราเองสินะ!
13-0544	talk	Would you like to have something to eat?	อยากทานอะไรไหมครับ?
13-0545	talk	Yagami-san, good to see you! Want something to eat?	ยากามิซัง ดีใจที่ได้เจอกันอีกนะ! อยากทานอะไรไหม?
13-0546	talk	Thanks! Come back again!	ขอบคุณนะ! แวะมาอีกนะ!
13-0547	talk	Oh, welcome, Yagami-san. Please make yourself comfortable.	อ้อ ยินดีต้อนรับครับ ยากามิซัง เชิญตามสบายเลยนะครับ
13-0548	talk	Also, please let me know if you think of another great plan.	แล้วก็ถ้านึกไอเดียเจ๋งๆ ขึ้นมาได้อีก บอกผมด้วยนะครับ
13-0549	talk	Welcome, Yagami-sama. How about some coffee to help solve those cases?	ยินดีต้อนรับครับ ท่านยากามิ รับกาแฟสักแก้วช่วยไขคดีไหมครับ?
13-0550	talk	There's something peculiar about this stone... It gives off the most curious sensation when held in the palm of my hand.	หินก้อนนี้มีอะไรแปลกๆ อยู่นะครับ... เวลาถือไว้ในมือแล้วรู้สึก ประหลาดอย่างบอกไม่ถูกเลย
13-0551	talk	I take it that's no ordinary stone?	หมายความว่านั่นไม่ใช่หินธรรมดา ใช่ไหมครับ?
13-0552	talk	Actually, I'm curious about that stone. If you don't need it, do you think I could have it?	อันที่จริงผมสนใจหินก้อนนั้นอยู่นะ ถ้าคุณไม่ได้ใช้แล้ว ผมขอได้ไหมครับ?
13-0553	talk	For you, Yagami-sama? That's certainly fine with me...	ให้ท่านยากามิเหรอครับ? ผมไม่ติดอะไรเลยครับ...
13-0554	talk	In fact, there are plenty of them behind the café, so if I come across more, I'll give them to you.	จริงๆ แล้วมีหินแบบนี้อยู่หลังคาเฟ่ เยอะเลยครับ ถ้าเจออีกจะเก็บมาให้ท่านนะครับ
13-0555	talk	Excellent timing, Yagami-sama. I found this behind the café. You're more than welcome to have it, if you'd like.	จังหวะดีเลยครับ ท่านยากามิ ผมเจออันนี้หลังคาเฟ่พอดี ถ้าต้องการก็เอาไปได้เลยครับ
13-0556	talk	Thank you. That helps.	ขอบคุณครับ ช่วยได้เยอะเลย
13-0557	talk	Welcome to Bantam. Would you like to place an order?	ยินดีต้อนรับสู่แบนตัมครับ จะสั่งอะไรดีครับ?
13-0558	talk	Thank you for coming by so often. We look forward to serving you again.	ขอบคุณที่แวะมาบ่อยๆ นะครับ หวังว่าจะได้บริการอีกในครั้งหน้าครับ
13-0559	talk	*sigh* This cloth has gotten quite dirty...	*ถอนหายใจ* ผ้าผืนนี้สกปรกมากแล้วสิ...
13-0560	talk	(That's what he always uses to wipe his cups. I could probably use that as a dust rag.)	(นั่นผ้าที่เขาใช้เช็ดแก้วประจำนี่ ผมคงเอาไปใช้เป็นผ้าเช็ดฝุ่นได้นะ)
13-0561	talk	Um, if you don't mind, do you think I can have that cloth?	เอ่อ ถ้าคุณไม่ว่าอะไร ผมขอผ้าผืนนั้นได้ไหมครับ?
13-0562	talk	Pardon? ...Well, sure, if you're fine taking this filthy rag off my hands...	ว่าไงนะครับ? ...เอาก็ได้ครับ ถ้าคุณโอเคที่จะรับผ้าขี้ริ้ว สกปรกนี่ไป...
13-0563	talk	Yagami-sama. I have another dirty cloth, so would you like to have it?	ท่านยากามิครับ ผมมีผ้าสกปรกอีกผืนนึงนะ อยากได้ไหมครับ?
13-0564	talk	Absolutely. I'm sure I can put it to good use.	เอาสิครับ ผมเอาไปใช้ประโยชน์ได้แน่นอน
13-0565	talk	Thank you for stopping by, Yagami-sama. Care to place an order?	ขอบคุณที่แวะมานะครับ ท่านยากามิ จะสั่งอะไรดีครับ?
13-0566	talk	Thank you very much. We look forward to seeing you soon.	ขอบคุณมากครับ หวังว่าจะได้เจอกันอีกเร็วๆ นี้นะครับ
13-0567	talk	So I was hiking in the mountains the other day, I discovered the most beautiful piece of wood...	เมื่อวันก่อนตอนที่ผมไปปีนเขามา ผมเจอไม้ที่สวยที่สุดเท่าที่เคย เห็นเลยครับ...
13-0568	talk	I thought I'd put it on display because of its striking appearance, but my customers don't like how it smells.	ตอนแรกคิดจะเอามาโชว์เพราะ รูปลักษณ์มันโดดเด่นดี แต่ลูกค้าดันไม่ชอบกลิ่นมันซะงั้น
13-0569	talk	(Wow. It's pretty. Could I use this for something?)	(โห สวยจัง เอาไปใช้อะไรได้บ้างนะ?)
13-0570	talk	If you don't mind, do you think I could have it?	ถ้าคุณไม่ว่าอะไร ผมขอได้ไหมครับ?
13-0571	talk	Ah, I'd be happy to offer it to you.	อ้อ ยินดีให้เลยครับ
13-0572	talk	Mountain climbing is one of my favorite hobbies, so I'll bring you more as I find them.	การปีนเขาเป็นงานอดิเรกโปรดของผมเลย เจออีกเมื่อไหร่จะเอามาให้อีกนะครับ
13-0573	talk	Yagami-sama, I've found another rare piece of wood. Would you like to have it?	ท่านยากามิครับ ผมเจอไม้หายากอีกชิ้นนึง อยากได้ไหมครับ?
13-0574	talk	Yes, of course.	ได้แน่นอนครับ
13-0575	talk	Yagami-san! Please, make yourself comfortable and order up a heaping helping of barbecue!	ยากามิซัง! เชิญตามสบายเลย แล้วสั่งบาร์บีคิวเพียบๆ ไปเลยนะ!
13-0576	talk	In fact it was so good, I came here again by myself. Hahahahaha!	อันที่จริงมันอร่อยมากจนผม กลับมากินคนเดียวอีกรอบเลยล่ะ ฮ่าๆๆๆ!
13-0577	talk	Here you go, Taka! I brought you some extra drone parts!	นี่ไง ทากะ! ผมเอาชิ้นส่วนโดรนมาให้เพิ่มด้วยนะ!
13-0578	talk	This ramen's so tasty, I just can't help myself!	ราเมงร้านนี้อร่อยจนผมอดใจไม่ ไหวเลยจริงๆ!
13-0579	talk	Back again, Yagami? Please enjoy your meal!	กลับมาอีกแล้วเหรอ ยากามิ? ทานให้อร่อยนะ!
13-0580	talk	Welcome, Yagami-san! We got some fresh wasabi in today.	ยินดีต้อนรับครับ ยากามิซัง! วันนี้มีวาซาบิสดเข้ามาใหม่ด้วยนะ
13-0581	talk	How about some prawns and a small dish of soy sauce mixed with grated wasabi?	รับกุ้งกับซอสถั่วเหลืองผสม วาซาบิบดสักจานไหมครับ?
13-0582	talk	Hehe. Thanks to you, I've gotten pretty good at learning the head chef's bizarre sushi jargon.	เฮ่อ ต้องขอบคุณคุณเลยนะครับที่ทำให้ ผมเริ่มเข้าใจศัพท์ซูชิแปลกๆ ของหัวหน้าเชฟได้มากขึ้น
13-0583	talk	Welcome to our bakery, sir. What can I get you today?	ยินดีต้อนรับสู่ร้านเบเกอรี่ค่ะ วันนี้รับอะไรดีคะ?
13-0584	talk	Thanks for always stopping by. Please come again.	ขอบคุณที่แวะมาประจำนะคะ เชิญมาใหม่นะคะ
13-0585	talk	Take a look at this! Isn't this the most beautiful shell you've ever seen?	ดูนี่สิ! นี่มันเปลือกหอยที่สวยที่สุด เท่าที่เคยเห็นเลยใช่ไหมล่ะ?
13-0586	talk	I picked it up on the beach near my house. I was going to display it in the store, but I was told not to...	ฉันเก็บมาจากชายหาดใกล้บ้านน่ะ ตั้งใจจะเอามาโชว์ในร้าน แต่โดนห้ามซะก่อน...
13-0587	talk	(Wow. That's a beautiful shell.)	(โห เปลือกหอยสวยจังเลย)
13-0588	talk	Um, if you don't mind, do you think I can have that shell?	เอ่อ ถ้าคุณไม่ว่าอะไร ผมขอเปลือกหอยนั้นได้ไหมครับ?
13-0589	talk	Huh? Oh, sure. A lot of these wash up on the shore around where I live.	หา? อ้อ ได้สิ แถวบ้านฉันมีเปลือกหอยแบบนี้ เกลื่อนชายหาดเลยนะ
13-0590	talk	Guess what? I found another beautiful shell, so please feel free to take it.	เดาสิว่าอะไร? ฉันเจอเปลือกหอยสวยๆ อีกอันนึงแล้ว เอาไปได้เลยนะ
13-0591	talk	Welcome, Yagami-san! How about trying one of our delicious beef bowls!?	ยินดีต้อนรับครับ ยากามิซัง! ลองข้าวหน้าเนื้อสุดอร่อยของ ร้านเราดูไหมครับ!?
13-0592	talk	Hello there! The name's Hanae Ida, and I'm coming at ya with a special Smile Sale!	สวัสดี! ชื่อฮานาเอะ อิดะนะ มาพร้อมกับสไมล์เซลสุดพิเศษเลย!
13-0593	talk	Won't you satisfy your stomach with a Smile Burger? It's sure to make you smile! ♪	อิ่มท้องด้วยสไมล์เบอร์เกอร์กันไหม? รับรองว่ายิ้มออกแน่นอน! ♪
13-0594	talk	Surprise! I have a wonderful present for you today! It's a four-leaf clover that's sure to bring you good luck!	เซอร์ไพรส์! วันนี้มีของขวัญสุดวิเศษมาฝากด้วยนะ! เป็นโคลเวอร์สี่แฉกที่นำโชคดีมา ให้แน่นอน!
13-0595	talk	But the best way to bring happiness is to simply smile!	แต่วิธีที่ดีที่สุดที่จะ มีความสุขก็คือแค่ยิ้มเข้าไว้ นี่แหละ!
13-0596	talk	Why so serious? You should put a <font_kind=yakuza_italic>smiiile</font_kind> on that face!	ทำไมต้องซีเรียสขนาดนั้น? ยิ้ม<font_kind=yakuza_italic>หวานๆ</font_kind>หน่อยสิ!
13-0597	talk	Welcome! Thank you for always coming by!	ยินดีต้อนรับครับ! ขอบคุณที่แวะมาประจำนะครับ!
13-0598	talk	Welcome. Thank you for choosing us today.	ยินดีต้อนรับครับ ขอบคุณที่เลือกร้านเราวันนี้นะครับ
13-0599	talk	Yagami-san! Thanks for stopping in!	ยากามิซัง! ขอบคุณที่แวะมานะ!
13-0600	talk	Thanks for coming!	ขอบคุณที่มานะ!
13-0601	talk	Yagami-san! Here's a little present for you.	ยากามิซัง! นี่ของขวัญเล็กๆ น้อยๆ ให้นะ
13-0602	talk	I picked it up when I went traveling with my boyfriend.	เก็บมาตอนไปเที่ยวกับแฟนหนุ่มน่ะ
13-0603	talk	Nooo... I've ruined this precious cloth...	ไม่นะ... ผ้าล้ำค่าผืนนี้พังซะแล้ว...
13-0604	talk	Oh, welcome, Yagami-sama.	อ้อ ยินดีต้อนรับครับ ท่านยากามิ
13-0605	talk	Um, if you don't need it anymore, is there any chance I can have that cloth? I might actually be able to use it.	เอ่อ ถ้าคุณไม่ใช้ผ้าผืนนั้นแล้ว ผมขอได้ไหมครับ? ผมอาจจะเอาไปใช้ประโยชน์ได้
13-0606	talk	Huh? If you don't mind it being so dirty, then go ahead and take it.	หา? ถ้าคุณไม่รังเกียจที่มันสกปรกขนาดนี้ ก็เอาไปได้เลยครับ
13-0607	talk	(This might be useful for something.)	(อันนี้น่าจะเอาไปใช้ประโยชน์ได้นะ)
13-0608	talk	Yagami-sama. I actually smudged up another cloth of mine. Would you care to take it?	ท่านยากามิครับ ผมเผลอทำผ้าอีกผืนเปื้อนไปอีกแล้ว จะรับไปไหมครับ?
13-0609	talk	Hey, thanks for coming, Yagami-san. Things are going great with Miharu-chan. Hehehe.	เฮ้ ขอบคุณที่แวะมานะ ยากามิซัง กับมิฮารุจังไปได้สวยเลยล่ะ เฮ่อๆ
13-0610	talk	Thank you very much, Yagami-san.	ขอบคุณมากเลยนะ ยากามิซัง
13-0611	talk	Yagami-san, I got you something! I found it on the beach when Miharu-chan and I were on a trip.	ยากามิซัง ผมมีของมาฝากด้วยครับ! ไปเที่ยวทะเลกับมิฮารุจังแล้ว บังเอิญไปเจอเข้าน่ะครับ
13-0612	talk	Yagami-san, I have a gift for you today. I picked it up when I went traveling with my boyfriend...	ยากามิซัง วันนี้ฉันมีของขวัญมาให้ค่ะ เก็บมาตอนไปเที่ยวกับแฟนหนุ่มน่ะค่ะ...
13-0613	talk	Hehe, I'm glad you like it.	เฮ่อ ๆ ดีใจจังที่คุณชอบนะคะ
13-0614	talk	Yo, Yagami-san. I got some extra extract ingredients left. I'll let you have one.	เฮ้ ยากามิซัง ผมได้วัตถุดิบสารสกัดมาเกินอยู่ ชิ้นนึง เอาไปเลยละกัน
13-0615	talk	Oh, thank you so much!	โอ้ ขอบคุณมาก ๆ เลยครับ!
13-0616	talk	Hmm... I don't care how expensive this cigarette was, I can't taste the difference.	หืม... บุหรี่มวนนี้แพงแค่ไหนฉันก็แยก รสไม่ออกอยู่ดี
13-0617	talk	(That cigarette butt... For some reason, I feel like it might come in handy.)	(ก้นบุหรี่มวนนั้นสินะ... ทำไมรู้สึกว่ามันอาจมีประโยชน์ ก็ไม่รู้)
13-0618	talk	Yosuke-kun, if you're going to throw that away, could I have it instead?	โยสึเกะคุง ถ้าจะทิ้งอันนั้นอยู่แล้ว ขอผมแทนได้ไหมครับ
13-0619	talk	I actually need more of these, so let me know whenever you have any.	จริง ๆ แล้วผมต้องการอีกหลายชิ้นเลย มีเมื่อไรบอกผมด้วยนะครับ
13-0620	talk	You sure collect some weird stuff, Yagami-san. But okay.	คุณนี่สะสมของแปลก ๆ จริงนะยากามิซัง แต่ก็ได้
13-0621	talk	Yagami-san, do you want this cigarette butt?	ยากามิซัง เอาก้นบุหรี่นี้ไปไหม
13-0622	talk	Yeah, I'll take it.	เอาสิ ผมเอา
13-0623	talk	Whew! Gold Viper's probably the only energy drink that actually has any effect on me.	โอ้โฮ! Gold Viper คงเป็นเครื่องดื่มชูกำลังยี่ห้อ เดียวที่ยังได้ผลกับฉันจริง ๆ
13-0624	talk	(That bottle could work in an extract.)	(ขวดนั้นเอาไปทำสารสกัดได้)
13-0625	talk	Hey, if you don't need that bottle, could I have it?	นี่ ถ้าคุณไม่ต้องการขวดนั้นแล้ว ขอผมได้ไหม
13-0626	talk	Huh? Sure.	หา? ได้สิ
13-0627	talk	Why do you want something like this, though?	อยากได้ของแบบนี้ไปทำไมเหรอ
13-0628	talk	Oh, it's kind of hard to explain...	อ่อ... มันอธิบายยากหน่อยน่ะ
13-0629	talk	Wow, an extract, huh? That's pretty random.	ว้าว สารสกัดเหรอ แปลกดีนะ
13-0630	talk	Seriously. But what I need can be found lying around on Pink Street, so can you give me anything you find?	เอาจริง ๆ นะ แต่ของที่ผมต้องการหาได้ทั่วไป แถวถนนพิงก์สตรีทเลย ถ้าเจออะไรก็ขอด้วยได้ไหม
13-0631	talk	Sure, will do.	ได้เลย จะรีบมา
13-0632	talk	Yagami-san. I stumbled across something you might want. Can you use this?	ยากามิซัง ฉันบังเอิญไปเจอของบางอย่างที่ คุณอาจต้องการ เอาไปใช้ได้ไหม
13-0633	talk	Definitely. I'll take it. Let me know if you find anything else.	ได้แน่นอน ผมเอาเลย มีอะไรอีกก็บอกผมด้วยนะ
13-0634	talk	Oh Yagami-san, check this out. This here's a real bullet.	เฮ้ ยากามิซัง ดูนี่สิ นี่กระสุนจริงเลยนะ
13-0635	talk	How dangerous... How'd you get this?	อันตรายขนาดนี้... ได้มันมายังไง
13-0636	talk	One of the people I collect from lives in a dangerous area where you can find a whole bunch of 'em lying around.	คนที่ฉันเก็บของด้วยอยู่ในย่านอันตราย มีของแบบนี้ตกอยู่เกลื่อนเลยล่ะ
13-0637	talk	(A bullet, huh? For some reason... I get the feeling I should keep it.)	(กระสุนเหรอ... ทำไมรู้สึกว่าควรเก็บไว้ก็ไม่รู้)
13-0638	talk	Kamaguchi-san, you think you can give that to me? I kinda need it for something...	คามากูจิซัง ให้ผมได้ไหมครับ ผมต้องใช้มันทำอะไรบางอย่างน่ะ...
13-0639	talk	Huh? Yeah, sure.	หา? เออ ได้สิ
13-0640	talk	Hopefully you don't find any more of these. But if you do, I kinda need them for something.	หวังว่าจะไม่เจอแบบนี้อีกนะ แต่ถ้าเจอ ผมก็ยังต้องใช้อยู่ดี
13-0641	talk	Haha, you collect some pretty odd stuff, Yagami-san.	ฮ่า ๆ ยากามิซังนี่สะสมของแปลก ๆ จริงนะ
13-0642	talk	Yagami-san. I picked up another bullet. Here, take it.	ยากามิซัง ฉันเก็บกระสุนมาได้อีกนัด เอาไปเลย
13-0643	talk	Oh, thank you so much.	โอ้ ขอบคุณมาก ๆ เลยครับ
13-0644	talk	Hey, don't you feel some type of aura emanating from this stone?	นี่ ไม่รู้สึกถึงพลังประหลาดที่ แผ่ออกมาจากก้อนหินนี้บ้างเหรอ
13-0645	talk	I don't really know what that is, man...	ไม่รู้เหมือนกันว่ะ ว่ามันคืออะไร...
13-0646	talk	(Oh, that stone might be a good extract ingredient.)	(อ้อ ก้อนหินนั่นอาจเป็น วัตถุดิบสารสกัดชั้นดีก็ได้)
13-0647	talk	Deguchi-san, if you don't mind, could you give me that stone? I'm collecting it for something.	เดกุจิซัง ถ้าไม่ว่าอะไร ขอก้อนหินนั่นได้ไหมครับ ผมกำลังเก็บมันเพื่อทำอะไร บางอย่างอยู่น่ะ
13-0648	talk	Huh? Sure, I just picked it up somewhere over there.	หา? ได้ครับ ผมเพิ่งเก็บมาจากแถวนั้นเอง
13-0649	talk	Thanks. If you find more, could I have those too?	ขอบคุณครับ ถ้าเจออีกก็ขอด้วยได้ไหม
13-0650	talk	Yeah, I'll provide as many stones as you need, Yagami-san!	ได้เลยครับ จะหาหินมาให้เท่าที่ยากามิซัง ต้องการเลย!
13-0651	talk	Yagami-san. I found this strange stone again, so I'll give it to you.	ยากามิซัง ผมเจอก้อนหินประหลาดนี้อีกแล้ว เอาไปเลยครับ
13-0652	talk	Yagami-kun, I hope you've been keeping well. Thanks for helping out so often.	ยากามิคุง หวังว่าคุณจะสบายดีนะ ขอบคุณมากที่ช่วยเหลือบ่อย ๆ
13-0653	talk	Let me know the next time you're available to help!	ถ้าว่างเมื่อไรก็บอกผมด้วยนะครับ
13-0654	talk	Eureka! You found me again! ♪	ยูเรก้า! เจอฉันอีกแล้ว! ♪
13-0655	talk	I'm so happy you came, Yagami-san! Stay for as long as you like!	ดีใจจังที่มาหานะคะ ยากามิซัง! อยู่นานเท่าไรก็ได้เลยค่ะ!
13-0656	talk	Hey! You can't just barge in here!	เฮ้! จะบุกเข้ามาแบบนี้ไม่ได้นะ!
13-0657	talk	Yeah! Now get lost!	ใช่! ไปให้พ้นเลย!
13-0658	talk	S-Sorry.	ข-ขอโทษครับ
13-0659	talk	Hey there, Yagami-san. 	ไง ยากามิซัง
13-0660	talk	Hey. You were Madoka-chan's senpai, right?	ไง คุณเป็นรุ่นพี่ของมาโดกะจังใช่ไหม
13-0661	talk	Yeah, my name's Akko. Why don't we hang out together sometime?	ใช่ ฉันชื่ออักโกะ ไปเที่ยวด้วยกันสักวันไหมล่ะ
13-0662	talk	I'm Rinko. You wanna be my sugar daddy, Yagami-san?	ฉันชื่อรินโกะค่ะ อยากเป็นซูก้าร์แดดดี้ให้ฉันไหมคะ ยากามิซัง
13-0663	talk	Maybe when you guys get into college and happen to be short on money.	อาจจะตอนที่พวกคุณเข้ามหาลัย แล้วบังเอิญขาดเงินมั้ง
13-0664	talk	Ahaha, like that'll ever happen! I stopped using my brain a <font_kind=yakuza_italic>loooong</font_kind> time ago.	ฮ่าฮ่า อย่างนั้นไม่มีทางเกิดขึ้นหรอก! ฉันเลิกใช้สมองมาตั้ง<font_kind=yakuza_italic>นาน</font_kind>แล้วล่ะ
13-0665	talk	Just come by and be one of our regulars, then. We'll hook you up with a nice discount.	งั้นก็แวะมาเป็นลูกค้าประจำละกันนะคะ จะลดราคาพิเศษให้เลย
13-0666	talk	Hmm. I'll consider it.	อืม ผมจะลองพิจารณาดู
13-0667	talk	Oh, hi Yagami-san!	อ๊ะ สวัสดีค่ะ ยากามิซัง!
13-0668	talk	Madoka-chan? I thought you quit already.	มาโดกะจัง? นึกว่าลาออกไปแล้วซะอีก
13-0669	talk	I did, but one of the other girls got sick. So I'm temporarily filling in for her.	ลาออกไปแล้วจริงค่ะ แต่มีพนักงานอีกคนป่วย เลยมาช่วยแทนชั่วคราวน่ะค่ะ
13-0670	talk	That's very admirable of you. Especially since you didn't seem too fond of working here.	น่ายกย่องจริง ๆ โดยเฉพาะตอนที่คุณดูไม่ค่อยชอบ ทำงานที่นี่เท่าไรด้วย
13-0671	talk	Well, they all treat me well, so I'm just doing my part.	ทุกคนดูแลฉันดีมากค่ะ ก็เลยทำหน้าที่ของตัวเองไปเรื่อย ๆ ค่ะ
13-0672	talk	Gotcha. How's college life?	เข้าใจแล้ว ชีวิตมหาลัยเป็นยังไงบ้าง
13-0673	talk	It's going good, thanks to you. I finally paid off my student loans and my grades have only been getting better.	ไปได้ดีค่ะ ต้องขอบคุณคุณด้วยนะคะ ในที่สุดก็ผ่อนเงินกู้ยืมเรียนหมดแล้ว แถมเกรดก็ดีขึ้นเรื่อย ๆ ด้วย
13-0674	talk	Good to hear. Maybe I'll see you around then?	ดีใจด้วยนะ งั้นแล้วเจอกันอีกไหม
13-0675	talk	Sure!	ได้ค่ะ!
13-0676	talk	Huh? Why's this not opening...?	หา? ทำไมเปิดไม่ได้นะ...?
13-0677	talk	Hey. You need to leave. Or did you have a key?	นี่ ออกไปซะ หรือว่านายมีกุญแจ
13-0678	talk	A key for what?	กุญแจอะไร
13-0679	talk	If you don't know, then beat it.	ถ้าไม่รู้ก็ไสหัวไปซะ
13-0680	talk	(What could possibly be inside?)	(ข้างในนี้จะมีอะไรกันนะ)
13-0681	talk	So do you have a key?	งั้นนายมีกุญแจไหมล่ะ
13-0682	talk	(Is this the thing the girl at Apple Pie told me about?)	(นี่คือเรื่องที่สาวที่แอปเปิล พายเล่าให้ฟังหรือเปล่านะ)
13-0683	talk	Come on in.	เข้ามาสิ
13-0684	talk	(Let's see if I can get this open.)	(ลองดูซิว่าจะเปิดได้ไหม)
13-0685	talk	So this is where people play professional mahjong.	ที่นี่สินะ ที่ที่คนมาเล่นมาจองอาชีพกัน
13-0686	talk	Oh, do we have ourselves a newcomer?	โอ้ มีคนหน้าใหม่มาด้วยเหรอเนี่ย
13-0687	talk	Yeah, I managed to get a key somehow.	ใช่ ผมได้กุญแจมาโดยบังเอิญน่ะ
13-0688	talk	I see. Talk to the guy at the mahjong table when you want to play at the high-stakes table.	เข้าใจแล้ว อยากเล่นโต๊ะเดิมพันสูงก็ไปคุย กับคนที่โต๊ะมาจองได้เลย
13-0689	talk	Yagami-san, you know about Lullaby, right? The mahjong parlor that's in the same building as us?	ยากามิซัง รู้จักร้านลัลลาบายไหมคะ ร้านมาจองที่อยู่ตึกเดียวกับ พวกเรานี่แหละ
13-0690	talk	Yeah. What about it?	รู้ แล้วทำไมเหรอ
13-0691	talk	Apparently there's a "special room" in there.	ได้ยินว่าข้างในมี 'ห้องพิเศษ' ด้วยนะคะ
13-0692	talk	A special room?	ห้องพิเศษเหรอ
13-0693	talk	Yeah. I hear that's where all the pros go to play mahjong. Not that I would know.	ใช่ค่ะ ได้ยินมาว่านั่นแหละที่พวกโปรมา เล่นมาจองกัน ฉันเองก็ไม่รู้หรอกนะ
13-0694	talk	Huh... that actually sounds kinda fun.	ห๊ะ... ฟังดูสนุกดีเหมือนกันนะ
13-0695	talk	So I ended up getting this key from a customer. You want it?	เลยได้กุญแจดอกนี้มาจากลูกค้าคนนึงค่ะ เอาไปไหมคะ
13-0696	talk	Oh, definitely! Thanks. I'll be sure to check it out.	เอาสิ! ขอบคุณนะ เดี๋ยวจะไปดูให้ได้
13-0697	talk	Yagami-san, listen to this. There was this famous politician who came to our place not too long ago.	ยากามิซัง ฟังนี่นะคะ มีนักการเมืองชื่อดังมาที่ร้าน เราเมื่อไม่นานมานี้
13-0698	talk	Oh yeah? Who was it?	อ้อเหรอ ใครล่ะ
13-0699	talk	Miki, a former professional wrestler.	มิกิค่ะ อดีตนักมวยปล้ำอาชีพ
13-0700	talk	Huh? Isn't that the guy who was all over the news...? Some kinda scandal or something?	หา? นั่นไม่ใช่คนที่เพิ่งเป็นข่าวเหรอ...? เรื่องอื้อฉาวอะไรสักอย่าง?
13-0701	talk	That's right! So get this. Miki actually came in here wearing dark sunglasses and a hat, but I recognized him right away?	ใช่เลยค่ะ! เอาเถอะ ฟังนี่นะ มิกิใส่แว่นกันแดดกับหมวกมาที่ร้านเรา แต่ฉันจำได้ทันทีเลย
13-0702	talk	And would you believe he's a masochist? He wanted me to do some wrestling moves on him... Kinky, right?	แล้วเชื่อไหมล่ะว่าเขาเป็นมาโซคิสต์ อยากให้ฉันจับล็อกมวยปล้ำใส่เขา ซะอย่างนั้น... เพี้ยนดีเนอะ?
13-0703	talk	Huh. How about that.	หืม เหรอเนี่ย
13-0704	talk	Wanna hear about the photo that started the whole scandal?	อยากฟังเรื่องภาพถ่ายที่ทำให้ เรื่องอื้อฉาวนี้เริ่มต้นไหมล่ะ
13-0705	talk	...That's amazing! You actually beat Miki in a fight?	...เจ๋งมากเลย! คุณเอาชนะมิกิในการต่อสู้จริง ๆ เหรอ?
13-0706	talk	Yup. Although he might have been rusty since he's been in politics for so long.	ใช่ครับ แม้จะฝีมือตกไปหน่อยเพราะอยู่ใน วงการเมืองมานานก็ตาม
13-0707	talk	You really saved my ass last time. Thanks to you, I finally got rid of the bounty the Keihin Gang put on my head.	คุณช่วยผมไว้เมื่อคราวก่อนจริง ๆ นะ ต้องขอบคุณคุณเลยที่ในที่สุดผม ก็หลุดพ้นจากค่าหัวที่ แก๊งเคฮินตั้งเอาไว้ได้
13-0708	talk	Oh, I'm so glad! Madoka was really worried about you, you know?	โอ้ ดีใจจังค่ะ! มาโดกะเป็นห่วงคุณมากเลยนะ รู้ไหม
13-0709	talk	I never expected Madoka-chan would be the one rescuing me.	ไม่คิดเลยว่ามาโดกะจังจะเป็นคน ที่มาช่วยผมไว้
13-0710	talk	Yeah, she just happened to be at the club at the time. As soon as I told her your situation, she said we had to help.	ใช่ค่ะ เธอบังเอิญอยู่ที่ร้านพอดี พอฉันเล่าสถานการณ์ของคุณให้ฟัง เธอก็บอกว่าต้องช่วยทันที
13-0711	talk	Tell her thank you for me, will you?	ช่วยฝากขอบคุณเธอแทนผมด้วยได้ไหม
13-0712	talk	(I know this girl... She's the one who came to me about the sexual harassment issue...)	(ผู้หญิงคนนี้ผมรู้จัก... เธอคือคนที่มาปรึกษาผมเรื่องถูก คุกคามทางเพศนี่นา...)
13-0713	talk	You know her, Yagami-san?	รู้จักเธอด้วยเหรอ ยากามิซัง
13-0714	talk	Yeah, I guess you could say that.	ใช่ พอจะพูดได้แบบนั้นแหละ
13-0715	talk	W-W-What are <font_kind=yakuza_italic>you</font_kind> doing here!?	ว-ว-ว่าแต่<font_kind=yakuza_italic>คุณ</font_kind>มาทำอะไรที่นี่!?
13-0716	talk	Relax, I just happened to be here. You?	ใจเย็น ๆ ผมก็แค่บังเอิญมาแถวนี้ แล้วคุณล่ะ?
13-0717	talk	<font_kind=yakuza_italic>I</font_kind> was <font_kind=yakuza_italic>fired</font_kind> because of you! So I'm looking for a new job!	<font_kind=yakuza_italic>ฉัน</font_kind>ถูก<font_kind=yakuza_italic>ไล่ออก</font_kind>ก็เพราะคุณ! เลยต้องมาหางานใหม่!
13-0718	talk	Okay. But why here?	โอเค แต่ทำไมต้องมาที่นี่ด้วยล่ะ
13-0719	talk	Hmph. Because I'm good at toying with men. As you are well aware.	ฮึ่ม เพราะฉันเก่งเรื่องเล่นตัวกับผู้ชายไง คุณก็รู้ดีอยู่แล้วนี่
13-0720	talk	Ooh, did she toy with you too, Yagami-san?	โอ้โห เธอเคยเล่นตัวกับคุณด้วยเหรอ ยากามิซัง
13-0721	talk	Ah—well. Yeah. I guess she did.	เอ่อ... ก็ใช่ ผมว่าใช่นะ
13-0722	talk	I guess even you can't resist the comforting allure of a woman's soft chest.	เห็นไหมล่ะ ต่อให้เป็นคุณก็ต้านทานเสน่ห์อกอุ่น ๆ ของผู้หญิงไม่ไหวเหมือนกัน
13-0723	talk	That's... not what happened.	นั่นมัน... ไม่ใช่แบบที่คิดหรอกนะ
13-0724	talk	Oh, Yagami-san. You're not here to fondle one of us up, are you?	อุ๊ย ยากามิซัง มาที่นี่เพื่อจะลวนลามพวกเรา หรือเปล่าเนี่ย
13-0725	talk	No way. I just wanted to kill some time.	ไม่มีทาง ผมแค่อยากฆ่าเวลาเฉย ๆ
13-0726	talk	So detectives have a lot of time on their hands, huh?	งั้นนักสืบก็มีเวลาว่างเยอะเลยสินะ
13-0727	talk	Haha, I won't deny that.	ฮ่า ๆ อันนี้ปฏิเสธไม่ได้เลย
13-0728	talk	Hey, Yagami-san, tell me what you think. Did I put on too much makeup?	นี่ ยากามิซัง บอกความเห็นหน่อยสิ วันนี้ฉันแต่งหน้าเยอะไปหรือเปล่า
13-0729	talk	Hmm. I wouldn't say that.	อืม ผมว่าไม่นะ
13-0730	talk	*sigh* I must be getting old, then. My makeup hasn't been sitting well.	*ถอนหายใจ* คงต้องยอมรับว่าแก่ตัวลงแล้วสินะ เครื่องสำอางมันเข้าผิวไม่ค่อย ติดเหมือนก่อนแล้ว
13-0731	talk	Don't worry about it. The customers are only checking out your tits anyway.	ไม่ต้องห่วงหรอกค่ะ ลูกค้าดูแต่นมพี่อยู่แล้ว
13-0732	talk	The customers might not notice, but you do, I'm sure?	ลูกค้าอาจไม่สังเกตหรอก แต่ตัวเธอเองสังเกตแน่ ๆ ใช่ไหมล่ะ
13-0733	talk	Don't worry about what I think.	ไม่ต้องสนใจว่าผมคิดยังไงหรอกน่า
13-0734	talk	Hey, Yagami-san. Is it true that all men get turned on by schoolgirls in uniform?	นี่ ยากามิซัง จริงไหมคะที่ว่าผู้ชายทุกคน เงี่ยนเด็กนักเรียนที่ใส่ ชุดยูนิฟอร์ม
13-0735	talk	Gee, I would hope not...	หวังว่าจะไม่จริงนะ...
13-0736	talk	A customer once told me that uniforms remind men of their youthful adolescent days... Back when they had their first love.	มีลูกค้าคนนึงเคยบอกว่าชุด ยูนิฟอร์มทำให้ผู้ชายคิดถึง วัยรุ่นตอนวัยเจริญพันธุ์... ตอนที่เพิ่งมีรักครั้งแรก
13-0737	talk	He also said it triggers the feeling of having a raging boner all the time.	แล้วเขายังบอกอีกว่ามันกระตุ้น ให้อารมณ์พลุ่งพล่าน ตลอดเวลาด้วยนะ
13-0738	talk	Yagami-san, is that true?	ยากามิซัง จริงหรือเปล่าคะเนี่ย
13-0739	talk	I honestly wouldn't know.	ผมก็ไม่รู้เหมือนกันจริง ๆ
13-0740	talk	It sure is cold today. It's worse because my tits are hanging out half the time.	วันนี้หนาวจริง ๆ ค่ะ ยิ่งแย่เข้าไปอีกเพราะนมโผล่มา ครึ่งค่อนวันเลย
13-0741	talk	Oww... That pervert grabbed my boobs way too hard.	โอ๊ย... ลูกค้าหื่นคนนั้นบีบนมแรงเกินไปจริง ๆ
13-0742	talk	That's nothing! I actually got bit one time.	นั่นยังไม่เท่าไรเลยค่ะ! ฉันเคยโดนกัดด้วยซ้ำ
13-0743	talk	Oh. Yagami-san. Didn't see you there... Well, this is awkward.	อ้าว ยากามิซัง ไม่เห็นสังเกตเลยว่ามาอยู่ตรงนี้... เอาล่ะ อายจัง
13-0744	talk	So this customer tells me my ass is too firm. Totally rude, right?	ลูกค้าคนนึงบอกว่าก้นฉันแน่นเกินไป หยาบคายชะมัด จริงไหมล่ะ
13-0745	talk	Maybe because you've been going to the gym lately?	อาจเป็นเพราะช่วงนี้ไปยิมบ่อย หรือเปล่าคะ
13-0746	talk	Wasn't there a customer who was super obsessed with butts? I haven't seen him around lately.	มีลูกค้าคนนึงที่หมกมุ่นกับก้น มากเลยใช่ไหม ไม่เห็นมาพักนี้เลย
13-0747	talk	Oh yeah... That guy with the beard. Ugh, he was gross.	อ๋อ... คนมีเคราคนนั้นใช่ไหมคะ เขาน่ารังเกียจมากเลย
13-0748	talk	So this total creeper came in a while back. He asked if he could sniff our panties.	มีคนแปลก ๆ คนนึงเข้ามาก่อนหน้านี้ ถามว่าขอดมกางเกงในพวกเราได้ไหม
13-0749	talk	Yeah. He offered to pay for mine. I wonder what happened to him?	ใช่ค่ะ เขาเสนอจะจ่ายเงินซื้อของฉันด้วย ไม่รู้เหมือนกันว่าตอนนี้เขา เป็นยังไงบ้าง
13-0750	talk	Oh crap. I forgot to pluck my nipple hair out.	อุ๊ย ลืมถอนขนหัวนมออกซะอีก
13-0751	talk	It's fine. The club's super dark, so no one'll see a thing.	ไม่เป็นไรหรอกค่ะ ในร้านมืดมาก ไม่มีใครเห็นหรอก
13-0752	talk	Eww, what is this hair on me?	เอ๊ะ นี่เส้นผมอะไรอยู่บนตัวฉันเนี่ย
13-0753	talk	Isn't it from the guy you were just with? It's all curly.	นั่นไม่ใช่ของผู้ชายที่พี่เพิ่ง อยู่ด้วยเหรอคะ หยิกฟูขนาดนี้
13-0754	talk	But... that guy was bald.	แต่... คนนั้นหัวล้านนะ
13-0755	talk	I don't think I want to know any more.	ไม่อยากรู้ต่อแล้วค่ะ
13-0756	talk	I heard you coughing earlier. You don't have the flu, do you?	เมื่อกี้ได้ยินคุณไอนะคะ ไม่ได้เป็นไข้หวัดใหญ่ใช่ไหม
13-0757	talk	What? No way.	อะไรนะ? ไม่มีทาง
13-0758	talk	So, I was watching this really cheesy movie with my boyfriend yesterday. And he was totally crying his eyes out!	เมื่อวานฉันดูหนังน้ำเน่าเรื่อง นึงกับแฟนหนุ่มค่ะ แล้วเขาก็ร้องไห้หนักมากเลย!
13-0759	talk	It happens sometimes. Like, guys pretend to cry so they seem more emotional.	บางทีก็เป็นแบบนั้นแหละ อย่างผู้ชายชอบแกล้งร้องไห้ เพื่อให้ดูมีอารมณ์มากขึ้นน่ะ
13-0760	talk	*sniff sniff* Do I smell weird, Yagami-san? One of our customers was really stinky... Hope it didn't rub off on me.	*ดม ๆ* ฉันมีกลิ่นแปลก ๆ ไหมคะ ยากามิซัง มีลูกค้าคนนึงกลิ่นตัวแรงมาก หวังว่าจะไม่ติดมาที่ฉันนะ
13-0761	talk	Yeah, that guy's B.O. nearly suffocated me.	ใช่เลยค่ะ กลิ่นตัวของคนนั้นเกือบทำฉัน สำลักตายเลย
13-0762	talk	Hey, Yagami-san. I saw you while I was walking, but I guess you didn't recognize me.	นี่ ยากามิซัง ฉันเห็นคุณตอนเดินอยู่นะคะ แต่คุณคงจำฉันไม่ได้สินะ
13-0763	talk	Maybe it's cause I don't wear makeup when I'm off. Haha.	อาจเป็นเพราะตอนไม่ทำงานฉันไม่ แต่งหน้าน่ะค่ะ ฮ่าฮ่า
13-0764	talk	What's up? Do you want me to show you to a good izakaya?	ว่าไง อยากให้ผมพาไปอิซากายะดี ๆ สักร้านไหม
13-0765	talk	Or maybe somewhere more "adventurous"?	หรือจะเอาที่ 'ลุยกว่านั้น' หน่อยดี
13-0766	talk	Ah. No. Never mind.	เอ่อ ไม่ล่ะ ไม่เป็นไร
13-0767	talk	(Barkers... they're all the same. Guess they thought I was a customer.)	(พวกคนเรียกแขก... เหมือนกันหมดทุกคนเลย คงคิดว่าผมเป็นลูกค้า)
13-0768	talk	Oh, hey dude. How's life? How's work? How you doing with the ladies?	เฮ้ เพื่อน เป็นไงบ้าง งานเป็นไงบ้าง แล้วเรื่องผู้หญิงล่ะ
13-0769	talk	Decent, decent, and... no comment. What about you?	ก็เรื่อย ๆ งานก็เรื่อย ๆ ส่วนเรื่องนั้น... ไม่ขอพูดละกัน แล้วนายล่ะ
13-0770	talk	Mm, ever since Madonkadonk quit, I just haven't been feeling it...	อืม ตั้งแต่มาดองกาดองก์ลาออกไป ก็รู้สึกไม่ค่อยมีอารมณ์เลยว่ะ
13-0771	talk	You lost your motivation, huh?	หมดไฟไปเลยสินะ
13-0772	talk	I guess. I'm still making kickass pay, so of course I'm gonna keep working...	ก็คงงั้น แต่รายได้ยังเจ๋งอยู่นะ เลยต้องทำต่อไป...
13-0773	talk	But I'm looking for other jobs, too.	แต่ก็หางานอื่นดูด้วยเหมือนกัน
13-0774	talk	I see. Well, I hope you find a good one.	เข้าใจแล้ว ก็หวังว่าจะเจองานดี ๆ นะ
13-0775	talk	So there was this totally random guy who came by not too long ago.	เมื่อไม่นานมานี้มีลูกค้าประหลาด ๆ คนนึงแวะมา
13-0776	talk	Aren't all your customers totally random guys?	ลูกค้าของนายไม่ประหลาดกันหมด ทุกคนเหรอ
13-0777	talk	Yeah, but this guy was some fancypants from overseas. He even left me a tip after I took him to a good spot.	ใช่ แต่คนนี้เป็นไอ้หรูจากต่างประเทศ แถมให้ทิปด้วยหลังจากที่ผมพาไปร้านดี ๆ
13-0778	talk	Bam! Hit me with a hundred grand, just like that.	ปัง! ควักให้ 100,000 เยนเลย ง่าย ๆ แบบนั้นแหละ
13-0779	talk	That's pretty damn generous.	ใจกว้างสุด ๆ ไปเลยนะ
13-0780	talk	Apparently there aren't any hostess clubs in his country. He seemed really happy when he left.	เขาบอกว่าประเทศเขาไม่มี คลับคาบาเรต์เลย ตอนกลับดูเขามีความสุขมาก
13-0781	talk	I guess it's just a Japan thing.	คงเป็นเรื่องเฉพาะญี่ปุ่นสินะ
13-0782	talk	Listen to this, Yagami-san.	ฟังนี่นะ ยากามิซัง
13-0783	talk	This nutcase over here tried pulling in an undercover cop.	เจ้าบ้านี่พยายามจะดึง ตำรวจนอกเครื่องแบบเข้าร้านซะ ได้
13-0784	talk	Yeah, man. Bad times.	ใช่เลย เพื่อน หนักหนาสุด ๆ
13-0785	talk	Well, technically it is against the law to stop people on the street.	อันที่จริง การไปเรียกคนบนถนนแบบนั้นมัน ผิดกฎหมายอยู่นะ
13-0786	talk	Psh. With a silver tongue like mine, I could bring a cop to a hostess club <font_kind=yakuza_italic>anytime</font_kind>.	ชะ ด้วยลิ้นลื่นอย่างผม จะพาตำรวจเข้าคลับคาบาเรต์ <font_kind=yakuza_italic>เมื่อไหร่ก็ได้</font_kind>เลย
13-0787	talk	I'm glad you're confident in yourself, but make sure you know what you're doing.	ดีใจที่นายมั่นใจในตัวเองนะ แต่ต้องรู้ตัวเองด้วยว่ากำลังทำ อะไรอยู่
13-0788	talk	That shit that went down with the Keihin Gang was pretty crazy, wasn't it?	เรื่องที่เกิดขึ้นกับแก๊งเคฮิน ก็บ้าระห่ำเหมือนกันนะ
13-0789	talk	Yeah. I managed to survive, thanks to you guys.	ใช่ ผมรอดมาได้ก็เพราะพวกนายนี่แหละ
13-0790	talk	Heh, no sweat. Looked like you were in some real danger.	เฮ่อ ไม่เป็นไรหรอก ดูท่าจะอันตรายจริง ๆ นะตอนนั้น
13-0791	talk	A huge group of thugs came by after you left Theater Square.	มีกลุ่มอันธพาลใหญ่มาป้วนเปี้ยน หลังจากที่คุณออกจาก เธียเตอร์สแควร์ไป
13-0792	talk	It's scary how much power money has.	น่ากลัวจริง ๆ ที่เงินมีอำนาจขนาดนี้
13-0793	talk	Well, I guess your way with people was even more powerful.	ผมว่าฝีมือคุยกับคนของคุณยัง ทรงพลังกว่าอีกนะ
13-0794	talk	And I'm truly thankful for it.	ผมซาบซึ้งใจจริง ๆ
13-0795	talk	Yagami-san, do you know if something happened to Tsukino?	ยากามิซัง รู้ไหมว่าสึกิโนะเป็นอะไรไปหรือเปล่า
13-0796	talk	Huh!? ...What kind of something?	หา!? ...เป็นอะไรแบบไหนเหรอ
13-0797	talk	I dunno, she's been acting all weird. She seems really giddy all of a sudden.	ไม่รู้เหมือนกัน เธอทำตัวแปลก ๆ ไปหมด ดูตื่นเต้นขึ้นมาเฉย ๆ
13-0798	talk	O-Oh. Interesting.	อ๋อ... น่าสนใจนะ
13-0799	talk	...Well, as her older brother, I suppose I'll just watch over her from a distance.	...ก็ในฐานะพี่ชาย ผมคงต้องคอยดูแลเธอห่าง ๆ แบบนี้แหละ
13-0800	talk	(I'm sure he knows already...)	(เขาคงรู้อยู่แล้วสินะ...)
13-0801	talk	Yagami-san. Do you know if something happened to Tsukino?	ยากามิซัง รู้ไหมว่าสึกิโนะเป็นอะไรไปหรือเปล่า
13-0802	talk	She's been really depressed... even though she just got a full-time job.	เธอซึมไปเลยช่วงนี้... ทั้งที่เพิ่งได้งานประจำด้วยนะ
13-0803	talk	Would you happen to know anything about it?	คุณพอจะรู้อะไรเรื่องนี้บ้างไหม
13-0804	talk	Nope. Not at all. Wonder what happened.	ไม่เลย ไม่รู้อะไรเลย สงสัยจังว่าเกิดอะไรขึ้น
13-0805	talk	Whatever it was, I'm sure she'll feel better in time.	ไม่ว่าจะเป็นอะไรก็ตาม เดี๋ยวเธอก็คงดีขึ้นเองแหละ
13-0806	talk	...Yeah. I'm sure she will.	...ใช่ ผมว่าเธอต้องดีขึ้นแน่ ๆ
13-0807	talk	In fact, it's probably better that you rejected her straight up.	อันที่จริง มันคงจะดีกว่าด้วยซ้ำที่คุณ ปฏิเสธเธอไปตรง ๆ
13-0808	talk	Learning to love and let go was probably a good experience for her.	การเรียนรู้ที่จะรักแล้ว ปล่อยวางน่าจะเป็นประสบการณ์ ที่ดีสำหรับเธอนะ
13-0809	talk	(So he knew the whole time...)	(เขารู้เรื่องมาตลอดสินะ...)
13-0810	talk	Yagami-san, you seem stressed. Like something's constantly on your mind. Maybe you should go somewhere to relax.	ยากามิซัง ดูเครียด ๆ นะ เหมือนมีอะไรค้างคาใจตลอดเวลาเลย ไปหาที่ผ่อนคลายบ้างดีไหม
13-0811	talk	Yeah, as soon as I have some money to burn.	เอาไว้ก่อนตอนที่มีเงินเหลือใช้ แล้วกัน
13-0812	talk	It's funny, isn't it. We end up with more than what we need, except for when it comes to money. And boobs, of course.	ตลกดีเนอะ สุดท้ายเรามักมีมากกว่าที่ต้องการ ยกเว้นเรื่องเงิน แล้วก็เรื่องนมด้วยสินะ
13-0813	talk	That's just how life goes...	ชีวิตมันก็เป็นแบบนี้แหละ...
13-0814	talk	Let me ask you something, Yagami-san. What exactly <font_kind=yakuza_italic>are</font_kind> boobs, anyway?	ขอถามอะไรหน่อยสิ ยากามิซัง จริง ๆ แล้วนมมัน<font_kind=yakuza_italic>คือ</font_kind>อะไรกันแน่
13-0815	talk	What the hell are you talking about?	นายกำลังพูดเรื่องอะไรของนายเนี่ย
13-0816	talk	So this old lady walks by, right? Well, her chest was exposed, so I totally couldn't help but look. Crazy, right?	คือมีป้าคนนึงเดินผ่านมา อกเปิดโล่งเลย ผมเลยอดมองไม่ได้ บ้าไปเลยใช่ไหมล่ะ
13-0817	talk	I sort of get it. Even though you didn't want to see them, your eyes still went that way.	เข้าใจแหละ ต่อให้ไม่อยากดู สายตาก็ยังเผลอไปทางนั้นอยู่ดี
13-0818	talk	Correct. So what is it about boobs that makes us want them? Is it nature? Or perhaps some kind of mystical force?	ใช่เลย แล้วอะไรกันที่ทำให้นมมันน่า ปรารถนาขนาดนี้ เป็นธรรมชาติ หรือพลังลึกลับบางอย่างกันแน่
13-0819	talk	...Why don't you occupy your mind with something else for once?	...ทำไมนายไม่ลองหาอย่างอื่นมาคิดบ้างล่ะ สักครั้งนึง
13-0820	talk	But I'm a barker, dude! Boobs are my bread and butter! So I need to do exactly the opposite!	ก็ผมเป็นคนเรียกแขกนี่เพื่อน! นมคือปากท้องของผมเลยนะ! เพราะงั้นผมต้องทำตรงข้ามสิ!
13-0821	talk	Whatever you say, man...	แล้วแต่นายเถอะ...
13-0822	talk	Hey, Yagami-san. If you know anyone who wants to cop a feel on some females, send 'em my way. Just putting that out there.	เฮ้ ยากามิซัง ถ้ารู้จักใครที่อยากลวนลามผู้หญิงบ้าง ส่งมาทางผมได้เลยนะ แค่บอกไว้เฉย ๆ
13-0823	talk	You're a barker, aren't you? Go find your own customers.	นายเป็นคนเรียกแขกไม่ใช่เหรอ ไปหาลูกค้าของตัวเองเถอะ
13-0824	talk	Haha. Good point.	ฮ่า ๆ พูดถูกเลย
13-0825	talk	Well, better get back to work.	เอาล่ะ กลับไปทำงานต่อดีกว่า
13-0826	talk	Man, it's been a cold winter. I noticed people aren't as interested in tits when it's freezing outside.	โธ่ ฤดูหนาวปีนี้หนาวจัดจริง ๆ สังเกตได้เลยว่าคนไม่ค่อยสนใจนม กันเท่าไรตอนอากาศหนาวขนาดนี้
13-0827	talk	I've tried talking to 30 people and no one even looked at me. I'm a little hurt deep down.	ผมลองชวนคุยไป 30 คนแล้ว ไม่มีใครแม้แต่จะมองผมเลย เจ็บลึก ๆ อยู่เหมือนกันนะเนี่ย
13-0828	talk	That's nothing. I've talked to 50 people and they all brushed right past me.	นั่นยังไม่เท่าไรเลย ผมชวนคุยไป 50 คนแล้ว ทุกคนเดินผ่านหน้าไปเฉย ๆ
13-0829	talk	Ever been to Bar Tatsuo in the Champion District? I heard that place is a ripoff.	เคยไปบาร์ทัตสึโอะแถวย่านแชมเปี้ยนไหม ได้ยินมาว่าร้านนั้นฟันราคาโหดมาก
13-0830	talk	So get this. My teacher from middle school ended up asking me for recommendations without even realizing who I was.	เอาล่ะฟังนี่นะ ครูสมัยมัธยมต้นของผมมาขอให้ผม แนะนำร้านให้ ทั้งที่ไม่รู้เลยว่าเป็นผม
13-0831	talk	And you know what? He straight up asked me for a spot where they dress up as schoolgirls! I nearly laughed my ass off!	แล้วรู้ไหม เขาถามหาที่ที่มีคนแต่งตัวเป็น เด็กนักเรียนตรง ๆ เลยนะ! ผมเกือบหัวเราะจนท้องแข็งไปเลย!
13-0832	talk	Dude, so this guy who was totally underage asks me to take him to a titty bar, right? Like, it's obvious he was a kid.	เพื่อน มีเด็กที่เห็นชัด ๆ ว่ายังไม่ถึงวัยมาขอให้ผมพาไป ร้านโชว์นม
13-0833	talk	He said he was in college, but judging from his appearance and his accent, he was probably a middle-schooler on a field trip!	เขาบอกว่าเรียนมหาลัยอยู่ แต่ดูจากหน้าตากับสำเนียงแล้ว เดาว่าเป็นเด็กมัธยมที่มาทัศนศึกษาแน่ ๆ
13-0834	talk	Um. Hello?	เอ่อ มีใครไหม
13-0835	talk	Hey, don't just barge in here like that.	เฮ้ อย่าบุกเข้ามาแบบนั้นสิ
13-0836	talk	(Not sure what I was expecting.)	(ไม่แน่ใจเหมือนกันว่าคาดหวังอะไรไว้)
13-0837	talk	Oh? You're Yagami, aren't you? The guy who helped our CEO.	เอ๊ะ? คุณคือยากามิใช่ไหม คนที่ช่วยเหลือซีอีโอของเรา
13-0838	talk	Yeah, I worked with Kamaguchi-san.	ใช่ ผมเคยทำงานร่วมกับคามากูจิซัง
13-0839	talk	That would mean you're the one who lured out all the Keihin leaders and beat the living daylights out of 'em!	งั้นก็แปลว่าคุณคือคนที่ล่อ หัวหน้าแก๊งเคฮินออกมาแล้ว ซัดจนน่วมนั่นแหละสิ!
13-0840	talk	Wow! You must be pretty tough!	ว้าว! คุณต้องเก่งมากแน่ ๆ เลย!
13-0841	talk	Eh, not that much, actually...	เอ่อ ไม่ได้ขนาดนั้นหรอกครับ...
13-0842	talk	I've been wanting to speak with you, Yagami-san. Would you care to join me for some tea?	อยากคุยกับคุณมานานแล้ว ยากามิซัง ดื่มชาด้วยกันสักหน่อยไหม
13-0843	talk	(Somehow I ended up spending like half the day here.)	(สุดท้ายก็ใช้เวลาไปครึ่งวันอยู่ ที่นี่แบบไม่รู้ตัว)
13-0844	talk	Hey, Kamaguchi-san. Your face tells me something crazy went down.	เฮ้ คามากูจิซัง หน้าตาแบบนี้บอกได้เลยว่ามีเรื่องบ้า ๆ เกิดขึ้นแน่
13-0845	talk	Yeah. Some of our clients disappeared with the money they borrowed. Took off in the middle of the night.	ใช่ ลูกหนี้บางคนหอบเงินที่ยืมไปหายตัวเลย หนีไปกลางดึกซะงั้น
13-0846	talk	Just like that, huh? I guess there really are people like that. And you don't know where they are?	หายไปแบบนั้นเลยเหรอ คิดว่าคนแบบนี้มีจริง ๆ ด้วยสินะ แล้วไม่รู้เลยเหรอว่าอยู่ไหน
13-0847	talk	Nope. But I doubt they went too far.	ไม่รู้ แต่ฉันว่าคงหนีไปไม่ไกลหรอก
13-0848	talk	Their car's still parked where it usually is, and my boys surrounded their place, so I know they didn't use the train.	รถยังจอดอยู่ที่เดิม แล้วลูกน้องฉันก็ล้อมพื้นที่ไว้ หมดแล้ว รู้แน่ ๆ ว่าไม่ได้ใช้รถไฟหนี
13-0849	talk	Could they have called for a cab?	อาจจะเรียกแท็กซี่หนีไปหรือเปล่า
13-0850	talk	I asked the local taxi drivers but they said they haven't taken anyone that matched their description.	ฉันถามคนขับแท็กซี่แถวนั้นแล้ว บอกว่าไม่มีใครที่ตรงกับลักษณะ นั้นขึ้นรถเลย
13-0851	talk	You sure they didn't escape under the cover of darkness?	แน่ใจเหรอว่าไม่ได้แอบหนีตอนกลางคืน
13-0852	talk	Unlikely. I asked my clients living in the apartment across the street to install security cameras, and nothing came up.	ไม่น่าใช่ ฉันให้ลูกค้าที่อยู่อพาร์ตเมนต์ ฝั่งตรงข้ามติดกล้องวงจรปิดไว้ ก็ไม่เห็นอะไรเลย
13-0853	talk	Yet somehow they managed to poof right out of existence...	แต่ยังไงพวกเขาก็หายตัวไปได้ อยู่ดีสินะ...
13-0854	talk	Yeah, well. I reckon it's only a matter of time before they slip up and show themselves.	เออ เดี๋ยวพวกนั้นก็ต้องพลาดจนโผล่ มาเองแหละ แค่รอเวลาเท่านั้น
13-0855	talk	(This is getting interesting. I'll definitely keep an eye on this situation, but for now I should probably leave it alone.)	(น่าสนใจขึ้นเรื่อย ๆ เลยนะเนี่ย เดี๋ยวจะคอยจับตาดูสถานการณ์นี้ไว้ แต่ตอนนี้คงต้องปล่อยไว้ก่อน)
13-0856	talk	Hey, Kamaguchi-san. Did you end up finding those runaways?	เฮ้ คามากูจิซัง หาพวกที่หนีไปเจอหรือยัง
13-0857	talk	I did. Didn't take me long, either.	เจอแล้ว ใช้เวลาไม่นานด้วยนะ
13-0858	talk	Where were they?	อยู่ที่ไหนล่ะ
13-0859	talk	Same place we lost track of 'em. Inside their apartment building.	ที่เดิมที่เราตามรอยหายน่ะแหละ อยู่ในตึกอพาร์ตเมนต์ของพวกเขาเอง
13-0860	talk	Whoa, how does that work?	โห แบบนั้นมันเป็นไปได้ยังไงกัน
13-0861	talk	Well, their apartment complex had an empty unit where all of them were living. Their key was even in the mailbox.	อพาร์ตเมนต์ของพวกเขามีห้องว่าง ที่ทุกคนไปอาศัยอยู่กันหมดเลยนะ กุญแจยังอยู่ในตู้จดหมายเลยด้วยซ้ำ
13-0862	talk	Apparently that unit was "stigmatized property" so they slipped in without anyone noticing.	ดูเหมือนห้องนั้นจะเป็น "อสังหาที่มีประวัติไม่ดี" พวกเขาเลยแอบเข้าไปอยู่ได้โดย ไม่มีใครสังเกต
13-0863	talk	Huh, hadn't considered that. I'm surprised you found them.	เอ๊ะ ผมไม่ทันคิดถึงจุดนั้นเลย แปลกใจนะที่นายหาพวกเขาเจอ
13-0864	talk	That's what the evidence pointed to, and there they were.	หลักฐานมันชี้ไปทางนั้นน่ะ แล้วก็เจอพวกเขาจริงๆ ด้วย
13-0865	talk	You're quite the detective, Kamaguchi-san.	นายก็เป็นนักสืบตัวยงเหมือนกันนะ คามากูจิซัง
13-0866	talk	Heh. Coming from an actual detective, I'm quite flattered.	เฮอะ ได้ยินจากนักสืบตัวจริงแบบนี้ ก็รู้สึกปลื้มเหมือนกันนะ
13-0867	talk	Oh, Yagami-san. Came here to kill some time?	อ้าว ยากามิซัง มาฆ่าเวลาที่นี่เหรอ
13-0868	talk	More or less. Anything interesting happen lately?	ก็ประมาณนั้นแหละ ช่วงนี้มีอะไรน่าสนใจบ้างไหม
13-0869	talk	Actually, I was just talking about this customer who came in a little while ago. Total doofus, that guy.	จริงๆ เมื่อกี้กำลังคุยเรื่องลูกค้าคน หนึ่งที่เพิ่งมา เมื่อครู่นี้อยู่พอดี ไอ้หมอนั่นมันโง่สุดๆ เลย
13-0870	talk	Comes right in and asks if he can borrow a million yen.	เดินเข้ามาแล้วถามเลยว่าขอยืม เงินสักล้านเยนได้ไหม
13-0871	talk	For what?	ยืมไปทำอะไร
13-0872	talk	Wanted to give his girlfriend an anniversary present. Said he wanted to rent out an entire host club for her party.	อยากจะให้ของขวัญวันครบรอบแฟนสาวน่ะ บอกว่าอยากเหมาโฮสต์คลับทั้ง ร้านจัดปาร์ตี้ให้เธอ
13-0873	talk	That's... pretty odd.	นั่นมัน... แปลกอยู่นะ
13-0874	talk	Right? Apparently his idea of showing his girl a good time is letting her flirt with a bunch of fake-ass prettyboys.	ใช่ไหมล่ะ ดูเหมือนวิธีทำให้แฟนสาว มีความสุขของเขาคือปล่อยให้เธอ ไปเล่นหูเล่นตากับหนุ่มหน้าตี๋ปลอมๆ เต็มร้าน
13-0875	talk	"Nothing's too expensive for my pretty little pudding." Yeah, sure. I almost told him to get a grip when he said it.	"ไม่มีอะไรแพงเกินไปสำหรับ พุดดิ้งตัวน้อยแสนสวยของฉันหรอก" เฮ้อ เกือบจะบอกให้เขาตั้งสติหน่อย ตอนที่พูดแบบนั้นแล้ว
13-0876	talk	(That sounds oddly familiar... Or maybe it's just my imagination.)	(ฟังดูคุ้นๆ ยังไงก็ไม่รู้... หรือแค่ผมคิดไปเองนะ)
13-0877	talk	So did you end up lending him the money?	แล้วสุดท้ายนายให้เขายืมเงินไปไหม
13-0878	talk	Hell no. How could I lend money to a moron like that? Didn't look like he had enough to pay back the loan anyway.	ไม่มีทาง จะให้ฉันปล่อยเงินให้ไอ้โง่แบบ นั้นได้ยังไง ดูท่าทางแล้วก็ไม่น่าจะมีปัญญา ใช้คืนอยู่ดี
13-0879	talk	Hah. Smart move.	ฮะ ตัดสินใจได้ฉลาดนะ
13-0880	talk	Ah, there you are. Looks like the Keihin Gang got rid of the bounty on your head.	อ้าว มาแล้วเหรอ ได้ยินว่าแก๊งเคฮินยกเลิกค่าหัว นายแล้วนี่
13-0881	talk	Yeah, thanks to you guys. Really appreciate it.	ใช่ ต้องขอบคุณพวกนายเลยนะ ซึ้งใจจริงๆ
13-0882	talk	Hey, we owed you one. Simple as that.	เฮ้ เราติดหนี้บุญคุณนายอยู่แล้ว แค่นั้นแหละ
13-0883	talk	They ended up running away like cowards, didn't they?	สุดท้ายพวกมันก็วิ่งหนีไปเหมือน ไอ้ขี้ขลาด ใช่ไหมล่ะ
13-0884	talk	Yep. They were quick to pick a fight and even quicker to flee.	ใช่เลย หาเรื่องได้ไวเท่าไหร่ พอถึงเวลาหนีก็ไวกว่านั้นอีก
13-0885	talk	I heard you shut down the illegal gun trade. Hopefully Kamurocho's a bit safer from now on.	ได้ยินว่านายปิดวงการค้าปืน เถื่อนไปแล้วนี่ หวังว่าคามุโรโจจะปลอดภัยขึ้น บ้างนะจากนี้ไป
13-0886	talk	Yeah, I hope so.	ใช่ ผมก็หวังแบบนั้นเหมือนกัน
13-0887	talk	What's up, Yagami-san? Need some debt counseling?	เป็นไงบ้าง ยากามิซัง อยากให้ช่วยให้คำปรึกษาเรื่อง หนี้สินไหม
13-0888	talk	Not at the moment, at least.	อย่างน้อยตอนนี้ก็ยังไม่ต้อง
13-0889	talk	You sure? You could always start with a smaller loan and work your way up.	แน่ใจเหรอ นายจะเริ่มจากยืมก้อนเล็กๆ ก่อนแล้วค่อยๆ ขยับก็ได้นะ
13-0890	talk	Yeah, and I'm sure you'll flip out as soon as you realize I can't pay it back.	ใช่ แล้วผมก็มั่นใจว่านายต้อง อาละวาดแน่ทันทีที่รู้ว่าผม ใช้คืนไม่ไหว
13-0891	talk	Would a true friend default on a debt, though? I think not.	แต่เพื่อนแท้จะเบี้ยวหนี้กันได้ ยังไงล่ะ ฉันว่าไม่หรอกนะ
13-0892	talk	Then consider me a stranger and I'll take your little offer.	งั้นก็คิดซะว่าผมเป็นคนแปลกหน้า ไปเลยแล้วกัน แล้วผมจะขอรับข้อเสนอเล็กๆ ของนายไว้
13-0893	talk	Hey, don't be a cheapskate. Guess I should've known better, huh?	เฮ้ อย่าขี้เหนียวสิ นึกว่าจะรู้ทันตั้งแต่แรกซะอีก
13-0894	talk	By the way, Yagami-san. Are you dating anyone right now?	ว่าแต่ ยากามิซัง ตอนนี้คบใครอยู่หรือเปล่า
13-0895	talk	Why? Isn't it obvious?	ทำไมเหรอ ไม่เห็นชัดอยู่แล้วเหรอ
13-0896	talk	Hey, Tabuchi, aren't you getting a little too familiar with him? I thought you were a married woman.	เฮ้ ทาบุจิ เธอสนิทกับเขาไปหน่อยหรือเปล่า นึกว่าเป็นผู้หญิงมีเจ้าของแล้วซะอีก
13-0897	talk	Well, there's always room for dessert... and this one looks extra sweet. So my question still stands.	ก็นะ ท้องมีที่ว่างสำหรับของหวานเสมอแหละ... แล้วคนนี้ดูหวานเป็นพิเศษด้วยสิ ฉะนั้นคำถามฉันยังคงเดิมนะ
13-0898	talk	...Umm. Check, please?	...เอ่อ ขอเช็กบิลหน่อยได้ไหมครับ
13-0899	talk	Hahaha! Hear that? Guess he's not on the menu!	ฮ่าๆๆ! ได้ยินไหม ดูเหมือนเขาจะไม่อยู่ในเมนูนะ!
13-0900	talk	How disappointing...	น่าผิดหวังจริงๆ...
13-0901	talk	Oh, how's it going, Yagami-san? Business as usual?	อ้าว เป็นไงบ้าง ยากามิซัง ธุรกิจไปได้สวยเหมือนเดิมไหม
13-0902	talk	Something like that. You?	ก็ประมาณนั้นแหละ แล้วนายล่ะ
13-0903	talk	About the same, and that's just how I prefer it.	ก็พอๆ กันนั่นแหละ แล้วฉันก็ชอบแบบนี้แหละ
13-0904	talk	There'd be something wrong with the world if there was a line out the door for people coming to see <font_kind=yakuza_italic>me</font_kind>.	โลกนี้คงมีอะไรผิดปกติแน่ๆ ถ้าจู่ๆ มีคนต่อแถวยาวเหยียดออกไปนอก ร้านเพื่อมาหา<font_kind=yakuza_italic>ฉัน</font_kind>
13-0905	talk	Heh, coming from a moneylender, I guess that makes sense.	เฮอะ ได้ยินจากเจ้าหนี้เงินกู้แบบนายพูด ก็ดูสมเหตุสมผลดีนะ
13-0906	talk	Hey, Yagami-san. Think I can count on you to do some collections for me? Only when there's trouble, of course.	เฮ้ ยากามิซัง คิดว่าฉันพอจะพึ่งนายให้ช่วย ทวงหนี้ได้ไหม เอาแค่ตอนมีปัญหาจริงๆ นะ
13-0907	talk	When you've been in business as long as I have, you learn how to guess a person's income just by looking at 'em.	พออยู่ในวงการนี้มานานเท่าฉัน จะเรียนรู้วิธีเดารายได้คนแค่ มองหน้าเอาเองแหละ
13-0908	talk	You serious?	เอาจริงเหรอ?
13-0909	talk	Yeah, for example, I'm guessing you make... about...	ใช่ ยกตัวอย่างนะ ฉันเดาว่านายทำเงินได้... ประมาณ...
13-0910	talk	Hey Usui. You seem to have a knack for collecting from the elderly, so I need you to make a quick run.	เฮ้ อุซุอิ นายดูจะมีฝีมือเรื่องทวงเงินจาก คนแก่นะ ฉันเลยอยากให้นายไปทำธุระเร็วๆ ให้หน่อย
13-0911	talk	Leave it to me, Boss. I was a total grandma's boy, so I know how to talk to old ladies.	ปล่อยให้ผมจัดการเองครับ บอส สมัยเด็กผมติดยายมาก เลยรู้วิธีคุยกับคุณยายพวกนั้นดีครับ
13-0912	talk	That hostess. She didn't take off with our money, did she? You know where her family lives, right?	หญิงฮอสเตสคนนั้นน่ะ เธอไม่ได้เชิดเงินเราหนีไปใช่ไหม นายรู้ที่อยู่ครอบครัวเธอใช่ไหม
13-0913	talk	Yeah, I do... but I'm still gonna ask around a bit more.	ใช่ ฉันรู้อยู่... แต่ก็จะลองสืบเพิ่มอีกหน่อยแล้วกัน
13-0914	talk	Hey, Shimura hasn't come in yet, has he?	เฮ้ ชิมูระยังไม่มาใช่ไหม
13-0915	talk	No, he's out collecting. He's been waiting in front of the client's house all night.	ยังไม่มาเลย เขาออกไปทวงหนี้อยู่ รอหน้าบ้านลูกหนี้มาทั้งคืนแล้ว
13-0916	talk	Damn. Go make sure he's not bothering the neighbors.	แย่แล้ว ไปดูหน่อยว่าเขาไม่ได้ไปกวน เพื่อนบ้านนะ
13-0917	talk	You know... I got my start as a lender working somewhere else. Real depressing place, that was.	รู้ไหม... ฉันเริ่มงานสายเงินกู้ที่อื่นมาก่อนนะ ที่นั่นน่าหดหู่ใจสุดๆ เลย
13-0918	talk	Seeing all those clients bump themselves off rather than live a life mired in debt... Got so sick of it, I ended up going solo.	เห็นลูกหนี้พวกนั้นเลือกจบชีวิต ตัวเองดีกว่าจะอยู่กับ หนี้สินท่วมหัว... ฉันเอือมจนทนไม่ไหว เลยออกมาตั้งตัวเอง
13-0919	talk	That hostess who ran out on her debt... I heard she's been working at another cabaret club nearby.	หญิงฮอสเตสที่หนีหนี้ไปคนนั้นน่ะ... ได้ยินว่าตอนนี้ไปทำงานที่ คาบาเรต์คลับอีกร้านแถวนี้
13-0920	talk	Heh, she's either got ice in her veins or air in her brain. Either way, it didn't take much to get the money back.	เฮอะ หญิงคนนี้ใจเย็นเป็นน้ำแข็ง หรือไม่ก็สมองกลวงไปเลยสักอย่าง ยังไงก็เถอะ ไม่ต้องออกแรงมากก็เอาเงินคืนมาได้
13-0921	talk	...You want something?	...มีธุระอะไร
13-0922	talk	Oh, no. Nothing in particular.	อ๋อ เปล่า ไม่มีอะไรเป็นพิเศษ
13-0923	talk	...Then leave me the hell alone.	...งั้นก็อย่ามายุ่งกับกูดีกว่า
13-0924	talk	(Guess that attitude is how he ended up here.)	(คงเป็นเพราะนิสัยแบบนี้แหละ ที่ทำให้เขามาลงเอยที่นี่)
13-0925	talk	Well, if it ain't mister miracle man, the guy who saved my life!	โอ้โห นี่มันไม่ใช่ใครที่ไหน มิสเตอร์มิราเคิลผู้ช่วยชีวิต ฉันไว้นี่นา!
13-0926	talk	Eh, I was just in the right place at the right time. Glad to see you're up and about, Kondo-san.	เอ่อ ผมแค่บังเอิญอยู่ถูกที่ถูกเวลาน่ะ ดีใจนะที่เห็นนายลุกขึ้นมา เดินเหินได้แล้ว คนโดะซัง
13-0927	talk	I donated blood to you, y'know. That means you owe me.	ฉันบริจาคเลือดให้แกไปนะ นั่นแปลว่าแกติดหนี้ฉันอยู่
13-0928	talk	That's a donation, not a debt! Besides, I couldn't pay ya back even if I tried!	นั่นมันเรียกว่าบริจาค ไม่ใช่หนี้สักหน่อย! อีกอย่างต่อให้พยายามแค่ไหนฉัน ก็คงใช้คืนแกไม่ได้อยู่ดี!
13-0929	talk	Haha, well. You could always return the favor if Fukuhara-san ever gets hurt.	ฮาฮา ก็นะ นายตอบแทนบุญคุณได้เสมอแหละ ถ้าฟุคุฮาระซังบาดเจ็บขึ้นมาสักวัน
13-0930	talk	Yeah, and with interest on top of it. <font_kind=yakuza_italic>High</font_kind> interest.	ใช่ แถมมีดอกเบี้ยด้วยนะ ดอกเบี้ย<font_kind=yakuza_italic>สูงลิ่ว</font_kind>เลยล่ะ
13-0931	talk	Sheesh. If only I knew my donor was out for more blood than he was willing to give.	เฮ้อ ถ้ารู้ว่าคนบริจาคเลือดให้ฉันจะ เรียกร้องเอาคืนมากกว่าที่ให้ไป คงคิดหนักกว่านี้
13-0932	talk	Well, if it isn't good ol' Yagami-san. What brings you here, anyway? You bored?	อ้าว ยากามิซังคนเก่งนี่เอง มาทำอะไรแถวนี้ล่ะ เบื่อเหรอ
13-0933	talk	Not as bored as you guys.	ยังไม่เบื่อเท่าพวกนายหรอก
13-0934	talk	Hey, I got all sortsa stuff to do. Even though it might not look that way.	เฮ้ ฉันมีอะไรต้องทำเยอะแยะนะ ถึงจะดูไม่เหมือนก็เถอะ
13-0935	talk	Oh yeah? What kinda stuff?	งั้นเหรอ ทำอะไรบ้างล่ะ
13-0936	talk	I collect cans at night. And every morning at five, I'll wake up and collect magazines.	ตอนกลางคืนฉันเก็บกระป๋องขาย แล้วทุกเช้าตีห้าก็ตื่นไปเก็บ นิตยสารต่อ
13-0937	talk	Damn, that's pretty early.	โห เช้าขนาดนั้นเลยเหรอ
13-0938	talk	Early bird gets the worm. There's a lotta competition on the streets.	นกที่ตื่นเช้าย่อมได้หนอนไปกิน แถวนี้แข่งกันดุเดือดเลยนะ
13-0939	talk	...Guess I take my lifestyle for granted. I can pretty much eat and sleep as early or late as I want. Usually it's late.	...คงเป็นเพราะผมมองข้ามความสบาย ของตัวเองไปหมด จะกินจะนอนเมื่อไหร่ก็ได้ตามใจ ส่วนใหญ่ก็ดึกๆ ทั้งนั้น
13-0940	talk	Heh. What an easygoing life you must have.	เฮอะ ชีวิตนายสบายจังเลยนะ
13-0941	talk	Tell me about it. There was this one time I got so drunk, I pretty much slept two days in a row... It was amazing.	บอกเลยว่าใช่ มีครั้งหนึ่งผมเมาหนักจนหลับรวด สองวันติด... สุดยอดไปเลย
13-0942	talk	...I might not be the most qualified person to be giving out advice, but I think you should be doing more with your life.	...ฉันอาจไม่ใช่คนที่เหมาะจะมาให้ คำแนะนำหรอกนะ แต่ฉันว่านายควรทำอะไรกับชีวิต ให้มากกว่านี้
13-0943	talk	Thanks for the warning...	ขอบคุณสำหรับคำเตือนนะ...
13-0944	talk	Hey, Kondo-san. How'd you... you know... end up on the streets?	เฮ้ คนโดะซัง นายมา... เอ่อ... ลงเอยอยู่แถวนี้ได้ยังไงเหรอ
13-0945	talk	Hmm, now there's a question...	อืม คำถามนี้สินะ...
13-0946	talk	I probably just got sick and tired of the nagging, the pressure, and all the frustrating responsibilites of family life.	ฉันคงแค่เบื่อหน่ายกับการบ่น ความกดดัน แล้วก็ภาระที่น่าหงุดหงิดของ ชีวิตครอบครัวน่ะ
13-0947	talk	People you love can hurt you, y'know. The folks out here are much easier to deal with.	คนที่เรารักน่ะทำร้ายเราได้ เหมือนกันนะ คนแถวนี้คุยง่ายกว่าเยอะเลย
13-0948	talk	I gotta say, Kon-chan looks much better since coming here. When I first saw him, he looked like a walking corpse!	ต้องบอกเลยว่าคงจังดูดีขึ้นเยอะ ตั้งแต่มาอยู่ที่นี่ ตอนแรกที่เจอนี่หน้าเหมือนศพ เดินได้เลยนะ!
13-0949	talk	Really? I did? Heh... No fibbing, I wasn't even sure why I was alive back then.	จริงเหรอ ตอนนั้นฉันเป็นแบบนั้นเลยเหรอ เฮอะ... ไม่โกหกเลยนะ ตอนนั้นฉันเองยังไม่แน่ใจ ด้วยซ้ำว่ามีชีวิตอยู่ไปทำไม
13-0950	talk	All I remember is everything felt like hell. And now look at me. It ain't much, but this's my little slice of heaven.	ที่จำได้มีแค่ว่าทุกอย่างมัน เหมือนนรกไปหมด แล้วดูฉันตอนนี้สิ ถึงจะไม่ได้หรูหราอะไร แต่นี่คือสวรรค์เล็กๆ ของฉันแล้วล่ะ
13-0951	talk	So you found somewhere to belong, huh? Wish I could say the same.	งั้นนายก็เจอที่ที่เป็น ของตัวเองแล้วสินะ อยากพูดแบบเดียวกันได้บ้างจัง
13-0952	talk	Then how about joining us, Yagami-san? Whaddya say?	งั้นมาเข้าพวกกับพวกเราไหมล่ะ ยากามิซัง ว่ายังไง
13-0953	talk	If this detective thing doesn't pan out, then maybe... Heck, at least I'd have a senpai.	ถ้างานนักสืบนี่ไปไม่รอดขึ้นมาจริงๆ ก็อาจจะนะ... อย่างน้อยก็มีรุ่นพี่คอยดูแลด้วย
13-0954	talk	Ahoy there, Yagami-san. How's the working man's life?	เฮ่ ยากามิซัง ชีวิตมนุษย์เงินเดือนเป็นไงบ้าง
13-0955	talk	Yeah, got any interesting tales to tell?	ใช่ มีเรื่องน่าสนใจมาเล่าไหม
13-0956	talk	I do, actually. Just the other day, I was asked to find a cat that was supposedly worth billions of yen...	มีสิ เมื่อไม่กี่วันก่อนผมเพิ่งได้ รับงานตามหาแมวที่ว่ากัน ว่ามีมูลค่านับพันล้านเยน...
13-0957	talk	Hoho... Now that's a story alright. So, what happened next?	โฮโฮ... เรื่องนี้น่าฟังนี่ แล้วต่อไปเป็นยังไงต่อ
13-0958	talk	Huh. So you stumbled upon a secret hideout, eh?	เอ๊ะ แปลว่านายไปเจอที่ซ่อนลับเข้า โดยบังเอิญเหรอ
13-0959	talk	H-Hey, I used to feed that cat! Until I lost track of it.	เ-เดี๋ยวนะ แมวตัวนั้นฉันเคยให้อาหารมันด้วย! จนกระทั่งมันหายไปจากสายตา
13-0960	talk	Argh... I knew its collar looked expensive, too...	อ้าก... รู้อยู่แล้วว่าปลอกคอมันดูแพงเชียว...
13-0961	talk	Damn it all! Was I <font_kind=yakuza_italic>this</font_kind> close to becoming a billionaire!?	บ้าฉิบ! ฉันเกือบจะได้เป็นเศรษฐีพันล้านแค่ <font_kind=yakuza_italic>นิดเดียว</font_kind>เองเหรอเนี่ย!?
13-0962	talk	I'm not so sure about that... Then again, you never know...	ผมว่าไม่แน่ใจอย่างนั้นหรอกนะ... แต่ก็นะ ใครจะไปรู้...
13-0963	talk	Interesting, to say the least. You know about the Twisted Trio?	พูดตามตรงก็น่าสนใจดี พวกนายรู้จัก "สามโรคจิต" ไหม
13-0964	talk	Yeah, I do! I've seen 'em a few times now!	รู้สิ! เจอตัวมาหลายรอบแล้วด้วย!
13-0965	talk	Yeah, ain't that right, Kon-chan? Remember that naked guy with the mask?	ใช่ไหมล่ะ คงจัง จำไอ้หนุ่มเปลือยใส่หน้ากากได้ไหม
13-0966	talk	Yep! Saw the whole thing, didn't we? And I mean the <font_kind=yakuza_italic>whole thing</font_kind>.	ใช่เลย! เห็นกันเต็มๆ เลยใช่ไหมล่ะ แล้วก็หมายถึง<font_kind=yakuza_italic>เต็มๆ</font_kind>จริงๆ ด้วยนะ
13-0967	talk	Really? Where'd you see him last?	จริงเหรอ เจอเขาครั้งล่าสุดที่ไหน
13-0968	talk	Hotel District, back alley. But man... You shoulda seen the size of his pecker. This dude had some <font_kind=yakuza_italic>magnitude</font_kind>.	ย่านโรงแรม ตรอกหลังร้าน แต่นี่... นายน่าจะได้เห็นขนาดไอ้จ้อนของมันนะ หมอนี่มี<font_kind=yakuza_italic>ขนาดเหลือเชื่อ</font_kind>เลยล่ะ
13-0969	talk	Was he really that big?	ใหญ่ขนาดนั้นเลยจริงเหรอ
13-0970	talk	Big doesn't even begin to describe it. His dangus nearly dangled to the ground. It was like the Statue of David on steroids.	คำว่าใหญ่ยังบรรยายไม่หมดเลยนะ ไอ้จ้อนมันเกือบจะห้อยถึงพื้นอยู่แล้ว เหมือนรูปปั้นเดวิดที่ฉีด สเตียรอยด์มายังไงยังงั้น
13-0971	talk	What a monster...	นี่มันปีศาจชัดๆ...
13-0972	talk	He certainly was a work of art if I've ever seen one. No wonder people worship him as the Exhibitionist Emperor.	พูดตามตรงเขาคืองานศิลปะชิ้นเอกเลยนะ ไม่แปลกใจเลยที่คนจะยกให้เป็น "จักรพรรดิจอมโชว์"
13-0973	talk	Hmm. Guess I'd have to see it to believe it... Not that I want to.	อืม คงต้องเห็นกับตาถึงจะเชื่อสินะ... ถึงจะไม่ได้อยากเห็นเลยก็ตาม
13-0974	talk	Hey, we need to talk.	เฮ้ ผมมีเรื่องต้องคุยด้วย
13-0975	talk	Yagami-san? Sure, what's going on?	ยากามิซังเหรอ ได้สิ มีอะไรเหรอ
13-0976	talk	Did you guys know about the gun trade the Keihin Gang were running?	พวกนายรู้เรื่องการค้าปืนที่ แก๊งเคฮินทำอยู่ไหม
13-0977	talk	Yeah. Sorry we couldn't do anything to help.	รู้สิ ขอโทษด้วยนะที่ช่วยอะไรไม่ได้เลย
13-0978	talk	They threatened us. They said they'd kill us all if we let anything slip about the hideout.	พวกมันขู่พวกเราไว้ บอกว่าจะฆ่าให้หมดถ้าปล่อยข่าว เรื่องที่ซ่อนหลุดออกไป
13-0979	talk	What were Onodera-san and Moroboshi-san doing this whole time?	แล้วโอโนเดระซังกับโมโรโบชิซัง ทำอะไรอยู่ตลอดช่วงนั้น
13-0980	talk	Ah, those two did what they always do.	อ้อ สองคนนั้นก็ทำแบบที่ทำเป็นประจำ นั่นแหละ
13-0981	talk	Moroboshi-sensei said all are equal before the scalpel, and patched up the injured Keihin Gang members.	อาจารย์โมโรโบชิบอกว่าทุกคน เท่าเทียมกันหมดต่อหน้ามีด ผ่าตัด แล้วก็รักษาสมาชิกแก๊งเคฮินที่ บาดเจ็บให้
13-0982	talk	Meanwhile, Onodera-san was mumbling about how interesting an experience this was. He just watched from the corner.	ส่วนโอโนเดระซังก็พึมพำว่าเป็น ประสบการณ์ที่น่าสนใจ แล้วก็เอาแต่มองอยู่มุมห้อง
13-0983	talk	Haha, sounds just like them.	ฮาฮา เข้าทางสองคนนั้นเป๊ะเลย
13-0984	talk	Hey, Kondo-san. I got something you might like.	เฮ้ คนโดะซัง ผมมีของที่นายอาจชอบมาฝาก
13-0985	talk	What's this, a shogi board?	อะไรเนี่ย กระดานโชกิเหรอ
13-0986	talk	Yeah. Wanna play sometime?	ใช่ อยากเล่นด้วยกันสักวันไหม
13-0987	talk	Sure, but where? We'd only get in the way if played in the park.	ได้สิ แต่จะเล่นที่ไหนล่ะ เล่นในสวนก็คงไปกีดขวางคนอื่นเปล่าๆ
13-0988	talk	How about the sewers? Ain't no one down there to complain.	ท่อระบายน้ำล่ะเป็นไง ไม่มีใครลงไปบ่นแน่นอน
13-0989	talk	Ooh, that's a good idea. Let's do that, then.	โอ้ ไอเดียดีนี่ งั้นเอาแบบนั้นเลย
13-0990	talk	Oh yeah, you're good at shogi, right? What was that thing you did?	อ้อ ใช่สิ นายเก่งโชกิใช่ไหม เรื่องที่นายทำนั่นมันอะไรนะ
13-0991	talk	You know, all those shogi problems you gave us to solve.	ก็โจทย์โชกิที่นายให้พวกเราแก้ กันนั่นแหละ
13-0992	talk	Yeah yeah. You should try it for yourself.	ใช่ๆ นายน่าจะลองเล่นเองดูบ้างนะ
13-0993	talk	Oh, you mean puzzle shogi. Yeah, I suppose I could try it sometime.	อ๋อ หมายถึงโชกิปริศนาสินะ ใช่ ผมคงลองเล่นดูสักวันได้เหมือนกัน
13-0994	talk	You hungry, Yagami-san? 'Cause I got an extra bento over here.	หิวไหม ยากามิซัง ฉันมีเบนโตะเหลืออยู่กล่องนึงนะ
13-0995	talk	You got that from behind a convenience store, didn't you?	นายไปได้มาจากหลังร้านสะดวกซื้อใช่ไหม
13-0996	talk	Well, sure. But they're surprisingly edible, y'know. Bentos these days are fulla preservatives, so they don't go bad.	ก็ใช่แหละ แต่มันกินได้จริงๆ นะเว้ย เดี๋ยวนี้เบนโตะใส่สารกันบูดเพียบ เลยไม่บูดง่ายๆ หรอก
13-0997	talk	Uh-huh. Well, I appreciate the offer, but no thanks.	อือ อือ ขอบใจที่เสนอให้นะ แต่ไม่ล่ะ
13-0998	talk	Ahoy there. Making good money these days?	เฮ่ ช่วงนี้หาเงินได้ดีไหม
13-0999	talk	Then how bouts I introduce you to a gig? Help me pick up some cans.	งั้นให้ฉันแนะนำงานให้ดีไหม ช่วยฉันเก็บกระป๋องหน่อยสิ
13-1000	talk	Your reward will be a delicious luxury yakiniku bento. One I scrounged up, that is.	ค่าจ้างคือเบนโตะยากินิกุสุดหรูอร่อยๆ เลยนะ ก็เบนโตะที่ฉันไปคุ้ยมาได้นั่นแหละ
13-1001	talk	Haha. Tempting. But unfortunately I don't have that kind of time. Detective business, you understand.	ฮ่าๆ น่าดึงดูดอยู่นะ แต่น่าเสียดายที่ผมไม่มีเวลา ขนาดนั้นหรอก งานนักสืบน่ะ เข้าใจใช่ไหม
13-1002	talk	Didn't fall for it, huh.	ไม่ติดกับดักเลยสินะ
13-1003	talk	Of course not. Don't be lazy and go do it yourself.	ก็แหงอยู่แล้ว อย่าขี้เกียจแล้วไปทำเองสิ
13-1004	talk	Yagami-san, do you smell something? I ain't talkin' my regular body odor, either. It's more like rancid diarrhea.	ยากามิซัง ได้กลิ่นอะไรไหม ไม่ใช่กลิ่นตัวปกติของฉันด้วยนะ มันเหมือนกลิ่นท้องเสียบูดๆ มากกว่า
13-1005	talk	Yep, that was me. I sorta cut the cheese.	ใช่ ฉันเองแหละ เผลอปล่อยลมออกมาหน่อยน่ะ
13-1006	talk	Seriously!? What kinda food did ya eat to make your farts smell so god-awful!?	จริงดิ!? กินอะไรเข้าไปกันวะ ตดถึงได้เหม็นสุดๆ แบบนี้!?
13-1007	talk	Ohh... oogh... ughhh... Hoo boy... I feel another one comin'!	โอ้ย... อุ๊ก... อือ... โอ๊ย... รู้สึกว่ากำลังจะมาอีกรอบแล้ว!
13-1008	talk	You better sniff it all up yourself, or else people are gonna file a complaint!	แกดมกลิ่นตัวเองไปให้หมดเลยเถอะ ไม่งั้นคนอื่นจะมาร้องเรียนกันแน่!
13-1009	talk	So my buddy was cooking some meat, so I'm thinkin', "Of course I'm gonna have some!" Well... turns out it was a baby snake.	เพื่อนฉันกำลังทำเนื้อย่างอยู่ ฉันก็คิดว่า "ต้องกินสิวะ!" แต่... ปรากฏว่ามันคืองูตัวเล็กๆ
13-1010	talk	Aww, no! I actually ate some of that shit, man! I thought it was fried chicken!	โอ๊ย ไม่นะ! กูดันกินไปด้วยจริงๆ เว้ย! นึกว่าไก่ทอดซะอีก!
13-1011	talk	Yagami-san, guess what! I stumbled across this rare magazine the other day...	ยากามิซัง เดาซิว่าอะไร เมื่อวันก่อนฉันไปเจอนิตยสารหา ยากเข้าโดยบังเอิญ...
13-1012	talk	Sold that thing for twenty grand! You never know which porno mag is worth something. Remember that.	ขายไปได้สองหมื่นเยนเลยนะ! ไม่มีทางรู้เลยว่านิตยสารโป๊ เล่มไหนจะมีค่า จำไว้เลยนะ
13-1013	talk	Goddammit! Stupid net café employee kicked me out!	บ้าเอ๊ย! ไอ้พนักงานเน็ตคาเฟ่งี่เง่าไล่กูออกมา!
13-1014	talk	You do smell pretty bad. Use the public restroom and clean yourself up.	แกก็เหม็นจริงๆ นั่นแหละ ไปใช้ห้องน้ำสาธารณะทำความสะอาด ตัวเองซะบ้าง
13-1015	talk	Being homeless is pretty awesome, you know. No taxes and no work.	การไม่มีบ้านอยู่ก็เจ๋งดีนะ ไม่ต้องเสียภาษี ไม่ต้องทำงาน
13-1016	talk	Yagami-san. There's this place in the rich part of town where they throw away valuable stuff.	ยากามิซัง มีที่แห่งหนึ่งในย่านคนรวยที่ เขาทิ้งของมีค่ากันเยอะเลยนะ
13-1017	talk	I found a watch that costs 800,000 yen last time. Too bad I can't tell ya where.	ครั้งก่อนฉันไปเจอนาฬิการาคา 800,000 เยนเลยนะ เสียดายที่บอกไม่ได้ว่าที่ไหน
13-1018	talk	Huh? You need something, dude?	หืม? มีธุระอะไรเหรอ พวก
13-1019	talk	Oh, no. Sorry.	อ๋อ เปล่า ขอโทษที
13-1020	talk	(Another host done with a hard day's work. I probably shouldn't bug him.)	(โฮสต์อีกคนที่เพิ่งเสร็จงานหนักมา คงไม่ควรไปกวนเขาดีกว่า)
13-1021	talk	Heeeey! Yagami-san!	เฮ้ๆๆ! ยากามิซัง!
13-1022	talk	Ah, Deguchi-san. Are you off work now?	อ้าว เดกุจิซัง เลิกงานแล้วเหรอ
13-1023	talk	Yeah, I was just grabbing something to eat with my boys.	ใช่ครับ กำลังจะไปหาอะไรกินกับเพื่อนๆ พอดีเลย
13-1024	talk	Huh, so this is the famous Yagami-san?	เอ๊ะ นี่คือยากามิซังคนดังเหรอเนี่ย
13-1025	talk	So he's the one who beat Deguchi in a pickup battle?	อ้อ นี่แหละคนที่เอาชนะเดกุจิได้ใน ศึกจีบสาวเหรอ
13-1026	talk	Yep, that actually happened.	ใช่ เรื่องนั้นเกิดขึ้นจริงๆ
13-1027	talk	Incredible. Maybe you'd be a better host than Deguchi.	สุดยอดไปเลย เผลอๆ นายอาจเป็นโฮสต์ที่เก่งกว่า เดกุจิด้วยซ้ำ
13-1028	talk	H-Hey, I still have plenty of room to improve!	เ-เดี๋ยวสิ ผมยังพัฒนาต่อได้อีกเยอะนะครับ!
13-1029	talk	And you're gonna be the number one host in Kamurocho, right?	แล้วนายก็จะเป็นโฮสต์อันดับ หนึ่งของคามุโรโจใช่ไหม
13-1030	talk	More like number one nutsack. You're still below average, even with the makeover.	อันดับหนึ่งไอ้ห่วยกว่า ต่อให้เปลี่ยนลุคยังไง ฝีมือแกก็ยังต่ำกว่ามาตรฐานอยู่ดี
13-1031	talk	"Man looks at the outward appearance, but a host is judged by the heart." Isn't that how the saying goes?	"คนมองแค่รูปลักษณ์ภายนอก แต่โฮสต์ตัดสินกันที่หัวใจ" คำพูดมันประมาณนี้ใช่ไหมครับ
13-1032	talk	...I don't know what you're talking about, but good luck. Try not to end up on that tuna boat.	...ผมไม่รู้ว่านายพูดเรื่องอะไร แต่ก็ขอให้โชคดีแล้วกัน อย่าให้ลงเอยบนเรือจับปลาทูน่าล่ะ
13-1033	talk	R-Right! That's the plan!	ค-ครับ! ตามแผนเลยครับ!
13-1034	talk	Oh... what's up, Yagami-san...	อ้อ... เป็นไงบ้างครับ ยากามิซัง...
13-1035	talk	Hey, is everything all right? You look a little down.	เฮ้ ทุกอย่างโอเคไหม ดูนายเหมือนจะหงอยๆ นะ
13-1036	talk	Yeah, something's been on my mind...	ครับ มีเรื่องคาใจอยู่หน่อยน่ะครับ...
13-1037	talk	So one of my customers started requesting me specifically. She's even dropped my name at the club.	มีลูกค้าคนหนึ่งเริ่มขอผม โดยเฉพาะเลยครับ ถึงขั้นบอกชื่อผมที่ร้านด้วย
13-1038	talk	Isn't that a good thing?	นั่นเป็นเรื่องดีไม่ใช่เหรอ
13-1039	talk	...No, Yagami-san. Do you know what "bombing" is?	...ไม่ครับ ยากามิซัง รู้จักคำว่า "ทิ้งบอมบ์" ไหมครับ
13-1040	talk	Is that some sort of host thing?	เป็นศัพท์เฉพาะวงการโฮสต์เหรอ
13-1041	talk	Yeah. It's when a host contacts a girl who already has a designated host. Basically, it's poaching someone else's client.	ใช่ครับ มันคือตอนที่โฮสต์คนหนึ่งไป ติดต่อลูกค้าที่มีโฮสต์ ประจำอยู่แล้ว พูดง่ายๆ ก็คือแย่งลูกค้าคนอื่นนั่นแหละครับ
13-1042	talk	In our industry, taking clients from each other is the worst thing you can do. They'll even fine your ass for it.	ในวงการนี้ การแย่งลูกค้ากันเองคือเรื่อง เลวร้ายที่สุดเลยครับ ถึงขั้นโดนปรับเงินเลยด้วยซ้ำ
13-1043	talk	I guess that would be problematic, especially when your livelihood depends on it.	ก็คงเป็นปัญหาจริงๆ แหละ โดยเฉพาะเวลาที่ปากท้องต้องพึ่ง เรื่องนี้
13-1044	talk	Right. So there's a rumor going around that one of my girls has been texting another guy at the club.	ใช่ครับ แล้วตอนนี้ก็มีข่าวลือว่าลูกค้า คนหนึ่งของผมแอบทักหา ผู้ชายอีกคนในร้าน
13-1045	talk	I can see why you'd be worried about that. But is this rumor true?	เข้าใจได้ว่าทำไมนายถึงกังวลเรื่องนี้ แต่ข่าวลือนี้จริงหรือเปล่า
13-1046	talk	I'm not sure yet.	ยังไม่แน่ใจครับ
13-1047	talk	Well, why don't you wait and see what happens?	งั้นลองรอดูสถานการณ์ก่อนไหมล่ะ
13-1048	talk	I suppose that's all I can do...	ก็คงทำได้แค่นั้นแหละครับ...
13-1049	talk	Deguchi-san. Did you ever find out what was going on with your customer?	เดกุจิซัง เรื่องลูกค้าคนนั้นนายรู้ ความจริงหรือยัง
13-1050	talk	Oh, about that. Actually, it's kind of a weird story.	อ้อ เรื่องนั้นเหรอครับ จริงๆ แล้วมันเป็นเรื่องแปลกๆ อยู่นะครับ
13-1051	talk	Weird? How so?	แปลกยังไง
13-1052	talk	The host that was contacting my customer... It turns out he's her brother.	โฮสต์ที่ไปติดต่อลูกค้าผม... สุดท้ายกลายเป็นว่าเขาคือพี่ชาย เธอครับ
13-1053	talk	What the heck? They were siblings?	หา? เป็นพี่น้องกันเองเหรอ?
13-1054	talk	Yeah. Apparently, he's been trying to convince her to stop visiting the club 'cause she's married.	ใช่ครับ ดูเหมือนเขาจะพยายามห้ามไม่ให้ เธอมาที่ร้านอีก เพราะเธอแต่งงานแล้ว
13-1055	talk	So you had nothing to worry about after all.	งั้นก็ไม่มีอะไรต้องกังวลเลย ตั้งแต่แรกสินะ
13-1056	talk	Ahaha, yeah. She was my first regular customer, so I guess I panicked a little.	ฮ่าฮ่า ใช่ครับ เธอเป็นลูกค้าประจำคนแรกของผม เลยตกใจไปหน่อยน่ะครับ
13-1057	talk	You know, come to think of it...	ว่าแต่ พอมาคิดดูแล้ว...
13-1058	talk	You were actually able to win the heart of a married woman. Doesn't that mean you've improved at being a host?	นายทำให้ผู้หญิงมีเจ้าของหลงใหล ได้ขนาดนี้ นั่นแปลว่าฝีมือโฮสต์ของนาย พัฒนาขึ้นไม่ใช่เหรอ
13-1059	talk	Hey, it's as I keep saying. I know how to keep the conversation real.	ก็อย่างที่ผมบอกไงครับ ผมรู้วิธีคุยให้จริงใจน่ะครับ
13-1060	talk	Well, I wish you the best of luck.	งั้นก็ขอให้โชคดีนะ
13-1061	talk	Yagami-san! You're safe!	ยากามิซัง! ปลอดภัยดีนะครับ!
13-1062	talk	Yeah. Thanks to you.	ใช่ ต้องขอบใจนายเลย
13-1063	talk	I saw it on the news. The police arrested all the gun smugglers.	ผมเห็นในข่าวครับ ตำรวจจับพวกลักลอบค้าปืนได้หมดแล้ว
13-1064	talk	That was your doing, right?	นั่นเป็นฝีมือนายใช่ไหมครับ
13-1065	talk	Crazy people won't be waving around guns in Kamurocho anymore. You're a hero, Yagami-san.	จะไม่มีพวกบ้าถือปืนป้วนเปี้ยน ในคามุโรโจอีกแล้ว นายคือฮีโร่เลยนะครับ ยากามิซัง
13-1066	talk	A guy with a bounty on his head becomes a hero the next day. What a story.	คนที่เคยมีค่าหัวติดตัวกลายเป็น ฮีโร่ในวันถัดมา นี่มันเรื่องราวอะไรกัน
13-1067	talk	How's your host thing going, Deguchi-san?	งานโฮสต์เป็นไงบ้าง เดกุจิซัง
13-1068	talk	Not very good. I'm still just a helper.	ไม่ค่อยดีเท่าไหร่ครับ ยังเป็นแค่ตัวช่วยอยู่เลย
13-1069	talk	Well, you'll just have to work hard and take it one step at a time.	งั้นก็ต้องพยายามแล้วค่อยๆ ไปทีละก้าวแล้วกัน
13-1070	talk	Yeah! I'll make both you and my auntie proud!	ครับ! ผมจะทำให้ทั้งนายและป้าของผม ภูมิใจให้ได้!
13-1071	talk	Dang, look at you, player! That's a sick jacket right there! You really got style, my dude!	โห ดูนายสิ เจ้าเสน่ห์! แจ็กเก็ตตัวนั้นเจ๋งมากเลยนะ! สไตล์นายเริ่ดจริงๆ เพื่อน!
13-1072	talk	Whoa, where are all these compliments coming from?	เฮ้ อยู่ๆ มาชมกันขนาดนี้เลยเหรอ
13-1073	talk	I'm practicing giving out compliments! You know, for the ladies.	ผมกำลังฝึกชมคนอยู่น่ะครับ! ก็เพื่อสาวๆ นั่นแหละ
13-1074	talk	Oh, I see. Does it help to compliment guys, too?	อ๋อ เข้าใจแล้ว แล้วชมผู้ชายด้วยมันช่วยได้จริงเหรอ
13-1075	talk	It's the same thing, really, in the sense that I'm trying to make people happy.	จริงๆ แล้วก็เหมือนกันครับ ในแง่ที่ผมพยายามทำให้คนอื่นมีความสุข
13-1076	talk	I see. Well, do your best.	เข้าใจแล้ว งั้นก็สู้ๆ นะ
13-1077	talk	Apparently this host at White Tiger booked it because he couldn't pay his customer's tab.	ได้ยินว่าโฮสต์ที่ร้าน ไวท์ไทเกอร์เผ่นหนีไปเลย เพราะจ่ายบิลลูกค้าไม่ไหว
13-1078	talk	Damn. I should be careful not to let my customer's tab rack up too high.	แย่จัง ผมต้องระวังไม่ให้บิลลูกค้าสูง เกินไปแล้ว
13-1079	talk	Yagami-san, don't you get lonely when it's cold out like this? I want to date a girl outside of work sometime.	ยากามิซัง อากาศหนาวๆ แบบนี้ไม่รู้สึกเหงาบ้างเหรอครับ ผมอยากมีแฟนไว้เดตนอกเวลางานบ้างจัง
13-1080	talk	I went to a party last night, and a girl busted out laughing when I told her I was a host...	เมื่อคืนผมไปงานปาร์ตี้มา แล้วมีผู้หญิงคนหนึ่งหัวเราะ ลั่นตอนที่ผมบอกว่าเป็นโฮสต์...
13-1081	talk	I wonder what was so funny.	ไม่รู้เหมือนกันว่าตลกตรงไหน
13-1082	talk	Don't you think I look like that one idol, Kento Amahara? Thank my parents for these amazing genetics.	นายว่าผมหน้าเหมือนไอดอลคนนั้นไหมครับ เคนโตะ อามาฮาระน่ะ ต้องขอบคุณพ่อแม่จริงๆ ที่ให้ยีนดีๆ มา
13-1083	talk	Can't believe how freakin' expensive these champagne towers are. This customer dropped 1.2 million like it was nothing.	ไม่อยากจะเชื่อเลยว่าแชมเปญ ทาวเวอร์จะแพงขนาดนี้ ลูกค้าคนนี้ทุ่มไป 1.2 ล้านเยนเหมือนเรื่องเล็กๆ เลย
13-1084	talk	Psh, I've seen someone drop 8 million before. Hard to believe our economy's in a slump with that kinda money floating around.	ชะ เคยเห็นคนทุ่มไป 8 ล้านเยนมาแล้ว ไม่น่าเชื่อเลยว่าเศรษฐกิจจะ ซบเซาทั้งที่มีเงินขนาดนี้ ลอยอยู่ในระบบ
13-1085	talk	Host clubs can be a pretty scary place. There was a customer last night who dropped two million.	โฮสต์คลับนี่น่ากลัวอยู่ เหมือนกันนะครับ เมื่อคืนมีลูกค้าทุ่มไปสองล้านเยนเลย
13-1086	talk	She wasn't my customer though...	แต่เธอไม่ใช่ลูกค้าของผมหรอกนะครับ...
13-1087	talk	A surprising amount of younger girls come to host clubs, too.	มีสาวๆ วัยรุ่นมาที่โฮสต์คลับเยอะกว่า ที่คิดเหมือนกันนะครับ
13-1088	talk	Some of them are definitely in college. I'm worried that they might be going bankrupt.	บางคนก็ยังเรียนมหาวิทยาลัยอยู่เลย ผมเป็นห่วงว่าพวกเธอจะล้มละลายกันไหม
13-1089	talk	This customer said she wanted to take a picture with me, so I went along with it.	ลูกค้าคนนี้บอกว่าอยากถ่ายรูปกับผม ผมเลยตกลงถ่ายให้
13-1090	talk	Then one of my coworkers showed me that very same picture on Chatter with the message, "Look at his huge face! L-O-L."	แล้วเพื่อนร่วมงานคนหนึ่งก็เอา รูปเดียวกันเป๊ะมาโชว์ผมบน Chatter พร้อมข้อความว่า "ดูหน้าเบิ้มของเขาสิ! ฮ่าๆ"
13-1091	talk	Hey, you can't just come in here!	เฮ้ ห้ามเข้ามาแบบนี้เฉยๆ นะ!
13-1092	talk	Ah. My bad.	อ้าว ขอโทษที
13-1093	talk	(I've been scolded...)	(โดนดุซะแล้ว...)
13-1094	talk	Hey, what's the good word?	เฮ้ มีอะไรใหม่ๆ บ้างไหม
13-1095	talk	Oh, aren't you... Yagami-san?	เอ๊ะ คุณคือ... ยากามิซังใช่ไหม
13-1096	talk	Yeah, you're the Battle of the Alps champion the manager's always talking about.	ใช่แล้ว คุณคือแชมป์ศึกอัลป์สที่ ผู้จัดการพูดถึงบ่อยๆ นั่นเอง
13-1097	talk	Yeah. We were just talking about the challenge and how none of us, including the customers, would ever wanna do it.	ใช่ เมื่อกี้กำลังคุยกันอยู่เลยว่า ชาเลนจ์นั้นน่ะ ไม่มีใครอยากลองแม้แต่ลูกค้าเองก็ตาม
13-1098	talk	Our manager's a real coffee nut, so it's pretty hard to keep up with him.	ผู้จัดการเราคลั่งกาแฟมากจริงๆ ตามให้ทันเขานี่ยากเอาเรื่องเลย
13-1099	talk	Haha, I see.	ฮ่าๆ เข้าใจแล้ว
13-1100	talk	But I guess that worked in his favor when that yakuza-looking dude stopped by the other day.	แต่ก็เป็นผลดีกับเขานะ ตอนที่หมอนั่นหน้าตาเหมือน ยากูซ่าแวะมาเมื่อวันก่อน
13-1101	talk	Yeah, that was a tricky situation.	ใช่ ตอนนั้นสถานการณ์ค่อนข้างวุ่นเลยล่ะ
13-1102	talk	Here, have a seat, Yagami-san. Coffee's on me today.	มานั่งก่อนสิ ยากามิซัง วันนี้กาแฟเลี้ยงเองเลยนะ
13-1103	talk	(Wow. Coffee, free of charge. How nice.)	(ว้าว กาแฟฟรีซะด้วย ดีจังเลย)
13-1104	talk	Ah, it's a pleasure to see you, Yagami-sama.	อ้า ยินดีที่ได้พบท่านยากามิครับ
13-1105	talk	Hey, Sagara-san. What's new?	เฮ้ ซาการะซัง มีอะไรใหม่ๆ บ้างไหม
13-1106	talk	I just bought a rare type of coffee today.	วันนี้ผมเพิ่งซื้อกาแฟพันธุ์หา ยากมาครับ
13-1107	talk	Do you know about Geisha?	คุณรู้จักเกอิชาไหมครับ
13-1108	talk	Geisha? Like the ones in Kyoto?	เกอิชาเหรอ แบบที่เกียวโตน่ะเหรอ
13-1109	talk	No, no. Not that geisha. It's a type of coffee bean.	ไม่ใช่ๆ ไม่ใช่เกอิชาแบบนั้นครับ มันคือเมล็ดกาแฟพันธุ์หนึ่งต่างหาก
13-1110	talk	It's from a place called Geisha in Ethiopia, and it's considered to be one of the best coffees in the world.	มันมาจากสถานที่ชื่อเกอิชาใน เอธิโอเปียครับ แล้วก็ถือเป็นหนึ่งในกาแฟที่ดี ที่สุดในโลกเลย
13-1111	talk	Even more than Kopi Luwak?	แพงกว่าโกปี ลูวัก อีกเหรอครับ?
13-1112	talk	That depends on who you ask... What's clear is that it's also one of the most expensive beans you can buy.	ก็แล้วแต่ว่าถามใครนะครับ... แต่ที่แน่ ๆ คือมันเป็นเมล็ดกาแฟที่แพง ที่สุดชนิดหนึ่งที่หาซื้อได้เลย ครับ
13-1113	talk	Not to mention the Esmeralda Special, which is sometimes put up on auction...	ไม่ต้องพูดถึงเอสเมอรัลดา สเปเชียลเลยครับ บางทีก็มีเอาขึ้นประมูลด้วยนะ...
13-1114	talk	That too is difficult to procure. I myself have only tried it once in this long life of mine...	อันนั้นก็หายากพอกันครับ ตัวผมเองก็เคยได้ลองแค่ครั้ง เดียวในชีวิตอันยาวนานนี้...
13-1115	talk	All the same, the Geisha 1500 is yet another derivative of Geisha coffee that's reserved in a private collection...	ถึงอย่างนั้น เกอิชา 1500 ก็เป็นอีกสายพันธุ์หนึ่งของ กาแฟเกอิชาที่ถูกเก็บไว้ใน คอลเลกชันส่วนตัวครับ...
13-1116	talk	(Great. I bet he's gonna keep on talking forever...)	(เยี่ยมเลย ท่าทางเขาจะพูดไม่หยุดแบบนี้ไปเรื่อย ๆ แน่...)
13-1117	talk	And that concludes this topic. Coffee is truly a fascinating subject indeed.	และนั่นก็คือบทสรุปของหัวข้อนี้ครับ กาแฟเป็นเรื่องที่น่าหลงใหลจริง ๆ
13-1118	talk	(I had to listen to him for 40 minutes straight...)	(ผมต้องนั่งฟังเขาพูดรวด 40 นาทีเลย...)
13-1119	talk	Um. What is Sagara-san doing on the floor?	เอ่อ... ซาการะซังทำอะไรอยู่บนพื้นเหรอครับ?
13-1120	talk	Oh, he just passed out.	อ๋อ เขาแค่เป็นลมไปน่ะ
13-1121	talk	Is he okay?	เขาไม่เป็นไรใช่ไหมครับ?
13-1122	talk	Oh yeah. Earlier he said he obtained a rare Geisha from the auction house.	อ๋อ ใช่ เมื่อกี้เขาบอกว่าได้เกอิชาหา ยากมาจากบ้านประมูลน่ะ
13-1123	talk	He gave it a tiny little sniff, then fainted because apparently it smelled so good.	แค่ดมนิดเดียวเองนะ แล้วก็เป็นลมไปเลย เพราะมันหอมมากจนทนไม่ไหวมั้ง
13-1124	talk	...I think he might want to get that checked out.	...ผมว่าเขาน่าจะไปตรวจร่างกาย หน่อยนะครับ
13-1125	talk	Seems like you were in quite the pickle when the Keihin Gang came after you.	ดูเหมือนคุณยากามิจะเจอเรื่องแย่ ๆ เลยนะครับ ตอนที่โดนแก๊งเคฮินไล่ล่า
13-1126	talk	Yeah. They put a 10 million yen bounty on me.	ใช่ครับ พวกมันตั้งค่าหัวผมไว้ถึง 10 ล้านเยนเลย
13-1127	talk	10 million yen... I could go on a coffee garden vacation with money like that...	10 ล้านเยน... เงินขนาดนั้นผมไปเที่ยวสวนกาแฟได้สบาย ๆ เลยนะครับ...
13-1128	talk	Um. What?	เอ่อ... อะไรนะครับ?
13-1129	talk	O-Oh, pardon my manners. Money corrupts the mind of men.	อ๊ะ อ๊ะ ขอโทษด้วยครับ เงินมันทำให้จิตใจคนเสื่อมทรามได้จริง ๆ
13-1130	talk	I'm glad you didn't come after me...	ดีใจนะที่คุณไม่มาตามล่าผมซะเอง...
13-1131	talk	Huh? Ayumu-kun, what are you doing here?	หา? อายุมุคุง มาทำอะไรตรงนี้เนี่ย?
13-1132	talk	Playing hide-and-seek.	หนูเล่นซ่อนหาอยู่ครับ
13-1133	talk	Again? Does your dad know?	อีกแล้วเหรอ? พ่อรู้รึเปล่า?
13-1134	talk	Yeah! We play this together now!	ใช่ครับ! ตอนนี้หนูเล่นเกมนี้ด้วยกันแล้ว!
13-1135	talk	That's good to hear.	ดีจังเลยนะ
13-1136	talk	It's okay to play hide-and-seek, but I'm not sure this is the right place to do it.	เล่นซ่อนหาก็ไม่เป็นไรหรอกนะ แต่ฉันว่าที่นี่อาจไม่ใช่ที่ที่ เหมาะเท่าไหร่
13-1137	talk	Come on, it's safe here.	ไม่เป็นไรน่า ที่นี่ปลอดภัยครับ
13-1138	talk	Yes, please enjoy your time here. Perhaps you would like some delicious coffee...	ได้เลยครับ เชิญตามสบายเลย หรือจะลองกาแฟอร่อย ๆ สักแก้วไหมครับ...
13-1139	talk	Hey, mister! Don't tell my dad that I'm hiding here, okay?	ลุง! ห้ามบอกพ่อหนูนะว่าหนูซ่อนอยู่ตรงนี้ โอเคนะ?
13-1140	talk	Okay, I won't.	ได้ ผมไม่บอกหรอกครับ
13-1141	talk	To be honest, I don't understand expensive coffee at all.	จริง ๆ นะ ฉันไม่เข้าใจเรื่องกาแฟแพง ๆ เลยสักนิด
13-1142	talk	That's because you haven't trained enough.	ก็เพราะแกฝึกยังไม่พอไงล่ะ
13-1143	talk	I heard this thing called "third wave coffee" is trending.	ได้ยินมาว่าที่เรียกกันว่า "กาแฟคลื่นลูกที่สาม" นี่กำลังมาแรงเลยนะ
13-1144	talk	That's just hand-drip coffee, right? Wouldn't we qualify as third wave coffee, then?	นั่นก็แค่กาแฟดริปมือเองไม่ใช่เหรอ? งั้นร้านเราก็เข้าข่ายกาแฟคลื่น ลูกที่สามเหมือนกันสิ?
13-1145	talk	Why are coffee beans so expensive, anyway? Blue Mountain's like 2,000 yen for only 100 grams.	ทำไมเมล็ดกาแฟถึงแพงจังนะ บลูเมาน์เทนตั้ง 2,000 เยนแค่ 100 กรัมเอง
13-1146	talk	Yeah, it's way too expensive. Wouldn't you agree?	ใช่ แพงเกินไปจริง ๆ แกว่าไหมล่ะ?
13-1147	talk	Is my face really that big...?	หน้าผมมันใหญ่ขนาดนั้นเลยเหรอเนี่ย...?
13-1148	talk	Shogi, huh? Nice.	โชกิเหรอ เจ๋งดี
13-1149	talk	Puzzle shogi?	โจทย์โชกิเหรอ?
13-1150	talk	(I just realized, I don't have that much on me... In order to have a good time, I should have at least 50,000 yen.)	(เพิ่งนึกได้ว่าผมมีเงินติดตัว ไม่มากเลย... ถ้าจะเที่ยวให้สนุกจริง ๆ ต้องมีอย่างน้อย 50,000 เยน)
13-1151	talk	(Now where can I get that kind of money...)	(ทีนี้จะไปหาเงินขนาดนั้นจากไหนดีนะ...)
13-1152	talk	(What should we talk about...)	(จะคุยเรื่องอะไรกันดีนะ...)
13-1153	talk	(I still haven't gotten a good picture.)	(ผมยังไม่ได้รูปที่ถูกใจเลย)
13-1154	sound_auth	Wait, you're inviting all your friends...\nAnd you're paying? You loaded or something?	เดี๋ยวนะ เธอชวนเพื่อนมาหมดเลยเหรอ...\nแล้วเธอจะจ่ายเองอีกเหรอ รวยขนาดนั้นเลยเหรอ?
13-1155	sound_auth	They say your body actually gets weaker if you\ntrain everyday. Is that true? Weird, right?	เขาว่ากันว่าถ้าออกกำลังกายทุกวัน\nร่างกายจะยิ่งอ่อนแอลงนะ จริงเหรอ? แปลกดีเนอะ?
13-1156	sound_auth	Where'd all that brand-name shit come from?\nYou come it some money? How'd you get it?	ของแบรนด์เนมพวกนั้นมาจากไหนกันเนี่ย?\nได้เงินมาจากไหน มาได้ยังไง?
13-1157	sound_auth	I heard you got a new car?\nHow'd you afford it? What happened?	ได้ยินว่าซื้อรถใหม่เหรอ?\nเอาเงินที่ไหนมาซื้อ เกิดอะไรขึ้น?
13-1158	sound_auth	You partied all night at that cabaret?\nYou got money to burn or something?	ปาร์ตี้กันทั้งคืนที่บาร์ คาบาเรต์นั่นเหรอ?\nมีเงินเหลือเฟือขนาดนั้นเลยเหรอ?
13-1159	sound_auth	I made a reservation for a haircut.\nYes, I asked for Matsushita-san.	จองคิวตัดผมไว้แล้วนะ\nใช่ ขอช่างมัตสึชิตะซังด้วย
13-1160	sound_auth	I'm in Kamurocho right now.\nYeah. Yeah, got it, I'll head over.	ตอนนี้อยู่คามุโรโจนะ\nอือ อือ เข้าใจแล้ว เดี๋ยวไปเลย
13-1161	sound_auth	Huh? If the street's on that side,\nthat means... this way?	หา? ถ้าถนนอยู่ทางนั้น\nงั้นก็แปลว่า... ทางนี้เหรอ?
13-1162	sound_auth	Whoa, I kinda overspent this month,\ndidn't I? Credit cards are scary...	โห เดือนนี้ใช้เงินเกินตัวไปหน่อยนะ\nเนอะ? บัตรเครดิตนี่น่ากลัวจริงๆ...
13-1163	sound_auth	Yeah, exactly. It stopped working after that.\nWhen can I get it replaced?	ใช่เลย มันเสียไปตั้งแต่ตอนนั้นแหละ\nจะเปลี่ยนตัวใหม่ได้เมื่อไหร่?
13-1164	sound_auth	Huh? Who the hell're you!?	หา? แกเป็นใครวะ!?
13-1165	sound_auth	Shhh. I'm just here to talk, Murase-san.	ชู่ว์ ผมมาคุยด้วยเฉยๆ ครับ มุราเสะซัง
13-1166	sound_auth	Look, I risked my life to get in here. Just—	ฟังนะ ผมเสี่ยงชีวิตเข้ามาที่นี่นะ แค่—
13-1167	sound_auth	Look, I risked my life\nto get in here. Just—	ฟังนะ ผมเสี่ยงชีวิตเข้ามา\nที่นี่นะ แค่—
13-1168	sound_auth	I don't have to do shit!\nYou can't boss a yakuza around!	ฉันไม่จำเป็นต้องพูดห่าอะไร ทั้งนั้นน่า!\nแกมาสั่งยากูซ่าไม่ได้หรอกนะ!
13-1169	sound_auth	You're not gettin' away!	หนีไปไม่ได้หรอก!
13-1170	sound_auth	Sugiura: Let go, asshole!\nKaito: Bastard's got my leg!	ซุกิอุระ: ปล่อยนะ ไอ้เวร!\nไคโตะ: ไอ้นี่มันจับขาฉันไว้!
13-1171	sound_auth	Let go, asshole!	ปล่อยนะ ไอ้เวร!
13-1172	sound_auth	Just stay down!	หมอบอยู่เฉยๆ ซะ!
13-1173	sound_auth	Aw shit!	บ้าเอ๊ย!
13-1174	sound_auth	We'll be fine, Tak!	เราไม่เป็นไรหรอก ทาคุ!
13-1175	sound_auth	There's more!	ยังมีอีกเยอะเลย!
13-1176	sound_auth	Yeah, but...!	ใช่ แต่ว่า...!
13-1177	sound_auth	Just go, Tak!\nWe'll be fine!	ไปเลย ทาคุ!\nเราไม่เป็นไรหรอก!
13-1178	sound_auth	I told you, just go!	บอกแล้วไงว่าไปเลย!
13-1179	sound_auth	All right. You've got this!	ได้เลย พวกนายต้องไหวอยู่แล้ว!
13-1180	sound_auth	Got it.\nGood luck, guys!	เข้าใจแล้ว\nโชคดีนะทุกคน!
13-1181	sound_auth	Here! This way!	นี่! มาทางนี้!
13-1182	sound_auth	It's Yagami!	นั่นมันยากามิ!
13-1183	sound_auth	Yagami!	ยากามิ!
13-1184	sound_auth	Holy shit!	แม่เจ้าโว้ย!
13-1185	sound_auth	That was close!	เฉียดฉิวเป็นบ้า!
13-1186	sound_auth	Don't shoot, dumbass!	อย่ายิงสิวะ ไอ้โง่!
13-1187	sound_auth	Whoa!\nD-Don't shoot!	ว้าย!\nอ-อย่ายิงนะ!
13-1188	sound_auth	You fuckin' coward!\nLet go of him!	ไอ้ขี้ขลาด!\nปล่อยเขาซะ!
13-1189	sound_auth	And why would I do that?	แล้วทำไมผมต้องทำแบบนั้นด้วย?
13-1190	sound_auth	I'll kill ya!	กูจะฆ่ามึงซะ!
13-1191	sound_auth	What the!?	อะไรกันเนี่ย!?
13-1192	sound_auth	You dropped something!	มีอะไรหล่นนะเนี่ย!
13-1193	sound_auth	What the... Yagami!?	อะไรวะ... ยากามิ!?
13-1194	sound_auth	Hehehe...	เฮะเฮะเฮะ...
13-1195	sound_auth	Hah!	ฮ่า!
13-1196	sound_auth	Buy me some time, boys.\nDo whatever it takes.	ซื้อเวลาให้กูหน่อย พวกมึง\nจะทำยังไงก็ทำไปเถอะ
13-1197	sound_auth	Yes sir!	รับทราบ!
13-1198	sound_auth	This guy's tougher than he looks...	ไอ้นี่แข็งกว่าที่เห็นนี่...
13-1199	sound_auth	Keep him busy, boys.	หน่วงมันไว้ก่อน พวกนาย
13-1200	sound_auth	This guy won't give up...	ไอ้นี่ไม่ยอมแพ้ง่ายๆ เลยนะ...
13-1201	sound_auth	Get in there, boys.	บุกเลย พวกนาย
13-1202	sound_auth	Heh, I've been waiting for you.	เฮอะ กูรอมึงอยู่พอดี
13-1203	sound_auth	Heh, took you long enough.	เฮอะ มึงมาช้าไปนะเนี่ย
13-1204	sound_auth	Dammit! Gonna have to try something else...	แม่งเอ๊ย! ต้องหาวิธีอื่นแล้ว...
13-1205	sound_auth	Let's do this, Yagami!	ลุยกันเลย ยากามิ!
13-1206	sound_auth	Dammit, stupid gun...	แม่งเอ๊ย ปืนบ้าอะไรวะ...
13-1207	sound_auth	Dammit, that's not working...	แม่งเอ๊ย ไม่ได้ผลเลย...
13-1208	sound_auth	Finally. I was getting bored of waiting.	ในที่สุด กูก็เบื่อจะรอแล้วนะ
13-1209	sound_auth	Finally. I was gettin' bored.	ในที่สุด กูเบื่อจะรอพอดี
13-1210	sound_auth	Hrgh!	อืก!
13-1211	sound_auth	Don't worry 'bout me!\nJust go find Kaito-san!	ไม่ต้องห่วงผมหรอก!\nรีบไปหาไคโตะซังเถอะ!
13-1212	sound_auth	You think I'd let you do that?	คิดว่าผมจะปล่อยให้นายทำแบบนั้น ได้เหรอ?
13-1213	sound_auth	You think I'm gonna let you do that?	คิดว่าผมจะยอมให้นายทำแบบนั้นเหรอ?
13-1214	sound_auth	You never learn, huh?	ยังไม่เข็ดอีกเหรอเนี่ย?
13-1215	sound_auth	Hrgh... Heh, not bad.	อืก... เฮอะ ไม่เลวนี่
13-1216	sound_auth	I'm done playing.\nTime to go in for the kill!	เลิกเล่นกันได้แล้ว\nได้เวลาจบเกมแล้ว!
13-1217	sound_auth	Time to go in for the kill!	ได้เวลาจบเกมแล้ว!
13-1218	sound_auth	We've got to go, Matsugane-san!	เราต้องไปแล้ว มัตสึกาเนะซัง!
13-1219	sound_auth	Let's get out of here, Matsugane-san!	ไปจากที่นี่กันเถอะ มัตสึกาเนะซัง!
13-1220	sound_auth	Right! Leave Hamura to me!	รับทราบ! ฮามุระปล่อยให้ฉันจัดการเอง!
13-1221	sound_auth	Don't just stand there!\nHelp me, you fucks!	อย่ายืนเฉยสิ!\nช่วยกูหน่อยไอ้พวกเวร!
13-1222	sound_auth	Tak! Do whatever you can to\nkeep them away from us!	ทาคุ! ทำอะไรก็ได้\nกันพวกมันออกไปจากเราที!
13-1223	sound_auth	Tak! Keep them away from us!	ทาคุ! กันพวกมันออกไปจากเราที!
13-1224	sound_auth	Got it!	เข้าใจแล้ว!
13-1225	sound_auth	Sorry 'bout this, Boss!	ขอโทษด้วยนะ หัวหน้า!
13-1226	sound_auth	Guh!	อั๊ก!
13-1227	sound_auth	Heh, appreciate it!	เฮอะ ขอบใจนะ!
13-1228	sound_auth	Dammit...	แม่งเอ๊ย...
13-1229	sound_auth	I'm gonna tear you apart!	กูจะฉีกมึงเป็นชิ้นๆ!
13-1230	sound_auth	I'm gonna tear you limb from limb!	กูจะฉีกแขนฉีกขามึงเลย!
13-1231	sound_auth	I'll handle this, stay back.	ผมจัดการเอง ถอยไปก่อน
13-1232	sound_auth	Heh...	เฮอะ...
13-1233	sound_auth	Not so fast!	อย่าเพิ่งไปสิ!
13-1234	sound_auth	What is it this time?	คราวนี้อะไรอีกล่ะ?
13-1235	sound_auth	...Sugiura?	...ซุกิอุระ?
13-1236	sound_auth	This isn't funny, man!\nWhere are you?	นี่มันไม่ตลกเลยนะ!\nนายอยู่ไหน?
13-1237	sound_auth	...Dammit!	...แม่งเอ๊ย!
13-1238	sound_auth	You've got this!	นายทำได้อยู่แล้ว!
13-1239	sound_auth	Get him!	จัดการมัน!
13-1240	sound_auth	Mafuyu!	มาฟุยุ!
13-1241	sound_auth	Not happening!	ไม่มีทาง!
13-1242	sound_auth	Thank you, Yagami-kun!	ขอบใจนะ ยากามิคุง!
13-1243	sound_auth	Keep going!	ทำต่อไป!
13-1244	sound_auth	Will do!	ได้เลย!
13-1245	sound_auth	What, no love for me, Mafuyu-chan?	หา ไม่มีความรักให้ฉันบ้างเลยเหรอ มาฟุยุจัง?
13-1246	sound_auth	Hang in there too, Kaito-san!	อดทนไว้ด้วยนะ ไคโตะซัง!
13-1247	sound_auth	You hang in there too, Kaito-san!	นายก็อดทนไว้ด้วยนะ ไคโตะซัง!
13-1248	sound_auth	Now we're talking!	นี่สิที่อยากได้ยิน!
13-1249	sound_auth	That's what I'm talkin' about!	นั่นแหละที่กูพูดถึง!
13-1250	sound_auth	Alright! Mafuyu-chan's watching...\nSo let's not screw this up!	เอาล่ะ! มาฟุยุจังกำลังดูอยู่นะ...\nอย่าทำพลาดกันเชียว!
13-1251	sound_auth	Mafuyu-chan's watchin' us...\nNo backing down!	มาฟุยุจังกำลังดูเราอยู่...\nถอยไม่ได้แล้วนะ!
13-1252	sound_auth	Right!	รับทราบ!
13-1253	sound_auth	Mafuyu...	มาฟุยุ...
13-1254	sound_auth	This way!	ทางนี้!
13-1255	sound_auth	Piece of shit...	ไอ้เวร...
13-1256	sound_auth	Dammit, these guys\nwon't stop comin' on us!	แม่งเอ๊ย พวกนี้\nไม่ยอมหยุดบุกเราเลยนะ!
13-1257	sound_auth	Uh... I meant at us!	เอ่อ... ฉันหมายถึงใส่เราต่างหาก!
13-1258	sound_auth	Uh... Wait, I meant for us!	เอ่อ... เดี๋ยวนะ ฉันหมายถึงเพื่อเราต่างหาก!
13-1259	sound_auth	Dude, that's gross.	เพื่อน นั่นมันโหดไปนะ
13-1260	sound_auth	Was that really necessary?	จำเป็นต้องทำขนาดนั้นเลยเหรอ?
13-1261	sound_auth	C'mon, that ain't what I meant!	เดี๋ยวก่อน ฉันไม่ได้หมายความแบบนั้นสักหน่อย!
13-1262	sound_auth	Keep your head in the game,\nKaito-san. Now let's go!	มีสติหน่อย\nไคโตะซัง ไปกันได้แล้ว!
13-1263	sound_auth	You okay?	เป็นอะไรไหม?
13-1264	sound_auth	Yeah, somehow.	อือ พอไหวอยู่
13-1265	sound_auth	Hey, you okay man?	เฮ้ เป็นอะไรไหมเพื่อน?
13-1266	sound_auth	Yagami-san!\nAre you okay?	ยากามิซัง!\nเป็นอะไรไหม?
13-1267	sound_auth	We're gonna need another way in...	เราต้องหาทางเข้าอื่นแล้วล่ะ...
13-1268	sound_auth	What about the underground parking lot? \nThe same way we got in before.	ลานจอดรถใต้ดินล่ะ?\nทางเดิมที่เราเคยเข้าไปนั่นแหละ
13-1269	sound_auth	Good idea, Yagami-san! That'll get us into the hospital.\nWe can get to the research wing from there.	ไอเดียดีนะ ยากามิซัง! ทางนั้นเข้าโรงพยาบาลได้\nแล้วเราไปตึกวิจัยจากตรงนั้นได้เลย
13-1270	sound_auth	Good idea, Yagami-san!\nWe can get to the research wing from the hospital, right?	ไอเดียดีนะ ยากามิซัง!\nเราไปตึกวิจัยจากโรงพยาบาลได้ใช่ไหม?
13-1271	sound_auth	Especially now that we have the keycard.	ยิ่งตอนนี้เรามีคีย์การ์ดอยู่ใน มือด้วย
13-1272	sound_auth	That might work.	อาจจะได้ผลนะ
13-1273	sound_auth	Then we've gotta try.\nWe can't let Kuroiwa get away with this!	งั้นก็ต้องลองดู\nจะปล่อยให้คุโรอิวะลอยนวลไม่ได้!
13-1274	sound_auth	Crap...	แย่แล้ว...
13-1275	sound_auth	Careful, now!	ระวังด้วยนะ!
13-1276	sound_auth	Huh? The hell're you doing!?	หา? แกทำบ้าอะไรวะ!?
13-1277	sound_auth	What do you want!?	แกต้องการอะไรกันวะ!?
13-1278	sound_auth	Who're you!?	แกเป็นใครวะ!?
13-1279	sound_auth	You bastard!	ไอ้สารเลว!
13-1280	sound_auth	Help me! Someone help me!	ช่วยด้วย! ใครก็ได้ช่วยที!
13-1281	sound_auth	...Damn it!	...แม่งเอ๊ย!
13-1282	sound_auth	This is Shono.	นี่โชโนะพูด
13-1283	sound_auth	Hello? This is Shono.	ฮัลโหล? นี่โชโนะพูด
13-1284	sound_auth	30 seconds!?\nJust get over here!	30 วินาที!?\nรีบมาเดี๋ยวนี้เลย!
13-1285	sound_auth	Thirty seconds!?\nFine, but please hurry!	สามสิบวินาที!?\nก็ได้ แต่รีบหน่อยนะ!
13-1286	sound_auth	There you are!	อยู่นี่เอง!
13-1287	sound_auth	Two minutes!?\n...Please come faster!	สองนาที!?\n...รีบมาหน่อยเถอะ!
13-1288	sound_auth	I won't go easy on you...	ผมจะไม่ปล่อยนายไปง่ายๆ หรอกนะ...
13-1289	sound_auth	You need two whole minutes!?	ต้องใช้เวลาตั้งสองนาทีเลยเหรอ!?
13-1290	sound_auth	Three minutes!?\nI can't wait for three minutes!	สามนาที!?\nรอตั้งสามนาทีไม่ไหวหรอก!
13-1291	sound_auth	Three minutes!? Please get here quicker than that!	สามนาที!? มาให้เร็วกว่านั้นหน่อยสิ!
13-1292	sound_auth	Now you're fucked!	คราวนี้ซวยแน่!
13-1293	sound_auth	This time you're dead!	คราวนี้ตายแน่!
13-1294	sound_auth	Four minutes!? That's too slow!	สี่นาที!? ช้าเกินไปแล้ว!
13-1295	sound_auth	It won't take you five minutes!	ไม่ต้องถึงห้านาทีหรอกน่า!
13-1296	sound_auth	I'll have support in 30 seconds!	อีก 30 วินาทีกำลังเสริมมาแน่!
13-1297	sound_auth	I'll have support in one minute!	อีกหนึ่งนาทีกำลังเสริมมาแน่!
13-1298	sound_auth	I-I'm in front of Dayroom!	ผ-ผมอยู่หน้าเดย์รูม!
13-1299	sound_auth	I'm at the admissions building!	ผมอยู่ที่ตึกรับผู้ป่วย!
13-1300	sound_auth	Why isn't it going through!\nDamn it!	ทำไมติดต่อไม่ได้วะ!\nแม่งเอ๊ย!
13-1301	sound_auth	What are my supports doing...!	กำลังเสริมของผมหายไปไหนหมด...!
13-1302	sound_auth	Yagami-san!\nBetter luck next time!	ยากามิซัง!\nรอบหน้าโชคดีกว่านี้ก็แล้วกัน!
13-1303	sound_auth	Great job! Keep it up!	เยี่ยมมาก! ทำต่อไป!
13-1304	sound_auth	What are you doing!?	จะทำอะไรกันเนี่ย!?
13-1305	sound_auth	Tch, support was just about to...	เชอะ กำลังเสริมเพิ่งจะ...
13-1306	sound_auth	S-Stop!	ห-หยุดนะ!
13-1307	sound_auth	It must be them!	ต้องเป็นพวกมันแน่ๆ!
13-1308	sound_auth	Yagami, you bastard!	ยากามิ ไอ้สารเลว!
13-1309	sound_auth	You fools again!	พวกโง่นี่อีกแล้ว!
13-1310	sound_auth	They just keep on coming...	พวกมันบุกมาไม่หยุดเลย...
13-1311	sound_auth	Shono, wait!	โชโนะ เดี๋ยวก่อน!
13-1312	sound_auth	What's with this guy!?\nShould probably keep my distance for now...	ไอ้นี่มันอะไรวะ!?\nขอถอยห่างไว้ก่อนดีกว่า...
13-1313	sound_auth	Where the hell are ya!?	แกหลบไปไหนวะ!?
13-1314	sound_auth	I'm gonna tear ya apart!	กูจะฉีกมึงเป็นชิ้นๆ!
13-1315	sound_auth	I don't see him at all!!	ไม่เห็นมันเลยสักนิด!!
13-1316	sound_auth	Where the hell did he go!?	มันหายไปไหนวะ!?
13-1317	sound_auth	The more I drink, the stronger I get!	ยิ่งดื่มยิ่งแรงขึ้นเรื่อยๆ!
13-1318	sound_auth	Yo!	เฮ้ย!
13-1319	sound_auth	Whoops...	อุ๊ย...
13-1320	sound_auth	Whoa...	โห...
13-1321	sound_auth	Whoa... Urp.	โห... เอิ๊ก
13-1322	sound_auth	Huff... Huff...	หอบ... หอบ...
13-1323	sound_auth	Warm this up for me.	ช่วยอุ่นให้หน่อย
13-1324	sound_auth	Oh damn.	โอ้ แย่แล้ว
13-1325	sound_auth	What are you guys doing!?	พวกแกทำอะไรกันอยู่วะ!?
13-1326	sound_auth	They finally give up?	ในที่สุดก็ยอมแพ้แล้วเหรอ?
13-1327	sound_auth	Did they give up?	พวกมันยอมแพ้แล้วเหรอ?
13-1328	sound_auth	Give me a break...	ขอเถอะน่า...
13-1329	sound_auth	Can I borrow this real quick?	ขอยืมแป๊บนึงได้ไหม?
13-1330	sound_auth	Sorry, can I borrow this real quick!?	โทษที ขอยืมแป๊บนึงนะ!?
13-1331	sound_auth	Uhh... Sure...	เอ่อ... ได้สิ...
13-1332	sound_auth	Tch... 	เชอะ...
13-1333	sound_auth	...Tch!	...เชอะ!
13-1334	sound_auth	Hm!? Is that...!?	หืม!? นั่นมัน...!?
13-1335	sound_auth	Alright...!	เอาล่ะ...!
13-1336	sound_auth	Hmmmm?	อืมมม?
13-1337	sound_auth	The fuck's your problem?	แกมีปัญหาอะไรวะ?
13-1338	sound_auth	Hey, you bastard!	เฮ้ย ไอ้สารเลว!
13-1339	sound_auth	You wanna die, huh!?	อยากตายนักใช่ไหมวะ!?
13-1340	sound_auth	Dieeee!	ตายซะ!
13-1341	sound_auth	Please, I said I'm sorry!	ขอร้องละ ผมขอโทษแล้วไง!
13-1342	sound_auth	I'm real sorry...	ผมขอโทษจริงๆ นะ...
13-1343	sound_auth	You worthless piece of shit.	ไอ้ขยะไร้ค่า
13-1344	sound_auth	You're wasting my time...!	มึงกำลังเสียเวลาของกูอยู่นะ...!
13-1345	sound_auth	Don't resist!	อย่าขัดขืน!
13-1346	sound_auth	I've captured him!	จับมันได้แล้ว!
13-1347	sound_auth	I'm not letting you get away!	ไม่ปล่อยให้หนีไปแน่!
13-1348	sound_auth	H-Hey... Wait!	เ-เฮ้ย... เดี๋ยวก่อน!
13-1349	sound_auth	Hell no!	ไม่มีทาง!
13-1350	sound_auth	G-Got him!	จ-จับได้แล้ว!
13-1351	sound_auth	We got him!	เราจับมันได้แล้ว!
13-1352	sound_auth	W-We need backup!	เ-เราต้องการกำลังเสริม!
13-1353	sound_auth	No more... running...	ไม่ไหวแล้ว... จะวิ่งต่อไม่ไหวแล้ว...
13-1354	sound_auth	I won't... let you get away...	จะไม่... ปล่อยให้แกหนีไปหรอก...
13-1355	sound_auth	Heh, you didn't think this through.	เฮอะ แกคิดไม่รอบคอบเลยนะ
13-1356	sound_auth	Got you!	จับได้แล้ว!
13-1357	sound_auth	(He went toward Pink Street.\nI should check the map, get my bearings.)	(เขาเดินไปทางถนนพิงก์สตรีท\nต้องเช็กแผนที่ ดูทิศทางหน่อย)
13-1358	sound_auth	(Well, time to get over there.)	(เอาล่ะ ได้เวลาไปที่นั่นแล้ว)
13-1359	sound_auth	You close yet, Tak?	ใกล้หรือยัง ทาคุ?
13-1360	sound_auth	Hey. You close yet, Tak?	เฮ้ ใกล้หรือยัง ทาคุ?
13-1361	sound_auth	Getting there.	ใกล้แล้ว
13-1362	sound_auth	I think he's gettin' suspicious of me.\nMust be pretty perceptive.	คิดว่าเขาเริ่มสงสัยฉันแล้วนะ\nไหวพริบดีจริงๆ
13-1363	sound_auth	Damn, he's onto me.\nGood luck, Tak. It's all you now.	แย่แล้ว เขาจับพิรุธฉันได้\nขอให้โชคดีนะ ทาคุ ทีนี้แล้วแต่นายเลย
13-1364	sound_auth	Damn, he's onto me...\nIt's all up to you now. Good luck.	แย่แล้ว เขาจับพิรุธฉันได้...\nทีนี้แล้วแต่นายแล้ว ขอให้โชคดี
13-1365	sound_auth	Really? I need more time!	จริงดิ? ฉันต้องการเวลาเพิ่มอีกหน่อย!
13-1366	sound_auth	Do something. I need more time!	ทำอะไรสักอย่างสิ ฉันต้องการเวลาเพิ่มอีกหน่อย!
13-1367	sound_auth	Just get your ass over here.\nIf we lose him, it's on you.	รีบมาซะเถอะ\nถ้าทำหลุดเป้า นายรับผิดชอบเองนะ
13-1368	sound_auth	Do what? Just get your ass over here.\nIf we lose him, it's on you.	ทำอะไร? รีบมาซะเถอะ\nถ้าทำหลุดเป้า นายรับผิดชอบเองนะ
13-1369	sound_auth	Well, that's just rude.	นี่มันหยาบคายชัดๆ
13-1370	sound_auth	(What did the detective look like again?\nShould probably take another look at our sketch.)	(นักสืบคนนั้นหน้าตายังไงนะ?\nขอดูภาพร่างอีกทีดีกว่า)
13-1371	sound_auth	(His hat's pretty unique.\nInteresting jacket, too.)	(หมวกเขาแปลกดีนะ\nแจ็คเก็ตก็น่าสนใจเหมือนกัน)
13-1372	sound_auth	(He has a distinctive mole on his face,\nfive-o-clock shadow, and almond-shaped eyes.)	(หน้ามีไฝเด่นชัด\nเคราหนวดรุงรัง กับตารูปอัลมอนด์)
13-1373	sound_auth	(It's the kind of face that someone not used to this city\nmight feel intimidated by.)	(เป็นหน้าตาที่คนไม่คุ้นเมืองนี้\nน่าจะรู้สึกหวาดกลัวได้ง่ายๆ)
13-1374	sound_auth	(Okay, time to see if anyone fits the bill.)	(เอาล่ะ ได้เวลาดูว่ามีใครตรงสเปกบ้าง)
13-1375	sound_auth	(All right, I'm at Pink Street...)	(เอาล่ะ ตอนนี้อยู่ที่ถนนพิงก์สตรีทแล้ว...)
13-1376	sound_auth	Found him.	เจอแล้ว
13-1377	sound_auth	Ah... There we go. Found him.	อา... นั่นไง เจอแล้ว
13-1378	sound_auth	Finally. Thought you were\nnever gonna catch up, man.	ในที่สุด นึกว่านายจะ\nตามไม่ทันซะแล้ว
13-1379	sound_auth	Thought you'd never catch up, man.	นึกว่านายจะตามไม่ทันซะแล้ว
13-1380	sound_auth	(Is this our guy?)	(นี่ใช่คนที่เราตามหาไหม?)
13-1381	sound_auth	(Nope. Let's see who else is around.)	(ไม่ใช่ ดูคนอื่นแถวนี้ต่อดีกว่า)
13-1382	sound_auth	Kaito-san. He's heading for\nthe Champion District.	ไคโตะซัง เขากำลังมุ่งหน้าไป\nย่านแชมเปี้ยน
13-1383	sound_auth	Kaito-san. He's heading for\nthe Champion District. 	ไคโตะซัง เขากำลังมุ่งหน้าไป\nย่านแชมเปี้ยน
13-1384	sound_auth	Oh, great. We're never gonna\nfind him in that maze.	โอ้ เยี่ยมเลย ยังไงเราก็คง\nหาเขาในเขาวงกตนั่นไม่เจอหรอก
13-1385	sound_auth	The Champion District?\nWe can't track him in that maze...	ย่านแชมเปี้ยนเหรอ?\nเราตามรอยเขาในเขาวงกตนั่นไม่ได้หรอก...
13-1386	sound_auth	Probably why he's going there.	คงเป็นเพราะแบบนั้นแหละ เขาถึงไปที่นั่น
13-1387	sound_auth	Yeah. That's probably why\nhe's going there.	อือ คงเป็นเพราะแบบนั้นแหละ\nเขาถึงไปที่นั่น
13-1388	sound_auth	Thankfully, we can always\nfollow him from above.	โชคดีที่เรายังตาม\nเขาจากด้านบนได้เสมอ
13-1389	sound_auth	Well... That's fine by me.\nSounds like a job for the Pigeon.	ก็... ไม่มีปัญหาสำหรับฉัน\nฟังดูเหมือนงานของนกพิราบเลยนะ
13-1390	sound_auth	Yeah? Wanna break out the Pigeon?	เหรอ? อยากปล่อยนกพิราบออกไปไหม?
13-1391	sound_auth	Yeah? Wanna break out the drone?	เหรอ? อยากปล่อยโดรนออกไปไหม?
13-1392	sound_auth	Just try to head him off, Kaito-san.\nAnd be ready.	พยายามไปดักหน้าเขาไว้นะ ไคโตะซัง\nแล้วก็เตรียมพร้อมไว้
13-1393	sound_auth	Kaito-san, you try heading him off,\nthen wait for my signal.	ไคโตะซัง ช่วยไปดักหน้าเขาไว้\nแล้วรอสัญญาณจากผม
13-1394	sound_auth	Got it! I'm on the way!	รับทราบ! กำลังไปแล้ว!
13-1395	sound_auth	Oh, and try not to get carried away.\nCan't afford to get that thing fixed again.	อ้อ แล้วก็อย่าเล่นใหญ่เกินไปนะ\nไม่มีตังค์จะซ่อมไอ้นั่นอีกรอบแล้ว
13-1396	sound_auth	Oh, and try not to get carried away.\nCan't afford to fix it again.	อ้อ แล้วก็อย่าเล่นใหญ่เกินไปนะ\nไม่มีตังค์จะซ่อมมันอีกรอบแล้ว
13-1397	sound_auth	Yeah, yeah.\nJust don't lose him.	เออๆ\nแค่อย่าทำหลุดเป้าก็พอ
13-1398	sound_auth	Yeah, yeah. Just don't lose him.	เออๆ อย่าทำหลุดเป้าก็พอ
13-1399	sound_auth	He just ducked into an empty lot, Kaito-san.	เขาเพิ่งหลบเข้าไปในที่ดินร้าง ไคโตะซัง
13-1400	sound_auth	Kaito-san. He just ducked into an empty lot\nin the Champion District.	ไคโตะซัง เขาเพิ่งหลบเข้าไปในที่ดินร้าง\nในย่านแชมเปี้ยน
13-1401	sound_auth	Dead end.\nWe follow him, we blow our cover.	ทางตัน\nถ้าตามเข้าไป เป้าหมายรู้ตัวแน่
13-1402	sound_auth	I can't follow him into a dead end.\nI'd blow our cover.	ตามเข้าไปในทางตันไม่ได้หรอก\nแผนจะแตกซะก่อน
13-1403	sound_auth	Whaddya think he's doing in there?	คิดว่าเขาเข้าไปทำอะไรในนั้นวะ?
13-1404	sound_auth	Figures... What's he doing\nin there?	งั้นก็สมเหตุสมผล... เขาเข้าไปทำอะไร\nในนั้นกันนะ?
13-1405	sound_auth	Probably meeting someone\nhe doesn't wanna be seen with.	คงไปเจอใครสักคน\nที่ไม่อยากให้ใครเห็นด้วยมั้ง
13-1406	sound_auth	Probably meeting someone. Maybe someone\nhe doesn't want to be seen meeting.	คงไปเจอใครสักคน อาจจะเป็นคน\nที่ไม่อยากให้ใครเห็นว่าเจอกันก็ได้
13-1407	sound_auth	Makes sense. Pigeon's up.\nCan you see it?	นั่นสินะ นกพิราบขึ้นบินแล้ว\nเห็นไหม?
13-1408	sound_auth	Makes sense. By the way, the Pigeon's up and flying.\nCan you see it?	นั่นสินะ ว่าแต่นกพิราบขึ้นบินแล้วนะ\nเห็นไหม?
13-1409	sound_auth	Hold on.	เดี๋ยวก่อน
13-1410	sound_auth	Give me a second to look...	ขอเวลาดูแป๊บนึง...
13-1411	sound_auth	There it is.	นั่นไง
13-1412	sound_auth	Ah, okay. There it is.	อา โอเค นั่นไง
13-1413	sound_auth	Hold on.\nI'll send the feed to your phone.	เดี๋ยวก่อน\nฉันจะส่งภาพเข้ามือถือนายให้
13-1414	sound_auth	Check your phone.\nI'm sending you the bird's-eye view.	เช็กมือถือนายดูสิ\nฉันส่งมุมมองจากบนฟ้าไปให้แล้ว
13-1415	sound_auth	<color=ｍonologue>(What's that light?)</color>	<color=ｍonologue>(แสงอะไรน่ะ?)</color>
13-1416	sound_auth	<color=ｍonologue>(Oh, just a sign. That's not it.)</color>	<color=ｍonologue>(อ้อ แค่ป้ายเอง ไม่ใช่นั่นสินะ)</color>
13-1417	sound_auth	<color=ｍonologue>(That's no Pigeon. That's a cat.)</color>	<color=ｍonologue>(นั่นไม่ใช่นกพิราบ นั่นแมวต่างหาก)</color>
13-1418	sound_auth	<color=ｍonologue>(What's he doing in a place\nlike this?)</color>	<color=ｍonologue>(เขามาทำอะไรในที่\nแบบนี้กันนะ?)</color>
13-1419	sound_auth	Nice flying, Kaito-san. Keep it steady.\nYou been practicing?	บินเก่งนี่ ไคโตะซัง คุมให้นิ่งไว้\nฝึกมาเหรอ?
13-1420	sound_auth	Now's not a good time, Tak!\nGotta concentrate...	นี่ไม่ใช่เวลามาพูดเรื่องนี้นะ ทาคุ!\nต้องใช้สมาธิหน่อย...
13-1421	sound_auth	Hm? There's another guy\nin there with him.	หืม? มีอีกคนอยู่\nกับเขาในนั้นด้วย
13-1422	sound_auth	Hm? Take a look at that.\nSomeone's in there with him.	หืม? ดูนั่นสิ\nมีคนอยู่กับเขาในนั้นด้วย
13-1423	sound_auth	So he is meeting someone.	งั้นเขาไปเจอใครสักคนจริงๆ ด้วย
13-1424	sound_auth	So he <font_kind=yakuza_italic>is</font_kind> meeting someone.	งั้นเขาไปเจอใครสักคน<font_kind=yakuza_italic>จริง</font_kind>ๆ ด้วย
13-1425	sound_auth	Hey, I know that guy.\nHe's a bookie for horse races.	เฮ้ ฉันรู้จักไอ้นั่น\nมันเป็นเจ้ามือพนันม้าน่ะ
13-1426	sound_auth	...I know that guy. He's a bookie\nfor horse races in Kamurocho.	...ฉันรู้จักไอ้นั่น มันเป็นเจ้ามือพนันม้า\nแถวคามุโรโจน่ะ
13-1427	sound_auth	Tryin' to gamble his way to paying off\ndebts, huh? Because that always works.	จะเอาเงินพนันไปใช้หนี้เหรอ?\nวิธีนี้เวิร์กตลอดอยู่แล้วเนอะ
