id	bin	EN	TH
09-0001	talk	You think they've even considered their daughter's feelings in this, Yagami-san?	คุณคิดว่าพวกเขาเคยคิดถึง ความรู้สึกของลูกสาวตัวเองบ้าง ไหม ยากามิซัง
09-0002	talk	If she ran out with the kid, what I'm saying is, do you think they've even discussed her wishes before hiring lawyers?	ถ้าเธอพาลูกหนีออกมา ที่ผมหมายถึงคือ คุณคิดว่าทั้งคู่เคยคุยกัน เรื่องความต้องการของลูกสาว ก่อนจะไปจ้างทนายบ้างไหม
09-0003	talk	Well, she's old enough for her opinion to matter...	ก็... เธอโตพอที่ความเห็นของเธอจะ มีความหมายแล้วนะครับ
09-0004	talk	Actually, I think I know exactly how she feels.	อันที่จริง ผมว่าผมรู้เลยว่าเธอรู้สึกยังไง
09-0005	talk	After Oikawa busted in, I didn't have any time to bring this up...	หลังจากโออิคาวะบุกเข้ามา ผมก็เลยไม่มีจังหวะพูดเรื่องนี้เลย...
09-0006	talk	But I have evidence that I think points to what Karin wants.	แต่ผมมีหลักฐานที่น่าจะบอกได้ ว่าคารินต้องการอะไรจริงๆ
09-0007	talk	What is that, Yagami?	คืออะไรเหรอ ยากามิ?
09-0008	talk	Karin-chan wanted her father to have this, but she ended up tearing it up instead.	คารินจังตั้งใจจะให้พ่อของเธอชิ้นนี้ แต่สุดท้ายกลับฉีกมันทิ้งแทน
09-0009	talk	Wait, she was trying to give this to him?	เดี๋ยวนะ เธอพยายามจะให้สิ่งนี้กับเขาเหรอ?
09-0010	talk	Yes. And I would bet this is a representation of how she really feels.	ใช่ครับ แล้วผมพนันได้เลยว่านี่คือสิ่ง ที่สะท้อนความรู้สึกจริงๆ ของเธอ
09-0011	talk	Tickets... to the circus? Three of them.	ตั๋ว... เข้าชมละครสัตว์เหรอ? สามใบด้วย
09-0012	talk	The number's significant, I think.	ผมว่าจำนวนนี้มีความหมายนะครับ
09-0013	talk	...I see. Thanks, Yagami. I think there may be an amicable solution to this after all.	...เข้าใจแล้ว ขอบใจนะ ยากามิ ผมว่าเรื่องนี้อาจจะจบลงด้วยดีก็ได้
09-0014	talk	Amicable, huh?	จบลงด้วยดีเหรอครับ
09-0015	talk	Karin-chan... Is there something you want to say to your parents?	คารินจัง... มีอะไรที่หนูอยากบอกพ่อกับแม่ไหม
09-0016	talk	I understand you were trying to give this to your father.	อาจารย์เข้าใจนะว่าหนูพยายามจะ เอาสิ่งนี้ไปให้พ่อ
09-0017	talk	There are three tickets here. This is what you really want, isn't it?	มีตั๋วอยู่สามใบ นี่คือสิ่งที่หนูต้องการจริงๆ ใช่ไหม
09-0018	talk	Karin, what are you getting at?	คาริน ลูกจะพูดอะไรกันแน่
09-0019	talk	I think I see...	พ่อว่าพ่อเริ่มเข้าใจแล้วล่ะ...
09-0020	talk	...Y-Yeah.	...ค-ค่ะ
09-0021	talk	I wanted the three of us to go to the circus again.	หนูอยากให้ทั้งสามคนไปดู ละครสัตว์ด้วยกันอีกครั้ง
09-0022	talk	Again?	อีกครั้งเหรอ?
09-0023	talk	Don't you remember the last time we went? You guys were so mean to each other before...	แม่จำครั้งก่อนที่เราไปกันได้ไหม ตอนนั้นพ่อกับแม่ใจร้ายกับกันมากเลย...
09-0024	talk	But after we got back from the circus, you were fine. You were smiling and laughing.	แต่พอกลับมาจากละครสัตว์ ทั้งคู่ก็กลับมาปกติ ยิ้มแล้วก็หัวเราะกัน
09-0025	talk	I thought maybe if we went to the circus together again, it might work the same way...	หนูก็เลยคิดว่าถ้าไปละครสัตว์ ด้วยกันอีกครั้ง มันอาจจะได้ผลเหมือนเดิม...
09-0026	talk	If that was the case, why did you tear up the tickets, Karin-chan?	ถ้าอย่างนั้น ทำไมหนูถึงฉีกตั๋วทิ้งล่ะ คารินจัง?
09-0027	talk	You're holding back, aren't you?	หนูกำลังเก็บอะไรไว้ในใจอยู่ใช่ไหม
09-0028	talk	I'm...	หนู...
09-0029	talk	Karin-chan, they're the only parents you'll ever have. If you have something important to say, don't swallow it.	คารินจัง พ่อกับแม่แบบนี้มีแค่คู่เดียวใน ชีวิตหนูนะ ถ้ามีอะไรสำคัญอยากพูด อย่าเก็บไว้คนเดียว
09-0030	talk	Get it off your chest, young lady. Say what you're feeling.	ระบายออกมาเถอะ คุณหนู พูดสิ่งที่รู้สึกออกมา
09-0031	talk	How I really feel?	ความรู้สึกจริงๆ ของหนูเหรอ?
09-0032	talk	Yes, there's no time like the present. If you don't, you'll come to regret it eventually.	ใช่ ไม่มีเวลาไหนดีไปกว่าตอนนี้อีกแล้ว ถ้าไม่พูดตอนนี้ สักวันหนูจะเสียใจทีหลัง
09-0033	talk	Enough of this. We're past the point of reconciliation, I'd say.	พอได้แล้ว ผมว่าตอนนี้มันเลยจุดที่จะ คืนดีกันไปแล้ว
09-0034	talk	You're right, Mister. I have been holding something in.	คุณลุงพูดถูกค่ะ หนูเก็บอะไรบางอย่างไว้ในใจจริงๆ
09-0035	talk	But what's the point? Even if I told you guys, you wouldn't listen, because you just wanna get divorced.	แต่จะมีประโยชน์อะไร ต่อให้หนูพูดไป พ่อกับแม่ก็คงไม่ฟังหรอก เพราะทั้งคู่แค่อยากจะหย่ากันเท่านั้น
09-0036	talk	Karin. No, we'll listen.	คาริน ไม่นะ พ่อจะฟัง
09-0037	talk	I don't want to live by myself. I want the three of us to live together!	หนูไม่อยากอยู่คนเดียว หนูอยากให้เราทั้งสามคนอยู่ด้วยกัน!
09-0038	talk	What's so hard about that!? I don't want us to be apart!	มันยากตรงไหนกัน!? หนูไม่อยากให้เราแยกจากกัน!
09-0039	talk	K-Karin...	ค-คาริน...
09-0040	talk	Knowing how your daughter feels... Are you really past the point of reconciliation?	ตอนนี้ที่รู้แล้วว่าลูกสาวรู้สึกยังไง... คุณยังคิดว่ามันเลยจุดที่จะ คืนดีกันไปแล้วจริงๆ เหรอ
09-0041	talk	Have the two of you even discussed the matter since Azusa and Karin left? I imagine you haven't.	สองคนเคยคุยเรื่องนี้กันจริงจัง บ้างไหม ตั้งแต่อาซึสะกับคารินย้ายออกไป ผมเดาว่าคงยังไม่เคย
09-0042	talk	...It's true. We haven't.	...จริงค่ะ เรายังไม่เคยคุยกันเลย
09-0043	talk	Well, might I suggest you start there? And if you still want to file for divorce, I'll be here.	งั้นผมขอแนะนำให้เริ่มจาก ตรงนั้นก่อนดีไหม แล้วถ้ายังอยากยื่นหย่าอยู่ ผมก็ยินดีอยู่ตรงนี้
09-0044	talk	We do need to consider our daughter in this... We've been rash.	เราต้องคิดถึงลูกสาวของเราด้วยจริงๆ... เราใจร้อนไปหน่อย
09-0045	talk	Y-Yeah. As parents, we owe that to her...	ค-ค่ะ ในฐานะพ่อแม่ เราติดค้างสิ่งนี้กับลูกจริงๆ...
09-0046	talk	That's that, then. Looks like you're dismissed, Oikawa.	งั้นก็เป็นอันจบ ดูเหมือนคุณหมดหน้าที่แล้วนะ โออิคาวะ
09-0047	talk	H-Hold on! Genda-sensei, you can't just abandon the fight!	เ-เดี๋ยวก่อน! อาจารย์เก็นดะ อาจารย์จะยอมแพ้แบบนี้ไม่ได้นะ!
09-0048	talk	I won't accept that!	ผมไม่ยอมรับแบบนี้หรอก!
09-0049	talk	If there's no case, you don't get paid either, you know!	ถ้าไม่มีคดี อาจารย์ก็ไม่ได้เงินเหมือนกันนะ!
09-0050	talk	Sounds like you still don't get it, Oikawa.	ดูเหมือนนายยังไม่เข้าใจสินะ โออิคาวะ
09-0051	talk	Get what!?	เข้าใจอะไร!?
09-0052	talk	Our job is to get the best result possible for our clients. We stand by them as they make life-changing decisions.	หน้าที่ของเราคือทำให้ลูกความ ได้ผลลัพธ์ที่ดีที่สุด เท่าที่จะทำได้ เรายืนเคียงข้างพวกเขาตอนที่ ต้องตัดสินใจเรื่องที่เปลี่ยน ชีวิต
09-0053	talk	If you're making choices based on your personal pocket book or your pride, why do you deserve clients?	ถ้านายตัดสินใจโดยคิดถึงแต่ กระเป๋าเงินหรือศักดิ์ศรี ของตัวเอง นายจะมีสิทธิ์อะไรรับลูกความ
09-0054	talk	W-What are you getting at!?	จ-จะพูดอะไรกันแน่!?
09-0055	talk	Listen. At the end of the day, if it would benefit the client...	ฟังนะ ท้ายที่สุดแล้ว ถ้ามันเป็นผลดีต่อลูกความ...
09-0056	talk	It's okay to lose the trial.	ต่อให้แพ้คดีก็ไม่เป็นไร
09-0057	talk	Okay to lose? In what world?	แพ้ก็ไม่เป็นไรเหรอ? โลกไหนกัน?
09-0058	talk	If winning the trial is all you're concerned about, you'll never be more than a mediocre lawyer at best.	ถ้านายสนใจแค่การชนะคดี นายก็จะเป็นได้แค่ทนายกลางๆ ตลอดไป อย่างเก่งก็แค่นั้น
09-0059	talk	Fuck this! I'm not going to stand here and let you lecture me!	ช่างแม่งเถอะ! ผมไม่ยืนฟังอาจารย์สั่งสอนแบบนี้หรอก!
09-0060	talk	This isn't over! Not by a long shot!	เรื่องนี้ยังไม่จบ! ยังอีกไกลเลย!
09-0061	talk	I won't accept this!	ผมไม่ยอมรับเรื่องนี้เด็ดขาด!
09-0062	talk	Good grief... You still don't get it?	ให้ตายสิ... ยังไม่เข้าใจอีกเหรอ?
09-0063	talk	Jin-san, isn't divorce in your best interest!? She's already proven that she'll latch onto the first man she finds!	จินซัง การหย่าเป็นผลดีกับคุณไม่ใช่เหรอ!? เธอพิสูจน์ให้เห็นแล้วว่าเจอ ผู้ชายคนไหนก็เกาะติดได้ทันที!
09-0064	talk	...But her lawyer is saying that the guy was a set up.	...แต่ทนายของเธอบอกว่าผู้ชายคน นั้นเป็นการจัดฉาก
09-0065	talk	Hardly! Those are baseless accusations, and there's no evidence to prove it.	ไม่มีทางหรอก! นั่นเป็นข้อกล่าวหาไร้มูล ไม่มีหลักฐานพิสูจน์ได้เลย
09-0066	talk	And your wife simply "doesn't remember"? You're going to accept that?	แล้วภรรยาคุณก็แค่ "จำไม่ได้" งั้นเหรอ? คุณจะยอมรับคำแก้ตัวนั้นจริงๆ เหรอ?
09-0067	talk	No one in their right mind could, right? Your feelings about your wife haven't really changed.	ไม่มีใครที่สติดีจะยอมรับได้ หรอกใช่ไหม ความรู้สึกที่คุณมีต่อภรรยาก็ ไม่ได้เปลี่ยนไปจริงๆ หรอก
09-0068	talk	Besides, do you really expect the two of you could get along just fine after this? Hardly!	อีกอย่าง คุณคิดจริงๆ เหรอว่าทั้งคู่จะกลับมา เข้ากันได้ดีหลังจากเรื่องนี้? ไม่มีทางหรอก!
09-0069	talk	You're probably right, but, still...	คุณอาจจะพูดถูก แต่ถึงอย่างนั้น...
09-0070	talk	(Damn. Oikawa is stooping to preying on his insecurities. He's losing confidence in his decision...!)	(บ้าเอ๊ย โออิคาวะเล่นงานจุดอ่อนในใจเขา ได้ถนัดจริงๆ เขากำลังเริ่มไม่มั่นใจใน การตัดสินใจของตัวเอง...!)
09-0071	talk	These pictures are as real as the Earth is round. You can't allow these people to cloud your path forward!	ภาพพวกนี้จริงพอๆ กับที่โลกกลม คุณอย่าปล่อยให้คนพวกนี้มาบดบัง หนทางข้างหน้าของคุณ!
09-0072	talk	Excuse me? Is there a Yagami-san here?	ขอโทษนะ มียากามิซังอยู่แถวนี้ไหม
09-0073	talk	Aha, there you are. Finally found you, Yagami-san.	อ้อ อยู่นี่เอง ในที่สุดก็เจอนายแล้ว ยากามิซัง
09-0074	talk	Hm? The receptionist from the love hotel? What are you doing here?	หืม? พนักงานต้อนรับจากเลิฟโฮเทลนี่นา มาทำอะไรที่นี่
09-0075	talk	Well, I looked up your office, and I didn't find you there.	ก็... ฉันไปหาที่สำนักงานนายแล้ว แต่ไม่เจอ
09-0076	talk	Then this yakuza-lookin' fella told me I might find you here, and here you are.	แล้วก็มีผู้ชายหน้าตาเหมือน ยากูซ่าบอกว่าอาจเจอนายที่นี่ นี่ไงก็เจอจริงๆ
09-0077	talk	...That's great and all, but we're kind of in the middle of something here.	...ก็ดีนะ แต่ตอนนี้ผมกำลังยุ่งอยู่พอดี
09-0078	talk	Well I have an offer for ya! Didn't you say you wanted to buy that data?	ฉันมีข้อเสนอมาให้นะ! นายไม่ได้บอกเหรอว่าอยากซื้อ ข้อมูลนั่น?
09-0079	talk	I did, but... Wasn't the PC destroyed? You said yourself there were no other copies.	ก็ใช่ แต่... พีซีมันไม่ได้ถูกทำลายไปแล้วเหรอ? คุณเองก็บอกว่าไม่มีสำเนาอื่นแล้วนี่
09-0080	talk	Right... And I'd say that again if that blond asshole was here to threaten me...	ก็ใช่... แล้วฉันก็คงพูดแบบนั้นอีกถ้าไอ้ หัวทองระยำนั่นยังอยู่มาขู่ฉัน...
09-0081	talk	But the truth is, I did make a copy... Figured there might be a profit in it. Hehe.	แต่ความจริงคือฉันแอบทำสำเนาไว้อีกชุด... คิดว่ามันน่าจะทำเงินได้ เฮ่อๆ
09-0082	talk	W-What!?	อ-อะไรนะ!?
09-0083	talk	Must be pretty valuable, eh? 100 g's. Ya buyin'?	มันต้องมีค่ามากแน่ๆ เนอะ? หนึ่งแสนเยนนะ จะซื้อไหมล่ะ
09-0084	talk	Heh heh... A pleasure doin' business...	เฮ่อๆ... ยินดีที่ได้ทำธุรกิจด้วยนะ...
09-0085	talk	Genda-sensei. I need to borrow your computer. And cut me a check for 100k as a business expense, please.	อาจารย์เก็นดะ ผมขอยืมคอมพิวเตอร์อาจารย์หน่อยครับ แล้วก็ช่วยเขียนเช็คให้ผมหนึ่ง แสนเยนเป็นค่าใช้จ่ายทาง ธุรกิจด้วยครับ
09-0086	talk	Whatever this is about better be worth the price, Yagami.	ไม่ว่าเรื่องนี้จะเป็นอะไร มันควรจะคุ้มราคานี้นะ ยากามิ
09-0087	talk	There we go. Perfect.	เอาล่ะ เรียบร้อย
09-0088	talk	Yagami, care to fill us in?	ยากามิ จะเล่าให้ฟังหน่อยไหม
09-0089	talk	Do you know what this is, Oikawa-san? You worked very hard to make sure no one ever saw it.	รู้ไหมว่านี่คืออะไร โออิคาวะซัง คุณพยายามอย่างหนักเพื่อไม่ให้ ใครได้เห็นมันเลย
09-0090	talk	...C-Can it be?	...เ-เป็นไปได้ยังไง?
09-0091	talk	Afraid so. Evidence that you fabricated the photo.	ใช่เลยครับ หลักฐานว่าคุณปลอมแปลงภาพนั้น
09-0092	talk	This is security footage from the love hotel!	นี่คือภาพจากกล้องวงจรปิดของเลิฟโฮเทล!
09-0093	talk	I-Impossible!	เ-เป็นไปไม่ได้!
09-0094	talk	Yagami, I think you owe us an explanation.	ยากามิ ผมว่านายติดค้างคำอธิบายให้ พวกเราหน่อยนะ
09-0095	talk	As you can see in the photo, it's the same time stamp as this video. But, notice anything different about the woman?	อย่างที่เห็นในภาพ เวลาตรงกับในวิดีโอนี้เป๊ะ แต่สังเกตอะไรที่ต่างกัน เกี่ยวกับผู้หญิงคนนี้ไหมครับ
09-0096	talk	It's obviously impossible that he entered the hotel at the same time with two different women. Therefore...	เห็นได้ชัดว่าเขาไม่มีทางเข้า โรงแรมพร้อมกับผู้หญิงสอง คนที่ต่างกันในเวลาเดียวกันได้ ดังนั้น...
09-0097	talk	Oikawa's photo is bogus. It's been doctored.	ภาพของโออิคาวะเป็นของปลอม มันถูกตัดต่อ
09-0098	talk	Oikawa... You'd stoop to forgery? You finally dug yourself into a hole...	โออิคาวะ... นายลงมือปลอมแปลงหลักฐานเชียวเหรอ ในที่สุดนายก็ขุดหลุมฝังตัวเองจนได้...
09-0099	talk	Ah, no, it's...	อ๊ะ ไม่ใช่ นี่มัน...
09-0100	talk	What do you think would happen if this came to light in court? Why, you could lose your license to practice.	คุณคิดว่าจะเกิดอะไรขึ้นถ้า เรื่องนี้แดงขึ้นมาในศาล? คุณอาจ ถูกเพิกถอนใบอนุญาตว่าความไปเลย นะ
09-0101	talk	No, it's...	ไม่ใช่ นี่มัน...
09-0102	talk	If you still want to go to trial, I'm willing, Oikawa. But it's your call.	ถ้านายยังอยากไปสู้กันในศาล ผมก็พร้อมนะ โออิคาวะ แต่ก็แล้วแต่นายเลือกเอง
09-0103	talk	Sounds to me like we'd start on a custody battle and end on a malpractice trial.	ฟังดูเหมือนเราจะเริ่มจากคดี แย่งสิทธิ์ปกครองบุตร แล้วจบลงที่คดีทุจริตทางวิชาชีพนะครับ
09-0104	talk	D-Damn the both of you!	ให้ตายสิ พวกคุณทั้งคู่เลย!
09-0105	talk	He sure left in a hurry.	รีบไปซะจริงๆ
09-0106	talk	Stupid kid. So immature still.	เด็กโง่ ยังไม่โตเอาเสียเลย
09-0107	talk	Dad... Mom... We don't need this anymore, right?	พ่อ... แม่... เราไม่ต้องการสิ่งนี้อีกแล้วใช่ไหม
09-0108	talk	Karin...	คาริน...
09-0109	talk	You're right. We don't.	ลูกพูดถูก เราไม่ต้องการมันแล้ว
09-0110	talk	Thanks, Yagami. You really saved me this time.	ขอบใจนะ ยากามิ นายช่วยผมไว้ได้จริงๆ ในครั้งนี้
09-0111	talk	Nah. It was quite an honor seeing you be the kind of lawyer I always knew you were.	ไม่หรอกครับ ผมรู้สึกเป็นเกียรติที่ได้เห็น อาจารย์เป็นทนายแบบที่ผม รู้จักมาตลอด
09-0112	talk	Ha, so unlike Oikawa, you get it. You know, if you ever wanna wear the badge again, I think we could make it work.	ฮ่า ต่างจากโออิคาวะ นายเข้าใจนะ รู้ไหม ถ้านายอยากกลับมาสวมป้ายทนาย อีกครั้งเมื่อไหร่ ผมว่าเราน่าจะจัดการให้ได้
09-0113	talk	You did some impressive work out there today.	วันนี้นายทำได้น่าประทับใจมากเลยนะ
09-0114	talk	Tch. I did what I could do... as a detective.	แหะ ผมก็แค่ทำเท่าที่ทำได้... ในฐานะนักสืบครับ
09-0115	talk	In fact, I learned something today. I don't have what it takes to be a lawyer like you, Genda-sensei. I'll pass.	จริงๆ วันนี้ผมได้เรียนรู้อะไร บางอย่างนะครับ ผมไม่มีคุณสมบัติพอจะเป็นทนาย แบบอาจารย์ได้หรอก อาจารย์เก็นดะ ขอบายดีกว่า
09-0116	talk	Damn. What is it about all my students that they become mediocre lawyers? Maybe it's me.	ให้ตายสิ ทำไมลูกศิษย์ผมถึงกลายเป็นทนายกลางๆ กันหมดเลยนะ หรือว่ามันเป็นเพราะผมเองกันแน่
09-0117	talk	Mediocre? You lumping me into that?	กลางๆ เหรอ? อาจารย์จะเหมารวมผมเข้าไปด้วยเนี่ยนะ?
09-0118	talk	Shintani? How long have you been back?	ชินทานิ? กลับมานานหรือยัง?
09-0119	talk	Long enough.	ก็นานพอดูครับ
09-0120	talk	Looked to me like things were getting pretty rough, so I kept quiet.	ดูท่าทางแล้วบรรยากาศมันตึงเครียดมาก ผมก็เลยเงียบไว้
09-0121	talk	Wouldn't want to spoil the moment.	ไม่อยากทำให้จังหวะเสียน่ะครับ
09-0122	talk	Well, it's good timing all the same. Didn't you need Shintani for something, Yagami?	ก็ยังไงจังหวะก็เหมาะดีอยู่ดี ยากามิ นายมีธุระอะไรกับชินทานิไม่ใช่เหรอ?
09-0123	talk	I am. Who are you?	ใช่ค่ะ แล้วคุณล่ะคะ เป็นใคร
09-0124	talk	Oh, Yagami-san? Yes, Genda-sensei did mention you. Well, nice to meet you.	อ๋อ ยากามิซังเหรอคะ ใช่ค่ะ อาจารย์เก็นดะเคยพูดถึงคุณ ยินดีที่ได้รู้จักค่ะ
09-0125	talk	Karin? You didn't see her?	คาริน? คุณไม่เห็นเธอเหรอคะ?
09-0126	talk	R-Really? She was here just a second ago. I got so focused on the clothes, I guess I didn't realize...	จ-จริงเหรอคะ? เมื่อกี้เธอยังอยู่ตรงนี้เลย ฉันเผลอไปเพลินกับเสื้อผ้าจน ไม่ทันสังเกต...
09-0127	talk	Wh-What should I do?	ฉ-ฉันควรทำยังไงดีคะ?
09-0128	talk	O-Okay.	ไ-ได้ค่ะ
09-0129	talk	(The is our playboy from earlier. But what I need some clarity on is the woman with him.)	(นี่คือเจ้าเพลย์บอยที่เจอก่อนหน้านี้ แต่สิ่งที่ผมอยากรู้ให้ชัดคือ ผู้หญิงที่อยู่กับเขาต่างหาก)
09-0130	talk	(No good, I can't see her face from this angle.)	(ไม่ได้ผล มองไม่เห็นหน้าเธอจากมุมนี้)
09-0131	talk	(This doesn't contradict Oikawa's photo.)	(อันนี้ไม่ได้ขัดแย้งกับภาพของโออิคาวะ)
09-0132	talk	(This guy was almost certainly hired by Oikawa, but the problem is the woman next to him...)	(เจ้าคนนี้แทบจะแน่นอนว่าถูก โออิคาวะจ้างมา แต่ปัญหาคือผู้หญิงที่อยู่ข้างๆ เขาต่างหาก...)
09-0133	talk	(No good, I can't make out her face.)	(ไม่ได้ผล มองไม่ออกว่าหน้าตาเธอเป็นยังไง)
09-0134	talk	(Tch, this guy's face annoys me. But the woman with him is what matters...)	(แหะ หน้าของไอ้นี่กวนประสาทจริง แต่ผู้หญิงที่อยู่กับเขาต่างหาก ที่สำคัญ...)
09-0135	talk	Ah! That woman he's with isn't Azusa-san!	อ้า! ผู้หญิงที่อยู่กับเขาไม่ใช่อาซึสะซัง!
09-0136	talk	That's pretty outrageous... Can't you go any lower?	นั่นมันเกินไปหน่อยนะ... ลดราคาลงอีกไม่ได้เหรอ?
09-0137	talk	...Guess we don't have a deal then...	...งั้นก็คงตกลงกันไม่ได้สินะ...
09-0138	talk	Wait, wait, wait!	เดี๋ยว เดี๋ยว เดี๋ยวก่อน!
09-0139	talk	Well, ya gonna buy it or not?	แล้วไงล่ะ จะซื้อหรือไม่ซื้อ?
09-0140	talk	Here. What do you think?	นี่ครับ อาจารย์ว่ายังไง?
09-0141	talk	This is evidence? How?	นี่คือหลักฐานเหรอ? ยังไงกัน?
09-0142	talk	You don't get it either, Genda-sensei?	อาจารย์ก็ยังไม่เข้าใจเหมือนกัน เหรอครับ อาจารย์เก็นดะ?
09-0143	talk	No, not really. Care to clue me in?	เปล่าเลย จะบอกใบ้ให้หน่อยไหม?
09-0144	talk	How can I explain what I don't understand myself? I figured you could tell us.	ผมจะอธิบายสิ่งที่ตัวเองยังไม่ เข้าใจได้ยังไงล่ะครับ ผมคิดว่าอาจารย์น่าจะบอกพวกเรา ได้ซะอีก
09-0145	talk	You think this is evidence, but you're not even sure why yourself?	นายคิดว่านี่เป็นหลักฐาน แต่ตัวเองก็ยังไม่แน่ใจว่าทำไม งั้นเหรอ?
09-0146	talk	Precisely, Genda-sensei. That's exactly it.	ใช่เลยครับ อาจารย์เก็นดะ นั่นแหละประเด็น
09-0147	talk	Yagami, I should kick you right out of this office. This is no time for guessing games.	ยากามิ ผมน่าจะไล่นายออกจากสำนักงานนี้ เดี๋ยวนี้เลยนะ ตอนนี้ไม่ใช่เวลามาเล่นเกมเดาใจกัน
09-0148	talk	Er... Yeah. I think I have something better to present.	เอ่อ... ครับ ผมว่าผมน่าจะมีอะไรที่ดีกว่านี้ มานำเสนอ
09-0149	talk	(I've gotta hope the security camera caught something... Did it?)	(ต้องหวังว่ากล้องวงจรปิดจะ จับภาพอะไรได้บ้าง... มันจับได้ไหมนะ?)
09-0150	talk	(It's probably in the Hotel District, and I can use the photo as reference.)	(มันน่าจะอยู่แถวย่านโรงแรม แล้วผมก็ใช้ภาพนี้เป็นข้อมูล อ้างอิงได้)
09-0151	talk	Hey, Yagami-san! Did you come to watch me sing?	อ้าว ยากามิซัง! มาดูฉันร้องเพลงเหรอคะ?
09-0152	talk	Of course. Gotta stay current on the latest Sana-chan hits, you know?	แน่นอนสิ ต้องตามเพลงฮิตล่าสุดของซานะจัง ให้ทันอยู่แล้ว
09-0153	talk	Aww. That makes me feel really special.	โอ๊ย ทำให้รู้สึกพิเศษจังเลยค่ะ
09-0154	talk	Then I'll put a little more <font_kind=yakuza_italic>oomph</font_kind> into my performance today, just for you! ❤	งั้นวันนี้ฉันจะใส่<font_kind=yakuza_italic>พลัง</font_kind> ลงไปในการแสดงให้มากขึ้นอีกหน่อย เพื่อคุณคนเดียวเลยนะคะ!
09-0155	talk	Man, why does <font_kind=yakuza_italic>he</font_kind> get all the special treatment, huh?	นี่มันยังไงกัน ทำไม<font_kind=yakuza_italic>เขา</font_kind> ถึงได้รับการดูแลเป็นพิเศษขนาดนี้
09-0156	talk	My heart... it roars with the flames of jealousy! ...Or maybe it's just my heartburn.	หัวใจฉัน... มันลุกเป็นไฟด้วยความอิจฉา! ...หรือจะเป็นแค่อาการแสบท้องก็ไม่รู้
09-0157	talk	Sana-chan looks so happy... Wish she'd look that way for me!	ซานะจังดูมีความสุขจัง... อยากให้เธอยิ้มแบบนั้นให้ฉันดูบ้างจัง!
09-0158	talk	Actually, I was just passing by. Sorry.	จริงๆ ผมแค่เดินผ่านมาน่ะ ขอโทษด้วยนะ
09-0159	talk	Oh... okay. Have fun doing whatever you were gonna do.	อ๋อ... ค่ะ ขอให้สนุกกับสิ่งที่จะไปทำนะคะ
09-0160	talk	Man, this dude doesn't have a clue. Should've just said yes.	โอ๊ย ไอ้หมอนี่ไม่รู้อะไรเลยจริงๆ น่าจะตอบตกลงไปซะให้จบๆ
09-0161	talk	Perhaps he's too embarrassed to publicly express his affection. His loss, I say.	บางทีเขาอาจจะอายเกินกว่าจะแสดง ความรู้สึกต่อหน้าคนอื่นก็ได้ ถ้างั้นก็เสียโอกาสไปเอง
09-0162	talk	Sana-chan looks so dejected... Wish she'd look that way for me!	ซานะจังดูหงอยจังเลย... อยากให้เธอมองฉันด้วยสีหน้าแบบ นั้นบ้างจัง!
09-0163	talk	Hey, did I keep you waiting?	เฮ้ ให้รอนานไหมคะ?
09-0164	talk	Not at all, I actually just got here.	ไม่เลยครับ ผมเพิ่งมาถึงพอดี
09-0165	talk	Cool. Thanks for coming on such short notice.	เยี่ยมเลยค่ะ ขอบคุณที่มาแม้จะบอกกะทันหัน แบบนี้นะคะ
09-0166	talk	Thanks for inviting me. Glad we can finally hang out.	ขอบคุณที่ชวนนะครับ ดีใจที่ในที่สุดเราก็ได้ออกมา เที่ยวด้วยกัน
09-0167	talk	Hehe. Me too.	เฮ่อๆ ฉันก็เหมือนกันค่ะ
09-0168	talk	Anywhere you want to go in particular?	มีที่ไหนที่อยากไปเป็นพิเศษไหมครับ?
09-0169	talk	Well, since I've lived in the country my whole life, I never really got the chance to see the big city...	ก็... เพราะฉันโตมาในชนบทมาตลอด เลยไม่ค่อยมีโอกาสได้เห็นเมือง ใหญ่เท่าไหร่...
09-0170	talk	Honestly, I just wanna go somewhere fun. Release all that built-up tension, you know?	จริงๆ แล้วก็แค่อยากไปที่สนุกๆ ค่ะ ปลดปล่อยความเครียดที่สะสมไว้น่ะค่ะ เข้าใจใช่ไหมคะ?
09-0171	talk	(Hmm... What would be a good idea for us?)	(อืม... มีที่ไหนที่น่าจะเหมาะกับเราสองคนนะ?)
09-0172	talk	How about the batting center? It's a pretty good stress reliever.	ศูนย์ฝึกตีเป็นไงครับ ช่วยคลายเครียดได้ดีเลยนะ
09-0173	talk	Ooh, sounds good! I've actually never been to one.	โอ้ ฟังดูดีเลยค่ะ! จริงๆ ฉันไม่เคยไปเลยสักครั้ง
09-0174	talk	Perfect, then let's get going.	เยี่ยม งั้นไปกันเลยครับ
09-0175	talk	You ever play darts before?	เคยเล่นดาร์ทมาก่อนไหมครับ?
09-0176	talk	Of course, my friends and I play all the time!	แน่นอนค่ะ ฉันกับเพื่อนเล่นกันบ่อยเลย!
09-0177	talk	Cool. Then why don't we head on over?	เยี่ยมเลย งั้นไปที่นั่นกันไหมครับ?
09-0178	talk	Want to check out the arcade?	อยากไปดูร้านเกมไหมครับ?
09-0179	talk	Sure, as long as we can try out the UFO Catcher!	ได้เลยค่ะ ขอแค่ได้ลองเล่นตู้คีบตุ๊กตาด้วยนะ!
09-0180	talk	Whew... I'm having a blast so far!	ฮู้ว... สนุกมากเลยจนถึงตอนนี้ค่ะ!
09-0181	talk	Do you want to sit and catch your breath for a bit, maybe?	อยากนั่งพักหายใจสักครู่ไหมครับ?
09-0182	talk	That would be good... I am getting a little tired.	ดีเลยค่ะ... เริ่มเหนื่อยนิดหน่อยแล้ว
09-0183	talk	Sana-chan, do you have any hobbies?	ซานะจัง มีงานอดิเรกอะไรไหมครับ?
09-0184	talk	Other than music? Well, let's see...	นอกจากดนตรีเหรอคะ? ก็... ขอคิดดูก่อนนะ...
09-0185	talk	I would say cooking.	ก็คงเป็นการทำอาหารค่ะ
09-0186	talk	Now that's a helpful hobby. Any secret recipes you're willing to share?	งานอดิเรกที่มีประโยชน์เลยนะครับ มีสูตรลับที่พร้อมจะแบ่งปันไหม?
09-0187	talk	Ha, I wish. All I can really make is simple stuff like curry.	ฮ่า อยากมีเหมือนกันค่ะ ที่จริงฉันทำได้แค่ของง่ายๆ อย่างแกงกะหรี่เท่านั้น
09-0188	talk	Do you eat at home a lot?	กินข้าวที่บ้านบ่อยไหม?
09-0189	talk	Yeah. I used to live with my parents before I came to Tokyo, so I was always eating with them.	ค่ะ ก่อนจะมาโตเกียว ฉันอยู่กับพ่อแม่มาตลอด เลยได้กินข้าวด้วยกันเป็นประจำ
09-0190	talk	Oh, what were some of your favorites?	อ้อ แล้วเมนูโปรดของคุณมีอะไรบ้างครับ?
09-0191	talk	Ah, you know. Things like curry, stew, meat and potatoes... The basics.	อ๋อ ก็พวกแกงกะหรี่ สตูว์ เนื้อกับมันฝรั่ง... อะไรแบบพื้นๆ ค่ะ
09-0192	talk	Can't go wrong with comfort food, huh?	อาหารบ้านๆ ยังไงก็กินได้ไม่มีเบื่อเนอะคะ?
09-0193	talk	Exactly. And since I've been eating a lot of takeout these days, I miss that home-cooked flavor even more.	ใช่เลยครับ แล้วช่วงนี้ผมกินแต่อาหารกล่อง ซื้อกลับบ้าน เลยยิ่งคิดถึงรสชาติอาหารทำเอง ที่บ้านมากขึ้นไปอีก
09-0194	talk	I'm actually pretty big on curry.	ที่จริงผมชอบแกงกะหรี่มากเลยนะ
09-0195	talk	Good, 'cause curry's one of my all-time favorites!	ดีเลยค่ะ เพราะแกงกะหรี่เป็นหนึ่งในเมนู โปรดตลอดกาลของฉันเลย!
09-0196	talk	I've been trying to recreate my mom's curry from scratch. You'd know why if you tried it... It's the best there is.	ฉันพยายามทำแกงกะหรี่แบบแม่ให้ เหมือนต้นตำรับอยู่เลยค่ะ ถ้าได้ลองชิมคุณจะเข้าใจเลยว่าทำไม... มันอร่อยที่สุดแล้ว
09-0197	talk	How's that coming along?	เป็นไงบ้างครับ ทำได้ใกล้เคียงหรือยัง?
09-0198	talk	Honestly, I can't seem to get it right at all. So I decided to go off on my own little venture.	พูดตรงๆ ว่าฉันทำยังไงก็ไม่เหมือนเลยค่ะ เลยตัดสินใจลองทำสูตรของตัวเองดูบ้าง
09-0199	talk	Like using more traditional ingredients or experimenting with different spices, for example.	อย่างเช่นใช้วัตถุดิบแบบ ดั้งเดิมมากขึ้น หรือลองผสมเครื่องเทศแบบต่างๆ ดูค่ะ
09-0200	talk	Heh, sounds like someone really knows their curry.	เฮ่อ ฟังดูเหมือนใครบางคนรู้เรื่อง แกงกะหรี่ดีจริงๆ นะครับ
09-0201	talk	I can make curry, too. It's not that hard to do.	ผมก็ทำแกงกะหรี่เป็นเหมือนกันนะ ไม่ได้ยากอะไรขนาดนั้นหรอก
09-0202	talk	Nah. Back when I was poor, I dedicated myself to making the most amazing curry possible using only the cheap stuff.	เปล่าหรอก ตอนที่ผมจนๆ ผมทุ่มเทให้กับการทำแกงกะหรี่ สุดยอดที่สุดเท่าที่จะทำได้ โดยใช้แค่ของถูกๆ เท่านั้น
09-0203	talk	By now I probably know at least a dozen different recipes. Mind you, they're easier on the wallet than the taste buds.	ป่านนี้ผมคงรู้สูตรกับข้าว ประหยัดมาเกินสิบอย่างแล้ว แต่บอกไว้ก่อนนะ มันเบามือกับกระเป๋าเงินมากกว่า เบามือกับลิ้นซะอีก
09-0204	talk	Haha, well it sounds like what you're saying is, being able  to make good curry doesn't necessarily make you a good cook.	ฮ่าๆ ฟังแบบนี้แล้วเหมือนคุณกำลังบอกว่า ทำแกงกะหรี่อร่อยได้ ไม่ได้แปลว่าจะเป็นพ่อครัวที่ เก่งเสมอไปสินะ
09-0205	talk	(Crap, she's right... What am I saying?)	(บ้าเอ๊ย เธอพูดถูก... ผมพูดอะไรของผมเนี่ย?)
09-0206	talk	So what are your hobbies, Yagami-san?	แล้วงานอดิเรกของยากามิซังคืออะไรคะ?
09-0207	talk	Hmm, if I had to choose one, I think it'd be... pinball. I'm practically obsessed with it.	อืม ถ้าให้เลือกอย่างเดียวคงเป็น... พินบอลมั้ง ผมติดมันงอมแงมเลยล่ะ
09-0208	talk	Pinball? Is that any fun?	พินบอลเหรอคะ สนุกด้วยเหรอ?
09-0209	talk	Definitely. It's one of those easy to learn, hard to master sorts of things. Want to try it out sometime?	สนุกแน่นอน เป็นเกมแนวเรียนรู้ง่ายแต่ เชี่ยวชาญยาก อยากลองเล่นดูสักครั้งไหมล่ะ?
09-0210	talk	Wait, you actually <font_kind=yakuza_italic>have</font_kind> a pinball machine?	เดี๋ยวนะ คุณ<font_kind=yakuza_italic>มี</font_kind>ตู้พินบอลจริงๆ เหรอคะ?
09-0211	talk	Yeah. I found it online, and since it was on sale, I knew I had to swoop up on it before anyone else did...	ใช่ ผมไปเจอมันในเว็บ แล้วพอดีลดราคาพอดี ผมก็รู้เลยว่าต้องรีบคว้าไว้ ก่อนใครแย่งไป...
09-0212	talk	But when it arrived, the damn thing was way larger than I expected. So I had no idea where to put it... I still don't.	แต่พอมันมาถึง ไอ้เจ้านี่ใหญ่กว่าที่คิดไว้เยอะมาก ผมเลยไม่รู้จะวางไว้ตรงไหนดี... จนถึงตอนนี้ก็ยังไม่รู้
09-0213	talk	Sounds like it'll be a pain in the butt to move if you ever get too bored of it.	ฟังดูแล้วถ้าวันไหนเบื่อขึ้นมา คงย้ายลำบากน่าดูเลยนะคะ
09-0214	talk	I know, right? I practically bump into it every time I need to go to my desk, plus I already have pinball on my phone.	บอกเลยว่าใช่ ผมชนมันแทบทุกครั้งที่จะเดินไป โต๊ะทำงาน แถมในมือถือผมก็มีเกมพินบอล อยู่แล้วด้วยซ้ำ
09-0215	talk	I kick myself in the ass for buying that old hunk of junk sometimes. It's like, "Get your shit together, past self!"	บางทีก็อยากเตะตัวเองที่ซื้อไอ้ ของเก่าเกะกะชิ้นนั้นมา เหมือนอยากตะโกนใส่ตัวเองในอดีตว่า "ทำตัวดีๆ หน่อยสิวะ!"
09-0216	talk	...Hehe. I didn't know you had such a childish side, Yagami-san.	...ฮิฮิ ไม่นึกเลยว่ายากามิซังจะมีด้านเด็กๆ แบบนี้ด้วยนะคะ
09-0217	talk	Well, I wouldn't exactly call it that...	เอ่อ ผมว่ามันไม่ใช่แบบนั้นซะทีเดียวนะ...
09-0218	talk	Hey, it's cute. And besides... I wouldn't mind coming over and playing with that old hunk of junk of yours sometime.	ก็น่ารักดีนะคะ แล้วก็... ฉันไม่ว่าอะไรหรอกถ้าจะได้แวะไป เล่นกับไอ้ของเก่าเกะกะ ชิ้นนั้นของคุณดูสักครั้ง
09-0219	talk	...You're more than welcome to.	...ยินดีต้อนรับเลยล่ะ
09-0220	talk	(Thank you, sweet pinball machine! I knew you were good for more than collecting dust!)	(ขอบใจนะ ตู้พินบอลสุดที่รัก! รู้แล้วว่านายมีประโยชน์มากกว่า แค่เก็บฝุ่น!)
09-0221	talk	Coming up with cheap recipes, maybe?	หรือไม่ก็คิดสูตรกับข้าวประหยัดๆ นี่แหละ
09-0222	talk	Oh, you can cook too?	อ้าว คุณทำกับข้าวเป็นด้วยเหรอคะ?
09-0223	talk	Yeah. My basic cooking strategy is to think up the most filling, delicious, and cost-effective dishes imaginable.	ใช่ กลยุทธ์การทำอาหารพื้นฐานของผม คือคิดเมนูที่อิ่มท้อง อร่อย แล้วก็คุ้มค่าที่สุดเท่าที่จะนึกออก
09-0224	talk	Huh, now that's an idea. I don't have much money myself, so please do elaborate.	โอ้โห น่าสนใจนะคะ ตัวฉันเองก็ไม่ค่อยมีเงินเหมือนกัน ช่วยเล่าให้ฟังหน่อยได้ไหมคะ
09-0225	talk	Sure. Let me think of an example...	ได้สิ ขอนึกตัวอย่างสักหน่อย...
09-0226	talk	Okay, so if you fry tofu in lard and sprinkle it with yakiniku sauce... Voila! It actually tastes like meat.	โอเค ถ้าเอาเต้าหู้ไปทอดกับน้ำมันหมู แล้วโรยซอสยากินิกุลงไป... ทาดา! รสชาติจะเหมือนเนื้อจริงๆ เลย
09-0227	talk	Not only is it healthy, it's cheap! So that's one of my favorite recommendations.	ไม่ใช่แค่ดีต่อสุขภาพนะ ยังถูกอีกด้วย! เป็นเมนูโปรดที่ผมอยากแนะนำเลยล่ะ
09-0228	talk	Hehe, sounds like an easy-to-make steak! Oh, I bet putting melted cheese on it would be good, too!	ฮิฮิ ฟังดูเหมือนสเต๊กสูตรทำง่ายเลยนะคะ! อ้อ เอาชีสละลายโปะลงไปด้วยต้องอร่อยแน่ๆ!
09-0229	talk	That does sound good. It's even better if you cook it with a little bit of miso until it's slightly burnt.	ฟังดูเข้าท่าเลย จะยิ่งอร่อยขึ้นไปอีกถ้าใส่มิ โซะนิดหน่อยแล้วผัดจนไหม้ เกรียมนิดๆ
09-0230	talk	Mmm, I can almost taste it now!	อืมม แค่คิดก็เหมือนได้ลิ้มรสแล้วค่ะ!
09-0231	talk	Got any other recipes for me?	มีสูตรอื่นอีกไหมคะ?
09-0232	talk	How about a tenkasu bowl? Trust me, it's not as bad as it sounds.	ข้าวหน้าเท็นคาสึล่ะ? เชื่อผมสิ มันไม่ได้แย่อย่างที่ฟังดูหรอก
09-0233	talk	Tenkasu? You mean those crunchy little tempura flakes?	เท็นคาสึเหรอคะ หมายถึงเศษเท็มปุระกรอบๆ ชิ้นเล็กๆ นั่นใช่ไหม?
09-0234	talk	Precisely. If you want the tempura bowl flavor without the tempura bowl price...	ใช่เลย ถ้าอยากได้รสชาติข้าวหน้าเท็มปุระ แต่ไม่อยากจ่ายราคาข้าวหน้าเท็มปุระ...
09-0235	talk	All you need to do is top of a bowl of rice with tenkasu, add your soy sauce, and you're done!	แค่โรยเท็นคาสึลงบนข้าวสวย ราดซีอิ๊วนิดหน่อย เท่านี้ก็เสร็จแล้ว!
09-0236	talk	The nice thing is, tenkasu's really cheap. Sometimes even free. Though I guess it's not very nutritious, huh...	ข้อดีคือเท็นคาสึราคาถูกมาก บางทีก็ได้ฟรีด้วยซ้ำ แม้ว่าคุณค่าทางโภชนาการอาจจะ ไม่เท่าไหร่ก็เถอะ...
09-0237	talk	Yeah... I don't think I'd wanna try that any time soon.	เอ่อ... ฉันว่าคงยังไม่อยากลองเร็วๆ นี้หรอกค่ะ
09-0238	talk	Well, this isn't really something I recommend, but...	เอาจริงๆ อันนี้ผมไม่ค่อยอยากแนะนำเท่าไหร่นะ แต่...
09-0239	talk	But? Go on.	แต่อะไรคะ? เล่าต่อสิ
09-0240	talk	Bring a plain onigiri to a department store, then eat it while trying out all the different food samples they have.	เอาข้าวปั้นเปล่าๆ ไปห้างสรรพสินค้า แล้วกินมันไปพร้อมกับชิมของ ตัวอย่างอาหารที่เขาวางไว้ ให้ชิมทุกอย่าง
09-0241	talk	As long as you don't mind the risk of getting caught, or throwing away your dignity, you can get real full this way.	ตราบใดที่คุณไม่กลัวโดนจับได้ หรือไม่แคร์ศักดิ์ศรีที่ต้องทิ้งไป วิธีนี้อิ่มจริงนะ
09-0242	talk	You're not being serious, are you?	คุณไม่ได้พูดจริงใช่ไหมคะเนี่ย?
09-0243	talk	Heh. That's why I said I couldn't recommend it.	เฮอะ ก็เพราะงี้ไงถึงบอกว่าแนะนำไม่ได้
09-0244	talk	Come on, don't tease me like that...	ไม่เอาน่า อย่ามาแกล้งฉันแบบนี้สิ...
09-0245	talk	That's all I can think of so far.	เท่าที่นึกออกตอนนี้ก็มีแค่นี้แหละ
09-0246	talk	Probably fighting.	คงเป็นสู้กันมั้ง
09-0247	talk	You... get into fights with people?	คุณ... ไปมีเรื่องชกต่อยกับคนอื่นเหรอคะ?
09-0248	talk	More like I get harassed the moment I step out the door. It's getting pretty bad...	พูดให้ถูกคือโดนก่อกวนตั้งแต่ ก้าวเท้าออกนอกบ้านเลยต่างหาก แถมช่วงนี้หนักขึ้นเรื่อยๆ ด้วย...
09-0249	talk	On my worst days, I get into an average of three fights every fifty meters. It's just punk after punk after punk.	วันที่แย่ที่สุด ผมมีเรื่องชกต่อยเฉลี่ยสามครั้งทุกๆ ห้าสิบเมตร มีแต่ไอ้พวกนักเลงผลัดกันเข้ามา ไม่หยุด
09-0250	talk	No way... I mean, I know this is Kamurocho and all, but seriously? You fight that much?	ไม่จริงน่า... คือฉันก็รู้นะว่านี่คือคามุโรโจ แต่เอาจริงเหรอคะ? ต่อยกันขนาดนั้นเลยเหรอ?
09-0251	talk	Yup. There are some crazy people out there who, for one reason or another, want to beat me black and blue. Or worse.	ใช่แล้ว มีพวกบ้าๆ อยู่ข้างนอกนั่นที่อยากรุมซ้อม ผมให้เขียวช้ำไปทั้งตัว ไม่ว่าจะด้วยเหตุผลอะไรก็ตาม หรือหนักกว่านั้นก็มี
09-0252	talk	And no matter how much I try to talk them down, they never listen. So I have to use a little... self-defense.	แล้วไม่ว่าผมจะพยายามพูดให้ พวกเขาใจเย็นแค่ไหน ก็ไม่เคยมีใครฟังเลยสักคน ผมเลยต้องใช้... การป้องกันตัวนิดหน่อย
09-0253	talk	But I'm telling you, they're like roaches. Step on one, and ten more take their place.	แต่บอกเลยนะ พวกนั้นเหมือนแมลงสาบ เหยียบตัวหนึ่งตาย มีอีกสิบตัวโผล่มาแทนที่
09-0254	talk	O... Okay. I wouldn't really call that a hobby, though.	โอ... โอเคค่ะ แต่ฉันว่ามันไม่น่าจะเรียกว่า งานอดิเรกได้นะ
09-0255	talk	I dunno, Sana-chan... I am kinda starting to enjoy it.	ไม่รู้สิ ซานะจัง... ผมเริ่มจะสนุกกับมันแล้วนะเนี่ย
09-0256	talk	Wow, Yagami-san... You're more of a bad boy than I gave you credit for.	โห ยากามิซัง... คุณเป็นหนุ่มเกเรกว่าที่ฉันคิด ไว้เยอะเลยนะคะเนี่ย
09-0257	talk	So what kind of guys are you into, Sana-chan?	แล้วซานะจังชอบผู้ชายแบบไหนล่ะ?
09-0258	talk	Wow, that sure came out of nowhere! ...Why do you ask?	โห อยู่ๆ ก็ถามขึ้นมาเลยนะคะเนี่ย! ...ทำไมถึงถามล่ะคะ?
09-0259	talk	I was just curious.	ก็แค่อยากรู้เฉยๆ
09-0260	talk	Hmm... In that case...	อืม... ถ้างั้น...
09-0261	talk	My lips are sealed!	ปิดปากเงียบดีกว่าค่ะ!
09-0262	talk	...Really.	...งั้นเหรอ
09-0263	talk	(I bet she would tell me if I pushed for it...)	(ถ้าผมดั้นดันถามต่ออีกหน่อย เธอคงยอมบอกแหละ...)
09-0264	talk	(Guess that's a dead end. I'll ask her something else for now.)	(งั้นทางนี้คงตันแล้ว เอาไว้ถามอย่างอื่นก่อนดีกว่า)
09-0265	talk	Hmm, now that's a question...	อืม คำถามนี้สิยาก...
09-0266	talk	It's kinda hard to say.	บอกยากเหมือนกันนะคะ
09-0267	talk	Okay, how about older or younger? Which do you prefer?	โอเค แล้วแก่กว่าหรืออ่อนกว่าล่ะ ชอบแบบไหนมากกว่า?
09-0268	talk	...Mm, I'd say older. I want someone dependable, you know?	...อืม ฉันว่าแก่กว่าดีกว่านะคะ อยากได้คนที่พึ่งพาได้น่ะ เข้าใจไหม?
09-0269	talk	Yeah, I can respect that.	ใช่ เข้าใจได้เลย
09-0270	talk	What about you? Do you tend to date younger or older?	แล้วคุณล่ะคะ ปกติชอบคบคนอ่อนกว่าหรือแก่กว่า?
09-0271	talk	Younger for me.	ผมชอบคนอ่อนกว่ามากกว่า
09-0272	talk	Oh really? Then...	อ้าว จริงเหรอคะ? งั้น...
09-0273	talk	How much younger?	อ่อนกว่าแค่ไหนล่ะคะ?
09-0274	talk	Well, I'm 35 right now, so...	เอ่อ ตอนนี้ผมอายุ 35 นะ ฉะนั้น...
09-0275	talk	Oh, and do note that I'm 19.	อ้อ แล้วก็อย่าลืมนะคะว่าฉันอายุ 19
09-0276	talk	Hint hint, I could probably go 20 years up! ❤	ใบ้ให้แบบนี้นะคะ ฉันขึ้นไปได้อีกตั้ง 20 ปีเลยนะ!
09-0277	talk	I'd say 5 years down is my limit. So, about 30 years old.	ผมว่าลงไปได้แค่ 5 ปีก็สุดแล้ว เท่ากับประมาณ 30 ปีได้มั้ง
09-0278	talk	Whaaat, that's it?	หา แค่นั้นเองเหรอคะ?
09-0279	talk	There's no way you'd go... any younger?	เป็นไปไม่ได้เลยเหรอคะที่จะ... อ่อนกว่านั้นอีก?
09-0280	talk	Well, I doubt we'd have much in common. I mean, what would we even talk about?	ก็ผมว่าคงคุยกันไม่ค่อย รู้เรื่องหรอกนะ จะให้คุยเรื่องอะไรกันล่ะ?
09-0281	talk	Aww... So that's how you feel when you're talking to me?	โธ่... แสดงว่านี่คือความรู้สึกของคุณ ตอนคุยกับฉันเหรอคะ?
09-0282	talk	Oh, no, that's not what I was trying to say.	เปล่านะ ผมไม่ได้ตั้งใจจะสื่อแบบนั้น
09-0283	talk	Aha! Then you'd be okay with 15 years younger after all! Y'know, 'cause we get along so well?	ฮ่า! งั้นแสดงว่าอ่อนกว่า 15 ปีก็โอเคสินะคะ! ก็เพราะเราคุยกันถูกคอขนาดนี้นี่นา?
09-0284	talk	Haha. Guess you got me there.	ฮ่าๆ เอาผมมัดมือชกซะแล้ว
09-0285	talk	Hmm... I'd say 15 years. I'm pretty flexible, you know.	อืม... ผมว่า 15 ปีก็ได้นะ ผมค่อนข้างยืดหยุ่นน่ะ
09-0286	talk	That means you'd go as low as... 20? Hey, that's almost my age!	แปลว่าลงไปได้ถึง... 20 เลยเหรอคะ? เฮ้ นั่นเกือบเท่าอายุฉันเลยนะ!
09-0287	talk	But... would it really be so easy to bridge that kind of age gap?	แต่... ช่องว่างระหว่างวัยขนาดนั้นจะ ข้ามผ่านได้ง่ายๆ จริงเหรอคะ?
09-0288	talk	Well, what about us? We can pretty much talk about anything, right? Maybe we were meant for each other.	แล้วเราสองคนล่ะ? เราคุยกันได้แทบทุกเรื่องเลยนี่ บางทีเราอาจจะถูกลิขิตมาให้กันก็ได้นะ
09-0289	talk	...Oh, I get it. You almost had me for a second there. You're silly, Yagami-san.	...อ๋อ เข้าใจแล้ว เกือบหลอกฉันได้แล้วนะเนี่ย ยากามิซังนี่กวนจริงๆ ค่ะ
09-0290	talk	I dunno. 20 years, maybe?	ไม่รู้สิ 20 ปีมั้ง?
09-0291	talk	20? Wait, if you're going younger, that means... You would date... a 15-year-old?	20 เหรอคะ? เดี๋ยวนะ ถ้าอ่อนกว่าขนาดนั้น แปลว่า... คุณจะคบกับ... เด็กอายุ 15 เลยเหรอคะ?
09-0292	talk	Hell no! Sorry, I kind of just... blurted that out without thinking. There's no way I'd do something like that.	ไม่มีทางอยู่แล้ว! ขอโทษที ผมแค่... พูดไปโดยไม่ทันคิดน่ะ ผมไม่มีวันทำแบบนั้นแน่นอน
09-0293	talk	Of course you wouldn't! Geez, don't scare me like that.	แหงอยู่แล้วที่คุณไม่ทำ! โธ่เอ๊ย อย่ามาทำฉันตกใจแบบนี้สิคะ
09-0294	talk	I like my ladies mature. You know, a little on the older side.	ผมชอบผู้หญิงที่เป็นผู้ใหญ่มากกว่า แบบว่าโตกว่าผมนิดหน่อยน่ะ
09-0295	talk	Oh... okay. Whatever floats your boat, Yagami-san.	อ้อ... โอเคค่ะ แล้วแต่ยากามิซังชอบเลยนะคะ
09-0296	talk	So, how do you like Kamurocho? Used to the big city by now?	แล้วคามุโรโจเป็นยังไงบ้าง ตอนนี้เริ่มชินกับเมืองใหญ่หรือยัง?
09-0297	talk	I think so. At first I was intimidated by all the people here, but I realized a lot of them are actually pretty nice.	ฉันว่าเริ่มชินแล้วค่ะ ตอนแรกก็ครั่นคร้ามคนที่นี่อยู่ เหมือนกัน แต่พอได้รู้จักแล้วหลายคนก็ใจ ดีมากเลยนะ
09-0298	talk	You do have a lot of fans looking out for you. Including me.	คุณก็มีแฟนคลับคอยดูแลอยู่เยอะ เลยนี่นา รวมทั้งผมด้วย
09-0299	talk	Just don't forget to be careful. There are plenty of shady characters around here looking for an easy target, too.	แต่อย่าลืมระวังตัวด้วยล่ะ แถวนี้ก็มีพวกตัวแสบไม่น้อยที่ คอยหาเหยื่อง่ายๆ เหมือนกัน
09-0300	talk	Take the... Keihin Gang, I think is what they're called. Basically a bunch of clowns dressed up as gangsters.	อย่างเช่น... แก๊งเคฮินนี่แหละ ถ้าผมจำชื่อไม่ผิด พูดง่ายๆ ก็คือกลุ่มตัวตลกที่แต่งตัวเป็นนักเลง
09-0301	talk	...Oh, I know them! They're actually pretty nice.	...อ๋อ ฉันรู้จักพวกเขานะคะ! จริงๆ แล้วใจดีมากเลยล่ะ
09-0302	talk	What? Did you say <font_kind=yakuza_italic>nice</font_kind>?	หา? เมื่อกี้คุณพูดว่า<font_kind=yakuza_italic>ใจดี</font_kind>เหรอ?
09-0303	talk	Sure did. In fact, they used to give me the creeps, but now they come and cheer for me every time I sing. Neat, huh?	ใช่แล้วค่ะ จริงๆ ตอนแรกฉันก็กลัวๆ เขาอยู่เหมือนกันนะ แต่ตอนนี้พวกเขามาเชียร์ฉัน ทุกครั้งที่ร้องเพลงเลย เจ๋งใช่ไหมล่ะ?
09-0304	talk	...Sana-chan, you never cease to amaze me. There really is a lot of power in your music.	...ซานะจัง คุณนี่ทำให้ผมทึ่งได้ตลอดเลยนะ เพลงของคุณมีพลังจริงๆ
09-0305	talk	Hehe. There's even this one guy... What's his name? Kasai-san? He's definitely my most... <font_kind=yakuza_italic>eccentric</font_kind> admirer.	ฮิฮิ มีอยู่คนหนึ่งด้วยนะคะ... ชื่ออะไรนะ คาไซซังใช่ไหม? เขาเป็นแฟนคลับที่...<font_kind=yakuza_italic>แปลกที่สุด</font_kind>ของฉันเลยล่ะ
09-0306	talk	Kasai, huh... I've heard that name before.	คาไซเหรอ... ผมเคยได้ยินชื่อนี้มาก่อนนะ
09-0307	talk	Well, have you heard he's the leader of my cheering squad?	แล้วคุณเคยได้ยินไหมคะว่าเขา เป็นหัวหน้ากองเชียร์ของฉัน?
09-0308	talk	He brings his whole crew with him—dressed in pink happi, mind you—and they practically cheer for me nonstop!	เขาพาสมัครพรรคพวกมาทั้งแก๊งเลย—ใส่ชุดฮัปปิสีชมพูด้วยนะ—แล้วก็เชียร์ฉันกันแบบไม่หยุดเลย!
09-0309	talk	That... sounds scary as shit. I'm happy for you though.	นั่น... ฟังดูน่ากลัวชะมัด แต่ผมก็ดีใจกับคุณนะ
09-0310	talk	Do keep in mind that Kamurocho caters specifically to adults with certain... <font_kind=yakuza_italic>desires</font_kind>. You sure you can handle the pressure?	อย่าลืมนะว่าคามุโรโจเป็นเมือง ที่เอาใจผู้ใหญ่ที่มี... <font_kind=yakuza_italic>ความต้องการ</font_kind>บางอย่างเป็นพิเศษ แน่ใจนะว่ารับแรงกดดันไหว?
09-0311	talk	I can handle it just fine. I'm not a little girl, you know.	รับไหวสบายมากค่ะ ฉันไม่ใช่เด็กน้อยสักหน่อย
09-0312	talk	I didn't say you were, but legally, you're barely of age. You're not worried about the cops breaking up your set?	ผมไม่ได้พูดแบบนั้นนะ แต่ในทางกฎหมาย คุณเพิ่งจะบรรลุนิติภาวะพอดีเลยนะ ไม่กลัวตำรวจมาห้ามการแสดงเหรอ?
09-0313	talk	Well, I'm an adult now, so I'd like to see them try!	ก็ตอนนี้ฉันเป็นผู้ใหญ่แล้ว อยากเห็นเหมือนกันว่าเขาจะกล้าทำไหม!
09-0314	talk	(Crap, I didn't think I'd actually make her <font_kind=yakuza_italic>mad</font_kind>.)	(บ้าเอ๊ย ไม่คิดว่าจะทำให้เธอ<font_kind=yakuza_italic>โมโห</font_kind>ขึ้นมาจริงๆ)
09-0315	talk	I'm sorry if I offended you in some way. But I had to at least say something.	ขอโทษนะถ้าผมพูดอะไรที่ทำให้คุณ ไม่พอใจ แต่อย่างน้อยผมก็ต้องพูดอะไรสักอย่าง
09-0316	talk	I know this city like the back of my hand.	ผมรู้จักเมืองนี้ดีเหมือนรู้จัก หลังมือตัวเอง
09-0317	talk	Okay... And why are you telling me this?	โอเคค่ะ... แล้วทำไมถึงบอกฉันเรื่องนี้ล่ะ?
09-0318	talk	Well, you know... When you end up learning the ins and outs of a city, that's how you really know you're an adult.	ก็คือ... พอวันไหนที่คุณรู้ทุกซอกทุกมุม ของเมืองนี้แล้ว นั่นแหละคือตอนที่คุณจะรู้ตัวจริงๆ ว่าโตเป็นผู้ใหญ่แล้ว
09-0319	talk	Oh, all right then... I'll be sure to work on that.	อ้อ โอเคค่ะ... ฉันจะพยายามนะ
09-0320	talk	(Dang. That didn't sound nearly as cool as it did in my head.)	(บ้าจริง พูดออกมาแล้วมันไม่เท่เท่าตอน คิดในหัวเลย)
09-0321	talk	Hey, how about we take a picture? Our future selves will thank us.	เฮ้ ถ่ายรูปกันไหม? ตัวเราในอนาคตต้องขอบคุณเราแน่ๆ
09-0322	talk	Oh, of course!	อ้อ แน่นอนอยู่แล้ว!
09-0323	talk	Yup. Looks just fine to me.	ใช่ ดูดีอยู่แล้วสำหรับผม
09-0324	talk	Wow, you're actually pretty good! Can you send this to me later?	โห คุณถ่ายรูปเก่งจริงๆ นะคะ! ส่งรูปนี้ให้ฉันทีหลังได้ไหมคะ?
09-0325	talk	Hmm. Not quite feeling it. Can we do this one over?	อืม ยังไม่ค่อยถูกใจเท่าไหร่ ขอถ่ายใหม่อีกทีได้ไหม?
09-0326	talk	Hey, look. That's the girl from all those videos going around...	เฮ้ ดูนั่นสิ นั่นผู้หญิงในคลิปที่แชร์กัน ว่อนเลยนี่...
09-0327	talk	Oh yeah. "The Songstress of Kamurocho," right?	อ๋อ ใช่ "นักร้องสาวแห่งคามุโรโจ" นั่นเองใช่ไหม?
09-0328	talk	Yep, and she's damn cute, too. Wonder if she's dating that guy.	ใช่เลย แล้วก็น่ารักฉิบหายด้วย สงสัยจังว่าเธอคบกับผู้ชายคน นั้นอยู่รึเปล่า
09-0329	talk	They're really talking you up there, huh?	เขาคุยเรื่องคุณกันใหญ่เลยนะเนี่ย
09-0330	talk	I guess...	ก็คงงั้นค่ะ...
09-0331	talk	Come to think of it, those videos of yours have gotten pretty popular lately.	พอมาคิดดูแล้ว คลิปของคุณช่วงนี้ดังขึ้นเยอะเลยนะ
09-0332	talk	Yes, well. I'm glad that people like my music, but at the same time... I can't help feeling a bit overwhelmed...	ค่ะ ก็ดีใจนะที่คนชอบเพลงของฉัน แต่ในขณะเดียวกัน... ก็อดรู้สึกท่วมท้นไปหน่อยไม่ได้ เหมือนกัน...
09-0333	talk	Should we get going, then?	งั้นเราไปกันดีไหม?
09-0334	talk	I... think so. I've had enough publicity for one day.	ฉัน... คิดว่างั้นค่ะ วันนี้เจอความสนใจมาพอแล้วล่ะ
09-0335	talk	You know... you sure are something. It's like you became an overnight celebrity.	รู้ไหม... คุณนี่ไม่ธรรมดาจริงๆ เหมือนกลายเป็นดาราดังข้ามคืนเลย
09-0336	talk	Well, I certainly never expected it to happen so quickly...	ก็... ไม่คิดเลยว่ามันจะเกิดขึ้นเร็วขนาดนี้...
09-0337	talk	Who would have thought a couple of live performances in front of Theater Square would get me this far?	ใครจะไปคิดว่าแค่เล่นสดหน้า เธียเตอร์สแควร์ไม่กี่ครั้ง จะพาฉันมาไกลขนาดนี้ได้
09-0338	talk	Hey, people like what they like. And personally, I think they see something special in you. That's what draws them in.	เฮ้ คนเราก็ชอบในสิ่งที่ชอบนั่นแหละ แล้วผมว่าพวกเขาเห็นอะไร บางอย่างที่พิเศษในตัวคุณ นั่นแหละที่ดึงดูดพวกเขาเข้ามา
09-0339	talk	Well, I'm certainly happy to hear that. But it's... I don't know... scary? To have so much attention all of a sudden...	ก็ดีใจที่ได้ยินแบบนั้นนะคะ แต่มันก็... ไม่รู้สิ... น่ากลัวใช่ไหม ที่จู่ๆ ก็ได้รับความสนใจมากขนาดนี้...
09-0340	talk	Maybe a talent agent would help keep things under control? I'm sure there are some good ones out there.	บางทีมีผู้จัดการดีๆ สักคนอาจช่วยคุมสถานการณ์ได้นะ ผมว่าต้องมีคนเก่งๆ อยู่บ้างแหละ
09-0341	talk	I do plan on asking one, if I meet the right person.	ฉันก็ตั้งใจจะหาสักคนอยู่เหมือนกันค่ะ ถ้าเจอคนที่ใช่
09-0342	talk	Call me if you run into any trouble.	มีเรื่องอะไรก็โทรหาผมได้นะ
09-0343	talk	...Okay. I will.	...ค่ะ ฉันจะโทรหานะคะ
09-0344	talk	Thanks for taking me out today, Yagami-san! I had a lot of fun.	ขอบคุณที่พาฉันออกมาเที่ยววันนี้นะคะ ยากามิซัง! สนุกมากเลยค่ะ
09-0345	talk	My pleasure. I had a good time too.	ยินดีเลย ผมเองก็สนุกเหมือนกัน
09-0346	talk	You know... it's funny. Time always goes so fast whenever I'm with you.	รู้ไหมคะ... แปลกจัง เวลามันผ่านไปเร็วเสมอเลยเวลา ที่อยู่กับคุณ
09-0347	talk	...I'm glad we could spend the whole day together.	...ดีใจนะคะที่ได้ใช้เวลาทั้งวันด้วยกัน
09-0348	talk	So am I. Guess I'll be seeing you later then?	ผมก็เหมือนกัน งั้นเดี๋ยวเจอกันใหม่นะ?
09-0349	talk	Sure! Oh, and text me sometime, okay?	ค่ะ! อ้อ แล้วก็ทักมาคุยบ้างนะคะ?
09-0350	talk	Thanks for today, Yagami-san.	ขอบคุณสำหรับวันนี้นะคะ ยากามิซัง
09-0351	talk	I'm a little burned out...	ฉันเหนื่อยไปนิดหน่อยเลยค่ะ...
09-0352	talk	(Things didn't go so smooth today. I must have messed up somehow...)	(วันนี้ดูจะไม่ค่อยราบรื่นเท่าไหร่ ผมคงพลาดอะไรเข้าสักอย่างแน่ๆ...)
09-0353	talk	Yagami-san, you came!	ยากามิซัง คุณมาจริงๆ ด้วย!
09-0354	talk	Of course. I promised, didn't I?	แน่นอนอยู่แล้ว ผมสัญญาไว้แล้วนี่
09-0355	talk	Hehe. You're such a sweetie.	ฮิฮิ คุณนี่ใจดีจริงๆ ค่ะ
09-0356	talk	*sob* I... I just don't know how to feel... I mean, I am happy for Sana-chan, but... oh, the pangs of jealousy!	*สะอื้น* ฉัน... ไม่รู้จะรู้สึกยังไงดี... คือดีใจกับซานะจังนะ แต่... โอ๊ย ความอิจฉามันแทงใจจริงๆ!
09-0357	talk	...Lucky bastard.	...ไอ้เวรนี่มันโชคดีชะมัด
09-0358	talk	Sorry to keep you waiting, Yagami-san!	ขอโทษที่ให้รอนะคะ ยากามิซัง!
09-0359	talk	No problem. More importantly, congrats on your big debut!	ไม่เป็นไร ที่สำคัญกว่านั้น ยินดีด้วยกับการเดบิวต์ครั้งใหญ่นะ!
09-0360	talk	(Now, where should we go today?)	(เอาล่ะ วันนี้จะไปไหนกันดี?)
09-0361	talk	Do you want to try the batting center again?	อยากลองไปศูนย์ฝึกตีอีกรอบไหม?
09-0362	talk	Sure! Hope I do better than last time.	ได้ค่ะ! หวังว่าครั้งนี้จะทำได้ดีกว่า รอบที่แล้วนะ
09-0363	talk	Do you want to play darts again?	อยากเล่นดาร์ทอีกรอบไหม?
09-0364	talk	Yeah, and I don't plan on losing this time!	ค่ะ แล้วรอบนี้ฉันไม่มีแพ้แน่นอน!
09-0365	talk	How about the arcade?	ไปร้านเกมกันดีไหม?
09-0366	talk	Works for me! Let's get a plushie!	ได้เลยค่ะ! ไปคีบตุ๊กตากันเถอะ!
09-0367	talk	...Greetings, Songstress of Kamurocho.	...สวัสดี นักร้องสาวแห่งคามุโรโจ
09-0368	talk	Oh, um. Hi there, Kabata-san.	อ้อ เอ่อ สวัสดีค่ะ คาบาตะซัง
09-0369	talk	So I heard you're finally signing with a label... I see you've done very well for yourself.	ได้ยินมาว่าในที่สุดก็เซ็นสัญญา กับค่ายเพลงแล้วสินะ... เห็นแล้วว่าไปได้สวยเลยนะ
09-0370	talk	Uh, thank you?	เอ่อ ขอบคุณค่ะ?
09-0371	talk	Of course. Still looking beautiful as ever, I see.	แน่นอนอยู่แล้ว ยังสวยเหมือนเดิมไม่เปลี่ยนเลยนะ
09-0372	talk	Hehe. You know, I even bought a new phone just to take your picture. Even the oil in your pores'll show up on this thing!	ฮิฮิ รู้ไหม ผมถึงกับซื้อมือถือเครื่องใหม่ มาถ่ายรูปคุณโดยเฉพาะเลยนะ แม้แต่น้ำมันในรูขุมขนก็ยังถ่าย ติดกับเครื่องนี้!
09-0373	talk	Um... eww?	เอ่อ... แหวะน่ะสิ?
09-0374	talk	By the way... Who's this you're hanging out with?	ว่าแต่... นี่ใครที่คุณเดินอยู่ด้วยเนี่ย?
09-0375	talk	Ah... That would be...	อ่า... นี่ก็คือ...
09-0376	talk	Just a friend.	แค่เพื่อนกันน่ะ
09-0377	talk	Hunh. *snort* Nice jacket you got there. Where'd you get it? Janky... jackets... for jackasses dot com?	หึ *ฟึดฟัด* แจ็กเก็ตสวยดีนี่ ไปซื้อมาจากไหนล่ะ เว็บไซต์แจ็กเก็ตกากๆ... สำหรับไอ้พวกโง่... ดอทคอมรึไง?
09-0378	talk	(...Wow.)	(...โห)
09-0379	talk	Speaking of websites, I made you a Sana-chan fan shrine. You should check it out!	พูดถึงเว็บไซต์แล้ว ผมทำศาลเจ้าแฟนคลับซานะจังให้ คุณด้วยนะ ลองเข้าไปดูสิ!
09-0380	talk	I'm pretty much your biggest admirer, so... Could I, like, have your contact information? So I could send you the URL.	ผมเป็นแฟนคลับตัวยงที่สุดของคุณเลยนะ เพราะงั้น... ขอเบอร์ติดต่อหน่อยได้ไหม จะได้ส่งลิงก์ให้
09-0381	talk	Thanks, but... I'd rather not give that out.	ขอบคุณนะคะ แต่... ฉันขอไม่ให้ดีกว่าค่ะ
09-0382	talk	Don't worry, I promise not to share it with anyone weird. And I'll make sure not to bother you late at night... much.	ไม่ต้องห่วง ผมสัญญาว่าจะไม่เอาไปให้ใครแปลกๆ หรอก แล้วก็จะพยายามไม่โทรกวนตอนดึกๆ ด้วย... เท่าไหร่นัก
09-0383	talk	Yeah, so I don't mean to interrupt, but we were on our way somewhere. But thank you for voicing your support.	เอ่อ ผมไม่ได้ตั้งใจจะขัดจังหวะนะ แต่พวกเรากำลังจะไปที่อื่นกันน่ะ ยังไงก็ขอบคุณที่มาให้กำลังใจนะ
09-0384	talk	That guy just now. Is he also one of your fans?	เมื่อกี้คนนั้นน่ะ เขาก็เป็นแฟนคลับคุณด้วยเหรอ?
09-0385	talk	Kabata-san? Yeah, he's been one of my biggest supporters since I was just a country gal experimenting with music.	คาบาตะซังเหรอคะ? ใช่ค่ะ เขาเป็นหนึ่งในผู้สนับสนุนตัวยง ของฉันมาตั้งแต่ตอนที่ ฉันยังเป็นสาวบ้านนอกที่แค่ลอง ทำเพลงเล่นๆ เลย
09-0386	talk	I mean, sure, his fan letters are a bit... <font_kind=yakuza_italic>passionate</font_kind> at times. And yes, he does seem odd, but he's not a bad person.	คือจดหมายแฟนคลับของเขาก็... <font_kind=yakuza_italic>ดุดัน</font_kind>ไปหน่อยเป็นบางทีนะคะ แล้วก็ดูแปลกๆ อยู่จริง แต่เขาไม่ใช่คนไม่ดีหรอกค่ะ
09-0387	talk	Hope I didn't give him the wrong impression.	หวังว่าผมคงไม่ทำให้เขา เข้าใจผิดอะไรนะ
09-0388	talk	Well, what if he... I dunno, thought we were dating? Wouldn't that hurt your image as an up-and-coming singer?	แล้วถ้าเขา... ไม่รู้สิ คิดว่าเราสองคนคบกันอยู่ล่ะ? มันจะทำให้ภาพลักษณ์นักร้อง ดาวรุ่งของคุณเสียหายไหม?
09-0389	talk	I... could see how that makes sense.	ก็... เข้าใจได้เหมือนกันนะคะ
09-0390	talk	Grabbing something to eat in public doesn't seem like such a hot idea anymore. What if we run into more of his kind?	ออกไปหาอะไรกินข้างนอกท่าจะ ไม่ใช่ไอเดียที่ดีแล้วล่ะ เกิดเจอคนแบบเขาอีกล่ะจะทำยังไง?
09-0391	talk	Aww, then our day's totally ruined! I was so looking forward to it, too...	โธ่ งั้นวันนี้ก็พังหมดเลยสิคะ! ทั้งๆ ที่ตั้งตารอมาตลอดเลย...
09-0392	talk	Yeah, I know...	ใช่ ผมรู้...
09-0393	talk	In that case, how about we head to my place?	งั้นไปที่ห้องของผมกันไหมล่ะ?
09-0394	talk	You mean...?	หมายความว่า...?
09-0395	talk	Yeah. We won't have to worry about anyone seeing us there.	ใช่ ที่นั่นเราไม่ต้องกังวลว่าจะมี ใครเห็นเราหรอก
09-0396	talk	Wait... Are you saying you want to...?	เดี๋ยวนะ... คุณกำลังจะบอกว่าอยากจะ...?
09-0397	talk	Does this mean what I think it does!?	นี่มันหมายความอย่างที่ฉันคิดจริงๆ เหรอ!?
09-0398	talk	Uh, what I meant was, why don't we head over to my office? I also happen to live there, so...	เอ่อ ที่ผมหมายถึงคือ ไปที่สำนักงานของผมกันดีกว่าไหม บังเอิญว่าผมพักอาศัยอยู่ ที่นั่นด้วยน่ะ...
09-0399	talk	Just think of it as stopping by my workplace.	คิดซะว่าแค่แวะมาที่ทำงานผมก็พอ
09-0400	talk	Oh... that makes sense. Okay then.	อ๋อ... เข้าใจแล้วค่ะ งั้นตกลง
09-0401	talk	(Yeah, so that wasn't awkward at all...)	(ใช่สิ นั่นไม่น่าอึดอัดเลยจริงๆ...)
09-0402	talk	You want to just call it a day?	วันนี้พอแค่นี้ไหม?
09-0403	talk	Already? No, not really.	แล้วเหรอคะ? เปล่าค่ะ ไม่ได้เป็นอะไรมาก
09-0404	talk	I was kind of hoping we could talk.	ฉันแค่อยากคุยกับคุณสักหน่อยน่ะค่ะ
09-0405	talk	(Well, in that case...)	(ถ้างั้นก็...)
09-0406	talk	So this is your home office?	นี่คือบ้านที่เป็นสำนักงานของ คุณด้วยเหรอคะ?
09-0407	talk	It's actually pretty stylish... I like it!	ดูมีสไตล์ดีจังเลยนะคะ... ฉันชอบ!
09-0408	talk	Thanks. I try and spiff it up for my clients every now and then.	ขอบคุณ ผมพยายามแต่งให้ดูดีอยู่บ้าง เผื่อลูกความมาเยี่ยม
09-0409	talk	Isn't there supposed to be a bed somewhere, though? Since you live here and all.	แต่ปกติต้องมีเตียงอยู่ที่ไหน สักแห่งไม่ใช่เหรอคะ ในเมื่อคุณอาศัยอยู่ที่นี่ด้วย
09-0410	talk	Ah, I just sleep on the sofa. Saves space, saves money, saves time.	อ๋อ ผมนอนโซฟาน่ะ ประหยัดพื้นที่ ประหยัดเงิน ประหยัดเวลาไปในตัว
09-0411	talk	Hehe. You're silly... not to mention a bit <font_kind=yakuza_italic>wild</font_kind>.	ฮิฮิ คุณนี่กวนจริงๆ... แถมยังดู<font_kind=yakuza_italic>ดิบเถื่อน</font_kind>อยู่นิดๆ ด้วย
09-0412	talk	Speaking of being wild... I forgot to forage for food. Literally, there's nothing in the fridge. Some host I am...	พูดถึงความดิบเถื่อนแล้ว... ผมลืมไปหาอาหารมาเลย ในตู้เย็นนี่ว่างเปล่าจริงๆ เจ้าบ้านแบบไหนเนี่ยผม...
09-0413	talk	Oh, that's okay...	อ้อ ไม่เป็นไรค่ะ...
09-0414	talk	Actually... I was thinking that maybe I could cook for you.	จริงๆ แล้ว... ฉันคิดว่าบางทีฉันน่าจะ ทำกับข้าวให้คุณกินก็ได้นะคะ
09-0415	talk	...Would you?	...จะทำให้จริงๆ เหรอ?
09-0416	talk	Sure. I can make you pretty much anything as long as I have the ingredients.	ได้สิคะ ทำได้เกือบทุกอย่างเลย ขอแค่มีวัตถุดิบพอ
09-0417	talk	Yeah? Well then I'll be right back!	งั้นเหรอ? งั้นรอเดี๋ยวนะ เดี๋ยวผมกลับมา!
09-0418	talk	Want me to go with you?	อยากให้ฉันไปด้วยไหมคะ?
09-0419	talk	(I can't help but feel a little bad about this...)	(อดรู้สึกผิดนิดๆ กับเรื่องนี้ไม่ได้เลย...)
09-0420	talk	You look worried, Yagami-san! Don't be, I enjoy this!	คุณดูกังวลนะคะ ยากามิซัง! ไม่ต้องหรอกค่ะ ฉันสนุกกับมันเองแหละ!
09-0421	talk	Ta-da! All done!	ตะแด่น! เสร็จแล้วค่ะ!
09-0422	talk	W-Whoa!	ว-โห!
09-0423	talk	It's my special curry, made with an extra dash of dashi to give it that unique Japanese flavor. Hope you like it!	นี่คือแกงกะหรี่สูตรพิเศษของฉันเองค่ะ ใส่ดาชิเพิ่มลงไปหน่อยเพื่อให้ มีรสชาติแบบญี่ปุ่นเฉพาะตัว หวังว่าจะชอบนะคะ!
09-0424	talk	You have no idea how much I appreciate this.	คุณไม่รู้หรอกว่าผมซาบซึ้งกับ สิ่งนี้ขนาดไหน
09-0425	talk	(Hmm... I bought so much random stuff... What all did she use to make this?)	(อืม... ผมซื้อของมาสารพัดอย่างเลย... เธอเอาอะไรมาทำเป็นจานนี้กันนะ?)
09-0426	talk	(I can tell she added mirin to the base. And this vegetable here... Is this daikon radish?)	(บอกได้เลยว่าเธอใส่มิรินลงในซอส พื้นฐาน แล้วผักตรงนี้... นี่หัวไชเท้ารึเปล่านะ?)
09-0427	talk	(Then there's the chicken. It's soft, it's moist, and full of natural curry spice flavor.)	(แล้วก็ไก่ตรงนี้อีก เนื้อนุ่ม ฉ่ำ แล้วก็อัดแน่นด้วยรสชาติ เครื่องแกงกะหรี่จากธรรมชาติ เต็มๆ)
09-0428	talk	(And normally, I'd think that curry and dashi would clash, but Sana-chan managed to give them an even balance.)	(ปกติแล้วผมคิดว่าแกงกะหรี่กับดา ชิน่าจะเข้ากันไม่ได้ แต่ซานะจังกลับทำให้ทั้งสอง รสชาติสมดุลกันพอดี)
09-0429	talk	(I gotta let her know how I feel about this dish.)	(ผมต้องบอกให้เธอรู้ว่าผมรู้สึก ยังไงกับจานนี้)
09-0430	talk	Mm-mm-mmm!	อืม-อืม-อืมม!
09-0431	talk	Is it... good?	อร่อย... ไหมคะ?
09-0432	talk	It's not just good—it's delicious!	ไม่ใช่แค่อร่อย—มันสุดยอดไปเลยล่ะ!
09-0433	talk	Oh yeah. It's mouth-watering. Mind-blowing. Life-changing, even!	ใช่เลย น้ำลายสอ สะเทือนใจ เปลี่ยนชีวิตเลยด้วยซ้ำ!
09-0434	talk	You... like it that much?	คุณ... ชอบมันขนาดนั้นเลยเหรอคะ?
09-0435	talk	No, I <font_kind=yakuza_italic>love</font_kind> it that much. Even the inventor of curry could probably learn a thing or two from you!	เปล่า ผม<font_kind=yakuza_italic>รักมัน</font_kind>ต่างหากล่ะ ต่อให้เป็นคนคิดค้นแกงกะหรี่ก็ ยังต้องขอเรียนรู้อะไร จากคุณสักเรื่องสองเรื่องเลยล่ะ!
09-0436	talk	Yay! I'm so glad you're enjoying it, Yagami-san!	เย่! ดีใจจังที่คุณชอบนะคะ ยากามิซัง!
09-0437	talk	Hey, this is pretty good. It's got a nice kick to it.	เฮ้ นี่มันอร่อยเลยนะ มีรสจี๊ดๆ ที่ลงตัวดี
09-0438	talk	Oh, thank goodness!	โอ้ โล่งอกไปทีค่ะ!
09-0439	talk	I tried to give it more of a traditional Japanese flavor, so I wasn't sure if you'd be into it or not.	ฉันพยายามใส่รสชาติแบบญี่ปุ่น ดั้งเดิมลงไปเยอะหน่อย เลยไม่แน่ใจว่าคุณจะชอบไหม
09-0440	talk	You did well. It's perfect in every way.	คุณทำได้ดีมาก มันสมบูรณ์แบบทุกอย่างเลย
09-0441	talk	Hehe, then I'm glad I made it!	ฮิฮิ งั้นดีใจจังที่ทำมันขึ้นมาค่ะ!
09-0442	talk	I can tell you put a lot of effort into this... And don't get me wrong, it is well-made and everything...	ผมรู้ว่าคุณตั้งใจทำจานนี้มากแค่ไหน... แล้วก็อย่าเข้าใจผมผิดนะ มันทำมาดีมากจริงๆ...
09-0443	talk	In fact, everyone you serve it to will probably eat it up and ask for seconds...	จริงๆ แล้วใครก็ตามที่ได้กินคงกินหมด จานแล้วขอเพิ่มแน่นอน...
09-0444	talk	...Except for me. I'm not really a big fan. It's more of a personal preference thing... Kinda hard to explain.	...ยกเว้นผม ผมไม่ค่อยชอบเท่าไหร่น่ะ มันเป็นเรื่องรสนิยมส่วนตัวมากกว่า... อธิบายยากอยู่เหมือนกัน
09-0445	talk	Oh... It's my recipe, isn't it? I thought you'd appreciate something a little different... but I guess not. Sorry.	อ้อ... เป็นเพราะสูตรของฉันใช่ไหมคะ? ฉันคิดว่าคุณคงจะชอบอะไรที่ แตกต่างออกไปหน่อย... แต่คงไม่ใช่แบบนั้นสินะ ขอโทษนะคะ
09-0446	talk	Well, I do appreciate you being adventurous. What with you being my guest and deciding to cook for me and all.	ก็ผมซาบซึ้งนะที่คุณกล้าลองอะไรใหม่ๆ ทั้งๆ ที่เป็นแขกแต่ยังตัดสินใจ ทำอาหารให้ผมกิน
09-0447	talk	You are good at cooking, I'll definitely give you that. Next time, maybe ask the other person's preferences first?	ฝีมือทำอาหารคุณดีจริงๆ นะ ต้องยอมรับเลย แต่ครั้งหน้าลองถามรสนิยมของอีก ฝ่ายก่อนดูไหม?
09-0448	talk	Mhm... *sniffle* Okay...	อืม... *สูดจมูก* โอเคค่ะ...
09-0449	talk	(Oh no. What did I just do? Did I just make a sweet girl who made her special curry for me... cry?)	(โอ้ไม่นะ ผมทำอะไรลงไป? ผมเพิ่งทำให้เด็กสาวใจดีที่ ตั้งใจทำแกงกะหรี่สูตรพิเศษให้ ผม... ร้องไห้เหรอเนี่ย?)
09-0450	talk	You know what? Forget what I said, I realize that came across as really rude. I'm thankful you gave me your best.	รู้อะไรไหม? ลืมที่ผมพูดไปซะเถอะ ผมรู้ตัวแล้วว่ามันฟังดูหยาบคายมาก ผมขอบคุณนะที่คุณทำเต็มที่ให้ผม ขนาดนี้
09-0451	talk	No, it's fine. I'm glad you're comfortable enough with me to share your honest feelings.	ไม่เป็นไรค่ะ ดีใจนะที่คุณสบายใจพอจะบอก ความรู้สึกจริงๆ กับฉัน
09-0452	talk	The mature thing to do is take it as a learning experience instead of getting frustrated. Which doesn't solve anything.	สิ่งที่ผู้ใหญ่ควรทำคือมองมัน เป็นบทเรียน แทนที่จะหงุดหงิดใส่กันซึ่งไม่ ช่วยแก้ปัญหาอะไรเลย
09-0453	talk	So... thanks for being straightforward with me, Yagami-san.	ก็เลย... ขอบคุณนะคะที่ตรงไปตรงมากับฉัน ยากามิซัง
09-0454	talk	(What a positive thing to say... With an attitude like that, she'll definitely go far in life.)	(พูดในแง่บวกได้ขนาดนี้... ด้วยทัศนคติแบบนี้ เธอต้องไปได้ไกลในชีวิตแน่ๆ)
09-0455	talk	Well, it's been a pretty relaxing day, but maybe we should call it for now?	วันนี้ก็ผ่อนคลายดีนะ แต่เราน่าจะพอแค่นี้ก่อนไหม?
09-0456	talk	Aww, already?	โธ่ เร็วขนาดนี้เลยเหรอ?
09-0457	talk	I can always stay longer... if you don't mind, of course.	ฉันอยู่ต่อได้เสมอนะ... ถ้าคุณไม่ว่าอะไรน่ะนะ
09-0458	talk	Isn't it exciting, talking until midnight?	มันตื่นเต้นดีออกที่ได้คุยกันจน ดึกดื่นแบบนี้ใช่ไหมล่ะ?
09-0459	talk	Then, do you want to stay the night?	งั้นเธอจะค้างคืนไหมล่ะ?
09-0460	talk	Am I supposed to sleep on the sofa?	หมายความว่าให้ฉันไปนอนโซฟางั้นเหรอ?
09-0461	talk	Ah. Point taken.	อา จุดนั้นก็มีเหตุผลอยู่
09-0462	talk	Well, I should probably be getting home as it is. Bummer.	เอาเป็นว่าฉันน่าจะกลับบ้านดีกว่า น่าเสียดายจัง
09-0463	talk	It does get kind of dangerous around here, especially after dark. You sure you'll be okay going back?	แถวนี้ค่อนข้างอันตรายนะ โดยเฉพาะตอนกลางคืน แน่ใจเหรอว่ากลับไปเองได้
09-0464	talk	Hey! I'm not a kid, you know!	นี่! ฉันไม่ใช่เด็กนะรู้ไหม!
09-0465	talk	Never said you were. But you're also not a trained fighter. Now come on, I'm walking you home.	ไม่ได้บอกว่าเป็นสักหน่อย แต่เธอก็ไม่ใช่นักสู้ที่ผ่านการ ฝึกมาเหมือนกัน เอาละมา ผมจะไปส่งเธอถึงบ้านเอง
09-0466	talk	Okaaay...	โอเคค่ะ...
09-0467	talk	By the way, Sana-chan. I just wanted to say how impressed I am with you. I bet you'll be a superstar in no time.	ว่าแต่ ซานะจัง ผมแค่อยากบอกว่าประทับใจเธอมากนะ เชื่อว่าอีกไม่นานเธอต้องดัง เป็นซูเปอร์สตาร์แน่ๆ
09-0468	talk	You really think so? Everything is happening so fast... like I'm living in a dream.	จริงเหรอคะ? ทุกอย่างมันเกิดขึ้นเร็วมากเลย... เหมือนฉันกำลังฝันอยู่
09-0469	talk	That may be, but it's the dream you've been striving for, isn't it? Besides, realization always comes after the fact.	อาจจะเป็นแบบนั้น แต่มันก็คือความฝันที่เธอพยายาม ไขว่คว้ามาตลอดไม่ใช่เหรอ แล้วก็อีกอย่าง คนเรามักรู้ตัวก็ต่อเมื่อมัน เกิดขึ้นแล้วเสมอ
09-0470	talk	After the fact...?	รู้ตัวก็ต่อเมื่อมันเกิดขึ้น แล้วเหรอคะ...?
09-0471	talk	Yeah. Once you realize how talented you are, that there's a reason you made it this far, it'll all fall into place.	ใช่ พอเธอรู้ตัวว่ามีพรสวรรค์แค่ไหน รู้ว่ามีเหตุผลที่ทำให้มาไกลถึง จุดนี้ได้ ทุกอย่างมันจะลงตัวไปเอง
09-0472	talk	Hehe. I sure hope so.	เฮะเฮะ หวังว่าจะเป็นแบบนั้นนะคะ
09-0473	talk	Whoa, it's Sana Mihama! The one that's got all that indie music on MaiTube!	โห นั่นซานะ มิฮามะนี่! คนที่มีเพลงอินดี้เต็มไปหมดใน MaiTube ไงล่ะ!
09-0474	talk	Oh, so it really <font_kind=yakuza_italic>is</font_kind> her!	โอ้ งั้นนี่<font_kind=yakuza_italic>ใช่</font_kind>ตัวจริงเธอจริงๆ ด้วย!
09-0475	talk	Wow... she's even prettier in person!	โห... ตัวจริงสวยกว่าในจอซะอีก!
09-0476	talk	Did you guys like my last song?	พวกเธอชอบเพลงล่าสุดของฉันไหมคะ?
09-0477	talk	We sure did! It was so good, we practically lost our minds when we heard it!	ชอบสิ! มันเพราะมากจนแทบเสียสติตอนได้ ฟังเลยล่ะ!
09-0478	talk	Quick, take a selfie with the both of us! This'll blow up on Chatter for sure!	เร็วเข้า ถ่ายเซลฟี่กับพวกเราสองคนหน่อยสิ! เดี๋ยวนี้ต้องดังใน Chatter แน่ๆ!
09-0479	talk	Hey, wait a second...	เดี๋ยวนะ เดี๋ยวก่อน...
09-0480	talk	Hey, hey! What do you little punks think you're doing?	เฮ้ เฮ้! พวกแกจะทำอะไรกันเนี่ย ไอ้เด็กเปรต!
09-0481	talk	Eep...	แอ๊ก...
09-0482	talk	Sana-chan's enjoying her private time right now, so quit bugging her! You hear me!?	ซานะจังกำลังใช้เวลาส่วนตัวอยู่ อย่ามากวนใจเธอสิวะ! ได้ยินไหม!?
09-0483	talk	I will stand by this man in Sana-chan's defense. The soul of the Songstress of Kamurocho requires peace and solitude!	จะยืนหยัดเคียงข้างชายผู้นี้ เพื่อปกป้องซานะจัง! จิตวิญญาณของ นักร้องสาวแห่งคามุโรโจต้องการ ความสงบและ ความเป็นส่วนตัว!
09-0484	talk	Y-Yikes...!	ห-โห้ย...!
09-0485	talk	Kitamura-san... and Ota-san. Thanks... I guess?	คิตามุระซัง... กับโอตะซัง ขอบคุณนะคะ... คิดว่านะ?
09-0486	talk	Heh, no problem! ...Wait, isn't this dude...?	เฮ่อ ไม่เป็นไรเลย! ...เดี๋ยวนะ ไอ้หมอนี่มันไม่ใช่...
09-0487	talk	Don't tell me... are you guys on a date? Wow, Sana-chan. There really is more to you than meets the eye.	อย่าบอกนะว่า... พวกนายกำลังเดตกันอยู่เหรอ? โห ซานะจัง เธอนี่มีอะไรมากกว่าที่ตาเห็นจริงๆ นะ
09-0488	talk	Oh, no, it's not like that. I only asked him to help me out with something.	โอ๊ะ เปล่าค่ะ ไม่ใช่แบบนั้นเลย ฉันแค่ขอให้เขาช่วยอะไรหน่อยเฉยๆ
09-0489	talk	Yeah, what she said. We were about to call it a day, anyway.	ใช่ อย่างที่เธอว่ามา พอดีพวกเราก็กำลังจะแยกย้ายกัน อยู่แล้วด้วย
09-0490	talk	Hmm... You know, Sana-chan, you are considered a star now. Some fans might get the wrong idea seeing you with a guy.	อืม... รู้ไหม ซานะจัง ตอนนี้เธอถือว่าเป็นดาราแล้วนะ แฟนคลับบางคนอาจเข้าใจผิดได้ถ้า เห็นเธออยู่กับผู้ชาย
09-0491	talk	Like what's-his-name, for instance. The guy who's one disappointment away from having a neurotic episode.	อย่างเช่นไอ้คนนั้นน่ะ ไอ้คนที่แค่ผิดหวังนิดเดียวก็จะ มีอาการทางประสาทเอาได้ง่ายๆ
09-0492	talk	You would be referring to Kabata, correct? Sana-chan's uncouth stalker?	หมายถึงคาบาตะใช่ไหม สตอล์กเกอร์สันดานหยาบของ ซานะจังน่ะเหรอ
09-0493	talk	Hold up. You mean that guy is <font_kind=yakuza_italic>stalking</font_kind> you?	เดี๋ยวนะ หมายความว่าไอ้หมอนั่น<font_kind=yakuza_italic>สะกดรอย</font_kind> เธออยู่งั้นเหรอ?
09-0494	talk	N-No, he's not a stalker. He's... a passionate fan, that's all...	เ-เปล่าค่ะ เขาไม่ใช่สตอล์กเกอร์หรอก เขาแค่... เป็นแฟนคลับที่ทุ่มเทมากเท่านั้นเอง...
09-0495	talk	You... haven't seen his Chatter, have you? The stuff he posts about you sounds way more pissed than passionate.	เธอ... ยังไม่เคยดู Chatter ของเขาสินะ สิ่งที่เขาโพสต์เกี่ยวกับเธอมัน ฟังดูโมโหยิ่งกว่าทุ่มเทซะอีก
09-0496	talk	Seriously, he was raving like a lunatic about how you were breaking the idol code... I think you best be careful.	พูดจริงนะ เขาเพ้อคลั่งเหมือนคนบ้าเรื่อง ที่เธอทำผิดจรรยาบรรณไอดอล... คิดว่าเธอควรระวังตัวไว้ให้ดี
09-0497	talk	Don't let it get to you, Sana-chan. If anything happens, you can always rely on me.	อย่าปล่อยให้เรื่องนี้กระทบใจนะ ซานะจัง ถ้ามีอะไรเกิดขึ้น เธอพึ่งผมได้เสมอ
09-0498	talk	Thanks for taking me out today, Yagami-san! I had a really great time!	ขอบคุณที่พาฉันออกมาเที่ยววันนี้ค่ะ ยากามิซัง! สนุกมากเลยจริงๆ!
09-0499	talk	Me too. Glad you enjoyed yourself.	ผมก็เหมือนกัน ดีใจที่เธอสนุกด้วยนะ
09-0500	talk	It's always, like, where did the time go?	เวลามันผ่านไปเร็วจังเลยเนอะ
09-0501	talk	Well, hope to see you soon.	แล้วเจอกันเร็วๆ นี้นะคะ
09-0502	talk	Today was pretty exhausting... or maybe it's just me?	วันนี้เหนื่อยเป็นพิเศษเลย... หรือว่าฉันคิดไปเองคนเดียวคะ?
09-0503	talk	Hmm, not sure...	อืม ไม่แน่ใจเหมือนกัน...
09-0504	talk	(Things didn't go so smooth today. I must have messed up somewhere...)	(วันนี้ทุกอย่างไม่ค่อยราบรื่นเท่าไหร่ ผมต้องพลาดอะไรไปสักอย่างแน่ๆ...)
09-0505	talk	(Didn't Sana-chan once say she wanted to see me in a suit?)	(ซานะจังเคยพูดไม่ใช่เหรอว่าอยาก เห็นผมใส่สูทสักครั้ง?)
09-0506	talk	(Now that I have one, I might as well wear it.)	(ในเมื่อตอนนี้มีอยู่แล้ว ก็น่าจะลองใส่ดูสักหน่อย)
09-0507	talk	Wow, Yagami-san! That's a really nice suit you have on! It... looks really good on you...	ว้าว ยากามิซัง! สูทที่ใส่อยู่นี่สวยมากเลยนะคะ! มัน... ดูดีกับคุณจริงๆ...
09-0508	talk	...And you are? Wait... Sana-chan? What's with the hair?	...แล้วคุณคือ? เดี๋ยวนะ... ซานะจังเหรอ? นี่มันทรงผมอะไรกันเนี่ย?
09-0509	talk	Hehe, it's a wig, silly. Now people won't notice it's me.	เฮะเฮะ นี่วิกผมน่ะสิ โง่จัง จะได้ไม่มีใครจำได้ว่าเป็นฉันไงล่ะ
09-0510	talk	Just like a real celebrity, huh? Having to go incognito...	เหมือนดาราตัวจริงเลยนะเนี่ย ต้องปลอมตัวขนาดนี้...
09-0511	talk	That was really fun, Yagami-san. You think we could... go back to your office?	วันนี้สนุกมากจริงๆ ค่ะ ยากามิซัง คิดว่าเราจะ... กลับไปที่ออฟฟิศคุณได้ไหมคะ?
09-0512	talk	Sure. Then you can finally take that wig off.	ได้สิ แล้วเธอจะได้ถอดวิกผมออกเสียที
09-0513	talk	For a moment, I really couldn't tell that was you. You give off a completely different vibe when you're blonde.	เมื่อกี้ผมแทบจำไม่ได้เลยว่าเป็นเธอ เธอให้ความรู้สึกที่ต่างไปเลย ตอนเป็นสีบลอนด์
09-0514	talk	Hehe. So which do you like better?	เฮะเฮะ แล้วชอบแบบไหนมากกว่ากันคะ?
09-0515	talk	Hmm. I prefer your usual hair.	อืม ผมชอบทรงผมปกติของเธอมากกว่า
09-0516	talk	So you're saying... I don't look good blonde?	หมายความว่า... ฉันไม่สวยตอนเป็นสีบลอนด์เหรอคะ?
09-0517	talk	No, that's not it at all. I just prefer a more natural look, I guess?	เปล่า ไม่ใช่แบบนั้นเลย ผมแค่ชอบลุคที่เป็นธรรมชาติมากกว่าน่ะ มั้ง?
09-0518	talk	So, you'd like a girl with straight hair in a bob and a low-key hair color?	งั้นก็คือ คุณชอบผู้หญิงผมตรงทรงบ๊อบ สีผมโทนเรียบๆ สินะคะ?
09-0519	talk	Well. Yeah, I guess so.	ก็... ใช่ น่าจะประมาณนั้น
09-0520	talk	Oooh... Good to know.	โอ้โห... ขอบคุณที่บอกนะคะ
09-0521	talk	Blonde looks way better.	สีบลอนด์ดูดีกว่าเยอะเลย
09-0522	talk	What!? Really? I never would've imagined.	อะไรนะ!? จริงเหรอคะ? ไม่เคยคิดเลยว่าจะเป็นแบบนั้น
09-0523	talk	Ever thought of changing up your image?	เคยคิดจะเปลี่ยนภาพลักษณ์บ้างไหม?
09-0524	talk	N-No, I never thought that was... necessary...	เ-เปล่าค่ะ ไม่เคยคิดว่ามันจำเป็น...
09-0525	talk	Unless, of course... you aren't a fan of my usual hair.	เว้นแต่ว่า... คุณอาจจะไม่ชอบทรงผมเดิมของฉันก็ได้
09-0526	talk	I mean, I wouldn't say I'm <font_kind=yakuza_italic>not</font_kind> a fan. Your normal hair color's cute.	ผมหมายถึง ผมไม่ได้จะบอกว่า<font_kind=yakuza_italic>ไม่ใช่</font_kind>แฟนคลับนะ สีผมปกติของเธอน่ารักออก
09-0527	talk	You're just saying that so you won't hurt my feelings, aren't you?	คุณพูดแบบนั้นเพื่อไม่ให้ฉัน เสียใจใช่ไหมล่ะ?
09-0528	talk	(Did I just piss her off? ...Yeah, I think I did.)	(ผมเพิ่งทำให้เธอโกรธไปหรือเปล่านะ ...เออ คิดว่าใช่)
09-0529	talk	You look good either way. While I am a fan of your regular hair, I also think going blonde is a nice change of pace.	เธอดูดีทั้งสองแบบเลยนะ ผมชอบทรงผมปกติของเธอก็จริง แต่ก็คิดว่าเป็นสีบลอนด์ก็ เปลี่ยนบรรยากาศไปได้ดี เหมือนกัน
09-0530	talk	Yup. Each style has its own unique charm, so it's hard to pick one over the other.	ใช่ แต่ละทรงก็มีเสน่ห์ของตัวเอง เลยเลือกไม่ถูกเลยว่าแบบไหนดีกว่ากัน
09-0531	talk	Hehe. You picked the right answer, Yagami-san. ❤	เฮะเฮะ ยากามิซังตอบถูกใจฉันจริงๆ นะ
09-0532	talk	So how's the industry been treating you these days?	ช่วงนี้วงการเป็นยังไงบ้าง?
09-0533	talk	Well, I'm a lot more used to the spotlight than before. The only thing that worries me is one of my agency's policies...	ก็... ฉันเริ่มชินกับการอยู่ในสปอต ไลต์มากกว่าเมื่อก่อนแล้วล่ะค่ะ สิ่งเดียวที่กังวลคือกฎข้อหนึ่ง ของต้นสังกัด...
09-0534	talk	What kind of policy?	กฎแบบไหนเหรอ?
09-0535	talk	Well, since they place a high priority on marketing their talent as young and romantically available...	ก็... เพราะพวกเขาให้ความสำคัญกับการ ทำตลาดศิลปินในภาพลักษณ์ วัยรุ่นและยังโสดเป็นหลัก...
09-0536	talk	There's a no-dating policy until you're 27 years old.	ก็เลยมีกฎห้ามคบใครจนกว่าจะอายุ 27 ปีค่ะ
09-0537	talk	...So that's what's been bugging you.	...อ๋อ นี่แหละที่ทำให้เธอกังวลมาตลอด
09-0538	talk	That is a problem indeed.	นั่นสินะ เป็นปัญหาจริงๆ
09-0539	talk	Um. How is that a problem... for you?	อืม แล้วมันเป็นปัญหายังไงกับคุณคะ...?
09-0540	talk	Well... it just is.	ก็... มันเป็นปัญหาน่ะสิ
09-0541	talk	...May I ask why?	...ขอถามได้ไหมคะว่าทำไม?
09-0542	talk	Hmm. I wonder.	อืม ก็ไม่รู้เหมือนกัน
09-0543	talk	Hey, are you messing with me, or what?	นี่ คุณกำลังแกล้งฉันเล่นอยู่ หรือเปล่าเนี่ย?
09-0544	talk	Haha. Maybe.	ฮ่าฮ่า ก็อาจจะ
09-0545	talk	Not much you can do to change company policy, though.	แต่ก็ไม่มีอะไรที่เธอทำได้เพื่อ เปลี่ยนกฎบริษัทหรอกนะ
09-0546	talk	...I know. I'd be fighting a losing battle.	...รู้ค่ะ มันคงเป็นการต่อสู้ที่แพ้ตั้งแต่ต้น
09-0547	talk	But still. Robbing a girl of romance at such a critical time in her life... That's a cold-blooded thing to do.	แต่ถึงอย่างนั้นก็เถอะ การพรากความรักไปจากผู้หญิงคน หนึ่งในช่วงเวลาสำคัญของ ชีวิตแบบนี้... มันเป็นเรื่องที่ใจร้ายมากเลยนะ
09-0548	talk	Well, it's not like I didn't see it coming. I've always been ready to give up my personal life for my singing career.	ก็ไม่ใช่ว่าฉันไม่รู้ตัวมาก่อนหรอกค่ะ ฉันพร้อมจะสละชีวิตส่วนตัวเพื่อ อาชีพนักร้องมาตลอดอยู่แล้ว
09-0549	talk	...Or at least that's what I used to think. These days, I'm not so sure.	...หรืออย่างน้อยก็เคยคิดแบบนั้น แต่ช่วงนี้ฉันเริ่มไม่แน่ใจแล้วล่ะ
09-0550	talk	Maybe you just need to take some time out and reflect. You've had so much to deal with ever since your debut.	บางทีเธออาจแค่ต้องการเวลาพัก และทบทวนตัวเองบ้างนะ เธอต้องรับมือกับหลายอย่างมาก ตั้งแต่เดบิวต์มา
09-0551	talk	That's true... but there's also another reason.	จริงค่ะ... แต่ก็ยังมีอีกเหตุผลหนึ่งด้วย
09-0552	talk	...You promise you won't laugh?	...สัญญานะคะว่าจะไม่หัวเราะ?
09-0553	talk	Cross my heart.	สาบานเลย
09-0554	talk	Okay. I don't remember if I told you this, but...	โอเคค่ะ ไม่รู้ว่าเคยบอกไปหรือยัง แต่...
09-0555	talk	There's actually someone I like.	จริงๆ แล้วมีคนที่ฉันชอบอยู่ค่ะ
09-0556	talk	Oh... So when you were writing the lyrics to your love song, they were referring to someone real?	อ้อ... งั้นตอนที่เธอแต่งเนื้อเพลงรัก เพลงนั้น มันหมายถึงคนที่มีตัวตนจริงๆ สินะ?
09-0557	talk	Y-Yeah...	อ-ใช่ค่ะ...
09-0558	talk	Thanks to him, I can finally put my feelings into words without worrying about it sounding fake.	เพราะเขานี่แหละค่ะ ฉันถึงถ่ายทอดความรู้สึกออกมา เป็นคำพูดได้โดยไม่ต้อง กังวลว่ามันจะฟังดูปลอมๆ
09-0559	talk	But if I have to let him go, then I'm afraid I won't be able to write from my heart...	แต่ถ้าฉันต้องปล่อยเขาไป ฉันกลัวว่าจะเขียนเพลงจากใจ ไม่ได้อีกแล้ว...
09-0560	talk	After all, love is what powers my music.	ยังไงก็ตาม ความรักคือพลังที่ขับเคลื่อน ดนตรีของฉันค่ะ
09-0561	talk	Hmm... about that guy you're into...	อืม... เรื่องผู้ชายที่เธอชอบน่ะ...
09-0562	talk	Yes? What about him?	คะ? เขาเป็นยังไงเหรอคะ?
09-0563	talk	What's he like?	เขาเป็นคนยังไง?
09-0564	talk	He's, uh... that would be... a very good question!	เขาน่ะเหรอ เอ่อ... นั่นสิ... เป็นคำถามที่ดีมากเลยล่ะค่ะ!
09-0565	talk	(...Well that was a spectacular failure.)	(...พูดได้ว่าล้มเหลวไม่เป็นท่าเลยจริงๆ)
09-0566	talk	(Maybe I'll ask her some other time.)	(เอาไว้ถามเธออีกทีตอนอื่นดีกว่า)
09-0567	talk	Sana-chan, about that guy you like...	ซานะจัง เรื่องผู้ชายที่เธอชอบน่ะ...
09-0568	talk	Wh-What about him?	ห-อะไรเกี่ยวกับเขาคะ?
09-0569	talk	I think I might know who he is. Or at least I have an idea.	ผมว่าผมอาจจะรู้ว่าเขาเป็นใคร หรืออย่างน้อยก็พอเดาออก
09-0570	talk	Of course. Detectives have an eye for this sort of thing.	แน่นอนอยู่แล้ว นักสืบต้องมีสายตาไวกับเรื่องแบบนี้
09-0571	talk	But if you felt like giving me a clue to work with... I certainly wouldn't mind. Not that I need one or anything.	แต่ถ้าเธออยากให้เบาะแสอะไร สักหน่อยละก็... ผมก็ไม่ว่าอะไรนะ ไม่ใช่ว่าผมจำเป็นต้องมีหรอกนะ
09-0572	talk	Hehe, not very subtle, are you? I suppose I could drop you a hint. Out of charity.	เฮะเฮะ ไม่ค่อยแนบเนียนเลยนะคะเนี่ย งั้นก็อาจจะให้คำใบ้สักนิดก็ได้ ถือว่าใจดีให้แล้วกัน
09-0573	talk	You're the best.	เธอนี่สุดยอดจริงๆ
09-0574	talk	Okay then. So... the man who captured my heart...	โอเคค่ะ งั้น... ผู้ชายที่ครองใจฉันไปคนนี้...
09-0575	talk	What about him?	เขาเป็นยังไง?
09-0576	talk	He's kind. Dependable. Someone you can count on to make you laugh or smile, even when you're having the worst day ever.	เขาใจดีค่ะ เชื่อใจได้ เป็นคนที่คุณพึ่งพาได้เสมอ ทำให้คุณหัวเราะหรือยิ้มได้แม้ ในวันที่แย่ที่สุด
09-0577	talk	That's why I like spending time with him. In fact, it seems like we never have enough, since it always goes by so fast.	นั่นแหละค่ะที่ทำให้ฉันชอบ ใช้เวลากับเขา จริงๆ แล้วรู้สึกเหมือนมีเวลาไม่เคยพอ เลยด้วยซ้ำ เพราะมันผ่านไปเร็วเสมอ
09-0578	talk	And whenever we're together, I find myself wishing our day would never end... As unrealistic as that sounds.	แล้วทุกครั้งที่อยู่ด้วยกัน ฉันก็อดคิดไม่ได้ว่าอยากให้ วันนั้นไม่มีวันจบลง... ถึงจะรู้ว่ามันเพ้อฝันไปหน่อยก็เถอะ
09-0579	talk	...Damn. Sounds like one incredible guy. Do I know him?	...บ้าเอ๊ย ฟังดูเป็นผู้ชายที่เจ๋งมากเลยนะ ผมรู้จักเขาไหม?
09-0580	talk	That's all you get, Yagami-san. Hehe.	แค่นั้นแหละค่ะที่จะได้รู้ ยากามิซัง เฮะเฮะ
09-0581	talk	(So much for inductive reasoning. I didn't learn a thing.)	(สรุปว่าการใช้เหตุผลแบบอุปนัย ของผมไม่ได้ผลเลยสักนิด)
09-0582	talk	Wow. That was pretty direct.	โห นั่นตรงมากเลยนะเนี่ย
09-0583	talk	Did you really think you'd get an answer out of me that way?	คิดจริงๆ เหรอคะว่าจะได้คำตอบจากฉันด้วย วิธีนั้น?
09-0584	talk	(Dang. So going at this directly isn't going to work.)	(บ้าเอ๊ย งั้นวิธีถามตรงๆ ก็ใช้ไม่ได้ผลสินะ)
09-0585	talk	I appreciate you letting me come over like this, Yagami-san.	ขอบคุณนะคะที่ให้ฉันมาที่นี่แบบนี้ ยากามิซัง
09-0586	talk	Any time. Feel free to drop by whenever you need to unwind. Think of it as... your own private sanctuary, of sorts.	เมื่อไหร่ก็ได้เลย แวะมาได้ทุกครั้งที่อยากพักผ่อนนะ คิดซะว่าที่นี่เป็น... ที่พักใจส่วนตัวของเธอก็แล้วกัน
09-0587	talk	But wouldn't that conflict with your work?	แต่แบบนี้จะไม่ขัดกับงานของคุณเหรอคะ?
09-0588	talk	Hey, I could always use a new assistant.	ผมใช้ผู้ช่วยคนใหม่ได้เสมออยู่แล้ว
09-0589	talk	Oh yeah? Then how much will you pay?	อ๋อเหรอคะ? งั้นจะจ่ายเท่าไหร่ล่ะ?
09-0590	talk	I... uh... I'll get back to you on that.	ผม... เอ่อ... เดี๋ยวผมจะแจ้งให้ทราบอีกทีนะ
09-0591	talk	I had a lot of fun today, Yagami-san! Time just flew right by, didn't it?	วันนี้สนุกมากเลยค่ะ ยากามิซัง! เวลาผ่านไปเร็วจริงๆ เนอะ?
09-0592	talk	Sure did. Let's hang out again soon?	ใช่เลย ไปเที่ยวด้วยกันอีกเร็วๆ นี้ไหม?
09-0593	talk	Definitely! I'll keep you updated!	ได้เลยค่ะ! เดี๋ยวจะแจ้งให้รู้นะคะ!
09-0594	talk	Thanks for taking me out, Yagami-san.	ขอบคุณที่พาฉันออกมาเที่ยวนะคะ ยากามิซัง
09-0595	talk	Sorry if I wasn't speaking up much today.	ขอโทษด้วยนะคะที่วันนี้ไม่ค่อย พูดอะไรเลย
09-0596	talk	N-No, that's my bad.	เ-เปล่า เป็นความผิดของผมเองต่างหาก
09-0597	talk	(Something was definitely off today...)	(วันนี้มีบางอย่างผิดปกติแน่ๆ...)
09-0598	talk	Well, see you later.	แล้วเจอกันนะคะ
09-0599	talk	Sorry to keep you waiting.	ขอโทษที่ให้รอนาน
09-0600	talk	By the way, Sana-chan. You said you wanted to talk about something?	ว่าแต่ ซานะจัง เธอบอกว่าอยากคุยเรื่องอะไร บางอย่างใช่ไหม?
09-0601	talk	I do, but...	ใช่ค่ะ แต่ว่า...
09-0602	talk	Why don't we go out and have a little fun first? I need to clear my head for a bit.	ไปเที่ยวเล่นกันก่อนดีไหมคะ อยากให้หัวโล่งๆ สักหน่อย
09-0603	talk	That can be arranged. Now where should we head off to...	จัดให้ได้เลย เอาล่ะ ทีนี้จะไปไหนกันดี...
09-0604	talk	Now Sana-chan, before we get started on our talk...	เอาล่ะ ซานะจัง ก่อนที่เราจะเริ่มคุยกัน...
09-0605	talk	Why don't we head on over to my place first? That way the public won't be all up in our business.	ไปที่บ้านผมก่อนดีไหม จะได้ไม่มีคนภายนอกมายุ่งเรื่องของเรา
09-0606	talk	Sure. I'll take you up on that.	ได้ค่ะ ขอรับข้อเสนอนั้นเลยแล้วกัน
09-0607	talk	(All right. Let's hear what Sana-chan has to say.)	(เอาล่ะ มาฟังกันดีกว่าว่าซานะจังจะพูดอะไร)
09-0608	talk	So, what's been on your mind?	แล้วมีอะไรอยู่ในใจเหรอ?
09-0609	talk	My talent agency recently received a photo...	ต้นสังกัดของฉันเพิ่งได้รับ รูปถ่ายมาค่ะ...
09-0610	talk	Of us. Taken right in front of your office.	รูปของเราสองคน ถ่ายตรงหน้าออฟฟิศคุณเลย
09-0611	talk	What...!? Why would anyone do that...?	อะไรนะ!? ทำไมถึงมีใครทำแบบนั้น...?
09-0612	talk	I have no idea. The sender didn't leave a name.	ไม่รู้เหมือนกันค่ะ คนส่งไม่ทิ้งชื่อไว้เลย
09-0613	talk	What they did leave was a letter. Basically trying to prove I was violating the no-dating policy... with you.	สิ่งที่เขาทิ้งไว้คือจดหมาย พยายามจะพิสูจน์ว่าฉันฝ่าฝืนกฎ ห้ามคบใคร... กับคุณค่ะ
09-0614	talk	Damn... I can't believe I let this happen. Whoever did this must be seriously messed up in the head.	บ้าเอ๊ย... ไม่อยากเชื่อเลยว่าจะปล่อยให้ เรื่องนี้เกิดขึ้น คนที่ทำแบบนี้ต้องมีปัญหาในหัวแน่ๆ
09-0615	talk	I know... My manager nearly lost it...	รู้ค่ะ... ผู้จัดการของฉันเกือบเสียสติไปเลย...
09-0616	talk	Told me if I really wanted to be a professional, I'd have to stop engaging in "unprofessional relationships."	บอกว่าถ้าฉันอยากเป็นมืออาชีพจริงๆ ก็ต้องเลิก "มีความสัมพันธ์ที่ไม่เหมาะสม" ซะ
09-0617	talk	In other words, stop seeing me. Right?	พูดง่ายๆ ก็คือให้เลิกคบกับผมใช่ไหม?
09-0618	talk	...That would seem to be the case.	...ก็ดูเหมือนจะเป็นแบบนั้นค่ะ
09-0619	talk	Then... maybe we shouldn't meet up like this anymore.	งั้น... บางทีเราอาจไม่ควรมาเจอกัน แบบนี้อีกแล้วมั้ง
09-0620	talk	What!? But then, what would I...?	อะไรนะ!? แล้วฉันจะ...?
09-0621	talk	It'll only cause more problems for you, Sana-chan.	มันจะยิ่งสร้างปัญหาให้เธอมากขึ้น ซานะจัง
09-0622	talk	That's not true! And besides, it isn't even your fault...!	ไม่จริงเลยค่ะ! แล้วมันก็ไม่ใช่ความผิดของคุณด้วยซ้ำ...!
09-0623	talk	Hmm... That puts me in a really tough position. I don't want to put your job in any more danger...	อืม... นั่นทำให้ผมอยู่ในสถานะที่ลำบาก มากเลยนะ ผมไม่อยากให้งานของเธอ ตกอยู่ในอันตรายมากไปกว่านี้...
09-0624	talk	I can't stand the idea of not being able to see you anymore. Especially because of some dumb rule.	ผมทนความคิดที่จะไม่ได้เจอเธอ อีกไม่ได้เลย โดยเฉพาะเพราะกฎโง่ๆ แบบนี้
09-0625	talk	I know what you mean.	เข้าใจความรู้สึกนั้นดีค่ะ
09-0626	talk	But, your manager already got tipped off by someone with a stick up their ass. So I'd rather not escalate things.	แต่ว่าผู้จัดการของเธอก็โดนใคร สักคนที่ช่างยุ่งเรื่อง ชาวบ้านแจ้งเบาะแสไปแล้ว เพราะงั้นผมไม่อยากให้เรื่องมัน บานปลายไปกว่านี้
09-0627	talk	Okay, so... What should we do?	โอเค งั้น... เราควรทำยังไงดีคะ?
09-0628	talk	Well, we should at least be careful for the time being to avoid any further misunderstandings.	อย่างน้อยเราก็ควรระมัดระวังกัน ไว้ก่อน เพื่อไม่ให้เกิดความเข้าใจผิด มากไปกว่านี้
09-0629	talk	If anything, you could keep on wearing that wig of yours and we can meet up undercover.	ถ้างั้นเธอก็ใส่วิกผมที่มีอยู่ ต่อไปได้ แล้วเราแอบมาเจอกันแบบลับๆ ก็ได้
09-0630	talk	It's a shame your fans seem to have the wrong idea about us... But now that I mention it... What are we, anyway?	น่าเสียดายที่แฟนคลับของเธอ เข้าใจเราผิดแบบนี้... แต่พอพูดถึงเรื่องนี้แล้ว... จริงๆ แล้วเราเป็นอะไรกันแน่นะ?
09-0631	talk	You mean... our relationship?	หมายถึง... ความสัมพันธ์ของเราเหรอคะ?
09-0632	talk	Gosh. It's difficult to put into words.	แหม มันอธิบายเป็นคำพูดยากจังเลยค่ะ
09-0633	talk	(It's hard to get a straight answer out of this girl sometimes... Maybe I'm the one who needs to clear it up.)	(บางทีมันก็ยากที่จะได้คำตอบตรงๆ จากผู้หญิงคนนี้เนอะ... บางทีผมเองนี่แหละที่ต้องทำให้ มันชัดเจน)
09-0634	talk	I know we barely just met... yet it feels like I've known you for a really long time.	ผมรู้ว่าเราเพิ่งรู้จักกันได้ไม่นาน... แต่มันรู้สึกเหมือนรู้จักเธอมา นานมากแล้ว
09-0635	talk	Now that you mention it, I feel the same way. We've been hanging out together for a while now.	พอพูดแบบนั้นแล้ว ฉันก็รู้สึกเหมือนกันเลยค่ะ เราใช้เวลาด้วยกันมาสักพักแล้วนะ
09-0636	talk	And even though we're 15 years apart, I hardly even notice most of the time. Heh... What a couple of oddballs we are.	แล้วถึงเราจะห่างกันตั้ง 15 ปี ผมก็แทบไม่รู้สึกถึงมันเลย สักครั้งเดียว เฮ่อ... เราสองคนนี่ก็ตัวประหลาดพอกันนะ
09-0637	talk	Haha. That's true...	ฮ่าฮ่า จริงด้วยค่ะ...
09-0638	talk	Sana-chan, do you consider me... a friend?	ซานะจัง เธอมองผมเป็น... เพื่อนหรือเปล่า?
09-0639	talk	Well... of course I consider you a friend... But you're also more than just that.	ก็... แน่นอนว่ามองเป็นเพื่อนสิคะ... แต่คุณก็เป็นมากกว่านั้นด้วย
09-0640	talk	I respect you, Yagami-san. You're a man that I can rely on.	ฉันเคารพคุณนะคะ ยากามิซัง คุณเป็นผู้ชายที่ฉันพึ่งพาได้
09-0641	talk	...Is that all?	...แค่นั้นเองเหรอ?
09-0642	talk	I wasn't done, you know! Why did you have to go and say that...?	ยังไม่ทันพูดจบเลยนะ! ทำไมต้องพูดแบบนั้นตัดหน้าด้วย...?
09-0643	talk	Sorry. That kind of slipped out on its own.	ขอโทษที มันหลุดออกมาเองน่ะ
09-0644	talk	Then... what am I to you?	งั้น... ฉันเป็นอะไรสำหรับคุณคะ?
09-0645	talk	I would say... a friend.	ผมว่า... ก็เป็นเพื่อนนะ
09-0646	talk	A friend and nothing more?	แค่เพื่อนเฉยๆ เหรอคะ?
09-0647	talk	Oh... Okay...	โอ้... ค่ะ...
09-0648	talk	I think of you as more than just a friend. You're someone\nspecial to me.	ผมมองเธอมากกว่าแค่เพื่อนนะ เธอเป็นคนพิเศษ\nสำหรับผม
09-0649	talk	Someone special...?	คนพิเศษ...เหรอคะ?
09-0650	talk	Yeah. Are you okay with that?	ใช่ เธอโอเคกับเรื่องนั้นไหม?
09-0651	talk	Of course! In fact... that makes me very happy.	แน่นอนค่ะ! ที่จริงแล้ว... มันทำให้ฉันมีความสุขมากเลย
09-0652	talk	...Because you're special to me as well.	...เพราะคุณก็เป็นคนพิเศษสำหรับฉัน เหมือนกันค่ะ
09-0653	talk	Okay, now I'm getting a little embarrassed.	โอเค ตอนนี้เริ่มเขินแล้วนะเนี่ย
09-0654	talk	I'm not sure I know the answer myself.	ผมเองก็ไม่แน่ใจเหมือนกันว่า คำตอบคืออะไร
09-0655	talk	Hey, that's not fair. You made me answer.	นี่ ไม่แฟร์เลยนะ คุณทำให้ฉันต้องตอบก่อนแท้ๆ
09-0656	talk	Hahaha. So I did.	ฮ่าฮ่าฮ่า ก็จริงด้วยสินะ
09-0657	talk	So I heard you released a new CD. Has it reached triple platinum already?	ได้ยินว่าเธอออกซีดีใหม่มา ยอดขายทะลุทริปเปิลแพลตินัมแล้ว หรือยัง?
09-0658	talk	Haha, I wish. Unfortunately it's not even close.	ฮ่าฮ่า อยากให้เป็นแบบนั้นจังค่ะ แต่ยังห่างไกลอยู่เลย
09-0659	talk	I'm just glad we didn't run into any issues getting it out there.	แค่ดีใจที่ไม่มีปัญหาอะไรตอน ปล่อยเพลงออกไปก็พอแล้วค่ะ
09-0660	talk	It also seems like more and more people are getting into my music, aside from my regular fans. So that's always a plus.	แล้วก็ดูเหมือนจะมีคนสนใจเพลง ของฉันมากขึ้นเรื่อยๆ นอกเหนือจากแฟนเพลงประจำด้วย ถือว่าเป็นเรื่องดีเสมอค่ะ
09-0661	talk	What about the new song we were talking about before? Is that on there too?	แล้วเพลงใหม่ที่เคยคุยกันไว้ล่ะ อยู่ในนั้นด้วยไหม?
09-0662	talk	No, but it's almost done.	ยังไม่ค่ะ แต่ใกล้เสร็จแล้ว
09-0663	talk	Sounds like everything's going pretty well for you, at least in this area. Yet somehow... you still seem troubled.	ฟังดูเหมือนทุกอย่างไปได้สวยเลยนะ อย่างน้อยก็ในเรื่องนี้ แต่ทำไมเธอถึงยังดูกังวลอยู่แบบนี้ล่ะ
09-0664	talk	Mm. Now that you mention it, I kind of am. There's still a lot on my mind.	อืม พอพูดแบบนั้นแล้วก็จริงค่ะ ยังมีเรื่องคาใจอีกเยอะเลย
09-0665	talk	I'm amazed you can still compose great music despite that.	แปลกใจนะที่เธอยังแต่งเพลงเพราะๆ ออกมาได้ทั้งที่เป็นแบบนั้น
09-0666	talk	That's actually what's motivating me right now. When I think about my worries and fears, it flows right into my songs.	จริงๆ แล้วนั่นแหละค่ะที่เป็น แรงผลักดันตอนนี้ พอคิดถึงความกังวลและความกลัว ของตัวเอง มันก็ไหลลงไปในเพลงพอดี
09-0667	talk	It's like you're channeling it straight from your heart. That's some talent you've got there...	เหมือนเธอถ่ายทอดมันออกมาจากใจตรงๆ เลยนะ นั่นแหละพรสวรรค์ที่เธอมี...
09-0668	talk	...Yagami-san. Do you remember when I said there was someone I wanted to be with?	...ยากามิซังคะ จำได้ไหมคะที่ฉันเคยบอกว่ามีคน ที่อยากอยู่ด้วย?
09-0669	talk	It's getting to the point where I can't hold back my feelings, no matter what the agency says.	มันเริ่มถึงจุดที่ฉันเก็บ ความรู้สึกไว้ไม่ไหวแล้วค่ะ ไม่ว่าต้นสังกัดจะว่ายังไงก็ตาม
09-0670	talk	Not too long ago, you said that love was the power behind your music, right? Then I think you shouldn't hold back.	เมื่อไม่นานมานี้เธอบอกว่า ความรักคือพลังที่อยู่ เบื้องหลังดนตรีของเธอไม่ใช่เหรอ งั้นผมว่าเธอไม่ควรเก็บมันไว้
09-0671	talk	Wouldn't your agency only stand to lose if their policy impacted the quality of your work?	ต้นสังกัดของเธอจะไม่ยิ่งเสีย ประโยชน์เหรอ ถ้ากฎของพวกเขาไปกระทบคุณภาพ ผลงานของเธอ
09-0672	talk	...Perhaps you're right.	...บางทีคุณอาจพูดถูกก็ได้ค่ะ
09-0673	talk	The responsible thing to do would be to suck it up and follow company policy. You're an adult now.	สิ่งที่ควรทำในฐานะผู้ใหญ่ก็คือ กล้ำกลืนแล้วทำตามกฎบริษัทไป เธอโตเป็นผู้ใหญ่แล้วนะ
09-0674	talk	But, if love is what truly inspires you, then following that rule might end up hurting you more in the long run.	แต่ถ้าความรักคือสิ่งที่สร้าง แรงบันดาลใจให้เธอจริงๆ การทำตามกฎนั้นสุดท้ายอาจทำร้าย เธอมากกว่าเดิมในระยะยาว
09-0675	talk	Besides, wouldn't the agency only stand to lose if their policy impacted the quality of your work?	อีกอย่าง ต้นสังกัดจะไม่ยิ่งเสียประโยชน์เหรอ ถ้ากฎของพวกเขาไปกระทบคุณภาพผลงานเธอ
09-0676	talk	...Yeah. You're absolutely right.	...ค่ะ คุณพูดถูกจริงๆ
09-0677	talk	Ultimately, you should do what you feel is right for you. And I'll support you either way.	สุดท้ายแล้ว เธอควรทำในสิ่งที่รู้สึกว่า ถูกต้องสำหรับตัวเอง แล้วผมจะสนับสนุนเธอไม่ว่าจะ เลือกทางไหน
09-0678	talk	Then what should I do? I doubt they'd bend the rules just for me.	งั้นฉันควรทำยังไงดีคะ? ไม่คิดว่าพวกเขาจะยอมงอกฎให้แค่ เพราะฉันคนเดียวหรอก
09-0679	talk	You won't know until you try. Why not talk it over with your manager?	จะไม่รู้จนกว่าจะได้ลอง ทำไมไม่ลองคุยกับผู้จัดการของเธอดูล่ะ?
09-0680	talk	Easier said than done. I wouldn't even know where to begin...	พูดง่ายแต่ทำยากค่ะ ไม่รู้จะเริ่มยังไงเลย...
09-0681	talk	Why don't you start with that song you wrote? Won't that prove what's really important to you?	ทำไมไม่เริ่มจากเพลงที่เธอเขียนไว้ล่ะ นั่นไม่ใช่หลักฐานที่ดีที่สุด ว่าอะไรสำคัญกับเธอจริงๆ เหรอ?
09-0682	talk	My song?	เพลงของฉันเหรอคะ?
09-0683	talk	Talking isn't the only way to persuade a person. Why not start by showing him your song?	การพูดไม่ใช่วิธีเดียวที่จะ โน้มน้าวคนได้ ทำไมไม่เริ่มจากให้เขาฟังเพลง ของเธอล่ะ?
09-0684	talk	Yeah. Aren't you writing a song that describes this exact situation?	ใช่ เธอกำลังแต่งเพลงที่บรรยาย สถานการณ์นี้เป๊ะๆ ไม่ใช่เหรอ?
09-0685	talk	It's about all your worries and fears regarding love, right? Why not have him listen to that?	มันพูดถึงความกังวลและความกลัว เรื่องความรักของเธอ ทั้งหมดใช่ไหม ทำไมไม่ให้เขาฟังดูล่ะ?
09-0686	talk	Your music has the power to move people's hearts. Just look at all your fans... maybe it'll work on your manager too.	เพลงของเธอมีพลังที่จะสะกดใจคนได้นะ ลองดูแฟนเพลงทั้งหมดของเธอสิ... บางทีมันอาจได้ผลกับผู้จัดการ ของเธอด้วยก็ได้
09-0687	talk	You think so...?	คิดงั้นเหรอคะ...?
09-0688	talk	I do. But you should take some time to figure it out for yourself. Doesn't have to be right away.	ผมคิดแบบนั้นนะ แต่เธอควรใช้เวลาค่อยๆ คิดทบทวนด้วยตัวเองก่อน ไม่จำเป็นต้องรีบตอนนี้ก็ได้
09-0689	talk	Okay. Thanks for listening, Yagami-san.	โอเคค่ะ ขอบคุณที่รับฟังนะคะ ยากามิซัง
09-0690	talk	Thank you for the coffee.	ขอบคุณสำหรับกาแฟค่ะ
09-0691	talk	Should I rinse the cup?	ล้างแก้วให้ไหมคะ?
09-0692	talk	Nah, just leave it in the sink.	ไม่เป็นไร วางไว้ในอ่างก็พอ
09-0693	talk	Got it. Oh, and I noticed you still have some leftover ingredients for curry.	รับทราบค่ะ อ้อ แล้วก็สังเกตเห็นว่ายังมี วัตถุดิบแกงกะหรี่เหลืออยู่ด้วย นะคะ
09-0694	talk	If you're hungry, I can always make you some more.	ถ้าคุณหิว ฉันทำเพิ่มให้ได้เสมอนะคะ
09-0695	talk	Would you like that?	อยากกินไหมคะ?
09-0696	talk	I would love it. As long as it's not too much trouble.	อยากกินสิ ถ้าไม่ลำบากเธอเกินไปนะ
09-0697	talk	Not at all! You just leave the cooking to me.	ไม่ลำบากเลยค่ะ! คุณแค่ปล่อยให้เป็นหน้าที่ของฉันก็พอ
09-0698	talk	...Hm? Ah, I'm all out of mirin.	...หืม? อ้าว หมดมิรินพอดีเลย
09-0699	talk	Should I go out and get some?	ให้ผมออกไปซื้อให้ไหม?
09-0700	talk	You stay seated, mister.	คุณนั่งอยู่เฉยๆ เถอะค่ะ
09-0701	talk	This is my way of showing you my appreciation for all the times you've helped me. So sit back and relax.	นี่คือวิธีที่ฉันจะแสดงความ ขอบคุณสำหรับทุกครั้งที่คุณ ช่วยฉันมา เพราะงั้นนั่งพักผ่อนไปเลยค่ะ
09-0702	talk	Hey, you won't hear me complaining. I could use a break.	เฮ้ จะให้บ่นก็ไม่บ่นหรอกนะ ผมเองก็อยากพักอยู่พอดี
09-0703	talk	Good, then I'll be heading to the convenience store. Be back in a little bit!	ดีค่ะ งั้นฉันจะไปที่ร้านสะดวกซื้อก่อนนะคะ เดี๋ยวกลับมา!
09-0704	talk	(It's getting kind of late... what could be taking her so long? Guess it couldn't hurt to check.)	(ดึกขนาดนี้แล้ว... อะไรทำให้เธอกลับมาช้าขนาดนี้นะ ไปดูสักหน่อยก็คงไม่เสียหายอะไร)
09-0705	talk	Tell me. Who's that guy you keep hanging around with? Your boyfriend? Your date? Friends with benefits? Which is it?	บอกมาสิ ผู้ชายที่แกคบหาอยู่คนนั้นคือใคร แฟนหนุ่มเหรอ? คู่เดตเหรอ? หรือแค่เพื่อนที่มีอะไรกันด้วยล่ะ?
09-0706	talk	It's nothing like that! Now would you mind leaving me alone? I have something important to do!	ไม่ใช่แบบนั้นเลยค่ะ! ตอนนี้ช่วยปล่อยฉันไว้คนเดียวได้ไหมคะ ฉันมีเรื่องสำคัญต้องทำ!
09-0707	talk	You're banging him... aren't you? You of all people should know... Idols aren't allowed to do that!	คุณกำลังนอนกับเขาอยู่ใช่ไหม... คุณน่าจะรู้ดีกว่าใครนี่ ว่าไอดอลห้ามทำแบบนั้นเด็ดขาด!
09-0708	talk	You've got it all wrong! I would <font_kind=yakuza_italic>never</font_kind> act that way, and I'm not an idol, either!	คุณเข้าใจผิดหมดเลย! ฉันไม่มีทาง<font_kind=yakuza_italic>ทำแบบนั้น</font_kind>เด็ดขาด แล้วฉันก็ไม่ใช่ไอดอลด้วย!
09-0709	talk	Then explain to me, your dedicated fan who's been loyal to you this whole time, <font_kind=yakuza_italic>why</font_kind> you were sneaking around together!	งั้นก็อธิบายให้ผม แฟนคลับตัวยงที่ซื่อสัตย์กับคุณ มาตลอดฟังหน่อยสิ ว่า<font_kind=yakuza_italic>ทำไม</font_kind>ถึงแอบไปกันสองต่อสองแบบนั้น!
09-0710	talk	Sana-chan! Are you all right?	ซานะจัง! เธอไม่เป็นไรใช่ไหม?
09-0711	talk	So, you finally show your face. Y-You're a bastard, you know that? Tricking Sana-chan just to get in her p-p-pants!	โผล่หน้ามาซะทีนะ นายมันไอ้สารเลวรู้ไหม? หลอกซานะจังแค่เพื่อจะได้ ก-ก-ได้เสียกับเธอ!
09-0712	talk	That's ridiculous. I've done no such thing.	ไร้สาระ ผมไม่เคยทำแบบนั้น
09-0713	talk	Oh? Well I saw her going in and out of your office... <font_kind=yakuza_italic>multiple</font_kind> times! Wearing the same lewd expression...	อ้อเหรอ? ผมเห็นเธอเดินเข้าออกออฟฟิศของนาย <font_kind=yakuza_italic>หลายครั้ง</font_kind>เลยนะ! ทำสีหน้าลามกแบบเดิมทุกที...
09-0714	talk	It was like a dog in heat, enjoying every last hump. That's what he turned you into, Sana-chan... A horny bitch!	เหมือนหมาที่กำลังติดสัด สนุกกับการถูกขึ้นทุกครั้งไป นั่นแหละคือสิ่งที่มันเปลี่ยน คุณให้กลายเป็น ซานะจัง... นังหมาในสัด!
09-0715	talk	...Okay, I think I pieced it together now. You must be the one who sent that photo to her manager. Some fan you are.	...เอาล่ะ ผมว่าผมต่อภาพออกแล้ว นายนี่แหละที่ส่งรูปนั้นไปให้ ผู้จัดการของเธอสินะ แฟนคลับดีนักนะ
09-0716	talk	So what if I did!?	แล้วไง ถ้าผมทำไป!?
09-0717	talk	Sana-chan is the Songstress of Kamurocho... Which means she belongs to everyone! Not some sleazy scumbag like you!	ซานะจังคือนักร้องสาวแห่งคามุโรโจ... นั่นแปลว่าเธอเป็นของทุกคน! ไม่ใช่ของไอ้สวะขี้เหม็นอย่างนาย!
09-0718	talk	Well? Maybe that'll calm you down a bit?	ยังไง? หรือแบบนี้จะทำให้นายใจเย็นลงหน่อยไหม?
09-0719	talk	You... don't understand me... at all.	นาย... ไม่เข้าใจผมเลยสักนิด...
09-0720	talk	I did this... for Sana-chan's sake...	ที่ผมทำแบบนี้... ก็เพื่อซานะจังทั้งนั้น...
09-0721	talk	I-If she's about to make a huge mistake with her life, then it's up to me, her diehard fan, to try and help prevent it!	ถ้า-ถ้าเธอกำลังจะทำผิดพลาดครั้ง ใหญ่ในชีวิต มันก็เป็นหน้าที่ของผม แฟนคลับตัวยงของเธอ ที่ต้องพยายามหยุดมันไว้!
09-0722	talk	And what mistake would that be? Choosing who she wants to be around, and what she wants to do, for herself?	แล้วความผิดพลาดที่ว่าคืออะไรล่ะ? การที่เธอเลือกเองว่าจะคบใคร จะทำอะไรตามใจตัวเองงั้นเหรอ?
09-0723	talk	N-No, her <font_kind=yakuza_italic>mistake</font_kind> was betraying her entire fanbase... By hooking up with a manipulative little weasel like you!!	ไ-ไม่ใช่ <font_kind=yakuza_italic>ความผิดพลาด</font_kind> ของเธอคือการทรยศแฟนคลับทั้งหมด... ด้วยการไปคบกับไอ้ตัวปลอม เจ้าเล่ห์อย่างนาย!!
09-0724	talk	Sana-chan... You need to be more aware of your duties as a singer... A-As a cultural icon!	ซานะจัง... คุณต้องตระหนักถึงหน้าที่ในฐานะ นักร้องให้มากกว่านี้... ใ-ในฐานะสัญลักษณ์ทางวัฒนธรรม!
09-0725	talk	...Let me ask you something. What exactly is it that you like about Sana-chan?	...ขอถามอะไรหน่อยนะ นายชอบอะไรในตัวซานะจังกันแน่?
09-0726	talk	H-Huh?	ห-หา?
09-0727	talk	Is it her music? Her looks? Her personality? ...Do you even know the first thing about her?	เพลงของเธอ? หน้าตา? หรือนิสัย? ...นายรู้จักเธอจริง ๆ บ้างหรือเปล่า?
09-0728	talk	What are you trying to get at!?	นายจะสื่ออะไร!?
09-0729	talk	A real fan would support the person they believe in, even if they didn't always agree with their decisions. Right?	แฟนคลับตัวจริงต้องสนับสนุนคน ที่ตัวเองเชื่อมั่น ต่อให้บางทีจะไม่เห็นด้วยกับ การตัดสินใจของเขาก็ตาม จริงไหม?
09-0730	talk	Wh... Wh... What would you know!?	น-นายจะไปรู้อะไร!?
09-0731	talk	Kabata-san. You once wrote me something that I remember to this day.	คาบาตะซัง ครั้งหนึ่งคุณเคยเขียนอะไร บางอย่างให้ฉัน ที่ฉันยังจำได้จนถึงทุกวันนี้
09-0732	talk	"I really love your music because it captures raw human emotion and expresses it in an authentic, relatable way."	"ผมรักเพลงของคุณมากจริง ๆ เพราะมันถ่ายทอดอารมณ์ ความเป็นมนุษย์ดิบ ๆ ออกมาได้อย่างจริงใจและเข้าถึงง่าย"
09-0733	talk	You... remember that?	คุณ... ยังจำได้เหรอ?
09-0734	talk	Yes, and it made me so happy when I first read it. It still does.	ใช่ และตอนที่อ่านครั้งแรก มันทำให้ฉันมีความสุขมาก จนถึงตอนนี้ก็ยังเป็นแบบนั้นอยู่
09-0735	talk	I've kept it stored safely ever since, and whenever I'm feeling really down, I take it out and read it over again.	ฉันเก็บมันไว้อย่างดีมาตลอด แล้วเวลาที่รู้สึกท้อแท้จริง ๆ ก็จะหยิบมันออกมาอ่านซ้ำอีกครั้ง
09-0736	talk	Y-You do...?	คุ-คุณทำแบบนั้นด้วยเหรอ...?
09-0737	talk	Believe me. I really do appreciate your concern over my well-being.	เชื่อฉันเถอะ ฉันซาบซึ้งจริง ๆ ที่คุณเป็นห่วงความเป็นอยู่ของฉัน
09-0738	talk	But my inner feelings—that raw human emotion you spoke of—are the driving force of my songs.	แต่ความรู้สึกภายในของฉัน—อารมณ์ความเป็นมนุษย์ดิบ ๆ ที่คุณพูดถึง—คือแรงขับเคลื่อนของบทเพลงของฉัน
09-0739	talk	Even... love? The IRL kind?	แม้แต่... ความรัก? แบบที่เกิดขึ้นจริงเนี่ยนะ?
09-0740	talk	So, if you really do like my music, please try to understand this other aspect of me.	เพราะงั้น ถ้าคุณชอบเพลงของฉันจริง ๆ ก็ช่วยพยายามเข้าใจอีกด้านหนึ่ง ของฉันด้วย
09-0741	talk	That way I can keep on making music that's true to the heart.	แบบนั้นแล้วฉันถึงจะแต่งเพลงที่ ซื่อสัตย์ต่อหัวใจ ตัวเองต่อไปได้
09-0742	talk	And you're a big part of that. You gave me a chance before I was even anybody... That means you're in my heart, too.	และคุณก็เป็นส่วนสำคัญของมันด้วย คุณให้โอกาสฉันตั้งแต่ตอนที่ฉัน ยังไม่มีใครรู้จักด้วยซ้ำ... นั่นแปลว่าคุณก็อยู่ในใจฉันเหมือนกัน
09-0743	talk	S-Sana-chan...	ซ-ซานะจัง...
09-0744	talk	*sniffle* For... Forgive me...	*สูดจมูก* โปรด... โปรดให้อภัยผมด้วย...
09-0745	talk	I hope he learned something today.	หวังว่าวันนี้เขาคงได้เรียนรู้ อะไรบ้าง
09-0746	talk	He did. I'm sure of it.	เขาได้เรียนรู้แน่นอน ฉันมั่นใจ
09-0747	talk	I appreciate you spending time with me today.	ขอบคุณนะที่สละเวลามาอยู่กับฉันวันนี้
09-0748	talk	Thanks to you, I feel like a huge weight's been lifted off my shoulders.	เพราะคุณ ฉันรู้สึกเหมือนภาระหนัก ๆ ถูกยกออกจากบ่าไปเลย
09-0749	talk	Glad to hear it, Sana-chan.	ดีใจที่ได้ยินแบบนั้นนะ ซานะจัง
09-0750	talk	You know... I just wanted to say thank you... and say I'm sorry. For dragging you into all my problems.	จริง ๆ แล้ว... ฉันแค่อยากขอบคุณ... แล้วก็ขอโทษด้วย ที่ดึงคุณเข้ามาพัวพันกับปัญหาของฉัน
09-0751	talk	No need to apologize. I'm always happy to help.	ไม่ต้องขอโทษหรอก ผมยินดีช่วยเสมอ
09-0752	talk	You're a nice guy, Yagami-san... See you around.	คุณเป็นคนดีจริง ๆ นะ ยากามิซัง... แล้วเจอกันนะ
09-0753	talk	Then why don't we talk about something else first?	งั้นเรามาคุยเรื่องอื่นกันก่อนดีไหม?
09-0754	talk	You mentioned you had something important to talk to me about?	เธอบอกว่ามีเรื่องสำคัญอยากคุย กับผมใช่ไหม?
09-0755	talk	Oh, yes! Regarding that...	อ้อ ใช่ค่ะ! เรื่องนั้นน่ะ...
09-0756	talk	Ahhh, I can't do it! Sorry! I'm just not ready!	อ๊าา ทำไม่ได้ค่ะ! ขอโทษนะคะ! ฉันยังไม่พร้อมจริง ๆ!
09-0757	talk	(Something's really eating away at her... Maybe we should talk about something else first, to help ease her mind.)	(ดูเหมือนมีอะไรกัดกินใจเธออยู่จริง ๆ... บางทีเราน่าจะคุยเรื่องอื่นก่อนดีกว่า จะได้ช่วยให้เธอสบายใจขึ้น)
09-0758	talk	How's that manager of yours? I'm glad you worked things out.	ผู้จัดการของเธอเป็นไงบ้าง? ดีใจนะที่เธอจัดการเรื่องนั้นได้แล้ว
09-0759	talk	Yep. Turns out all I needed to do was take some time and sort out how I felt.	ค่ะ กลายเป็นว่าสิ่งที่ฉันต้องทำก็ แค่ใช้เวลาทบทวน ความรู้สึกตัวเองดูเฉย ๆ
09-0760	talk	After talking to him for a little bit and sharing what I was going through, he said he understood.	หลังจากคุยกับเขาสักพักแล้วเล่า ให้ฟังว่าฉันกำลังเจออะไรอยู่ เขาก็บอกว่าเข้าใจ
09-0761	talk	Since he really values the integrity of my music, he said he'd try to negotiate the no-dating policy with the people up top.	เพราะเขาให้ความสำคัญกับ ความจริงใจในเพลงของฉันมาก เขาเลยบอกว่าจะลองเจรจาเรื่องกฎ ห้ามคบใครกับคนข้างบนดู
09-0762	talk	That's a very considerate boss you've got there.	หัวหน้าของเธอนี่ใจดีจริง ๆ นะ
09-0763	talk	Yep. Gotta work hard for his sake, too.	ค่ะ เพราะงั้นก็ต้องตั้งใจทำงาน เพื่อเขาด้วยเหมือนกัน
09-0764	talk	And how's your latest single? What's that all about?	แล้วซิงเกิลล่าสุดของเธอเป็นยังไงบ้าง? เกี่ยวกับอะไร?
09-0765	talk	I may have said it before, but it's a love song.	อาจจะเคยบอกไปแล้วนะ แต่มันเป็นเพลงรัก
09-0766	talk	More specifically, a song about one-sided love.	พูดให้ชัดกว่านั้นคือ เพลงเกี่ยวกับความรักข้างเดียว
09-0767	talk	Inspired by true events, maybe?	ได้แรงบันดาลใจจากเรื่องจริงหรือเปล่า?
09-0768	talk	It's a little embarrassing to think this will actually be released to the public. Hehe.	แอบอายนิด ๆ ที่คิดว่ามันจะถูกปล่อยออกไปให้ คนทั่วไปฟังจริง ๆ เฮะเฮะ
09-0769	talk	You know, the more I\nspend time with you...	รู้ไหม ยิ่งฉันได้ใช้เวลา\nอยู่กับคุณมากเท่าไหร่...
09-0770	talk	And... I'd like to be\nyour girlfriend!	และ...ฉันอยากจะเป็น\nแฟนสาวของคุณ!
09-0771	talk	(I had a feeling she liked me... But to come right out and say it...)	(ผมรู้สึกได้อยู่แล้วว่าเธอชอบผม... แต่ไม่คิดว่าเธอจะพูดออกมาตรง ๆ แบบนี้...)
09-0772	talk	So... will you give me your answer?	เพราะงั้น... คุณจะให้คำตอบฉันไหม?
09-0773	talk	If you really think I'm good enough for you...	ถ้าเธอคิดว่าผมดีพอสำหรับเธอจริง ๆ...
09-0774	talk	Then let's look forward to a bright future together.	งั้นเรามามองไปยังอนาคตที่สดใส ด้วยกันเถอะ
09-0775	talk	You... really mean that?	คุณ... พูดจริงเหรอ?
09-0776	talk	Of course. I've been wanting this for a long time, too.	แน่นอน ผมเองก็อยากให้เป็นแบบนี้มานาน แล้วเหมือนกัน
09-0777	talk	Oh, thank goodness! Don't go breaking my heart now...	โอ้ โล่งอกไปที! อย่ามาทำหัวใจฉันแตกสลายทีหลังนะ...
09-0778	talk	(This might work out fine for now, but will it really be okay in the long run...?)	(ตอนนี้อาจจะดูดีอยู่ แต่ในระยะยาวจะโอเคจริง ๆ ไหมนะ...?)
09-0779	talk	I can hardly believe this is happening...	แทบไม่อยากเชื่อเลยว่าเรื่องนี้ กำลังเกิดขึ้นจริง...
09-0780	talk	Hehe, I know I say this all the time, but it really is like we're living in a dream.	เฮะเฮะ รู้ว่าพูดแบบนี้บ่อยแล้วนะ แต่มันเหมือนเรากำลังอยู่ใน ความฝันจริง ๆ
09-0781	talk	It's no dream... I can assure you of that.	มันไม่ใช่ความฝันหรอก... ผมยืนยันได้เลย
09-0782	talk	...Then show me. Help me know our love is real.	...งั้นก็พิสูจน์ให้ฉันดูสิ ช่วยทำให้ฉันรู้ว่ารักของเรา เป็นเรื่องจริง
09-0783	talk	...Um. Yagami-san. Can I call you Takayuki-san from now on?	...เอ่อ ยากามิซัง ต่อจากนี้ฉันขอเรียกคุณว่า ทาคายูกิซังได้ไหมคะ?
09-0784	talk	Of course you can.	ได้สิ
09-0785	talk	(It's official. Sana-chan and I are a couple now.)	(เป็นทางการแล้ว ตอนนี้ผมกับซานะจังเป็นแฟนกันแล้ว)
09-0786	talk	(I'm sure it won't be easy to balance our careers with our love lives... But I'll do whatever it takes to support her.)	(คงไม่ง่ายแน่ที่จะรักษาสมดุล ระหว่างงานกับความรัก... แต่ผมจะทำทุกอย่างเท่าที่ทำได้ เพื่อซัพพอร์ตเธอ)
09-0787	talk	It pains me to say this, but I'm kind of already in a relationship... with my job.	พูดแบบนี้แล้วผมก็เจ็บใจเหมือนกันนะ แต่ตอนนี้ผมมีความสัมพันธ์อยู่แล้ว... กับงานของผม
09-0788	talk	Wh-What do you mean...?	ห-หมายความว่ายังไง...?
09-0789	talk	Things are really hectic because of this case I'm working on. Lives are on the line, so I can't really think about romance.	ตอนนี้มันวุ่นวายมากเพราะคดีที่ ผมกำลังทำอยู่ มีชีวิตคนเป็นเดิมพัน ผมเลยคิดเรื่องความรักไม่ค่อยลง
09-0790	talk	Yeah... So the thing is, I actually have a girlfriend. Probably should have mentioned that at some point.	ใช่... เอาจริง ๆ ผมมีแฟนสาวอยู่แล้ว น่าจะบอกไปตั้งนานแล้วนะ
09-0791	talk	Oh. I figured as much, a nice guy like you...	อ้อ ก็คิดไว้แล้วแหละ คนดีอย่างคุณเนี่ย...
09-0792	talk	Sorry. You're a really sweet girl, Sana-chan. I know you'll make someone very happy someday.	ขอโทษนะ เธอเป็นผู้หญิงที่น่ารักมากเลย ซานะจัง ผมมั่นใจว่าสักวันเธอจะทำให้ใคร สักคนมีความสุขมาก ๆ
09-0793	talk	...It's fine.	...ไม่เป็นไรค่ะ
09-0794	talk	Sorry I sprang that on you out of nowhere...	ขอโทษนะที่จู่ ๆ ก็พูดแบบนั้นออกไป...
09-0795	talk	N-No worries. I'm... sorry too.	ไ-ไม่เป็นไรหรอก ผมก็... ขอโทษเหมือนกัน
09-0796	talk	Well... I guess that's it, then.	เอาล่ะ... งั้นก็คงจบแค่นี้แหละนะ
09-0797	talk	(Now I feel terrible... but I made the right choice.)	(ตอนนี้รู้สึกแย่มากเลย... แต่ผมเลือกถูกทางแล้ว)
09-0798	talk	So this is what a batting center looks like... Wow, it's not as sketchy as I thought it'd be.	นี่แหละสนามซ้อมตีลูกเหรอ... ว้าว ไม่ได้น่ากลัวอย่างที่คิดไว้เลย
09-0799	talk	Hope I can actually hit the ball...	หวังว่าจะตีลูกโดนบ้างนะ...
09-0800	talk	Why don't I show you how it's done?	ให้ผมโชว์ให้ดูก่อนดีไหม?
09-0801	talk	Ooh, go for it!	โอ้ ลุยเลยค่ะ!
09-0802	talk	(Now's my chance to impress her. Better not strike out!)	(นี่แหละโอกาสทำให้เธอประทับใจ ห้ามพลาดเด็ดขาด!)
09-0803	talk	Are you gonna hit some home runs for me?	จะตีโฮมรันให้ฉันดูไหมคะ?
09-0804	talk	Yep. Just watch and learn.	แน่นอน ดูไว้แล้วเรียนรู้
09-0805	talk	Hehe, I'll be taking notes then.	เฮะเฮะ งั้นฉันจะจดโน้ตเลยนะ
09-0806	talk	(This is it. My big chance to impress Sana-chan. Here I go!)	(มาถึงจุดนี้แล้ว โอกาสใหญ่ที่จะทำให้ซานะจังทึ่ง ลุยเลย!)
09-0807	talk	Oh my gosh! I had no idea you were this good! You were like a pro out there.	โอ้พระเจ้า! ไม่รู้เลยว่าคุณเก่งขนาดนี้! เหมือนมืออาชีพเลยนะเนี่ย
09-0808	talk	All I did was put in a little effort today. There was really nothing to it.	ผมแค่ตั้งใจนิดหน่อยวันนี้เอง ไม่มีอะไรมากหรอก
09-0809	talk	Wow, I didn't know you were so athletic! You were awesome.	ว้าว ไม่รู้เลยว่าคุณเก่งเรื่องกีฬาขนาดนี้! สุดยอดไปเลย
09-0810	talk	(Hmm, not bad, I suppose...)	(อืม ก็ไม่เลวนะ...)
09-0811	talk	You scored... kind of okay, I guess. "A" for effort?	คะแนนคุณ... ก็โอเคแหละมั้ง ให้เกรด "A" ด้านความพยายามละกัน?
09-0812	talk	Yeah, I wasn't really feeling it today...	ใช่ วันนี้ผมรู้สึกไม่ค่อยเข้าฟอร์ม เท่าไหร่...
09-0813	talk	Oh? Are you feeling under the weather, maybe?	อ้าว? หรือว่าไม่ค่อยสบายคะ?
09-0814	talk	Not so much, it's just... I'm not always like this.	ก็ไม่เชิงหรอก แค่... ปกติผมไม่ได้เป็นแบบนี้
09-0815	talk	Don't worry, we all have those days.	ไม่ต้องห่วงหรอก ใคร ๆ ก็มีวันแบบนี้กันทั้งนั้น
09-0816	talk	(Crap. That was the complete opposite of cool...)	(แย่แล้ว นั่นมันตรงข้ามกับคำว่าเท่เลยสักนิด...)
09-0817	talk	All right, Sana-chan, show me what you've got.	เอาล่ะ ซานะจัง โชว์ฝีมือให้ดูหน่อยสิ
09-0818	talk	Fwa ha ha... To tell the truth, I'm actually really good. Ready to lose?	ฟั่ว ฮ่า ฮ่า... บอกตามตรงนะ ฉันเก่งจริง ๆ นะเนี่ย เตรียมแพ้ได้เลย
09-0819	talk	...Oh, I don't think I'll be losing anytime soon.	...โอ้ ผมว่าผมคงยังไม่แพ้ง่าย ๆ หรอกนะ
09-0820	talk	Sounds like you're pretty sure of yourself. Then show me what you got!	ฟังดูมั่นใจตัวเองมากนะ งั้นโชว์ฝีมือให้ดูเลยสิ!
09-0821	talk	Okay, but I won't hold anything back.	ได้เลย แต่ผมจะไม่ยั้งมือนะ
09-0822	talk	Haha, bring it on!	ฮ่าฮ่า มาเลยสิ!
09-0823	talk	How about a rematch, Sana-chan?	แข่งใหม่อีกรอบไหม ซานะจัง?
09-0824	talk	I'll take you on anytime! Ready to lose?	ฉันพร้อมรับมือทุกเมื่อเลย! เตรียมแพ้ได้เลยนะ
09-0825	talk	I don't plan on it.	ผมไม่มีแผนจะแพ้หรอกนะ
09-0826	talk	Aww... You totally destroyed me... You're way too strong!	โธ่... คุณเอาชนะฉันแบบราบคาบเลย... เก่งเกินไปแล้วนะ!
09-0827	talk	Heh. If you want to win against me, you're gonna need a lot more practice.	เฮอะ ถ้าอยากชนะผม เธอต้องฝึกซ้อมอีกเยอะเลยนะ
09-0828	talk	Hmph! You just wait till next time... Victory will be mine!	ฮึ่ย! รอดูรอบหน้าเถอะ... ชัยชนะต้องเป็นของฉันแน่!
09-0829	talk	So... it ended in a draw, huh?	งั้น... จบด้วยการเสมอกันสินะ?
09-0830	talk	Yeah! I didn't know you were so good!	ใช่เลย! ไม่รู้เลยว่าคุณเก่งขนาดนี้!
09-0831	talk	Same to you. But I'll make sure I win next time.	เหมือนกันนะ แต่รอบหน้าผมจะเอาชนะให้ได้แน่นอน
09-0832	talk	Then I'll make sure to practice! 'Cause I wanna win too.	งั้นฉันจะฝึกซ้อมให้หนักเลย! เพราะฉันก็อยากชนะเหมือนกัน
09-0833	talk	Yay! I won!	เย่! ฉันชนะแล้ว!
09-0834	talk	Dang... I can do better than this...!	โธ่เอ๊ย... ผมทำได้ดีกว่านี้อีกนะ...!
09-0835	talk	Don't worry. I'll let you have a rematch any time you want.	ไม่ต้องห่วงหรอกค่ะ ฉันจะให้แข่งใหม่เมื่อไหร่ก็ได้ ที่คุณต้องการ
09-0836	talk	(...Next time I'll win for sure...)	(...รอบหน้าผมจะเอาชนะให้ได้แน่ ๆ...)
09-0837	talk	Yagami-san, I really want that plushie. I'm collecting them!	ยากามิซัง ฉันอยากได้ตุ๊กตาตัวนั้นจริง ๆ ค่ะ กำลังสะสมอยู่เลย!
09-0838	talk	Can you get it for me?	ช่วยคีบให้หน่อยได้ไหมคะ?
09-0839	talk	Leave it to me.	ปล่อยให้ผมจัดการเอง
09-0840	talk	Yagami-san, I really want that plushie! I'm collecting them right now!	ยากามิซัง ฉันอยากได้ตุ๊กตาตัวนั้นจริง ๆ ค่ะ! กำลังสะสมอยู่เลยตอนนี้!
09-0841	talk	One plushie, coming right up.	ตุ๊กตาหนึ่งตัว รอแป๊บนะ
09-0842	talk	You did it! Wow, that's so cool... I can't believe you actually got one!	ทำได้แล้ว! ว้าว เท่มากเลย... ไม่อยากเชื่อว่าคุณคีบได้จริง ๆ!
09-0843	talk	Haha, I think I finally got the hang of it.	ฮ่าฮ่า ผมว่าผมเริ่มจับทางได้แล้วล่ะ
09-0844	talk	Can I really have this?	ฉันเอาตัวนี้ไปได้จริง ๆ เหรอ?
09-0845	talk	I sure hope so!	หวังว่างั้นนะ!
09-0846	talk	Thanks so much! Promise I'll take good care of it!	ขอบคุณมากเลยค่ะ! สัญญาว่าจะดูแลมันอย่างดีแน่นอน!
09-0847	talk	All right! Got that plush you wanted.	เรียบร้อย! ได้ตุ๊กตาที่เธออยากได้มาแล้ว
09-0848	talk	...Huh? Why this one?	...หา? ทำไมเป็นตัวนี้ล่ะ?
09-0849	talk	Wait, this wasn't the right one?	เดี๋ยวนะ นี่ไม่ใช่ตัวที่ถูกต้องเหรอ?
09-0850	talk	Well, no, but... it's fine. I guess it is kinda cute.	ก็ไม่ใช่หรอกค่ะ แต่... ไม่เป็นไร ก็น่ารักดีเหมือนกันแหละ
09-0851	talk	(I got the wrong one... But she seems to like it just fine.)	(ผมคีบผิดตัวไปซะแล้ว... แต่ดูเหมือนเธอจะชอบมันอยู่ดีนะ)
09-0852	talk	Aww! You were so close, too! Better luck next time, huh?	โธ่! ใกล้จะสำเร็จแล้วแท้ ๆ! รอบหน้าเอาใหม่นะ?
09-0853	talk	(Should I try again?)	(ควรลองอีกครั้งดีไหมนะ?)
09-0854	talk	(Okay, I'll give it one more shot.)	(เอาล่ะ ลองอีกสักตาก็แล้วกัน)
09-0855	talk	I prefer someone my age.	ผมชอบคนวัยเดียวกับผมมากกว่า
09-0856	talk	And why is that?	ทำไมถึงเป็นแบบนั้นล่ะ?
09-0857	talk	Well, wouldn't you have more in common with someone your own age? I feel like there'd be more to talk about.	ก็... เธอจะมีอะไรคล้าย ๆ กันกับคนวัยเดียวกันมากกว่าไม่ใช่เหรอ ผมรู้สึกว่าน่าจะมีเรื่องคุยกัน เยอะกว่า
09-0858	talk	Possibly. On the other hand, I'd think that all the little differences could make for some interesting conversation.	อาจจะนะ แต่ในทางกลับกัน ฉันว่าความแตกต่างเล็ก ๆ น้อย ๆ ก็น่าจะทำให้บทสนทนาน่าสนใจได้ เหมือนกัน
09-0859	talk	Absolutely!	แน่นอนอยู่แล้ว!
09-0860	talk	As long as the couple is mature about it, I'm sure that working around an age gap could actually be a fun thing.	ตราบใดที่ทั้งคู่มีวุฒิภาวะมากพอ ฉันมั่นใจว่าการปรับตัวเข้าหา กันเรื่องช่วงอายุที่ ต่างกันก็เป็นเรื่องสนุกได้เหมือนกัน
09-0861	talk	Do I detect an ulterior motive here? 'Cause it sounds like you're saying I should go for younger girls.	นี่ผมได้กลิ่นเจตนาแอบแฝง หรือเปล่าเนี่ย? เพราะฟังดูเหมือนเธอกำลังบอกให้ ผมไปคบเด็กกว่าเลยนะ
09-0862	talk	Oh really? And why do you think that might be?	จริงเหรอคะ? แล้วคุณคิดว่าทำไมถึงเป็นแบบนั้นล่ะ?
09-0863	talk	Hey, you tell me.	เฮ้ ก็เธอนี่แหละที่บอกผมสิ
09-0864	talk	No worries. Here, have a seat.	ไม่ต้องห่วง เชิญนั่งก่อนสิ
09-0865	talk	Thank you...	ขอบคุณนะ...
09-0866	talk	So, you mentioned you had something important to talk over with me?	เอาล่ะ เธอบอกว่ามีเรื่องสำคัญอยากคุย กับผมใช่ไหม?
09-0867	talk	I'm... sorry, I don't think I can just yet.	ฉัน... ขอโทษนะ คิดว่ายังทำไม่ได้ตอนนี้
09-0868	talk	All right, Yagami-san... I think I'm ready for that big talk now...	เอาล่ะ ยากามิซัง... ฉันคิดว่าพร้อมที่จะพูด เรื่องสำคัญนั้นแล้วนะ...
09-0869	talk	I'm all ears, Sana-chan.	ผมพร้อมฟังแล้ว ซานะจัง
09-0870	talk	Okay... Deep breaths, girl. Deep breaths...	โอเค... หายใจลึก ๆ นะ สาวน้อย หายใจลึก ๆ...
09-0871	talk	(So, what should we talk about here...)	(เอาล่ะ ควรจะคุยเรื่องอะไรกันดีนะ...)
09-0872	talk	Talk to me, Yagami-san! Hehe.	คุยกับฉันสิคะ ยากามิซัง! เฮะเฮะ
09-0873	talk	(Talking to a girl at my office about something other than work is kinda nice...)	(การได้คุยกับผู้หญิงที่ออฟฟิศ เรื่องอื่นนอกจากงาน มันก็รู้สึกดีเหมือนกันนะ...)
09-0874	talk	(Now what's something we could talk about...)	(เอาล่ะ มีเรื่องอะไรที่คุยกันได้อีกนะ...)
09-0875	talk	So, Sana-chan. What made you want to get into music?	ว่าแต่ ซานะจัง อะไรที่ทำให้เธออยากเข้าวงการเพลง?
09-0876	talk	Well, I've always liked singing to begin with.	ก็... ตั้งแต่แรกฉันชอบร้องเพลงอยู่แล้วค่ะ
09-0877	talk	And whenever I did sing, people would always compliment my voice. So I ended up doing school competitions and all that.	แล้วทุกครั้งที่ร้อง คนก็มักจะชมเสียงฉัน สุดท้ายเลยได้ไปแข่งร้องเพลงที่ โรงเรียนและอะไรทำนองนั้น
09-0878	talk	Before I knew it, I found myself wanting to become a professional singer. That's pretty much it.	ก่อนจะรู้ตัวอีกที ก็อยากเป็นนักร้องอาชีพไปแล้ว ก็ประมาณนี้แหละค่ะ
09-0879	talk	Wow, and look at where you are now.	ว้าว ดูสิว่าตอนนี้เธอมาไกลแค่ไหนแล้ว
09-0880	talk	Not everyone can do what they want in life.	ไม่ใช่ทุกคนที่จะได้ทำสิ่งที่ ตัวเองต้องการในชีวิต
09-0881	talk	You must have some real talent to have made it this far.	เธอต้องมีพรสวรรค์จริง ๆ ถึงมาไกลได้ขนาดนี้
09-0882	talk	Oh yeah. Take your fans, for example. You have this special something that keeps drawing them in.	อ้อ ใช่ ยกตัวอย่างแฟนคลับของเธอสิ เธอมีอะไรบางอย่างที่พิเศษที่ ดึงดูดพวกเขาให้เข้ามาหาอยู่ เสมอ
09-0883	talk	Hehe, well. I hope they'd be drawn in by my music...	เฮะเฮะ ก็... หวังว่าพวกเขาจะถูกดึงดูดด้วย เพลงของฉันนะ...
09-0884	talk	What about you, Yagami-san? Would you consider yourself a fan?	แล้วคุณล่ะคะ ยากามิซัง? คิดว่าตัวเองเป็นแฟนคลับฉันไหม?
09-0885	talk	You bet I would.	แน่นอนอยู่แล้ว
09-0886	talk	Yay! Then maybe you'll be my number one... someday. ❤	เย่! งั้นสักวันคุณอาจจะเป็นแฟนคลับ อันดับหนึ่งของฉัน... ก็ได้นะ
09-0887	talk	You must've been really lucky.	เธอต้องโชคดีมากแน่ ๆ เลย
09-0888	talk	Definitely. Otherwise, I doubt all this would've happened so quickly.	แน่นอนค่ะ ไม่งั้นฉันก็ไม่คิดว่าทุก อย่างนี้จะเกิดขึ้นเร็วขนาดนี้ หรอก
09-0889	talk	By the way, this has been on my mind for a while. Yagami-san, why'd you become a detective?	ว่าแต่ เรื่องนี้ค้างคาใจฉันมาสักพักแล้ว ยากามิซัง ทำไมคุณถึงมาเป็นนักสืบคะ?
09-0890	talk	Hmm, now there's a question.	อืม คำถามนี้น่าสนใจนะ
09-0891	talk	If I had single out a reason...	ถ้าให้เลือกเหตุผลเดียว...
09-0892	talk	...It's because we don't need to wear suits.	...ก็เพราะไม่ต้องใส่สูทไงล่ะ
09-0893	talk	Huh? That's all?	หา? มีแค่นั้นเองเหรอ?
09-0894	talk	Totally. Suits are way too stuffy, and besides, they make my shoulders all stiff.	ใช่เลย สูทมันอึดอัดเกินไป แถมยังทำให้ไหล่ผมเมื่อยไปหมด
09-0895	talk	"Dress casual, work comfortable." That's just how I roll.	"แต่งตัวสบาย ๆ ทำงานสบายใจ" นี่แหละสไตล์ผม
09-0896	talk	Haha, you're just messing with me, aren't you?	ฮ่าฮ่า กวนฉันเล่นใช่ไหมเนี่ย?
09-0897	talk	...Actually, I was being serious.	...จริง ๆ แล้วผมพูดจริงนะ
09-0898	talk	Really? But you'd look so good in a suit...	จริงเหรอคะ? แต่คุณต้องดูดีมากแน่ ๆ ถ้าใส่สูท...
09-0899	talk	Then how about I wear one for you next time?	งั้นครั้งหน้าผมใส่สูทให้เธอ ดูดีไหมล่ะ?
09-0900	talk	You will? Then I'll hold you to it!	จริงเหรอ? งั้นฉันจะจำไว้เลยนะ!
09-0901	talk	Actually, I've been wondering something, Sana-chan...	ที่จริงมีเรื่องหนึ่งที่ผมสงสัยมาตลอด ซานะจัง...
09-0902	talk	Is it really okay for you to be coming over like this?	มันโอเคจริง ๆ เหรอที่เธอมาหาผมแบบนี้?
09-0903	talk	Well, it's just... you know. I wasn't sure if you were dating anyone or not, so...	ก็คือ... เธอก็รู้นะ ผมไม่แน่ใจว่าเธอมีคนคบอยู่หรือเปล่า เลยแบบ...
09-0904	talk	Oh, that's what you meant.	อ๋อ หมายความแบบนั้นเองเหรอ
09-0905	talk	In that case, it's totally fine. I'm currently boyfriend-free.	ถ้าอย่างนั้นไม่มีปัญหาเลยค่ะ ตอนนี้ฉันยังไม่มีแฟนอยู่
09-0906	talk	Well... that's a relief.	งั้น... ก็โล่งใจไปที
09-0907	talk	It is?	งั้นเหรอ?
09-0908	talk	Hehe. If that was your natural reaction, then I'm relieved too.	เฮะเฮะ ถ้านั่นคือปฏิกิริยาตามธรรมชาติของคุณ ฉันก็โล่งใจไปด้วยเหมือนกัน
09-0909	talk	Yeah. Looks like I got all worried for nothing.	ใช่ ดูเหมือนผมกังวลไปเองเปล่า ๆ เลย
09-0910	talk	Right! There's nothing to be concerned about. Nothing at all!	ใช่เลย! ไม่มีอะไรต้องกังวลหรอก ไม่มีเลยสักนิด!
09-0911	talk	Besides, what kinda girlfriend would I be if I went to another man's house and started cooking him curry?	อีกอย่าง ถ้าฉันไปทำแกงกะหรี่ให้ผู้ชาย คนอื่นที่บ้านเขา แบบนี้จะเรียกว่าแฟนสาวที่ดีได้ ยังไงล่ะ?
09-0912	talk	You make a good point.	พูดมีเหตุผลดีนะ
09-0913	talk	But now that you brought it up... You're not taken either, are you?	แต่พอคุณพูดถึงเรื่องนี้ขึ้นมา... คุณเองก็ไม่มีคนคบอยู่ใช่ไหมคะ?
09-0914	talk	(She's asking if I have a girlfriend...)	(เธอกำลังถามว่าผมมีแฟนหรือเปล่า...)
09-0915	talk	Nope, still single. Unfortunately. 	ไม่มีเลย ยังโสดอยู่ น่าเสียดายจัง
09-0916	talk	No way! A good-looking guy like you?	ไม่จริงน่า! หน้าตาดีขนาดนี้เชียวเหรอ?
09-0917	talk	I know I shouldn't be happy, but... ♪	รู้ทั้งรู้ว่าไม่ควรดีใจ แต่...
09-0918	talk	Besides, I'm not the kind of guy who invites a girl over and has them make curry when I already have a girlfriend.	อีกอย่าง ผมไม่ใช่คนที่จะชวนผู้หญิงมา ทำแกงกะหรี่ให้กินทั้งที่ มีแฟนอยู่แล้วหรอกนะ
09-0919	talk	Ahaha. I would hope not.	อาฮ่าฮ่า หวังว่าคงไม่ใช่แบบนั้นจริง ๆ นะ
09-0920	talk	(I said I wasn't taken, but... This is gonna net me some bad karma, isn't it...)	(ผมบอกไปว่ายังโสด แต่... แบบนี้คงทำให้กรรมตามสนองแน่ ๆ เลยสินะ...)
09-0921	talk	Actually, I am taken.	จริง ๆ แล้วผมมีคนคบอยู่นะ
09-0922	talk	...Does it surprise you that much?	...มันน่าแปลกใจขนาดนั้นเลยเหรอ?
09-0923	talk	No, I wouldn't say surprised. It's just that... since the two of us are hanging out at your place... <font_kind=yakuza_italic>alone</font_kind>...	เปล่าค่ะ ไม่ถึงกับแปลกใจหรอก แค่ว่า... ในเมื่อเราสองคนมาอยู่ที่บ้านคุณกัน... <font_kind=yakuza_italic>สองต่อสอง</font_kind>...
09-0924	talk	I thought you might be single.	ฉันนึกว่าคุณยังโสดอยู่ซะอีก
09-0925	talk	Oh. I see.	อ้อ เข้าใจแล้ว
09-0926	talk	Uh-huh. Yeah.	อือ ใช่ค่ะ
09-0927	talk	Huh? What's wrong?	หา? มีอะไรเหรอ?
09-0928	talk	Nothing... I'm just a little shocked!	ไม่มีอะไรหรอกค่ะ... แค่ตกใจนิดหน่อยเอง!
09-0929	talk	Ooh...	โอ้ว...
09-0930	talk	Have you written anything new lately?	ช่วงนี้เขียนอะไรใหม่ๆบ้างไหม?
09-0931	talk	Yeah, I've been working on some lyrics for a song that's been in my head.	ค่ะ ฉันกำลังแต่งเนื้อเพลงที่วนอยู่ ในหัวมาสักพักแล้ว
09-0932	talk	Wow. What kind of song is it?	ว้าว เพลงแบบไหนเหรอ?
09-0933	talk	...You really want to know?	...อยากรู้จริง ๆ เหรอคะ?
09-0934	talk	Of course. I am your number one fan, after all.	แน่นอน ยังไงผมก็เป็นแฟนคลับอันดับ หนึ่งของเธอนี่
09-0935	talk	Ehehe. I'm a little embarrassed to say... But it's a love song.	เอเฮะเฮะ พูดแล้วอายนิดหน่อยนะ... แต่มันเป็นเพลงรักค่ะ
09-0936	talk	Oh? What kind of love song?	อ้อ? เพลงรักแบบไหนล่ะ?
09-0937	talk	It's about coming to terms with your feelings... Like when your heart tells you one thing, but your mind says another.	มันเกี่ยวกับการยอมรับ ความรู้สึกตัวเอง... แบบตอนที่หัวใจบอกอย่างหนึ่ง แต่หัวสมองกลับบอกอีกอย่าง
09-0938	talk	That's what I've got so far.	นี่คือเท่าที่แต่งมาได้ตอนนี้ค่ะ
09-0939	talk	So it's about someone with a wavering heart?	งั้นก็เป็นเรื่องของคนที่หัวใจ ยังลังเลอยู่สินะ?
09-0940	talk	Something like that.	ประมาณนั้นแหละ
09-0941	talk	Are you basing it off actual experience?	เธอเอาประสบการณ์จริงมาแต่งเหรอ?
09-0942	talk	Yes. What I realized when writing this song... is that I'm head-over-heels in love.	ใช่ค่ะ สิ่งที่ฉันรู้ตัวตอนแต่งเพลงนี้... คือฉันตกหลุมรักใครสักคนแบบ หัวปักหัวปำเลย
09-0943	talk	Huh? You are? With who?	หา? จริงเหรอ? กับใครล่ะ?
09-0944	talk	...That's for me to know and for you to find out.	...นั่นเป็นเรื่องที่ฉันรู้อยู่คนเดียว แล้วให้คุณไปหาคำตอบเอาเอง
09-0945	talk	Agh, the suspense is killing me...	อุ๊ย ความอยากรู้อยากเห็นมันทรมานผม จะตายอยู่แล้ว...
09-0946	talk	(Should I invite Sana-chan out? ...No, now's probably not a good time.)	(ควรชวนซานะจังออกไปเที่ยวไหมนะ? ...ไม่ ตอนนี้คงยังไม่ใช่เวลาที่เหมาะ)
09-0947	talk	(Okay, time to ask her out.)	(เอาล่ะ ได้เวลาชวนเธอออกไปเที่ยวแล้ว)
09-0948	talk	Yeah! Wanna go somewhere?	ค่ะ! อยากไปไหนกันดีคะ?
09-0949	talk	Let's meet up at Theater Square and figure it out from there.	ไปเจอกันที่เธียเตอร์สแควร์แล้ว ค่อยคิดกันต่อดีกว่า
09-0950	talk	No worries, I just got here too.	ไม่ต้องห่วง ผมเพิ่งมาถึงเหมือนกัน
09-0951	talk	(Should I give her a present right now?)	(ควรให้ของขวัญเธอตอนนี้เลยดีไหมนะ?)
09-0952	talk	So, I actually have something for you...	เอ่อ ที่จริงผมมีของอยากให้เธอ...
09-0953	talk	Yeah. Check this out...	ใช่ ลองดูนี่สิ...
09-0954	talk	Wow, that's such a cute ring! Aww, and it's shaped just like a heart!	ว้าว แหวนนี่น่ารักมากเลย! โอ้โห แถมยังเป็นรูปหัวใจอีกด้วย!
09-0955	talk	(Whew. Glad she likes it.)	(ฟู่ ดีใจที่เธอชอบนะ)
09-0956	talk	That's really sweet of you...	คุณใจดีกับฉันจังเลยนะ...
09-0957	talk	Can I put it on?	ฉันใส่ได้ไหมคะ?
09-0958	talk	There. Hehe, so what do you think?	เรียบร้อย เฮะเฮะ เป็นไงบ้างคะ?
09-0959	talk	Yep. Looks perfect on you.	ใช่เลย เข้ากับเธอสุดๆ
09-0960	talk	Doesn't it!? I'm impressed... You really have good taste. ❤	ใช่ไหมล่ะ!? ทึ่งเลยนะเนี่ย... คุณเลือกของเก่งจริงๆ
09-0961	talk	Sana-chan, I got you a present. Take it.	ซานะจัง ผมมีของขวัญมาฝาก รับไปสิ
09-0962	talk	Seriously!? You got me something <font_kind=yakuza_italic>this</font_kind> expensive...?	จริงเหรอ!? ซื้อของ<font_kind=yakuza_italic>แพง</font_kind>ขนาดนี้มาให้เลยเหรอ...?
09-0963	talk	Well, yeah...	ก็... ใช่นะ...
09-0964	talk	Oh... I just can't! It's not like I don't like it or anything, but... You didn't have to spend that much.	โธ่... รับไม่ได้หรอก! ไม่ใช่ว่าไม่ชอบนะ แต่... คุณไม่ต้องเสียเงินขนาดนั้นก็ได้
09-0965	talk	Don't say that. I bought it with you specifically in mind.	อย่าพูดงั้นสิ ผมซื้อมาโดยคิดถึงเธอโดยเฉพาะเลยนะ
09-0966	talk	Really? Now I feel a little guilty...	จริงเหรอ? งั้นยิ่งรู้สึกผิดเข้าไปใหญ่...
09-0967	talk	(Damn, I scared her off. Maybe she felt like I was overcompensating?)	(บ้าเอ๊ย ทำเธอตกใจซะแล้ว หรือเธอจะรู้สึกว่าผมพยายามมากเกินไป?)
09-0968	talk	...Oh! Uh, thanks!	...อ้อ! เอ่อ ขอบคุณนะ!
09-0969	talk	Do you... like it?	เธอ... ชอบไหม?
09-0970	talk	Well... I'm happy you were thinking of me!	ก็... ดีใจนะที่คุณคิดถึงฉัน!
09-0971	talk	It doesn't really fit your style, does it...	มันดูไม่ค่อยเข้ากับสไตล์เธอ เท่าไหร่สินะ...
09-0972	talk	To be honest... it's a little too flashy for me. But that doesn't mean it's bad!	พูดตรงๆ นะ... มันฉูดฉาดไปสำหรับฉันนิดหน่อย แต่ไม่ได้แปลว่ามันไม่ดีนะ!
09-0973	talk	Hmm. I thought it would look good on you.	อืม ผมนึกว่ามันจะเข้ากับเธอซะอีก
09-0974	talk	Then I'll have to try it out next time. Maybe.	งั้นครั้งหน้าฉันคงต้องลองใส่ดู มั้งนะ
09-0975	talk	(I guess it was too flashy, according to her.)	(ตามที่เธอว่า คงฉูดฉาดไปหน่อยสินะ)
09-0976	talk	Wow, really? Thank you so much!	ว้าว จริงเหรอ? ขอบคุณมากๆ เลย!
09-0977	talk	(She seems to be pretty happy with it.)	(ท่าทางเธอจะดีใจกับมันเอาเรื่องเลย)
09-0978	talk	(Nah, not today.)	(ไม่ล่ะ ไม่ใช่วันนี้)
09-0979	talk	Where should we go, Takayuki-san?	เราจะไปไหนกันดีคะ ทาคายูกิซัง
09-0980	talk	(Hmm... What would be fun for today?)	(อืม... วันนี้ทำอะไรดีถึงจะสนุกนะ?)
09-0981	talk	How about the batting center?	ไปศูนย์ฝึกตีกันไหม?
09-0982	talk	Cool, then let's get going.	เยี่ยม งั้นไปกันเลย
09-0983	talk	How about some darts?	ไปเล่นดาร์ทกันไหม?
09-0984	talk	Sure! You ready to meet your match?	ได้เลย! พร้อมเจอคู่ปรับตัวจริงหรือยังคะ?
09-0985	talk	Hah, I think she's standing right here in front of me.	ฮ่ะ ผมว่าคู่ปรับยืนอยู่ตรงหน้าผมนี่แหละ
09-0986	talk	Great, then let's get going.	เยี่ยม งั้นไปกันเลย
09-0987	talk	Thanks for coming out with me, Takayuki-san. I had a really great time!	ขอบคุณที่ออกมาเที่ยวด้วยกันนะคะ ทาคายูกิซัง วันนี้สนุกมากเลย!
09-0988	talk	My pleasure. Same here.	ยินดีเลย ผมก็เหมือนกัน
09-0989	talk	Well, I'll be seeing you later then. Call me anytime!	งั้นแล้วเจอกันนะคะ โทรมาได้ตลอดเลย!
09-0990	talk	(Thanks, Sana-chan. Whenever I go out with you, it's like I can finally clear my head.)	(ขอบใจนะ ซานะจัง ทุกครั้งที่ได้ออกมาเที่ยวกับเธอ เหมือนได้ปลดปล่อยหัวสมองที่มัวๆ ออกไปเลย)
09-0991	talk	Ready to send 'em flying, Takayuki-san?	พร้อมส่งมันปลิวไปเลยหรือยังคะ ทาคายูกิซัง?
09-0992	talk	That's amazing! You're always so cool, Takayuki-san!	สุดยอดไปเลย! คุณเท่ตลอดเลยนะ ทาคายูกิซัง!
09-0993	talk	Heh, it was nothing.	ฮึ ไม่มีอะไรหรอก
09-0994	talk	I guess you did okay. Kind of.	ก็โอเคอยู่นะ แบบว่า...พอไหว
09-0995	talk	Nah, that was terrible. I can do much better.	เปล่า อันนั้นแย่มาก ผมทำได้ดีกว่านี้เยอะ
09-0996	talk	Are you tired or something?	เหนื่อยรึเปล่า?
09-0997	talk	Oh, no... I guess I'm just feeling a little off today.	เปล่าหรอก... วันนี้ผมแค่รู้สึกเพี้ยนๆ นิดหน่อยน่ะ
09-0998	talk	Gotcha. Well I'm sure you'll do great next time!	เข้าใจแล้ว ครั้งหน้าต้องทำได้ดีแน่นอนค่ะ!
09-0999	talk	Yes! And I won't lose, either!	ใช่! แล้วฉันก็จะไม่แพ้ด้วย!
09-1000	talk	Aww... You totally destroyed me... You're way too strong, Takayuki-san!	โธ่เอ๊ย... โดนถล่มจนแหลกเลย... คุณเก่งเกินไปแล้ว ทาคายูกิซัง!
09-1001	talk	Yay! I was able to hold my own for once!	เย่! ในที่สุดก็เอาตัวรอดได้สักครั้ง!
09-1002	talk	Definitely. You've gotten really good, Sana-chan.	แน่นอน เธอเก่งขึ้นเยอะเลยนะ ซานะจัง
09-1003	talk	Thanks! It's all to impress you, of course!	ขอบคุณนะ! ก็เพื่อให้คุณทึ่งไงล่ะ!
09-1004	talk	That... did not go as planned.	นั่น... ไม่เป็นไปตามแผนเลย
09-1005	talk	Don't worry, Takayuki-san. I'll let you have a rematch anytime you want.	ไม่ต้องห่วงค่ะ ทาคายูกิซัง แข่งใหม่เมื่อไหร่ก็ได้ตามใจเลย
09-1006	talk	(...Next time I'll win for sure!)	(...คราวหน้าผมชนะแน่!)
09-1007	talk	Takayuki-san, I really want that plushie.	ทาคายูกิซัง ฉันอยากได้ตุ๊กตาตัวนั้นจริงๆ เลย
09-1008	talk	Heh, I've gotten a lot better. Here you go, Sana-chan.	ฮึ ผมเก่งขึ้นเยอะแล้วนะ เอาไปเลย ซานะจัง
09-1009	talk	All right, I got the thing. The plush. Whatever.	โอเค ได้มาแล้ว ตุ๊กตาน่ะ ไม่ว่าจะเรียกว่าอะไรก็เถอะ
09-1010	talk	But, this isn't the one I wanted...	แต่... นี่ไม่ใช่ตัวที่ฉันอยากได้นี่นา...
09-1011	talk	Ooh. Sorry.	โอ้ ขอโทษที
09-1012	talk	No no, I still like it! Thank you!	ไม่ๆ ฉันก็ยังชอบนะ! ขอบคุณค่ะ!
09-1013	talk	(What should I give her?)	(จะให้อะไรเธอดีนะ?)
09-1014	talk	What? Really!?	หา? จริงเหรอ!?
09-1015	talk	That's really sweet of you, Takayuki-san...	คุณใจดีจังเลย ทาคายูกิซัง...
09-1016	talk	I'll treasure it forever!	ฉันจะเก็บไว้ตลอดไปเลย!
09-1017	talk	Sana-chan, I got you a present. Please, take it.	ซานะจัง ผมมีของขวัญมาฝาก รับไว้เถอะนะ
09-1018	talk	Seriously!? You got me something <font_kind=yakuza_italic>that</font_kind> expensive?	จริงเหรอ!? ซื้อของ<font_kind=yakuza_italic>แพง</font_kind>ขนาดนั้นมาให้เลยเหรอ?
09-1019	talk	Oh... I just can't! It's not like I don't like it or anything, but... you didn't have to spend that much.	โธ่... รับไม่ได้หรอก! ไม่ใช่ว่าไม่ชอบนะ แต่... คุณไม่ต้องเสียเงินขนาดนั้นก็ได้
09-1020	talk	(Maybe she felt like I was overcompensating for something?)	(หรือเธอจะรู้สึกว่าผมพยายาม ชดเชยอะไรบางอย่างมากเกินไป?)
09-1021	talk	O-Oh... Wow... Uh, thanks!	อ๊ะ...โอ้โห... เอ่อ ขอบคุณนะ!
09-1022	talk	Do you like it?	ชอบไหม?
09-1023	talk	Well, I'm... happy you were thinking of me!	ก็... ดีใจนะที่คุณคิดถึงฉัน!
09-1024	talk	To be honest... it is a little flashy. But that doesn't mean it's bad!	พูดตรงๆ นะ... มันฉูดฉาดนิดหน่อย แต่ไม่ได้แปลว่ามันไม่ดีนะ!
09-1025	talk	Hmm. I thought it'd look good on you.	อืม ผมนึกว่ามันจะเข้ากับเธอซะอีก
09-1026	talk	Then I'll have to try it out sometime.	งั้นสักวันฉันคงต้องลองใส่ดู
09-1027	talk	(I knew it was a little bit over the top...)	(รู้สึกอยู่แล้วว่ามันเวอร์ไปหน่อย...)
09-1028	talk	So, I actually have something for you.	เอาจริงๆ ผมมีอะไรจะให้เธอ
09-1029	talk	...You can be so thick in the head sometimes, Yagami-san!	...บางทีคุณก็หัวทึบชะมัดเลยนะ ยากามิซัง!
09-1030	talk	Um, Yagami-san. I have something for you.	เอ่อ ยากามิซัง ฉันมีอะไรจะให้คุณ
09-1031	talk	What's this? A record?	นี่อะไรเหรอ? แผ่นเสียงเหรอ?
09-1032	talk	Yes. This was made by the president of my agency to commemorate my first album.	ใช่ค่ะ ประธานค่ายทำให้เป็นที่ระลึก สำหรับอัลบั้มแรกของฉัน
09-1033	talk	Wow, that's pretty elaborate. I'll make sure to listen to this back at the office.	โห อลังการเลยนะเนี่ย เดี๋ยวผมจะเปิดฟังที่สำนักงานเลย
09-1034	talk	Hehe. Hope you like it.	เฮ่อๆ หวังว่าจะชอบนะคะ
09-1035	talk	(Now, what should we talk about today...)	(เอาล่ะ วันนี้จะคุยเรื่องอะไรกันดีนะ...)
09-1036	talk	(That's all we have time for today.)	(วันนี้มีเวลาแค่นี้แหละ)
09-1037	talk	...Takayuki-san. Hehe, that's gonna take some getting used to.	...ทาคายูกิซัง เฮ่อๆ คงต้องใช้เวลาชินสักหน่อยนะเนี่ย
09-1038	talk	It'll come naturally as we spend more time together.	เดี๋ยวก็ชินไปเองแหละ ยิ่งเราใช้เวลาด้วยกันมากขึ้น
09-1039	talk	Then I'll be looking forward to that... Takayuki-san.	งั้นฉันจะรอวันนั้นนะ... ทาคายูกิซัง
09-1040	talk	So will I, Sana-chan.	ผมก็เหมือนกัน ซานะจัง
09-1041	talk	...Guess I'll see you soon?	...คงได้เจอกันเร็วๆ นี้สินะ?
09-1042	talk	Look, if you really consider yourself her fan, then what you're doing right now makes no sense whatsoever.	ฟังนะ ถ้าคุณคิดว่าตัวเองเป็นแฟนคลับ เธอจริงๆ สิ่งที่คุณทำอยู่ตอนนี้มันไม่ สมเหตุสมผลเลยสักนิด
09-1043	talk	Oh, and I live nearby, so I don't have to worry about missing the last train.	อ้อ แล้วฉันอยู่บ้านแถวนี้เอง เลยไม่ต้องห่วงเรื่องรถไฟเที่ยว สุดท้ายด้วย
09-1044	talk	Nice, Sana-chan! That jacket looks great on you!	เยี่ยมเลย ซานะจัง! แจ็กเก็ตตัวนั้นเข้ากับเธอมากเลย!
09-1045	talk	Hehe, you think so?	เฮ่อ ๆ คิดงั้นเหรอ?
09-1046	talk	I didn't have any outfits like this so I wasn't sure how it would go, but I'm glad it looks good!	ฉันไม่เคยมีชุดแบบนี้มาก่อนเลย ไม่ค่อยมั่นใจว่าจะเป็นยังไง แต่ดีใจที่มันดูดีนะ!
09-1047	talk	U-Um, so about the thing I wanted to talk about...	เอ่อ...คือเรื่องที่ฉันอยากจะคุยด้วยน่ะ...
09-1048	talk	Oh yeah, you mentioned something about a confession you had to make.	อ้อ ใช่ เธอเคยพูดถึงเรื่องที่อยาก สารภาพอะไรบางอย่างใช่ไหม
09-1049	talk	Hey, that looks great on you.	เฮ่ อันนั้นเข้ากับเธอมากเลยนะ
09-1050	talk	You think so? It's a little embarrassing... But thank you!	คิดงั้นเหรอ? อายนิดหน่อยเลย... แต่ขอบคุณนะ!
09-1051	talk	I actually have a present for you.	จริงๆ แล้วผมมีของขวัญมาให้เธอด้วย
09-1052	talk	Wow! A racing jacket!? Oh, but...	ว้าว! แจ็กเก็ตนักแข่งเลยเหรอ!? โอ้ แต่ว่า...
09-1053	talk	Hm? You don't like it?	หืม? ไม่ชอบเหรอ?
09-1054	talk	Oh, no, I'm overjoyed! It's just...	เปล่าค่ะ ดีใจสุดๆ เลย! แค่ว่า...
09-1055	talk	If I wear this with you, wouldn't we kinda match?	ถ้าฉันใส่คู่กับคุณ เราจะดูเข้าคู่กันไหมนะ?
09-1056	talk	Oh, good point. I hadn't thought of that.	อ้อ พูดถูกนะเนี่ย ผมไม่ทันคิดถึงตรงนั้นเลย
09-1057	talk	So you don't mind, then!? We'll look so cute! I'll wear it next time!	งั้นไม่ว่าอะไรใช่ไหม!? เราจะดูน่ารักมากเลย! ครั้งหน้าฉันจะใส่มันนะ!
09-1058	talk	(Is matching cute? Well, as long as she's happy.)	(ใส่คู่กันมันน่ารักตรงไหนนะ... เอาเถอะ ขอแค่เธอมีความสุขก็พอ)
09-1059	talk	We'd look like a real couple! It'd be cute to wear this on a date, wouldn't it?	เราจะดูเหมือนคู่รักจริงๆ เลยนะ! ใส่ไปเดตด้วยกันต้องน่ารักมากแน่ๆ ว่าไหม?
09-1060	talk	Y-Yeah... Matching outfits are... cute, I guess.	อื้อ... ชุดคู่กันมันก็... น่ารักดีเหมือนกันนะ ผมว่า
09-1061	talk	(A change of scenery might be nice.)	(เปลี่ยนบรรยากาศดูบ้างก็คงดี)
09-1062	talk	(Nice! I'm liking that.)	(เยี่ยม! ชอบอันนี้เลย)
09-1063	talk	(Eh, nothing I have is really speaking to me...)	(เอ่อ ไม่มีอันไหนที่ถูกใจผมเลยสักอัน...)
09-1064	talk	Well, if it ain't a fresh new face! Howdy! The name's Koro-nyan, an' I run this dang ol' Dice & Cube game!	โอ้โห หน้าใหม่นี่เอง! สวัสดีจ้า! ฉันชื่อโคโระเนียง เจ้าของเกม Dice & Cube เกมป่วนๆ นี้เอง!
09-1065	talk	I was born n' raised in Hiroshima, y'see. Back home I always dreamed of bein' a big-time mascot, and well—here I am!	เกิดและโตที่ฮิโรชิม่านะ แต่ไหนแต่ไรก็ฝันอยากเป็นมาสคอต ชื่อดัง แล้วนี่ก็มายืนอยู่ตรงนี้แล้วไงล่ะ!
09-1066	talk	'Fraid ya only get one roll at the moment...	เกรงว่าตอนนี้จะทอยได้แค่ครั้งเดียวนะ...
09-1067	talk	If ya can't get to a Dice Plus space or reach the goal within that roll...	ถ้าทอยแล้วไปไม่ถึงช่องเพิ่มลูกเต๋า หรือถึงเส้นชัยไม่ได้ในครั้งนั้น...
09-1068	talk	It'll be game over. So better hope n' pray that Lady Luck be with ya whenever them dice get to rollin'!	เกมโอเวอร์ทันที เพราะงั้นภาวนาให้เทพโชคอยู่ ข้างนายไว้ทุกครั้งที่ ลูกเต๋าหมุนเลยนะ!
09-1069	talk	Now then. Notice that the number atop the dice went down by 1?	เอาล่ะทีนี้ สังเกตไหมว่าตัวเลขบนลูกเต๋าลดลงไป 1?
09-1070	talk	That number shows how many dice ya throw during this crazy ol' game. An' when it reaches 0...	ตัวเลขนั้นบอกว่านายทอยลูกเต๋า ได้อีกกี่ครั้งในเกมสุดบ้านี้ แล้วพอมันเหลือ 0 เมื่อไหร่...
09-1071	talk	Bang! Boom! Kablow! It's game over, sonny! So mind that dice number whenever ya make yer moves.	ปัง! บึ้ม! ตูม! เกมโอเวอร์เลยนะ พ่อหนุ่ม! เพราะงั้นดูเลขลูกเต๋าให้ดี ทุกครั้งที่ขยับ
09-1072	talk	Oh! But the higher yer number is here, the higher the bonus you get!	อ้อ! แต่ถ้าตัวเลขนี้ยิ่งสูง โบนัสที่ได้ก็ยิ่งเยอะนะ!
09-1073	talk	The bonus changes depending on how much ya have left. Just press <symbol=button_shikaku> to lookit the details!	โบนัสจะเปลี่ยนไปตามจำนวนที่เหลืออยู่ กด <symbol=button_shikaku> เพื่อดูรายละเอียดได้เลย!
09-1074	talk	Let's keep on goin', sonny boy!	ไปกันต่อเลย พ่อหนุ่ม!
09-1075	talk	Nice li'l trinket ya got there. These item doohickeys or whatever ya kids call 'em are exchanged fer cash at the end.	ของกระจุกกระจิกชิ้นเก่งนี่นา ไอเทมอะไรพวกนี้แหละที่เด็ก สมัยนี้เรียกกัน สุดท้ายจะแลกเป็นเงินสดได้ตอนจบเกม
09-1076	talk	By the way, you can check the details of yer items by pressing <symbol=button_sankaku>, so keep that in your noggin!	ว่าแต่ นายเช็กรายละเอียดไอเทมได้ด้วยการกด <symbol=button_sankaku> นะ จำใส่หัวไว้ด้วยล่ะ!
09-1077	talk	A branching path, eh? Well, whichever way ya go is upta you...	ทางแยกสินะ? เอาล่ะ จะไปทางไหนก็แล้วแต่นายเลย...
09-1078	talk	But whatever fate befalls ya is yer responsibility alone.	แต่ชะตากรรมที่จะเกิดขึ้น นายต้องรับผิดชอบเองคนเดียวนะ
09-1079	talk	...By the way, y'can check what's ahead by pressing <symbol=button_l1> and lookin' at the dang ol' map.	...ว่าแต่ นายเช็กเส้นทางข้างหน้าได้โดยกด <symbol=button_l1> แล้วดูแผนที่บ้าบอนั่นได้นะ
09-1080	talk	The goal draws close! It's just a straight path to the goal now.	ใกล้ถึงเส้นชัยแล้ว! ตอนนี้เหลือแค่ทางตรงไปเส้นชัยเลย
09-1081	talk	Watch your footing and get yerself on over to the goal! Hop to it!	ระวังฝีเท้าแล้วรีบไปให้ถึง เส้นชัยเลยนะ! ไปได้แล้ว!
09-1082	talk	"Dice Plus" increases yer dice by the number displayed on the space.	ช่องเพิ่มลูกเต๋า จะเพิ่มจำนวนลูกเต๋าให้นาย ตามตัวเลขที่แสดงในช่องนั้น
09-1083	talk	It might be a good idea to try n' go for these spaces when yer startin' t'run outta dice!	ถ้าลูกเต๋าใกล้จะหมด ลองมุ่งไปช่องพวกนี้ดูก็ไม่เลวนะ!
09-1084	talk	"Dice Minus" decreases yer dice by the number displayed on the space.	ช่องลดลูกเต๋า จะลดจำนวนลูกเต๋าของนายตามตัว เลขที่แสดงในช่องนั้น
09-1085	talk	Y'can get yer dice back by clearin' "Battle Spaces" or landin' on "Dice Plus" spaces!	นายจะได้ลูกเต๋าคืนได้ด้วยการ ผ่านช่องต่อสู้ หรือหยุดที่ช่องเพิ่มลูกเต๋า!
09-1086	talk	"Gift Space" gives ya items to exchange. Y'might even get somethin' rare n' shiny to boot!	ช่องของขวัญ จะให้ไอเทมมาแลกเปลี่ยน อาจจะได้ของหายากแวววาว ติดไม้ติดมือมาด้วยก็ได้นะ!
09-1087	talk	This's a space where only good things happen, so y'better thank yer lucky stars if ya land here!	ช่องนี้มีแต่เรื่องดีๆ เกิดขึ้น ถ้าหยุดตรงนี้ก็ขอบคุณดวงตัวเอง ไว้เลยนะ!
09-1088	talk	This here's a "Battle Space." The more stars it's got, the rougher n' tougher the battles are!	นี่คือ ช่องต่อสู้ ยิ่งมีดาวเยอะเท่าไหร่ การต่อสู้ก็ยิ่งโหดยิ่งหินขึ้น เท่านั้น!
09-1089	talk	But if ya manage to win, the number of stars the space had will be added t'yer total dice. Not bad, eh?	แต่ถ้าเอาชนะได้ล่ะก็ จำนวนดาวของช่องนั้นจะถูกบวก เพิ่มเข้าไปในลูกเต๋ารวมของนาย ไม่เลวใช่ไหมล่ะ?
09-1090	talk	Okie-doke... Time to show this cockamamie vidya game what yer made of!	โอเคเลย... ได้เวลาโชว์ฝีมือให้เกมบ้าๆ นี่เห็นกันแล้วล่ะ!
09-1091	talk	Ya won't get yer reward unless ya win. Also, you'll be dragged back to the startin' point as a penalty!	ถ้าไม่ชนะก็ไม่ได้รางวัลนะ แถมยังถูกลากกลับไปจุดเริ่มต้น เป็นการลงโทษด้วย!
09-1092	talk	Better luck next time, sonny boy! Hope ya get somethin' good!	ขอให้โชคดีขึ้นในครั้งหน้านะ พ่อหนุ่ม! หวังว่าจะได้ของดีๆ นะ!
09-1093	talk	S-Sonny boy... yer down to zero health! That means y'gotta start from the beginnin'!	พ่อ-พ่อหนุ่ม... เลือดนายหมดแล้ว! หมายความว่าต้องเริ่มใหม่ตั้ง แต่ต้นเลยนะ!
09-1094	talk	Don't worry, I'll get yer health bar back on track... jus' be more careful now, y'hear?	ไม่ต้องห่วง เดี๋ยวฉันจะเติมเลือดให้นายใหม่... แค่ระวังตัวหน่อยนะ ได้ยินไหม?
09-1095	talk	If you fail, sonny...	ถ้านายทำพลาด พ่อหนุ่ม...
09-1096	talk	You'll get kicked back to the start, no doubt! Y'will get all yer health back, though.	จะโดนเตะกลับไปจุดเริ่มต้นแน่นอน! แต่เลือดจะได้กลับมาเต็มนะ
09-1097	talk	Ya don't have enough dice! Which means...	ลูกเต๋านายไม่พอแล้ว! นั่นหมายความว่า...
09-1098	talk	The game's over... Fret not, I'm always here fer ya, so come back again anytime!	เกมจบแล้วล่ะ... ไม่ต้องกังวลไป ฉันอยู่ตรงนี้เสมอ กลับมาใหม่เมื่อไหร่ก็ได้นะ!
09-1099	talk	This ain't just' any ol' Battle Space... it's a Destruction Battle Space, where y'can legally go on an insane rampage!	นี่ไม่ใช่ ช่องต่อสู้ ธรรมดาๆ นะ... มันคือ ช่องต่อสู้แบบทำลายล้าง ที่นายจะได้อาละวาดสุดเหวี่ยง แบบถูกกฎหมายเลย!
09-1100	talk	Y'gotta break, smash, n' overturn everything in this here store within the given time limit!	นายต้องพัง ทุบ แล้วก็คว่ำทุกอย่างในร้านนี้ให้ หมดภายในเวลาที่กำหนด!
09-1101	talk	Yer gonna keep on failin' if ya can't wreck everythin' within the time limit...	ถ้าทุบทำลายทุกอย่างไม่หมดใน เวลาที่กำหนด นายก็จะพลาดไปเรื่อยๆ นะ...
09-1102	talk	Put some elbow grease into it next time, eh?	ครั้งหน้าออกแรงให้เต็มที่หน่อยนะ เอาไหมล่ะ?
09-1103	talk	Ah, this's a Warp Space! If y'manage to land here, y'can warp to a different space on the board!	อ้า นี่คือ ช่องวาร์ป! ถ้าหยุดตรงนี้ได้ นายจะเวิร์ปไปยังช่องอื่นบน กระดานได้เลย!
09-1104	talk	This space here n' the one it warps to stay connected, so y'can go back n' forth as much as y'want! Use 'em wisely!	ช่องนี้กับช่องปลายทางเชื่อมกันอยู่ ไปๆ มาๆ ได้ตามใจชอบเลย ใช้ให้ฉลาดล่ะ!
09-1105	talk	This right here's a Drone Space, where you'll fight a vicious drone. Sure didn't have these back in my day...	ตรงนี้คือ ช่องโดรน นายจะต้องสู้กับโดรนดุร้าย สมัยฉันไม่มีของแบบนี้หรอกนะ...
09-1106	talk	Anyway, all y'need to do is shoot down the enemy drones by usin' yer high-flyin', quick-dodgin' piloting skills!	ยังไงก็ตาม สิ่งที่นายต้องทำก็แค่ยิงโดรน ศัตรูให้ร่วง ด้วยฝีมือการบินโฉบเฉี่ยวหลบ เก่งของนายนั่นแหละ!
09-1107	talk	So ya got shot down, huh... Guess they were a lick too fast for ya.	โดนยิงร่วงซะแล้วสินะ... สงสัยพวกมันจะไวกว่านายนิดหน่อยนะ
09-1108	talk	It happens! You'll jus' hafta start over, m'boy!	มันก็เกิดขึ้นได้! นายแค่ต้องเริ่มใหม่ พ่อหนุ่ม!
09-1109	talk	When y'land on a Safe Space, you'll hafta open a locked safe usin' lock pickin' or even the good ol' thumb turn bypass.	พอหยุดที่ ช่องตู้เซฟ นายจะต้องงัดตู้เซฟที่ล็อกอยู่ ด้วยการงัดกุญแจหรือ เลี่ยงกลอนบิดแบบเก่าแก่ นั่นแหละ
09-1110	talk	You'll get a mighty-fine item if y'can open the safe in time.	ถ้างัดตู้เซฟทันเวลา นายจะได้ไอเทมชั้นดีไปเลยนะ
09-1111	talk	Couldn't do it? Nice goin', butterfingers...	ทำไม่ได้เหรอ? เก่งมากเลยนะ เจ้ามือลั่น...
09-1112	talk	Now whatever was inside is gone! Try not t'let the next chance slip through yer fingers, y'hear?	ทีนี้ของที่อยู่ข้างในก็หายไปหมดแล้ว! ครั้งหน้าอย่าให้โอกาสหลุดมือไปอีกล่ะ ได้ยินไหม?
09-1113	talk	Y'really cleared the entire course!? Say... that's one fer the record books, I'll tell ya that!	นายเคลียร์ทั้งด่านได้จริงๆ เหรอเนี่ย!? ว้าว... นี่ต้องบันทึกลงประวัติศาสตร์เลยนะ บอกเลย!
09-1114	talk	We gotta celebrate with some sake! Hm? VR sake, o'course!	ต้องฉลองด้วยสาเกสักหน่อยแล้ว! หืม? ก็สาเก VR น่ะสิ!
09-1115	talk	Ah. The time has come. Y'see, when you roll 5 6 2...	อ้า ถึงเวลาแล้ว นายดูนะ พอนายทอยได้ 5 6 2...
09-1116	talk	In other words, my favorite number... you'll immediately enter... Koro-nyan Mode!	พูดง่ายๆ ก็คือตัวเลขที่ฉันชอบที่สุด... นายจะเข้าสู่... โคโระเนียงโหมดทันที!
09-1117	talk	You're in luck, sonny! Let's give it a go!!!	โชคดีจังเลย พ่อหนุ่ม! ลองดูกันเลย!!!
09-1118	talk	That sparkly golden fella over there... is actually an incarnation of the great King Koro-nyan!	ตัวแวววาวสีทองที่อยู่ตรงโน้น... จริงๆ แล้วคือร่างอวตารของราชา โคโระเนียงผู้ยิ่งใหญ่เลยนะ!
09-1119	talk	If y'defeat him, an extra King Koro-nyan will appear on the map!	ถ้าเอาชนะเขาได้ ราชาโคโระเนียงตัวพิเศษจะปรากฏ ขึ้นบนแผนที่อีกตัวนะ!
09-1120	talk	Now go get 'em... an' receive the great King Koro-nyan's blessing!	ไปจัดการซะ... แล้วรับพรจากราชาโคโระเนียง ผู้ยิ่งใหญ่เลย!
09-1121	talk	A job well done, m'boy! Now, somewhere in the city...	ทำได้ดีมาก พ่อหนุ่ม! เอาล่ะ ที่ไหนสักแห่งในเมือง...
09-1122	talk	Sure is nice to have some company in this doggone virtual prison o'mine, heh heh! Now lemme learn ya the rules!	ดีจังที่มีเพื่อนมาอยู่ในคุก เสมือนจริงของฉันบ้าง เฮ่อๆ! เอาล่ะ ให้ฉันสอนกติกาให้ฟังนะ!
09-1123	talk	There're 3 basic things y'oughta know 'bout Dice & Cube:	มีสามข้อพื้นฐานที่นายควรรู้เกี่ยวกับ Dice & Cube:
09-1124	talk	First, y'can start rollin' them there dice with <symbol=button_decide> and stop 'em with <symbol=button_decide>.	ข้อแรก นายเริ่มทอยลูกเต๋าได้ด้วย <symbol=button_decide> แล้วหยุดมันด้วย <symbol=button_decide>
09-1125	talk	Second, there's a limit to how many dice y'can roll per game.	ข้อสอง จำนวนครั้งที่นายทอยลูกเต๋าได้ ในแต่ละเกมมีจำกัดนะ
09-1126	talk	And third. Items ya find 'round these parts are converted 'ta cash rewards once all's said n' done.	และข้อสาม ไอเทมที่เจอแถวนี้จะถูกแปลงเป็น เงินรางวัลตอนจบเกม
09-1127	talk	This third rule's mighty important... but I reckon it's quicker to show ya than just runnin' off at the mouth!	กติกาข้อสามนี้สำคัญมากเลยนะ... แต่ฉันว่าให้ดูของจริงจะเร็ว กว่าพูดพร่ำเยอะๆ!
09-1128	talk	Time fer yer first roll! Don't be nervous now, sonny. Loosen up them shoulders an' relax them cheeks!	ได้เวลาทอยครั้งแรกแล้ว! อย่าตื่นเต้นนะ พ่อหนุ่ม ผ่อนคลายไหล่แล้วก็แก้มหน่อย!
09-1129	talk	There should be another King Koro-nyan! Check on yer map by pressing <symbol=button_l1>!	น่าจะมีราชาโคโระเนียงอีกตัวนะ! เช็กแผนที่ได้ด้วยการกด <symbol=button_l1>!
09-1130	talk	Couldn't get the gold guy, huh... Well, I'm sure you'll see him again sometime!	จับตัวสีทองไม่ได้สินะ... เอาเถอะ ฉันแน่ใจว่านายจะได้เจอมันอีกแน่นอน!
09-1131	talk	Don't worry about it. Jus' keep doin' yer thing!	ไม่ต้องกังวลไปหรอก แค่ทำในสิ่งที่นายถนัดต่อไปเถอะ!
09-1132	talk	Th-That purple fella...! That's Kuro-nyan's evil incarnation!	ตั-ตัวสีม่วงนั่น...! นั่นคือร่างชั่วร้ายของคุโระเนียงนี่!
09-1133	talk	If you don't defeat him, his evil presence'll manifest somewhere in the city...	ถ้านายไม่เอาชนะมัน พลังชั่วร้ายของมันจะแผ่ไป ทั่วเมืองแน่...
09-1134	talk	Which means another Kuro-nyan will appear! So y'cant afford to lose, sonny boy!	นั่นแปลว่าคุโระเนียงตัวใหม่จะ โผล่มาอีก! เพราะงั้นแพ้ไม่ได้เด็ดขาดนะ พ่อหนุ่ม!
09-1135	talk	You did it, sonny! Now you won't have to worry about that gosh dern Kuro-nyan...	ทำได้แล้ว พ่อหนุ่ม! ตอนนี้ไม่ต้องห่วงเรื่อง คุโระเนียงจอมป่วนนั่นแล้ว...
09-1136	talk	For a while, anyway. Y'never know when that dang ol' cat's gonna show up again, so y'best mind yer step.	อย่างน้อยก็สักพักนึงแหละนะ ไม่มีใครรู้ว่าไอ้แมวบ้านั่นจะ โผล่มาอีกเมื่อไหร่ ระวังฝีเท้าไว้ดีกว่า
09-1137	talk	Doggone it... there's another Kuro-nyan on the map!	อุ๊ยตายจริง... มีคุโระเนียงอีกตัวบนแผนที่แล้ว!
09-1138	talk	Kuro-nyan likes to give chase, so be careful not to bump into him!	คุโระเนียงชอบไล่ล่านะ ระวังอย่าไปชนมันเข้าล่ะ!
09-1139	talk	Yowza! My whiskers're tinglin' all of a sudden! Kuro-nyan might be nearby...	โอ้โฮ! จู่ๆ หนวดฉันก็สั่นระริก! คุโระเนียงอาจจะอยู่ใกล้ๆ แถวนี้...
09-1140	talk	If ya bump inta that mischievous li'l creature, he'll be sure t'cause ya some trouble...	ถ้านายไปชนไอ้ตัวแสบนั่นเข้า มันสร้างปัญหาให้นายแน่นอน...
09-1141	talk	So make sure to avoid him at all costs! Understand, sonny!?	เพราะงั้นหลบมันให้ไกลๆ ไว้เลยนะ! เข้าใจไหม พ่อหนุ่ม!?
09-1142	talk	Such a noble n' kingly presence in the air... I reckon King Koro-nyan's nearby!	มีสัมผัสอันสง่างามแบบราชาลอย อยู่ในอากาศ... ฉันว่าราชาโคโระเนียงต้องอยู่ใกล้ๆ แถวนี้แน่ๆ!
09-1143	talk	Check on the map n' find him, sonny boy!	เช็กแผนที่แล้วตามหามันเลย พ่อหนุ่ม!
09-1144	talk	Deary me... if it ain't the magnificent King Koro-nyan himself! Never thought I'd live t'see the day!	แหม่ๆ... นี่มันราชาโคโระเนียง ผู้ยิ่งใหญ่ตัวจริงเลยนี่นา! ไม่คิดเลยว่าจะได้เห็นวันนี้!
09-1145	talk	Y'see, King Koro-nyan's a good and benevolent ruler that governs over virtual Kamurocho!	นายดูนะ ราชาโคโระเนียงเป็นผู้ปกครองที่ ดีและใจบุญที่ดูแล คามุโรโจเสมือนจริงอยู่!
09-1146	talk	Something good is bound t'happen if ya meet him!	ถ้าได้เจอมัน ต้องมีเรื่องดีๆ เกิดขึ้นแน่นอน!
09-1147	talk	That's why ya should chase after him whenever you see him!	เพราะงั้นเห็นเมื่อไหร่ก็ไล่ตาม ไปเลยนะ!
09-1148	talk	No... it can't be... say it ain't so! Unless my eyes deceive me, and deceive me they often do... that's Kuro-nyan!!!	ไม่นะ... เป็นไปไม่ได้... บอกว่าไม่ใช่สิ! นอกจากสายตาฉันจะหลอกตัวเอง ซึ่งก็เกิดขึ้นบ่อยอยู่นะ... นั่นมันคุโระเนียง!!!
09-1149	talk	He's a trickster who gets his kicks by chasin' folks around and causin' general mischief n' mayhem!	มันเป็นตัวป่วนที่สนุกกับการไล่ คนไปทั่วแล้ว ก่อความวุ่นวายป่วนๆ ไปทั่ว!
09-1150	talk	Somethin' bad'll definitely happen if you run into him, so be careful, m'boy!	ถ้าเจอมันเข้า ต้องมีเรื่องแย่ๆ เกิดขึ้นแน่นอน ระวังตัวด้วยนะ พ่อหนุ่ม!
09-1151	talk	So, y'met King Koro-nyan? Well, that's fine n' dan— Ehh!? What's happenin' to me...?	อ้อ นายเจอราชาโคโระเนียงเหรอ? งั้นก็ดีเลยน่ะ— เอ๊ะ!? เกิดอะไรขึ้นกับฉันเนี่ย...?
09-1152	talk	I feel... alive again! There's power coursin' through these ol' bones o' mine... This can only mean one thing:	ฉันรู้สึก... มีชีวิตชีวาขึ้นมาอีกครั้ง! มีพลังไหลเวียนอยู่ในกระดูกเก่าๆ ของฉัน... นี่มันหมายความอย่างเดียวเลยคือ:
09-1153	talk	It's Koro-nyan Moooooooode!!!	นี่มันโคโระเนียงโหมมมมมด!!!
09-1154	talk	Y'could say I'm a <font_kind=yakuza_italic>cat</font_kind>alyst for all this <font_kind=yakuza_italic>meow</font_kind>erful energy...\nIn other words... it's bonus time!	พูดได้ว่าฉันเป็นตัว<font_kind=yakuza_italic>เหมียว</font_kind>เร่งพลัง <font_kind=yakuza_italic>เมี้ยว</font_kind>มหาศาลนี่แหละ...\nพูดอีกอย่างคือถึงเวลาโบนัสแล้ว!
09-1155	talk	Every space'll turn into a Bonus Challenge! That's a lotta opportunities to gain some good stuff!	ทุกช่องจะกลายเป็น โบนัสชาเลนจ์ หมดเลย! โอกาสได้ของดีๆ เพียบเลยนะ!
09-1156	talk	It stops once you have moved 3 times, do your best!	มันจะหยุดเมื่อนายเดินครบ 3 ครั้ง สู้ๆ นะ!
09-1157	talk	All right, let's make it rain, sonny!	เอาล่ะ ทำให้เงินสะพัดกันเลย พ่อหนุ่ม!
09-1158	talk	Bonus Challenge time! Get ready for a Knockout Battle! All y'gotta do is beat the tar outta these enemies I prepared!	ได้เวลา โบนัสชาเลนจ์ แล้ว! เตรียมตัวรับมือ ศึกน็อกเอาต์ ได้เลย! สิ่งที่นายต้องทำก็แค่ถล่มศัตรู ที่ฉันเตรียมไว้ให้เละเป็นโจ๊ก!
09-1159	talk	You'll get an additional bonus based on how many attacks ya landed, so sock 'em to yer heart's content!	นายจะได้โบนัสเพิ่มตามจำนวน ครั้งที่โจมตีโดน เพราะงั้นซัดให้สะใจไปเลย!
09-1160	talk	This Bonus Challenge right here's a Destruction Battle!\nIn other words, break everythin' in sight!	โบนัสชาเลนจ์ ครั้งนี้คือ ศึกทำลายล้าง!\nพูดง่ายๆ คือทุบทุกอย่างที่เห็นให้หมด!
09-1161	talk	The more stuff ya break, the better yer rewards'll be!\nSo get in there n' do some damage!	ยิ่งทุบเยอะ รางวัลก็ยิ่งดีขึ้นเท่านั้น!\nเพราะงั้นเข้าไปอัดให้เต็มที่เลย!
09-1162	talk	Atta boy! Ya punched yer way into gettin' an additional bonus!	เก่งมาก! ต่อยจนได้โบนัสเพิ่มมาเลยนะ!
09-1163	talk	Accept it graciously!	รับไปด้วยความยินดีเลยนะ!
09-1164	talk	Erm. Sonny. Y'do hafta hit these folks at least once to get the bonus, y'hear?	เอ่อ... พ่อหนุ่ม นายต้องต่อยพวกนี้อย่างน้อย สักทีนึงถึงจะได้โบนัสนะ ได้ยินไหม?
09-1165	talk	Punch the livin' daylights outta it next time and make tons of dough!	ครั้งหน้าต่อยให้เต็มที่แล้ว กวาดเงินมาเพียบเลย!
09-1166	talk	Ooooh, now you gone an' done it! Y'bumped into Kuro-nyan!\n...I gotta bad feelin' about this...	โอ้โห นายทำเรื่องเข้าแล้วสิ! ไปชนคุโระเนียงเข้าให้แล้ว!\n...ฉันมีลางไม่ดีเลยนะเนี่ย...
09-1167	talk	*hissss* Wh-What's he doin'...!?	*ฟ่อออ* มั-มันทำอะไรน่ะ...!?
09-1168	talk	Noooooo...! That scoundrel! He went n' took all yer precious items!	ไม่นะ...! ไอ้เจ้าเล่ห์นี่! มันคว้าไอเทมล้ำค่าของนายไปหมดเลย!
09-1169	talk	Still, he must be somewhere in the city! You gotta catch up t'him and get those items back...	ถึงยังไงมันก็ต้องอยู่แถวนี้แหละ! นายต้องตามไปให้ทันแล้วเอาไอเทมคืนมา...
09-1170	talk	While we're at it, let's take all them other items he's been stockin' up and teach him a real good lesson!!!	ในเมื่อยังไงก็ตามไปแล้ว งั้นเอาไอเทมที่มันสะสมไว้มาด้วยเลย แล้วสั่งสอนมันซะให้เข็ดไปเลย!!!
09-1171	talk	Aha! I sense Kuro-nyan lurkin' nearby! Looks like he's meanin' ta scamper away from ya!	อ้าฮ่า! ฉันรู้สึกได้ว่าคุโระเนียงซุ่ม อยู่แถวนี้! ท่าทางมันจะพยายามหนีนายนะ!
09-1172	talk	Find that little whippersnapper on the map, then go clobber him!	หาไอ้ตัวแสบนั่นในแผนที่ให้เจอ แล้วจัดการมันซะ!
09-1173	talk	Gotcha, ya little thief! Now hand over the items... Eh!? He's callin' in reinforcements!	จับได้แล้ว ไอ้ขโมยตัวน้อย! เอาไอเทมคืนมาซะ... เอ๊ะ!? มันเรียกกำลังเสริมมา!
09-1174	talk	Doesn't matter! You jus' show him who's boss!	ไม่เป็นไร! สั่งสอนให้มันรู้ว่าใครใหญ่ไปเลย!
09-1175	talk	Y'did it, sonny!	ทำได้แล้ว พ่อหนุ่ม!
09-1176	talk	Y'got all yer items back and then some!	ได้ไอเทมคืนมาครบแถมยังมากกว่าเดิมอีก!
09-1177	talk	Maybe dependin' on how you approach him, even a whelp like Kuro-nyan can be useful!	แล้วแต่วิธีที่นายจัดการกับมันนะ แม้แต่ไอ้ตัวแสบอย่างคุโระเนียง ก็ยังมีประโยชน์ได้เหมือนกัน!
09-1178	talk	Now let's get on over to the goal, sonny!	เอาล่ะ ไปให้ถึงเส้นชัยกันเลย พ่อหนุ่ม!
09-1179	talk	In order t'become a sweeter mascot, I reckon I oughta learn more about sweets! Such as? Uh... marinated seaweed?	ถ้าจะเป็นมาสคอตที่หวานขึ้น ฉันว่าต้องไปเรียนรู้เรื่อง ของหวานเพิ่มหน่อย เช่นอะไรดีล่ะ? เอ่อ... สาหร่ายดองเหรอ?
09-1180	talk	My ol' lady, she says drinkin' sweet potato shochu ain't cute! So I changed m'regular snack to fermented soybeans!	คนรู้ใจของฉันบอกว่ากินโชจู มันเทศมันไม่น่ารักเลย! เลยเปลี่ยนของกินเล่นประจำมา เป็นถั่วเน่าหมักแทน!
09-1181	talk	Hurgh... this pungent odor... smells like the pharmacy back in Hiroshima. Gee, I wonder how the ol' gang is doin'...	อื้อ... กลิ่นฉุนๆ นี่... เหมือนกลิ่นร้านขายยาที่ฮิโรชิม่าเลย ไม่รู้พวกแก๊งเก่าจะเป็นยังไง กันบ้างนะ...
09-1182	talk	Y'got yerself a nice lady to come home to? C'mon, y'can tell yer ol' pal Koro-nyan... Bet I could cheer ya right up!	มีคนดีๆ รอนายกลับบ้านหรือเปล่า? เอาน่า บอกเพื่อนซี้โคโระเนียงได้นะ... ฉันช่วยให้นายสดชื่นขึ้นได้แน่!
09-1183	talk	If I were t'become a national mascot sensation... y'think I'd do better in movies!? Or bein' a newscaster!?	ถ้าฉันดังไปทั้งประเทศจน กลายเป็นมาสคอตระดับชาติ... นายว่าฉันจะเล่นหนังเก่งกว่านี้ไหม!? หรือเป็นผู้ประกาศข่าวดี!?
09-1184	talk	Don't worry if ya screw up every now n' then. It's jus' a game! Ya won't lose a pinky over it or nothin'.	ไม่ต้องห่วงถ้านายพลาดบ้างเป็น บางครั้ง มันก็แค่เกม! ไม่เสียนิ้วก้อยไปหรอกน่า
09-1185	talk	A mascot's gotta be cute n'furry, right!? Well, all I need t'do is find some fur... Huh? Yer sayin' I got it backwards?	มาสคอตต้องน่ารักแล้วก็มีขนฟูๆ ใช่ไหมล่ะ!? เอาล่ะ ฉันแค่ต้องหาขนสักหน่อย... หืม? นายว่าฉันเข้าใจผิดเหรอ?
09-1186	talk	My pa, he's a programmer. From Hiroshima, too. Heard he's makin' some sorta zombie shootin' game in Kamurocho now.	พ่อฉันเป็นโปรแกรมเมอร์ อยู่ฮิโรชิม่าเหมือนกัน ได้ยินว่าตอนนี้กำลังทำเกมยิง ซอมบี้อยู่ที่คามุโรโจ
09-1187	talk	Hey. Y'got the eyes of a man who's seen his share of scuffles... Reminds me of my oath brothers back home...	เฮ่ นายมีสายตาแบบคนที่ผ่านศึกมาเยอะนี่นา... ทำให้นึกถึงเพื่อนสาบานที่บ้านฉันเลย...
09-1188	talk	Dude, so I decided to nerf my dialect in the dialogue settings, and— Y'don't hafta look so happy, y'know!	เฮ้ย เอาจริงๆ ฉันเพิ่งลดสำเนียงบ้านๆ ของตัวเองในเมนูตั้งค่าบทพูดไป เมื่อกี้ แล้ว— ไม่ต้องดีใจขนาดนั้นก็ได้นะ!
09-1189	talk	I got a hankerin' for one o'them whatchamacallits... crepes! Once I escape this virtual prison, I'm gonna chow down!	อยากกินของที่เขาเรียกว่า... เครปไง! พอออกจากคุกเสมือนจริงนี่เมื่อไหร่ ฉันจะจัดหนักเลย!
09-1190	talk	The famous Ono Michio... folks love that big, orange-headed fella, don't they? I s'pose he's a worthy rival fer me.	โอโนะ มิชิโอะ คนดังนั่น... ทุกคนชอบไอ้หัวส้มตัวใหญ่นั่นกันจริงๆ นะ ฉันว่าเขาเป็นคู่แข่งที่ สมน้ำสมเนื้อกับฉันเลยล่ะ
09-1191	talk	Heard they have stuffed versions of me in the outside world. Didja know that, sonny boy?	ได้ยินว่ามีตุ๊กตาสตัฟฟ์รูปฉัน ขายอยู่ข้างนอกด้วยนะ รู้หรือเปล่า พ่อหนุ่ม?
09-1192	talk	Ain't I the most adorable goddamn mascot y'ever seen!? I been askin' around, but folks seem too scared t'answer...	ฉันคือมาสคอตที่น่ารักที่สุด เท่าที่นายเคยเห็นมาเลยใช่ไหม ล่ะ!? ฉันถามไปทั่วแล้วนะ แต่ทุกคนเหมือนจะกลัวจนตอบไม่ได้...
09-1193	talk	Nice t'see ya back, sonny! Make a lot of money n' drink some damn good booze!	ดีใจที่นายกลับมานะ พ่อหนุ่ม! หาเงินเยอะๆ แล้วก็ดื่มเหล้าดีๆ ให้สนุกเลย!
09-1194	talk	Y'came back, eh? Well, go on, show 'em whatcha got!	กลับมาแล้วสินะ? เอาล่ะ ไปโชว์ฝีมือให้พวกมันเห็นเลย!
09-1195	talk	Virtual Kamurocho's open 365 days a year... So rake in a big load o'cash n' buy yer good friend Koro-nyan a drink!	คามุโรโจเสมือนจริงเปิดตลอด 365 วันนะ... เพราะงั้นกวาดเงินมาเยอะๆ แล้วซื้อเหล้าเลี้ยงเพื่อนซี้ โคโระเนียงหน่อยสิ!
09-1196	talk	Well, <font_kind=yakuza_italic>somebody's</font_kind> lookin' like a handsome specimen of a man! ...That's enough flattery for today, so let's get started.	แหม <font_kind=yakuza_italic>ใครบางคน</font_kind> ดูหล่อเป็นตัวอย่างของผู้ชายเลย นะเนี่ย! ...พอแค่นี้กับคำชมวันนี้ เริ่มกันเลยดีกว่า
09-1197	talk	Hewwo, I'm Koro-nyan! *purrr* Nice to meetcha! *mrowww*\n...Gawd, that was hideous.	หวัดดีจ้า ฉันโคโระเนียงเอง! *คราง* ยินดีที่ได้รู้จักนะ! *เมี้ยว*\n...พระเจ้า นั่นมันน่าเกลียดชะมัด
09-1198	talk	I only go over-the-top like this because I want ya t'be happy. Sorry if it's a bit much.	ที่ฉันเว่อร์ขนาดนี้ก็เพราะอยาก ให้นายมีความสุขนั่นแหละ ขอโทษนะถ้ามันเยอะไปหน่อย
09-1199	talk	Back in Hiroshima, my pa worked his darndest to make me into a mascot everyone would love.	ตอนอยู่ฮิโรชิม่า พ่อฉันพยายามสุดตัวเพื่อปั้นฉัน ให้เป็นมาสคอตที่ทุกคนรัก
09-1200	talk	Wonder if I should put on some cat ears to show off m'cuteness... Wait, I have 'em on already!?	สงสัยจะต้องใส่หูแมวเพิ่มเพื่อ อวดความน่ารักหน่อยนะ... เดี๋ยวนะ ฉันใส่อยู่แล้วนี่!?
09-1201	talk	Cyberspace is my personal territory. I'm the judge, jury, n' executioner here, so don't worry 'bout no gahtdang cops.	โลกไซเบอร์นี้คืออาณาเขตส่วนตัวของฉัน ฉันเป็นทั้งผู้พิพากษา ลูกขุน แล้วก็เพชฌฆาตในที่นี้เอง ไม่ต้องห่วงเรื่องตำรวจบ้าบอ อะไรทั้งนั้น
09-1202	talk	I went n' bought me a ribbon to accent my cuter features, but I can't put it on cause o' my fiber allergies... *sniff*	ฉันไปซื้อโบว์มาแต่งเพิ่ม ความน่ารักด้วยนะ แต่ใส่ไม่ได้เพราะแพ้เส้นใย... *สูดจมูก*
09-1203	talk	My dream in this virtual life o'mine? To make my pa proud of callin' me "son"... by becomin' a well-loved mascot!	ความฝันในชีวิตเสมือนจริงของฉันเหรอ? อยากให้พ่อภูมิใจที่เรียกฉันว่า "ลูกชาย"... ด้วยการเป็นมาสคอตที่ทุกคนรักไงล่ะ!
09-1204	talk	...I wanna be cute, I really do, but my favorite food is squid. Don't tell nobody, got it?	...ฉันอยากน่ารักนะ อยากจริงๆ แต่อาหารโปรดของฉันคือปลาหมึก อย่าไปบอกใครล่ะ เข้าใจไหม?
09-1205	talk	Nice town, ain't it? I heard it's modeled exactly after the real Kamurocho, right down to the grime caked into the road!	เมืองนี้เจ๋งดีเนอะ? ได้ยินว่าจำลองมาจากคามุโรโจ ของจริงเป๊ะๆ เลย ขนาดคราบสกปรกบนถนนยังเหมือนเลย!
09-1206	talk	This is highly confidential, but... if y'add up all the numbers on my sides, the total's 21.	เรื่องนี้เป็นความลับสุดยอดนะ... แต่ถ้านายบวกตัวเลขทุกด้านของ ฉันรวมกัน จะได้ 21 พอดี
09-1207	talk	Heard y'can win a prize worth more n' 50,000 yen if y'get good at this dang ol' game!	ได้ยินว่าถ้าเก่งเกมบ้านี่จริงๆ จะได้รางวัลมูลค่ากว่า 50,000 เยนเลยนะ!
09-1208	talk	There's some real dern good stuff locked up in them Safe Spaces... such as premium-grade canned cat food!	มีของดีๆ ล็อกอยู่ในช่องตู้เซฟ เพียบเลยนะ... เช่นอาหารแมวกระป๋องเกรดพรีเมียม!
09-1209	talk	Y'can use railguns, y'can shoot energy blasts... Ain't nothin' sweeter than dukin' it out here in virtual reality!	นายใช้ปืนรางได้ ยิงพลังงานได้เลยนะ... ไม่มีอะไรฟินไปกว่าได้ซัดกันใน โลกเสมือนจริงแบบนี้อีกแล้ว!
09-1210	talk	Warp Spaces... it's as if they're connected by a hyperspace tunnel. Go through 'em and watch yerself get whisked away!	ช่องวาร์ปนี่นะ... เหมือนมีอุโมงค์ไฮเปอร์สเปซ เชื่อมกันอยู่ เดินผ่านเข้าไปแล้วนายจะถูก ส่งตัวปลิวไปเลยล่ะ!
09-1211	talk	Beatin' up baddies on Battle Spaces'll earn ya somethin' good, I tell ya! For instance, more dice or items!	ถล่มพวกตัวร้ายในช่องต่อสู้แล้ว นายจะได้ของดี ๆ นะบอกให้ อย่างเช่นลูกเต๋าเพิ่มหรือไอเทมไง!
09-1212	talk	Kuro-nyan's always been up to no good... Believe me, I've had my fair share of run-ins with that damn cat...	คุโระเนียงมันไม่เคยทำดีเลยสักครั้ง... เชื่อฉันสิ ฉันเจอกับแมวจอมป่วนตัวนั้นมา ไม่รู้กี่รอบแล้ว...
09-1213	talk	My body's colored baby blue—perfect for Kamurocho's next top mascot!	ตัวฉันสีฟ้าอ่อนนี่นะ เหมาะเป็นมาสคอตเบอร์หนึ่งคน ต่อไปของคามุโรโจสุด ๆ เลยล่ะ!
09-1214	talk	Ain't nothin' better than sweet potato shochu n' some dried shredded squid... Ehh? Yer sayin' mascots don't do that?	ไม่มีอะไรเข้ากันเท่าโชจูมันเทศ กับปลาหมึกฝอยตากแห้งอีกแล้ว... เอ๊ะ? นายว่ามาสคอตไม่ทำแบบนี้กันเหรอ?
09-1215	talk	Yer here! Hope ya line yer pockets with so much cash, it'll chafe against yer lanky human legs! Gahah!	มาแล้วเหรอ! หวังว่านายจะกอบโกยเงินจน กระเป๋าตุงเสียดสีขาผอม ๆ ของนายเลยนะ! กะฮ่ะฮ่ะ!
09-1216	talk	This bum's just a 1-star scrub. Hardly worth the buckle on his belt! Betcha could beat him with one arm tied!	ไอ้หมอนี่แค่มือใหม่ 1 ดาว ไม่คุ้มค่าหัวเข็มขัดมันเลยด้วยซ้ำ! เอามือเดียวก็เอาชนะได้สบาย ๆ
09-1217	talk	This battle's only a 1-star, so if anything it'll be a good warm-up! Now go pound 'em into data dust, sonny boy!	การต่อสู้นี้แค่ 1 ดาว อย่างมากก็แค่วอร์มอัพ! เอาล่ะ ไปถล่มมันให้แหลกเป็นผงข้อมูล เลยพ่อหนุ่ม!
09-1218	talk	This here's a 1-star Battle Space, so it should be a good way to test your strength!	นี่คือช่องต่อสู้ 1 ดาว น่าจะเป็นทางที่ดีในการลองพลัง ของนายนะ!
09-1219	talk	A puny 1-star Battle Space with puny 1-star enemies. Here's yer opportunity to gather up some extra dice!	ช่องต่อสู้ 1 ดาวกระจอก ๆ กับศัตรู 1 ดาวกระจอก ๆ นี่แหละโอกาสให้นายเก็บลูกเต๋า เพิ่มเลย!
09-1220	talk	This's a 1-star battle. Shouldn't give ya one bit of trouble! Now go out n' show 'em what's what!	นี่คือการต่อสู้ 1 ดาว ไม่น่าจะทำให้นายลำบากสักนิด! ไปโชว์ฝีมือให้มันเห็นกันเลย!
09-1221	talk	This one's a 2-star, so it might be a bit more difficult. But I believe in ya, sonny! Do that kung fu stuff y'always do!	อันนี้ 2 ดาว อาจจะยากขึ้นมาหน่อย แต่ฉันเชื่อในตัวนายนะพ่อหนุ่ม! ทำท่ากังฟูที่นายถนัดออกมาเลย!
09-1222	talk	Ya landed on a 2-star Battle Space, so get ready for a good challenge. Remember t'keep yer guard up!	นายตกลงช่องต่อสู้ 2 ดาว เตรียมรับความท้าทายดี ๆ ไว้เลย อย่าลืมยกการ์ดขึ้นด้วยล่ะ!
09-1223	talk	Y'got yerself a 2-star battle on yer hands, big man! Ready t'send 'em to the recycle bin? Good! 	นายได้เจอการต่อสู้ 2 ดาวแล้วนะพ่อหนุ่มตัวโต! พร้อมส่งพวกมันลงถังรีไซเคิลรึยัง? เยี่ยม! 
09-1224	talk	Ah, a Battle Space it is! It's a 2-star scuffle, so y'can never be too careful!	อ้อ เป็นช่องต่อสู้นี่เอง! เป็นศึก 2 ดาว ยังไงก็ระวังไว้ก่อนไม่เสียหายนะ!
09-1225	talk	2 stars on this boy... Sure, it might seem a bit imposin', but I'm sure y'got what it takes!	2 ดาวสำหรับตัวนี้... ก็อาจจะดูน่ากลัวไปหน่อย แต่ฉันมั่นใจว่านายมีของแน่นอน!
09-1226	talk	Ooh. 3 stars. Hrm. How should I put this... Yer opponents look like they could crush ya. But you'll be okay... right?	โอ้โห 3 ดาวเลย อืม จะพูดยังไงดีนะ... คู่ต่อสู้นายดูท่าจะบดขยี้นายได้เลยนะ แต่นายต้องไหวแหละ... ใช่ไหม?
09-1227	talk	Ya landed on a 3-star Battle Space! That means I might hafta clean up whatever's left of ya... I-I mean, you'll be fine!	นายตกลงช่องต่อสู้ 3 ดาว! นั่นแปลว่าฉันอาจต้องเก็บกวาด ซากที่เหลือของนาย... ห-หมายถึงนายจะต้องไม่เป็นไรแน่!
09-1228	talk	This here's a 3-star Battle Space, so don't expect an easy victory... In fact, I'd write out a will if I were you!	นี่คือช่องต่อสู้ 3 ดาว อย่าคาดหวังว่าจะชนะง่าย ๆ... ถ้าเป็นฉันนะ เขียนพินัยกรรมทิ้งไว้ก่อนเลยดีกว่า!
09-1229	talk	It's a 3-star Battle Space! Hrm... This ain't gonna be a walk in the park, I'll tell ya right now...	เป็นช่องต่อสู้ 3 ดาวแล้ว! อืม... เรื่องนี้ไม่มีทางง่ายเหมือน เดินเล่นแน่ ๆ บอกไว้ก่อนเลยนะ...
09-1230	talk	3 stars... These guys ain't no pushovers, but you'll really rake it in if you win. So go make 'em say uncle!	3 ดาว... พวกนี้ไม่ใช่หมูให้ต้อนหรอกนะ แต่ถ้าชนะได้ล่ะก็รวยเละแน่ ไปทำให้มันขอยอมแพ้เลย!
09-1231	talk	Gotta admit, that was a tough one. Welp, back to square one!	ต้องยอมรับว่าครั้งนี้โหดจริง เอาล่ะ กลับไปเริ่มใหม่ที่จุดเดิม!
09-1232	talk	Y'really slipped up, y'know... Now we're gettin' booted back to the beginnin'!	นายพลาดจริง ๆ นะรู้ไหม... คราวนี้โดนเตะกลับไปเริ่มต้นใหม่เลย!
09-1233	talk	That's a gosh dern shame. Looks like we gotta start all over again.	น่าเสียดายจริง ๆ ท่าทางเราต้องเริ่มใหม่หมดเลยแฮะ
09-1234	talk	Terrible! I never seen a lad get his arse handed to him so swift! Ya like startin' over, is that it!?	แย่มาก! ไม่เคยเห็นใครโดนถลกก้นเร็วขนาด นี้มาก่อนเลย! นายชอบเริ่มใหม่นักใช่ไหมเนี่ย!?
09-1235	talk	Y'ever hear of a concept called "eternal return"? Welp, yer about to live it: back to the start fer you, sonny!	เคยได้ยินแนวคิด "การหวนคืนนิรันดร์" ไหม? เอาล่ะ นายกำลังจะได้สัมผัสมันแล้วล่ะ กลับไปเริ่มต้นใหม่ พ่อหนุ่ม!
09-1236	talk	Here we go, it's Destruction Battle time! Now y'can relieve all that pent-up stress, sonny boy! Feel the rage!	มาแล้ว ได้เวลาศึกทำลายล้าง! คราวนี้นายปลดปล่อยความเครียด ที่อัดอั้นได้เต็มที่เลย พ่อหนุ่ม! ปล่อยความบ้าคลั่งออกมา!
09-1237	talk	Ready for a Destruction Battle? Okay, get in there n' smash stuff up!	พร้อมสำหรับศึกทำลายล้างรึยัง? เอาล่ะ ลุยเข้าไปพังทุกอย่างเลย!
09-1238	talk	This's a Destruction Battle! Just as the name suggests, yer goal is to destroy everythin'!	นี่คือศึกทำลายล้าง! ตามชื่อเลย เป้าหมายของนายคือทำลายทุกอย่างให้ราบ!
09-1239	talk	This here's a Drone Battle! Show me what yer drone can do!	นี่คือการต่อสู้โดรน! โชว์ให้ฉันดูสิว่าโดรนของนายทำ อะไรได้บ้าง!
09-1240	talk	Y'look like yer ready for a Drone Battle! Let's fly!	ดูท่านายพร้อมสำหรับการต่อสู้ โดรนแล้วนะ! ออกบินกันเลย!
09-1241	talk	The Drone Battle's about t'get started! Shoot 'em down, shoot 'em down!	การต่อสู้โดรนกำลังจะเริ่มแล้ว! ยิงมันร่วงเลย ยิงมันร่วง!
09-1242	talk	Hey, y'got an item! Makes ya more excited to win now, don't it?	เฮ่ นายได้ไอเทมแล้ว! ยิ่งทำให้อยากชนะเข้าไปใหญ่เลย ใช่ไหมล่ะ?
09-1243	talk	Hey, y'got an item! Way to go!	เฮ่ นายได้ไอเทมด้วย! เยี่ยมไปเลย!
09-1244	talk	Gettin' somethin' nice always puts me in a winnin' mood, y'know?	ได้ของดี ๆ มาทีไร ฉันรู้สึกเหมือนใกล้ชนะทุกทีเลยนะ รู้ไหม?
09-1245	talk	Looks like you got somethin' special! You can actually only get that item in virtual Kamurocho.	ดูเหมือนนายจะได้ของพิเศษแล้วนะ! ไอเทมชิ้นนี้หาได้เฉพาะ ในคามุโรโจเสมือนเท่านั้นเลยล่ะ
09-1246	talk	Nice! Let's keep the dice rollin'!	เยี่ยม! ทอยลูกเต๋ากันต่อเลย!
09-1247	talk	You can check whatcha got by pressin' \n<symbol=button_sankaku>!	นายเช็กของที่ได้มาได้ด้วยการกด \n<symbol=button_sankaku>!
09-1248	talk	Wonder if y'can run across this in the real Kamurocho, too...	สงสัยจังว่าของแบบนี้จะเจอได้ ในคามุโรโจจริง ๆ ด้วยรึเปล่านะ...
09-1249	talk	Hot diggety dog! Betcha could exchange this for a lot!	โอ้โฮ! เอาไปแลกได้เยอะแน่ ๆ เลยนะเนี่ย!
09-1250	talk	Oh! That's a neat li'l doodad y'picked up.	โอ้! ของชิ้นเล็ก ๆ ที่นายเก็บมาน่ารักดีนะเนี่ย
09-1251	talk	Wahah! Yer doin' pretty good! Keep it up n' we'll reach the goal in no time flat!	วาฮ่า! นายทำได้ดีมากเลยนะ! ทำแบบนี้ต่อไปเดี๋ยวก็ถึง เป้าหมายแล้วล่ะ!
09-1252	talk	Ooh, yer gettin' closer to the goal, I can feel it! But ya don't have much dice left, so be careful!	โอ้ นายใกล้ถึงเป้าหมายเข้าไปทุกทีแล้ว รู้สึกได้เลย! แต่ลูกเต๋าเหลือไม่มากแล้วนะ ระวังด้วยล่ะ!
09-1253	talk	The goal draws near! Now it's all up to whether y'have enough dice...!	เป้าหมายใกล้เข้ามาแล้ว! ตอนนี้อยู่ที่ว่านายจะมีลูกเต๋า พอไหมเท่านั้นแหละ...!
09-1254	talk	Yer almost at the goal! I'm a li'l worried about how much dice y'have left, but don't let that stop ya!	นายใกล้ถึงเป้าหมายแล้ว! ฉันแอบเป็นห่วงเรื่องลูกเต๋าที่ เหลืออยู่หน่อย ๆ แต่อย่าให้มันมาหยุดนายเลยนะ!
09-1255	talk	The goal's just around the bend, sonny! Y'gotta end this once n' fer all by nabbin' the big prize!	เป้าหมายอยู่แค่เลี้ยวเดียวเอง พ่อหนุ่ม! นายต้องจบเรื่องนี้ให้เด็ดขาด ด้วยการคว้ารางวัลใหญ่มาให้ได้!
09-1256	talk	The goal's so close! Don't let yer journey end here! Be vigiliant with every step ya take!	เป้าหมายใกล้มากแล้ว! อย่าให้การเดินทางจบลงตรงนี้นะ! ระวังทุกก้าวที่นายเดินไปด้วย!
09-1257	talk	The goal's right there! Stay sharp n' keep yer wits about ya!	เป้าหมายอยู่ตรงนั้นแล้ว! ตั้งสติให้ดีและคมกริบเข้าไว้!
09-1258	talk	Y'got some more dice! Wanna take a breather somewhere?	นายได้ลูกเต๋าเพิ่มแล้ว! อยากพักหายใจสักที่ไหมล่ะ?
09-1259	talk	All right! Y'got more dice!	เยี่ยม! นายได้ลูกเต๋าเพิ่มแล้ว!
09-1260	talk	Wahah! Beat the game with a lot o'dice and get a higher bonus!	วาฮ่า! เอาชนะเกมด้วยลูกเต๋าเยอะ ๆ แล้วรับโบนัสก้อนโตไปเลย!
09-1261	talk	A Dice Plus Space! Yer one lucky sonuvagun, y'know!	ช่องเพิ่มลูกเต๋า! นายนี่โชคดีจริง ๆ เลยนะเนี่ย!
09-1262	talk	Yee-haw! Feels good t'see that dice number go up...	ยี้ฮ่า! เห็นตัวเลขลูกเต๋าพุ่งขึ้นแล้ว รู้สึกดีจังเลย...
09-1263	talk	Yeeargh... Y'lost some dice... Try to get some more when y'can.	อ๊าก... ลูกเต๋าหายไปบางส่วนแล้ว... พยายามหาเพิ่มเมื่อมีโอกาสนะ
09-1264	talk	Yeowch, a Dice Minus... What rotten luck!	โอ๊ย ช่องลดลูกเต๋าเลย... โชคร้ายจริง ๆ!
09-1265	talk	Yer dice got lost in an endless stream of deleted data... But new dice're always bein' born too!	ลูกเต๋าของนายหายลับไปในกระแส ข้อมูลที่ถูกลบไม่รู้จบ... แต่ลูกเต๋าใหม่ก็เกิดขึ้นเรื่อย ๆ เหมือนกันนะ!
09-1266	talk	Yeeargh... That was some awful timin'...	อ๊าก... จังหวะห่วยแตกจริง ๆ...
09-1267	talk	N-No need to fret, sonny! Y'can get more dice on Battle Spaces or Dice Plus Spaces! Keep yer chin up!	ไ-ไม่ต้องกังวลไปพ่อหนุ่ม! นายหาลูกเต๋าเพิ่มได้ที่ ช่องต่อสู้หรือช่องเพิ่มลูกเต๋า! เชิดหน้าสู้เข้าไว้!
09-1268	talk	Here we are at the Warp Space! This'll teleport yer scrawny behind to an entirely different space on the board!	มาถึงช่องวาร์ปแล้ว! อันนี้จะเทเลพอร์ตก้นผอม ๆ ของนายไปยังช่องอื่นบนกระดานเลยล่ะ!
09-1269	talk	Ready to enter hyperspace? Then let's go!	พร้อมเข้าสู่ไฮเปอร์สเปซรึยัง? งั้นไปกันเลย!
09-1270	talk	A Warp Space! Ready t'make the jump?	ช่องวาร์ป! พร้อมกระโดดข้ามรึยัง?
09-1271	talk	Ahh, a Gift Space! Good job! I wonder what you'll get?	อ้า ช่องของขวัญ! เก่งมาก! สงสัยจังว่านายจะได้อะไร?
09-1272	talk	Awright, a Gift Space! Take what you can get, eh?	เอาล่ะ ช่องของขวัญ! เอาไปให้เต็มที่เลยนะ?
09-1273	talk	Hm? Looks like yer about to get somethin'!	หืม? ดูเหมือนนายกำลังจะได้อะไรสัก อย่างแล้ว!
09-1274	talk	Hmm, a Gift Space. Wonder what you'll get? I got a feelin' it's somethin' real good!	อืม ช่องของขวัญ สงสัยจังว่าจะได้อะไร รู้สึกว่าน่าจะเป็นของดีจริง ๆ เลยนะ!
09-1275	talk	Wahah! Looks like there's a present for ya!	วาฮ่า! ดูเหมือนจะมีของขวัญให้นายด้วยนะ!
09-1276	talk	Failure! Back to the start ya go!	พลาดแล้ว! กลับไปเริ่มต้นใหม่เลย!
09-1277	talk	Yer all outta dice! Which means...	ลูกเต๋าของนายหมดแล้ว! ซึ่งหมายความว่า...
09-1278	talk	It's game over fer ya! That's too bad. But I'll be waitin' till ya return!	เกมโอเวอร์สำหรับนายแล้ว! น่าเสียดายจัง แต่ฉันจะรอนายกลับมาใหม่นะ!
09-1279	talk	Hey! Ya completely ran outta dice!	เฮ่! ลูกเต๋าของนายหมดเกลี้ยงเลย!
09-1280	talk	Sorry, but that means this game is over... Let's reach the goal next time.	ขอโทษด้วยนะ แต่นั่นหมายความว่าเกมนี้จบแล้ว... คราวหน้าไปให้ถึงเป้าหมายกันนะ
09-1281	talk	Looks like ya don't have enough dice! That means...	ดูเหมือนลูกเต๋าจะไม่พอแล้วนะ! ซึ่งหมายความว่า...
09-1282	talk	This game's come to an abrupt end... but we'll do better next time!	เกมนี้จบลงแบบกะทันหันเลย... แต่คราวหน้าเราจะทำได้ดีกว่านี้แน่นอน!
09-1283	talk	Y'ran outta health again... I can get ya all patched up, but yer gonna hafta go back to the beginnin'!	เลือดของนายหมดอีกแล้วสิ... ฉันรักษาให้ได้นะ แต่นายต้องกลับไปเริ่มต้นใหม่ล่ะ!
09-1284	talk	Yer health's all gone! Fine, I s'pose I should restore ya... but that means you'll get booted back to the start!	เลือดของนายหมดแล้ว! เอาล่ะ ฉันคงต้องรักษาให้นาย... แต่นั่นหมายความว่านายจะถูกเตะ กลับไปเริ่มต้นใหม่นะ!
09-1285	talk	Y'lost all of your health. I'll give ya another chance, but you'll hafta start over again!	เลือดของนายหมดเกลี้ยงแล้ว ฉันจะให้โอกาสนายอีกครั้ง แต่นายต้องเริ่มต้นใหม่นะ!
09-1286	talk	Hey, hey! Scat happens, y'know? Try not to feel too bad...	เฮ่ เฮ่! มันก็เป็นแบบนี้แหละบางที รู้ไหม? อย่าคิดมากไปเลยนะ...
09-1287	talk	What happened there? Well, don't worry too hard, you'll get another chance!	เกิดอะไรขึ้นเนี่ย? เอาล่ะ ไม่ต้องกังวลมากไป นายจะได้โอกาสอีกครั้งแน่นอน!
09-1288	talk	It's difficult to pick locks, eh? Welp, better luck next time!	งัดกุญแจนี่ยากใช่ไหมล่ะ? เอาล่ะ ขอให้โชคดีในครั้งหน้า!
09-1289	talk	Wahah! I knew y'could do it! That's some good stuff, ain't it?	วาฮ่า! รู้แล้วเชียวว่านายทำได้! ของดีจริง ๆ เลยใช่ไหมล่ะ?
09-1290	talk	Ooh-hoo! No wonder this was tucked away in a safe.	โอ้โฮ! ไม่แปลกใจเลยที่ของแบบนี้ถูก เก็บไว้ในเซฟ
09-1291	talk	Nice goin', sonny boy! This'll be worth a ton!	เก่งมากพ่อหนุ่ม! ของชิ้นนี้ต้องมีค่ามหาศาลแน่ ๆ!
09-1292	talk	Nice goin', sonny! I have a feelin' there's another King Koro-nyan around!	เก่งมากพ่อหนุ่ม! ฉันรู้สึกเหมือนมีราชา โคโระเนียงอีกตัวอยู่แถวนี้แหละ!
09-1293	talk	Looks like there's another King Koro-nyan in town! Check it out on the map.	ดูเหมือนจะมีราชาโคโระเนียงอีก ตัวอยู่ในเมืองนะ! เช็กดูในแผนที่สิ
09-1294	talk	Good job, sonny! There should be another King Koro-nyan in town!	เก่งมากพ่อหนุ่ม! น่าจะมีราชาโคโระเนียงอีกตัว อยู่ในเมืองนะ!
09-1295	talk	That was a close call! Looks like ya stopped Kuro-nyan from showin' up again!	หวุดหวิดจริง ๆ! ดูเหมือนนายจะหยุดคุโระเนียงไม่ ให้โผล่มาอีกได้แล้วนะ!
09-1296	talk	Ya prevented more Kuro-nyans from appearin'! Good job, sonny!	นายป้องกันไม่ให้คุโระเนียงตัว อื่นโผล่มาได้แล้ว! เก่งมากพ่อหนุ่ม!
09-1297	talk	Looks like ya managed to keep Kuro-nyan outta town! Couldn't have done it better m'self!	ดูเหมือนนายจะกันคุโระเนียง ออกจากเมืองได้สำเร็จแล้วนะ! ต่อให้เป็นฉันเองก็ทำได้ดีกว่า นี้ไม่ได้แล้ว!
09-1298	talk	Meeyow! Another Kuro-nyan appeared on the map!	เมี๊ยว! คุโระเนียงอีกตัวโผล่มาบนแผนที่แล้ว!
09-1299	talk	I'm worried there might be another Kuro-nyan... Check it out on yer map fer me, will ya?	ฉันเป็นห่วงว่าอาจมีคุโระเนียง อีกตัวอยู่... ช่วยเช็กแผนที่ให้ฉันหน่อยได้ไหม?
09-1300	talk	Whoooaaa! I detect another Kuro-nyan! We better watch our step from now on...	โว้ว! ฉันตรวจจับคุโระเนียงอีกตัวได้แล้ว! ต่อจากนี้เราต้องระวังตัวให้ดีเลยล่ะ...
09-1301	talk	Hnnngh! I have a bad feeling... I sense the presence of a Kuro-nyan nearby!	อื๊อ! ฉันมีลางไม่ดีเลย... รู้สึกได้ถึงการมีอยู่ของ คุโระเนียงแถวนี้แน่ ๆ!
09-1302	talk	I feel the mighty presence of King Koro-nyan nearby!\nI reckon we should seek him out!	ฉันรู้สึกได้ถึงพลังอันยิ่งใหญ่ ของราชาโคโระเนียงอยู่แถวนี้เลย!\nฉันว่าเราควรออกตามหาเขากันดีกว่า!
