id	bin	EN	TH
23-0001	sound_auth	Hey, how did everything go with Kido?	เฮ้ เรื่องกับคิโดะเป็นยังไงบ้าง?
23-0002	sound_auth	Wait. How did everything\ngo with Kido?	เดี๋ยวก่อน เรื่องกับคิโดะ\nเป็นยังไงบ้าง?
23-0003	sound_auth	Hold on. I wanna know what\nyou two were up to first.	เดี๋ยวก่อน ผมอยากรู้ก่อนว่า\nสองคนนี้ทำอะไรกันอยู่
23-0004	sound_auth	Oh, right. First, why don't you tell me\nwhat we just walked in on?	อ้อ ใช่สิ ก่อนอื่นบอกผมหน่อยสิว่า\nเมื่อกี้เดินเข้ามาเจออะไร
23-0005	sound_auth	Well, Hoshino-kun was just—	ก็คือ โฮชิโนะคุงเขาแค่—
23-0006	sound_auth	What, this? Hoshino-kun was just—	อะไร นี่เหรอ? โฮชิโนะคุงเขาแค่—
23-0007	sound_auth	Okay, okay, okay! This is all just\na big misunderstanding! Or... maybe not?	โอเค โอเค โอเค! เรื่องนี้มันเป็นแค่\nความเข้าใจผิดครั้งใหญ่เอง! หรือ... จะไม่ใช่ก็ได้?
23-0008	sound_auth	Hoooold on! It's not's like that!\nOr... maybe it is!?	เดี๋ยวก่อนนะ! มันไม่ใช่แบบนั้น!\nหรือ... จะใช่ก็ได้!?
23-0009	sound_auth	Or maybe it is!?	หรือมันอาจจะใช่ก็ได้!?
23-0010	sound_auth	Maybe it <font_kind=yakuza_italic>isn't</font_kind>!	หรือมันอาจ<font_kind=yakuza_italic>ไม่ใช่</font_kind>ก็ได้!
23-0011	sound_auth	Maybe you'll get further next time.	คราวหน้าอาจไปได้ไกลกว่านี้ก็ได้นะ
23-0012	sound_auth	Better luck next time.	ขอให้โชคดีกว่านี้คราวหน้าละกัน
23-0013	sound_auth	Is it just me,\nor is Saori-san enjoying this?	ผมคิดไปเองหรือเปล่า\nหรือซาโอริซังกำลังสนุกกับ เรื่องนี้อยู่?
23-0014	sound_auth	Is it just me, or is Saori-san\nenjoying this...?	ผมคิดไปเองหรือเปล่า หรือซาโอริซัง\nกำลังสนุกกับเรื่องนี้อยู่จริงๆ...?
23-0015	sound_auth	Oh yeah.	อ้อ ใช่สิ
23-0016	sound_auth	I've heard. It's horrible what happened\nto Morita's mother.	ฉันได้ยินมาแล้ว มันโหดร้ายมาก\nเรื่องที่เกิดขึ้นกับแม่ของโมริตะ
23-0017	sound_auth	I remember hearing about that.\nIt's horrible what happened to Morita's mother.	จำได้ว่าเคยได้ยินเรื่องนั้น\nมันโหดร้ายมากที่เกิดขึ้นกับแม่ ของโมริตะ
23-0018	sound_auth	So the prosecution is all\nworking to protect AD-9...?	แปลว่าฝ่ายอัยการทั้งหมด\nกำลังปกป้อง AD-9 อยู่งั้นเหรอ...?
23-0019	sound_auth	So it's all connected? The prosecutors\nare working to protect AD-9...?	แปลว่าทุกอย่างเชื่อมโยงกันหมด? ฝ่ายอัยการ\nกำลังปกป้อง AD-9 อยู่งั้นเหรอ...?
23-0020	sound_auth	The chief prosecutor is, at the very least.	อย่างน้อยหัวหน้าอัยการก็ใช่แน่นอน
23-0021	sound_auth	The chief prosecutor is, at least.	อย่างน้อยหัวหน้าอัยการก็ใช่
23-0022	sound_auth	(He's the one who stepped in and\nkicked us out of Shono's lab.)	(เขานี่แหละที่โผล่มา\nแล้วไล่พวกเราออกจากแล็บของโชโนะ)
23-0023	sound_auth	<color=ｍonologue>(He and Ichinose stepped in and kicked us out\nof Shono's lab, after all.)</color>	<color=ｍonologue>(ก็เขากับอิจิโนเสะนี่แหละที่โผล่มา\nแล้วไล่พวกเราออกจากแล็บของโชโนะ)</color>
23-0024	sound_auth	This is all my fault. I'm the one who told\nMorita that Yagami-kun would be there.	เรื่องนี้เป็นความผิดของฉันทั้งหมด ฉันเองที่บอก\nโมริตะว่ายากามิคุงจะไปอยู่ที่นั่น
23-0025	sound_auth	When Yagami called me from the lab,\nI thought telling Morita would help...	ตอนที่ยากามิโทรมาจากแล็บ\nฉันคิดว่าบอกโมริตะแล้วจะช่วยได้...
23-0026	sound_auth	If I had only gone to Izumida instead...	ถ้าฉันไปหาอิซุมิดะแทนตั้งแต่แรก...
23-0027	sound_auth	It's my fault. If I had only\ngone to Izumida...	เป็นความผิดของฉันเอง ถ้าฉันไปหา\nอิซุมิดะตั้งแต่แรก...
23-0028	sound_auth	Don't think like that.\nThere's no knowing who's on what side.	อย่าคิดแบบนั้นเลย\nไม่มีทางรู้หรอกว่าใครอยู่ฝ่ายไหน
23-0029	sound_auth	No... we don't know if Izumida's\non their side either.	ไม่หรอก... เราก็ไม่รู้เหมือนกันว่าอิซุมิดะ\nอยู่ฝ่ายพวกมันหรือเปล่า
23-0030	sound_auth	We can't trust anyone\nexcept ourselves.	เราไว้ใจใครไม่ได้ทั้งนั้น\nนอกจากตัวเราเอง
23-0031	sound_auth	Um, can I say something real quick?	เอ่อ ผมขอพูดอะไรสักหน่อยได้ไหม?
23-0032	sound_auth	Um, do you mind if I say something?	เอ่อ รังเกียจไหมถ้าผมจะพูดอะไรหน่อย?
23-0033	sound_auth	I'm not sure I'm the best person to be\ndefending Ayabe. Not against an enemy this powerful.	ผมไม่แน่ใจว่าตัวเองเหมาะสมที่สุด\nที่จะแก้ต่างให้อายาเบะ ไม่ใช่กับศัตรูที่ทรงอิทธิพลขนาดนี้
23-0034	sound_auth	With all we're up against, am I really the right lawyer for this?\nDefending Ayabe, I mean?	กับสิ่งที่พวกเรากำลังเผชิญอยู่ ทั้งหมด ผมเป็นทนายที่เหมาะสม\nสำหรับเรื่องนี้จริงๆ เหรอ? หมายถึงการแก้ต่างให้อายาเบะน่ะ
23-0035	sound_auth	Huh? What's up?	หา? มีอะไรเหรอ?
23-0036	sound_auth	Agreed, Hoshino-kun can't handle the pressure.\nIt has to be you, Yagami-san.	เห็นด้วย โฮชิโนะคุงรับแรงกดดันขนาดนั้น ไม่ไหวหรอก\nต้องเป็นคุณเท่านั้น ยากามิซัง
23-0037	sound_auth	Hoshino-kun can't handle the pressure.\nIt has to be you, Yagami-san.	โฮชิโนะคุงรับแรงกดดันขนาดนั้น ไม่ไหวหรอก\nต้องเป็นคุณเท่านั้น ยากามิซัง
23-0038	sound_auth	Haha, real funny.	ฮ่าฮ่า ตลกจริง
23-0039	sound_auth	Look, this is no time for jokes.	นี่ ตอนนี้ไม่ใช่เวลามาเล่นมุกนะ
23-0040	sound_auth	This isn't a joke.\nWe're dead serious.	นี่ไม่ใช่เรื่องตลกนะ\nพวกเราจริงจังสุดๆ
23-0041	sound_auth	Don't just dismiss them.\nIt's not a joke.	อย่าเพิ่งปัดตกไปเฉยๆ สิ\nมันไม่ใช่เรื่องตลก
23-0042	sound_auth	Please, Yagami-san. We're going up against\nthe people who murdered Emi-san.	ขอร้องล่ะ ยากามิซัง พวกเรากำลังจะสู้กับ\nคนที่ฆ่าเอมิซัง
23-0043	sound_auth	Yagami-san... We're facing AD-9's masterminds.\nThe ones who murdered Emi-san.	ยากามิซัง... พวกเรากำลังเผชิญหน้ากับ ผู้อยู่เบื้องหลัง AD-9\nคนที่ฆ่าเอมิซังนั่นแหละ
23-0044	sound_auth	Do it for her.\nFor Okubo-san.	ทำเพื่อเธอเถอะ\nเพื่อโอคุโบะซังด้วย
23-0045	sound_auth	This would be for\nEmi-san and Okubo-san.	เรื่องนี้ก็เพื่อ\nเอมิซังและโอคุโบะซัง
23-0046	sound_auth	And for Shintani-sensei.	แล้วก็เพื่ออาจารย์ชินทานิด้วย
23-0047	sound_auth	It's time for you to show the world\nwhat you think is right.	ถึงเวลาแล้วที่คุณจะแสดงให้โลกเห็น\nว่าอะไรคือสิ่งที่คุณคิดว่าถูกต้อง
23-0048	sound_auth	Like you said. If you want to show the world\nyour ideals, now's the time.	เหมือนที่คุณเคยพูดไว้ ถ้าอยากแสดงให้โลกเห็น\nอุดมการณ์ของคุณ ตอนนี้แหละคือเวลานั้น
23-0049	sound_auth	No more running.	เลิกหนีได้แล้ว
23-0050	sound_auth	I'll let Genda-sensei and Ayabe-san\nknow right away.	ผมจะไปบอกอาจารย์เก็นดะกับอายาเบะซัง\nทันทีเลยครับ
23-0051	sound_auth	I'll let Genda-sensei and Ayabe-san know\nright away.	ผมจะไปแจ้งอาจารย์เก็นดะกับอายาเบะซัง\nให้ทราบทันทีเลยครับ
23-0052	sound_auth	This is bound to make headlines.\nI can see it now...	เรื่องนี้ต้องได้ขึ้นพาดหัวข่าวแน่ๆ\nนึกภาพออกเลย...
23-0053	sound_auth	Just imagine! This might even\nmake headlines, right?	ลองนึกดูสิ! เรื่องนี้อาจจะได้\nขึ้นพาดหัวข่าวเลยนะ ว่าไหม?
23-0054	sound_auth	Disgraced lawyer Yagami-sensei\nmakes his triumphant courtroom return...	"ทนายเสื่อมเสียชื่อ อาจารย์ยากามิ\nหวนคืนสู่ห้องพิจารณาคดีอย่างผู้ชนะ"...
23-0055	sound_auth	"Disgraced lawyer Yagami-san makes his\ntriumphant courtroom return"...	"ทนายเสื่อมเสียชื่อ ยากามิซัง\nหวนคืนสู่ห้องพิจารณาคดีอย่างผู้ชนะ"...
23-0056	sound_auth	All right, do we really need the "disgraced" part?	เอาล่ะ จำเป็นต้องมีคำว่า "เสื่อมเสียชื่อ" ด้วยเหรอ?
23-0057	sound_auth	...Maybe just lead with Yagami-san.	...ขึ้นต้นด้วยยากามิซังเฉยๆ ก็พอมั้ง
23-0058	sound_auth	But... all right.\nIf they both agree, I'll defend Ayabe.	แต่... ก็ได้\nถ้าทั้งสองคนเห็นด้วย ผมจะแก้ต่างให้อายาเบะเอง
23-0059	sound_auth	But all right. If they both agree,\nI'll defend Ayabe. As a lawyer.	แต่ก็ได้ ถ้าทั้งสองคนเห็นด้วย\nผมจะแก้ต่างให้อายาเบะเองในฐานะทนาย
23-0060	sound_auth	Guess I'll need to start digging\nup some more evidence...	งั้นคงต้องเริ่มขุดคุ้ย\nหาหลักฐานเพิ่มแล้วสินะ...
23-0061	sound_auth	Guess I'll need to start digging up\nsome more evidence...	งั้นคงต้องเริ่มขุดคุ้ยหา\nหลักฐานเพิ่มเติมแล้วสินะ...
23-0062	sound_auth	Leaving, Yagami-kun?\nI'll join you.	จะกลับแล้วเหรอ ยากามิคุง?\nฉันไปด้วยนะ
23-0063	sound_auth	Leaving already? I'll join you.	จะกลับแล้วเหรอ? ฉันไปด้วยนะ
23-0064	sound_auth	Shall we? Can you stay with me\nuntil I find my taxi?	ไปกันไหม? อยู่เป็นเพื่อนฉัน\nจนกว่าจะเรียกแท็กซี่ได้หน่อยได้ไหม?
23-0065	sound_auth	Let's go. Can you stay with me\nuntil I find my taxi?	ไปกันเถอะ อยู่เป็นเพื่อนฉัน\nจนกว่าจะเรียกแท็กซี่ได้หน่อยได้ไหม?
23-0066	sound_auth	You walk Mafuyu to her taxi, okay?	ไปส่งมาฟุยุขึ้นแท็กซี่ด้วยนะ โอเคไหม?
23-0067	sound_auth	Mafuyu's waiting. Go walk her\nto her taxi, okay?	มาฟุยุรออยู่นะ ไปส่งเธอ\nขึ้นแท็กซี่หน่อย โอเคไหม?
23-0068	sound_auth	Um, about what you saw just now...	เอ่อ เรื่องที่เมื่อกี้คุณเห็นน่ะครับ...
23-0069	sound_auth	You mean the hand-holding thing?	หมายถึงเรื่องจับมือกันน่ะเหรอ?
23-0070	sound_auth	Mm? You two holding hands?	อืม? สองคนจับมือกันเหรอ?
23-0071	sound_auth	Please don't tell Genda-sensei.\nI don't want things to be awkward.	อย่าไปบอกอาจารย์เก็นดะนะครับ\nผมไม่อยากให้เรื่องมันอึดอัด
23-0072	sound_auth	W-Well... please don't tell Genda-sensei.\nI don't want things to be awkward.	อ-เอ่อ... อย่าไปบอกอาจารย์เก็นดะนะครับ\nผมไม่อยากให้เรื่องมันอึดอัด
23-0073	sound_auth	Where are you going?	จะไปไหนน่ะ?
23-0074	sound_auth	The taxi stop is closer\nif we go the other way.	จุดจอดแท็กซี่ใกล้กว่า\nถ้าเราไปอีกทางนึง
23-0075	sound_auth	There's a closer taxi over this way.	มีแท็กซี่ใกล้กว่านี้ถ้าไปทางนี้
23-0076	sound_auth	Thank you for helping me tonight, Yagami-kun.	ขอบคุณที่ช่วยฉันคืนนี้นะ ยากามิคุง
23-0077	sound_auth	Thank you for helping me tonight,\nYagami-kun.	ขอบคุณที่ช่วยฉันคืนนี้\nนะ ยากามิคุง
23-0078	sound_auth	Huh? One second.	หือ? เดี๋ยวนะ
23-0079	sound_auth	It's Izumida. Now that I think about it,\nhe left a message earlier, too.	อิซุมิดะโทรมา พอคิดดูแล้ว\nเขาก็ฝากข้อความไว้ก่อนหน้านี้ด้วย
23-0080	sound_auth	Did you listen to it?	ฟังแล้วหรือยัง?
23-0081	sound_auth	Yes, he said he wanted to talk.\nIt sounds like he's at Mijore.	ฟังแล้ว เขาบอกว่าอยากคุยด้วย\nฟังดูเหมือนเขาอยู่ที่มิโจเระ
23-0082	sound_auth	Mijore, huh?\nGuess he wanted coffee instead of booze.	มิโจเระเหรอ?\nคงอยากดื่มกาแฟแทนเหล้าสินะ
23-0083	sound_auth	Mijore, huh...? Must be serious if it's\nover coffee instead of drinks.	มิโจเระเหรอ...? คงเรื่องซีเรียสแน่\nถ้าเป็นกาแฟแทนที่จะเป็นเหล้า
23-0084	sound_auth	You don't have to do anything.\nGo home, where you're safe.	คุณไม่ต้องทำอะไรหรอก\nกลับบ้านไปเถอะ ที่นั่นปลอดภัยกว่า
23-0085	sound_auth	<font_kind=yakuza_italic>You</font_kind> don't have to do anything.\nGo home, where you're safe.	<font_kind=yakuza_italic>คุณ</font_kind>ไม่ต้องทำอะไรหรอก\nกลับบ้านไปเถอะ ที่นั่นปลอดภัยกว่า
23-0086	sound_auth	Izumida might be on their side, too.	อิซุมิดะอาจอยู่ฝ่ายพวกมันก็ได้
23-0087	sound_auth	I'll go instead.	ผมไปแทนเอง
23-0088	sound_auth	I'll take your place.	ผมไปแทนที่คุณเอง
23-0089	sound_auth	You... really?	คุณ... จริงเหรอ?
23-0090	sound_auth	All right.\nStay safe out there.	ก็ได้\nระวังตัวด้วยล่ะ
23-0091	sound_auth	All right. Don't do anything reckless.	ก็ได้ อย่าทำอะไรบุ่มบ่ามล่ะ
23-0092	sound_auth	Yagami?\nWhat are you doing here!?	ยากามิ?\nมาทำอะไรที่นี่!?
23-0093	sound_auth	What the... Yagami?\nWhat are you doing here!?	อะไรกัน... ยากามิ?\nมาทำอะไรที่นี่เนี่ย!?
23-0094	sound_auth	Did you come alone?	มาคนเดียวเหรอ?
23-0095	sound_auth	You here alone?	อยู่คนเดียวเหรอเนี่ย?
23-0096	sound_auth	Good. I sent Mafuyu home.\nI could go for a chat and a coffee, though.	ดีแล้ว ผมส่งมาฟุยุกลับบ้านไปแล้ว\nแต่ผมพอจะนั่งคุยกินกาแฟด้วยได้นะ
23-0097	sound_auth	I sent Mafuyu home.\nI'm up for a chat over coffee, though.	ผมส่งมาฟุยุกลับบ้านไปแล้ว\nแต่ผมพร้อมจะนั่งคุยกินกาแฟด้วยนะ
23-0098	sound_auth	Sorry, not interested.	ขอโทษนะ ไม่สนใจ
23-0099	sound_auth	What did you have to tell Mafuyu?	คุณจะบอกอะไรมาฟุยุเหรอ?
23-0100	sound_auth	It has nothing to do with you.	ไม่เกี่ยวอะไรกับคุณหรอก
23-0101	sound_auth	Then how about I guess?	งั้นให้ผมลองเดาดูดีไหม?
23-0102	sound_auth	How 'bout I guess?	ให้ผมลองเดาดูเป็นไง?
23-0103	sound_auth	The reason you wanted\nto talk to her was...	เหตุผลที่คุณอยากคุย\nกับเธอคือ...
23-0104	sound_auth	The reason you wanted to\ntalk to Mafuyu was...	เหตุผลที่คุณอยากคุย\nกับมาฟุยุคือ...
23-0105	sound_auth	You were gonna confess your love, right?	คุณกะจะสารภาพรักใช่ไหมล่ะ?
23-0106	sound_auth	You were gonna confess, right?	คุณกะจะสารภาพรักใช่ไหม?
23-0107	sound_auth	C'mon, man.\nBe professional.	เอาน่า\nเป็นมืออาชีพหน่อยสิ
23-0108	sound_auth	You idiot.\nNow's no time for your jokes.	ไอ้โง่\nนี่ไม่ใช่เวลามาพูดตลกนะ
23-0109	sound_auth	You idiot. This is no time for jokes.	ไอ้โง่ นี่ไม่ใช่เวลามาพูดตลก
23-0110	sound_auth	No? In that case...	ไม่ใช่เหรอ? งั้น...
23-0111	sound_auth	No? Then...	ไม่ใช่เหรอ? งั้น...
23-0112	sound_auth	You were gonna tell her\nto join forces with Morita.	คุณกะจะบอกให้เธอ\nร่วมมือกับโมริตะ
23-0113	sound_auth	You were gonna tell her to\njoin forces with Morita.	คุณกะจะบอกให้เธอ\nไปร่วมมือกับโมริตะ
23-0114	sound_auth	You were gonna complain about work.	คุณกะจะบ่นเรื่องงานให้ฟัง
23-0115	sound_auth	Hmph. That's not too far off.	ฮึ ก็ไม่ผิดไปจากนั้นเท่าไหร่
23-0116	sound_auth	The boss got you down?	โดนหัวหน้ากดดันมาเหรอ?
23-0117	sound_auth	What, badmouthing your boss?	อะไร นินทาหัวหน้าอยู่เหรอ?
23-0118	sound_auth	Maybe a few choice words\nabout what Morita did today?	หรือมีอะไรจะบ่น\nเกี่ยวกับสิ่งที่โมริตะทำวันนี้ หน่อยไหม?
23-0119	sound_auth	You wouldn't have some comments\non Morita's behavior... right?	คุณคงไม่ได้มีอะไรจะติติง\nเรื่องพฤติกรรมของโมริตะ... ใช่ไหม?
23-0120	sound_auth	I see what you're getting at.	รู้แล้วว่าคุณจะสื่ออะไร
23-0121	sound_auth	...I see what you're getting at.	...รู้แล้วว่าคุณจะสื่ออะไร
23-0122	sound_auth	What happened with the chief prosecutor and that\nMinistry of Health bureaucrat... It wasn't normal.	เรื่องที่เกิดขึ้นระหว่าง หัวหน้าอัยการกับ\nข้าราชการกระทรวงสาธารณสุขคนนั้น... มันไม่ปกติเลย
23-0123	sound_auth	Before... What happened with the chief prosecutor\nand that Ministry bureaucrat... It wasn't normal.	เมื่อก่อน... เรื่องที่เกิดขึ้นระหว่าง หัวหน้าอัยการ\nกับข้าราชการกระทรวงคนนั้น... มันไม่ปกติเลย
23-0124	sound_auth	Not normal?\nThat's a bit of an understatement. 	ไม่ปกติเหรอ?\nพูดแบบนั้นเบาไปหน่อยนะ 
23-0125	sound_auth	Not normal? That's a bit of\nan understatement. 	ไม่ปกติเหรอ? พูดแบบนั้น\nเบาไปหน่อยนะ 
23-0126	sound_auth	They want to protect AD-9 so bad, they ignored\nevidence of a murder under their noses.	พวกมันอยากปกป้อง AD-9 ขนาดที่ยอมมองข้าม\nหลักฐานฆาตกรรมที่อยู่ตรงหน้า ตัวเองไปเลย
23-0127	sound_auth	They're so focused on protecting AD-9,\nthey ignored clear evidence of murder.	พวกมันโฟกัสกับการปกป้อง AD-9 มากจน\nมองข้ามหลักฐานฆาตกรรมที่ชัดเจนไปเลย
23-0128	sound_auth	You're working with them too, aren't you?	คุณก็ร่วมมือกับพวกมันด้วยใช่ไหม?
23-0129	sound_auth	You in on it too?	คุณก็มีเอี่ยวด้วยใช่ไหม?
23-0130	sound_auth	Chief Prosecutor Morita is part of a conspiracy\nto push AD-9 through, no matter the cost.	หัวหน้าอัยการโมริตะเป็น ส่วนหนึ่งของแผนสมคบคิด\nที่จะดัน AD-9 ให้ผ่านไม่ว่าจะต้องแลกด้วยอะไร
23-0131	sound_auth	Chief Prosecutor Morita is entangled in\na conspiracy around AD-9.	หัวหน้าอัยการโมริตะพัวพันอยู่กับ\nแผนสมคบคิดเรื่อง AD-9
23-0132	sound_auth	Do you have proof of that?	คุณมีหลักฐานเรื่องนั้นไหม?
23-0133	sound_auth	This. I got it from Mafuyu.	นี่ไง ผมได้มาจากมาฟุยุ
23-0134	sound_auth	I've got this.\nMafuyu gave it to me.	ผมมีนี่อยู่\nมาฟุยุเป็นคนให้ผมมา
23-0135	sound_auth	It's a case file detailing a domestic murder\nwithin Morita's family. Sound familiar?	มันคือแฟ้มคดีที่บันทึก รายละเอียดคดีฆาตกรรม\nในครอบครัวโมริตะ คุ้นๆ ไหมล่ะ?
23-0136	sound_auth	Ten years ago, there was a domestic murder in Morita's family.\nSound familiar?	สิบปีก่อน เกิดคดีฆาตกรรมในครอบครัวโมริตะ\nคุ้นๆ ไหมล่ะ?
23-0137	sound_auth	This is the first I'm hearing of it.	นี่เป็นครั้งแรกที่ผมได้ยินเรื่องนี้
23-0138	sound_auth	No... I had no idea.	ไม่นะ... ผมไม่เคยรู้เรื่องนี้เลย
23-0139	sound_auth	I'll give it to you...\nif you have the strength to fight.	ผมจะให้คุณดู...\nถ้าคุณมีแรงพอจะสู้
23-0140	sound_auth	Take it... if you think you'll\nhave the strength to fight.	เอาไปเถอะ... ถ้าคุณคิดว่าตัวเอง\nจะมีแรงพอจะสู้
23-0141	sound_auth	What happens if you find out\nI'm telling the truth?	ถ้าคุณรู้ว่าผม\nพูดความจริงล่ะ จะเป็นยังไง?
23-0142	sound_auth	How far will you go, Izumida?	คุณจะไปได้ไกลแค่ไหน อิซุมิดะ?
23-0143	sound_auth	How far will you go?	คุณจะไปได้ไกลแค่ไหน?
23-0144	sound_auth	Would you be willing to bring\nyour own boss to justice?	คุณยอมเอาผิดกับ\nหัวหน้าตัวเองได้ไหม?
23-0145	sound_auth	Can you confront your own boss?\nBring him to justice?	คุณเผชิญหน้ากับหัวหน้าตัวเองได้ไหม?\nเอาตัวเขามาลงโทษ?
23-0146	sound_auth	Of course. Ask a hundred prosecutors,\nand they'd answer the same way.	แน่นอน ไปถามอัยการร้อยคน\nก็ตอบเหมือนกันหมดแหละ
23-0147	sound_auth	Of course. Ask a hundred prosecutors,\nthey'd tell you the same.	แน่นอน ไปถามอัยการร้อยคน\nก็ตอบแบบเดียวกันทั้งนั้น
23-0148	sound_auth	Huh. Maybe you're not\nas bad as I thought.	หือ อาจจะไม่ได้แย่\nอย่างที่ผมคิดไว้นี่นา
23-0149	sound_auth	...Maybe you're not so bad.	...อาจจะไม่ได้แย่ขนาดนั้นนี่นา
23-0150	sound_auth	This incident is what gave Morita motivation\nto support AD-9. That's how I see it, at least.	เหตุการณ์นี้แหละที่ทำให้โมริตะ มีแรงจูงใจ\nสนับสนุน AD-9 อย่างน้อยผมก็มองแบบนั้น
23-0151	sound_auth	<color=ｍonologue>(Heh, glad Izumida's loyalty lies with the law.)</color>	<color=ｍonologue>(นึกแล้วเชียว ดีใจที่อิซุมิดะยังภักดีต่อกฎหมายอยู่)</color>
23-0152	sound_auth	This is tragic...	นี่มันน่าเศร้าจริงๆ...
23-0153	sound_auth	This is horrible...	นี่มันโหดร้ายจริงๆ...
23-0154	sound_auth	Yeah. His sick mom,\nstrangled to death by his own brother...	ใช่ แม่ที่ป่วยของเขา\nถูกพี่ชายตัวเองบีบคอจนตาย...
23-0155	sound_auth	Homicide in his own family.\nA caretaker murder.	ฆาตกรรมในครอบครัวตัวเอง\nคดีที่ผู้ดูแลลงมือฆ่าคนป่วย
23-0156	sound_auth	Morita's doing what he thinks is right in all this.\nThat's why he suppressed evidence earlier.	โมริตะกำลังทำในสิ่งที่เขาคิด ว่าถูกต้องกับเรื่องนี้ทั้งหมด\nนั่นแหละคือเหตุผลที่เขาปิด หลักฐานเมื่อก่อน
23-0157	sound_auth	Morita's doing what he thinks is right in all this.\nLike earlier... He'll even suppress evidence for it.	โมริตะกำลังทำในสิ่งที่เขาคิด ว่าถูกต้องกับเรื่องนี้ทั้งหมด\nอย่างเมื่อก่อน... เขาถึงกับยอมปิดหลักฐานเพื่อมันได้
23-0158	sound_auth	Back at Shono's lab, I mean.	หมายถึงตอนที่แล็บของโชโนะน่ะ
23-0159	sound_auth	What you saw at Shono's lab.	สิ่งที่คุณเห็นที่แล็บของโชโนะ
23-0160	sound_auth	The Mole killed countless people there.\nIt's only natural there'd be traces left behind.	ไส้ศึกฆ่าคนไปนับไม่ถ้วนที่นั่น\nมันธรรมดาอยู่แล้วที่จะต้องมี ร่องรอยหลงเหลืออยู่
23-0161	sound_auth	It's all there. That place has all the evidence\nof the Mole's murders.	ทุกอย่างอยู่ที่นั่นหมด สถานที่นั้นมีหลักฐาน\nการฆาตกรรมของไส้ศึกครบเลย
23-0162	sound_auth	Our case would be practically\nbulletproof if we found them.	คดีของเราจะแน่นหนา\nแทบไม่มีช่องโหว่ ถ้าเราเจอหลักฐานพวกนั้น
23-0163	sound_auth	If we had that, our case\nwould be bulletproof.	ถ้าเรามีหลักฐานนั้น คดีของเรา\nจะแน่นหนาไม่มีช่องโหว่เลย
23-0164	sound_auth	It's just...\nI can't believe he would do this...	แค่ว่า...\nผมไม่อยากเชื่อเลยว่าเขาจะทำแบบนี้...
23-0165	sound_auth	I just... He would go that far?\nThat's...	แค่ว่า... เขาไปได้ไกลขนาดนั้นเลยเหรอ?\nมันช่าง...
23-0166	sound_auth	The way he acted at the lab, we have to believe\nhe's wrapped up in this. Wouldn't you agree?	ท่าทีของเขาที่แล็บ ทำให้เราต้องเชื่อว่า\nเขาพัวพันกับเรื่องนี้ คุณว่าไหมล่ะ?
23-0167	sound_auth	You saw him at the lab. He's at the center of this.\nDon't you think?	คุณก็เห็นเขาที่แล็บเอง เขาคือตัวการหลักของเรื่องนี้\nคุณไม่คิดอย่างนั้นเหรอ?
23-0168	sound_auth	Izumida!	อิซุมิดะ!
23-0169	sound_auth	Well?	เป็นไงบ้าง?
23-0170	sound_auth	I... I guess I can't deny that.	ผม... ผมคงปฏิเสธไม่ได้หรอก
23-0171	sound_auth	I suppose... I can't deny that.	ผมว่า... ผมคงปฏิเสธไม่ได้
23-0172	sound_auth	But if he really is trying\nto protect AD-9...	แต่ถ้าเขาพยายามจะปกป้อง\nAD-9 จริงๆ...
23-0173	sound_auth	But... if he really <font_kind=yakuza_italic>is</font_kind>\ntrying to protect AD-9...	แต่... ถ้าเขา<font_kind=yakuza_italic>จริงๆ</font_kind>\nกำลังพยายามปกป้อง AD-9...
23-0174	sound_auth	How do we stop him?\nWhat can we even do?	เราจะหยุดเขาได้ยังไง?\nเราทำอะไรได้บ้าง?
23-0175	sound_auth	Well, I was planning to use Ayabe's trial to bring\nall the dark truths about AD-9 out into the light.	ก็ผมวางแผนจะใช้การพิจารณาคดี ของอายาเบะ\nเปิดโปงความจริงมืดๆ ทั้งหมดของ AD-9 ออกมา
23-0176	sound_auth	I had a plan. I was planning to use Ayabe's trial\nto bring all the dark truths of AD-9 into the light.	ผมมีแผนอยู่ ผมวางแผนจะใช้การพิจารณาคดีของอายาเบะ\nเปิดโปงความจริงมืดๆ ทั้งหมดของ AD-9 ออกมา
23-0177	sound_auth	That's why I chased Hamura down.\nWhy I needed to find Shono's lab.	นั่นแหละคือเหตุผลที่ผมตามล่าฮามุระ\nเหตุผลที่ผมต้องตามหาแล็บของโชโนะ
23-0178	sound_auth	That's why I did all of this. Chasing Hamura down,\nsearching for Shono's lab...	นั่นแหละคือเหตุผลที่ผมทำเรื่อง ทั้งหมดนี้ ตามล่าฮามุระ\nตามหาแล็บของโชโนะ...
23-0179	sound_auth	But Ichinose and Morita crushed those leads\nbefore they really even took off.	แต่อิจิโนเสะกับโมริตะก็บดขยี้ เบาะแสพวกนั้นทิ้ง\nตั้งแต่ยังไม่ทันได้ไปถึงไหนเลย
23-0180	sound_auth	But Ichinose and Morita just\ncrushed those leads.	แต่อิจิโนเสะกับโมริตะ\nก็บดขยี้เบาะแสพวกนั้นทิ้งไปเฉยๆ
23-0181	sound_auth	And you don't have\nthe ammo to stop them.	แล้วคุณก็ไม่มี\nกระสุนพอจะหยุดพวกมัน
23-0182	sound_auth	And on your own, you don't have\nthe ammo to stop them.	แล้วลำพังตัวคุณเองก็ไม่มี\nกระสุนพอจะหยุดพวกมันได้
23-0183	sound_auth	It hurts to hear the truth\nlaid out like that.	เจ็บนะ เวลาได้ยินความจริง\nถูกเปิดเผยออกมาแบบนั้น
23-0184	sound_auth	Hurts to hear the truth\nlaid out like that.	เจ็บเหมือนกัน ที่ได้ยินความจริง\nถูกเปิดเผยออกมาแบบนั้น
23-0185	sound_auth	But... it is a relief knowing you're not\non their side. Believe it or not.	แต่... ก็โล่งใจนะที่รู้ว่าคุณ\nไม่ได้อยู่ฝ่ายพวกนั้น จะเชื่อหรือไม่ก็ตาม
23-0186	sound_auth	But... now I know you're not part of AD-9's web.\nKind of a relief, really.	แต่... ตอนนี้ผมรู้แล้วว่าคุณไม่ได้ พัวพันกับเครือข่าย AD-9\nโล่งใจไปเปลาะหนึ่งเลยจริง ๆ
23-0187	sound_auth	Heh, not sure this is\nthe time to be relieved.	ฮึ ไม่แน่ใจว่านี่ใช่เวลา\nที่จะโล่งใจหรือเปล่านะ
23-0188	sound_auth	I'd say it's too\nearly to breathe easy.	ผมว่ามันยังเร็ว\nเกินไปที่จะวางใจนะ
23-0189	sound_auth	<color=ｍonologue>(There has to still be something\nwe can do before Ayabe's trial.)</color>	<color=ｍonologue>(ต้องมีอะไรที่เรายังทำได้\nก่อนถึงวันไต่สวนคดีอายาเบะแน่ ๆ)</color>
23-0190	sound_auth	I was wondering... you think we could get Ichinose\nto testify? Get him called to the stand?	ผมสงสัยอยู่นะ... คุณว่าเราจะให้อิจิโนเสะ\nมาเป็นพยานได้ไหม เรียกเขาขึ้นให้การได้ไหม?
23-0191	sound_auth	I was wondering... you think we could get\nIchinose to testify? Call him to the stand.	ผมสงสัยอยู่นะ... คุณว่าเราจะให้\nอิจิโนเสะมาเป็นพยานได้ไหม เรียกเขาขึ้นศาลได้ไหม?
23-0192	sound_auth	Under what pretense?	อ้างเหตุผลอะไรล่ะ?
23-0193	sound_auth	I dunno. Maybe to explain AD-9?\nIt could be anything, really.	ผมก็ไม่รู้ อาจจะให้มาอธิบายเรื่อง AD-9?\nอะไรก็ได้จริง ๆ นะ
23-0194	sound_auth	I dunno... maybe to explain AD-9,\nor something innocuous like that.	ผมก็ไม่รู้... อาจจะให้มาอธิบายเรื่อง AD-9\nหรืออะไรทำนองนั้นที่ไม่มีพิษภัย
23-0195	sound_auth	He can't say no if the prosecution\nrequests him, right?	ถ้าฝ่ายอัยการร้องขอ\nเขาปฏิเสธไม่ได้ใช่ไหม?
23-0196	sound_auth	If the prosecution requests him specifically,\nit's not like he can say no.	ถ้าฝ่ายอัยการร้องขอตัวเขาโดยตรง\nก็ไม่ใช่ว่าเขาจะปฏิเสธได้นี่
23-0197	sound_auth	Then? What do we do once\nwe have him there?	แล้วไงต่อ? เราจะทำยังไง\nพอได้ตัวเขามาแล้ว?
23-0198	sound_auth	And? Once we have him there?	แล้วไง? พอได้ตัวเขามาแล้วล่ะ?
23-0199	sound_auth	We corner him, eloquently. Shower him with questions\nuntil he gives up. Me and you both.	เราต้อนเขาด้วยวาทศิลป์ ถล่มคำถามใส่เขา\nจนกว่าเขาจะยอมแพ้ ทั้งผมและคุณช่วยกัน
23-0200	sound_auth	Wait, that's your big plan?	เดี๋ยวนะ นั่นคือแผนใหญ่ของคุณเนี่ยนะ?
23-0201	sound_auth	Really? <font_kind=yakuza_italic>That</font_kind> is your big plan?	จริงเหรอ? <font_kind=yakuza_italic>นั่น</font_kind>คือแผนใหญ่ของคุณเนี่ยนะ?
23-0202	sound_auth	Hey, desperate times\ncall for desperate measures!	เฮ้ ยามคับขัน\nก็ต้องใช้วิธีสุดขั้วสิ!
23-0203	sound_auth	Desperate measures for desperate times.	ยามคับขัน ก็ต้องใช้วิธีสุดขั้ว
23-0204	sound_auth	We don't have a chance of winning\nif we're not willing to take some risks.	เราไม่มีทางชนะ\nถ้าไม่กล้าเสี่ยงบ้างหรอกนะ
23-0205	sound_auth	If we don't take some risks... we don't\nstand a chance at winning this thing.	ถ้าเราไม่ยอมเสี่ยงบ้าง... เราก็\nไม่มีทางชนะเรื่องนี้ได้เลย
23-0206	sound_auth	Okay, I'm in. I'll let you know\nonce I've made the arrangements.	ก็ได้ ผมเอาด้วย จะแจ้งให้คุณรู้\nทันทีที่จัดการเรียบร้อย
23-0207	sound_auth	...Okay. I'll figure something out.\nOnce it's set, I'll call you.	...ก็ได้ ผมจะหาทางจัดการเอง\nพอเรียบร้อยแล้วจะโทรหาคุณ
23-0208	sound_auth	What a day...	วันนี้นี่มันวันอะไรกันเนี่ย...
23-0209	sound_auth	So basically, it's up to Izumida\nwhether or not Ichinose shows at the trial.	สรุปคือขึ้นอยู่กับอิซุมิดะ\nว่าอิจิโนเสะจะมาขึ้นศาลหรือเปล่า
23-0210	sound_auth	So now, we might get Ichinose at Ayabe's trial.\nBut that's up to Izumida.	ตอนนี้เราอาจได้ตัวอิจิโนเสะมา ขึ้นศาลคดีอายาเบะ\nแต่ก็ขึ้นอยู่กับอิซุมิดะ
23-0211	sound_auth	The question now is, how do we\npress Ichinose once he's there...?	คำถามตอนนี้คือ เราจะ\nกดดันอิจิโนเสะยังไงเมื่อเขามาถึง...?
23-0212	sound_auth	Question is, how do we press Ichinose\nonce he's there...?	คำถามคือ เราจะกดดันอิจิโนเสะ\nยังไงเมื่อเขามาถึง...?
23-0213	sound_auth	Before we get too far...	ก่อนที่เราจะคุยกันไปไกลกว่านี้...
23-0214	sound_auth	I have an announcement first.	ผมมีเรื่องจะแจ้งก่อนครับ
23-0215	sound_auth	Genda-sensei and Ayabe are both on board\nwith Yagami-san representing the defense.	อาจารย์เก็นดะกับอายาเบะ เห็นด้วยทั้งคู่\nที่จะให้ยากามิซังเป็นทนายฝ่ายจำเลย
23-0216	sound_auth	Both Genda-sensei and Detective Ayabe have accepted\nYagami-san as the attorney.	ทั้งอาจารย์เก็นดะและนักสืบ อายาเบะยอมรับ\nให้ยากามิซังเป็นทนายความแล้วครับ
23-0217	sound_auth	The lousiest lawyer ever,\nback in the court.	ทนายห่วยแตกที่สุดในโลก\nกลับมาโรงศาลอีกครั้ง
23-0218	sound_auth	Return of the lousiest lawyer ever.	การกลับมาของทนายห่วยแตกที่สุดในโลก
23-0219	sound_auth	Looks like it. Now, let's talk about\nour next steps. First on the agenda, though...	ดูเหมือนจะเป็นงั้น ทีนี้มาคุยกันเรื่อง\nขั้นตอนต่อไปดีกว่า แต่ก่อนอื่น...
23-0220	sound_auth	Looks like it. Now, we'd better get to our next steps,\nso first up is...	ดูเหมือนจะเป็นงั้น ทีนี้เรามาเข้าเรื่อง\nขั้นตอนต่อไปกันดีกว่า เรื่องแรกเลยคือ...
23-0221	sound_auth	What do we call Sugiura now?	ตอนนี้เราจะเรียกซุกิอุระว่า ยังไงกันดี?
23-0222	sound_auth	That's your "next step"?\nIt was, uh... Terasawa, yeah?	นั่นน่ะเหรอ "ขั้นตอนต่อไป" ของนาย?\nมันคือ... เอ่อ... เทราซาวะใช่ไหม?
23-0223	sound_auth	<font_kind=yakuza_italic>That's</font_kind> your "next step"?\nIt was, uh... Terasawa, yeah?	<font_kind=yakuza_italic>นั่นน่ะเหรอ</font_kind> "ขั้นตอนต่อไป" ของนาย?\nมันคือ... เอ่อ... เทราซาวะใช่ไหม?
23-0224	sound_auth	I'm fine with Sugiura.\nWhy change it up now?	ผมโอเคกับชื่อซุกิอุระนะ\nจะเปลี่ยนตอนนี้ทำไม?
23-0225	sound_auth	I'm fine with Sugiura.\nDoesn't have to be an issue.	ผมโอเคกับชื่อซุกิอุระ\nไม่เห็นต้องทำเป็นเรื่องใหญ่เลย
23-0226	sound_auth	Um... speaking of next steps.	เอ่อ... พูดถึงขั้นตอนต่อไปแล้ว
23-0227	sound_auth	Um... speaking of our next steps...	เอ่อ... พูดถึงขั้นตอนต่อไปของเรา...
23-0228	sound_auth	I'd like to try putting\nsome pressure on Kido again.	ผมอยากลอง\nกดดันคิโดะอีกครั้งครับ
23-0229	sound_auth	I'd like to try pressing Kido again.	ผมอยากลองกดดันคิโดะอีกครั้งครับ
23-0230	sound_auth	Maybe we could use the video Saori-san\nhelped us get to force him into testifying for us.	บางทีเราอาจใช้วิดีโอที่ซาโอริซัง\nช่วยเราหามาบีบให้เขามาเป็นพยาน ให้เราก็ได้ครับ
23-0231	sound_auth	Since Saori-san got us that video,\nmaybe we could get him to testify.	ในเมื่อซาโอริซังหาวิดีโอนั้นมา ให้เราแล้ว\nบางทีเราอาจให้เขามาเป็นพยานได้ครับ
23-0232	sound_auth	<color=ｍonologue>(True, if we could get Kido on our side\nhe'd be a powerful witness.)</color>	<color=ｍonologue>(จริงด้วย ถ้าดึงคิโดะมาเข้าข้างเราได้\nเขาจะเป็นพยานที่ทรงพลังมากเลย)</color>
23-0233	sound_auth	Good plan. Anyone else?	แผนดีนี่ มีใครมีเรื่องอื่นอีกไหม?
23-0234	sound_auth	Good idea. Anything else?	ไอเดียดีนี่ มีอะไรอีกไหม?
23-0235	sound_auth	This doesn't have anything to do with the case,\nbut some shit's goin' down in the Matsugane Family.	เรื่องนี้ไม่เกี่ยวกับคดีหรอกนะ\nแต่มีเรื่องบัดซบเกิดขึ้นกับ ตระกูลมัตสึกาเนะน่ะ
23-0236	sound_auth	We can talk about it right\nafter this, Yagami.	เดี๋ยวคุยเรื่องนั้นกัน\nต่อจากนี้เลยนะ ยากามิ
23-0237	sound_auth	I'll tell you later, once you're done talkin'.	เดี๋ยวบอกนายทีหลัง พอคุยเรื่องนี้จบก่อน
23-0238	sound_auth	Roger that.	รับทราบ
23-0239	sound_auth	Just so you know...\nI'm gonna go talk to Okubo soon.	ผมแค่อยากบอกไว้ก่อน...\nเดี๋ยวผมจะไปคุยกับโอคุโบะเร็ว ๆ นี้
23-0240	sound_auth	Just something you should know...\nI'm going to see Okubo-kun.	มีเรื่องหนึ่งที่อยากให้นายรู้ไว้...\nผมจะไปหาโอคุโบะคุง
23-0241	sound_auth	He still thinks Emi-chan's family\nhates him for what happened.	เขายังคิดว่าครอบครัวของเอมิจัง\nยังเกลียดเขาอยู่กับเรื่องที่เกิดขึ้น
23-0242	sound_auth	In his mind, Emi-chan's family still\nhates him for what happened.	ในใจเขาคิดว่าครอบครัวของเอมิจัง\nยังเกลียดเขาอยู่กับเรื่องที่เกิดขึ้น
23-0243	sound_auth	I need him to know that's not true.\nIf that's okay with you.	ผมอยากให้เขารู้ว่ามันไม่จริง\nถ้านายไม่ว่าอะไรนะ
23-0244	sound_auth	But that's not true, and\nI need him to know that.	แต่มันไม่จริงเลย และผม\nอยากให้เขารู้เรื่องนั้น
23-0245	sound_auth	Sure. I'm fine with it.	ครับ ผมไม่ว่าอะไรหรอก
23-0246	sound_auth	...Yeah. Just lemme know.	...ครับ แค่บอกผมด้วยก็พอ
23-0247	sound_auth	You said something's going down\nwith the Matsugane Family?	คุณบอกว่ามีเรื่องไม่ชอบมาพากล\nเกิดขึ้นกับตระกูลมัตสึกาเนะเหรอ?
23-0248	sound_auth	So what was it? Something's going down\nwith the Matsugane?	แล้วมันคือเรื่องอะไร? มีเรื่องไม่ชอบมาพากล\nเกิดขึ้นกับตระกูลมัตสึกาเนะเหรอ?
23-0249	sound_auth	Yup. It's all pretty much gone to shit.	เออ มันพังไม่เป็นท่าไปหมดแล้ว
23-0250	sound_auth	Right. The family's pretty much\ngone to shit.	ใช่ ตระกูลมันพังไม่เป็นท่า\nไปหมดแล้ว
23-0251	sound_auth	After the patriarch died, everyone just kinda\nwent their separate ways. Especially the younger guys.	หลังจากหัวหน้าตระกูลตาย ทุกคนก็แยกย้าย\nกันไปคนละทาง โดยเฉพาะพวกรุ่นน้อง
23-0252	sound_auth	After the patriarch died, everyone just kinda went their\nseparate ways. Especially the younger guys.	หลังจากหัวหน้าตระกูลตาย ทุกคนก็แยกย้ายกันไปคนละทาง\nโดยเฉพาะพวกรุ่นน้อง
23-0253	sound_auth	Is anyone trying to hold the family together?	มีใครพยายามประคองตระกูลไว้บ้างไหม?
23-0254	sound_auth	Anyone trying to keep the peace?	มีใครพยายามรักษาความสงบไว้บ้างไหม?
23-0255	sound_auth	Guy named Kengo, yeah. You beat the stuffing\noutta him once or twice, remember?	มีอยู่คนนึงชื่อเค็นโกะ นายเคยซัดมัน\nน่วมมาสักครั้งสองครั้งแล้วนี่ จำได้ไหม?
23-0256	sound_auth	Guy named Kengo, yeah. He's doin' his best.\nYou kicked his ass once or twice.	มีอยู่คนนึงชื่อเค็นโกะ เขาพยายามเต็มที่อยู่นะ\nนายเคยเตะก้นเขาสักครั้งสอง ครั้งแล้วนี่
23-0257	sound_auth	He was one of Captain Hamura's golden boys.	เขาเคยเป็นลูกรักของ กัปตันฮามุระคนหนึ่ง
23-0258	sound_auth	He was one of Captain Hamura's\ngolden boys.	เขาเคยเป็นลูกรักของกัปตันฮามุระ\nคนหนึ่ง
23-0259	sound_auth	There's kinda somethin' up with him, though.	แต่ตอนนี้มันดูมีอะไรแปลก ๆ อยู่นะ
23-0260	sound_auth	But... he's changed.\nSomething's up with him.	แต่... เขาเปลี่ยนไป\nมีอะไรแปลก ๆ เกิดขึ้นกับเขา
23-0261	sound_auth	You'll see when we get there.\nWanna tag along?	ไปถึงแล้วนายจะได้เห็นเอง\nอยากไปด้วยกันไหม?
23-0262	sound_auth	Well? You wanna check\non the family with me?	ไงล่ะ? อยากไปเช็ก\nเรื่องตระกูลกับผมไหม?
23-0263	sound_auth	Well? Wanna come check on\nthe Matsugane?	ไงล่ะ? อยากไปเช็ก\nเรื่องมัตสึกาเนะด้วยกันไหม?
23-0264	sound_auth	(I told Hoshino-kun I'd go to the ADDC with him.\nBut maybe I should do this first?)	(บอกโฮชิโนะคุงไว้ว่าจะไป ADDC ด้วยกัน\nแต่บางทีควรทำเรื่องนี้ก่อนดีไหมนะ?)
23-0265	sound_auth	(I told Sugiura I'd go visit Okubo.\nBut maybe I should do this first?)	(บอกซุกิอุระไว้ว่าจะไปเยี่ยม โอคุโบะด้วยกัน\nแต่บางทีควรทำเรื่องนี้ก่อนดีไหมนะ?)
23-0266	sound_auth	Sure. Let's do it.	ได้สิ ไปกันเลย
23-0267	sound_auth	Not just yet, sorry.	ยังก่อนละกัน ขอโทษด้วยนะ
23-0268	sound_auth	Nah, not just yet.	ไม่ ยังก่อน
23-0269	sound_auth	I'd like to talk to Kido if possible.\nHe'd make a valuable witness in Ayabe's trial.	ถ้าเป็นไปได้ผมอยากคุยกับคิโดะครับ\nเขาน่าจะเป็นพยานที่มีค่ามาก ในคดีของอายาเบะ
23-0270	sound_auth	As for me, I'd like to talk to Kido.\nHe'd make a valuable witness in Ayabe's trial.	ส่วนผมอยากคุยกับคิโดะครับ\nเขาน่าจะเป็นพยานที่มีค่ามาก ในคดีของอายาเบะ
23-0271	sound_auth	We've got some dirt on him, too.	เรามีจุดอ่อนของเขาอยู่ในมือด้วยนะ
23-0272	sound_auth	Yeah, thanks to Saori-san's\nlittle adventure.	ครับ ต้องขอบคุณการผจญภัยเล็ก ๆ\nของซาโอริซังเลย
23-0273	sound_auth	Yeah, thanks to Saori-san's hard work.	ครับ ต้องขอบคุณความพยายามของซาโอริซัง
23-0274	sound_auth	He won't be able to turn us away\nonce we remind him of that.	พอเราเตือนเรื่องนั้นให้เขานึกขึ้นได้\nเขาก็ปฏิเสธเราไม่ได้หรอกครับ
23-0275	sound_auth	Once we remind him about that,\nKido can't just turn us away.	พอเราเตือนเรื่องนั้นให้เขานึกขึ้นได้\nคิโดะก็ปฏิเสธเราไม่ได้หรอกครับ
23-0276	sound_auth	Yagami-san.\nAre you ready to go to the ADDC?	ยากามิซัง\nพร้อมไป ADDC หรือยังครับ?
23-0277	sound_auth	Yagami-san? Are you ready to\ngo to the ADDC?	ยากามิซังครับ? พร้อมจะ\nไป ADDC หรือยัง?
23-0278	sound_auth	(I told Higashi I'd go check out the Matsugane with him.\nBut maybe I should do this first?)	(บอกฮิงาชิไว้ว่าจะไปตรวจสอบ เรื่องตระกูลมัตสึกาเนะด้วยกัน\nแต่บางทีควรทำเรื่องนี้ก่อนดีไหมนะ?)
23-0279	sound_auth	You wanna go see Okubo, Yagami-san?	อยากไปเยี่ยมโอคุโบะไหมครับ ยากามิซัง?
23-0280	sound_auth	You gonna go see Okubo,\nYagami-san?	จะไปเยี่ยมโอคุโบะ\nไหมครับ ยากามิซัง?
23-0281	sound_auth	Yeah. I wish you could come too,\nbut civilians can't get that kind of clearance.	ใช่ อยากให้นายไปด้วยเหมือนกันนะ\nแต่พลเรือนคงเข้าไม่ได้เพราะ ต้องมีสิทธิ์พิเศษ
23-0282	sound_auth	Yeah. I wish you could come too,\nbut clearance is restricted...	ใช่ อยากให้นายไปด้วยเหมือนกัน\nแต่สิทธิ์เข้าออกมันจำกัดน่ะ...
23-0283	sound_auth	It's okay. It is how it is.	ไม่เป็นไรครับ มันก็เป็นแบบนี้แหละ
23-0284	sound_auth	You ready to see Okubo...?	พร้อมจะเจอโอคุโบะหรือยังครับ...?
23-0285	sound_auth	Yeah, it's time to clear the air.	ใช่ ถึงเวลาต้องเคลียร์ใจกันซะที
23-0286	sound_auth	Yeah. I'm heading out.	ใช่ ผมจะออกไปแล้วนะ
23-0287	sound_auth	I hear you're returning to the courtroom, Yagami-san.\nLet me know if I can help in any way.	ได้ยินว่าคุณจะกลับไปที่ห้อง พิจารณาคดีอีกครั้ง ยากามิซัง\nมีอะไรให้ช่วยก็บอกได้นะคะ
23-0288	sound_auth	Yagami-san... I hear you're returning to the courtroom.\nIf there's any way I can help, just say so.	ยากามิซัง... ได้ยินว่าคุณจะกลับไปที่ห้อง พิจารณาคดี\nถ้ามีอะไรให้ฉันช่วยได้ก็บอกมาเลยนะคะ
23-0289	sound_auth	Well look who it is.	โอ้ ใครมาเนี่ย
23-0290	sound_auth	Well, look who it is.	โอ้ ดูสิใครมา
23-0291	sound_auth	Hey, Genda-sensei?\nAbout Ayabe's trial...	อาจารย์เก็นดะครับ?\nเรื่องคดีของอายาเบะ...
23-0292	sound_auth	Yeah. Uh... About Ayabe's trial\ncoming up...	ครับ เอ่อ... เรื่องคดีของอายาเบะ\nที่กำลังจะมาถึง...
23-0293	sound_auth	Hoshino-kun told me everything. You're finally\ncoming back after these three long years.	โฮชิโนะคุงเล่าให้ผมฟังหมดแล้ว ในที่สุดคุณก็\nกลับมาอีกครั้งหลังจากสามปีอันยาวนาน
23-0294	sound_auth	Hoshino-kun told me everything. You're finally coming back\nafter these three long years... Do us proud.	โฮชิโนะคุงเล่าให้ผมฟังหมดแล้ว ในที่สุดคุณก็กลับมา\nอีกครั้งหลังจากสามปีอันยาวนาน... ทำให้พวกเราภูมิใจด้วยนะ
23-0295	sound_auth	I know it's kinda late\nto say this now, but... sorry.	ผมรู้ว่ามันอาจจะสายไปหน่อย\nที่จะพูดตอนนี้ แต่... ขอโทษด้วยนะครับ
23-0296	sound_auth	Well... I know it's kinda late\nto say this now, but... sorry.	เอ่อ... ผมรู้ว่ามันอาจจะสายไปหน่อย\nที่จะพูดตอนนี้ แต่... ขอโทษด้วยนะครับ
23-0297	sound_auth	Eh, don't worry about it. I've honestly\nbeen waiting for this day to come.	เอ๊ะ ไม่ต้องห่วงหรอก จริง ๆ แล้วผม\nรอวันนี้มานานแล้ว
23-0298	sound_auth	Eh... look, don't worry about it.\nI've honestly been waiting for the day to come.	เอ๊ะ... ฟังนะ ไม่ต้องห่วงหรอก\nจริง ๆ แล้วผมรอวันนี้มานานแล้ว
23-0299	sound_auth	It's about time you made peace with your past.	ก็ถึงเวลาแล้วที่คุณจะทำใจ ยอมรับอดีตของตัวเองได้เสียที
23-0300	sound_auth	It's about time you made peace\nwith your past.	ก็ถึงเวลาแล้วที่คุณจะทำใจยอมรับ\nอดีตของตัวเองได้เสียที
23-0301	sound_auth	Go avenge Shintani for us.	ไปแก้แค้นแทนชินทานิให้พวกเราด้วยนะ
23-0302	sound_auth	Well, it's up to you.\nGo avenge Shintani for us.	เอาเถอะ แล้วแต่คุณเลย\nไปแก้แค้นแทนชินทานิให้พวกเราด้วยนะ
23-0303	sound_auth	I will. Matsugane-san, too.	ผมจะทำครับ แล้วก็แทนท่านมัตสึกาเนะด้วย
23-0304	sound_auth	For Matsugane-san, too.	แทนท่านมัตสึกาเนะด้วยครับ
23-0305	sound_auth	Yeah... Damn right.	ใช่สิ... พูดถูกเผงเลย
23-0306	sound_auth	This damn drug has taken\nfar too many lives...	ไอ้ยาเวรนี่มันคร่าชีวิตคน\nไปมากเกินไปแล้ว...
23-0307	sound_auth	This damn drug's taken too many lives.\nThis AD-9...	ไอ้ยาเวรนี่คร่าชีวิตคนไป มากเกินไปแล้ว\nไอ้ AD-9 นี่...
23-0308	sound_auth	Let's put an end to it once and for all.	มายุติเรื่องนี้กันให้เด็ดขาดไป เลยดีกว่า
23-0309	sound_auth	C'mon. Let's put an end to it.	เอาน่า มายุติเรื่องนี้กันเถอะ
23-0310	sound_auth	Sorry for askin' you to do this,\nYagami. The family's a real mess right now.	ขอโทษที่ต้องให้คุณมาช่วยเรื่องนี้นะ\nยากามิ ตอนนี้ตระกูลยุ่งเหยิงหนักจริง ๆ
23-0311	sound_auth	Sorry for askin' you to do this.\nThe family's... a real mess right now.	ขอโทษที่ต้องให้คุณมาช่วยเรื่องนี้นะ\nตระกูลตอนนี้... ยุ่งเหยิงหนักจริง ๆ
23-0312	sound_auth	Sure you don't wanna\nbring Kaito-san along?	แน่ใจนะว่าไม่อยาก\nพาไคโตะซังมาด้วย?
23-0313	sound_auth	Sure you don't wanna bring\nKaito-san along?	แน่ใจนะว่าไม่อยากพา\nไคโตะซังมาด้วย?
23-0314	sound_auth	He got expelled, remember?\nThey wouldn't even let him through the door.	เขาโดนไล่ออกไปแล้วไง ลืมหรือไง\nพวกนั้นคงไม่ให้เขาเข้าประตูมาด้วยซ้ำ
23-0315	sound_auth	Anyway, let's go.\nDoubt I can stop 'em all on my own.	เอาล่ะ ไปกันเถอะ\nผมคนเดียวคงห้ามพวกเขาทั้งหมด ไม่ไหวหรอก
23-0316	sound_auth	Anyway, let's go. Don't think I can\nstop 'em on my own.	เอาล่ะ ไปกันเถอะ ผมว่าตัวคนเดียว\nคงห้ามพวกเขาไม่ไหว
23-0317	sound_auth	Stop them?\nWhat do you mean?	ห้ามพวกเขาเหรอ?\nหมายความว่ายังไง?
23-0318	sound_auth	...Stop them?\nWhat do you mean?	...ห้ามพวกเขาเหรอ?\nหมายความว่ายังไง?
23-0319	sound_auth	Just c'mon.	มาเถอะน่า
23-0320	sound_auth	Yo, Kengo.	โย่ เค็นโกะ
23-0321	sound_auth	Higashi-aniki. Finally went n' brought\nme Yagami-san, hm?	ฮิงาชิ-อานิกิ ในที่สุดก็พา\nยากามิซังมาให้กูซะที สินะ?
23-0322	sound_auth	Higashi-aniki. Finally got me the man himself, huh?\nYagami-san.	ฮิงาชิ-อานิกิ ในที่สุดก็พาตัวจริง\nมาให้กูได้ซะที สินะ ยากามิซัง
23-0323	sound_auth	Easy. It's okay.	ใจเย็น ๆ ไม่เป็นไร
23-0324	sound_auth	Need something from me?	มีอะไรจะให้ผมช่วยหรือเปล่า?
23-0325	sound_auth	What do you want with me?	คุณต้องการอะไรจากผม?
23-0326	sound_auth	Our patriarch is dead. And I hear you've\ngot the scoop on who did it.	หัวหน้าตระกูลกูตายไปแล้ว แล้วกูก็ได้ยินมาว่า\nมึงรู้เบาะแสว่าใครทำ
23-0327	sound_auth	Our patriarch's dead. And I hear\nyou know who did it.	หัวหน้าตระกูลกูตายไปแล้ว แล้วกูก็ได้ยิน\nมาว่ามึงรู้ว่าใครทำ
23-0328	sound_auth	You know who the Mole is.\nAnd I want you to tell us.	มึงรู้ว่าใครคือไส้ศึก\nแล้วกูอยากให้มึงบอกพวกกูมา
23-0329	sound_auth	How 'bout it? You know who the Mole is.\nSo I want you to tell us.	ว่าไง? มึงรู้ว่าใครคือไส้ศึก\nกูเลยอยากให้มึงบอกพวกกูมา
23-0330	sound_auth	So you want revenge.	งั้นคุณก็ต้องการแก้แค้นสินะ
23-0331	sound_auth	You want your revenge?	คุณต้องการแก้แค้นใช่ไหม?
23-0332	sound_auth	We don't just want it. We need to get it.\nAll part of bein' a yakuza.	กูไม่ได้แค่ต้องการมันหรอก กูต้องได้มันมาให้ได้\nมันเป็นส่วนหนึ่งของการเป็นยากูซ่า
23-0333	sound_auth	Nah, we don't want it. We <font_kind=yakuza_italic>need</font_kind> it.\nJust part of bein' a yakuza.	ไม่ใช่แค่ต้องการหรอก กู<font_kind=yakuza_italic>ต้อง</font_kind>ได้มันมา\nมันคือส่วนหนึ่งของการเป็นยากูซ่า
23-0334	sound_auth	We're gonna massacre\nthe son of a bitch!	พวกกูจะสังหาร\nไอ้สารเลวนั่นให้สิ้นซาก!
23-0335	sound_auth	We'll massacre the son of a bitch!	พวกกูจะสังหารไอ้สารเลวนั่นให้สิ้นซาก!
23-0336	sound_auth	You can't handle it.	คุณรับมือไม่ไหวหรอก
23-0337	sound_auth	The fuck you say to me!?	มึงพูดกับกูว่าไงนะ!?
23-0338	sound_auth	I've told 'em that already,\nbut they won't listen.	ผมบอกพวกเขาไปแล้ว\nแต่พวกเขาไม่ยอมฟัง
23-0339	sound_auth	It's in one ear, out the next here.	เข้าหูซ้ายทะลุหูขวาไปหมดเลยครับ
23-0340	sound_auth	So... what do you want me to do?	งั้น... คุณอยากให้ผมทำอะไร?
23-0341	sound_auth	And you want me\nto do what, exactly?	แล้วคุณอยากให้ผม\nทำอะไรกันแน่?
23-0342	sound_auth	I mean, you're a lawyer, yeah?\nIsn't persuasion your job?	ผมหมายถึง คุณเป็นทนายไม่ใช่เหรอ?\nการโน้มน้าวคนก็งานของคุณนี่?
23-0343	sound_auth	A lawyer persuades, right?\nSo persuade 'em.	ทนายก็ต้องโน้มน้าวคนใช่ไหม?\nงั้นก็ไปโน้มน้าวพวกเขาสิ
23-0344	sound_auth	You can't worm your way outta this.\nTell us who the Mole is.	มึงจะดิ้นหนีเรื่องนี้ไม่ได้หรอก\nบอกพวกกูมาว่าใครคือไส้ศึก
23-0345	sound_auth	You can't worm your way outta this.\nWe want the Mole, so start talking.	มึงจะดิ้นหนีเรื่องนี้ไม่ได้หรอก\nพวกกูต้องการตัวไส้ศึก พูดมาซะดี ๆ
23-0346	sound_auth	Or do you need a little encouragement?	หรือมึงอยากให้กูช่วยกระตุ้นหน่อยล่ะ?
23-0347	sound_auth	Kengo!	เค็นโกะ!
23-0348	sound_auth	I'm rebuildin' this family one way or another.\nNow stand the fuck down, Aniki!	กูจะสร้างตระกูลนี้ขึ้นมาใหม่ ไม่ทางใดก็ทางหนึ่ง\nถอยไปซะเดี๋ยวนี้ อานิกิ!
23-0349	sound_auth	Matsugane's gone... but I'm saving this family.\nNow stand the fuck down, Aniki!	มัตสึกาเนะตายไปแล้ว... แต่กูจะกอบกู้ตระกูลนี้เอง\nถอยไปซะเดี๋ยวนี้ อานิกิ!
23-0350	sound_auth	You... goddamn...	มึง... ไอ้เวรเอ๊ย...
23-0351	sound_auth	All right. If you wanna know\nthat bad... I'll tell you.	ก็ได้ ถ้าอยากรู้\nขนาดนั้น... ผมจะบอกให้
23-0352	sound_auth	If you wanna know the Mole's identity\nthat bad... I'll tell you.	ถ้าอยากรู้ตัวตนของไส้ศึก\nขนาดนั้น... ผมจะบอกให้
23-0353	sound_auth	Kuroiwa. From the Tokyo PD.\nOrganized crime.	คุโรอิวะ จากตำรวจนครบาลโตเกียว\nแผนกปราบปรามองค์กรอาชญากรรม
23-0354	sound_auth	A Kamurocho cop. Organized Crime Division.\nName's Kuroiwa.	ตำรวจคามุโรโจ แผนกปราบปรามองค์กรอาชญากรรม\nชื่อคุโรอิวะ
23-0355	sound_auth	Bastard's a cop...?	ไอ้สารเลวนี่มันตำรวจ...?
23-0356	sound_auth	It doesn't end with him, though. Kuroiwa's just a tool\nfor the people really behind all this.	แต่เรื่องมันไม่จบแค่นั้น คุโรอิวะเป็นแค่เครื่องมือ\nของคนที่อยู่เบื้องหลังเรื่อง ทั้งหมดจริง ๆ
23-0357	sound_auth	But you should know... It doesn't end with him.\nKuroiwa's just a tool for the people really behind all this.	แต่คุณควรรู้ไว้... เรื่องมันไม่จบแค่นั้น\nคุโรอิวะเป็นแค่เครื่องมือของคน ที่อยู่เบื้องหลังเรื่องทั้งหมด จริง ๆ
23-0358	sound_auth	They're not afraid of some small-time\nyakuza thugs.	พวกเขาไม่กลัวยากูซ่า\nระดับหางแถวหรอก
23-0359	sound_auth	Guys like him? They're not afraid of some\nthird-string yakuza thugs.	คนแบบเขาเนี่ยนะ? พวกเขาไม่กลัวยากูซ่า\nระดับต๊อกต๋อยหรอก
23-0360	sound_auth	That's why I'm gonna\nbeat them myself, in court.	นั่นแหละคือเหตุผลที่ผม\nจะเอาชนะพวกเขาเองในศาล
23-0361	sound_auth	That's why I'm gonna beat them\nmyself, in court.	นั่นแหละคือเหตุผลที่ผมจะเอาชนะ\nพวกเขาเองในศาล
23-0362	sound_auth	You? You seriously think you can do that?	มึงเนี่ยนะ? มึงคิดจริง ๆ เหรอว่าทำได้?
23-0363	sound_auth	You? You think... you're gonna take...\nthis Kuroiwa guy...?	มึงน่ะเหรอ? มึงคิดว่า... มึงจะเอาชนะ...\nไอ้คุโรอิวะนี่ได้...?
23-0364	sound_auth	Matsugane-san was like a father to me, for the last\n20 years. I knew him longer than you guys.	ท่านมัตสึกาเนะเป็นเหมือนพ่อผมมาตลอด\n20 ปี ผมรู้จักท่านมานานกว่าพวกคุณอีก
23-0365	sound_auth	Matsugane-san was like a father to me,\nfor twenty good years. I knew him longer than you guys.	ท่านมัตสึกาเนะเป็นเหมือนพ่อผม\nมาตลอด 20 ปีเต็ม ผมรู้จักท่านมานานกว่าพวกคุณอีก
23-0366	sound_auth	I want revenge as bad as you. Maybe more.\nCan you let me handle this one?	ผมอยากแก้แค้นไม่แพ้คุณหรอก อาจจะมากกว่าด้วยซ้ำ\nให้ผมจัดการเรื่องนี้เองได้ไหม?
23-0367	sound_auth	So... I want revenge for the old man, too.\nCan you let me handle this one?	ก็... ผมอยากแก้แค้นแทนท่านเหมือนกัน\nให้ผมจัดการเรื่องนี้เองได้ไหม?
23-0368	sound_auth	I owe you one, Yagami.	ผมติดหนี้บุญคุณนายไว้นะ ยากามิ
23-0369	sound_auth	Yagami... I owe you one.	ยากามิ... กูติดหนี้มึงไว้นะ
23-0370	sound_auth	Don't mention it. Later.	ไม่ต้องพูดถึงหรอก แล้วเจอกัน
23-0371	sound_auth	Killin' Kuroiwa wouldn't accomplish shit.\nHe's just the tip of this whole fucked up iceberg.	ฆ่าคุโรอิวะไปก็ไม่ได้อะไรขึ้นมาหรอก\nมันแค่ยอดภูเขาน้ำแข็งของเรื่องเน่า ๆ ทั้งหมดนี้
23-0372	sound_auth	Killin' Kuroiwa wouldn't accomplish shit.\nWe need the guys pulling the strings.	ฆ่าคุโรอิวะไปก็ไม่ได้อะไรขึ้นมาหรอก\nพวกเราต้องการตัวคนที่อยู่ เบื้องหลังชักใย
23-0373	sound_auth	Let Yagami do this.	ปล่อยให้ยากามิจัดการเรื่องนี้
23-0374	sound_auth	Let Yagami handle this.	ปล่อยให้ยากามิเป็นคนจัดการ
23-0375	sound_auth	You might even wanna\nconsider helpin' him.	นายอาจจะอยาก\nลองช่วยเขาดูบ้างก็ได้นะ
23-0376	sound_auth	If you wanna help,\nI'm sure he could use it.	ถ้านายอยากช่วย\nผมว่าเขาต้องการอยู่แล้วล่ะ
23-0377	sound_auth	Sorry Higashi pulled you into that.	ขอโทษนะที่ฮิงาชิดึงนายไปพัวพัน เรื่องนั้น
23-0378	sound_auth	Sorry Higashi dragged you into that. 	ขอโทษนะที่ฮิงาชิลากนายไปพัวพัน เรื่องนั้น
23-0379	sound_auth	Were you spying on me?	นายแอบสอดแนมผมอยู่เหรอ?
23-0380	sound_auth	...Were you spying on me?	...นายแอบสอดแนมผมอยู่เหรอ?
23-0381	sound_auth	Not too hard when you've got a drone.	ไม่ยากหรอกถ้ามีโดรนอยู่ในมือ
23-0382	sound_auth	I mean... I've got a drone.	ก็... ผมมีโดรนนี่นา
23-0383	sound_auth	I guess not, no.	ก็คงไม่ยากจริงด้วยสิ
23-0384	sound_auth	Ha, you got me there.	ฮ่า นายพูดถูกเผงเลย
23-0385	sound_auth	Anyways, with Matsugane-san gone, the family's\nbeen driftin' in the wind like a kite without a string.	ยังไงก็เถอะ พอท่านมัตสึกาเนะไม่อยู่แล้ว ตระกูล\nก็ล่องลอยไร้จุดหมายเหมือนว่าว ที่ขาดสาย
23-0386	sound_auth	Now that Matsugane-san's gone, the family's driftin'.\nLike a kite with its string cut.	ตอนนี้ท่านมัตสึกาเนะไม่อยู่แล้ว ตระกูลก็ล่องลอยไร้จุดหมาย\nเหมือนว่าวที่สายขาด
23-0387	sound_auth	Looks like you brought 'em\nback down to Earth, though.	แต่ดูเหมือนนายจะดึงพวกเขา\nกลับลงมาสู่พื้นโลกได้แล้วนะ
23-0388	sound_auth	From the looks of that mess upstairs, though,\nyou brought 'em back down.	แต่จากสภาพยุ่งเหยิงข้างบนนั่น\nนายก็ดึงพวกเขากลับลงมาได้แล้วนี่
23-0389	sound_auth	Thanks, man.	ขอบใจนะเพื่อน
23-0390	sound_auth	You hit your head or something?	นายโดนตีหัวมาหรือไง?
23-0391	sound_auth	Hey, how hard did they hit you?	เฮ้ เขาต่อยหัวนายแรงขนาดไหนเนี่ย?
23-0392	sound_auth	Yeah, yeah, make your jokes.\nJust don't say I never said it.	เออ ๆ จะแซวก็แซวไปเถอะ\nแต่อย่ามาว่าผมไม่เตือนนายล่ะ
23-0393	sound_auth	Sure, make your jokes.\nJust don't say I never said it.	จะแซวก็แซวไปเถอะ\nแต่อย่ามาว่าผมไม่เตือนนายล่ะ
23-0394	sound_auth	We'll need to take a taxi\nto the ADDC, right?	เราคงต้องนั่งแท็กซี่\nไป ADDC กันใช่ไหมครับ?
23-0395	sound_auth	We'll need a taxi to take us\nto the ADDC.	เราคงต้องเรียกแท็กซี่พาไป\nADDC กันครับ
23-0396	sound_auth	I knew it would all work out.	ผมรู้อยู่แล้วว่ามันต้องเรียบร้อยแน่
23-0397	sound_auth	Hm? What would?	หืม? เรียบร้อยอะไรเหรอครับ?
23-0398	sound_auth	Seeing Kido without an appointment.\nThat video has some serious power.	เรื่องที่ได้เจอคิโดะทั้ง ที่ไม่มีนัดไว้น่ะเหรอ\nวิดีโอนั่นมันทรงพลังจริง ๆ
23-0399	sound_auth	You can thank Saori-san for that.	ต้องขอบคุณซาโอริซังเลยครับ
23-0400	sound_auth	Thank Saori-san for that.	ขอบคุณซาโอริซังไว้เถอะครับ
23-0401	sound_auth	Afternoon.	สวัสดีตอนบ่าย
23-0402	sound_auth	...Hi.	...หวัดดี
23-0403	sound_auth	Sorry to barge in.	ขอโทษที่มาแบบไม่บอกกล่าวนะครับ
23-0404	sound_auth	Sorry for the imposition.	ขอโทษที่มารบกวนแบบนี้นะครับ
23-0405	sound_auth	We know you're busy.	เรารู้ว่าคุณยุ่งอยู่
23-0406	sound_auth	We know you're a busy man.	เรารู้ว่าคุณเป็นคนที่มีภารกิจ ยุ่งอยู่แล้ว
23-0407	sound_auth	Please, sit.	เชิญนั่งครับ
23-0408	sound_auth	Well...\nLet's get straight to the point.	เอาล่ะ...\nเข้าเรื่องกันเลยดีกว่า
23-0409	sound_auth	We'd like to call you to the stand\nas a witness in Ayabe's trial.	เราอยากขอให้คุณขึ้นให้การ\nเป็นพยานในคดีของอายาเบะ
23-0410	sound_auth	Kido-san, we want you to be a witness for us\nat Ayabe's trial.	คิโดะซัง เราอยากให้คุณเป็นพยานให้เรา\nในคดีของอายาเบะ
23-0411	sound_auth	That's not possible.	เป็นไปไม่ได้หรอก
23-0412	sound_auth	Would this change your mind?	ถ้าเป็นแบบนี้จะเปลี่ยนใจไหม?
23-0413	sound_auth	Does this change things?	แบบนี้จะเปลี่ยนอะไรได้บ้างไหม?
23-0414	sound_auth	Do what you will.	จะทำอะไรก็เชิญตามสบาย
23-0415	sound_auth	Wait... really?	เดี๋ยวนะ... จริงเหรอ?
23-0416	sound_auth	Ichinose is unstoppable,\nand my testimony won't change that.	อิจิโนเสะไม่มีใครหยุดได้หรอก\nคำให้การของผมก็เปลี่ยนอะไรไม่ได้
23-0417	sound_auth	Ichinose is unstoppable, and my testimony\nwon't change that.	อิจิโนเสะไม่มีใครหยุดได้ และคำให้การของผม\nก็เปลี่ยนอะไรไม่ได้
23-0418	sound_auth	You're up against everyone who stands to gain from AD-9.\nIncluding patients who it would save and their families.	คุณกำลังสู้กับทุกคนที่ได้ประโยชน์จาก AD-9\nรวมถึงผู้ป่วยที่มันจะช่วยชีวิต ไว้และครอบครัวของพวกเขาด้วย
23-0419	sound_auth	You're up against everyone who stands to gain from AD-9.\nThat includes the patients it would save and their families.	คุณกำลังสู้กับทุกคนที่ได้ประโยชน์จาก AD-9\nนั่นรวมถึงผู้ป่วยที่มันจะช่วย ไว้และครอบครัวของพวกเขาด้วย
23-0420	sound_auth	You can't win.	คุณชนะไม่ได้หรอก
23-0421	sound_auth	Not how things stand, no.\nBut that's exactly why we need your testimony.	ถ้าสถานการณ์เป็นแบบนี้ก็คงไม่\nแต่นั่นแหละคือเหตุผลที่เรา ต้องการคำให้การของคุณ
23-0422	sound_auth	Not how things stand, no. But that's exactly why\nwe need your testimony.	ถ้าสถานการณ์เป็นแบบนี้ก็คงไม่ แต่นั่นแหละคือเหตุผล\nที่เราต้องการคำให้การของคุณ
23-0423	sound_auth	I have no obligation to help you.\nIf you truly want to release the video, release it.	ผมไม่มีหน้าที่ต้องช่วยคุณ\nถ้าคุณอยากปล่อยวิดีโอนั่นจริง ๆ ก็ปล่อยไปเลย
23-0424	sound_auth	I have no obligation to help you.\nAnd the video...? Release it if you want.	ผมไม่มีหน้าที่ต้องช่วยคุณ\nส่วนวิดีโอนั่นน่ะเหรอ...? จะปล่อยก็เชิญ
23-0425	sound_auth	You are aware of the consequences\nthat would have, right?	คุณรู้ตัวใช่ไหมว่าจะมีผลกระทบ\nตามมาแค่ไหน?
23-0426	sound_auth	If we upload that, do you realize\nwhat'll happen?	ถ้าเราอัปโหลดวิดีโอนั่นขึ้นไป คุณรู้ตัวไหม\nว่าจะเกิดอะไรขึ้น?
23-0427	sound_auth	I'll become the laughing stock of\nthe scientific world. My career will be over.	ผมจะกลายเป็นตัวตลกของ\nวงการวิทยาศาสตร์ไปเลย อาชีพผมก็จบเห่
23-0428	sound_auth	I'll be a laughingstock. My industry will denounce me.\nMy career will be over.	ผมจะกลายเป็นตัวตลก วงการของผมจะประณามผม\nอาชีพผมก็จบสิ้นเลย
23-0429	sound_auth	But I'd rather that than make an enemy\nof Ichinose. I'm not ready to die just yet.	แต่ผมยอมแบบนั้นดีกว่าไปสร้างศัตรู\nกับอิจิโนเสะ ผมยังไม่พร้อมตายตอนนี้หรอก
23-0430	sound_auth	But... I'd rather that than make an enemy of Ichinose.\nI'm not ready to die just yet.	แต่... ผมยอมแบบนั้นดีกว่าไปสร้างศัตรู กับอิจิโนเสะ\nผมยังไม่พร้อมตายตอนนี้หรอก
23-0431	sound_auth	Are you really that scared of him?	คุณกลัวเขาขนาดนั้นเลยเหรอครับ?
23-0432	sound_auth	There's no doubt in your mind?\nYou're that scared of Ichinose?	ไม่มีข้อสงสัยในใจคุณเลยเหรอครับ\nกลัวอิจิโนเสะขนาดนั้นเชียวเหรอ?
23-0433	sound_auth	Of course. Losing my job is a much more appealing\nproposal than losing my life.	แน่นอนอยู่แล้ว การเสียงานยังฟังดูดีกว่า\nการเสียชีวิตเยอะ
23-0434	sound_auth	Of course. I can accept losing my job, if I must...\nI still want to live, though.	แน่นอนอยู่แล้ว ถ้าจำเป็นผมยอมเสียงานได้...\nแต่ผมยังอยากมีชีวิตอยู่นะ
23-0435	sound_auth	Nobody's dying if we can help it.\nWe can protect you.	ไม่มีใครต้องตายหรอกถ้าเราช่วยได้\nเราปกป้องคุณได้
23-0436	sound_auth	Nobody's dying if we can help it.\nWe'll protect you.	ไม่มีใครต้องตายหรอกถ้าเราช่วยได้\nเราจะปกป้องคุณเอง
23-0437	sound_auth	Don't you understand?\nNo matter what I say, you can't win this trial!	คุณไม่เข้าใจเหรอ?\nต่อให้ผมพูดยังไง คุณก็ชนะคดีนี้ไม่ได้หรอก!
23-0438	sound_auth	I told you, you can't win this trial!\nMy testimony won't do a thing!	ผมบอกแล้วไงว่าคุณชนะคดีนี้ไม่ได้!\nคำให้การของผมไม่ช่วยอะไรหรอก!
23-0439	sound_auth	But if I open my mouth... I'll have to live the rest of my\nlife in fear. Until the day they finally finish the job.	แต่ถ้าผมปากโป้ง... ผมก็ต้องใช้ชีวิตที่เหลือ\nด้วยความหวาดกลัว จนกว่าพวกมันจะจัดการผมสำเร็จ
23-0440	sound_auth	But if I open my mouth... I'll have to live the rest of my life\nin fear. Until they eventually catch up.	แต่ถ้าผมปากโป้ง... ผมก็ต้องใช้ชีวิตที่เหลือ\nด้วยความหวาดกลัว จนกว่าพวกมันจะตามทันผมสักวัน
23-0441	sound_auth	How can we change your mind?\nYou're in the middle of this whole AD-9 mess.	จะให้ผมทำยังไงคุณถึงจะเปลี่ยนใจ?\nคุณเองก็อยู่ตรงกลางเรื่อง ยุ่งเหยิงของ AD-9 นี้ทั้งหมด
23-0442	sound_auth	How can we change your mind?\nYou're at the heart of AD-9 itself.	จะให้ผมทำยังไงคุณถึงจะเปลี่ยนใจ?\nคุณคือแก่นกลางของเรื่อง AD-9 เลยนะ
23-0443	sound_auth	But you never actually killed anyone yourself.\nWe might be able to argue for a lighter sentence.	แต่คุณไม่เคยฆ่าใครด้วยมือตัวเองจริง ๆ\nเราอาจต่อสู้ให้ได้รับโทษเบาลงได้
23-0444	sound_auth	But you never killed anyone yourself.\nMaybe we can get you a lighter sentence.	แต่คุณไม่เคยฆ่าใครเองเลยสักคน\nบางทีเราอาจช่วยให้คุณได้รับ โทษเบาลงได้
23-0445	sound_auth	Absolutely not! You can't convince me\nto sign my own death warrant!	ไม่มีทาง! คุณจะมาชักจูงให้ผม\nเซ็นหมายประหารตัวเองไม่ได้หรอก!
23-0446	sound_auth	Absolutely not! You can't convince me to\nsign my own death warrant!	ไม่มีทาง! คุณจะชักจูงให้ผม\nเซ็นหมายประหารตัวเองไม่ได้หรอก!
23-0447	sound_auth	Did you talk to Ichinose after Kuroiwa\nrescued you from the arcade?	คุณได้คุยกับอิจิโนเสะไหม หลังจากที่คุโรอิวะ\nช่วยคุณออกมาจากร้านเกมนั่น?
23-0448	sound_auth	Did you talk to Ichinose?\nAfter Kuroiwa saved you from Charles?	คุณคุยกับอิจิโนเสะรึเปล่า?\nหลังจากคุโรอิวะช่วยคุณออกมาจาก ชาร์ลส์?
23-0449	sound_auth	I have nothing to say about that.\nNow leave me alone.	ผมไม่มีอะไรจะพูดเรื่องนั้น\nปล่อยผมไว้คนเดียวเถอะ
23-0450	sound_auth	I have nothing to say about that.\nNow... please leave me alone.	ผมไม่มีอะไรจะพูดเรื่องนั้น\nขอร้อง... ปล่อยผมไว้คนเดียวเถอะ
23-0451	sound_auth	Dammit, we're not getting anywhere.	บ้าเอ๊ย เราไม่คืบหน้าไปไหนเลย
23-0452	sound_auth	You shouldn't fight a battle you can't win. I would never\nhave gotten where I am today without that bit of advice.	คุณไม่ควรสู้ในศึกที่ชนะไม่ได้ ผมเองก็คงไม่มีวันนี้\nถ้าไม่ได้ยึดคำแนะนำนั้นไว้
23-0453	sound_auth	Take it from me. Don't fight battles you can't win.\nIf I hadn't followed that advice... I wouldn't be where I am now.	เชื่อผมเถอะ อย่าสู้ในศึกที่ชนะไม่ได้\nถ้าผมไม่ทำตามคำแนะนำนั้น... ผมก็คงไม่มีวันนี้
23-0454	sound_auth	So you don't think we can beat him?	งั้นคุณคิดว่าเราสู้เขาไม่ได้สินะ?
23-0455	sound_auth	So... you don't think we can beat him?	งั้น... คุณคิดว่าเราสู้เขาไม่ได้สินะ?
23-0456	sound_auth	Do you even have a shred of evidence?	คุณมีหลักฐานสักชิ้นบ้างไหมล่ะ?
23-0457	sound_auth	How? Do you have even a shred\nof evidence?	จะสู้ยังไง? คุณมีหลักฐาน\nสักชิ้นบ้างไหมล่ะ?
23-0458	sound_auth	Oh, I suppose you did... but Ichinose-san\ntook it right out of your hands.	อ้อ ผมว่าคุณคงมีอยู่หรอก... แต่อิจิโนเสะซัง\nก็ริบมันไปจากมือคุณจนหมดแล้วนี่
23-0459	sound_auth	Oh, I suppose you did...\nbut Ichinose-san took it right out of your hands.	อ้อ ผมว่าคุณคงมีอยู่หรอก...\nแต่อิจิโนเสะซังก็ริบมันไปจาก มือคุณจนหมดแล้ว
23-0460	sound_auth	Can't you see how weak you are\ncompared to him!?	คุณไม่เห็นเหรอว่าตัวเองอ่อนแอแค่ไหน\nเมื่อเทียบกับเขา!?
23-0461	sound_auth	Didn't that make it clear?\nYou're nothing compared to him!	เห็นชัดแล้วไม่ใช่เหรอ?\nคุณไม่มีความหมายอะไรเลยเมื่อ เทียบกับเขา!
23-0462	sound_auth	You don't have a chance in hell\nof winning this case!	คุณไม่มีทางชนะ\nคดีนี้ได้หรอก!
23-0463	sound_auth	You can't win this case!\nYou don't have a chance in hell!	คุณชนะคดีนี้ไม่ได้หรอก!\nไม่มีทางเลยสักนิด!
23-0464	sound_auth	Yagami-san. Can you give Okubo\na message for me?	ยากามิซัง ช่วยฝากข้อความ\nถึงโอคุโบะให้ผมหน่อยได้ไหม?
23-0465	sound_auth	Hold on, Yagami-san. When you see Okubo,\ncan you pass along a message?	เดี๋ยวก่อนนะยากามิซัง ตอนที่คุณไปเจอโอคุโบะ\nช่วยฝากข้อความให้หน่อยได้ไหม?
23-0466	sound_auth	Once he gets out...\nI wanna go visit Emi's grave with him.	พอเขาออกมาแล้ว...\nผมอยากไปไหว้หลุมศพเอมิด้วยกันกับเขา
23-0467	sound_auth	One day, I wanna go visit Emi's grave\nwith him.	สักวันหนึ่งผมอยากไปไหว้หลุมศพเอมิ\nด้วยกันกับเขา
23-0468	sound_auth	That's a pretty big deal.	นั่นมันเรื่องใหญ่เลยนะ
23-0469	sound_auth	That's a pretty big deal, isn't it?	นั่นมันเรื่องใหญ่เลยใช่ไหมล่ะ?
23-0470	sound_auth	There's a lot we have to take care of before\nwe can even get to that, though.	แต่เรายังมีอะไรต้องจัดการอีกเยอะ\nก่อนจะไปถึงจุดนั้นได้
23-0471	sound_auth	Before we can make that happen...\nWe've got a lot of work left to do.	ก่อนจะทำให้เรื่องนั้นเป็นจริงได้...\nเรายังมีงานต้องทำอีกเยอะ
23-0472	sound_auth	Yeah. Otherwise Okubo'll get executed,\nand never have his name cleared...	ใช่ครับ ไม่งั้นโอคุโบะก็จะถูกประหาร\nโดยไม่มีวันได้ล้างมลทินเลย...
23-0473	sound_auth	We'll fix it.\nDon't worry.	เราจะจัดการเรื่องนี้เอง\nไม่ต้องห่วง
23-0474	sound_auth	We'll fix this. Promise.	เราจะแก้ไขเรื่องนี้ให้ได้ สัญญา
23-0475	sound_auth	I hope you're right.\nWe can't let him die in there.	หวังว่าคุณจะพูดถูกนะ\nเราปล่อยให้เขาตายในนั้นไม่ได้
23-0476	sound_auth	Yagami-san... Help Okubo. For my sake.	ยากามิซัง... ช่วยโอคุโบะด้วยนะ เพื่อผมด้วย
23-0477	sound_auth	Agreed.\nI'll give him the message.	ตกลง\nผมจะฝากข้อความให้เขาเอง
23-0478	sound_auth	I will.\nAnd I'll give him your message.	ผมจะทำเอง\nและจะฝากข้อความของคุณให้เขาด้วย
23-0479	sound_auth	I don't believe this...\nYou're serious?	ผมไม่อยากจะเชื่อเลย...\nคุณพูดจริงเหรอ?
23-0480	sound_auth	What...? I don't believe this...\nYou're serious?	อะไรนะ...? ผมไม่อยากจะเชื่อเลย...\nคุณพูดจริงเหรอ?
23-0481	sound_auth	Yeah. He told us his name\nwas Sugiura at first.	ใช่ครับ ตอนแรกเขาบอกเราว่า\nชื่อซุกิอุระ
23-0482	sound_auth	Yeah. He told us his name was\nSugiura at first.	ใช่ครับ ตอนแรกเขาบอกเราว่าชื่อ\nซุกิอุระ
23-0483	sound_auth	Fumiya-kun... You know,\nI only met him once before Emi's death.	ฟูมิยะคุง... รู้ไหม\nผมเจอเขาแค่ครั้งเดียวก่อนเอมิจะเสีย
23-0484	sound_auth	Fumiya-kun... I see. You know, I...\nonly met him once before Emi's death.	ฟูมิยะคุง... งั้นเหรอ รู้ไหม ผม...\nเจอเขาแค่ครั้งเดียวก่อนเอมิจะเสีย
23-0485	sound_auth	Both of us were a little shy,\nthough, so we didn't really talk.	แต่เราทั้งคู่ก็ค่อนข้างเขิน ๆ\nกัน เลยไม่ค่อยได้คุยกัน
23-0486	sound_auth	Both of us were a little shy, though...\nso we didn't really talk.	แต่เราทั้งคู่ก็ค่อนข้างเขินกัน...\nเลยไม่ค่อยได้คุยกัน
23-0487	sound_auth	I can still remember...\nHow he glared at me during the trial...	ผมยังจำได้...\nตอนที่เขาจ้องผมด้วยสายตา เกลียดชังในศาล...
23-0488	sound_auth	And then, at the trial... He was there.\nI still remember the hate in his eyes.	แล้วตอนขึ้นศาล... เขาก็อยู่ที่นั่นด้วย\nผมยังจำความเกลียดชังในดวงตาเขาได้
23-0489	sound_auth	And how I couldn't even\nlook him in the eye.	และผมก็ไม่กล้า\nสบตาเขาเลยด้วยซ้ำ
23-0490	sound_auth	And... how I couldn't even\nlook back at him.	และ... ผมก็ไม่กล้า\nสบตากลับไปเลยด้วยซ้ำ
23-0491	sound_auth	By the way, he told me\nto tell you something.	อ้อ เขาฝากให้ผม\nบอกอะไรคุณอย่างนึงด้วย
23-0492	sound_auth	He said he wanted...	เขาบอกว่าเขาอยากจะ...
23-0493	sound_auth	He wanted you to know...	เขาอยากให้คุณรู้ว่า...
23-0494	sound_auth	He wants to go out\non the town with you.	เขาอยากออกไปเที่ยว\nในเมืองด้วยกันกับคุณ
23-0495	sound_auth	He wants to go out on\nthe town with you.	เขาอยากออกไปเที่ยวใน\nเมืองด้วยกันกับคุณ
23-0496	sound_auth	Huh? Me and Fumiya-kun?\nIn Kamurocho?	หา? ผมกับฟูมิยะคุงเหรอ?\nในคามุโรโจเนี่ยนะ?
23-0497	sound_auth	Huh? In Kamurocho...?\nMe and Fumiya-kun?	หา? ในคามุโรโจ...?\nผมกับฟูมิยะคุงเนี่ยนะ?
23-0498	sound_auth	Yeah. I can show you guys\nsome good spots.	ใช่ครับ ผมพาไปเที่ยว\nที่เด็ด ๆ ได้เลย
23-0499	sound_auth	I can show you guys some good spots.	ผมพาพวกคุณไปเที่ยวที่เด็ด ๆ ได้เลย
23-0500	sound_auth	It's probably been pretty lonely in here these past three years.\nKamurocho's full of places that'll give you "company", if you get me.	สามปีที่อยู่ในนี้คงเหงาน่าดูเลยนะ\nคามุโรโจมีที่ให้ "เป็นเพื่อน" เยอะแยะ ถ้าเข้าใจที่ผมหมายถึงนะ
23-0501	sound_auth	I figure, it's been lonely in here these past three years.\nBut you can always find "company" in Kamurocho.	ผมว่าสามปีที่อยู่ในนี้คงเหงาน่าดู\nแต่คามุโรโจหา "เพื่อน" ได้เสมอนะ
23-0502	sound_auth	Don't worry, just leave it\nto good old Yagami.	ไม่ต้องห่วง ปล่อยให้\nยากามิคนเก่งจัดการเอง
23-0503	sound_auth	Don't worry. I gotcha.	ไม่ต้องห่วง ผมจัดการเอง
23-0504	sound_auth	Er... Something about that...\nSounds a little off...  I don't...	เอ่อ... เรื่องนั้นมัน...\nฟังดูแปลก ๆ ยังไงไม่รู้...  ผมไม่...
23-0505	sound_auth	Er... even if Fumiya specifically\nasked for that, I'm not sure...	เอ่อ... ต่อให้ฟูมิยะขอ\nมาแบบนั้นจริง ๆ ผมก็ยังไม่แน่ใจ...
23-0506	sound_auth	Is that really what he\nwanted to say?	นั่นคือสิ่งที่เขา\nอยากพูดจริง ๆ เหรอ?
23-0507	sound_auth	Is that really what he wanted to say?	นั่นคือสิ่งที่เขาอยากพูดจริง ๆ เหรอ?
23-0508	sound_auth	Well, not exactly.\nHe really said...	ก็ไม่เชิงหรอกครับ\nจริง ๆ แล้วเขาพูดว่า...
23-0509	sound_auth	Well, not exactly. He really said...	ก็ไม่เชิงหรอกครับ จริง ๆ แล้วเขาพูดว่า...
23-0510	sound_auth	He wants to kick back\nwith you sometime.	เขาอยากไปนั่งชิลกัน\nกับคุณสักวัน
23-0511	sound_auth	Um, what?\nWas he really that casual about it?	เอ๊ะ อะไรนะ?\nเขาพูดง่าย ๆ แบบนั้นจริง ๆ เหรอ?
23-0512	sound_auth	Um, what? Really...?\nWas he actually that casual about it?	เอ๊ะ อะไรนะ? จริงดิ...?\nเขาพูดง่าย ๆ แบบนั้นจริง ๆ เหรอ?
23-0513	sound_auth	I mean, you two were almost\nbrothers-in-law.	ก็คุณสองคนเกือบจะได้เป็น\nพี่น้องเขยกันอยู่แล้วนี่นา
23-0514	sound_auth	I mean... you two were\nalmost brothers-in-law, right?	ก็คือ... คุณสองคนเกือบจะได้เป็น\nพี่น้องเขยกันแล้วไม่ใช่เหรอ?
23-0515	sound_auth	I barely ever talked to him, though...	แต่ผมแทบไม่เคยได้คุยกับเขาเลย...
23-0516	sound_auth	I barely ever talked to Fumiya-kun, though.	แต่ผมแทบไม่เคยได้คุยกับฟูมิยะคุงเลย
23-0517	sound_auth	He wants to visit Emi's grave with you.	เขาอยากไปไหว้หลุมศพเอมิด้วยกันกับคุณ
23-0518	sound_auth	I see. He really wants\nto do that... With me?	งั้นเหรอ เขาอยากทำ\nแบบนั้นจริง ๆ... กับผมเนี่ยนะ?
23-0519	sound_auth	I see.\nFumiya-kun really... said that?	งั้นเหรอ\nฟูมิยะคุงพูดแบบนั้นจริง ๆ...?
23-0520	sound_auth	I'd like to take him up on that...	ผมอยากตอบรับคำชวนนั้นนะ...
23-0521	sound_auth	I hope I can take\nhim up on that...	ผมหวังว่าจะได้ตอบรับ\nคำชวนของเขานะ...
23-0522	sound_auth	Ayabe's trial is coming up.	การพิจารณาคดีของอายาเบะใกล้ เข้ามาแล้ว
23-0523	sound_auth	We're gonna snare the guy behind AD-9. A man from\nthe Ministry of Health by the name of Ichinose.	เราจะจับตัวคนที่อยู่เบื้องหลัง AD-9 ให้ได้ เป็นคนจาก\nกระทรวงสาธารณสุขชื่ออิจิโนเสะ
23-0524	sound_auth	We're gonna snare the guy behind AD-9.\nA man from the Ministry of Health by the name of Ichinose.	เราจะจับตัวคนที่อยู่เบื้องหลัง AD-9 ให้ได้\nเป็นคนจากกระทรวงสาธารณสุขชื่อ อิจิโนเสะ
23-0525	sound_auth	Can you do it, though? For real?	แต่คุณทำได้จริงเหรอ? จริง ๆ นะ?
23-0526	sound_auth	Can you really do that?\nOn your own?	คุณทำแบบนั้นได้จริงเหรอ?\nคนเดียวเนี่ยนะ?
23-0527	sound_auth	Yeah. The prosecutor's on my side,\ntoo. Ichinose won't stand a chance.	ใช่ครับ อัยการก็อยู่ข้างผม\nด้วย อิจิโนเสะไม่มีทางสู้ได้หรอก
23-0528	sound_auth	Not on my own. The prosecutor's on my side, too.\nThis trial... is going to expose AD-9 for what it is.	ไม่ใช่คนเดียวหรอกครับ อัยการก็อยู่ข้างผมด้วย\nการพิจารณาคดีนี้... จะแฉ AD-9 ให้เห็นตัวจริง
23-0529	sound_auth	I'll tell them you're innocent, too.	ผมจะบอกให้พวกเขารู้ว่าคุณ บริสุทธิ์ด้วย
23-0530	sound_auth	I'll prove that you're innocent, too.	ผมจะพิสูจน์ว่าคุณบริสุทธิ์ด้วย
23-0531	sound_auth	I gave up on that a long time ago...	ผมเลิกหวังเรื่องนั้นไปนานแล้ว...
23-0532	sound_auth	I'd already... given up on that.	ผม... เลิกหวังเรื่องนั้นไปแล้ว
23-0533	sound_auth	I thought no one would hear me, no matter how loud\nI screamed. Thought I'd die branded a murderer.	ผมคิดว่าไม่มีใครได้ยินผมหรอก ไม่ว่าจะตะโกน\nดังแค่ไหน คิดว่าคงต้องตายไปพร้อมป้ายฆาตกร
23-0534	sound_auth	I thought nobody would hear me, no matter how loud I screamed.\nI thought I'd die in here, branded a murderer.	ผมคิดว่าไม่มีใครได้ยินผมหรอก ไม่ว่าจะตะโกนดังแค่ไหน\nคิดว่าคงต้องตายในนี้พร้อมป้ายฆาตกร
23-0535	sound_auth	But if Fumiya-kun understands,\nmaybe there's still a chance.	แต่ถ้าฟูมิยะคุงเข้าใจ\nบางทีมันอาจยังมีโอกาสอยู่
23-0536	sound_auth	But... if Fumiya-kun believes in me,\nmaybe there's still hope.	แต่... ถ้าฟูมิยะคุงเชื่อใจผม\nบางทีอาจยังมีความหวังอยู่
23-0537	sound_auth	If the guy who hated me most forgives me,\nmaybe everyone else will too.	ถ้าคนที่เกลียดผมที่สุดยัง ให้อภัยผมได้\nคนอื่นก็คงให้อภัยผมได้เหมือนกัน
23-0538	sound_auth	If someone who could hate me so much\nforgives me... Maybe everyone else can too.	ถ้าคนที่เกลียดผมได้ขนาดนั้น\nยังให้อภัยผมได้... คนอื่นก็คงให้อภัยผมได้เหมือนกัน
23-0539	sound_auth	I'll get you out of here...\nI promise.	ผมจะพาคุณออกไปจากที่นี่...\nผมสัญญา
23-0540	sound_auth	I'll get you out of here.\nNot much longer now.	ผมจะพาคุณออกไปจากที่นี่\nอีกไม่นานหรอก
23-0541	sound_auth	Welcome back, Yagami-san.	กลับมาแล้วเหรอครับ ยากามิซัง
23-0542	sound_auth	Hey man.	ไง เป็นไงบ้าง
23-0543	sound_auth	How's the prep going\nfor Ayabe's trial?	เตรียมตัวสำหรับคดีของอายาเบะ\nไปถึงไหนแล้วครับ?
23-0544	sound_auth	Still prepping for Ayabe's trial?\nHow's that been going?	ยังเตรียมตัวสำหรับคดีของ อายาเบะอยู่เหรอ?\nไปถึงไหนแล้วครับ?
23-0545	sound_auth	Not bad. I've gone everywhere\nI wanted to go, at least.	ก็ไม่เลว อย่างน้อยผมก็ไป\nทุกที่ที่อยากไปแล้ว
23-0546	sound_auth	Hm? Well, not bad. I've gone everywhere\nin Kamurocho I needed to go, at least.	หืม? ก็ไม่เลวนะ อย่างน้อยผมก็ไปทุกที่\nในคามุโรโจที่ต้องไปแล้ว
23-0547	sound_auth	So, you're ready to do this then?\nThere's no going back after this.	งั้นพร้อมจะลุยแล้วสินะครับ?\nทำไปแล้วถอยกลับไม่ได้อีกนะ
23-0548	sound_auth	So, you think you're ready now?	งั้นคุณคิดว่าพร้อมแล้วเหรอครับตอนนี้?
23-0549	sound_auth	Well when you put it like that...	ก็... พอพูดแบบนั้นแล้วก็...
23-0550	sound_auth	When you put it like that...	พอพูดแบบนั้นแล้วก็...
23-0551	sound_auth	So? You ready to get this rolling?	ว่าไง? พร้อมจะเริ่มลุยหรือยังครับ?
23-0552	sound_auth	So, everything all ready?\nShould we head out?	ทุกอย่างพร้อมหมดแล้วใช่ไหมครับ?\nออกเดินทางกันเลยดีไหม?
23-0553	sound_auth	Uh, give me a few.	เอ่อ ขอเวลาผมแป๊บนึง
23-0554	sound_auth	All right, I'll be here.	ได้ครับ ผมรออยู่ตรงนี้แหละ
23-0555	sound_auth	All right, just lemme know.	ได้ครับ บอกผมด้วยแล้วกัน
23-0556	sound_auth	Yeah, I'm good to go.	อืม ผมพร้อมแล้ว
23-0557	sound_auth	Yeah. I'm good.	อืม ผมโอเคแล้ว
23-0558	sound_auth	How do you feel, Yagami-san? Ready to take this\nto the end? There's no coming back.	รู้สึกยังไงบ้างครับ ยากามิซัง? พร้อมจะลุยเรื่องนี้\nไปจนจบหรือยัง? ทำไปแล้วถอยกลับไม่ได้นะ
23-0559	sound_auth	Yagami-san, you good? Have you done everything\nyou wanna do in Kamurocho?	ยากามิซัง โอเคไหมครับ? ทำทุกอย่างที่อยากทำ\nในคามุโรโจครบแล้วหรือยัง?
23-0560	sound_auth	By the way, uh... I just got a call from Hoshino-kun.\nSounded gloomy as hell.	อ้อ เอ่อ... เมื่อกี้ผมเพิ่งได้รับสายจาก โฮชิโนะคุง\nฟังดูหดหู่มากเลยครับ
23-0561	sound_auth	Oh, by the way, Hoshino-kun just called,\nand he sounded kinda down...	อ้อ เดี๋ยวนะ โฮชิโนะคุงเพิ่งโทรมา\nฟังดูหดหู่นิด ๆ เลยครับ...
23-0562	sound_auth	Apparently he wants you to talk to Genda-sensei\nover at the office when you got a minute.	ดูเหมือนเขาอยากให้คุณไปคุยกับ อาจารย์เก็นดะ\nที่ออฟฟิศเมื่อคุณมีเวลาว่างครับ
23-0563	sound_auth	Apparently, he wants you at Genda-sensei's office.\nSaid you and Genda-sensei need to talk.	ดูเหมือนเขาอยากให้คุณไปที่ ออฟฟิศอาจารย์เก็นดะ\nบอกว่าคุณกับอาจารย์เก็นดะต้อง คุยกันครับ
23-0564	sound_auth	He didn't say what about, though.	แต่เขาไม่ได้บอกว่าเรื่องอะไรครับ
23-0565	sound_auth	Anyway, I'm just the messenger.\nCatch ya later.	ยังไงก็เถอะ ผมก็แค่คนส่งสาร\nแล้วเจอกันครับ
23-0566	sound_auth	...Anyways, there's your message.\nLater.	...เอาล่ะ นั่นแหละข้อความ\nแล้วเจอกันครับ
23-0567	sound_auth	Hoshino-kun said you should go talk\nto Genda-sensei at the office.	โฮชิโนะคุงบอกว่าคุณควรไปคุย\nกับอาจารย์เก็นดะที่ออฟฟิศครับ
23-0568	sound_auth	Hoshino-kun said you should go talk to\nGenda-sensei at the office. Go drop by.	โฮชิโนะคุงบอกว่าคุณควรไปคุยกับ\nอาจารย์เก็นดะที่ออฟฟิศครับ แวะไปดูหน่อยนะ
23-0569	sound_auth	Hm? You get called in too?	หืม? นายก็ถูกเรียกมาด้วยเหรอ?
23-0570	sound_auth	Huh? They call you too?	หา? พวกเขาเรียกนายมาด้วยเหรอ?
23-0571	sound_auth	Yup. Just walked in.	ใช่ เพิ่งเดินเข้ามาเลย
23-0572	sound_auth	Yeah, just walked in.	ใช่ เพิ่งมาถึงเลย
23-0573	sound_auth	Is Hoshino-kun not back yet?	โฮชิโนะคุงยังไม่กลับมาเหรอ?
23-0574	sound_auth	Hoshino-kun's not back yet. Okay...	โฮชิโนะคุงยังไม่กลับมาสินะ โอเค...
23-0575	sound_auth	Not yet, no.\nIs something the matter?	ยังเลยค่ะ\nมีอะไรเหรอคะ?
23-0576	sound_auth	Right. Is something the matter?	อืมค่ะ มีอะไรเหรอคะ?
23-0577	sound_auth	Nah, not really.	เปล่า ไม่มีอะไรหรอก
23-0578	sound_auth	Over here, Yagami.	มาทางนี้สิ ยากามิ
23-0579	sound_auth	Something you wanted\nto discuss, Genda-sensei?	มีอะไรอยากคุย\nกับผมเหรอครับ อาจารย์เก็นดะ?
23-0580	sound_auth	Hey, Genda-sensei.\nThere's something you wanted to talk to me about?	ครับ อาจารย์เก็นดะ\nมีอะไรอยากคุยกับผมเหรอครับ?
23-0581	sound_auth	No, not me. Him.	เปล่า ไม่ใช่ผมหรอก เขาต่างหาก
23-0582	sound_auth	Well... it's him, not me.	ก็... เป็นเขาต่างหาก ไม่ใช่ผม
23-0583	sound_auth	Prosecutor Izumida...	อัยการอิซุมิดะ...
23-0584	sound_auth	They've got men monitoring every\nnook and cranny of your agency.	พวกเขาส่งคนมาจับตาดูสำนักงานของคุณ\nทุกซอกทุกมุมเลยนะ
23-0585	sound_auth	They've got men monitoring your\nagency from top to bottom.	พวกเขาส่งคนมาจับตาดูสำนักงานของคุณ\nตั้งแต่หัวจรดเท้าเลย
23-0586	sound_auth	I figured it'd be safer to talk here.	ผมคิดว่าคุยกันที่นี่จะปลอดภัยกว่า
23-0587	sound_auth	<color=ｍonologue>(If Izumida came all the way out to Genda's office\njust to talk, then that must mean...)</color>	<color=ｍonologue>(ถ้าอิซุมิดะยอมเดินทางมาถึง ออฟฟิศเก็นดะ\nแค่เพื่อคุย นั่นก็แปลว่า...)</color>
23-0588	sound_auth	More bad news?	ข่าวร้ายอีกแล้วเหรอ?
23-0589	sound_auth	Is that how you treat a guest?\nAnd no, it's good news.	นี่คือวิธีต้อนรับแขกของคุณเหรอ?\nและไม่ใช่หรอก มันเป็นข่าวดีต่างหาก
23-0590	sound_auth	Must you be so high-strung?\nAnd no... it's good news.	ต้องตึงเครียดขนาดนั้นเลยเหรอ?\nและไม่ใช่หรอก... มันเป็นข่าวดี
23-0591	sound_auth	Guess it can't be all bad.	งั้นก็คงไม่ได้แย่ไปซะทั้งหมดสินะ
23-0592	sound_auth	Guess it can't <font_kind=yakuza_italic>all</font_kind> be bad.	งั้นก็คงไม่ได้แย่ไป<font_kind=yakuza_italic>ทั้งหมด</font_kind>สินะ
23-0593	sound_auth	Ichinose will testify at the trial.	อิจิโนเสะจะขึ้นให้การในศาล
23-0594	sound_auth	...Ichinose will testify at the trial.	...อิจิโนเสะจะขึ้นให้การในศาล
23-0595	sound_auth	So you convinced him, huh?\nRun into any trouble?	งั้นคุณโน้มน้าวเขาได้สินะ?\nเจอปัญหาอะไรบ้างไหม?
23-0596	sound_auth	No. It went fairly smoothly.	ไม่มีเลย มันราบรื่นดีทีเดียว
23-0597	sound_auth	No. It all went smoothly.	ไม่มีเลย ทุกอย่างราบรื่นดี
23-0598	sound_auth	So you want me to explain AD-9?	งั้นคุณอยากให้ผมอธิบายเรื่อง AD-9 เหรอ?
23-0599	sound_auth	I'd have to explain AD-9?\nNothing more?	ผมแค่ต้องอธิบายเรื่อง AD-9\nแค่นั้นเองเหรอ?
23-0600	sound_auth	Yes, at the upcoming trial.	ใช่ครับ ในการพิจารณาคดีที่จะถึงนี้
23-0601	sound_auth	And by that you mean the one\nfor the murdered lawyer?	หมายถึงคดีที่ทนายความ\nถูกฆาตกรรมใช่ไหม?
23-0602	sound_auth	The trial in question... being the one for\nthat Kamurocho lawyer's death?	การพิจารณาคดีที่ว่า... คือคดีการตาย\nของทนายความที่คามุโรโจนั่นใช่ไหม?
23-0603	sound_auth	That's right. Before his death, \nthat lawyer made a phone call to Dr. Shono.	ใช่ครับ ก่อนเขาจะเสียชีวิต\nทนายคนนั้นได้โทรหาดร.โชโนะ
23-0604	sound_auth	This lawyer, Shintani, made a call before his death.\nIt was apparently to Dr. Shono.	ทนายคนนี้ ชินทานิ โทรออกก่อนเขาจะเสียชีวิต\nดูเหมือนว่าจะโทรหาดร.โชโนะครับ
23-0605	sound_auth	Of course, we have no reason to believe\nthat call had anything to do with the killing.	แน่นอนว่าเราไม่มีเหตุผลจะเชื่อว่า\nสายนั้นเกี่ยวข้องอะไรกับการฆาตกรรม
23-0606	sound_auth	Of course, the call likely had nothing to do\nwith his death.	แน่นอนว่าสายนั้นก็คงไม่มีอะไร\nเกี่ยวข้องกับการตายของเขา
23-0607	sound_auth	Dr. Shono and AD-9, involved in a murder?\nIt's quite far-fetched, if you ask me.	ดร.โชโนะกับ AD-9 พัวพันกับคดีฆาตกรรมเหรอ?\nมันดูเป็นไปไม่ได้เลยนะครับ ถ้าให้ผมพูด
23-0608	sound_auth	After all, he died in Kamurocho. It's hard to imagine\nDr. Shono or AD-9 are involved.	ยังไงเขาก็ตายที่คามุโรโจ คงนึกภาพยากว่า\nดร.โชโนะหรือ AD-9 จะพัวพันด้วย
23-0609	sound_auth	A preposterous notion.	ความคิดที่ไร้สาระสิ้นดี
23-0610	sound_auth	Indeed.	ใช่แล้ว
23-0611	sound_auth	However, that doesn't change the fact\nthat the call was made.	แต่อย่างไรก็ตาม นั่นก็ไม่ได้เปลี่ยนความจริงที่ว่า\nมีการโทรเกิดขึ้นจริง
23-0612	sound_auth	However... that doesn't change the fact\nthat the call was made.	แต่... นั่นก็ไม่ได้เปลี่ยนความจริงที่ว่า\nมีการโทรเกิดขึ้นจริง
23-0613	sound_auth	And so, we'll need to explain in court\njust why it can't be related.	ดังนั้นเราจึงต้องอธิบายในศาล\nว่าทำไมมันถึงไม่เกี่ยวข้องกัน
23-0614	sound_auth	Ah, well...	อ้อ ก็...
23-0615	sound_auth	You won't need to say a word about the call itself.\nJust explain the situation.	คุณไม่จำเป็นต้องพูดถึงเรื่อง สายโทรศัพท์นั้นเลยครับ\nแค่อธิบายสถานการณ์ก็พอ
23-0616	sound_auth	You won't need to say a word about the call itself.\nJust explain AD-9, and a bit of its context.	คุณไม่จำเป็นต้องพูดถึงเรื่อง สายโทรศัพท์นั้นเลยครับ\nแค่อธิบายเรื่อง AD-9 กับที่มาที่ไปเล็กน้อยก็พอ
23-0617	sound_auth	AD-9 is a drug of global importance, and Dr. Shono\nand his team have put immense effort into its development.	AD-9 เป็นยาที่มีความสำคัญระดับโลก และดร.โชโนะ\nกับทีมงานก็ทุ่มเทอย่างมาก ในการพัฒนามันขึ้นมา
23-0618	sound_auth	Dr. Shono and his team have spared no effort\ndeveloping this vital new drug.	ดร.โชโนะกับทีมงานไม่เคยละเลยความพยายาม\nในการพัฒนายาสำคัญตัวนี้เลยครับ
23-0619	sound_auth	Once you've explained,\nI'm sure it will clear the air.	พอคุณอธิบายเสร็จแล้ว\nผมมั่นใจว่ามันจะทำให้ทุกอย่าง กระจ่างขึ้น
23-0620	sound_auth	Once you've explained the particulars,\neveryone will understand, I'm sure.	พอคุณอธิบายรายละเอียดแล้ว\nทุกคนจะเข้าใจแน่นอนครับ
23-0621	sound_auth	Yes, I see. I'm not sure I can portray it accurately,\nthough. I'm not a scientist, after all.	อือ เข้าใจแล้ว แต่ผมก็ไม่แน่ใจว่าจะอธิบาย\nได้ถูกต้องแม่นยำนะ ก็ผมไม่ใช่นักวิทยาศาสตร์นี่
23-0622	sound_auth	Yes, I see. Though I'm not sure I can explain it all,\nas I'm no scientist...	อือ เข้าใจแล้ว แต่ผมก็ไม่แน่ใจว่าจะอธิบายได้ครบ\nเพราะผมไม่ใช่นักวิทยาศาสตร์...
23-0623	sound_auth	If you would be more comfortable, we could always\ncall Dr. Shono to the stand.	ถ้าคุณจะสบายใจกว่านี้ เราก็สามารถ\nเรียกดร.โชโนะขึ้นให้การแทนได้เสมอครับ
23-0624	sound_auth	If it would make you more comfortable,\nwe can always call on Dr. Shono himself.	ถ้ามันจะทำให้คุณสบายใจกว่านี้\nเราก็เรียกดร.โชโนะเองขึ้นมาได้เสมอครับ
23-0625	sound_auth	But his language may in fact be too complicated.\nI'm not sure our jurors would understand.	แต่ภาษาที่เขาใช้อาจซับซ้อนเกินไป\nผมไม่แน่ใจว่าลูกขุนของเราจะ เข้าใจได้ไหมครับ
23-0626	sound_auth	Just... his language may in fact be <font_kind=yakuza_italic>too</font_kind> complicated.\nI'm not sure our jurors would understand.	แค่... ภาษาที่เขาใช้อาจซับซ้อน<font_kind=yakuza_italic>เกินไป</font_kind>\nผมไม่แน่ใจว่าลูกขุนของเราจะ เข้าใจได้ไหมครับ
23-0627	sound_auth	If possible, I'd prefer it were you\nup there, Ichinose-san.	ถ้าเป็นไปได้ ผมอยากให้คุณ\nเป็นคนขึ้นให้การมากกว่านะครับ อิจิโนเสะซัง
23-0628	sound_auth	You have a point. It would be foolish to take up\nDr. Shono's time with such an insignificant matter.	คุณก็มีเหตุผลอยู่ คงโง่เขลาถ้าจะไปเสียเวลา\nของดร.โชโนะกับเรื่องเล็กน้อยแบบนี้
23-0629	sound_auth	True... it would be foolish to waste Dr. Shono's time\non such an insignificant matter.	จริงด้วย... คงโง่เขลาถ้าจะไปเสียเวลา\nของดร.โชโนะกับเรื่องเล็กน้อยแบบนี้
23-0630	sound_auth	Very well, I'll do it. Contact the Ministry of Health\nwhen the trial date is decided.	ก็ได้ ผมจะทำเอง ติดต่อกระทรวงสาธารณสุข\nเมื่อกำหนดวันพิจารณาคดีได้แล้ว
23-0631	sound_auth	Thank you very much, sir.	ขอบคุณมากครับท่าน
23-0632	sound_auth	If you'll excuse me.\nI have another meeting to get to.	ขอตัวก่อนนะ\nผมมีประชุมอีกนัดต้องไป
23-0633	sound_auth	Excuse me. I have another meeting\nto get to.	ขอตัวก่อน ผมมีประชุมอีกนัด\nต้องไป
23-0634	sound_auth	Nice going. You made it sound like if Ichinose\ndidn't testify, Shono would.	เก่งมาก คุณทำให้มันฟังดูเหมือนว่าถ้า อิจิโนเสะ\nไม่ขึ้นให้การ โชโนะจะต้องขึ้นแทน
23-0635	sound_auth	Nice play. Dangling testimony from\nShono in front of him was smart.	เล่นได้เนียนมาก การเอาคำให้การของโชโนะ\nมาล่อต่อหน้าเขาแบบนั้นฉลาดดี
23-0636	sound_auth	It worked.	ได้ผลจริง ๆ ครับ
23-0637	sound_auth	Ichinose didn't wanna risk Shono\ngetting in there and slipping up.	อิจิโนเสะไม่อยากเสี่ยงให้โชโนะ\nเข้าไปแล้วพลาดท่า
23-0638	sound_auth	Ichinose wouldn't risk Shono\ngetting in there and slipping up.	อิจิโนเสะคงไม่ยอมเสี่ยงให้โชโนะ\nเข้าไปแล้วพลาดท่า
23-0639	sound_auth	Can't trust anyone to do it but himself.	ไว้ใจให้ใครทำแทนตัวเองไม่ได้เลย
23-0640	sound_auth	Can't trust anyone to do it\nbut himself.	ไว้ใจให้ใครทำแทน\nตัวเองไม่ได้เลย
23-0641	sound_auth	<color=ｍonologue>(Good. The boss is on the hook.\nNow the fight begins.)</color>	<color=ｍonologue>(ดี หัวโจกติดกับแล้ว\nต่อไปนี้การต่อสู้ก็เริ่มขึ้นจริง ๆ)</color>
23-0642	sound_auth	Good work, Izumida. Turns out you can be\npretty devious when you wanna be.	เก่งมาก อิซุมิดะ กลายเป็นว่าคุณก็เจ้าเล่ห์\nได้เหมือนกันนะเวลาอยากจะเป็น
23-0643	sound_auth	You really came through, Izumida.\nYou're pretty devious when you wanna be.	คุณทำได้จริง ๆ อิซุมิดะ\nเจ้าเล่ห์ได้เหมือนกันนะเวลา อยากจะเป็น
23-0644	sound_auth	Devious? Really?	เจ้าเล่ห์เหรอครับ? จริงเหรอ?
23-0645	sound_auth	What? Devious?	อะไรนะ? เจ้าเล่ห์เหรอ?
23-0646	sound_auth	Kidding. Really, I can't thank you enough.\nWe'll have Ichinose out in the open thanks to you.	ล้อเล่นน่า พูดจริง ๆ นะ ขอบคุณมากเลยครับ\nเพราะคุณ เราจะได้เปิดตัวอิจิโนเสะออกมาแน่
23-0647	sound_auth	Kidding. Really, I can't thank you enough. Thanks to you,\nwe'll have Ichinose out in the open.	ล้อเล่นน่า พูดจริง ๆ ขอบคุณมากเลยครับ เพราะคุณ\nเราจะได้เปิดตัวอิจิโนเสะออกมาแน่
23-0648	sound_auth	All we have to do now\nis find a way to corner him.	ตอนนี้สิ่งที่เราต้องทำ\nก็แค่หาทางต้อนเขาเข้ามุม
23-0649	sound_auth	What about Hamura, from the Matsugane Family?\nCan we ask him to testify?	แล้วฮามุระของตระกูลมัตสึกาเนะล่ะครับ?\nขอให้เขาขึ้นให้การได้ไหม?
23-0650	sound_auth	He's still on the run. Guy couldn't even be bothered\nto come to his patriarch's funeral.	เขายังหลบหนีอยู่เลย ขนาดงานศพหัวหน้าตระกูล\nยังไม่ยอมมาเลยด้วยซ้ำ
23-0651	sound_auth	He's still missing in action.\nDidn't even come to his patriarch's funeral.	เขายังหายตัวไปอยู่เลย\nขนาดงานศพหัวหน้าตระกูลยังไม่มาเลย
23-0652	sound_auth	Of course not.\nHow could he after what he did?	แหงล่ะ\nจะมาได้ยังไงหลังจากที่เขาทำแบบนั้น?
23-0653	sound_auth	Of course not. How could he\nafter what he did?	แหงล่ะ จะมาได้ยังไง\nหลังจากที่เขาทำแบบนั้น?
23-0654	sound_auth	Hey, I got an idea. Why don't we just grab Kuroiwa\nand get him to confess to being the Mole!?	เฮ้ ฉันมีไอเดีย ทำไมเราไม่จับตัวคุโรอิวะ\nมาให้สารภาพซะเลยว่าเป็นไส้ศึกล่ะ!?
23-0655	sound_auth	Hey, why don't we just grab Kuroiwa?\nGet him to confess he's the Mole?	เฮ้ ทำไมเราไม่จับตัวคุโรอิวะซะเลยล่ะ?\nให้เขาสารภาพว่าเป็นไส้ศึก?
23-0656	sound_auth	You do remember the beating\nhe gave you last time, right?	นายยังจำได้นะคะว่าโดนเขาซ้อม\nไปหนักแค่ไหนครั้งก่อน?
23-0657	sound_auth	After the beating he gave you?	หลังจากที่โดนเขาซ้อมไปแบบนั้น น่ะเหรอคะ?
23-0658	sound_auth	I let my guard down, that's all!	ฉันแค่เผลอเปิดช่องให้เขาเท่านั้นเอง!
23-0659	sound_auth	He just caught me by surprise, okay!?	เขาแค่จู่โจมแบบไม่ทันตั้งตัว เท่านั้นแหละ โอเคนะ!?
23-0660	sound_auth	Cut it out, you two.	พอเลยนะ ทั้งสองคน
23-0661	sound_auth	Come on, guys.\nWe've got Ichinose right where we want him.	เอาน่า ทุกคน\nเราจับอิจิโนเสะได้อยู่หมัดแล้ว
23-0662	sound_auth	Come on, guys. We've got Ichinose\nright where we want him.	เอาน่า ทุกคน เราจับอิจิโนเสะ\nได้อยู่หมัดแล้ว
23-0663	sound_auth	We just need to figure out what to do next.\nYou're not gonna win empty-handed, you know.	เราแค่ต้องคิดต่อว่าจะทำยังไงต่อไป\nจะเอาชนะแบบมือเปล่าไม่ได้หรอกนะครับ
23-0664	sound_auth	Ayabe's casino is getting\nraided by the police.	คาสิโนของอายาเบะกำลังโดน\nตำรวจบุกค่ะ
23-0665	sound_auth	They're at Ayabe's casino.\nThe police are raiding it.	พวกเขาไปที่คาสิโนของอายาเบะแล้ว\nตำรวจกำลังบุกค่ะ
23-0666	sound_auth	L'Amant? Now?	ลามองต์เหรอ? ตอนนี้เลยเหรอ?
23-0667	sound_auth	L'Amant? Right now?	ลามองต์เหรอ? เดี๋ยวนี้เลยเหรอ?
23-0668	sound_auth	Yeah, they just started.\nMorita is setting the wheels in motion.	ค่ะ เพิ่งเริ่มไปเมื่อกี้\nโมริตะกำลังเดินเกมของเขาแล้ว
23-0669	sound_auth	Yeah, they just started.\nMorita's setting up his argument.	ค่ะ เพิ่งเริ่มไปเมื่อกี้\nโมริตะกำลังวางข้อโต้แย้งของเขาอยู่
23-0670	sound_auth	They've already arrested\nmost of the employees.	พวกเขาจับพนักงาน\nไปเกือบหมดแล้วค่ะ
23-0671	sound_auth	I get it.\nIt's a character assassination.	เข้าใจแล้ว\nนี่มันคือการทำลายชื่อเสียงชัด ๆ
23-0672	sound_auth	I get it.\nThey're out to smear Ayabe's reputation.	เข้าใจแล้ว\nพวกเขาต้องการป้ายสีชื่อเสียง ของอายาเบะ
23-0673	sound_auth	A crooked cop running an illegal casino...\nNo surprise if he commits a murder, too.	ตำรวจนอกลู่นอกทางเปิดคาสิโนผิดกฎหมาย...\nไม่แปลกที่จะก่อคดีฆาตกรรมด้วย
23-0674	sound_auth	A crooked cop running an illegal casino...\nMurder's the next logical step, right?	ตำรวจนอกลู่นอกทางเปิดคาสิโนผิดกฎหมาย...\nขั้นต่อไปก็คดีฆาตกรรมสิ ใช่ไหมล่ะ?
23-0675	sound_auth	The chief prosecutor\nis hitting us where it hurts.	หัวหน้าอัยการ\nเล่นงานเราตรงจุดอ่อนเลยค่ะ
23-0676	sound_auth	The chief prosecutor is hitting us\nwhere it hurts.	หัวหน้าอัยการเล่นงานเรา\nตรงจุดอ่อนเลยค่ะ
23-0677	sound_auth	<color=ｍonologue>(Guess they're not gonna\ngo down without a fight.)</color>	<color=ｍonologue>(ท่าทางพวกเขาคงไม่ยอม\nแพ้ง่าย ๆ สินะ)</color>
23-0678	sound_auth	Just wanted to give you a heads up.	แค่อยากแจ้งให้คุณรู้ไว้ก่อนค่ะ
23-0679	sound_auth	Just wanted to let you know.	แค่อยากให้คุณรู้ไว้ค่ะ
23-0680	sound_auth	So... how's it looking, Yagami-kun?\nDo you think you can win?	แล้ว... ตอนนี้เป็นยังไงบ้างคะ ยากามิคุง?\nคิดว่าจะชนะไหม?
23-0681	sound_auth	So, Yagami-kun?\nDo you think you can win?	แล้วยังไงคะ ยากามิคุง?\nคิดว่าจะชนะไหม?
23-0682	sound_auth	I'll do the best I can. The good news is,\nI have a lot of help. Thanks for the call, Mafuyu.	ผมจะทำให้ดีที่สุด ข่าวดีคือ\nผมมีคนช่วยเยอะเลย ขอบคุณที่โทรมานะ มาฟุยุ
23-0683	sound_auth	I'll do the best I can. The good news is, I have a lot of help.\nThanks for the call, Mafuyu.	ผมจะทำให้ดีที่สุด ข่าวดีคือผมมีคนช่วยเยอะเลย\nขอบคุณที่โทรมานะ มาฟุยุ
23-0684	sound_auth	Of course.\nSee you.	ได้ค่ะ\nแล้วเจอกัน
23-0685	sound_auth	Of course. See you.	ได้ค่ะ แล้วเจอกัน
23-0686	sound_auth	Morita's here in Kamurocho.\nBlowing the lid off Ayabe's casino.	โมริตะมาที่คามุโรโจแล้ว\nกำลังแฉคาสิโนของอายาเบะ
23-0687	sound_auth	In that case, I better get going.	ถ้างั้นผมไปดีกว่า
23-0688	sound_auth	In that case, I should be going.	ถ้างั้นผมควรไปได้แล้ว
23-0689	sound_auth	He's not gonna come here.	เขาคงไม่มาที่นี่หรอก
23-0690	sound_auth	Not like he'd come here.	ไม่น่าจะมาที่นี่หรอกน่า
23-0691	sound_auth	Well, better safe than sorry.	เอาเป็นว่าระวังไว้ก่อนดีกว่า
23-0692	sound_auth	Still, caution never hurt.	ยังไงก็เถอะ ระวังไว้ไม่เสียหาย
23-0693	sound_auth	Hm. If they're raiding the casino,\nKuroiwa's probably there, too.	อืม ถ้าตำรวจบุกคาสิโน\nคุโรอิวะก็คงอยู่ที่นั่นด้วย
23-0694	sound_auth	If they're raiding the casino,\nKuroiwa's probably there, too.	ถ้าตำรวจบุกคาสิโน\nคุโรอิวะก็คงอยู่ที่นั่นด้วย
23-0695	sound_auth	Whaddya wanna do, Tak?	แล้วนายจะเอายังไง ทาคุ?
23-0696	sound_auth	What's the plan then, Tak?	แล้วแผนเป็นไง ทาคุ?
23-0697	sound_auth	The chief prosecutor's made his move.	หัวหน้าอัยการลงมือแล้ว
23-0698	sound_auth	Probably wouldn't hurt to stop by\nand say hello. We know all about him now.	แวะไปทักทายหน่อยก็คงไม่เสียหาย\nตอนนี้เรารู้เรื่องของเขาหมดแล้ว
23-0699	sound_auth	Probably wouldn't hurt to stop by and say hello.\nWe know all about him now.	แวะไปทักทายหน่อยคงไม่เสียหายอะไร\nตอนนี้เรารู้เรื่องของเขาหมดแล้ว
23-0700	sound_auth	You sure this is a good idea?\nHe's not the kinda guy you mess around with.	แน่ใจนะว่านี่เป็นความคิดที่ดี?\nเขาไม่ใช่คนที่จะไปแหย่เล่น ๆ ได้นะ
23-0701	sound_auth	You sure about this?\nHe's not a guy you mess around with.	แน่ใจนะเรื่องนี้?\nเขาไม่ใช่คนที่จะไปยุ่งด้วยเล่น ๆ ได้
23-0702	sound_auth	Don't worry, we just wanna check in.	ไม่ต้องห่วง เราแค่จะไปเช็กสถานการณ์
23-0703	sound_auth	We'll keep it nice and friendly.	จะทำตัวดี ๆ เป็นมิตรไว้
23-0704	sound_auth	I'm Ayabe's lawyer. Let me through.	ผมเป็นทนายของอายาเบะ ให้ผมผ่านไปหน่อย
23-0705	sound_auth	I'm representing Ayabe.	ผมเป็นตัวแทนทางกฎหมายของอายาเบะ
23-0706	sound_auth	Sorry, no lawyers allowed yet!	ขอโทษด้วย ตอนนี้ยังไม่ให้ทนายเข้านะ!
23-0707	sound_auth	Huh? Sorry, I still can't let you through.	หา? ขอโทษด้วยครับ ตอนนี้ยังให้ผ่านไม่ได้
23-0708	sound_auth	Well done, but let him pass.\nI'll vouch for him personally.	ทำได้ดี แต่ปล่อยให้เขาผ่านไปเถอะ\nผมรับรองเขาเอง
23-0709	sound_auth	Good work. But you can let him in.\nI'll take responsibility.	ทำได้ดี แต่ให้เขาเข้าไปได้\nผมรับผิดชอบเอง
23-0710	sound_auth	Chief Prosecutor?	หัวหน้าอัยการ?
23-0711	sound_auth	Chief Prosecutor...?	หัวหน้าอัยการ...?
23-0712	sound_auth	Were you aware there was an underground casino\nhidden down here, Yagami-san?	รู้ไหมว่ามีคาสิโนใต้ดิน\nซ่อนอยู่ข้างล่างนี้ ยากามิซัง?
23-0713	sound_auth	Perhaps you weren't aware, Yagami-san, but there's an\nunderground casino here. Hidden in the basement, it seems.	บางทีคุณอาจไม่รู้ ยากามิซัง แต่ที่นี่มี\nคาสิโนใต้ดินซ่อนอยู่ในชั้นใต้ดิน
23-0714	sound_auth	Wow, I had no idea.	โห ไม่รู้มาก่อนเลย
23-0715	sound_auth	Wow, the things you learn...	โห เรื่องที่เพิ่งมารู้เอาตอนนี้...
23-0716	sound_auth	Heh. Our friend Ayabe was really\nsomething, wasn't he?	ฮึ เพื่อนของเราอย่างอายาเบะนี่\nสุดยอดจริง ๆ เลยนะ
23-0717	sound_auth	Our friend Ayabe was really something.	เพื่อนของเราอย่างอายาเบะนี่ สุดยอดจริง ๆ
23-0718	sound_auth	Who would have thought he'd take bribes\nfrom an illicit underground casino?	ใครจะไปคิดว่าเขารับสินบน\nจากคาสิโนใต้ดินผิดกฎหมาย
23-0719	sound_auth	Who would have thought he'd take his bribes\nfrom an illicit underground casino?	ใครจะไปคิดว่าเขารับสินบนของตัวเอง\nจากคาสิโนใต้ดินผิดกฎหมาย
23-0720	sound_auth	Not to mention selling confidential police intel\nto the criminal underbelly of this town.	ยังไม่ต้องพูดถึงการขายข้อมูล ลับของตำรวจ\nให้กับโลกใต้ดินของเมืองนี้อีก
23-0721	sound_auth	Not to mention, selling confidential police intel to\nthe criminal underbelly of this town.	ยังไม่ต้องพูดถึงการขายข้อมูล ลับของตำรวจให้กับ\nโลกใต้ดินของเมืองนี้อีก
23-0722	sound_auth	Shintani-sensei surely\nstumbled upon Ayabe's secret.	อาจารย์ชินทานิคงจะ\nไปเจอความลับของอายาเบะเข้าโดยบังเอิญ
23-0723	sound_auth	It's fair to assume Shintani-sensei stumbled upon\nAyabe's secret.	คงพอจะสรุปได้ว่าอาจารย์ชินทานิไปเจอ\nความลับของอายาเบะเข้าโดยบังเอิญ
23-0724	sound_auth	And so, Ayabe killed him to make sure the truth\nstayed hidden. Quickly, with a police-issued handgun.	อายาเบะเลยฆ่าเขาเพื่อปิดปาก\nไม่ให้ความจริงหลุดออกไป อย่างรวดเร็วด้วยปืนของทางการ
23-0725	sound_auth	And so, Ayabe killed him to make sure the truth stayed hidden.\nQuickly, with a police-issued handgun.	อายาเบะเลยฆ่าเขาเพื่อไม่ให้ ความจริงหลุดออกไป\nอย่างรวดเร็วด้วยปืนของทางการ
23-0726	sound_auth	I see. That's the story\nthe prosecution is telling, huh?	เข้าใจแล้ว นั่นคือเรื่องราว\nที่ฝ่ายอัยการจะเล่าใช่ไหม
23-0727	sound_auth	I see. So that's the story\nyou're going with.	เข้าใจแล้ว นั่นคือเรื่องราว\nที่คุณจะใช้สินะ
23-0728	sound_auth	We can speak further\nonce we get inside.	เดี๋ยวเข้าไปข้างในแล้ว\nค่อยคุยกันต่อ
23-0729	sound_auth	...Well. We can speak\nmore downstairs.	...เอาเถอะ ไปคุยกันต่อ\nข้างล่างดีกว่า
23-0730	sound_auth	I've learned a lot about you,\nChief Prosecutor.	ผมรู้เรื่องของคุณมาเยอะเลย\nท่านหัวหน้าอัยการ
23-0731	sound_auth	I've learned a lot about you,\nChief Prosecutor Morita.	ผมรู้เรื่องของคุณมาเยอะเลย\nท่านหัวหน้าอัยการโมริตะ
23-0732	sound_auth	About the tragedy in your family\nten years ago.	เรื่องโศกนาฏกรรมในครอบครัวคุณ\nเมื่อสิบปีก่อน
23-0733	sound_auth	Ten years ago... there was a tragedy\nin your family.	เมื่อสิบปีก่อน... เกิดโศกนาฏกรรม\nขึ้นในครอบครัวคุณ
23-0734	sound_auth	Then someone has betrayed me?	งั้นก็มีใครทรยศผมสินะ?
23-0735	sound_auth	So, someone has betrayed me?	งั้นเหรอ มีใครทรยศผมสินะ?
23-0736	sound_auth	Someone you betrayed.\nSomeone who trusted you for years.	คนที่คุณทรยศต่างหาก\nคนที่ไว้ใจคุณมาหลายปี
23-0737	sound_auth	Someone who you betrayed.\nSomeone who had trusted you for years.	คนที่คุณเป็นฝ่ายทรยศต่างหาก\nคนที่ไว้ใจคุณมาตลอดหลายปี
23-0738	sound_auth	I have to say, it was strange seeing\nhow you behaved in Shono's lab.	ต้องบอกเลยว่าแปลกใจที่เห็น\nพฤติกรรมของคุณในแล็บของโชโนะ
23-0739	sound_auth	Back in Shono's lab, you made\na very strange choice. 	ตอนอยู่ในแล็บของโชโนะ คุณตัดสินใจ\nอะไรแปลกมาก 
23-0740	sound_auth	A public prosecutor, the so-called defenders of justice...\nchose to protect AD-9 over the sanctity of the law.	อัยการของรัฐ ผู้ได้ชื่อว่าเป็นผู้พิทักษ์ ความยุติธรรม...\nกลับเลือกปกป้อง AD-9 แทนความศักดิ์สิทธิ์ของกฎหมาย
23-0741	sound_auth	A public prosecutor defends justice.\nBut you chose to protect AD-9 over the sanctity of the law.	อัยการของรัฐมีหน้าที่ปกป้อง ความยุติธรรม\nแต่คุณกลับเลือกปกป้อง AD-9 แทนความศักดิ์สิทธิ์ของกฎหมาย
23-0742	sound_auth	I think it's time you dropped the act.	ผมว่าถึงเวลาที่คุณจะเลิกแสร้ง ทำได้แล้ว
23-0743	sound_auth	I know everything, so drop the act.	ผมรู้หมดทุกอย่างแล้ว เลิกแสร้งทำเถอะ
23-0744	sound_auth	My mother, she... was afflicted with early onset\nAlzheimer's. The disease progressed quickly.	แม่ของผม เธอ... ป่วยเป็นโรคอัลไซเมอร์\nชนิดเริ่มเร็ว โรคลุกลามไปอย่างรวดเร็ว
23-0745	sound_auth	My mother, she... she was afflicted with early onset Alzheimer's.\nThe disease progressed quickly.	แม่ของผม เธอ... เธอป่วยเป็นโรคอัลไซเมอร์ชนิด เริ่มเร็ว\nโรคลุกลามไปอย่างรวดเร็ว
23-0746	sound_auth	<color=ｍonologue>(So this is Morita's family...)</color>	<color=ｍonologue>(นี่สินะครอบครัวของโมริตะ...)</color>
23-0747	sound_auth	Not long after she started showing symptoms,\nshe couldn't even recognize my face.	ไม่นานหลังจากเริ่มมีอาการ\nเธอก็จำหน้าผมไม่ได้แล้ว
23-0748	sound_auth	Whenever I went to visit her, I was greeted with\n"nice to meet you". As if she didn't know who I was.	ทุกครั้งที่ผมไปเยี่ยม เธอจะทักผมว่า\n"ยินดีที่ได้รู้จักนะคะ" ราวกับไม่รู้จักผมเลย
23-0749	sound_auth	Soon every visit began with,\n"Nice to meet you."	ไม่นานทุกครั้งที่ไปเยี่ยม เธอก็จะเริ่มด้วยคำว่า\n"ยินดีที่ได้รู้จักนะคะ"
23-0750	sound_auth	Occasionally she'd yell at me.\nAccuse me of being a thief or a murderer.	บางครั้งเธอก็ตะโกนใส่ผม\nกล่าวหาว่าผมเป็นขโมยหรือฆาตกร
23-0751	sound_auth	She'd call names. Accuse me of being a thief or a murderer.\nShrieking accusations as I left.	เธอด่าผมต่าง ๆ นานา กล่าวหาว่าผมเป็นขโมยหรือฆาตกร\nกรีดร้องใส่ผมตอนที่ผมเดินออกมา
23-0752	sound_auth	Watching my mother's mind deteriorate...\nWell, it nearly broke me.	การได้เห็นจิตใจของแม่เสื่อมถอย ลงเรื่อย ๆ...\nมันเกือบจะทำให้ผมพังไปเลย
23-0753	sound_auth	Watching my mother's mind deteriorate...\nIt nearly broke me.	การได้เห็นจิตใจของแม่เสื่อมถอย ลงเรื่อย ๆ...\nมันเกือบจะทำให้ผมพังไปเลยจริง ๆ
23-0754	sound_auth	And yet, my brother continued caring for her.\nHe was there when I couldn't be, all by himself.	แต่พี่ชายของผมก็ยังคงดูแลเธอต่อไป\nเขาอยู่เคียงข้างเธอตอนที่ผมทำไม่ได้ อยู่ตามลำพังคนเดียว
23-0755	sound_auth	But all through her pain, my brother alone\ncontinued caring for her. For years.	แต่ตลอดความทุกข์ทรมานของเธอ พี่ชายของผมคนเดียว\nยังคงดูแลเธอต่อไป นานหลายปี
23-0756	sound_auth	When we were young,\nhe and I had both dreamt of becoming lawyers.	ตอนที่เรายังเด็ก\nทั้งเขาและผมต่างก็ฝันอยากเป็น ทนายความ
23-0757	sound_auth	He and I had both dreamt\nof becoming lawyers.	ทั้งเขาและผม\nต่างก็ฝันอยากเป็นทนายความ
23-0758	sound_auth	He devoted himself to his studies, far better\nthan I ever did. Practically worked himself to the bone.	เขาทุ่มเทให้กับการเรียนมากกว่าผม\nอย่างเทียบกันไม่ติด แทบจะเอาชีวิตเข้าแลก
23-0759	sound_auth	Day after day, he devoted himself to studying.\nFar more than I ever did.	วันแล้ววันเล่า เขาทุ่มเทให้กับการเรียน\nมากกว่าผมอย่างเทียบกันไม่ติด
23-0760	sound_auth	Yet ultimately,\nhe never managed to pass the bar.	แต่สุดท้ายแล้ว\nเขาก็ไม่เคยสอบเนติบัณฑิตผ่านเลย
23-0761	sound_auth	Yet ultimately, he never managed\nto pass the bar.	แต่สุดท้ายแล้ว เขาก็ไม่เคย\nสอบเนติบัณฑิตผ่านเลย
23-0762	sound_auth	I can only imagine how he felt\nwhen I passed on my first attempt.	ผมนึกภาพไม่ออกเลยว่าเขารู้สึกยังไง\nตอนที่ผมสอบผ่านตั้งแต่ครั้งแรก
23-0763	sound_auth	And when I passed on my first attempt...\nI can only imagine how he felt.	แล้วตอนที่ผมสอบผ่านตั้งแต่ครั้งแรก...\nผมนึกภาพไม่ออกเลยว่าเขารู้สึกยังไง
23-0764	sound_auth	And yet, he was happy for me.\nAlmost as if my success was his.	แต่เขาก็ยังดีใจแทนผม\nราวกับว่าความสำเร็จของผมเป็น ของเขาเอง
23-0765	sound_auth	But even so... he expressed nothing but joy\nfor my success.	แต่ถึงอย่างนั้น... เขาก็แสดงออกแต่ความดีใจ\nต่อความสำเร็จของผมเท่านั้น
23-0766	sound_auth	He was truly... A good man.	เขาเป็นคนดีจริง ๆ...คนหนึ่งเลย
23-0767	sound_auth	He was... a truly kind person.	เขาเป็นคน... ที่ใจดีจริง ๆ
23-0768	sound_auth	<color=ｍonologue>(His confidence is wavering...\nThis left a lot of scars.)</color>	<color=ｍonologue>(ความมั่นใจของเขาเริ่มสั่นคลอน...\nเรื่องนี้ทิ้งบาดแผลไว้เยอะเลย)</color>
23-0769	sound_auth	Please, go on.	เล่าต่อเถอะ
23-0770	sound_auth	Go on, please.	เล่าต่อเถอะ
23-0771	sound_auth	When we learned that my mother had Alzheimers,\nmy brother was devasted by the news. He took it hard.	ตอนที่เรารู้ว่าแม่เป็นอัลไซเมอร์\nพี่ชายของผมรับข่าวนี้หนักมาก เขาทำใจลำบาก
23-0772	sound_auth	When we learned of my mother's illness,\nmy brother was genuinely concerned for her.	ตอนที่เรารู้ว่าแม่ป่วย\nพี่ชายของผมเป็นห่วงเธอจริง ๆ
23-0773	sound_auth	I, on the other hand...\nwas filled with internal conflict.	ส่วนผมเอง...\nกลับเต็มไปด้วยความขัดแย้งในใจ
23-0774	sound_auth	But I... I was filled with\ninternal conflict.	แต่ผม... ผมกลับเต็มไปด้วย\nความขัดแย้งในใจ
23-0775	sound_auth	I was torn between caring for my ailing mother\nand continuing my burgeoning career as a lawyer.	ผมลังเลระหว่างการดูแลแม่ที่ป่วย\nกับการสานต่ออาชีพทนายความที่ กำลังไปได้สวย
23-0776	sound_auth	I was torn between caring for my ailing mother,\nand continuing my burgeoning career as a lawyer.	ผมลังเลระหว่างการดูแลแม่ที่ป่วย\nกับการสานต่ออาชีพทนายความที่ กำลังรุ่ง
23-0777	sound_auth	But my brother could sense how I felt...\nAnd then he said to me...	แต่พี่ชายของผมคงสัมผัสได้ถึง ความรู้สึกนั้น...\nแล้วเขาก็พูดกับผมว่า...
23-0778	sound_auth	My brother must have sensed it.\nThen he told me...	พี่ชายของผมคงสัมผัสได้\nแล้วเขาก็บอกผมว่า...
23-0779	sound_auth	Don't worry.\nLeave Mom to me.	ไม่ต้องห่วงหรอก\nแม่ปล่อยให้ฉันดูแลเอง
23-0780	sound_auth	Leave Mom to me.	แม่น่ะปล่อยให้ฉันดูแลเอง
23-0781	sound_auth	Your success is all that matters.\nAs long as you make it, my dream comes true too.	ขอแค่นายประสบความสำเร็จก็พอ\nแค่นายทำได้ ความฝันของฉันก็เป็นจริงเหมือนกัน
23-0782	sound_auth	"I want to see you succeed... Grasp the dream I couldn't.\nThat's all I need."	"ฉันแค่อยากเห็นนายประสบความสำเร็จ... คว้าฝันที่ฉันคว้าไม่ได้\nแค่นั้นก็พอแล้ว"
23-0783	sound_auth	And so, he continued caring for our mother for seven long years,\n24 hours a day. A woman who couldn't even recognize him as her own son.	แล้วเขาก็ดูแลแม่ของเราต่อไปอีก ยาวนานถึงเจ็ดปี\nตลอดยี่สิบสี่ชั่วโมง กับผู้หญิงที่จำไม่ได้ด้วยซ้ำ ว่าเขาคือลูกชายแท้ ๆ ของตัวเอง
23-0784	sound_auth	He looked after our mother for seven long years, 24 hours a day.\nA woman who couldn't even recognize her own son.	เขาดูแลแม่ของเรานานถึงเจ็ดปี ตลอดยี่สิบสี่ชั่วโมง\nกับผู้หญิงที่จำลูกชายแท้ ๆ ของตัวเองไม่ได้
23-0785	sound_auth	Whereas I...\nRan further and further away.	ในขณะที่ผม...\nกลับหนีห่างออกไปเรื่อย ๆ
23-0786	sound_auth	Whereas I... kept running.	ในขณะที่ผม... ยังคงหนีต่อไป
23-0787	sound_auth	But somewhere deep down in my heart, I knew it couldn't\ncontinue that way. That someday he would break.	แต่ลึก ๆ ในใจผมก็รู้ว่ามันคงเป็นแบบนี้\nต่อไปไม่ได้ตลอด สักวันเขาต้องพังลงแน่ ๆ
23-0788	sound_auth	But I knew in my heart that it couldn't last.\nThat someday he would break.	แต่ผมรู้อยู่แก่ใจว่ามันคงอยู่ แบบนี้ไปไม่ได้ตลอด\nสักวันเขาต้องพังลงแน่ ๆ
23-0789	sound_auth	And the regret you feel, that failure...\nIs what led you to AD-9.	และความเสียใจที่คุณรู้สึก ความล้มเหลวนั้น...\nคือสิ่งที่พาคุณมาสู่ AD-9
23-0790	sound_auth	And your regrets about it...\nled you to abet AD-9.	และความเสียใจของคุณเรื่องนั้น...\nพาคุณไปสนับสนุน AD-9
23-0791	sound_auth	When was it?	ตอนไหนกัน?
23-0792	sound_auth	When'd you get involved?	คุณเข้าไปเกี่ยวข้องตั้งแต่เมื่อไหร่?
23-0793	sound_auth	After Shintani-sensei's murder.	หลังจากที่อาจารย์ชินทานิถูกฆ่า
23-0794	sound_auth	Not long after, Vice Minister Ichinose\nsummoned me personally to fill me in on the details.	ไม่นานหลังจากนั้น รองปลัดฯ อิจิโนเสะ\nก็เรียกผมไปพบด้วยตัวเองเพื่อ เล่ารายละเอียดให้ฟัง
23-0795	sound_auth	At that point, Vice Minister Ichinose summoned me personally.\nHe filled me in on the details.	ตอนนั้นเอง รองปลัดฯ อิจิโนเสะเรียกผมไปพบด้วยตัวเอง\nแล้วเล่ารายละเอียดให้ผมฟัง
23-0796	sound_auth	He did? But why?	เขาเรียกไปเองเลยเหรอ? แต่ทำไมล่ะ?
23-0797	sound_auth	Ichinose did? Personally?\nBut why?	อิจิโนเสะเรียกเองเลยเหรอ?\nแต่ทำไมล่ะ?
23-0798	sound_auth	Ichinose-san predicted that the prosecutors' office\nwould discover the dark truth about AD-9 before long.	อิจิโนเสะซังคาดการณ์ไว้ว่า สำนักงานอัยการ\nจะค้นพบความจริงอันมืดมนของ AD-9 ในไม่ช้า
23-0799	sound_auth	Ichinose-san knew. Eventually the prosecutors\nwould discover the truth of AD-9.	อิจิโนเสะซังรู้ดี ในที่สุดฝ่ายอัยการ\nก็จะค้นพบความจริงของ AD-9
23-0800	sound_auth	And upon looking into some family histories...\nHe discovered what happened to my mother.	แล้วพอไปสืบประวัติครอบครัวต่าง ๆ...\nเขาก็พบเรื่องที่เกิดขึ้นกับแม่ของผม
23-0801	sound_auth	And upon looking into some family histories...\nhe discovered the case of my mother's Alzheimer's.	แล้วพอไปสืบประวัติครอบครัวต่าง ๆ...\nเขาก็พบเรื่องอัลไซเมอร์ของแม่ผม
23-0802	sound_auth	When he realized the extent of it,\nhe knew I would be sympathetic to their cause.	พอเขารู้ขอบเขตความจริงทั้งหมด\nเขาก็รู้ว่าผมจะเห็นใจเป้าหมาย ของพวกเขา
23-0803	sound_auth	When Ichinose-san discovered the extent of the tragedy...\nhe knew I'd be sympathetic to their cause.	พออิจิโนเสะซังรู้ขอบเขตของ โศกนาฏกรรมทั้งหมด...\nเขาก็รู้ว่าผมจะเห็นใจเป้าหมาย ของพวกเขา
23-0804	sound_auth	His proposal was quite clear.	ข้อเสนอของเขาชัดเจนมาก
23-0805	sound_auth	His proposal was clear.	ข้อเสนอของเขาชัดเจนดี
23-0806	sound_auth	AD-9 was a groundbreaking new drug, meant to save\ncountless suffering patients and families...	AD-9 เป็นยาชนิดใหม่ที่ก้าวล้ำ มีไว้เพื่อช่วยเหลือ\nผู้ป่วยและครอบครัวที่ ทุกข์ทรมานนับไม่ถ้วน...
23-0807	sound_auth	AD-9 was a groundbreaking new drug.\nMeant to save countless suffering patients and families...	AD-9 เป็นยาชนิดใหม่ที่ก้าวล้ำ\nมีไว้เพื่อช่วยผู้ป่วยและ ครอบครัวที่ทุกข์ทรมาน นับไม่ถ้วน...
23-0808	sound_auth	But if it was to see the light of day...\nI would have to look the other way for a while.	แต่ถ้าจะให้มันได้เห็นแสงสว่าง...\nผมก็ต้องยอมหลับตาข้างหนึ่งไปสักพัก
23-0809	sound_auth	<color=ｍonologue>(And that's how someone with\nthe best intentions gets led astray.)</color>	<color=ｍonologue>(นี่แหละคือทางที่คนเจตนาดีที่สุด\nก็ยังหลงผิดได้)</color>
23-0810	sound_auth	Prosecutor Morita.\nHave you heard this saying before?	อัยการโมริตะ\nเคยได้ยินคำพูดนี้ไหม
23-0811	sound_auth	You know, there's a saying\nthat's stuck with me...	รู้ไหม มีคำพูดหนึ่ง\nที่ติดอยู่ในหัวผมมาตลอด...
23-0812	sound_auth	Fire tempers iron,\nand temptation steels the just.	ไฟหลอมเหล็กให้แข็งแกร่ง\nและสิ่งยั่วยวนก็หลอมคนซื่อตรง ให้แกร่งขึ้นเช่นกัน
23-0813	sound_auth	"Fire tempers iron,\nand temptation steels the just."	"ไฟหลอมเหล็กให้แข็งแกร่ง\nและสิ่งยั่วยวนก็หลอมคนซื่อตรง ให้แกร่งขึ้นเช่นกัน"
23-0814	sound_auth	If someone told you they knew how to make\nmankind immortal at the sacrifice of a few...	ถ้ามีใครบอกคุณว่าเขารู้วิธีทำให้\nมนุษยชาติเป็นอมตะได้ ด้วยการเสียสละคนเพียงไม่กี่คน...
23-0815	sound_auth	If someone offered you the secret\nto immortality, for a "small" sacrifice...	ถ้ามีใครเสนอความลับ\nสู่ความเป็นอมตะให้คุณ แลกกับการเสียสละ "เล็กน้อย"...
23-0816	sound_auth	You would've looked the other way\nno matter how many people had to die.	คุณก็คงจะหลับตาข้างหนึ่ง\nไม่ว่าจะต้องมีคนตายไปกี่คนก็ตาม
23-0817	sound_auth	You would've looked the other way.\nNo matter how many people had to die.	คุณก็คงจะหลับตาข้างหนึ่งอยู่ดี\nไม่ว่าจะต้องมีคนตายไปกี่คนก็ตาม
23-0818	sound_auth	I do feel guilt, I can't deny that.\nThat's the only reason I'm still here.	ผมรู้สึกผิดจริง ๆ ปฏิเสธไม่ได้เลย\nนั่นคือเหตุผลเดียวที่ผมยังอยู่ตรงนี้
23-0819	sound_auth	I don't deny my guilt in this.\nThat's the only reason I've let you carry on.	ผมไม่ปฏิเสธความรู้สึกผิดในเรื่องนี้\nนั่นคือเหตุผลเดียวที่ผมปล่อย ให้คุณทำต่อไปได้
23-0820	sound_auth	Shono has killed people to cover this up.\nEmi Terasawa died for it.	โชโนะฆ่าคนเพื่อปิดเรื่องนี้\nเอมิ เทราซาวะตายเพราะเรื่องนี้
23-0821	sound_auth	Shono was so desperate to hide his experiments,\nhe murdered Emi Terasawa.	โชโนะสิ้นหวังจนต้องฆ่าคนเพื่อ ปิดบังการทดลอง\nเขาฆ่าเอมิ เทราซาวะ
23-0822	sound_auth	What about her?\nDid she deserve that!?	แล้วเธอล่ะ?\nเธอสมควรตายแบบนั้นเหรอ!?
23-0823	sound_auth	Meanwhile Shinpei Okubo was\nfalsely convicted, and sentenced to death.	ในขณะเดียวกัน ชินเป โอคุโบะก็\nถูกตัดสินผิดว่ามีความผิด และถูกตัดสินประหารชีวิต
23-0824	sound_auth	Under a false conviction, Shinpei Okubo\nwas sent to death row.	ด้วยคำตัดสินที่ผิดพลาด ชินเป โอคุโบะ\nถูกส่งไปแดนประหาร
23-0825	sound_auth	He wakes up every day\nnot knowing if it's his last.	เขาตื่นขึ้นมาทุกวัน\nโดยไม่รู้ว่าจะเป็นวันสุดท้าย ของเขาหรือเปล่า
23-0826	sound_auth	For three years, he's been prepared to die\nfor a crime he didn't commit.	สามปีที่ผ่านมา เขาเตรียมใจตายอยู่ตลอด\nเพื่อความผิดที่เขาไม่ได้ก่อ
23-0827	sound_auth	What did he do to deserve that?	เขาทำอะไรผิดถึงต้องเจอแบบนั้น?
23-0828	sound_auth	What did he do to deserve that!?	เขาทำอะไรผิดถึงต้องเจอแบบนั้น!?
23-0829	sound_auth	Hattori wrote this, huh?	ฮัตโตริเป็นคนเขียนเรื่องนี้เองเหรอ?
23-0830	sound_auth	Crazy stuff.\nYou said Hattori wrote this?	บ้าไปเลย\nบอกว่าฮัตโตริเขียนเนี่ยนะ?
23-0831	sound_auth	Yeah. Said he tried to get it out\njust in time for today's trial.	ใช่ เขาบอกว่าพยายามทำให้ทัน\nพอดีกับการพิจารณาคดีวันนี้เลย
23-0832	sound_auth	Yup. Said he tried to get it out\nin time for the trial.	ใช่ เขาบอกว่าพยายามทำให้ทัน\nการพิจารณาคดีพอดี
23-0833	sound_auth	Illegal Human Experiments Discovered in Kamurocho...\n"Dementia Drug AD-9 the Focus".	"พบการทดลองมนุษย์ผิดกฎหมายในคามุโรโจ"...\n"ยารักษาภาวะสมองเสื่อม AD-9 ตกเป็นประเด็น"
23-0834	sound_auth	"Illegal Human Experiments Discovered in Kamurocho"...\n"Dementia Drug AD-9 the Focus".	"พบการทดลองมนุษย์ผิดกฎหมายในคามุโรโจ"...\n"ยารักษาภาวะสมองเสื่อม AD-9 ตกเป็นประเด็น"
23-0835	sound_auth	These pictures...	รูปพวกนี้...
23-0836	sound_auth	I took 'em when we broke\ninto Shono's lab.	ผมถ่ายตอนที่เรา\nบุกเข้าไปในแล็บของโชโนะ
23-0837	sound_auth	Yep, all mine. Took 'em when we\nbroke into Shono's lab.	ใช่ ฝีมือผมเอง ถ่ายตอนที่เรา\nบุกเข้าไปในแล็บของโชโนะ
23-0838	sound_auth	Heh, good shit.	เฮอะ เจ๋งเป็นบ้าเลย
23-0839	sound_auth	Yeesh. Don't think I'm ever gonna\nget used to seein' you in a suit.	โอ๊ยตาย คิดว่าคงไม่มีวันชิน\nกับการเห็นนายใส่สูทหรอกนะ
23-0840	sound_auth	Back in the suit, huh...?\nI'll never get used to this.	กลับมาใส่สูทอีกแล้วสินะ...?\nฉันคงไม่มีวันชินกับเรื่องนี้แน่
23-0841	sound_auth	That's all you have to say to me?\nThis is kinda a big deal, remember?	มีแค่นี้ที่จะพูดกับผมเนี่ยนะ?\nเรื่องนี้มันเรื่องใหญ่เลยนะ จำได้ไหม?
23-0842	sound_auth	That's all you got?\nThis is kinda a big deal, remember?	มีเท่านี้เองเหรอ?\nนี่มันเรื่องใหญ่นะ จำได้ไหม?
23-0843	sound_auth	Are they gonna set Okubo free\nif you win this trial?	พวกเขาจะปล่อยตัวโอคุโบะไหม\nถ้ายากามิซังชนะคดีนี้?
23-0844	sound_auth	So if you win this trial,\nOkubo walks free, huh?	งั้นถ้ายากามิซังชนะคดีนี้\nโอคุโบะก็จะได้เป็นอิสระเลยสินะ?
23-0845	sound_auth	It's not guaranteed... but if not today, I'll make it\nhappen eventually. Even if it costs me my life.	ยังไม่แน่นอนหรอก... แต่ถ้าไม่ใช่วันนี้ ผมก็จะทำให้มัน\nเกิดขึ้นให้ได้สักวัน ต่อให้ต้องแลกด้วยชีวิตผมก็ตาม
23-0846	sound_auth	If not today, I'll still make it happen somehow.\nEven if it costs me my life.	ถ้าไม่ใช่วันนี้ ผมก็จะทำให้มันเกิดขึ้นให้ได้สักวัน\nต่อให้ต้องแลกด้วยชีวิตผมก็ตาม
23-0847	sound_auth	It's time.\nGive 'em hell in there.	ถึงเวลาแล้ว\nเข้าไปถล่มพวกมันให้เละเลย
23-0848	sound_auth	It's time. Give 'em hell in there.	ถึงเวลาแล้ว เข้าไปถล่มพวกมันให้เละเลย
23-0849	sound_auth	I will.\nMatsugane-san deserves justice.	ผมจะทำ\nมัตสึกาเนะซังสมควรได้รับความยุติธรรม
23-0850	sound_auth	I will. For Matsugane-san.	ผมจะทำ เพื่อมัตสึกาเนะซัง
23-0851	sound_auth	Good luck today, Yagami-san.\nI'll be taking notes.	ขอให้โชคดีวันนี้นะครับ ยากามิซัง\nผมจะจดโน้ตไว้เลย
23-0852	sound_auth	Good luck in there today, Yagami-san.\nI'll be taking notes.	ขอให้โชคดีในนั้นวันนี้นะครับ ยากามิซัง\nผมจะจดโน้ตไว้เลย
23-0853	sound_auth	I dunno, this trial might not be\nthe most textbook case.	ผมไม่แน่ใจนะ คดีนี้อาจจะไม่ใช่\nคดีตัวอย่างในตำราซะทีเดียว
23-0854	sound_auth	I dunno. This trial might not be\nthe most textbook case.	ผมไม่แน่ใจ คดีนี้อาจจะไม่ใช่\nคดีตัวอย่างในตำราซะทีเดียว
23-0855	sound_auth	That's exactly why it'll be\nan educational experience.	นั่นแหละครับคือเหตุผลที่มันจะเป็น\nประสบการณ์ที่ได้เรียนรู้
23-0856	sound_auth	Well... that's exactly why\nit'll be educational.	ก็นั่นแหละครับ... เป็นเหตุผลว่าทำไม\nมันถึงจะได้เรียนรู้อะไรเยอะ
23-0857	sound_auth	Defendant. Please state your name\nand date of birth for the record.	จำเลย กรุณาแจ้งชื่อ\nและวันเดือนปีเกิดเพื่อบันทึก ไว้เป็นหลักฐาน
23-0858	sound_auth	Please state your name\nand date of birth for the record.	กรุณาแจ้งชื่อ\nและวันเดือนปีเกิดเพื่อบันทึก ไว้เป็นหลักฐาน
23-0859	sound_auth	Kazuya Ayabe.\nBorn on July 2nd, 1983.	คาซึยะ อายาเบะ\nเกิดวันที่ 2 กรกฎาคม 1983
23-0860	sound_auth	Kazuya Ayabe.\nDate of birth... July 2nd, 1983.	คาซึยะ อายาเบะ\nวันเกิด... วันที่ 2 กรกฎาคม 1983
23-0861	sound_auth	And where are you currently residing?	แล้วตอนนี้คุณพักอาศัยอยู่ที่ไหน?
23-0862	sound_auth	This is the first trial\nfor the murder of Masamichi Shintani.	นี่คือการพิจารณาคดีครั้งแรก\nสำหรับคดีฆาตกรรมมาซามิจิ ชินทานิ
23-0863	sound_auth	It's the first day of proceedings\nin the murder case of a Kamurocho lawyer.	วันนี้คือวันแรกของการพิจารณาคดี\nฆาตกรรมทนายความแห่งคามุโรโจ
23-0864	sound_auth	The defendant... A crooked cop\nby the name of Kazuya Ayabe.	จำเลย... ตำรวจทุจริต\nชื่อคาซึยะ อายาเบะ
23-0865	sound_auth	Masamichi Shintani's supposed killer...\nA crooked cop by the name of Kazuya Ayabe.	ผู้ต้องสงสัยว่าเป็นฆาตกรของมาซามิจิ ชินทานิ...\nตำรวจทุจริตชื่อคาซึยะ อายาเบะ
23-0866	sound_auth	The bullet found in Shintani's body bore\nthe rifling marks from Ayabe's gun.	กระสุนที่พบในร่างของชินทานิมีรอย\nเกลียวปืนตรงกับปืนของอายาเบะ
23-0867	sound_auth	The bullet found in Shintani's body\nbore the rifling marks from Ayabe's gun.	กระสุนที่พบในร่างของชินทานิ\nมีรอยเกลียวปืนตรงกับปืนของอายาเบะ
23-0868	sound_auth	That's the most significant piece\nof evidence they have against him.	นั่นคือหลักฐานสำคัญที่สุด\nที่พวกเขามีเอาผิดเขา
23-0869	sound_auth	That's the core of their case\nagainst him.	นั่นคือแก่นของคดี\nที่พวกเขาใช้เอาผิดเขา
23-0870	sound_auth	But that was all a cover-up\nperpetrated by the Mole. Kuroiwa.	แต่ทั้งหมดนี้เป็นเพียงการปิดบัง\nที่ไส้ศึกก่อขึ้น คุโรอิวะ
23-0871	sound_auth	But I know... the Mole did this.\nKuroiwa framed him for the whole thing.	แต่ผมรู้... ไส้ศึกเป็นคนทำเรื่องนี้\nคุโรอิวะใส่ร้ายเขาทั้งหมด
23-0872	sound_auth	Ayabe is innocent.	อายาเบะบริสุทธิ์
23-0873	sound_auth	In other words,\nthis trial is little more than a farce.	พูดอีกอย่างก็คือ\nการพิจารณาคดีนี้แทบจะเป็นเรื่องตลก
23-0874	sound_auth	In other words, this trial is basically a farce.\nWe're up against powers we can't fight.	พูดอีกอย่างก็คือ การพิจารณาคดีนี้แทบจะเป็นเรื่องตลก\nเรากำลังสู้กับอำนาจที่เราสู้ไม่ได้
23-0875	sound_auth	At least, until this very moment.	อย่างน้อยก็จนถึงตอนนี้
23-0876	sound_auth	At least, not until now.	อย่างน้อยก็จนกระทั่งตอนนี้
23-0877	sound_auth	The prosecution moves to call a witness to the stand.\nSomeone who can deny this case's link to the ADDC.	ฝ่ายโจทก์ขอเรียกพยานขึ้นคอกพยาน\nผู้ที่จะปฏิเสธความเกี่ยวข้อง ของคดีนี้กับ ADDC
23-0878	sound_auth	The prosecution calls a witness to the stand.\nSomeone who can refute this case's link to the ADDC.	ฝ่ายโจทก์ขอเรียกพยานขึ้นคอกพยาน\nผู้ที่จะหักล้างความเกี่ยวข้อง ของคดีนี้กับ ADDC
23-0879	sound_auth	The Vice Minister of\nthe Ministry of Health, Kaoru Ichinose.	รองปลัดกระทรวงสาธารณสุข\nคาโอรุ อิจิโนเสะ
23-0880	sound_auth	The Vice Minister of the Ministry of Health,\nKaoru Ichinose-san.	รองปลัดกระทรวงสาธารณสุข\nคาโอรุ อิจิโนเสะซัง
23-0881	sound_auth	The ADDC bears most of the responsibilities\ncarried out by the Medical Institute.	ADDC รับผิดชอบภารกิจส่วนใหญ่\nที่ดำเนินการโดยสถาบันการแพทย์
23-0882	sound_auth	Most notably, the development of AD-9,\nwhich was announced to the world last year.	ที่โดดเด่นที่สุดคือการพัฒนา AD-9\nซึ่งประกาศต่อโลกไปเมื่อปีที่แล้ว
23-0883	sound_auth	Most notably the development of AD-9,\nannounced to the world last year.	ที่โดดเด่นที่สุดคือการพัฒนา AD-9\nที่ประกาศต่อโลกไปเมื่อปีที่แล้ว
23-0884	sound_auth	Director Kido has done a fine job overseeing\nits evolution into a matter of national import.	ผู้อำนวยการคิโดะทำหน้าที่ได้ ดีเยี่ยมในการดูแล\nให้มันพัฒนาไปเป็นเรื่องสำคัญ ระดับชาติ
23-0885	sound_auth	Director Kido has done a fine job overseeing its evolution\ninto a matter of national import.	ผู้อำนวยการคิโดะทำหน้าที่ได้ ดีเยี่ยมในการดูแลให้มันพัฒนา\nไปเป็นเรื่องสำคัญระดับชาติ
23-0886	sound_auth	Can you tell the Court\nwhat exactly AD-9 is? 	ช่วยเล่าให้ศาลฟังหน่อยได้ไหม\nว่า AD-9 คืออะไรกันแน่ 
23-0887	sound_auth	Can you tell the Court what exactly AD-9 is? 	ช่วยเล่าให้ศาลฟังหน่อยได้ไหมว่า AD-9 คืออะไรกันแน่ 
23-0888	sound_auth	It is a revolutionary drug meant to be\na complete cure for Alzheimer's disease.	มันคือยาปฏิวัติวงการที่มีไว้เพื่อ\nรักษาโรคอัลไซเมอร์ให้หายขาด
23-0889	sound_auth	Given how pressing the drastic increase in dementia\npatients is, we've placed great faith and hope into AD-9.	เมื่อพิจารณาถึงความเร่งด่วนของ จำนวนผู้ป่วยภาวะสมองเสื่อม\nที่เพิ่มขึ้นอย่างรวดเร็ว เราจึงฝากความหวังและศรัทธาไว้ที่ AD-9 อย่างมาก
23-0890	sound_auth	Given how pressing the drastic increase in dementia patients is,\nwe've placed great faith in AD-9.	เมื่อพิจารณาถึงความเร่งด่วนของ จำนวนผู้ป่วย ภาวะสมองเสื่อมที่เพิ่มขึ้น อย่างรวดเร็ว\nเราจึงฝากความศรัทธาไว้ที่ AD-9 อย่างมาก
23-0891	sound_auth	I have no further questions.	ไม่มีคำถามเพิ่มเติมแล้ว
23-0892	sound_auth	The ADDC's irrelevance is clear.	ความไม่เกี่ยวข้องของ ADDC ชัดเจนอยู่แล้ว
23-0893	sound_auth	Members of the jury. Despite the defense's claims\nthat the ADDC is somehow related to this case...	ท่านคณะลูกขุน แม้ฝ่ายจำเลยจะกล่าวอ้าง\nว่า ADDC เกี่ยวข้องกับคดีนี้ ไม่ทางใดก็ทางหนึ่ง...
23-0894	sound_auth	Despite the defense's claims that the ADDC\nis somehow related to this case...	แม้ฝ่ายจำเลยจะกล่าวอ้างว่า ADDC\nเกี่ยวข้องกับคดีนี้ ไม่ทางใดก็ทางหนึ่ง...
23-0895	sound_auth	The prosecution holds that it is an absurdity to link such a reputable\ninstitution to the horrible murder that took place not long ago.	ฝ่ายโจทก์ยืนยันว่าเป็น เรื่องไร้สาระที่จะโยง\nสถาบันที่มีชื่อเสียงเช่นนี้ เข้ากับคดีฆาตกรรมสยดสยอง ที่เพิ่งเกิดขึ้น
23-0896	sound_auth	The prosecution holds that such a link is absurd.\nThis grisly murder has no connection to such a reputable institution.	ฝ่ายโจทก์ยืนยันว่าการเชื่อมโยง เช่นนี้ไร้สาระ\nคดีฆาตกรรมสยดสยองนี้ไม่มีส่วน เกี่ยวข้องกับสถาบันที่ มีชื่อเสียงเช่นนี้เลย
23-0897	sound_auth	You may begin the cross-examination, counsel.	ทนายความ เชิญเริ่มการถามค้านได้
23-0898	sound_auth	You may begin the\ncross-examination, counsel.	ทนายความ เชิญเริ่ม\nการถามค้านได้
23-0899	sound_auth	<color=ｍonologue>(Here we go.)</color>	<color=ｍonologue>(เอาล่ะ เริ่มกันเลย)</color>
23-0900	sound_auth	You're the Vice Minister of the Ministry of Health,\ncorrect? Pretty high rank.	คุณคือรองปลัดกระทรวงสาธารณสุข\nใช่ไหม ตำแหน่งสูงมากเลยนะ
23-0901	sound_auth	The witness's title was the Vice Minister, correct?\nEven in the Ministry of Health, that's near the top.	ตำแหน่งของพยานคือรองปลัด ใช่ไหม\nแค่ในกระทรวงสาธารณสุขก็ถือว่า อยู่เกือบบนสุดแล้ว
23-0902	sound_auth	That is what the title implies, yes.	ตำแหน่งก็บอกอยู่แล้วว่าใช่
23-0903	sound_auth	You must have really stood out\nto attain that position.	คุณคงต้องโดดเด่นมากจริง ๆ\nถึงได้ตำแหน่งนั้นมา
23-0904	sound_auth	Maybe you did something extra special\nthat got you noticed?	หรือว่าคุณทำอะไรพิเศษเป็นพิเศษ\nจนมีคนสังเกตเห็น?
23-0905	sound_auth	Maybe... you did something extra special\nthat got you noticed?	หรือว่า... คุณทำอะไรพิเศษเป็นพิเศษ\nจนมีคนสังเกตเห็นกันแน่?
23-0906	sound_auth	I'm not sure how this is relevant\nto the case at hand.	ผมไม่แน่ใจว่าเรื่องนี้เกี่ยวข้อง\nกับคดีนี้ยังไง
23-0907	sound_auth	Oh come now.\nWhy not indulge him?	อ๊ะ ไม่เอาน่า\nทำไมไม่ลองตามน้ำเขาดูล่ะ?
23-0908	sound_auth	Oh, come now.\nWhy not indulge him?	โธ่ ไม่เอาน่า\nทำไมไม่ลองตามน้ำเขาดูล่ะ?
23-0909	sound_auth	Think back to 2002.\nThe year the Medical Institute was founded.	ลองนึกย้อนไปปี 2002 สิ\nปีที่สถาบันการแพทย์ก่อตั้งขึ้น
23-0910	sound_auth	Think back to 2002. The year that the\nMedical Institute was founded.	ลองนึกย้อนไปปี 2002 ปีที่\nสถาบันการแพทย์ก่อตั้งขึ้น
23-0911	sound_auth	I hear you spearheaded that whole operation.	ได้ยินมาว่าคุณเป็นหัวเรือใหญ่ ในการดำเนินการทั้งหมดเลยนะ
23-0912	sound_auth	I hear you spearheaded\nthat whole operation.	ได้ยินมาว่าคุณเป็นหัวเรือใหญ่\nในการดำเนินการทั้งหมดเลย
23-0913	sound_auth	As a result, many new organizations\ncame into being. The ADDC included.	ผลก็คือมีองค์กรใหม่ ๆ เกิดขึ้นมากมาย\nรวมถึง ADDC ด้วย
23-0914	sound_auth	As a result, the ADDC came into being,\nalong with quite a few other organizations.	ผลก็คือ ADDC ถือกำเนิดขึ้น\nพร้อมกับองค์กรอื่น ๆ อีกไม่น้อย
23-0915	sound_auth	Naturally, many Ministry of Health officials\nwelcomed this move because...	เป็นธรรมดาที่เจ้าหน้าที่ กระทรวงสาธารณสุขหลายคน\nจะยินดีกับความเคลื่อนไหวนี้ เพราะว่า...
23-0916	sound_auth	Naturally, many Ministry of Health officials\nwelcomed this move. Because...	เป็นธรรมดาที่เจ้าหน้าที่ กระทรวงสาธารณสุขหลายคน\nจะยินดีกับความเคลื่อนไหวนี้ เพราะ...
23-0917	sound_auth	You gave the Ministry more presence in the public mindshare.\nIt's no wonder they thought highly of you, Ichinose-san.	คุณทำให้กระทรวงมีพื้นที่ใน ความสนใจของสาธารณชนมากขึ้น\nไม่แปลกเลยที่พวกเขาจะยกย่องคุณ อิจิโนเสะซัง
23-0918	sound_auth	Thanks to you, the Ministry had more presence in the public mindshare.\nIt's no wonder they thought highly of you, Ichinose-san.	เพราะคุณ กระทรวงถึงมีพื้นที่ในความสนใจ ของสาธารณชนมากขึ้น\nไม่แปลกเลยที่พวกเขาจะยกย่องคุณ อิจิโนเสะซัง
23-0919	sound_auth	You gave hope to a nation of aspiring doctors and researchers.\nIt's truly incredible how you shot up the ranks.	คุณให้ความหวังกับหมอและ นักวิจัยทั่วประเทศที่มี ความมุ่งมั่น\nมันน่าทึ่งจริง ๆ ที่คุณไต่อันดับขึ้นมาได้เร็วขนาดนี้
23-0920	sound_auth	You gave hope to a nation of aspiring doctors and researchers.\nIt's no wonder you shot up the ranks, Ichinose-san.	คุณให้ความหวังกับหมอและ นักวิจัยทั่วประเทศที่มี ความมุ่งมั่น\nไม่แปลกเลยที่คุณจะไต่อันดับ ขึ้นมาได้เร็ว อิจิโนเสะซัง
23-0921	sound_auth	Hm? You have a point there, but...	หืม? คุณก็มีประเด็นอยู่นะ แต่ว่า...
23-0922	sound_auth	What are you getting at?	คุณจะพูดอะไรกันแน่?
23-0923	sound_auth	Hrm? What are you getting at?	หืม? คุณจะพูดอะไรกันแน่?
23-0924	sound_auth	Um, this is no time\nto be stroking his ego.	เอ่อ ตอนนี้ไม่ใช่เวลา\nมาเอาใจเขาแบบนี้นะ
23-0925	sound_auth	You made numerous new positions\nfor senior executives to retire into.	คุณสร้างตำแหน่งใหม่ ๆ มากมาย\nให้ผู้บริหารระดับสูงไปเกษียณ
23-0926	sound_auth	You opened up positions for executives\nto retire into.	คุณเปิดตำแหน่งให้ผู้บริหาร\nไปเกษียณ
23-0927	sound_auth	Thanks to you, they'd have a stable\nincome well into old age.	เพราะคุณ พวกเขาถึงมีรายได้\nมั่นคงไปจนแก่เฒ่า
23-0928	sound_auth	Thanks to you, they'd have a stable income,\nwell into old age.	เพราะคุณ พวกเขาถึงมีรายได้มั่นคง\nไปจนแก่เฒ่า
23-0929	sound_auth	Is this really the place\nto be discussing such accusations?	นี่มันสถานที่ที่เหมาะสม\nจะพูดถึงข้อกล่าวหาแบบนี้เหรอ?
23-0930	sound_auth	Now, is this really the place\nto make such accusations?	เอาล่ะ นี่มันสถานที่ที่เหมาะสม\nจะกล่าวหาแบบนี้จริงเหรอ?
23-0931	sound_auth	This center, that lab,\nwho-cares-what hospital.	ศูนย์นี้ แล็บนั้น\nโรงพยาบาลไหนก็ช่างเถอะ
23-0932	sound_auth	This center, that lab,\nany random hospital would do.	ศูนย์นี้ แล็บนั้น\nโรงพยาบาลที่ไหนก็ได้ทั้งนั้น
23-0933	sound_auth	Consultancy positions sprung up\nfor those facilities left and right.	ตำแหน่งที่ปรึกษาผุดขึ้นมา\nให้สถานที่พวกนั้นทั้งซ้ายทั้งขวา
23-0934	sound_auth	"Consultancy" positions sprung up\nfor those facilities left and right.	ตำแหน่ง "ที่ปรึกษา" ผุดขึ้นมา\nให้สถานที่พวกนั้นทั้งซ้ายทั้งขวา
23-0935	sound_auth	And who better to fill them than former Ministry of Health\nexecs? They'd never have to worry about finding employment again.	แล้วใครจะเหมาะไปกว่าอดีต ข้าราชการกระทรวงสาธารณสุขล่ะ ครับ?\nพวกเขาจะได้ไม่ต้องกังวลเรื่อง หางานทำอีกเลย
23-0936	sound_auth	Because of you, the Ministry of Health execs had security.\nTheir futures were guaranteed.	เพราะคุณ พวกข้าราชการกระทรวงสาธารณสุข ถึงมีหลักประกัน\nอนาคตของพวกเขาถูกค้ำประกันไว้แล้ว
23-0937	sound_auth	It was a crafty move, Ichinose-san.	เป็นกลยุทธ์ที่แยบยลจริง ๆ ครับ อิจิโนเสะซัง
23-0938	sound_auth	One I'm sure the Ministry leadership loved you for.\nI can see why you ended up vice minister.	ผมว่าผู้บริหารกระทรวงต้องปลื้ม คุณกับเรื่องนี้มากแน่ ๆ\nไม่แปลกใจเลยที่คุณได้ขึ้น เป็นรองปลัดกระทรวง
23-0939	sound_auth	However...\nThe good times didn't last forever.	แต่ทว่า...\nช่วงเวลาดี ๆ นั้นไม่ได้อยู่ตลอดไป
23-0940	sound_auth	However... nothing lasts forever.	แต่ทว่า... ไม่มีอะไรอยู่ตลอดไปหรอกครับ
23-0941	sound_auth	In the months and years after its founding, people slowly\ncaught on to the Medical Institute's total lack of output.	หลังจากก่อตั้งมาหลายเดือนหลายปี ผู้คนก็ค่อย ๆ รู้ตัวว่า\nสถาบันการแพทย์แห่งนี้ไม่มี ผลงานอะไรออกมาเลยสักอย่าง
23-0942	sound_auth	Eventually, people caught on to the\nMedical Institute's total lack of output.	ในที่สุดผู้คนก็รู้ตัวว่า สถาบันการแพทย์แห่งนี้\nไม่มีผลงานอะไรออกมาเลยสักอย่าง
23-0943	sound_auth	And with the country in a recession,\nthey started zeroing in on the Institute's funding.	และเมื่อประเทศตกอยู่ใน ภาวะเศรษฐกิจถดถอย\nพวกเขาก็เริ่มจับตางบประมาณของ สถาบันแห่งนี้
23-0944	sound_auth	When the recession hit, they started\nzeroing in on the Institute's funding.	พอเศรษฐกิจถดถอย พวกเขาก็เริ่มจับตา\nงบประมาณของสถาบันแห่งนี้ทันที
23-0945	sound_auth	The vast amounts of money being poured into supporting\nit seemed like nothing more than a waste.	เงินมหาศาลที่ทุ่มลงไปเพื่อค้ำจุนมัน\nดูจะไม่ต่างอะไรจากการเสียเปล่า
23-0946	sound_auth	The vast amounts of money being poured into it\nseemed practically wasteful.	เงินมหาศาลที่ทุ่มลงไปกับมันนั้น\nแทบจะเรียกได้ว่าสูญเปล่า
23-0947	sound_auth	Before long, closing the Institute outright didn't seem out of the question.\nPlans were even set in motion to redevelop the land once it was gone.	ไม่นานนัก การปิดสถาบันแห่งนี้ไปเลยก็ ไม่ใช่เรื่องเป็นไปไม่ได้\nถึงขั้นมีแผนพัฒนาที่ดินใหม่ไว้ รอตั้งแต่ยังไม่ปิดด้วยซ้ำ
23-0948	sound_auth	Rumor had it that Minister Kazami had\nactually approved those plans internally.	มีข่าวลือว่ารัฐมนตรีคาซามิ\nอนุมัติแผนพวกนั้นไว้เป็นการ ภายในแล้วด้วย
23-0949	sound_auth	I hear Minister Kazami gave the okay\non those plans personally.	ผมได้ยินมาว่ารัฐมนตรีคาซามิ\nไฟเขียวแผนพวกนั้นด้วยตัวเองเลย ล่ะครับ
23-0950	sound_auth	Hmph. Are all your arguments\ngoing to be based on hearsay?	ฮึ่ม ข้อโต้แย้งของคุณ\nมีแต่คำเล่าลือทั้งนั้นเลยหรือครับ?
23-0951	sound_auth	Hmph. Is that your argument?\nAll of this is based on hearsay?	ฮึ่ม นี่คือข้อโต้แย้งของคุณหรือ?\nมีแต่คำเล่าลือทั้งนั้นเลยงั้นหรือ?
23-0952	sound_auth	Speaking of hearsay. Kamurocho's been buzzing with talk\nof this murderer who gouges people's eyes out.	พูดถึงคำเล่าลือ คามุโรโจกำลังโจษจันกันเรื่อง\nฆาตกรที่ควักลูกตาเหยื่ออยู่พอดีครับ
23-0953	sound_auth	Let's talk about hearsay. Kamurocho's been buzzing about\nthis murderer who gouges people's eyes out.	ลองมาคุยเรื่องคำเล่าลือกันดีกว่า คามุโรโจกำลังโจษจันกันเรื่อง\nฆาตกรที่ควักลูกตาเหยื่ออยู่พอดี
23-0954	sound_auth	That killer is an assassin\nI've termed "the Mole."	ฆาตกรคนนั้นคือมือสังหารที่ผม ตั้งชื่อให้ว่า\n"ไส้ศึก"
23-0955	sound_auth	But the truth of it is, those murders are the result of human experiments\nfor AD-9, carried out in a secret lab in the heart of the city.	แต่ความจริงแล้ว คดีฆาตกรรมพวกนั้นเป็นผลจากการทดลอง\nAD-9 ในมนุษย์ ที่ทำกันในแล็บลับใจกลางเมืองนี้เอง
23-0956	sound_auth	In truth, those murders are the result of human\nexperiments for AD-9. Carried out in a secret lab in Kamurocho.	ความจริงแล้ว คดีฆาตกรรมพวกนั้นเป็นผลจาก\nการทดลอง AD-9 ในมนุษย์ ที่ทำกันในแล็บลับในคามุโรโจ
23-0957	sound_auth	This is all purely gossip.	นี่มันก็แค่ข่าวซุบซิบทั้งนั้น
23-0958	sound_auth	This is tabloid sensationalism.	นี่มันก็แค่ข่าวหวือหวาจากสื่อ ฉาบฉวยทั้งนั้น
23-0959	sound_auth	Members of the jury. AD-9's development is about\nto enter the clinical trial phase.	ท่านคณะลูกขุนครับ การพัฒนา AD-9\nกำลังจะเข้าสู่ขั้นตอนการทดลอง ทางคลินิกแล้ว
23-0960	sound_auth	AD-9's pretty far along now.\nThey're about to enter the clinical trial phase.	ตอนนี้ AD-9 คืบหน้าไปไกลมากแล้วครับ\nใกล้จะเข้าสู่ขั้นตอนการทดลอง ทางคลินิกแล้ว
23-0961	sound_auth	However, ADDC researchers...	แต่ทว่า นักวิจัยของ ADDC...
23-0962	sound_auth	...Have already carried out clinical trials behind\nclosed doors. Several people have died as a result.	...ได้แอบทำการทดลองทางคลินิก ลับหลังไปแล้ว\nและมีคนตายไปหลายคนจากมัน
23-0963	sound_auth	...have already carried out closed door clinical trials.\nAs a result, several have died.	...แอบทำการทดลองทางคลินิกกัน ลับหลังไปแล้ว\nเป็นผลให้มีคนตายไปหลายคน
23-0964	sound_auth	Of course, they tried to keep that a secret...\nBut it eventually found its way out.	แน่นอนว่าพวกเขาพยายามปิดเป็นความลับ...\nแต่สุดท้ายมันก็รั่วไหลออกมาจนได้
23-0965	sound_auth	Of course, that was top secret.\nBut... the truth is starting to leak to outsiders.	แน่นอนว่านั่นคือความลับสุดยอด\nแต่... ความจริงก็เริ่มรั่วไหลออกไปสู่ คนนอกแล้ว
23-0966	sound_auth	And I have the evidence to prove it.	และผมมีหลักฐานมายืนยันเรื่องนี้ครับ
23-0967	sound_auth	And I have evidence to prove that.\nRight here, in this courtroom.	และผมมีหลักฐานมายืนยันเรื่องนี้ครับ\nอยู่ที่นี่ ในห้องพิจารณาคดีนี้เอง
23-0968	sound_auth	<color=ｍonologue>(The ADDC's secrets were leaked to an outsider.\nWhat evidence shows that?)</color>	<color=ｍonologue>((ความลับของ ADDC รั่วไหลไปถึงคนนอก\nมีหลักฐานอะไรที่ยืนยันเรื่องนี้ได้?))</color>
23-0969	sound_auth	The victim in this case, Shintani-sensei,\nwas inching ever closer to the truth.	เหยื่อในคดีนี้ อาจารย์ชินทานิ\nกำลังเข้าใกล้ความจริงเข้าไปทุกที
23-0970	sound_auth	The victim in this case, Shintani-sensei, came across a piece of info\nconnected to the top secret human experiments.	เหยื่อในคดีนี้ อาจารย์ชินทานิ ได้พบข้อมูลชิ้นหนึ่ง\nที่เชื่อมโยงกับ การทดลองในมนุษย์อันเป็นความลับ สุดยอด
23-0971	sound_auth	That's why he called the ADDC.\nIsn't that right, Ichinose-san?	นั่นจึงเป็นเหตุผลที่เขาโทรไปหา ADDC\nใช่ไหมครับ อิจิโนเสะซัง?
23-0972	sound_auth	That's why the ADDC appears in his call history.\nAm I wrong, Ichinose-san?	นั่นจึงเป็นเหตุผลที่ ADDC ปรากฏอยู่ในประวัติการโทรของเขา\nผมพูดผิดหรือครับ อิจิโนเสะซัง?
23-0973	sound_auth	Not long before his death, Shintani-sensei was told a secret by Captain\nHamura of the Matsugane Family. A secret that led him right to the ADDC.	ไม่นานก่อนเสียชีวิต อาจารย์ชินทานิได้รับรู้ความลับ\nจากกัปตันฮามุระแห่งตระกูลมัตสึกาเนะ ความลับที่นำเขาไปสู่ ADDC โดยตรง
23-0974	sound_auth	Shintani-sensei heard a secret, from a yakuza\nnamed Hamura of the Matsugane Family.	อาจารย์ชินทานิได้ยินความลับ มาจากยากูซ่า\nชื่อฮามุระแห่งตระกูลมัตสึกาเนะ
23-0975	sound_auth	<color=ｍonologue>(The secret Shintani heard\nfrom Hamura was...)</color>	<color=ｍonologue>((ความลับที่ชินทานิได้ยินมา\nจากฮามุระคือ...))</color>
23-0976	sound_auth	It was a secret about the death of Hashiki,\nthe former vice director of the ADDC.	มันคือความลับเกี่ยวกับการตาย ของฮาชิกิ\nอดีตรองผู้อำนวยการของ ADDC
23-0977	sound_auth	What Shintani-sensei heard was about the murder\nof Hashiki-san, the vice-director of the ADDC...?	สิ่งที่อาจารย์ชินทานิได้ยินคือ เรื่องการฆาตกรรมฮาชิกิซัง\nรองผู้อำนวยการของ ADDC...?
23-0978	sound_auth	At least, I think it was.	อย่างน้อยผมก็คิดว่างั้นนะ
23-0979	sound_auth	I think it was, at least.	ผมคิดว่างั้นนะ อย่างน้อยก็คิดว่างั้น
23-0980	sound_auth	<color=ｍonologue>(Wait, is that how it went?)</color>	<color=ｍonologue>((เดี๋ยวนะ มันเป็นแบบนั้นจริงเหรอ?))</color>
23-0981	sound_auth	<color=ｍonologue>(I messed up. I have to start from the beginning.)</color>	<color=ｍonologue>((พลาดไปแล้ว ต้องเริ่มใหม่ตั้งแต่ต้น))</color>
23-0982	sound_auth	Apologies.\nIf you'll allow me to start again.	ต้องขออภัยด้วยครับ\nขอเริ่มใหม่อีกครั้งนะครับ
23-0983	sound_auth	ADDC researchers were carrying out clinical trials behind closed\ndoors in order to speed up the development of AD-9.	นักวิจัยของ ADDC แอบทำการทดลองทางคลินิกลับหลัง\nเพื่อเร่งการพัฒนา AD-9 ให้เร็วขึ้น
23-0984	sound_auth	The ADDC was carrying out dangerous human experiments\nin order to complete AD-9.	ADDC ทำการทดลองอันตรายในมนุษย์\nเพื่อให้ AD-9 เสร็จสมบูรณ์
23-0985	sound_auth	However, whispers of that secret started to\nleak to outsiders.	แต่ทว่า เสียงกระซิบเรื่องความลับนั้น\nก็เริ่มรั่วไหลออกไปสู่คนนอก
23-0986	sound_auth	And I have evidence to prove that.\nRight here, in this very courtroom.	และผมมีหลักฐานมายืนยันเรื่องนี้ครับ\nอยู่ในห้องพิจารณาคดีแห่งนี้เองครับ
23-0987	sound_auth	This secret was about\nCaptain Hamura's own livelihood.	ความลับนี้เกี่ยวกับ\nปากท้องของกัปตันฮามุระเอง
23-0988	sound_auth	What Shintani-sensei heard from Hamura\nwas about his work for the Matsugane Family.	สิ่งที่อาจารย์ชินทานิได้ยินจากฮามุระ\nคือเรื่องงานที่เขาทำให้ ตระกูลมัตสึกาเนะ
23-0989	sound_auth	The truth of it was, the Matsugane Family,\na Tojo Clan subsidiary, was killing people for money.	ความจริงก็คือ ตระกูลมัตสึกาเนะซึ่งเป็นสาขา ของตระกูลโทโจ\nฆ่าคนเพื่อเงิน
23-0990	sound_auth	That the Matsugane Family, a Tojo Clan\nyakuza organization, was killing people for money.	ตระกูลมัตสึกาเนะ องค์กรยากูซ่าสาขาของตระกูลโทโจ\nฆ่าคนเพื่อเงินนั่นเอง
23-0991	sound_auth	Hm? I thought this was about the ADDC.	หืม? ผมนึกว่าเรื่องนี้เกี่ยวกับ ADDC เสียอีก
23-0992	sound_auth	Hm...? But... wasn't the secret Shintani-sensei learned\nsupposed to be about the ADDC?    	หืม...? แต่... ความลับที่อาจารย์ชินทานิรู้มา\nไม่ใช่เรื่องเกี่ยวกับ ADDC หรอกหรือครับ?    
23-0993	sound_auth	What you just said would be more pertinent\nto the Matsugane Family...	สิ่งที่คุณเพิ่งพูดไปน่าจะ เกี่ยวข้องกับ\nตระกูลมัตสึกาเนะมากกว่า...
23-0994	sound_auth	Unless it's your intention to\nindict the Matsugane Family?	หรือว่าคุณตั้งใจจะฟ้องร้อง\nตระกูลมัตสึกาเนะกันแน่?
23-0995	sound_auth	Wait, uh...	เอ่อ เดี๋ยวนะ...
23-0996	sound_auth	This secret was that the data published\nin the AD-9 research had been falsified.	ความลับนี้คือข้อมูลที่เผยแพร่\nในงานวิจัย AD-9 นั้นถูกปลอมแปลง
23-0997	sound_auth	What Shintani-sensei heard from Hamura\nwas that the data for AD-9 was falsified.	สิ่งที่อาจารย์ชินทานิได้ยินจากฮามุระ\nคือข้อมูลของ AD-9 ถูกปลอมแปลง
23-0998	sound_auth	What!? Really?	อะไรนะ!? จริงเหรอ?
23-0999	sound_auth	That's quite a bold assertion.\nDo you have any evidence that can prove it, though?	นั่นเป็นการกล่าวอ้างที่ ค่อนข้างกล้ามากนะครับ\nแต่คุณมีหลักฐานมายืนยันเรื่อง นี้ได้ไหม?
23-1000	sound_auth	AD-9's data was being falsified?\nWhat evidence proves that?	ข้อมูลของ AD-9 ถูกปลอมแปลงงั้นหรือ?\nมีหลักฐานอะไรมายืนยันเรื่องนี้ ได้บ้าง?
23-1001	sound_auth	This secret was that someone from the ADDC was connected\nto the serial murders taking place in Kamurocho.	ความลับนี้คือมีคนจาก ADDC\nพัวพันกับคดีฆาตกรรมต่อเนื่อง ที่เกิดขึ้นในคามุโรโจ
23-1002	sound_auth	What Shintani-sensei heard from Hamura... was that someone at the ADDC\nhad a connection to the serial murders in Kamurocho.	สิ่งที่อาจารย์ชินทานิได้ยินจากฮามุระ... คือมีคนใน ADDC\nพัวพันกับคดีฆาตกรรมต่อเนื่อง ในคามุโรโจ
23-1003	sound_auth	And so, Shintani-sensei called the Center\nand asked specifically for a researcher named Shono.	อาจารย์ชินทานิจึงโทรไปที่ศูนย์\nและขอสายนักวิจัยชื่อโชโนะโดยเฉพาะ
23-1004	sound_auth	And so, Shintani-sensei placed a call to the ADDC,\nand asked for a man named Shono.	อาจารย์ชินทานิจึงโทรไปที่ ADDC\nและขอสายชายที่ชื่อโชโนะ
23-1005	sound_auth	The man spearheading\nthe AD-9 human experiments.	ชายผู้อยู่เบื้องหลังการทดลอง\nAD-9 ในมนุษย์
23-1006	sound_auth	This Shono... is the one leading\nAD-9's human experiments.	โชโนะคนนี้แหละ... คือคนที่นำการทดลอง\nAD-9 ในมนุษย์
23-1007	sound_auth	Hm? What is this supposed to show...?	อืม? นี่มันจะแสดงให้เห็นอะไรกันแน่...?
23-1008	sound_auth	Were you not going to prove the victim was close to\ndiscovering the Center's secret?	ทนายไม่ได้จะพิสูจน์หรอกหรือว่าเหยื่อ\nใกล้จะค้นพบความลับของศูนย์แห่ง นี้แล้ว?
23-1009	sound_auth	I was, Your Honor. Just making sure you were paying\nattention.	ใช่ครับ ศาลที่เคารพ แค่ต้องการให้แน่ใจว่า\nทุกท่านยังตั้งใจฟังอยู่ครับ
23-1010	sound_auth	Yagami-san, come on...	ยากามิซัง ให้ตายเถอะ...
23-1011	sound_auth	Come on, Yagami-san...	ให้ตายเถอะ ยากามิซัง...
23-1012	sound_auth	I think this is it.	ผมว่าใช่อันนี้แหละ
23-1013	sound_auth	You... think? Are you absolutely certain?	คุณ... คิดว่า? แน่ใจจริง ๆ หรือครับ?
23-1014	sound_auth	You think...?\nIs the counsel... absolutely certain?	คุณคิดว่า...?\nทนายความ... แน่ใจจริง ๆ หรือ?
23-1015	sound_auth	Here. This piece of evidence is what first led us\nto look into the ADDC.	นี่ครับ หลักฐานชิ้นนี้แหละที่ทำให้เรา\nเริ่มสืบสวน ADDC ตั้งแต่แรก
23-1016	sound_auth	Please elaborate to the jury\nwhat exactly you mean by that.	กรุณาอธิบายให้คณะลูกขุนฟัง\nว่าคุณหมายความว่าอย่างไรกันแน่
23-1017	sound_auth	Counsel, please elaborate\non these implications.	ทนายความ กรุณาอธิบาย\nนัยของสิ่งนี้ด้วย
23-1018	sound_auth	On the day of his death, the victim, Shintani-sensei,\nmade a phone call to someone at the ADDC.	ในวันที่เขาเสียชีวิต เหยื่อ อาจารย์ชินทานิ\nได้โทรศัพท์ไปหาใครบางคนที่ ADDC
23-1019	sound_auth	That someone was a man named Shono.	คนคนนั้นคือชายที่ชื่อโชโนะ
23-1020	sound_auth	Shono-sensei is the lead researcher on AD-9, and is thought to be\nthe one responsible for the human experiments I mentioned earlier.	อาจารย์โชโนะคือนักวิจัยหลักของ AD-9\nและเชื่อว่าเป็นผู้รับผิดชอบ การทดลองในมนุษย์ที่ผม พูดถึงก่อนหน้านี้
23-1021	sound_auth	Enough of this nonsense!	พอกันทีกับเรื่องไร้สาระนี่!
23-1022	sound_auth	Human experimentation!?\nDon't be ridiculous!	การทดลองในมนุษย์งั้นหรือ!?\nอย่ามาพูดเหลวไหล!
23-1023	sound_auth	What kind of trial is being run here? How can he say\nwhatever he wants without a single piece of evidence?	นี่มันการพิจารณาคดีแบบไหนกัน? เขาพูดอะไรก็ได้\nโดยไม่มีหลักฐานสักชิ้นแบบนี้ เชียวหรือ?
23-1024	sound_auth	What kind of trial is this!?\nHe hasn't even presented credible proof!	นี่มันการพิจารณาคดีแบบไหนกัน!?\nเขายังไม่ได้แสดงหลักฐานที่ น่าเชื่อถือสักชิ้นเลย!
23-1025	sound_auth	Why doesn't the prosecution stop him!?	ทำไมอัยการไม่ห้ามเขาล่ะ!?
23-1026	sound_auth	Why doesn't the prosecution object!?	ทำไมอัยการไม่คัดค้านล่ะ!?
23-1027	sound_auth	Sorry, I was enjoying hearing\nwhat he had to say.	ขอโทษที ผมกำลังเพลิดเพลิน\nกับสิ่งที่เขาพูดอยู่น่ะ
23-1028	sound_auth	You must admit, it's entertaining.	คุณต้องยอมรับนะว่ามันสนุกดีเหมือนกัน
23-1029	sound_auth	Have you lost your mind?	คุณเสียสติไปแล้วหรือไง?
23-1030	sound_auth	What...? Have you lost your mind?	อะไรนะ...? คุณเสียสติไปแล้วหรือไง?
23-1031	sound_auth	Ichinose-san. I'm not finished\nwith my line of questioning.	อิจิโนเสะซัง ผมยังถามคำถาม\nไม่จบนะครับ
23-1032	sound_auth	Witness... I'm not finished with\nmy line of questioning.	พยาน... ผมยังถามคำถามไม่จบ\nนะครับ
23-1033	sound_auth	Actually, it's more of a confirmation\nthan a question.	ที่จริงมันเป็นการยืนยัน\nมากกว่าคำถามน่ะครับ
23-1034	sound_auth	Well, it's more of a confirmation\nthan a question.	เอาเป็นว่ามันเป็นการยืนยัน\nมากกว่าคำถามก็แล้วกันครับ
23-1035	sound_auth	<color=ｍonologue>(Time to go for the kill.)</color>	<color=ｍonologue>((ได้เวลาเก็บให้จบแล้ว))</color>
23-1036	sound_auth	Do you know who Shinpei Okubo is?	คุณรู้จักชินเป โอคุโบะไหมครับ?
23-1037	sound_auth	Yes. He's the murderer\nyou set free three years ago.	ใช่สิ เขาคือฆาตกรที่คุณ\nปล่อยตัวไปเมื่อสามปีก่อนไง
23-1038	sound_auth	Yes. He's the murderer you set free\nthree years ago.	ใช่สิ เขาคือฆาตกรที่คุณปล่อยตัวไป\nเมื่อสามปีก่อนไง
23-1039	sound_auth	I set him free, yes.\nBut he's not a murderer.	ผมปล่อยตัวเขาไปจริง\nแต่เขาไม่ใช่ฆาตกร
23-1040	sound_auth	No... He's no murderer.	ไม่... เขาไม่ใช่ฆาตกรครับ
23-1041	sound_auth	The one who actually killed\nWaku-san and Emi Terasawa...	คนที่ฆ่าวาคุซังกับเอมิ เทราซาวะ\nตัวจริงน่ะ...
23-1042	sound_auth	Three years ago, the one who actually killed\nWaku-san and Emi Terasawa...	เมื่อสามปีก่อน คนที่ฆ่าวาคุซัง\nกับเอมิ เทราซาวะตัวจริงน่ะ...
23-1043	sound_auth	...Was the same Shono\nI mentioned earlier.	...คือโชโนะคนเดียวกัน\nกับที่ผมพูดถึงก่อนหน้านี้แหละครับ
23-1044	sound_auth	This garbage again!?	เรื่องไร้สาระนี่อีกแล้วหรือ!?
23-1045	sound_auth	Don't act like you don't already know all of this.\nYou're just not coming clean.	อย่าทำเป็นไม่รู้เรื่องพวกนี้เลยครับ\nคุณแค่ไม่ยอมพูดความจริงต่างหาก
23-1046	sound_auth	Don't act like you don't already know all this.\nYou're just stalling.	อย่าทำเป็นไม่รู้เรื่องพวกนี้เลยครับ\nคุณแค่ถ่วงเวลาอยู่ต่างหาก
23-1047	sound_auth	Even though Okubo-kun's sitting on death row,\nwaiting for the day they decide it's his turn.	ทั้งที่โอคุโบะคุงยังนั่งอยู่ใน แดนประหาร\nรอวันที่พวกเขาจะเรียกชื่อเขา อยู่เลยนะครับ
23-1048	sound_auth	Okubo-kun's an innocent man on death row,\nwaiting to die.	โอคุโบะคุงเป็นผู้บริสุทธิ์ที่ ติดอยู่ในแดนประหาร\nรอวันตายอยู่นะครับ
23-1049	sound_auth	Enough. I was only asked here to explain to the jury\nabout AD-9 and the ADDC.	พอที ผมถูกเรียกมาที่นี่เพื่ออธิบาย ให้คณะลูกขุนฟัง\nเรื่อง AD-9 กับ ADDC เท่านั้น
23-1050	sound_auth	How dare you treat me like this!?	กล้าดียังไงมาทำกับผมแบบนี้!?
23-1051	sound_auth	You and Shono hired\nthe Mole to murder for you!	คุณกับโชโนะจ้างไส้ศึก\nให้ฆ่าคนแทนคุณ!
23-1052	sound_auth	You lied, murdered, and conspired for\nyour human experiments!	คุณโกหก ฆ่าคน และวางแผนสมรู้ร่วมคิด\nเพื่อการทดลองในมนุษย์ของคุณ!
23-1053	sound_auth	That was the only way you'd have "patients"\nfor your underground human experiments.	นั่นเป็นวิธีเดียวที่คุณจะได้ "คนไข้"\nมาใช้ในการทดลองใต้ดินของคุณ
23-1054	sound_auth	And because you thought you could... you and Shono\nhired the Mole to kidnap your victims.	และเพราะคุณคิดว่าทำได้... คุณกับโชโนะ\nจึงจ้างไส้ศึกให้ลักพาตัวเหยื่อของคุณ
23-1055	sound_auth	And all to protect the interests of AD-9.	ทั้งหมดก็เพื่อปกป้องผลประโยชน์ของ AD-9
23-1056	sound_auth	All to protect the interests of AD-9.	ทั้งหมดเพื่อปกป้องผลประโยชน์ของ AD-9 เท่านั้น
23-1057	sound_auth	You can't make these claims without proof!\nShow me your evidence!	คุณจะกล่าวอ้างแบบนี้โดยไม่มี หลักฐานไม่ได้!\nเอาหลักฐานมาให้ผมดู!
23-1058	sound_auth	Show me a shred of evidence that\nsupports these baseless claims!	เอาหลักฐานสักชิ้นมาให้ผมดูสิ\nที่สนับสนุนคำกล่าวอ้าง เลื่อนลอยพวกนี้!
23-1059	sound_auth	Just the other day...\nSomeone reached out to me over in Kamurocho.	เมื่อไม่กี่วันก่อนนี้เอง...\nมีคนติดต่อผมมาที่คามุโรโจครับ
23-1060	sound_auth	Just the other day... someone reached out to me\nover in Kamurocho.	เมื่อไม่กี่วันก่อนนี้เอง... มีคนติดต่อผมมา\nที่คามุโรโจครับ
23-1061	sound_auth	They wanted to entrust me with\na crucial piece of information.	พวกเขาอยากฝากข้อมูลสำคัญชิ้นหนึ่ง\nไว้กับผม
23-1062	sound_auth	They entrusted me with something...\na crucial piece of information.	พวกเขาฝากบางอย่างไว้กับผม...\nข้อมูลสำคัญชิ้นหนึ่ง
23-1063	sound_auth	This is the bullet found\nin Shintani-sensei's chest.	นี่คือกระสุนที่พบ\nในหน้าอกของอาจารย์ชินทานิครับ
23-1064	sound_auth	This is the bullet that was found\nin Shintani-sensei's body.	นี่คือกระสุนที่พบ\nในร่างของอาจารย์ชินทานิครับ
23-1065	sound_auth	Shintani-sensei was murdered because\nof what he knew about the human experiments.	อาจารย์ชินทานิถูกฆาตกรรมเพราะ สิ่งที่เขารู้\nเกี่ยวกับการทดลองในมนุษย์ครับ
23-1066	sound_auth	Shintani-sensei was murdered because he knew too much.\nHe knew vital information, with the power to reveal the human experiments.	อาจารย์ชินทานิถูกฆาตกรรมเพราะ รู้มากเกินไป\nเขารู้ข้อมูลสำคัญที่เปิดโปง การทดลองในมนุษย์ได้
23-1067	sound_auth	<color=ｍonologue>(That piece of information was...)</color>	<color=ｍonologue>((ข้อมูลชิ้นนั้นคือ...))</color>
23-1068	sound_auth	He knew all about the serial murders\ntaking place in Kamurocho...	เขารู้เรื่องคดีฆาตกรรมต่อเนื่อง\nที่เกิดขึ้นในคามุโรโจทั้งหมด...
23-1069	sound_auth	Shintani-sensei knew about the serial murders\ngoing on in Kamurocho...	อาจารย์ชินทานิรู้เรื่องคดี ฆาตกรรมต่อเนื่อง\nที่เกิดขึ้นในคามุโรโจ...
23-1070	sound_auth	And that someone at the ADDC\nwas deeply involved.	และมีคนที่ ADDC\nเข้าไปพัวพันอย่างลึกซึ้งด้วย
23-1071	sound_auth	...And that someone at the ADDC\nwas involved.	...และมีคนที่ ADDC\nเข้าไปพัวพันด้วย
23-1072	sound_auth	And so, Shintani-sensei\nhad to be silenced.	อาจารย์ชินทานิจึงต้อง\nถูกปิดปาก
23-1073	sound_auth	And when the ADDC found out about that,\nthey silenced Shintani-sensei.	และเมื่อ ADDC รู้เรื่องนี้เข้า\nพวกเขาก็ปิดปากอาจารย์ชินทานิ
23-1074	sound_auth	You need some evidence if you're going to accuse\nthe ADDC of murdering Shintani-sensei.	ถ้าจะกล่าวหาว่า ADDC ฆ่าอาจารย์ชินทานิ\nคุณต้องมีหลักฐานมายืนยันนะครับ
23-1075	sound_auth	If you believe the ADDC is culpable for Shintani-sensei's death,\nyou'll need some evidence to back that up.	ถ้าคุณเชื่อว่า ADDC ต้องรับผิดชอบต่อการตายของ อาจารย์ชินทานิ\nคุณก็ต้องมีหลักฐานมายืนยัน เรื่องนี้ครับ
23-1076	sound_auth	And from the way you're grasping at straws,\nit doesn't sound like you have it.	และดูจากท่าทางที่คุณกำลัง จนตรอกอยู่นี่\nฟังดูแล้วคุณคงไม่มีหลักฐานหรอกนะครับ
23-1077	sound_auth	From what you've been saying,\nI don't think you have that.	จากที่คุณพูดมาทั้งหมด\nผมว่าคุณคงไม่มีหลักฐานนั้นหรอกนะครับ
23-1078	sound_auth	Oh... right.	อ้อ... จริงด้วยครับ
23-1079	sound_auth	Huh? Really?	หืม จริงเหรอ
23-1080	sound_auth	This is a photo of Shintani-sensei's corpse.	นี่คือภาพถ่ายศพของอาจารย์ชินทานิครับ
23-1081	sound_auth	The Mole murdered him to keep the information\nhe knew from getting out.	ไส้ศึกฆ่าเขาเพื่อไม่ให้ข้อมูล\nที่เขารู้หลุดออกไป
23-1082	sound_auth	Shintani-sensei learned some information about the human experiments.\nSo the Mole killed him, and gouged his eyes out.	อาจารย์ชินทานิรู้ข้อมูล บางอย่างเกี่ยวกับ การทดลองในมนุษย์\nไส้ศึกจึงฆ่าเขาแล้วควักลูกตาเขาออกมา
23-1083	sound_auth	This is the bullet extracted\nfrom Shintani-sensei's chest.	นี่คือกระสุนที่คว้านออกมา\nจากหน้าอกของอาจารย์ชินทานิครับ
23-1084	sound_auth	This is the bullet that was extracted\nfrom Shintani-sensei's body.	นี่คือกระสุนที่คว้านออกมา\nจากร่างของอาจารย์ชินทานิครับ
23-1085	sound_auth	The rifling marks confirm it was fired\nfrom Detective Ayabe's handgun.	รอยเกลียวลำกล้องยืนยันว่า กระสุนนี้ยิงออกมา\nจากปืนพกของนักสืบอายาเบะครับ
23-1086	sound_auth	Based on the rifling marks, it was indeed fired\nfrom the gun of the defendant, Detective Ayabe.	จากรอยเกลียวลำกล้อง ยืนยันได้ว่ากระสุนนี้ยิงออกมา\nจากปืนของจำเลย นักสืบอายาเบะ จริง ๆ ครับ
23-1087	sound_auth	As for how that connects to Shintani-sensei's\nknowledge of the experiments... Well... Um...	ส่วนเรื่องที่ว่ามันเชื่อมโยง กับสิ่งที่อาจารย์ชินทานิ\nรู้เกี่ยวกับการทดลองยังไง... เอ่อ... นั่นก็...
23-1088	sound_auth	You may well ask: how do the rifling marks connect to\nthe victim's knowledge of human experiments...? Uh... good question.	คุณอาจจะสงสัยว่ารอยเกลียว ลำกล้องเชื่อมโยงกับสิ่งที่ เหยื่อ\nรู้เกี่ยวกับการทดลองในมนุษย์ได้ยังไง...? เอ่อ... คำถามที่ดีมากครับ
23-1089	sound_auth	Consider the research paper on AD-9,\nthe dream drug said to be a cure for dementia.	ลองนึกถึงงานวิจัยเรื่อง AD-9\nยาในฝันที่ว่ากันว่ารักษา ภาวะสมองเสื่อมได้ครับ
23-1090	sound_auth	The announcement of a supposed cure for Alzheimer's...\nThe research paper on AD-9.	การประกาศว่าพบยารักษาโรค อัลไซเมอร์แล้ว...\nนั่นก็คืองานวิจัยเรื่อง AD-9
23-1091	sound_auth	Dr. Kido of the ADDC presented\nthese findings to the world.	ดร.คิโดะแห่ง ADDC เป็นผู้เปิดเผย\nผลการวิจัยนี้ต่อโลกครับ
23-1092	sound_auth	Dr. Kido of the ADDC presented\nthis paper to the world.	ดร.คิโดะแห่ง ADDC เป็นผู้เปิดเผย\nงานวิจัยชิ้นนี้ต่อโลกครับ
23-1093	sound_auth	As for how that connects to Shintani-sensei's knowledge\nof the experiments... Well... It uh...	ส่วนเรื่องที่มันเชื่อมโยงกับ สิ่งที่อาจารย์ชินทานิรู้\nเกี่ยวกับการทดลองยังไง... เอ่อ... มันก็...
23-1094	sound_auth	Perhaps you're wondering, how does this paper connect to\nthe victim's knowledge of human experiments...? Uh... How <font_kind=yakuza_italic>do</font_kind> they?	คุณอาจจะสงสัยว่างานวิจัยชิ้น นี้เชื่อมโยงกับสิ่งที่เหยื่อ\nรู้เกี่ยวกับการทดลองในมนุษย์ได้ยังไง...? เอ่อ... มันเชื่อมโยงกัน<font_kind=yakuza_italic>ยังไง</font_kind>กันแน่?
23-1095	sound_auth	Your Honor.\nI offer the data I received into evidence.	ศาลที่เคารพครับ\nผมขอนำข้อมูลที่ได้รับมายื่น เป็นหลักฐาน
23-1096	sound_auth	Your Honor. I offer the data\nI received into evidence.	ศาลที่เคารพครับ ผมขอนำข้อมูล\nที่ได้รับมายื่นเป็นหลักฐาน
23-1097	sound_auth	<color=ｍonologue>(Wait, was this it?)</color>	<color=ｍonologue>((เดี๋ยวนะ ใช่อันนี้จริงเหรอ?))</color>
23-1098	sound_auth	Take a listen to this.	ลองฟังอันนี้ดูสิครับ
23-1099	sound_auth	Did you tell someone about Shono?	คุณไปบอกใครเรื่องโชโนะหรือเปล่า?
23-1100	sound_auth	That lawyer, Shintani.\nWord has it he just called the ADDC.	ทนายคนนั้น ชินทานิ\nมีข่าวว่าเพิ่งโทรไปหา ADDC
23-1101	sound_auth	That lawyer, Shintani. Word has it\nhe just called the ADDC.	ทนายคนนั้น ชินทานิ มีข่าวว่า\nเพิ่งโทรไปหา ADDC
23-1102	sound_auth	Well, uh... yeah I might've\nsaid something. But it's fine.	เอ่อ... ก็อาจจะพูดอะไรไปบ้าง\nแต่ไม่มีปัญหาหรอกน่า
23-1103	sound_auth	Well, uh... I might've said something.\nBut Shintani's no threat.	เอ่อ... อาจจะพูดอะไรไปบ้าง\nแต่ชินทานิไม่ใช่ภัยอะไรหรอกน่า
23-1104	sound_auth	Shintani'll keep quiet if I tell him to.	แค่บอกให้ชินทานิเงียบ มันก็เงียบเองแหละ
23-1105	sound_auth	He'll keep quiet if I tell him to.	บอกให้เงียบ มันก็เงียบเองแหละ
23-1106	sound_auth	How can you be so naive!?\nThis is unacceptable!	คุณจะไร้เดียงสาได้ขนาดนี้เลยหรือ!?\nนี่มันยอมรับไม่ได้เลยนะ!
23-1107	sound_auth	You must deal with this, Hamura-san.\nImmediately.	คุณต้องจัดการเรื่องนี้ ฮามุระซัง\nเดี๋ยวนี้
23-1108	sound_auth	This is your mess to clean up.	นี่คือเรื่องที่คุณต้องเก็บกวาดเอง
23-1109	sound_auth	Do what needs to be done.\nHave Kuroiwa-san handle the dirty details.	ทำในสิ่งที่ต้องทำซะ\nให้คุโรอิวะซังจัดการเรื่องสกปรกให้
23-1110	sound_auth	Hamura-san. Do what needs to be done.\nHave Kuroiwa-san handle the dirty details.	ฮามุระซัง ทำในสิ่งที่ต้องทำซะ\nให้คุโรอิวะซังจัดการเรื่องสกปรกให้
23-1111	sound_auth	It'll cost you another hundred mil.	งั้นก็ต้องเพิ่มเงินอีกร้อยล้านนะ
23-1112	sound_auth	This mistake was yours and yours alone.\nDon't anger me further.	ความผิดพลาดนี้เป็นของคุณ คนเดียวเท่านั้น\nอย่าทำให้ผมโมโหไปกว่านี้
23-1113	sound_auth	This mistake was <font_kind=yakuza_italic>yours</font_kind> and yours alone.\nFix it, and don't anger me further.	ความผิดพลาดนี้เป็นของ<font_kind=yakuza_italic>คุณ</font_kind> คนเดียวเท่านั้น\nแก้ไขซะ แล้วอย่าทำให้ผมโมโหไปกว่านี้
23-1114	sound_auth	It's Yagami. I'm almost back in the city.\nAny idea where Kuroiwa is?	ยากามิเองครับ ผมใกล้จะถึงตัวเมืองแล้ว\nรู้ไหมว่าคุโรอิวะอยู่ที่ไหน?
23-1115	sound_auth	It's me. I'm almost back in Kamurocho.\nMafuyu... any idea where Kuroiwa is?	ผมเอง ใกล้จะถึงคามุโรโจแล้ว\nมาฟุยุ... รู้ไหมว่าคุโรอิวะอยู่ที่ไหน?
23-1116	sound_auth	Not yet. We're having trouble\ngetting in touch with him.	ยังเลยค่ะ ตอนนี้ติดต่อ\nเขาไม่ได้เลย
23-1117	sound_auth	Don't know yet.\nI can't reach him...	ยังไม่รู้เลยค่ะ\nติดต่อเขาไม่ได้เลย...
23-1118	sound_auth	Oh, and... I'm not sure if this is related,\nbut there's been a shooting in Theater Square.	อ้อ แล้วก็... ไม่แน่ใจว่าเกี่ยวกันไหม\nแต่มีเหตุยิงกันที่เธียเตอร์สแควร์ค่ะ
23-1119	sound_auth	I wonder if Kuroiwa is involved somehow...	ไม่รู้ว่าคุโรอิวะจะเกี่ยวข้อง ด้วยหรือเปล่า...
23-1120	sound_auth	Yes. I wonder if Kuroiwa\nis involved somehow...	ใช่ค่ะ ไม่รู้ว่าคุโรอิวะ\nจะเกี่ยวข้องด้วยหรือเปล่า...
23-1121	sound_auth	(I need to head to Theater Square.)	(ต้องรีบไปเธียเตอร์สแควร์แล้ว)
23-1122	sound_auth	Kaito-san and Higashi-san'll be okay!\nWe've gotta get after Kuroiwa!	ไคโตะซังกับฮิงาชิซังต้อง ไม่เป็นไรแน่ครับ!\nเราต้องรีบตามล่าคุโรอิวะ!
23-1123	sound_auth	That bastard...\nThere's nothing he won't do.	ไอ้เวรนั่น...\nมันทำได้ทุกอย่างจริง ๆ
23-1124	sound_auth	That goddamn Kuroiwa...\nThere's nothing he won't do.	ไอ้คุโรอิวะบ้านั่น...\nมันทำได้ทุกอย่างจริง ๆ
23-1125	sound_auth	Dammit, the door's not opening!\nIt's locked!	บ้าเอ๊ย ประตูไม่เปิดเลยครับ!\nมันล็อกอยู่!
23-1126	sound_auth	Locked...?	ล็อกอยู่งั้นเหรอ...?
23-1127	sound_auth	Hm. When I was here with Emi-chan...	อืม ตอนที่ผมมาที่นี่กับเอมิจัง...
23-1128	sound_auth	I remember when I was here\nwith Emi-chan...	ผมจำได้ว่าตอนมาที่นี่\nกับเอมิจัง...
23-1129	sound_auth	That's the research wing where they\ndevelop all our new drugs.	ตรงนั้นคือปีกวิจัยที่พวกเรา\nพัฒนายาตัวใหม่ ๆ กันน่ะ
23-1130	sound_auth	That's the research wing\nwhere they develop all our new drugs.	ตรงนั้นคือปีกวิจัย\nที่พวกเราพัฒนายาตัวใหม่ ๆ กันน่ะ
23-1131	sound_auth	You can't get in without\na gold keycard, though.	แต่เข้าไปไม่ได้หรอกนะ\nถ้าไม่มีคีย์การ์ดสีทอง
23-1132	sound_auth	We need a gold keycard!\nLet's find one!	เราต้องมีคีย์การ์ดสีทอง!\nไปหามาให้เจอกัน!
23-1133	sound_auth	Security system activated.	ระบบรักษาความปลอดภัยเริ่มทำงาน
23-1134	sound_auth	An emergency situation has occurred.\nActivating security system.	เกิดสถานการณ์ฉุกเฉินขึ้น\nกำลังเปิดใช้งานระบบรักษาความปลอดภัย
23-1135	sound_auth	Three minutes to full lockdown. 	อีกสามนาทีจะล็อกดาวน์เต็มรูปแบบ 
23-1136	sound_auth	Security measures are now activating.\nThree minutes until total gate lockdown.	มาตรการรักษาความปลอดภัยกำลัง เริ่มทำงาน\nอีกสามนาทีประตูจะล็อกดาวน์ทั้งหมด
23-1137	sound_auth	Two minutes to full lockdown.	อีกสองนาทีจะล็อกดาวน์เต็มรูปแบบ
23-1138	sound_auth	Security activation in progress.\nTwo minutes until gate lockdown.	กำลังเปิดใช้งานระบบรักษาความปลอดภัย\nอีกสองนาทีประตูจะล็อกดาวน์
23-1139	sound_auth	One minute to full lockdown.	อีกหนึ่งนาทีจะล็อกดาวน์เต็มรูปแบบ
23-1140	sound_auth	Security activation in progress.\nOne minute until gate lockdown.	กำลังเปิดใช้งานระบบรักษาความปลอดภัย\nอีกหนึ่งนาทีประตูจะล็อกดาวน์
23-1141	sound_auth	Lockdown engaged.	ล็อกดาวน์เรียบร้อยแล้ว
23-1142	sound_auth	Locking gate.	กำลังล็อกประตู
23-1143	sound_auth	(What!? Seriously!? I gotta hurry!)	(อะไรกัน!? เอาจริงดิ!? ต้องรีบแล้ว!)
23-1144	sound_auth	We're lookin' for a gold one, right?\nDammit, this one's not what we want.	เรากำลังหาใบสีทองใช่ไหมครับ?\nบ้าเอ๊ย อันนี้ไม่ใช่ที่เราต้องการ
23-1145	sound_auth	<color=ｍonologue>(It's a police baton. I don't think I could\nget the gate down with this.)</color>	<color=ｍonologue>((นี่มันกระบองตำรวจ คงเปิด\nประตูนี้ด้วยของแบบนี้ไม่ได้หรอก))</color>
23-1146	sound_auth	<color=ｍonologue>(Must've been a quick death.\nKuroiwa, that bastard...)</color>	<color=ｍonologue>((ตายไวจริง ๆ\nไอ้คุโรอิวะเวรนั่น...))</color>
23-1147	sound_auth	<color=ｍonologue>(The cervical spine is broken.\nDeath had to have been instant.)</color>	<color=ｍonologue>((กระดูกคอหักไปแล้ว\nต้องตายทันทีแน่ ๆ))</color>
23-1148	sound_auth	<color=ｍonologue>(Hm...)</color>	<color=ｍonologue>((อืม...))</color>
23-1149	sound_auth	<color=ｍonologue>(A gold keycard! This is it!\nThis'll open the gate to the research wing!)</color>	<color=ｍonologue>((คีย์การ์ดสีทอง! นี่แหละ!\nอันนี้จะเปิดประตูปีกวิจัยได้!))</color>
23-1150	sound_auth	<color=ｍonologue>(This is just a regular key.\nGuess he doesn't have a keycard.)</color>	<color=ｍonologue>((นี่มันแค่กุญแจธรรมดา\nสงสัยเขาไม่มีคีย์การ์ดสินะ))</color>
23-1151	sound_auth	<color=ｍonologue>(Nope, just a watch.)</color>	<color=ｍonologue>((เปล่า แค่นาฬิกาเฉย ๆ))</color>
23-1152	sound_auth	Sorry buddy, I need to borrow this for a bit.	ขอโทษนะเพื่อน ขอยืมอันนี้แป๊บนึง
23-1153	sound_auth	Sorry, man.	ขอโทษนะ
23-1154	sound_auth	I found one!\nWe can get through the gate!	เจอแล้ว!\nเราผ่านประตูไปได้แล้ว!
23-1155	sound_auth	I found one!\nWe can get through.	เจอแล้ว!\nเราผ่านไปได้แล้ว!
23-1156	sound_auth	Look, on the skyway!	ดูสิครับ บนทางเดินลอยฟ้านั่น!
23-1157	sound_auth	Look out there!	ดูตรงนั้นสิครับ!
23-1158	sound_auth	That bastard's murdering them!	ไอ้เวรนั่นกำลังฆ่าพวกเขาอยู่!
23-1159	sound_auth	He straight up shot them!	มันยิงพวกเขาซึ่ง ๆ หน้าเลย!
23-1160	sound_auth	We've gotta put an end to this!	ต้องยุติเรื่องนี้ให้ได้!
23-1161	sound_auth	Dammit, let's get after him!	บ้าเอ๊ย ตามมันไปเลย!
23-1162	sound_auth	Good to see you again, detective!	ดีใจจังที่ได้เจอกันอีก นักสืบ!
23-1163	sound_auth	You're, uh... Mashiko, right?	คุณคือ... เอ่อ... มาชิโกะใช่ไหม?
23-1164	sound_auth	Mashiko-san, wasn't it?	มาชิโกะซังใช่ไหมนะ?
23-1165	sound_auth	You little shit!	ไอ้เวรเอ๊ย!
23-1166	sound_auth	You little shit...!	ไอ้เด็กระยำ...!
23-1167	sound_auth	You again? Just keep drawing\nthe short straw, huh?	มึงอีกแล้วเหรอวะ? โชคร้ายซ้ำซากจริง ๆ\nไม่เบื่อบ้างไหมมึง?
23-1168	sound_auth	Man, you're goin' up against us again?\nYou just keep getting the short straw, huh?	เฮ้ย มึงจะมาสู้กับพวกกูอีกแล้วเหรอ?\nโชคร้ายซ้ำซากจริง ๆ เลยนะมึง
23-1169	sound_auth	Don't give me your snark, punk!\nYou're done for!	อย่ามาพูดจาถากถางใส่กู ไอ้เด็กเวร!\nแกจบเห่แน่!
23-1170	sound_auth	I dunno how long I can keep doing this...\nBut we can't stop. Not now.	ผมก็ไม่รู้เหมือนกันว่าจะไหวไป ได้อีกนานแค่ไหน...\nแต่ตอนนี้หยุดไม่ได้หรอกครับ
23-1171	sound_auth	I dunno how long I can keep doing this...\nBut we can't stop now.	ผมก็ไม่รู้เหมือนกันว่าจะไหวไป ได้อีกนานแค่ไหน...\nแต่ตอนนี้หยุดไม่ได้แล้วล่ะครับ
23-1172	sound_auth	Yagami-san! What's wrong!?	ยากามิซัง! เป็นอะไรไปครับ!?
23-1173	sound_auth	Whoa... you okay?	เฮ้ย... ไม่เป็นไรใช่ไหมครับ?
23-1174	sound_auth	Just... a little dizzy...	แค่... เวียนหัวนิดหน่อยน่ะ...
23-1175	sound_auth	I'm just... a little dizzy...	ผมแค่... เวียนหัวนิดหน่อยน่ะ...
23-1176	sound_auth	Are you okay, Yagami-san?\nYou're, uh... You're kinda bleeding a lot.	ไม่เป็นไรใช่ไหมครับ ยากามิซัง?\nคุณ เอ่อ... เลือดออกเยอะเลยนะครับนั่น
23-1177	sound_auth	Are you okay, Yagami-san?\nYou're, uh... kinda bleeding a lot.	ไม่เป็นไรใช่ไหมครับ ยากามิซัง?\nคุณ เอ่อ... เลือดออกเยอะเลยนะครับ
23-1178	sound_auth	Dunno. I'm not seeing the light at the end\nof the tunnel just yet, though.	ไม่รู้สิ แต่ผมยังไม่เห็นแสงสว่าง\nที่ปลายอุโมงค์หรอกนะ
23-1179	sound_auth	Dunno...\nBut I'm not going into the light yet.	ไม่รู้สิ...\nแต่ผมยังไม่ไปสู่แสงสว่างหรอกนะ
23-1180	sound_auth	Heh, maybe you're better than you look.\nC'mon, let's go.	ฮึ อาจจะแข็งแกร่งกว่าที่เห็นก็ได้นะครับ\nไปกันเถอะ
23-1181	sound_auth	Wh-What the...!?	อ-อะไรกัน...!?
23-1182	sound_auth	G-Gah! What the...!?	อ-อ๊าก! อะไรกัน...!?
23-1183	sound_auth	Why is there a body in here...?	ทำไมมีศพอยู่ในนี้...?
23-1184	sound_auth	A... body...? Why is it here...?	ศ-ศพเหรอ...? ทำไมถึงอยู่ตรงนี้...?
23-1185	sound_auth	This can't be happening...	เรื่องแบบนี้มันเกิดขึ้นจริงไม่ได้...
23-1186	sound_auth	This... can't be happening...	นี่มัน...มันเกิดขึ้นจริงไม่ได้...
23-1187	sound_auth	Is this some kinda sick joke?\nWho would do something like this...?	นี่มันเรื่องตลกร้ายอะไรกันวะ?\nใครกันจะทำเรื่องแบบนี้...?
23-1188	sound_auth	The cops'll definitely think I did it...\nNobody's gonna believe me!	ตำรวจต้องคิดว่าผมเป็นคนทำแน่ๆ...\nไม่มีใครเชื่อผมหรอก!
23-1189	sound_auth	The cops'll think I did this for sure...\nNobody's gonna believe me!	ตำรวจต้องคิดว่าผมเป็นคนทำแน่ๆ...\nไม่มีใครยอมเชื่อผมหรอก!
23-1190	sound_auth	You're, uh...\nnot looking so hot, man.	ยากามิซัง เอ่อ...\nดูท่าทางไม่ค่อยดีเลยนะครับ
23-1191	sound_auth	Criminal suits are a constant test\nof your conviction. Your sense of justice.	คดีอาญาคือบททดสอบความเชื่อมั่น\nและสำนึกแห่งความยุติธรรมในตัว คุณอยู่เสมอ
23-1192	sound_auth	This is the right floor, yeah?\nThe skyway'll take us to the research wing.	ชั้นนี้ถูกแล้วใช่ไหม?\nทางเดินลอยฟ้าจะพาเราไปที่ปีกวิจัยได้
23-1193	sound_auth	But you're still going to plead innocent, yes?\nEven though Okubo-san is the one who'll suffer for it?	แต่คุณก็ยังจะยืนกรานให้การว่า บริสุทธิ์อยู่ดีใช่ไหมคะ?\nทั้งที่คุณโอคุโบะเองต่างหากที่ ต้องรับเคราะห์?
23-1194	sound_auth	O-Oh, really?	อ๋อ- จริงเหรอคะ?
23-1195	sound_auth	Apparently a "smart" lawyer would never even consider\nan innocent plea in this case.	ได้ยินมาว่าทนายที่ "ฉลาด" คงไม่มีทางคิดสู้คดีนี้\nด้วยการให้การว่าบริสุทธิ์หรอกครับ
23-1196	sound_auth	Guess it's a good thing that I'm not so smart, then...\nbecause I honestly believe I can win.	งั้นก็คงเป็นเรื่องดีที่ผม ไม่ค่อยฉลาดสินะครับ...\nเพราะผมเชื่อจริงๆ ว่าผมชนะคดีนี้ได้
23-1197	sound_auth	Please, Yagami-san.\nYou need to help Okubo-kun.	ได้โปรดเถอะค่ะ ยากามิซัง\nคุณต้องช่วยโอคุโบะคุงด้วยนะคะ
23-1198	sound_auth	You need to help Okubo-kun, Yagami-san.	คุณต้องช่วยโอคุโบะคุงด้วยนะคะ ยากามิซัง
23-1199	sound_auth	...And my brother, too.\nHe's stubborn, but he means well.	...แล้วก็น้องชายของดิฉันด้วยค่ะ\nเขาดื้อไปหน่อย แต่ก็เป็นเด็กที่ใจดีนะคะ
23-1200	sound_auth	And... my brother, too.\nHe's stubborn, but he means well.	แล้วก็...น้องชายของดิฉันด้วยค่ะ\nเขาดื้อไปหน่อย แต่ก็เป็นเด็กที่ใจดีนะคะ
23-1201	sound_auth	Just now, I...\nI heard Emi talking to me.	เมื่อกี้ผม...\nได้ยินเสียงเอมิพูดกับผมครับ
23-1202	sound_auth	It felt too real to just be my imagination.\nDid you notice anything?	มันสมจริงเกินกว่าจะเป็นแค่ จินตนาการของผม\nคุณสังเกตเห็นอะไรบ้างไหมครับ?
23-1203	sound_auth	I can tell you all about it later.\nWe've got work to do.	เดี๋ยวผมค่อยเล่าให้ฟังทีหลังนะ\nตอนนี้เรามีงานต้องทำก่อน
23-1204	sound_auth	Yeah, but... Let's save that for now.\nWe've got work to do.	ครับ แต่...\nไว้ค่อยว่ากันทีหลังนะ ตอนนี้เรามีงานต้องทำก่อน
23-1205	sound_auth	It's time we stop Kuroiwa\nonce and for all.	ได้เวลาที่เราจะหยุดคุโรอิวะ\nให้เด็ดขาดสักที
23-1206	sound_auth	Come on.\nWe're going to stop Kuroiwa.	ไปกันเถอะ\nเราจะไปหยุดคุโรอิวะกัน
23-1207	sound_auth	Right. ...Huh. Whatever that fog over you was,\nit looks like it's cleared.	ครับ... เอ๊ะ ไม่ว่าหมอกที่คลุมคุณอยู่จะเป็น อะไรก็ตาม\nดูเหมือนมันจะจางไปแล้วนะครับ
23-1208	sound_auth	Right.\nYou feeling better then?	ครับ\nรู้สึกดีขึ้นแล้วใช่ไหมครับ?
23-1209	sound_auth	Use the keycard.\nY'know, the gold one.	ใช้คีย์การ์ดสิ\nอันสีทองน่ะ
23-1210	sound_auth	Hey! Hey you!	นี่! นี่แก!
23-1211	sound_auth	It's high time you pay\nall the rent you owe!	ได้เวลาที่แกต้องจ่าย\nค่าเช่าที่ค้างทั้งหมดแล้วนะ!
23-1212	sound_auth	I just need a little longer, okay?	ขอเวลาอีกนิดได้ไหมครับ?
23-1213	sound_auth	Just one more week!	แค่อีกอาทิตย์เดียวเท่านั้น!
23-1214	sound_auth	Another week!?\nI am done warning you!	อีกอาทิตย์!?\nฉันเตือนแกมาพอแล้วนะ!
23-1215	sound_auth	Yes, I assure you!	ครับ ผมรับรองได้เลย!
23-1216	sound_auth	It better be!\nBye for now, then!	ได้ผลจริงๆ นะ!\nไปล่ะ แค่นี้ก่อน!
23-1217	sound_auth	Whew, that was close.	ฮู่ เกือบไปแล้ว
23-1218	sound_auth	Got it. I'll be right there.	รับทราบครับ เดี๋ยวไปเดี๋ยวนี้เลย
23-1219	sound_auth	A-Aniki! U-Um...\nHelp me out here...	อ-อานิกิ! เอ่อ...\nช่วยผมด้วยครับ...
23-1220	sound_auth	A-Aniki! U-Um...\nIt's them again...	อ-อานิกิ! เอ่อ...\nพวกมันอีกแล้วครับ...
23-1221	sound_auth	The fuck are you?	มึงเป็นใครวะ?
23-1222	sound_auth	Who the hell are you!?	พวกแกมันใครกันวะ!?
23-1223	sound_auth	Get lost, pal!	ไสหัวไปซะ ไอ้หนู!
23-1224	sound_auth	Get lost!	ไปให้พ้น!
23-1225	sound_auth	He's out of our league, man...	หมอนี่เกินมือเราว่ะ...
23-1226	sound_auth	This guy's a beast...	ไอ้นี่มันปีศาจชัดๆ...
23-1227	sound_auth	Tch, let's move!	เชอะ ไปกันเถอะ!
23-1228	sound_auth	Tch, let's go!	เชอะ ไปกันเว้ย!
23-1229	sound_auth	Thank you so much, aniki!	ขอบคุณมากครับ อานิกิ!
23-1230	sound_auth	Anytime.	ยินดีเสมอ
23-1231	sound_auth	(He watches out for his boys.\nHe's not all bad.)	(เขาคอยดูแลลูกน้องเสมอ\nเขาก็ไม่ได้เลวร้ายไปซะทั้งหมด)
23-1232	sound_auth	Hey! Watch it!	เฮ้! ระวังหน่อยสิ!
23-1233	sound_auth	Ow! Be careful!	โอ๊ย! ระวังหน่อยได้ไหม!
23-1234	sound_auth	I'm so sorry!	ขอโทษจริงๆนะ!
23-1235	sound_auth	I-I'm sorry!	ข-ขอโทษครับ!
23-1236	sound_auth	(Oh, nice. One disappeared.)	(โอ้ เยี่ยม หายไปหนึ่งคนแล้ว)
23-1237	sound_auth	(Oh, another one left...\nEventually it'll be just Higashi, I suppose.)	(โอ้ อีกคนออกไปแล้วสินะ...\nเดี๋ยวก็คงเหลือแค่ฮิงาชิ คนเดียวแหละมั้ง)
23-1238	sound_auth	Hey, how about a few drinks tonight?	นี่ คืนนี้ไปดื่มกันหน่อยไหม?
23-1239	sound_auth	Would you like to come play?	สนใจมาเที่ยวเล่นด้วยกันไหม?
23-1240	sound_auth	N-No, I'm in a hurry...	ไ-ไม่ล่ะครับ ผมกำลังรีบอยู่...
23-1241	sound_auth	N-No, I'm in a hurry, so...	ไ-ไม่ล่ะครับ ผมกำลังรีบอยู่น่ะ...
23-1242	sound_auth	I understand.\nI'll be right there!	เข้าใจแล้วครับ\nเดี๋ยวไปทันทีเลย!
23-1243	sound_auth	Yes, I understand.\nI'll get over there immediately!	ครับ เข้าใจแล้ว\nจะรีบไปที่นั่นทันทีเลยครับ!
23-1244	sound_auth	You know... I've been meaning to tell you\nthis for a little while, and...	จริงๆ แล้ว...ฉันตั้งใจจะบอกคุณ\nเรื่องนี้มาสักพักแล้วค่ะ แล้วก็...
23-1245	sound_auth	There's something I've been\nmeaning to tell you.	มีเรื่องหนึ่งที่ฉันตั้งใจ\nจะบอกคุณค่ะ
23-1246	sound_auth	I realized just how important you've been...\nthis whole time to me.	ฉันเพิ่งรู้ตัวว่าคุณสำคัญกับ ฉันแค่ไหน...\nมาตลอดเวลาที่ผ่านมาค่ะ
23-1247	sound_auth	You know, the more I spend\ntime with you...	คือว่า ยิ่งฉันได้ใช้เวลา\nอยู่กับคุณมากเท่าไหร่...
23-1248	sound_auth	We've been through so much. It feels like...\nWe've known each other for such a long time now.	เราผ่านอะไรมาด้วยกันเยอะมาก รู้สึกเหมือนว่า...\nเรารู้จักกันมานานแสนนานแล้วค่ะ
23-1249	sound_auth	The more I realize how\nimportant you are to me.	ฉันก็ยิ่งรู้ตัวว่าคุณสำคัญ\nกับฉันแค่ไหนค่ะ
23-1250	sound_auth	I uhm...	ฉัน เอ่อ...
23-1251	sound_auth	Well, I guess I just gotta say it!\nAre you ready?	เอาล่ะ ฉันคงต้องพูดออกมาตรงๆ แล้ว!\nพร้อมหรือยังคะ?
23-1252	sound_auth	I wanted to say I love you!	ฉันอยากบอกว่าฉันรักคุณค่ะ!
23-1253	sound_auth	I love you... and the only thing I want\nis for us to be together!	ฉันรักคุณ...และสิ่งเดียวที่ฉันต้องการ\nคือได้อยู่ด้วยกันกับคุณค่ะ!
23-1254	sound_auth	And...\nI'd like to be your girlfriend!	แล้วก็...\nฉันอยากเป็นแฟนของคุณค่ะ!
23-1255	sound_auth	There... I said it...	เอาล่ะ...พูดออกไปแล้ว...
23-1256	sound_auth	Well. Here I go.	เอาล่ะค่ะ ฉันจะเริ่มแล้วนะ
23-1257	sound_auth	Okay. Here goes.	โอเคค่ะ เริ่มเลยนะ
23-1258	sound_auth	I know... this might seem sudden...\nBut I still gotta ask you anyway.	ฉันรู้ค่ะ...มันอาจจะดูกะทันหันไปหน่อย...\nแต่ยังไงฉันก็ต้องถามคุณอยู่ดี
23-1259	sound_auth	Yagami-san.\nI have another favor to ask.	ยากามิซัง\nฉันมีเรื่องขอร้องอีกอย่างค่ะ
23-1260	sound_auth	From here on out, maybe you and I could see\neach other more...? If that's okay.	นับจากนี้ไป เราสองคนจะได้เจอกัน\nบ่อยขึ้นได้ไหมคะ...? ถ้าคุณไม่ว่าอะไร
23-1261	sound_auth	Would it be okay\nif we kept seeing each other?	จะโอเคไหมคะ\nถ้าเราจะเจอกันต่อไปเรื่อยๆ?
23-1262	sound_auth	I really have been wanting to get to know you a little more.\nIt's nice... that what I hoped for actually came true.	ฉันอยากทำความรู้จักคุณให้ มากขึ้นมาตลอดค่ะ\nดีใจจัง...ที่สิ่งที่ฉันหวังไว้กลาย เป็นจริงขึ้นมา
23-1263	sound_auth	I'm not talking anything work-related, either.\nI just want to spend some time with you.	ฉันไม่ได้หมายถึงเรื่องงานเลยนะคะ\nแค่อยากใช้เวลาร่วมกับคุณเฉยๆ ค่ะ
23-1264	sound_auth	And... I feel like there's something else\nI need to tell you.	แล้วก็...ฉันรู้สึกว่ามีอีกเรื่องหนึ่ง\nที่ต้องบอกคุณค่ะ
23-1265	sound_auth	Maybe I should make myself more clear.	ฉันควรพูดให้ชัดเจนกว่านี้สักหน่อยค่ะ
23-1266	sound_auth	Okay, so... the reason I'm applying...\nI mean, what I'm trying to say...	เอาล่ะค่ะ เหตุผลที่ฉันสมัคร...\nคือ...ที่ฉันพยายามจะบอกก็คือ...
23-1267	sound_auth	The reason I'm applying—\nI mean, the reason I'm saying all this...	เหตุผลที่ฉันสมัคร—\nคือเหตุผลที่ฉันพูดเรื่องทั้งหมดนี้...
23-1268	sound_auth	I realized that, out of every single guy I know,\nyou're the only one I've ever been in love with!	ฉันรู้ตัวว่าในบรรดาผู้ชายทุกคน ที่ฉันรู้จัก\nมีคุณคนเดียวเท่านั้นที่ฉันเคย ตกหลุมรักค่ะ!
23-1269	sound_auth	It's because I want to make more memories together!\nAnd share new experiences!	เพราะฉันอยากสร้างความทรงจำ ร่วมกันให้มากขึ้น!\nแล้วก็แบ่งปันประสบการณ์ใหม่ๆ ด้วยกันค่ะ!
23-1270	sound_auth	So yeah...\nIf you want me, then...	ก็เลย...\nถ้าคุณต้องการฉันล่ะก็...
23-1271	sound_auth	And also...	แล้วก็อีกอย่าง...
23-1272	sound_auth	I'm all yours.	ฉันเป็นของคุณคนเดียวค่ะ
23-1273	sound_auth	I want to show you my love.	ฉันอยากแสดงความรักที่มีให้คุณค่ะ
23-1274	sound_auth	I've discovered an even greater power\nthan predicting people's fortunes.	ดิฉันค้นพบพลังที่ยิ่งใหญ่กว่า\nการทำนายโชคชะตาของผู้คนเสียอีกค่ะ
23-1275	sound_auth	Yagami-san. I've discovered a power\nfar greater than that of my predictions:	ยากามิซัง ดิฉันค้นพบพลังที่ยิ่งใหญ่\nกว่าคำทำนายของดิฉันเสียอีกค่ะ นั่นก็คือ
23-1276	sound_auth	What I'm referring to is...\nthe power of our relationship.	สิ่งที่ดิฉันหมายถึงก็คือ...\nพลังแห่งความสัมพันธ์ของเราสองคนค่ะ
23-1277	sound_auth	That would be the power of our relationship.	นั่นก็คือพลังแห่งความสัมพันธ์ ของเราสองคนค่ะ
23-1278	sound_auth	And if I may be honest...	แล้วถ้าดิฉันจะพูดตรงๆ...
23-1279	sound_auth	And if I may be so forward...	แล้วถ้าดิฉันจะพูดแบบตรงไปตรงมา สักหน่อย...
23-1280	sound_auth	I've become...\nquite enamored with you.	ดิฉันเริ่ม...\nหลงรักคุณเข้าอย่างจังเลยค่ะ
23-1281	sound_auth	I've become quite enamored with you.	ดิฉันหลงรักคุณเข้าอย่างจังเลยค่ะ
23-1282	sound_auth	So, if you'll have me...	ฉะนั้น ถ้าคุณจะรับดิฉันไว้ล่ะก็...
23-1283	sound_auth	I want to be your...\nyour special partner from here on, okay?	ดิฉันอยากเป็น...\nคู่ชีวิตพิเศษของคุณตั้งแต่นี้ไป ได้ไหมคะ?
23-1284	sound_auth	I'd like you to be my special partner. ❤	ดิฉันอยากให้คุณเป็นคู่ชีวิต พิเศษของดิฉันค่ะ
23-1285	sound_auth	Yagami-san. Do you have any idea\nwhy I'm so upset?	ยากามิซัง คุณรู้ไหมคะ\nว่าทำไมฉันถึงโกรธขนาดนี้?
23-1286	sound_auth	Do you <font_kind=yakuza_italic>really</font_kind> understand just how much you hurt me!?	คุณ<font_kind=yakuza_italic>เข้าใจ</font_kind>จริงๆ ไหมว่าคุณทำร้ายจิตใจฉันแค่ไหน!?
23-1287	sound_auth	I thought I could trust you, you know! I honestly thought you\nwere going to be different from all the other guys out there.	ฉันนึกว่าจะไว้ใจคุณได้นะ! ฉันคิดจริงๆ ว่าคุณ\nจะไม่เหมือนผู้ชายคนอื่นๆ ที่มีอยู่ทั่วไป
23-1288	sound_auth	All you did was prove my point\nabout how selfish guys are!	สิ่งที่คุณทำมีแต่จะพิสูจน์ให้เห็นว่า\nผู้ชายมันเห็นแก่ตัวขนาดไหนเท่า นั้นแหละ!
23-1289	sound_auth	I might be overreacting, but... 	ฉันอาจจะดูตอบสนองเกินเหตุไปหน่อยนะ แต่... 
23-1290	sound_auth	...How they never even stop\nto consider our side of things.	...ที่ไม่เคยหยุดคิด\nถึงใจฝ่ายเราเลยสักนิด
23-1291	sound_auth	Can you even imagine? It's so wrong!\nFalling for someone who tricks you? That's messed up!	คุณนึกภาพออกไหม? มันผิดมากเลยนะ!\nการตกหลุมรักคนที่หลอกเรา? มันแย่มากจริงๆ!
23-1292	sound_auth	It's even worse because I've\nfallen head over heels for you!	มันยิ่งแย่กว่าเดิมเพราะว่าฉัน\nตกหลุมรักคุณหัวปักหัวปำเลยด้วยซ้ำ!
23-1293	sound_auth	If you're going to talk like you care about me,\nyou need to act like you mean it!	ถ้าคุณจะพูดราวกับว่าคุณห่วงใยฉัน\nคุณก็ต้องทำให้เห็นว่าคุณพูดจริงด้วย!
23-1294	sound_auth	If you really love me back,\nthen you'll need to prove it!	ถ้าคุณรักฉันจริงๆ\nคุณก็ต้องพิสูจน์ให้เห็น!
23-1295	sound_auth	You can do that by... being honest.\n No more lies or keeping secrets from me, okay?	คุณทำได้ด้วยการ...ซื่อสัตย์กับฉัน\n ห้ามโกหกหรือปิดบังอะไรฉันอีกนะ โอเคไหม?
23-1296	sound_auth	Promise you'll be faithful...\nAnd never lie to me again!	สัญญาว่าคุณจะซื่อสัตย์...\nและจะไม่โกหกฉันอีกเลยนะ!
23-1297	sound_auth	(I suppose I should check out the outdoor unit...)	(คงต้องลองไปดู เครื่องระบายความร้อนข้างนอกดู สักหน่อย...)
23-1298	sound_auth	(Maybe I should give up and check the heater.)	(หรือจะยอมแพ้แล้วไปเช็ก เครื่องทำความร้อนดีกว่า)
23-1299	sound_auth	(I don't have time for this right now...)	(ตอนนี้ไม่มีเวลามายุ่งกับเรื่อง นี้หรอก...)
23-1300	sound_auth	(I can't keep hanging around here. Gotta get moving.)	(อยู่แถวนี้ต่อไปเรื่อยๆ ไม่ได้แล้ว ต้องรีบไปแล้ว)
23-1301	sound_auth	(Doesn't look like anyone's in here.)	(ดูเหมือนจะไม่มีใครอยู่ในนี้เลย)
23-1302	sound_auth	(I need to find Murase.)	(ต้องหามุราเสะให้เจอ)
23-1303	sound_auth	(I have to take advantage of Kaito's diversion.)	(ต้องรีบใช้จังหวะที่ไคโตะช่วย ล่อเป้าไว้ให้เป็นประโยชน์)
23-1304	sound_auth	(I have to rescue Seiya's sister while they're distracted.)	(ต้องช่วยพี่สาวของเซยะออกมา ตอนที่พวกมันเผลอ)
23-1305	sound_auth	(Yes, got it open.)	(เย่ เปิดออกแล้ว)
23-1306	sound_auth	(Wait... Did I put the code in wrong?)	(เดี๋ยวนะ...ใส่รหัสผิดหรือเปล่า?)
23-1307	sound_auth	(It's dangerous when it's this dark.)	(มืดขนาดนี้มันอันตรายนะ)
23-1308	sound_auth	(Hard to move around, too. Gotta find the lights.)	(เดินไปมาก็ลำบากด้วย ต้องหาไฟให้เจอ)
23-1309	sound_auth	(Shono's lab has to be in this abandoned building somewhere. Gotta find it.)	(ห้องแล็บของโชโนะต้องอยู่ที่ไหน สักแห่งในตึกร้างนี้แน่ๆ ต้องหาให้เจอ)
23-1310	sound_auth	(I can't turn back now. Gotta keep moving.)	(ตอนนี้ถอยไม่ได้แล้ว ต้องเดินหน้าต่อไป)
23-1311	sound_auth	(It'd be too risky to try and go back down now.)	(จะลงไปตอนนี้คงเสี่ยงเกินไป)
23-1312	sound_auth	(The code might be 8919. Time to give it a try.)	(รหัสอาจจะเป็น 8919 ลองดูสักตั้ง)
23-1313	sound_auth	(The code might be 708. Time to give it a try.)	(รหัสอาจจะเป็น 708 ลองดูสักตั้ง)
23-1314	sound_auth	(The code might be either 8919 or 708. Time to give 'em a try.)	(รหัสอาจจะเป็น 8919 หรือ 708 อย่างใดอย่างหนึ่ง ลองดูทั้งสองตัวเลยดีกว่า)
23-1315	sound_auth	(No idea what the code is, but I can try pushing some buttons.)	(ไม่รู้เลยว่ารหัสคืออะไร แต่ลองกดปุ่มดูก็ได้)
23-1316	sound_auth	(No sign of Murase here. Gotta keep moving.)	(ไม่เห็นวี่แววมุราเสะเลย ต้องรีบไปที่อื่นต่อ)
23-1317	auth	Yes.	ใช่
23-1318	auth	I see.　	เข้าใจแล้ว
23-1319	auth	Yes, I understand completely.	เข้าใจดี ไม่มีปัญหาเลย
23-1320	auth	Oh, is that so?	อ้อ งั้นเหรอ?
23-1321	auth	We'll absolutely be able\nto help you out with that.	เราช่วยเหลือคุณ\nได้อย่างแน่นอน
23-1322	auth	Yes, of course we can\nhelp you with that.	ได้ แน่นอน เราช่วย\nคุณได้แน่นอน
23-1323	auth	I guarantee you.	รับประกันได้เลย
23-1324	auth	Don't you worry.	ไม่ต้องเป็นห่วง
23-1325	auth	Oh, you must be\ntalking about Yagami.	อ๋อ คุณคงหมายถึง\nยากามิสินะ
23-1326	auth	Hm? Oh... You mean Yagami?	หือ? อ๋อ... หมายถึงยากามิเหรอ?
23-1327	auth	Absolutely. We appreciate any interest\nyou might have, but it's just, uh...	แน่นอน เราขอบคุณที่คุณสนใจ\nแต่ว่า เอ่อ...
23-1328	auth	I'm terribly sorry, but I'm afraid\nhe's all tied up for a while.	ต้องขออภัยจริงๆ แต่ตอนนี้\nเขาติดงานยุ่งอยู่พักหนึ่ง
23-1329	auth	Wow, you know, it must be\nso niiice to be a rockstar.	โห นี่สินะ ความเป็นร็อกสตาร์\nคงฟินน่าดูเลยเนอะ
23-1330	auth	Come on, how long is\nYagami fever going to last?	ไม่เอาน่า กระแสยากามิเนี่ย\nจะฮิตไปถึงเมื่อไหร่กันเนี่ย
23-1331	auth	Right, Saori-chan?	ใช่ไหมล่ะ ซาโอริจัง?
23-1332	auth	Genda Law, Saori speaking.	สำนักงานกฎหมายเก็นดะ ซาโอริรับสายค่ะ
23-1333	auth	Genda Law Office.	สำนักงานกฎหมายเก็นดะค่ะ
23-1334	auth	Yes. Yagami is currently\nemployed by our firm.	ค่ะ ยากามิเป็นพนักงาน\nของสำนักงานเราอยู่ค่ะ
23-1335	auth	Yes. Yagami is on our staff here.	ค่ะ ยากามิเป็นทีมงานที่นี่ค่ะ
23-1336	auth	Same bullshit all day.	วันๆ ก็เจอแต่เรื่องบ้าๆ แบบนี้
23-1337	auth	Another one?	อีกแล้วเหรอ?
23-1338	auth	Guess everyone wants a lawyer\nwho can win, huh.	คงเพราะทุกคนอยากได้ทนาย\nที่ชนะคดีได้สินะ
23-1339	auth	Everyone wants a lawyer\nwho can win a defense, huh?	ใครๆ ก็อยากได้ทนาย\nที่แก้ต่างชนะได้ใช่ไหมล่ะ
23-1340	auth	Yagami-sensei?	อาจารย์ยากามิ?
23-1341	auth	Hey, throw me a bone.	เฮ้ย ปราณีกันบ้างสิ
23-1342	auth	Gimme a break.	หยุดเหอะน่า
23-1343	auth	I never would've won without\na hand from these two.	ผมคงไม่มีทางชนะได้เลย\nถ้าไม่มีสองคนนี้ช่วย
23-1344	auth	I just had a lot of luck\non my side on that one.	แค่ผมโชคดีมากๆ\nในครั้งนั้นแหละครับ
23-1345	auth	Of course you wouldn't have.	แหงอยู่แล้วละ นายจะชนะเองได้ไง
23-1346	auth	Ha. 'Course you did.	ฮึ่ม ก็บอกว่าใช่ไง
23-1347	auth	99 percent of these cases\nend up in convictions.	คดีแบบนี้ร้อยละ 99\nจบที่การตัดสินว่าผิด
23-1348	auth	Especially considering 99%\nof trials end in convictions.	ยิ่งคิดว่า 99% ของการพิจารณาคดี\nจบที่การตัดสินว่าผิดด้วยแล้ว
23-1349	auth	It makes an acquittal a big deal,\neven if it was just luck.	การพ้นผิดเลยเป็นเรื่องใหญ่มาก\nถึงจะเป็นแค่โชคช่วยก็ตาม
23-1350	auth	So an acquittal's huge,\neven if it's just dumb luck.	การพ้นผิดถึงเป็นเรื่องใหญ่ขนาดนั้น\nถึงจะเป็นแค่โชคช่วยเฉยๆ
23-1351	auth	Talk about a lawyer being a hero.	พูดได้เลยว่าทนายคนนั้นคือฮีโร่
23-1352	auth	Any lawyer who pulls\nthat off is a hero.	ทนายคนไหนทำแบบนั้นได้\nก็เป็นฮีโร่ทั้งนั้น
23-1353	auth	Makes even a former gangster\nlook good.	ทำให้แม้แต่อดีตนักเลง\nยังดูดีขึ้นมาได้
23-1354	auth	Even ones who used to be thugs.	แม้แต่พวกที่เคยเป็นอันธพาลก็ตาม
23-1355	auth	Guess so.	ก็คงงั้นแหละ
23-1356	auth	You're right.	นายพูดถูก
23-1357	auth	Wipe that grin off your face.\nYou think you're better than us?	เลิกยิ้มแบบนั้นซะที\nคิดว่าตัวเองเก่งกว่าพวกเราเหรอ
23-1358	auth	"You're right"!?\nDon't get cocky!	"นายพูดถูก" งั้นเหรอ!?\nอย่าเหิมเกริมไปหน่อยเลย!
23-1359	auth	I'm no saint.	ผมไม่ใช่คนดีเลิศอะไรหรอกครับ
23-1360	auth	I wouldn't say I am.	ผมไม่กล้าพูดแบบนั้นหรอกครับ
23-1361	auth	Could've fooled me.	ดูไม่ออกเลยนะ
23-1362	auth	Sure looks like it from\nwhere I'm sitting.	จากมุมที่ผมมองอยู่\nมันก็ดูเป็นแบบนั้นแหละนะ
23-1363	auth	You know,\nyou're not gonna win all of 'em.	รู้ไว้นะ\nนายจะชนะทุกคดีไม่ได้หรอก
23-1364	auth	Y'know, you're not\ngonna win every time.	รู้ไว้ด้วยนะ นายจะ\nชนะได้ทุกครั้งซะเมื่อไหร่
23-1365	auth	Trust me pal,\nmy record's not...	เชื่อผมเถอะน่า\nสถิติของผมมันไม่ได้...
23-1366	auth	As your senpai, I'm warning you.	ในฐานะรุ่นพี่ ผมเตือนไว้ก่อนนะ
23-1367	auth	Are you listening?	ฟังอยู่รึเปล่าเนี่ย?
23-1368	auth	You even listening!?	นายฟังอยู่รึเปล่าเนี่ย!?
23-1369	auth	Of course.\nI get the message.	แน่นอนครับ\nผมเก็ตแล้วครับ
23-1370	auth	Warning received, thank you.	รับทราบคำเตือนแล้วครับ ขอบคุณครับ
23-1371	auth	Hmph.	ฮึ่ม
23-1372	auth	Well, Shintani's available right now.	เอาล่ะ ตอนนี้ชินทานิว่างอยู่นะ
23-1373	auth	If you need someone right now,\nShintani is available.	ถ้าต้องการคนตอนนี้เลย\nชินทานิว่างอยู่
23-1374	auth	Yes! You bet.\nHe's more experienced.	ใช่เลย!\nเขามีประสบการณ์มากกว่าด้วยนะ
23-1375	auth	Yes, he's more experienced than Yagami.	ใช่ เขามีประสบการณ์มากกว่ายากามิด้วย
23-1376	auth	Are you hearing that?\nNow I'm getting tossed your goddamn leftovers.	ได้ยินป่ะเนี่ย\nตอนนี้ฉันโดนป้ายเดนๆ ของนายมาแทนแล้วนะ
23-1377	auth	You hearing this?\nLooks like I'm getting your scraps.	ได้ยินนี่ป่ะ\nดูเหมือนฉันจะได้แต่เดนๆ ของนาย
23-1378	auth	Shut up, man...	หยุดพูดได้แล้วน่า...
23-1379	auth	Chill out, would you?	ใจเย็นๆ หน่อยได้ไหม?
23-1380	auth	Okay.\nAnd you're sure?	โอเค\nแล้วแน่ใจนะ?
23-1381	auth	Oh no... You're sure?	ไม่นะ... แน่ใจเหรอ?
23-1382	auth	But that just can't be right.	แต่มันเป็นไปไม่ได้หรอก
23-1383	auth	Yes, it's just hard to believe...	ใช่ มันแค่เชื่อยากไปหน่อย...
23-1384	auth	He's as skilled as they come.\nTrust me.	เขาฝีมือดีที่สุดเท่าที่จะหาได้แล้ว\nเชื่อฉันสิ
23-1385	auth	No, he's never gotten an acquittal.\nThey're quite rare, you know.	ไม่นะ เขาไม่เคยชนะคดีจนพ้นผิดเลย\nรู้ไหมว่ามันหายากแค่ไหน
23-1386	auth	Well no, he hasn't won any cases.\nYou know how rare that is?	เปล่าเลย เขาไม่เคยชนะคดีสักคดี\nรู้ไหมว่ามันหายากแค่ไหน
23-1387	auth	Don't you know?\nIn Japan, 99.9% of court cases end in convictions.	ไม่รู้เหรอ\nในญี่ปุ่น คดีในศาล 99.9% จบที่ตัดสินว่าผิด
23-1388	auth	Haven't you heard? 99.9% of criminal court\ncases end with the defendant behind bars.	ไม่เคยได้ยินเหรอ คดีอาญาในศาล 99.9%\nจบด้วยการที่จำเลยติดคุก
23-1389	auth	Kind of ridiculous, isn't it?	มันไร้สาระไปหน่อยเนอะ?
23-1390	auth	Pretty ridiculous, right?\nWhat? Oh...	ไร้สาระใช่ไหมล่ะ\nหา? อ้อ...
23-1391	auth	Huh? Oh...	หือ? อ้อ...
23-1392	auth	You still want Yagami, though.	แต่คุณก็ยังอยากได้ยากามิอยู่ดีสินะ
23-1393	auth	You'll only take Yagami?	คุณจะเอาแต่ยากามิเท่านั้นเหรอ?
23-1394	auth	Man I am so done.	พอกันทีเถอะ
23-1395	auth	For crying out loud,\nto hell with this!	ให้ตายสิวะ\nช่างหัวมันเถอะ!
23-1396	auth	Hey! Can it!	เฮ้ย! หุบปากซะที!
23-1397	auth	Everyone, shut up!	ทุกคน หุบปากซะที!
23-1398	auth	Yes. Yes.	ใช่ ใช่
23-1399	auth	Yes. Okay.	ใช่ โอเค
23-1400	auth	And you're absolutely sure?	แล้วแน่ใจแบบร้อยเปอร์เซ็นต์นะ?
23-1401	auth	There's no doubt about it?	ไม่มีข้อสงสัยเลยใช่ไหม?
23-1402	auth	I understand.	เข้าใจแล้วล่ะ
23-1403	auth	Understood.	รับทราบ
23-1404	auth	I'll tell him.	เดี๋ยวจะบอกเขาให้
23-1405	auth	Who was that?	ใครเหรอ?
23-1406	auth	What's up?	เป็นไงบ้าง?
23-1407	auth	Another call for Yagami-sensei.	โทรมาหาอาจารย์ยากามิอีกแล้ว
23-1408	auth	It's a job for Yagami-sensei.	เป็นงานของอาจารย์ยากามินะ
23-1409	auth	Big whoop.	ก็แล้วไง
23-1410	auth	Big surprise.	แหงอยู่แล้ว
23-1411	auth	But the client is... Shinpei Okubo.	แต่ลูกความคือ... ชินเป โอคุโบะ
23-1412	auth	The client is Shinpei Okubo.	ลูกความคือชินเป โอคุโบะ
23-1413	auth	Hrm...	อืม...
23-1414	auth	Hmmm...	อืมมม...
23-1415	auth	Huh!?	หา!?
23-1416	auth	Say what!?	ว่าไงนะ!?
23-1417	auth	Not sure I believe that.\nOkubo's a free man now.	ไม่ค่อยเชื่อเท่าไหร่\nโอคุโบะเป็นอิสระแล้วนี่นา
23-1418	auth	Shinpei Okubo...\nYou mean the guy he just got acquitted?	ชินเป โอคุโบะ...\nหมายถึงคนที่เพิ่งพ้นผิดไปเหรอ?
23-1419	auth	Not anymore.\nHe's been arrested for murder.	ไม่ใช่แล้วล่ะ\nเขาถูกจับข้อหาฆาตกรรม
23-1420	auth	He's been arrested on murder charges.	เขาถูกจับในข้อหาฆาตกรรม
23-1421	auth	Come on.\nWe already proved he was innocent, right?	ไม่เอาน่า\nเราเพิ่งพิสูจน์ว่าเขาบริสุทธิ์ ไปไม่ใช่เหรอ?
23-1422	auth	Wait, but I already—	เดี๋ยวนะ แต่ผมเพิ่ง—
23-1423	auth	It's a new case.\nHe's being processed right now.	เป็นคดีใหม่\nตอนนี้กำลังดำเนินการอยู่
23-1424	auth	It's a new charge.　	เป็นข้อหาใหม่
23-1425	auth	What they told me is that... He stabbed his girlfriend,\nEmi, to death. Set the apartment on fire.	สิ่งที่เขาบอกผมคือ... เขาแทงแฟนสาวตัวเอง\nเอมิ จนตาย แล้วจุดไฟเผาอพาร์ตเมนต์
23-1426	auth	Just now, Okubo stabbed his girlfriend\nand set her place on fire with gasoline.	เมื่อกี้นี้ โอคุโบะแทงแฟนสาวตัวเอง\nแล้วราดน้ำมันจุดไฟเผาห้องเธอ
23-1427	auth	Okubo would never do that!	โอคุโบะไม่มีทางทำแบบนั้น!
23-1428	auth	You've gotta be kidding me!	ล้อเล่นใช่ไหมเนี่ย!
23-1429	auth	Stabbing Emi-chan...	แทงเอมิจัง...
23-1430	auth	When you say he\nstabbed his girlfriend...	ที่บอกว่าเขา\nแทงแฟนสาวตัวเอง...
23-1431	auth	I just don't understand it.	ผมไม่เข้าใจเลยจริงๆ
23-1432	auth	You mean he killed Emi-chan?	หมายความว่าเขาฆ่าเอมิจังเหรอ?
23-1433	auth	Okubo...	โอคุโบะ...
23-1434	auth	No way...	ไม่จริงน่า...
23-1435	auth	How could he...	ทำไมเขาถึง...
23-1436	auth	Why would he...	ทำไมเขาถึงทำแบบนั้น...
23-1437	auth	Suspect secured, sir!	คุมตัวผู้ต้องสงสัยได้แล้วครับ!
23-1438	auth	Keep the suspect secure!	คุมตัวผู้ต้องสงสัยไว้ให้ดี!
23-1439	auth	Move aside. It's not safe for you here.\nNow everyone clear out!	หลีกไปครับ ตรงนี้ไม่ปลอดภัย\nทุกคนถอยไปเดี๋ยวนี้!
23-1440	auth	Move it!\nGet away from the building! Move!	ถอยไป!\nออกห่างจากตึกด้วย! ถอย!
23-1441	auth	That day...	วันนั้น...
23-1442	auth	My career as a lawyer died\nalongside Emi-chan...	อาชีพทนายของผมตายไปพร้อมกับ\nเอมิจัง...
23-1443	auth	My life as a lawyer died\nalongside Emi-chan...	ชีวิตทนายความของผมตายไปพร้อมกับ\nเอมิจัง...
23-1444	auth	Both murdered by Shinpei Okubo.	ทั้งคู่ถูกฆ่าโดยชินเป โอคุโบะ
23-1445	auth	Both murdered by Shinpei Okubo,\nthe serial killer.	ทั้งคู่ถูกฆ่าโดยชินเป โอคุโบะ\nฆาตกรต่อเนื่อง
23-1446	auth	Come in, Kaito-san.	ตอบด้วย ไคโตะซัง
23-1447	auth	This is Yagami. 	นี่ยากามิเอง
23-1448	auth	Are you getting close yet?	ใกล้ถึงหรือยัง?
23-1449	auth	Kaito-san, status?	ไคโตะซัง สถานะเป็นไง?
23-1450	auth	Yup, right by the Don Quijote.	ใช่ อยู่แถวๆ Don Quijote นี่แหละ
23-1451	auth	Almost there.\nI'm near Don Quijote.	ใกล้แล้ว\nฉันอยู่แถว Don Quijote
23-1452	auth	Heading your way now.	กำลังไปหานายนะ
23-1453	auth	Heading your way.	กำลังไปทางนายแล้ว
23-1454	auth	You just about see our man?	เห็นตัวเป้าหมายรึยัง?
23-1455	auth	You have eyes on him?	เห็นตัวเขาไหม?
23-1456	auth	Yup, I got him.	เห็นแล้ว เจอเขาแล้ว
23-1457	auth	Yup, got him.	ใช่ เจอแล้ว
23-1458	auth	He doesn't have a clue, huh.	เขาไม่รู้ตัวเลยสินะ
23-1459	auth	He doesn't have a clue.	เขาไม่รู้ตัวเลย
23-1460	auth	You're getting good at this.\nAlmost like a pro.	นายเก่งขึ้นเรื่อยๆ นะ\nเกือบจะเป็นมืออาชีพแล้ว
23-1461	auth	You've gotten pretty good at this.	นายเก่งเรื่องนี้ขึ้นเยอะเลยนะ
23-1462	auth	Wow, thanks. I always dreamed\nof bein' a professional stalker.	โห ขอบใจนะ ฝันอยากเป็น\nนักสะกดรอยมืออาชีพมาตลอดเลย
23-1463	auth	Oh yeah, so good I scare myself.	ใช่เลย เก่งจนตัวเองยังขนลุก
23-1464	auth	Not sure I'd call it that.	ไม่แน่ใจว่าจะเรียกแบบนั้นได้นะ
23-1465	auth	I wouldn't go that far.	ฉันคงไม่พูดไปไกลขนาดนั้นหรอก
23-1466	auth	You gotta admit,\nthis is crazy, though.	ต้องยอมรับนะ\nเรื่องนี้มันบ้ามากจริงๆ
23-1467	auth	Still, can you believe this?	ถึงยังไง เชื่อไหมล่ะเนี่ย?
23-1468	auth	A detective tailing another detective.	นักสืบสะกดรอยตามนักสืบด้วยกันเอง
23-1469	auth	A detective tailing a detective...	นักสืบสะกดรอยตามนักสืบ...
23-1470	auth	You only see that shit on TV.	เรื่องแบบนี้เจอแต่ในทีวีนะ
23-1471	auth	This is TV level stuff right here.	นี่มันระดับในทีวีเลยนะเนี่ย
23-1472	auth	Crazy or not...\nStay focused.	บ้าหรือไม่บ้าก็เถอะ...\nมีสมาธิไว้ก่อน
23-1473	auth	All right, enough chat.\nCareful now.	เอาล่ะ พอคุยได้แล้ว\nระวังตัวด้วยนะ
23-1474	auth	All right,\nI'll join up with you soon.	โอเค\nเดี๋ยวไปสมทบเร็วๆ นี้
23-1475	auth	Suppose I'll join you.	งั้นไปสมทบกับนายก็แล้วกัน
23-1476	auth	'Kay.	ครับ
23-1477	auth	Yup.	ใช่.
23-1478	auth	Step aside, old man!	หลีกไปเลยตาแก่!
23-1479	auth	Move it, old guy!	ไปให้พ้นเลยตาเฒ่า!
23-1480	auth	Piece of goddamn trash.	ไอ้ขยะบัดซบ
23-1481	auth	Pain in the ass.	น่ารำคาญชะมัด
23-1482	auth	Hey asshole, he said move!	เฮ้ย ไอ้เวร เขาบอกให้ไปแล้วไง!
23-1483	auth	Get the fuck outta here!	ไสหัวไปเลย!
23-1484	auth	Huh?	หา?
23-1485	auth	The fuck are you doing!?	แกทำบ้าอะไรวะ!?
23-1486	auth	The fuck's your problem!?	แกมีปัญหาอะไรวะ!?
23-1487	auth	What, you wanna die, bitch?	ไง อยากตายเหรอไอ้นี่?
23-1488	auth	Eh? What now?\nYa wanna die?	หา? อะไรอีก\nอยากตายเหรอ?
23-1489	auth	The hell's his problem?	ไอ้นี่มันเป็นบ้าอะไรวะ?
23-1490	auth	What a dumbass...	ไอ้โง่จริงๆ...
23-1491	auth	What's goin' on\nback there, buddy?	เกิดอะไรขึ้น\nตรงนั้นน่ะเพื่อน?
23-1492	auth	Hey, what are you doing, Tak?	เฮ้ย ทำอะไรอยู่น่ะ ทาคุ?
23-1493	auth	Uh... Looks like I need to\nteach these punks a little lesson.	เอ่อ... ดูเหมือนผมต้อง\nสั่งสอนไอ้พวกนี้หน่อยแล้ว
23-1494	auth	Some punks picked a fight\nand I reflexed...	พวกอันธพาลหาเรื่องผมก่อน\nแล้วผมก็ตอบโต้ไปโดยอัตโนมัติ...
23-1495	auth	"Need to?" Didn't you tell\nme to keep my head down?	"ต้องแล้ว" งั้นเหรอ? นายไม่ได้บอกฉัน\nให้สงบเสงี่ยมไว้เหรอไง?
23-1496	auth	You reflexed? Weren't you the one\ntelling me to be careful?	ตอบโต้อัตโนมัติงั้นเหรอ? นายเองไม่ใช่เหรอ\nที่บอกให้ฉันระวังตัว?
23-1497	auth	Hey, who are you calling punks,\nyou homeless piece of shit?	เฮ้ย ใครวะที่แกเรียกว่าอันธพาล\nไอ้ไร้บ้านบัดซบ?
23-1498	auth	Who're you calling a punk, asshole?	ใครวะที่แกเรียกว่าอันธพาล ไอ้เวร?
23-1499	auth	Sorry, Kaito.\nI'll see you soon, 'kay?	ขอโทษนะ ไคโตะ\nเดี๋ยวตามไปเร็วๆ นี้นะ?
23-1500	auth	My bad, Kaito-san.\nI'll catch up soon.	ขอโทษที ไคโตะซัง\nเดี๋ยวตามไปทันเร็วๆ นี้
23-1501	auth	So much for being careful.	แล้วที่บอกให้ระวังตัวล่ะ
23-1502	auth	Get it together, man.	ตั้งสติหน่อยเพื่อน
23-1503	auth	Get a load of him.\nMan, you seein' this shit?	ดูไอ้นี่สิ\nเห็นเรื่องบ้านี่ไหมวะ?
23-1504	auth	What the hell!?\nIs this guy for real right now?	อะไรวะเนี่ย!?\nไอ้นี่มันจริงจังรึเปล่าวะ?
23-1505	auth	Heh, okay.\nOur boy's a movie star.	เฮ่อ ได้เลย\nไอ้หนุ่มคนนี้ดาราหนังแฮะ
23-1506	auth	Hey, okay,\nwe'll go a round with ya!	เฮ้ย ได้เลย\nพวกกูจะลองซัดกับมึงดู!
23-1507	auth	Hwa! Hwa-cha!\nHow's that?	ฮวา! ฮวาช่า!\nเป็นไงล่ะ?
23-1508	auth	Achya, Achya!\nRight, dude!?	อาชย่า อาชย่า!\nว่าไงล่ะ!?
23-1509	auth	You're a damn joke.	แกมันไอ้ตัวตลกชัดๆ
23-1510	auth	You dumbfuck...	ไอ้โง่...
23-1511	auth	Now let's do this thing!	เอาล่ะ ลุยกันเลย!
23-1512	auth	Let's kick his ass!	รุมกระทืบมันเลย!
23-1513	auth	Who... Who are you?	แก... แกเป็นใครวะ?
23-1514	auth	...The hell are you?	...แกมันใครวะ?
23-1515	auth	I'm all done.	จบแล้วครับ
23-1516	auth	I'm done.	จบแล้ว
23-1517	auth	Kaito-san.	ไคโตะซัง
23-1518	auth	Kaito-san?	ไคโตะซัง?
23-1519	auth	Where's our guy going?	เป้าหมายเราไปทางไหน?
23-1520	auth	Where are you now?	นายอยู่ไหนตอนนี้?
23-1521	auth	On his way towards Pink Street.	กำลังมุ่งหน้าไปทางถนนพิงก์สตรีท
23-1522	auth	An alley heading toward Pink Street.	ตรอกที่มุ่งหน้าไปทางถนนพิงก์สตรีท
23-1523	auth	Crowd's thinnin' out.\nGet your ass over here.	คนเริ่มบางตาแล้ว\nรีบมาซะดีๆ
23-1524	auth	Not too many people here.	แถวนี้คนไม่เยอะเท่าไหร่
23-1525	auth	Got it.	ได้เลย
23-1526	auth	And make it quick.	แล้วรีบมาไวๆ ด้วย
23-1527	auth	Hurry it up then.	งั้นรีบมาเร็วๆ เข้า
23-1528	auth	Any minute now he's gonna\nfigure out I'm shadowin' him.	อีกเดี๋ยวเขาก็คง\nจับได้ว่าฉันสะกดรอยตามอยู่
23-1529	auth	He's gonna figure it out\nif it's just me on him.　	เขาต้องจับได้แน่\nถ้ามีแค่ฉันคนเดียวตามอยู่
23-1530	auth	I don't get it...	ไม่เข้าใจเลย...
23-1531	auth	You...	แก...
23-1532	auth	Didn't you say\nyou were a detective?	แกไม่ได้บอกเหรอ\nว่าเป็นนักสืบ?
23-1533	auth	You're a detective too, right?	แกก็เป็นนักสืบเหมือนกันใช่ไหม?
23-1534	auth	What's your name?	แกชื่ออะไรเหรอ?
23-1535	auth	I never said I'd field\nany questions, asshole.	ฉันไม่เคยบอกว่าจะตอบ\nคำถามให้ ไอ้เวร
23-1536	auth	So now you wanna trade business cards?　	ตอนนี้อยากแลกนามบัตรกันแล้วเหรอ?
23-1537	auth	It's Yagami.	ยากามิ
