id	bin	EN	TH
15-0001	sound_auth	Listen to you, all devious and shit!\nWhat did you do with the real Tak?	ฟังนายพูดสิ เจ้าเล่ห์ขึ้นมาซะงั้น!\nเอาทาคุตัวจริงไปทำอะไรมา
15-0002	sound_auth	If I told you I'd have to kill you.	ถ้าบอกไป คงต้องฆ่านายทิ้งซะแล้วล่ะ
15-0003	sound_auth	Don't know what you're\ntalking about.	ไม่รู้เรื่องที่นายพูด\nเลยสักนิด
15-0004	sound_auth	Anyway, I'm gonna make things a little chilly\nfor these KJ guys. You keep watch, okay?	เอาล่ะ ผมจะไปทำให้พวก KJ\nหนาวๆ กันหน่อย ไคโตะคอยเฝ้าดูไว้นะ
15-0005	sound_auth	Now, I'm gonna make things a little chilly\nfor these guys. Kaito-san, you keep watch, okay?	เอาล่ะ ผมจะไปทำให้พวกนี้\nหนาวๆ กันหน่อย ไคโตะซัง คอยเฝ้าดูไว้นะ
15-0006	sound_auth	Sounds good.\nLet's do this shit!	ได้เลย\nลุยกันเลยเว้ย!
15-0007	sound_auth	Yeah. Come on, let's do this shit!	เออ ไปกันเลย ลุยกันเลยเว้ย!
15-0008	sound_auth	I'll force my way in.\nJust kick down the door and go.	ผมจะบุกเข้าไปตรงๆ เลย\nแค่เตะประตูพังแล้วเดินเข้าไป
15-0009	sound_auth	Dude, they're the yakuza, not you.\nHow bout you put a little more thought into this?	เฮ้ย พวกนั้นมันยากูซ่านะ ไม่ใช่นาย\nคิดให้รอบคอบกว่านี้หน่อยได้ไหม
15-0010	sound_auth	Dude, that should be our last resort, not our Plan A.\nWe've got time, so let's use it, huh?	เฮ้ย นั่นควรเป็นทางเลือกสุดท้าย ไม่ใช่แผนแรก\nเรายังมีเวลาอยู่ ใช้มันให้คุ้มหน่อยดีกว่าไหม
15-0011	sound_auth	I thought you liked things quick and dirty.	นึกว่าไคโตะชอบอะไรที่ห้าวๆ ลุยๆ ซะอีก
15-0012	sound_auth	Kaito-san, I thought you liked things\nquick and dirty.	ไคโตะซัง นึกว่านายชอบอะไร\nที่ห้าวๆ ลุยๆ ซะอีก
15-0013	sound_auth	Pretty sure that's you, Tak.\nAnyway, you have any other ideas?	นั่นนายเองแหละ ทาคุ\nเอาน่า มีไอเดียอื่นอีกไหม
15-0014	sound_auth	Pretty sure that's just you.\nAnyway, got any other ideas?	นั่นนายคนเดียวแหละ\nเอาน่า มีไอเดียอื่นอีกไหม
15-0015	sound_auth	(Damn, it's locked.\nGuess I'll just have to pick it.)	(บ้าเอ๊ย ล็อกอยู่\nคงต้องงัดกุญแจแล้วล่ะ)
15-0016	sound_auth	(Huh? Who's texting me?)	(หา? ใครส่งข้อความมาเนี่ย)
15-0017	sound_auth	(Dammit. Gotta hurry.)	(บ้าเอ๊ย ต้องรีบแล้ว)
15-0018	sound_auth	Hey, what are you doing?\nCan I have a few words?	เฮ้ นายทำอะไรอยู่น่ะ\nขอคุยด้วยหน่อยสิ
15-0019	sound_auth	Hey, what are you doing?\nLet me talk to you for a bit.	เฮ้ นายทำอะไรอยู่\nขอคุยด้วยแป๊บนึง
15-0020	sound_auth	(Ugh... Dammit.)	(อูย...บ้าเอ๊ย)
15-0021	sound_auth	(All right, just have to...)	(เอาล่ะ แค่ต้อง...)
15-0022	sound_auth	(There. No way are they fixing that\nwithout a pro.)	(เอาล่ะ แบบนี้พวกเขาไม่มีทาง\nซ่อมเองได้แน่ ต้องเรียกมืออาชีพ)
15-0023	sound_auth	(Now for my disguise.\nDon Quijote, here I come.)	(ต่อไปก็เรื่องชุดปลอมตัว\nDon Quijote รอผมอยู่แล้ว)
15-0024	sound_auth	Checkin' in.\nYou get the goods?	เช็กอินหน่อย\nได้ของมารึยัง
15-0025	sound_auth	Tak! You get the goods?	ทาคุ! ได้ของมารึยัง
15-0026	sound_auth	Yeah. I'm heading back now.	ได้แล้ว กำลังกลับไปแล้ว
15-0027	sound_auth	Better hurry, the plan's working.	รีบหน่อยนะ แผนกำลังได้ผลอยู่
15-0028	sound_auth	Good. Better hurry it up.	ดี รีบหน่อยล่ะ
15-0029	sound_auth	KJ Art's chilling out over here.\nThey just called a repairman.	ฝั่ง KJ Art เงียบสงบดี\nพวกเขาเพิ่งเรียกช่างซ่อมไป
15-0030	sound_auth	KJ Art's chilling out over here. They just noticed their\nheating's down. A repairman's on the way.	ฝั่ง KJ Art เงียบสงบดี พวกเขาเพิ่งสังเกตว่า\nฮีตเตอร์เสีย ช่างซ่อมกำลังมาแล้ว
15-0031	sound_auth	Perfect. I'll be there as soon as I can.	เยี่ยม เดี๋ยวรีบไปให้เร็วที่สุด
15-0032	sound_auth	Perfect. So am I.	เยี่ยม ผมก็เหมือนกัน
15-0033	sound_auth	I'm ready.	พร้อมแล้ว
15-0034	sound_auth	Okay, ready.	โอเค พร้อมแล้ว
15-0035	sound_auth	Get changed then, would ya?	งั้นรีบไปเปลี่ยนชุดซะสิ
15-0036	sound_auth	Well then, better get changed.	งั้นรีบไปเปลี่ยนชุดดีกว่า
15-0037	sound_auth	Okay, okay!	โอเค โอเค!
15-0038	sound_auth	(Now to get into that jumpsuit.)	(ต่อไปก็ใส่ชุดช่างซ่อมนี่แหละ)
15-0039	sound_auth	Nice, I think this'll work.	(ดี น่าจะใช้ได้อยู่)
15-0040	sound_auth	Okay, all suited up.	(โอเค ใส่ชุดพร้อมแล้ว)
15-0041	sound_auth	I know you're in a disguise and all, but don't let\nyour guard down, okay? Try to blend in.	รู้ว่านายใส่ชุดปลอมตัวอยู่ก็จริง แต่อย่าเผลอ\nตัวเชียวนะ พยายามกลมกลืนเข้าไว้
15-0042	sound_auth	Hey, don't let your guard down in there, okay?\nYou still gotta try to blend in.	เฮ้ อย่าเผลอตัวตอนอยู่ข้างในนะ\nยังไงก็ต้องพยายามกลมกลืนเข้าไว้
15-0043	sound_auth	Who do you think you're talking to?	คิดว่ากำลังพูดกับใครอยู่เนี่ย
15-0044	sound_auth	Hey, I've got this. See you.	เฮ้ ผมจัดการได้ แล้วเจอกัน
15-0045	sound_auth	(Not now. I need to head to KJ Art.)	(ตอนนี้ไม่ใช่เวลา ต้องรีบไปที่ KJ Art)
15-0046	sound_auth	(I'm heading into a yakuza hotbed.\nNeed to make sure I don't break character.)	(กำลังจะเข้าไปในรังยากูซ่า\nต้องไม่หลุดจากบทที่สวมอยู่เด็ดขาด)
15-0047	sound_auth	(First things first.\nGotta get past reception.)	(อย่างแรกก่อนเลย\nต้องผ่านแผนกต้อนรับให้ได้)
15-0048	sound_auth	Excuse me, Sir.\nDo you have an appointment?	ขอโทษนะคะ\nคุณมีนัดไว้หรือเปล่าคะ
15-0049	sound_auth	(Guess the uniform alone isn't good enough.\nI'll need to convince her I'm the real deal.)	(ท่าทางแค่ใส่ชุดคงไม่พอ\nต้องทำให้เธอเชื่อว่าผมเป็นของจริง)
15-0050	sound_auth	(It'll be suspicious if I leave without doing my job.\nBesides, I'm here for Murase.)	(ถ้าออกไปโดยไม่ทำงานให้เสร็จก็ คงดูน่าสงสัย\nอีกอย่าง ผมมาที่นี่เพื่อมุราเสะ)
15-0051	sound_auth	<color=ｍonologue>(It's dark... I need to turn on the lights before\nI can look for the blueprints for the building.)<color=ｍonologue>	<color=ｍonologue>(มืดจัง...ต้องเปิดไฟก่อน\nถึงจะหาพิมพ์เขียวของตึกได้)<color=ｍonologue>
15-0052	sound_auth	<color=ｍonologue>(All right, time to look for the blueprints.)</color>	<color=ｍonologue>(เอาล่ะ ได้เวลาหาพิมพ์เขียวแล้ว)</color>
15-0053	sound_auth	<color=ｍonologue>(Okay. I found the blueprints.)</color>	<color=ｍonologue>(โอเค เจอผังอาคารแล้ว)</color>
15-0054	sound_auth	<color=ｍonologue>(Hm?)</color>	<color=ｍonologue>(หือ?)</color>
15-0055	sound_auth	<color=ｍonologue>(Looks like you need a key to get to the stairs\non the third floor.)</color>	<color=ｍonologue>(ดูเหมือนต้องมีกุญแจถึงจะขึ้นบันได\nไปชั้นสามได้)</color>
15-0056	sound_auth	<color=ｍonologue>(I won't be able to get to the room Murase's in.)</color>	<color=ｍonologue>(แบบนี้ผมเข้าไปห้องที่มุราเสะ อยู่ไม่ได้)</color>
15-0057	sound_auth	<color=ｍonologue>(Gotta find a key somehow.)</color>	<color=ｍonologue>(ต้องหากุญแจให้เจอสักทาง)</color>
15-0058	sound_auth	<color=ｍonologue>(This is the security room, so the key might be around here.\nI should take a look around.)</color>	<color=ｍonologue>(ที่นี่ห้องรักษาความปลอดภัย กุญแจน่าจะอยู่แถวนี้\nลองมองหารอบ ๆ ดีกว่า)</color>
15-0059	sound_auth	<color=ｍonologue>(What's this?)</color>	<color=ｍonologue>(นี่อะไรน่ะ?)</color>
15-0060	sound_auth	<color=ｍonologue>(Guess the key's in this room somewhere.)</color>	<color=ｍonologue>(กุญแจคงอยู่ในห้องนี้แหละ)</color>
15-0061	sound_auth	<color=ｍonologue>(No idea where, though.\nI'll have to look for it.)</color>	<color=ｍonologue>(แต่ไม่รู้อยู่ตรงไหน\nต้องหาดูละ)</color>
15-0062	sound_auth	<color=ｍonologue>(A safe, huh...?)</color>	<color=ｍonologue>(ตู้เซฟเหรอเนี่ย...?)</color>
15-0063	sound_auth	<color=ｍonologue>(The note on the desk said to keep the key\n"under high security.")</color>	<color=ｍonologue>(โน้ตบนโต๊ะบอกว่าเก็บกุญแจไว้\n"ในที่ปลอดภัยสูงสุด")</color>
15-0064	sound_auth	<color=ｍonologue>(Not much higher security than a safe.)</color>	<color=ｍonologue>(คงไม่มีที่ไหนปลอดภัยกว่าตู้เซฟ อีกแล้ว)</color>
15-0065	sound_auth	<color=ｍonologue>(Let's see here...)</color>	<color=ｍonologue>(ขอดูหน่อยซิ...)</color>
15-0066	sound_auth	<color=ｍonologue>(Damn, I need the code.)</color>	<color=ｍonologue>(บ้าเอ๊ย ต้องใช้รหัสด้วย)</color>
15-0067	sound_auth	<color=ｍonologue>(Hmm... hopefully there's a clue to the password\nsomewhere around here...)</color>	<color=ｍonologue>(อืม... หวังว่าจะมีเบาะแสรหัสผ่าน\nอยู่แถวนี้บ้างนะ...)</color>
15-0068	sound_auth	<color=ｍonologue>(Wait, is this...)</color>	<color=ｍonologue>(เดี๋ยวนะ นี่มัน...)</color>
15-0069	sound_auth	<color=ｍonologue>(Is this the code to the safe?)</color>	<color=ｍonologue>(นี่ใช่รหัสตู้เซฟรึเปล่า?)</color>
15-0070	sound_auth	<color=ｍonologue>(Well, worth a shot...)</color>	<color=ｍonologue>(ก็ลองดูสักตั้งแล้วกัน...)</color>
15-0071	sound_auth	<color=ｍonologue>(Dammit, guess not. Better keep looking.)</color>	<color=ｍonologue>(บ้าเอ๊ย ไม่ใช่สินะ ต้องหาต่อไป)</color>
15-0072	sound_auth	<color=ｍonologue>(Whoa! It worked!)</color>	<color=ｍonologue>(โห! ได้ผลด้วย!)</color>
15-0073	sound_auth	<color=ｍonologue>(Great... This'll get me through to Murase.\nNow I just have to find him.)</color>	<color=ｍonologue>(เยี่ยม... แบบนี้ผมเข้าถึงตัวมุราเสะได้แล้ว\nเหลือแค่ต้องหาตัวเขาให้เจอ)</color>
15-0074	sound_auth	<color=ｍonologue>(Maybe this is the code to the safe?)</color>	<color=ｍonologue>(หรือนี่จะเป็นรหัสตู้เซฟ?)</color>
15-0075	sound_auth	<color=ｍonologue>(Guess not... What's this code for, then?)</color>	<color=ｍonologue>(ไม่ใช่สินะ... งั้นรหัสนี้ใช้ทำอะไรกันแน่?)</color>
15-0076	sound_auth	<color=ｍonologue>(I'll try and memorize it just in case.\nBound to be a password for something.)</color>	<color=ｍonologue>(จำไว้ก่อนเผื่อได้ใช้\nเดี๋ยวคงเป็นรหัสอะไรสักอย่างแหละ)</color>
15-0077	sound_auth	<color=ｍonologue>(Where have I seen her before...?)</color>	<color=ｍonologue>(ผมเคยเห็นเธอที่ไหนมาก่อนนะ...?)</color>
15-0078	sound_auth	<color=ｍonologue>(Hey, it's the smoking lady!\nFrom when I was looking for Kaito-san!)</color>	<color=ｍonologue>(เฮ้ นี่มันผู้หญิงคนสูบบุหรี่นี่!\nตอนที่ผมตามหาไคโตะซัง!)</color>
15-0079	sound_auth	<color=ｍonologue>(...Can't blame her, if she works at a stressful place like this.\nThose smoke breaks probably get her through the day.)</color>	<color=ｍonologue>(...ก็ไม่แปลกหรอกถ้าทำงานที่เครียด ขนาดนี้\nคงต้องพักสูบบุหรี่ถึงจะผ่าน แต่ละวันไปได้)</color>
15-0080	sound_auth	<color=ｍonologue>(I got the safe open.\nTime to get moving.)</color>	<color=ｍonologue>(เปิดตู้เซฟได้แล้ว\nไปกันต่อดีกว่า)</color>
15-0081	sound_auth	<color=ｍonologue>(Guess it wasn't the code to that safe.\nMaybe it'll come in handy somewhere else.)</color>	<color=ｍonologue>(ไม่ใช่รหัสตู้เซฟนั้นสินะ\nเก็บไว้เผื่อมีประโยชน์ที่อื่น ก็แล้วกัน)</color>
15-0082	sound_auth	Hi there. I heard you're having some heater\ntrouble? I'm here to fix it.	สวัสดีครับ ได้ยินว่าฮีตเตอร์มีปัญหา\nผมมาซ่อมให้ครับ
15-0083	sound_auth	Hi there. I heard you're having some\ntrouble with air conditioning?	สวัสดีครับ ได้ยินว่าเครื่องปรับอากาศ\nมีปัญหาใช่ไหมครับ
15-0084	sound_auth	Yes, it seems to have stopped.\nThank you for coming on such short notice.	ใช่ มันหยุดทำงานไปเฉย ๆ\nขอบคุณที่มาเร็วขนาดนี้นะ
15-0085	sound_auth	Thank you for coming on such short notice.\nWe need our central air fixed.	ขอบคุณที่มาให้เร็วขนาดนี้นะ\nเราอยากให้ช่วยซ่อมแอร์รวมของตึกหน่อย
15-0086	sound_auth	The main unit is just out the door to the left,\nright around the emergency stairwell.	เครื่องหลักอยู่ออกประตูไปทางซ้าย\nตรงบันไดหนีไฟพอดี
15-0087	sound_auth	The main unit is just outside.\nYou can find the door on the left.	เครื่องหลักอยู่ข้างนอก\nประตูอยู่ทางซ้ายมือ
15-0088	sound_auth	Um, mind if I take a look at an indoor unit\nas well? These things can be pretty complicated.	เอ่อ ขอผมดูเครื่องด้านในด้วยได้ไหมครับ\nพวกนี้มันซับซ้อนอยู่เหมือนกัน
15-0089	sound_auth	Well, mind if I take a look at an indoor unit as well?\nI want to make sure I know the whole situation.	เอ่อ ขอผมดูเครื่องด้านในด้วยได้ไหมครับ\nอยากเช็กให้ครบทั้งระบบน่ะครับ
15-0090	sound_auth	Is that really necessary sir?	จำเป็นด้วยเหรอเนี่ย?
15-0091	sound_auth	You need to see... an indoor unit?	คุณจะขอดู... เครื่องด้านในเหรอ?
15-0092	sound_auth	It'll help me get a better idea of the whole system.\nI'd... rather not bore you with the specifics.	จะได้เห็นภาพรวมทั้งระบบชัดขึ้นครับ\nเอ่อ... รายละเอียดเดี๋ยวมันจะยาวไป ไม่อยากรบกวนเวลาคุณครับ
15-0093	sound_auth	Yeah, 'cause... it'll help me get a better idea of the whole system.\nI'd... rather not bore you with the specifics.	ใช่ครับ เพราะ... มันจะทำให้เห็นภาพรวมทั้งระบบชัดขึ้น\nเอ่อ... รายละเอียดขอไม่พูดยืดยาวดีกว่าครับ
15-0094	sound_auth	Very well then. Sure.\nThere's one in the security office to your left.	ก็ได้ ตามสบาย\nมีเครื่องอยู่ในห้องรักษา ความปลอดภัยทางซ้ายนั่นแหละ
15-0095	sound_auth	Is that so...? Well, there's a security office\nto your left.	อย่างนั้นเหรอ...? เอาล่ะ ห้องรักษาความปลอดภัย\nอยู่ทางซ้ายมือ
15-0096	sound_auth	Thank you very much.\nI'll have you guys heated up in no time.	ขอบคุณมากครับ\nเดี๋ยวผมทำให้อุ่นอีกครั้งไวๆ นี้แน่นอนครับ
15-0097	sound_auth	I appreciate it. Anyway, I'll let you\nget back to your work...	ขอบคุณครับ เอาล่ะ ผมไม่รบกวนเวลา\nคุณทำงานต่อแล้วกันครับ...
15-0098	sound_auth	(Bingo.)	(เจอแล้ว)
15-0099	sound_auth	(I should check out the security office first,\nget some more info on the building.)	(ไปห้องรักษาความปลอดภัยก่อนดีกว่า\nจะได้รู้ข้อมูลตึกนี้เพิ่มขึ้น)
15-0100	sound_auth	(I shouldn't get too close to those guys.\nDon't want them getting suspicious.)	(ไม่ควรเข้าใกล้พวกนั้นมากไป\nเดี๋ยวจะโดนจับได้)
15-0101	sound_auth	(Looks like the elevator's down for maintenance.\nI'll have to use the fire escape to head up.)	(ลิฟต์เหมือนจะปิดซ่อมอยู่\nต้องใช้บันไดหนีไฟขึ้นไปแทน)
15-0102	sound_auth	(Looks like I'm the only one here.\nHave to get in and out before someone shows up.)	(ดูเหมือนมีผมอยู่คนเดียวแถวนี้\nต้องรีบเข้า-ออกก่อนใครจะมาเจอ)
15-0103	sound_auth	<color=ｍonologue>(It's dark... I need to turn on the lights before\nI can look for the blueprints for the building.)</color>	<color=ｍonologue>(มืดจัง... ต้องเปิดไฟก่อน\nถึงจะหาผังอาคารต่อได้)</color>
15-0104	sound_auth	<color=ｍonologue>(Which means unless I get that key,\nI can't get to Murase...)</color>	<color=ｍonologue>(หมายความว่าถ้าไม่ได้กุญแจนั่น\nผมก็เข้าไปหามุราเสะไม่ได้...)</color>
15-0105	sound_auth	<color=ｍonologue>(Gotta find the key somehow.)</color>	<color=ｍonologue>(ต้องหากุญแจให้เจอสักทาง)</color>
15-0106	sound_auth	<color=ｍonologue>(Well, this <font_kind=yakuza_italic>is</font_kind> the security room. Maybe the key's in here.\nI should take a look around.)\n	<color=ｍonologue>(นี่มันห้องรักษาความปลอดภัย<font_kind=yakuza_italic>จริง</font_kind>ด้วย กุญแจอาจอยู่ในนี้\nลองมองหารอบ ๆ ดีกว่า)\n
15-0107	sound_auth	<color=ｍonologue>(The key's gotta be in this room somewhere.)</color>	<color=ｍonologue>(กุญแจต้องอยู่ในห้องนี้ที่ไหน สักแห่งแหละ)</color>
15-0108	sound_auth	<color=ｍonologue>(But where would it be...?\nI better get searching.)</color>	<color=ｍonologue>(แต่จะอยู่ตรงไหนล่ะ...?\nต้องรีบหาแล้ว)</color>
15-0109	sound_auth	<color=ｍonologue>(Not much higher security than a safe.)	<color=ｍonologue>(คงไม่มีที่ไหนปลอดภัยกว่าตู้เซฟ อีกแล้ว
15-0110	sound_auth	<color=ｍonologue>(Damn, I need the code.)	<color=ｍonologue>(บ้าเอ๊ย ต้องใช้รหัสด้วย
15-0111	sound_auth	<color=ｍonologue>(Is this the code to the safe?)	<color=ｍonologue>(นี่ใช่รหัสตู้เซฟรึเปล่า?
15-0112	sound_auth	(All right, time to head for the fire escape.\nShould be just to the left of this room.)	(เอาล่ะ ได้เวลาไปบันไดหนีไฟ\nน่าจะอยู่ทางซ้ายของห้องนี้)
15-0113	sound_auth	(Still broken, and no real repairman in sight.\nSorry, pal. I don't think you're getting fixed today.)	(ยังพังอยู่ดี แถมไม่เห็นช่างซ่อมตัวจริงสักคน\nขอโทษนะเพื่อน วันนี้คงไม่ได้ซ่อมหรอก)
15-0114	sound_auth	Just the guy I was lookin' for!	เฮ้ย เจอแกพอดีเลย!
15-0115	sound_auth	Whoa, just the guy I was lookin' for!	โห เจอแกพอดีเป๊ะเลย!
15-0116	sound_auth	You're here to fix the heat, yeah?\nGot somethin' I need you to check out.	แกมาซ่อมฮีตเตอร์ใช่ไหม?\nมีอะไรอยากให้แกดูหน่อยน่ะ
15-0117	sound_auth	Hey, chief. You're here to fix the heat, yeah?\nGot somethin' I need you to check out.	เฮ้ พี่ซ่อม แกมาซ่อมฮีตเตอร์ใช่ไหม?\nมีอะไรอยากให้แกดูหน่อยน่ะ
15-0118	sound_auth	Oh, sure. No problem!	อ๋อ ได้ครับ ไม่มีปัญหา!
15-0119	sound_auth	Uh, yes! Of course, sir!	เอ่อ ครับ! ได้เลยครับ!
15-0120	sound_auth	C'mon. This way.	มาเร็ว ทางนี้
15-0121	sound_auth	(Shoot. I don't have a choice.)	(บ้าเอ๊ย ไม่มีทางเลือกแล้ว)
15-0122	sound_auth	Hey, where ya going?\nIt's over this way!	เฮ้ย จะไปไหนน่ะ?\nทางนี้ต่างหาก!
15-0123	sound_auth	Hey, where you goin'!?\nGet over here!	เฮ้ย จะไปไหนวะ!?\nมาทางนี้สิ!
15-0124	sound_auth	Whew, I'm freezin' my balls off, man.\nHope this goes quick.	โห หนาวจนไข่จะหลุดอยู่แล้ว\nขอให้เสร็จไว ๆ เถอะ
15-0125	sound_auth	Geez, that's cold...\nWe're freezing our asses off, see.	โอ๊ย หนาวชะมัด...\nพวกเราหนาวจนก้นจะแข็งอยู่แล้ว
15-0126	sound_auth	Uh, right.	เอ่อ ครับ
15-0127	sound_auth	(I should probably follow him.)	(คงต้องตามเขาไปด้วยแหละ)
15-0128	sound_auth	There it is. The power's on and all,\nbut nothing's happenin'.	นี่ไง ไฟก็เข้าปกติดี\nแต่ไม่มีอะไรเกิดขึ้นเลย
15-0129	sound_auth	Yep, there it is. The power's on and all,\nbut nothing's happenin'.	ใช่ นี่ไง ไฟเข้าปกติ\nแต่ไม่ทำงานเลยสักนิด
15-0130	sound_auth	Okay, lemme see what I can do.	ได้ครับ เดี๋ยวผมลองดูให้
15-0131	sound_auth	Okay, got it. Let me take a look.	ครับ เข้าใจแล้ว ขอผมดูหน่อยนะครับ
15-0132	sound_auth	(I can't believe I'm doing this...)	(ไม่อยากเชื่อเลยว่าตัวเองกำลัง ทำแบบนี้...)
15-0133	sound_auth	Yuuuup, this thing's\nseen better days.	อื้ม... เจ้านี่นี่\nดูท่าจะผ่านวันเวลามาเยอะแล้วนะครับ
15-0134	sound_auth	Aha... Yep, it's definitely broken.	อ้อ... ใช่ครับ พังจริงด้วย
15-0135	sound_auth	Thanks, Sherlock.\nCan ya fix it?	ขอบใจนะเชอร์ล็อก\nแล้วซ่อมได้ไหมล่ะ?
15-0136	sound_auth	Yeah, so fuckin' fix it.	งั้นก็ซ่อมให้ไว ๆ เลยดิวะ!
15-0137	sound_auth	(Man, I have no idea how to fix\na goddamn air conditioner.)	(บ้าจริง ผมไม่รู้เรื่องซ่อมแอร์\nบ้า ๆ นี่เลยสักนิด)
15-0138	sound_auth	Hey genius, if you're gonna fix it,\ndon't you need to take the panel off first?	เฮ้ยอัจฉริยะ จะซ่อมทั้งทีมึงไม่ต้อง\nถอดฝาครอบออกก่อนเหรอ?
15-0139	sound_auth	Wait, you're gonna fix it like that?\nDon't you gotta take the panel off?	เดี๋ยวนะ จะซ่อมแบบนั้นเลยเหรอ?\nไม่ต้องถอดฝาครอบก่อนหรือไง?
15-0140	sound_auth	(No choice now but to go all in!)	(ไม่มีทางเลือกแล้ว ต้องลุยเต็มที่!)
15-0141	sound_auth	(I can't give up now. One more try!)	(ยอมแพ้ตอนนี้ไม่ได้ ลองอีกทีนึง!)
15-0142	sound_auth	Well ain't that something!\nNever realized it was that simple!	โห เจ๋งว่ะ!\nไม่นึกเลยว่าจะง่ายขนาดนี้!
15-0143	sound_auth	Whoa, ain't that something!\nNever realized it was that simple.	โห เจ๋งจริงว่ะ!\nไม่คิดเลยว่าจะง่ายปานนี้
15-0144	sound_auth	Glad I could be of service. Now if you'll excuse me,\nI have other repairs to make.	ยินดีที่ได้ช่วยครับ เอาล่ะ ขอตัวก่อนนะครับ\nผมยังมีงานซ่อมที่อื่นต้องไปต่อ
15-0145	sound_auth	Oh, it's fine. Just glad I could be of service.\nNow, I'd better get going...	อ๋อ ไม่เป็นไรครับ ยินดีที่ได้ช่วยเหลือ\nเอาล่ะ ผมขอตัวไปก่อนนะครับ...
15-0146	sound_auth	(Phew. That was a close one.)	(ฮื่อ เกือบไปแล้ว)
15-0147	sound_auth	Huh? Who're you?	หา? แกเป็นใครวะ?
15-0148	sound_auth	Huh? Who's this?	หา? นี่ใครน่ะ?
15-0149	sound_auth	Oh, I'm... here to repair the heater, sir.	อ๋อ ผม... มาซ่อมฮีตเตอร์น่ะครับ
15-0150	sound_auth	Uh... I'm here to repair the heater, sir.	เอ่อ... ผมมาซ่อมฮีตเตอร์ครับ
15-0151	sound_auth	Weird. You ain't the usual guy.	แปลกนะ แกไม่ใช่คนเดิมที่มาประจำนี่
15-0152	sound_auth	(They have a "usual guy"...?\nHow often do their heaters break down?)	(มีช่างประจำด้วยเหรอ...?\nฮีตเตอร์พังบ่อยขนาดนั้นเลยเหรอเนี่ย?)
15-0153	sound_auth	Where's our man, huh?\nNever had anyone else come for us.	คนของพวกเราไปไหนวะ?\nไม่เคยมีใครอื่นมาแทนเลยนะ
15-0154	sound_auth	What happened to our maintenance guy, huh?\nNever had anyone else come for us.	ช่างประจำของพวกเราหายไปไหน?\nไม่เคยมีใครอื่นมาแทนเลยนะ
15-0155	sound_auth	Oh, uh... About that.	อ่อ เอ่อ... เรื่องนั้นน่ะครับ
15-0156	sound_auth	Y'know what, I'll just give him\nanother call. See what's up for myself.	รู้อะไรไหม เดี๋ยวโทรหามันอีกที\nดูเองเลยว่าเกิดอะไรขึ้น
15-0157	sound_auth	Y'know what... I'll just give him another call.\nSee what's going on here for myself.	รู้อะไรไหม... เดี๋ยวโทรหามันอีกที\nดูเองว่าเกิดอะไรขึ้นกันแน่
15-0158	sound_auth	(So he's the one who put the call in.\nHow can I get myself out of this?)	(อ้อ คนนี้เองที่โทรเรียกช่าง\nจะเอาตัวรอดจากตรงนี้ยังไงดี?)
15-0159	sound_auth	Oh, the guy we normally send out here is sick\ntoday. I'm handling things in his place.	อ๋อ ช่างที่ปกติส่งมาที่นี่ป่วยอยู่\nวันนี้ผมเลยมาแทนน่ะครับ
15-0160	sound_auth	Oh, the usual guy is sick today.\nI'm handling things in his place.	อ๋อ ช่างประจำป่วยวันนี้\nผมเลยมาทำงานแทนครับ
15-0161	sound_auth	Funny, I just got off the phone with him.\nSounded an awful lot like he was on his way over.	แปลกนะ ฉันเพิ่งวางสายจากมันไป\nฟังดูเหมือนมันกำลังจะมาซะอีก
15-0162	sound_auth	What? I just got off the phone with him.\nFrom the way I heard it, he was already on his way.	อะไรนะ ฉันเพิ่งคุยโทรศัพท์กับมันไป\nฟังจากที่มันพูด เหมือนกำลังจะมาอยู่แล้ว
15-0163	sound_auth	That's odd. He must have...\ngotten better, I guess.	แปลกจังครับ เขาคง...\nหายป่วยเร็วมั้งครับ
15-0164	sound_auth	Huh? That's odd...\nHe must have gotten better, I guess...	หา? แปลกจังครับ...\nเขาคงหายป่วยเร็วน่ะครับ...
15-0165	sound_auth	(Dammit, he talked to the guy on the phone!\nI should've come up with something better!)	(บ้าเอ๊ย เขาคุยโทรศัพท์กับคนจริงไปแล้ว!\nน่าจะคิดข้ออ้างดีกว่านี้!)
15-0166	sound_auth	This guy's suspicious as shit!\nI bet he's a Tojo spy!	เจ้านี่น่าสงสัยชิบหาย!\nกูว่ามันเป็นสายลับโทโจแน่ ๆ!
15-0167	sound_auth	Oh shit, you're right!\nCome on, boys. Let's take him down!	เชี่ยเอ๊ย จริงด้วยว่ะ!\nไปเลยพวกเรา รุมมันเลย!
15-0168	sound_auth	Oh shit! Come on, boys!\nLet's take him down!	เชี่ยเอ๊ย! ไปกันเลยพวกเรา!\nรุมมันเลย!
15-0169	sound_auth	I'm actually from Kamuro Maintenance, Sir.\nHave you heard of us? We're small, but uh... growing?	จริง ๆ แล้วผมมาจากคามุโร เมนเทนแนนซ์ครับ\nเคยได้ยินชื่อไหมครับ เราเป็นบริษัทเล็ก ๆ แต่... กำลังโตครับ?
15-0170	sound_auth	I'm not sure. Maybe you called two repairmen?\nI'm with a company called Kamuro Maintenance.	ผมก็ไม่แน่ใจครับ บางทีคุณอาจเรียกช่างมาสองเจ้า?\nผมมาจากบริษัทชื่อคามุโร เมนเทนแนนซ์ครับ
15-0171	sound_auth	...Can't say that I have.\nMust be new in town.	...ไม่เคยได้ยินชื่อนี้เลย\nคงเป็นบริษัทเปิดใหม่มั้ง
15-0172	sound_auth	Kamuro Maintenance...?\nCan't say I know 'em.	คามุโร เมนเทนแนนซ์...?\nไม่เคยได้ยินชื่อเลยว่ะ
15-0173	sound_auth	I guess someone else put the call in, then.\nSorry, Sir. I didn't mean to startle you.	งั้นคงมีใครอีกคนโทรเรียกไปมั้งครับ\nขอโทษด้วยครับ ไม่ได้ตั้งใจจะทำให้ตกใจ
15-0174	sound_auth	Well then, I'm terribly sorry about this.\nI suppose someone else called me in.	งั้นก็ต้องขอโทษด้วยจริง ๆ ครับ\nคงมีใครอีกคนเรียกผมมาแทน
15-0175	sound_auth	Nah, it's all right.\nMakes sense why I wouldn't recognize you.	ไม่เป็นไรหรอกน่า\nอ๋อ ถึงบอกว่าไม่คุ้นหน้าแกเลย
15-0176	sound_auth	Nah, s'okay. Makes sense I wouldn't recognize you.\nNo wonder, right?	ไม่เป็นไรหรอกน่า อ๋อ ถึงบอกว่า\nไม่คุ้นหน้าแกเลย นึกออกละสิ
15-0177	sound_auth	We fix it or your money back, sir!	ถ้าซ่อมไม่ได้ คืนเงินเต็มจำนวนเลยครับ!
15-0178	sound_auth	Thank you, sir.\nFeel free to call us again!	ขอบคุณมากครับ\nมีปัญหาอีกเรียกเราได้เลยนะครับ!
15-0179	sound_auth	(Phew, tricked him.)	(เฮ่อ หลอกผ่านไปได้)
15-0180	sound_auth	(I can't keep hanging around here, though.\nGotta get moving.)	(แต่อยู่แถวนี้นานไม่ได้หรอก\nต้องรีบไปต่อแล้ว)
15-0181	sound_auth	The truth is...\nI got plastic surgery.	ที่จริงแล้ว...\nผมไปทำศัลยกรรมมาน่ะครับ
15-0182	sound_auth	Well... I got plastic surgery.	เอ่อ... ผมไปทำศัลยกรรมมาครับ
15-0183	sound_auth	You what?	แกว่าไงนะ?
15-0184	sound_auth	That's right. I wasn't comfortable in my own skin,\nso I saved up for years to finally go through with it.	ใช่ครับ ผมไม่เคยพอใจกับหน้าตาตัวเองเลย\nเลยเก็บเงินอยู่หลายปีกว่าจะได้ ทำสักที
15-0185	sound_auth	That's right. I was never comfortable in my own skin.\nI saved up for years to make this happen.	ใช่ครับ ผมไม่เคยพอใจกับหน้าตาตัวเองสักนิด\nเก็บเงินหลายปีกว่าจะทำสำเร็จแบบนี้
15-0186	sound_auth	And how do you explain your voice changin'?	แล้วเสียงที่เปลี่ยนไปนี่จะ อธิบายว่าไง?
15-0187	sound_auth	And how do you explain\nyour voice changin'?	แล้วจะอธิบายเรื่องเสียง\nที่เปลี่ยนไปยังไง?
15-0188	sound_auth	My voice?	เสียงผมเหรอครับ?
15-0189	sound_auth	...Uh... my voice?	...เอ่อ...เสียงผมเหรอครับ?
15-0190	sound_auth	It's totally different from how you sounded on the phone.\nYou're not gonna tell me your voice changed too, are you?	มันฟังดูคนละเสียงกับตอนคุย โทรศัพท์เลยนะ\nจะบอกว่าเสียงเปลี่ยนไปด้วยรึไง?
15-0191	sound_auth	(Phew, made it out. I should get moving\nbefore the whole building catches onto me.)	(เฮ่อ ออกมาได้แล้ว ต้องรีบไปต่อ\nก่อนทั้งตึกจะจับได้ว่าเป็นใคร)
15-0192	sound_auth	(Doesn't look like this door'll open.)	(ประตูนี้ท่าทางจะเปิดไม่ได้)
15-0193	sound_auth	(Looks like it's locked...)	(ดูเหมือนจะล็อกอยู่...)
15-0194	sound_auth	(Wait, what about the "third floor" key I found\nin the security office?)	(เดี๋ยวนะ กุญแจ "ชั้นสาม" ที่เจอ\nในห้องรักษาความปลอดภัยล่ะ?)
15-0195	sound_auth	(That just might do the trick.)	(ลองใช้ดูอาจจะได้ผล)
15-0196	sound_auth	(Hm? This door wasn't on the map...\nWhy are yakuza offices always so confusing?)	(หือ? ประตูนี้ไม่มีในแผนที่...\nทำไมสำนักงานยากูซ่าถึงซับซ้อน ขนาดนี้ทุกทีนะ?)
15-0197	sound_auth	(Either way, the key from before\nwon't work up here.)	(ยังไงก็ตาม กุญแจที่เจอมาก่อนหน้านี้\nคงใช้ที่นี่ไม่ได้)
15-0198	sound_auth	(Guess I'll just have to pick the lock.)	(คงต้องงัดกุญแจเอาแล้ว)
15-0199	sound_auth	(What the...? There aren't any stairs up.\nThis isn't the top floor, though.)	(อะไรกัน...? ไม่มีบันไดขึ้นไปต่อเลย\nทั้งที่ยังไม่ใช่ชั้นบนสุด)
15-0200	sound_auth	(I need to find a way up to Murase!)	(ต้องหาทางขึ้นไปหามุราเสะให้ได้!)
15-0201	sound_auth	(Sturdy door for a reception room.)	(ประตูห้องรับแขกแข็งแรงเกินไปหน่อยนะ)
15-0202	sound_auth	(No way I'm getting in there\nwithout the code.)	(ไม่มีทางเข้าไปตรงนั้นได้\nถ้าไม่มีรหัส)
15-0203	sound_auth	(Not that I need to get in anyway.\nMurase's my target here.)	(ก็ไม่ได้จำเป็นต้องเข้าไปหรอกนะ\nเป้าหมายของผมคือมุราเสะ)
15-0204	sound_auth	(I'll need a code to get in here.)	(ต้องใช้รหัสถึงจะเข้าตรงนี้ได้)
15-0205	sound_auth	(I think this was a warehouse.\nMight be something useful in there.)	(ที่นี่น่าจะเคยเป็นโกดัง\nข้างในอาจมีอะไรมีประโยชน์บ้าง)
15-0206	sound_auth	(Guess I'll try putting in a code.)	(ลองใส่รหัสดูดีกว่า)
15-0207	sound_auth	(Hey, it opened.)	(เฮ้ เปิดออกแล้ว)
15-0208	sound_auth	(Well, that didn't work.)	(อ้าว ไม่ได้ผลสินะ)
15-0209	sound_auth	(Sounds like someone's\npretty pissed up there.)	(ฟังดูเหมือนมีใครกำลังโมโห\nอยู่ข้างบนนะ)
15-0210	sound_auth	(I'll need to find a way around\nif I don't want to get caught.)	(ต้องหาทางอ้อมไป\nถ้าไม่อยากโดนจับได้)
15-0211	sound_auth	(I can get out on the roof from here.)	(จากตรงนี้ออกไปดาดฟ้าได้)
15-0212	sound_auth	(...And there's my way up.)	(...แล้วนั่นก็คือทางขึ้นของผม)
15-0213	sound_auth	(The fire escape's just over there.\nMy way down to the fifth floor.)	(บันไดหนีไฟอยู่ตรงนั้นเอง\nทางลงไปชั้นห้าของผม)
15-0214	sound_auth	(Not sure what's going on, but those guys look busy.\nI should try and sneak around them if I can.)	(ไม่รู้ว่าเกิดอะไรขึ้น แต่พวกนั้นดูยุ่งอยู่\nลองแอบอ้อมผ่านไปดีกว่าถ้าทำได้)
15-0215	sound_auth	The fuck were you thinkin', dumbass!?	มึงคิดบ้าอะไรอยู่วะ ไอ้โง่!?
15-0216	sound_auth	You dumbass!\nThe fuck were you thinkin'!?	ไอ้โง่เอ๊ย!\nมึงคิดบ้าอะไรอยู่วะ!?
15-0217	sound_auth	We warned you this was\ngonna happen!	กูเตือนมึงแล้วนะ\nว่าจะเกิดเรื่องแบบนี้!
15-0218	sound_auth	Please, I'm sorry!\nI'm so sorry...!	ขอโทษครับ ผมขอโทษจริง ๆ!\nขอโทษจริง ๆ ครับ...!
15-0219	sound_auth	(Okay, now to climb this fence.)	(เอาล่ะ ปีนรั้วนี้กันเลย)
15-0220	sound_auth	Just get the hell outta here!	ไสหัวไปให้พ้นเลยไป!
15-0221	sound_auth	Huh? But...	หา? แต่ว่า...
15-0222	sound_auth	Huh? Kaito-san?	หา? ไคโตะซัง?
15-0223	sound_auth	Is that... Kaito-san?	นั่น... ไคโตะซังเหรอ?
15-0224	sound_auth	But I got a call\nabout a broken heater...	แต่ผมได้รับโทรศัพท์\nเรื่องฮีตเตอร์เสียนี่นา...
15-0225	sound_auth	But I got a call about a broken heater...	แต่ผมได้รับแจ้งเรื่องฮีตเตอร์ เสียมานี่นา...
15-0226	sound_auth	I told you, we figured it out!\nAll fixed, nothing to see here!	บอกแล้วไงว่าเราจัดการเองได้!\nซ่อมเสร็จแล้ว ไม่มีอะไรให้ดูอีก!
15-0227	sound_auth	I told you, we figured it out!\nNo thanks to you!	บอกแล้วไงว่าจัดการเองได้!\nไม่ต้องขอบคุณมึงหรอก!
15-0228	sound_auth	Can I at least check to make sure everything's okay?\nOh, and I'll need you to sign this, too.	ขอผมเช็กสักนิดได้ไหมครับ ว่าทุกอย่างเรียบร้อยดี\nอ้อ แล้วต้องขอให้เซ็นตรงนี้ด้วยครับ
15-0229	sound_auth	I'm not signing shit. You didn't even fix anything!\nNow get the hell outta here!	กูไม่เซ็นห่าอะไรทั้งนั้น มึงยังไม่ได้ซ่อมอะไรเลยด้วยซ้ำ!\nรีบไสหัวไปซะ!
15-0230	sound_auth	I'm not signing shit, so get outta here!\nYou didn't even fix anything!	กูไม่เซ็นห่าอะไรทั้งนั้น ไสหัวไปซะ!\nมึงยังไม่ได้ซ่อมอะไรเลยด้วยซ้ำ!
15-0231	sound_auth	Actually, could I borrow your restroom?\nI'm not feeling so good...	เอ่อ ขอยืมห้องน้ำหน่อยได้ไหมครับ\nรู้สึกไม่ค่อยสบายเลย...
15-0232	sound_auth	Shit yourself for all I care!	ขี้ใส่กางเกงไปเลยกูไม่สนหรอก!
15-0233	sound_auth	Then shit yourself!	งั้นก็ขี้ใส่กางเกงไปเลย!
15-0234	sound_auth	Whaaat!?	หาาา!?
15-0235	sound_auth	(Almost there. Hold out a little\nlonger, Kaito-san!)	(อีกนิดเดียว อดทนไว้อีกหน่อยนะ\nไคโตะซัง!)
15-0236	sound_auth	What the hell're you after, huh?	มึงต้องการห่าอะไรกันแน่วะ?
15-0237	sound_auth	I already said, I just want to talk.\nLook at this.	ผมบอกไปแล้วไงว่าแค่อยากคุยด้วย\nดูนี่สิ
15-0238	sound_auth	Weren't you listening? I just want to talk to you.\nLook at this.	ไม่ได้ฟังที่ผมพูดเหรอ ผมแค่อยากคุยกับคุณ\nดูนี่สิ
15-0239	sound_auth	This is you running away\nafter abandoning Kume.	นี่คือคุณตอนที่หนีไป\nหลังทิ้งคุเมะไว้
15-0240	sound_auth	Who do you think you are?	มึงคิดว่าตัวเองเป็นใครวะ?
15-0241	sound_auth	The hell are you tryin' to say?	มึงพยายามจะพูดอะไรวะ?
15-0242	sound_auth	I'm a local detective. Hamura's lawyer\nis having me look into Kume's murder.	ผมเป็นนักสืบแถวนี้ ทนายของฮามุระ\nจ้างให้ผมสืบคดีฆาตกรรมคุเมะ
15-0243	sound_auth	I'm a Kamurocho detective. I'm looking into Kume's murder,\non behalf of Hamura's lawyer.	ผมเป็นนักสืบแถวคามุโรโจ กำลังสืบคดีฆาตกรรมคุเมะอยู่\nในนามของทนายฮามุระ
15-0244	sound_auth	So what, you're defending Hamura?	แล้วไง มึงจะปกป้องฮามุระงั้นเหรอ?
15-0245	sound_auth	Lemme get this straight...\nYou're defending that asshole, Hamura?	ขอให้มึงพูดให้ชัด...\nมึงจะปกป้องไอ้ระยำฮามุระงั้นเหรอ?
15-0246	sound_auth	You think I'm gonna tell\nyou shit, asshole!?	มึงคิดว่ากูจะบอกอะไร\nกับมึงงั้นเหรอ ไอ้เวร!?
15-0247	sound_auth	Go to hell!\nWhy should I tell you shit!?	ไปตายซะ!\nกูจะบอกมึงทำไมวะ!?
15-0248	sound_auth	I thought we already negotiated.\nYou want to go again?	ผมนึกว่าเราตกลงกันไปแล้วนะ\nอยากไปอีกรอบเหรอ?
15-0249	sound_auth	I thought we already <font_kind=yakuza_italic>negotiated</font_kind>.\nYou want to go again?	ผมนึกว่าเรา<font_kind=yakuza_italic>เจรจา</font_kind>กันไปแล้วนะ\nอยากไปอีกรอบเหรอ?
15-0250	sound_auth	You're not gettin' out of this unscathed,\ny'know. I know your face now.	มึงอย่าคิดว่าจะรอดตัวไปได้ง่าย ๆ นะ\nกูจำหน้ามึงได้แล้ว
15-0251	sound_auth	You're not walking out of this unscathed,\ny'know. I know your face now.	มึงอย่าหวังว่าจะเดินออกไปได้เฉย ๆ นะ\nกูจำหน้ามึงไว้แล้ว
15-0252	sound_auth	Do you really think Hamura killed Kume?	คุณคิดจริง ๆ เหรอว่าฮามุระฆ่าคุเมะ?
15-0253	sound_auth	'Course I do.\nWho else could've done it?	ก็แน่นอนอยู่แล้ว\nไม่งั้นใครจะทำวะ?
15-0254	sound_auth	That's what I'm trying to find out.\nI need to know what happened that night.	นั่นแหละที่ผมกำลังหาคำตอบอยู่\nผมต้องรู้ว่าคืนนั้นเกิดอะไร ขึ้นกันแน่
15-0255	sound_auth	That's what I'm trying to find out. If I can find\nthe right clues, I'll know for sure.	นั่นแหละที่ผมกำลังพยายามหาคำตอบ ถ้าเจอ\nเบาะแสที่ถูกต้อง ผมจะรู้แน่ชัด
15-0256	sound_auth	Hmph, it's as clear as day.\nHamura gouged Kume's eyes out, end of story!	ฮึ่ย มันชัดเจนอยู่แล้ว\nฮามุระควักลูกตาคุเมะออก จบข่าว!
15-0257	sound_auth	Yeah? Where? How?	เหรอ? ที่ไหน? ยังไง?
15-0258	sound_auth	In the dump behind Amour.\nBastard tortured Kume to death!	ในกองขยะหลังคลับอามูร์\nไอ้เวรทรมานคุเมะจนตาย!
15-0259	sound_auth	Actually, the murder happened somewhere else.\nAnd I have the evidence to prove it.	ที่จริงแล้วการฆาตกรรมเกิดที่อื่น\nและผมมีหลักฐานพิสูจน์ได้
15-0260	sound_auth	<color=ｍonologue>(What do I have that can\nprove that...?)</color>	<color=ｍonologue>(ผมมีอะไรที่พิสูจน์\nเรื่องนี้ได้บ้างนะ...?)</color>
15-0261	sound_auth	Take a look at this.	ดูนี่สิ
15-0262	sound_auth	The hell're you playin' at?	มึงเล่นอะไรอยู่วะ?
15-0263	sound_auth	The hell does that mean?	มันหมายความว่าไงวะ?
15-0264	sound_auth	You sayin' he was killed\ninside Amour? I don't get it.	มึงจะบอกว่ามันโดนฆ่า\nในคลับอามูร์เหรอ กูไม่เก็ตเลยว่ะ
15-0265	sound_auth	You tryin' to say Kume died in Amour?\nI don't get it.	มึงจะบอกว่าคุเมะตายในคลับอามูร์เหรอ?\nกูไม่เก็ตเลยว่ะ
15-0266	sound_auth	Actually, uh... It's kinda hard\nto tell from this. Just a sec.	เอ่อ ที่จริง... มันดูยากหน่อย\nที่จะบอกจากตรงนี้ รอเดี๋ยวนะ
15-0267	sound_auth	Actually... good point. It's kinda hard to tell from this.\nJust a sec.	ที่จริง... พูดถูกนะ มันดูยากอยู่ที่จะบอกจากตรงนี้\nรอเดี๋ยวนะ
15-0268	sound_auth	<color=ｍonologue>(Kume's body was found behind Amour,\nbut the murder happened somewhere else.)</color>	<color=ｍonologue>(ศพของคุเมะถูกพบหลังคลับอามูร์\nแต่การฆาตกรรมเกิดขึ้นที่อื่น)</color>
15-0269	sound_auth	<color=ｍonologue>(What do I have that can prove that...?)</color>	<color=ｍonologue>(ผมมีอะไรที่พิสูจน์เรื่องนี้ได้บ้างนะ...?)</color>
15-0270	sound_auth	As you can see here,\nthe security camera behind Amour is broken.	อย่างที่เห็นตรงนี้\nกล้องวงจรปิดหลังคลับอามูร์เสียอยู่
15-0271	sound_auth	There's a security camera behind Amour.\nBut take a close look: it's broken.	มีกล้องวงจรปิดอยู่หลังคลับอามูร์\nแต่ลองดูดี ๆ สิ มันเสียอยู่
15-0272	sound_auth	And your point is?\nI'm not gettin' it.	แล้วมันเกี่ยวอะไรวะ?\nกูไม่เก็ตเลย
15-0273	sound_auth	Okay? Who gives a shit?\nI'm not gettin' it.	แล้วไง? ใครแคร์วะ?\nกูไม่เก็ตเลย
15-0274	sound_auth	So what? I don't get it.	แล้วไงวะ? กูไม่เก็ตเลย
15-0275	sound_auth	<color=ｍonologue>(Hamura drove the owner of Amour outside.\nBut, I guess Murase himself isn't shown.)</color>	<color=ｍonologue>(ฮามุระไล่เจ้าของคลับอามูร์ออก ไปข้างนอก\nแต่ตัวมุราเสะเองไม่ปรากฏในภาพเลย)</color>
15-0276	sound_auth	(That's right. There's a hint\nin this picture.)	(ใช่แล้ว มีเบาะแส\nอยู่ในภาพนี้)
15-0277	sound_auth	(Kume's body was moved here after he died.\nThere was something in this picture that showed that.)	(ศพของคุเมะถูกย้ายมาที่นี่หลังตาย\nมีบางอย่างในภาพนี้ที่บ่งบอกได้)
15-0278	sound_auth	(The corpse had its eyes gouged out,\nbut let's not touch on that now.)	(ศพถูกควักลูกตาออก\nแต่ตอนนี้ยังไม่พูดถึงเรื่อง นั้นดีกว่า)
15-0279	sound_auth	(The corpse of Toshiro Kume, a Kyorei Clan yakuza.\nNo point in telling Murase that, though.)	(ศพของโทชิโร คุเมะ ยากูซ่าตระกูลเคียวเรอิ\nแต่บอกมุราเสะไปก็ไม่มีประโยชน์อะไร)
15-0280	sound_auth	(The garbage isn't important.)	(กองขยะไม่ใช่จุดสำคัญ)
15-0281	sound_auth	(What I need to show is that Kume was killed\nsomewhere else than this picture shows.)	(สิ่งที่ผมต้องแสดงให้เห็นคือ คุเมะถูกฆ่า\nที่อื่น ไม่ใช่จุดที่ภาพนี้แสดง)
15-0282	sound_auth	(If I recall correctly, they didn't find a wallet\nor phone in his pockets.)	(ถ้าจำไม่ผิด พวกเขาไม่เจอกระเป๋าสตางค์\nหรือโทรศัพท์ในกระเป๋าเขาเลย)
15-0283	sound_auth	(No signs of blood on the ground.\nThat's it!)	(ไม่มีร่องรอยเลือดบนพื้นเลยสักนิด\nนั่นแหละ!)
15-0284	sound_auth	What the hell?\nThat's... Kume!	อะไรวะเนี่ย?\nนั่นมัน... คุเมะ!
15-0285	sound_auth	Sorry, I'm sure this\nis tough to look at.	ขอโทษด้วยครับ ผมรู้ว่า\nภาพนี้คงดูยากสำหรับคุณ
15-0286	sound_auth	Sorry if this is tough to look at.	ขอโทษด้วยถ้าภาพนี้ดูยากไปหน่อย
15-0287	sound_auth	But as you can see, there's almost\nno blood around his body.	แต่อย่างที่เห็น แทบไม่มี\nเลือดรอบตัวเขาเลย
15-0288	sound_auth	But... it's pretty clear from the picture\nthat there's barely any blood around the body.	แต่... จากภาพก็เห็นชัดอยู่\nว่าแทบไม่มีเลือดรอบศพเลย
15-0289	sound_auth	That means he was killed somewhere else,\nthen transported to the alleyway.	นั่นแปลว่าเขาถูกฆ่าที่อื่น\nแล้วค่อยถูกย้ายมาที่ตรอกนี้
15-0290	sound_auth	Oh... I guess so, huh?\nIt doesn't add up, does it?	อ้อ... ก็คงงั้นแหละนะ?\nมันไม่สมเหตุสมผลเลยจริง ๆ
15-0291	sound_auth	Huh, guess so...\nWell, I see what you mean...	อือ ก็คงงั้นแหละ...\nเออ เข้าใจที่แกพูดแล้วล่ะ...
15-0292	sound_auth	So. You ready to talk now?	เอาล่ะ พร้อมจะคุยกันหรือยัง?
15-0293	sound_auth	So, you ready to talk now?	เอาล่ะ พร้อมคุยแล้วใช่ไหม?
15-0294	sound_auth	<color=ｍonologue>(I think I can finally get to\nthe main topic now.)</color>	<color=ｍonologue>(คิดว่าในที่สุดก็เข้าเรื่องหลัก\nได้สักทีแล้ว)</color>
15-0295	sound_auth	Okay, let's take it from the top.	เอาล่ะ เริ่มเล่าตั้งแต่ต้นเลย
15-0296	sound_auth	Now. After you ran away from Amour,\nwhere exactly did you go?	เอาล่ะ หลังจากที่คุณหนีออกจากคลับอามูร์\nคุณไปที่ไหนต่อกันแน่?
15-0297	sound_auth	You couldn't just let them\ntake Kume, could you?	คุณคงปล่อยให้พวกมัน\nจับคุเมะไปเฉย ๆ ไม่ได้ใช่ไหม?
15-0298	sound_auth	They took your buddy Kume.\nYou wouldn't take that lying down.	พวกมันจับเพื่อนคุณอย่างคุเมะไป\nคุณคงยอมอยู่เฉย ๆ ไม่ได้หรอก
15-0299	sound_auth	Yeah. I had to do something.	ใช่ ฉันต้องทำอะไรสักอย่าง
15-0300	sound_auth	...I had to do somethin'.	...ฉันต้องทำอะไรสักอย่างจริง ๆ
15-0301	sound_auth	So I went to round up the rest of the clan.\nWe had to take Kume back.	เลยไปรวบรวมคนในตระกูลที่เหลือ\nต้องเอาตัวคุเมะกลับมาให้ได้
15-0302	sound_auth	So I went to round up the boys.\nRally the Kyorei and take Kume back, see?	เลยไปรวบรวมพรรคพวก\nระดมตระกูลเคียวเรอิไปเอาตัว คุเมะกลับมา เข้าใจไหม?
15-0303	sound_auth	But nobody would help, would they?	แต่ไม่มีใครยอมช่วยเลยสักคนใช่ไหม
15-0304	sound_auth	You kiddin'? Of course they helped.\nWe burst in there ready to bust heads.	ล้อเล่นรึไง? แน่นอนว่าพวกเขาช่วยสิ\nพวกเราบุกเข้าไปพร้อมจะซัดหัว ใครก็ตามที่ขวางทาง
15-0305	sound_auth	What, you kiddin'? Of course they helped.\nWe all busted our way into Amour.	อะไรนะ ล้อเล่นรึไง? แน่นอนว่าพวกเขาช่วยสิ\nพวกเราบุกฝ่าเข้าไปในอามูร์กัน หมดทุกคน
15-0306	sound_auth	But I thought nobody else\nwent in or out of Amour.	แต่ผมนึกว่าไม่มีใครอื่น\nเข้าออกอามูร์เลยนะ
15-0307	sound_auth	Wait. I thought nobody else\nwent in or out of Amour.	เดี๋ยวนะ ผมนึกว่าไม่มีใครอื่น\nเข้าออกอามูร์เลยนี่
15-0308	sound_auth	What, you mean 'cause the camera\ndidn't see anyone?	อะไร หมายความว่าเพราะกล้อง\nไม่เห็นใครงั้นเหรอ
15-0309	sound_auth	Heh. Funny thing, that. Turns out you can't\nget seen if the camera's broken.	ฮึ ตลกดีนะ ปรากฏว่าไม่มีทาง\nถูกกล้องจับภาพได้ ถ้ากล้องมันพังไปแล้ว
15-0310	sound_auth	See, we didn't go in the front way. We went round\nthe back where the camera was broken.	คือพวกเราไม่ได้เข้าทางหน้าไง เราอ้อมไป\nทางหลังตรงที่กล้องพังนั่นแหละ
15-0311	sound_auth	The back alley was our ticket in.	ตรอกหลังร้านนั่นแหละคือทางเข้าของเรา
15-0312	sound_auth	That was our ticket into Amour.	นั่นแหละคือทางที่พาเราเข้าไปใน อามูร์ได้
15-0313	sound_auth	So you really went inside?	งั้นคุณเข้าไปข้างในจริง ๆ เหรอ
15-0314	sound_auth	Through the back alley?\nYou were in Amour?	ผ่านตรอกหลังร้านเหรอ\nคุณอยู่ในอามูร์จริง ๆ เหรอ
15-0315	sound_auth	Yup. Not a soul in the house, though.\nTrust me, we searched the whole damn joint.	ใช่ แต่ในนั้นไม่มีใครสักคนเลย\nเชื่อผมสิ พวกเราค้นทั่วทั้งร้านแล้ว
15-0316	sound_auth	And when was that?	แล้วนั่นมันตอนไหน
15-0317	sound_auth	Just after midnight, I suppose.	คงจะช่วงหลังเที่ยงคืนไปหน่อยมั้ง
15-0318	sound_auth	Just after midnight.	ช่วงหลังเที่ยงคืนไปหน่อย
15-0319	sound_auth	Right when the prosecution says\nHamura was laying into Kume.	ตรงกับช่วงที่ฝ่ายอัยการบอกว่า\nฮามุระกำลังซ้อมคุเมะอยู่พอดี
15-0320	sound_auth	According to the prosecution, that's when Hamura\nwas kicking Kume around in Amour.	ตามคำของฝ่ายอัยการ นั่นคือช่วงที่ฮามุระ\nกำลังรุมกระทืบคุเมะอยู่ในอามูร์
15-0321	sound_auth	If you're telling the truth,\nthat's a clear contradiction.	ถ้าคุณพูดความจริง\nนั่นก็ขัดแย้งกันชัด ๆ
15-0322	sound_auth	If you're telling the truth,\ntheir story doesn't hold up.	ถ้าคุณพูดความจริง\nเรื่องที่ฝ่ายนั้นเล่าก็ฟังไม่ขึ้นเลย
15-0323	sound_auth	Hmph. Who gives a shit\nwhat the prosecution says?	ฮึ่ม ใครสนวะ\nว่าฝ่ายอัยการจะพูดอะไร
15-0324	sound_auth	Hamura killed Kume, and that's that.\nAin't no other way!	ฮามุระฆ่าคุเมะ จบ\nไม่มีทางเป็นอื่นไปได้หรอกวะ!
15-0325	sound_auth	I told you. Hamura killed Kume!\nAin't no other way!	บอกแล้วไง ฮามุระฆ่าคุเมะ!\nไม่มีทางเป็นอื่นไปได้หรอก!
15-0326	sound_auth	Maybe so. But the police\nstill need to hear your story.	อาจจะใช่ แต่ตำรวจ\nก็ยังต้องฟังเรื่องจากปากคุณอยู่ดี
15-0327	sound_auth	Maybe so. Still, if they want the truth,\nthe police need to hear your story.	อาจจะใช่ แต่ถ้าอยากรู้ความจริง\nตำรวจก็ต้องฟังเรื่องจากปากคุณ
15-0328	sound_auth	If you could just testify to that...	ถ้าคุณช่วยให้การเรื่องนี้ได้...
15-0329	sound_auth	So if you wouldn't mind taking the stand...	ถ้าคุณไม่ว่าอะไรที่จะขึ้นให้การ...
15-0330	sound_auth	You gotta be kidding me.\nWhy the fuck would I do that, huh?	คุณต้องล้อเล่นแน่ ๆ\nจะให้ฉันทำแบบนั้นทำไมวะ ห๊ะ?
15-0331	sound_auth	You fuckin' kiddin'?\nWhy the fuck would I do that, huh?	ล้อเล่นรึไงวะเนี่ย\nจะให้ฉันทำแบบนั้นทำไมวะ ห๊ะ?
15-0332	sound_auth	<color=ｍonologue>(Can't force him to testify.\nNothing I can do about that.)</color>	<color=ｍonologue>(บังคับให้เขาให้การไม่ได้หรอก\nเรื่องนั้นผมทำอะไรไม่ได้)</color>
15-0333	sound_auth	...It was worth a try.	...ก็คุ้มที่ได้ลอง
15-0334	sound_auth	Heh. Nice work.	เฮอะ ทำได้ดีนี่
15-0335	sound_auth	I think I get it.	คิดว่าเข้าใจแล้วนะ
15-0336	sound_auth	So Murase busts into Amour,\nand who does he find? Absolutely nobody.	งั้นมุราเสะบุกเข้าไปในอามูร์\nแล้วเจอใคร? ไม่เจอใครเลยสักคน
15-0337	sound_auth	So Murase and his crew... They bust into Amour\naround midnight, and find nobody.	งั้นมุราเสะกับพวก... พวกเขาบุกเข้าไปในอามูร์\nช่วงเที่ยงคืน แล้วไม่เจอใครเลย
15-0338	sound_auth	Yup. Captain Hamura said he kicked Kume out,\nthen hit the sauna right around midnight.	ใช่ กัปตันฮามุระบอกว่าไล่คุเมะออกไป\nแล้วก็ไปแวะซาวน่าตอนช่วง เที่ยงคืนพอดี
15-0339	sound_auth	Yup. Captain Hamura said he kicked Kume out,\nthen went for a quick steam right around midnight.	ใช่ กัปตันฮามุระบอกว่าไล่คุเมะออกไป\nแล้วก็ไปอบซาวน่าเร็ว ๆ ช่วงเที่ยงคืนพอดี
15-0340	sound_auth	The stories match up.	เรื่องราวสองฝั่งตรงกันพอดี
15-0341	sound_auth	You really think he's innocent?	นายคิดจริง ๆ เหรอว่าเขาบริสุทธิ์
15-0342	sound_auth	So Captain Hamura's clear?\nYou think he's really innocent?	งั้นกัปตันฮามุระพ้นข้อสงสัยแล้วสินะ\nนายคิดจริง ๆ เหรอว่าเขาบริสุทธิ์
15-0343	sound_auth	Not sure. Our next step is finding\nproof he was at that sauna.	ยังไม่แน่ใจ ก้าวต่อไปของเราคือหา\nหลักฐานว่าเขาอยู่ที่ซาวน่าจริง
15-0344	sound_auth	Can't say until we have proof\nthat he was at the sauna.	ยังบอกไม่ได้จนกว่าจะมีหลักฐาน\nว่าเขาอยู่ที่ซาวน่าจริง
15-0345	sound_auth	Guess that's that. Well, I'm pooped.\nHow 'bout we call it here for tonight?	ก็คงงั้นแหละ เอาล่ะ ฉันเหนื่อยแล้ว\nพักไว้แค่นี้ก่อนคืนนี้ดีไหม
15-0346	sound_auth	Well, guess that's it for tonight, then.\nI think we better call it here. More tomorrow?	เอาล่ะ งั้นก็พอแค่นี้สำหรับคืนนี้\nคิดว่าเราน่าจะพักไว้ตรงนี้ก่อน พรุ่งนี้ค่อยว่ากันต่อนะ
15-0347	sound_auth	Good call.	ความคิดดี
15-0348	sound_auth	I'll see you tomorrow, Kaito-san.	แล้วพบกันพรุ่งนี้นะครับ ไคโตะซัง
15-0349	sound_auth	Okay...\nI'll see you tomorrow, Kaito-san.	โอเค...\nแล้วพบกันพรุ่งนี้นะครับ ไคโตะซัง
15-0350	sound_auth	Murase saw your face, yeah?\nYou should be careful 'round town.	มุราเสะเห็นหน้านายแล้วใช่ไหม\nนายควรระวังตัวเวลาเดินในเมืองหน่อยนะ
15-0351	sound_auth	One more thing. Murase saw your face, yeah?\nYou should be careful 'round town.	อีกอย่างนะ มุราเสะเห็นหน้านายแล้วใช่ไหม\nนายควรระวังตัวเวลาเดินในเมืองหน่อย
15-0352	sound_auth	(I got all I need from Murase.\nI should probably report back to Shintani.)	(ผมได้ข้อมูลที่ต้องการจาก มุราเสะครบแล้ว\nคงต้องไปรายงานให้อาจารย์ชินทานิฟัง)
15-0353	sound_auth	Hey, you find anything?	เฮ้ เจออะไรบ้างไหม
15-0354	sound_auth	Hey. You find anything?	เฮ้ เจออะไรบ้างหรือเปล่า
15-0355	sound_auth	Sure did. Murase spilled the beans over\nat the Kyorei hideout. Place called KJ Art.	เจอครับ มุราเสะยอมปล่อยข้อมูลหมด\nที่ที่ซ่อนของตระกูลเคียวเรอิ ตึกชื่อ KJ Art
15-0356	sound_auth	Managed to find Murase at the Kyorei's hideout.\nIt's in the KJ Art building, on the upper floors.	หามุราเสะเจอที่ที่ซ่อนของ ตระกูลเคียวเรอิครับ\nอยู่ในตึก KJ Art ชั้นบน ๆ
15-0357	sound_auth	And you made it out of there\nin one piece? Incredible.	แล้วนายรอดออกมา\nได้แบบไม่มีแผลเลยเหรอ สุดยอดจริง ๆ
15-0358	sound_auth	And you made it out of there in one piece?\nYou sure you're okay?	แล้วนายรอดออกมาได้แบบไม่มีแผลเลยเหรอ\nแน่ใจนะว่าไม่เป็นไร
15-0359	sound_auth	All in a day's work...\nShintani-sensei.	งานประจำวันน่ะครับ...\nอาจารย์ชินทานิ
15-0360	sound_auth	So. According to Murase,\nAmour was empty at midnight on the 3rd.	เอาล่ะ ตามคำของมุราเสะ\nอามูร์ว่างเปล่าตอนเที่ยงคืนวันที่ 3
15-0361	sound_auth	So at midnight on the 3rd, Murase's account says\nAmour was totally empty.	งั้นตอนเที่ยงคืนวันที่ 3 ตามคำของมุราเสะ\nอามูร์ว่างเปล่าไม่มีใครเลย
15-0362	sound_auth	That directly contradicts the prosecution's assertion\nthat Hamura was beating Kume to death at the time.	นั่นขัดแย้งตรง ๆ กับข้อกล่าวหาของฝ่ายอัยการ\nที่ว่าฮามุระกำลังทุบตีคุเมะ จนตายอยู่ตอนนั้น
15-0363	sound_auth	That's a direct contradiction. The prosecution asserts\nthat Hamura was beating Kume to death at the time.	นี่มันขัดแย้งกันตรง ๆ ฝ่ายอัยการกล่าวหา\nว่าฮามุระกำลังทุบตีคุเมะจนตาย อยู่ตอนนั้น
15-0364	sound_auth	Wow, that's a helluva find.\nBut is Murase gonna testify?	โห นี่มันเจ๋งมากเลยนะ\nแต่มุราเสะจะยอมขึ้นให้การไหมล่ะ
15-0365	sound_auth	Wow, what a find...\nSo, then? Is Murase gonna testify?	โห เจอของดีเลยนะเนี่ย...\nแล้วไงต่อ มุราเสะจะยอมขึ้นให้การไหม
15-0366	sound_auth	It's not that easy.	มันไม่ง่ายขนาดนั้นครับ
15-0367	sound_auth	Nah, it's not that easy.	ไม่หรอกครับ มันไม่ง่ายขนาดนั้น
15-0368	sound_auth	...It never is.	...ไม่เคยง่ายเลยสักครั้ง
15-0369	sound_auth	Either way, Murase's telling the truth.\nI found something that backs his story up.	ยังไงก็ตาม มุราเสะพูดความจริงครับ\nผมเจอหลักฐานที่ยืนยันคำพูดของเขาได้
15-0370	sound_auth	But it's clear Murase's telling the truth.\nHis story lines up with what we found.	แต่เห็นได้ชัดว่ามุราเสะพูดความจริง\nคำพูดของเขาตรงกับสิ่งที่เราเจอ
15-0371	sound_auth	This is Amour, three hours after\nHamura took Kume. Midnight.	นี่คืออามูร์ สามชั่วโมงหลังจาก\nฮามุระพาคุเมะไป ช่วงเที่ยงคืน
15-0372	sound_auth	This is Amour, three hours after Hamura took Kume.\nJust around midnight.	นี่คืออามูร์ สามชั่วโมงหลังจากฮามุระพาคุเมะไป\nช่วงเที่ยงคืนพอดี
15-0373	sound_auth	Take a good look at\nthe edge of the screen.	ลองมองดี ๆ\nตรงขอบจอนะครับ
15-0374	sound_auth	Watch the bottom of the screen.\nShouldn't take long.	ดูตรงด้านล่างของจอไว้นะครับ\nคงไม่นานหรอก
15-0375	sound_auth	<color=ｍonologue>(So they saw the camera,\nthen headed to the back door.)</color>	<color=ｍonologue>(งั้นพวกเขาเห็นกล้อง\nแล้วก็มุ่งไปทางประตูหลัง)</color>
15-0376	sound_auth	You don't see any of 'em go inside,\nso I thought nothing of it.	ไม่เห็นใครเดินเข้าไปข้างในเลยสักคน\nเลยไม่ได้คิดอะไรกับมัน
15-0377	sound_auth	They don't go into Amour from here,\nso I figured it was useless.	พวกเขาไม่ได้เข้าอามูร์จากทางนี้\nเลยคิดว่ามันไม่มีประโยชน์อะไร
15-0378	sound_auth	But the stories match up. Murase and his guys\nwent to Amour to take Kume back.	แต่เรื่องราวมันตรงกันครับ มุราเสะกับพวก\nไปที่อามูร์เพื่อพาคุเมะกลับมา
15-0379	sound_auth	And they left empty-handed.	แล้วก็กลับมามือเปล่า
15-0380	sound_auth	Sounds like we need to talk to Captain Hamura.\nThere are too many unanswered questions.	ดูเหมือนเราต้องคุยกับ กัปตันฮามุระอีกครั้ง\nยังมีคำถามที่ไม่มีคำตอบอยู่ เยอะเกินไป
15-0381	sound_auth	Sounds like we need to talk to Captain Hamura.\nIt's about time we got some answers.	ดูเหมือนเราต้องคุยกับ กัปตันฮามุระอีกครั้ง\nถึงเวลาแล้วที่เราควรจะได้คำตอบสักที
15-0382	sound_auth	Agreed.\nI'll set up another visit.	เห็นด้วยครับ\nผมจะจัดการนัดเข้าเยี่ยมอีกครั้ง
15-0383	sound_auth	Give me a call once you do.	จัดการเสร็จแล้วโทรบอกฉันด้วยนะ
15-0384	sound_auth	Yagami-san.\nYou spoke to Mafuyu, yes?	ยากามิซัง\nนายไปคุยกับมาฟุยุมาใช่ไหม
15-0385	sound_auth	Huh? Yeah, why do you ask?	หา? ใช่ครับ ทำไมถึงถามล่ะ
15-0386	sound_auth	Hm...? Yeah, why?	หืม...? ใช่ครับ ทำไมเหรอ
15-0387	sound_auth	She seemed happy.\nIt had been a while since she last saw you.	เธอดูมีความสุขดีนะ\nไม่ได้เจอนายมาตั้งนาน
15-0388	sound_auth	Mafuyu... seemed happy.\nIt's been a while since she saw you.	มาฟุยุ... ดูมีความสุขดีนะ\nไม่ได้เจอนายมาตั้งนาน
15-0389	sound_auth	Oh. Cool?	อ๋อ เหรอครับ
15-0390	sound_auth	But she looked sad, too.	แต่เธอก็ดูเศร้าไปด้วยเหมือนกันนะ
15-0391	sound_auth	Sad? Wonder why.	เศร้าเหรอ ไม่รู้ทำไมเหมือนกัน
15-0392	sound_auth	As do I.\nSee you later.	ฉันก็สงสัยเหมือนกัน\nแล้วเจอกันนะ
15-0393	sound_auth	Why indeed.\nSee you.	ก็นั่นสิ ทำไมกันนะ\nแล้วเจอกัน
15-0394	sound_auth	Hey, Hamura's ready for us.\nTake a cab over to the Kamurocho Police Station.	เฮ้ ฮามุระพร้อมให้เราเข้าไปคุยแล้ว\nเรียกแท็กซี่ไปที่ สถานีตำรวจคามุโรโจเลยนะ
15-0395	sound_auth	It's Shintani. Hamura's ready for us.\nTake a cab over to the Kamurocho Police Station.	ชินทานิพูดนะ ฮามุระพร้อมให้เราเข้าไปคุยแล้ว\nเรียกแท็กซี่ไปที่ สถานีตำรวจคามุโรโจเลย
15-0396	sound_auth	Will do. Thanks.	ได้ครับ ขอบคุณครับ
15-0397	sound_auth	When the fuck am I\ngetting outta here, Tak?	กูจะได้ออกจากที่นี่\nเมื่อไหร่วะ ทาคุ
15-0398	sound_auth	Don't ask me.\nShintani-sensei's your lawyer, remember?	อย่าถามผมสิครับ\nอาจารย์ชินทานิต่างหากที่เป็น ทนายของคุณ ลืมแล้วเหรอ
15-0399	sound_auth	Hamura-san.\nI've got something to show you.	ฮามุระซัง\nผมมีอะไรจะให้คุณดูครับ
15-0400	sound_auth	December 3rd. 11:55 PM.	วันที่ 3 ธันวาคม 23:55 น.
15-0401	sound_auth	A Kyorei man by the name of Murase\ncomes to Amour to rescue Kume.	คนของตระกูลเคียวเรอิชื่อมุราเสะ\nมาที่อามูร์เพื่อช่วยคุเมะ
15-0402	sound_auth	Not wanting to be seen by the cameras,\nhe goes in through the back.	เพราะไม่อยากให้กล้องจับภาพได้\nเขาเลยเข้าไปทางประตูหลัง
15-0403	sound_auth	Murase said there wasn't a soul in sight.	มุราเสะบอกว่าไม่เห็นใครอยู่ใน นั้นเลยสักคน
15-0404	sound_auth	Murase said there wasn't\na soul in sight.	มุราเสะบอกว่าไม่เห็น\nใครอยู่ในนั้นเลยสักคน
15-0405	sound_auth	Well yeah.\nI'd already hopped over to the sauna.	ก็ใช่สิ\nกูไปแวะที่ซาวน่าตั้งแต่ตอนนั้นแล้ว
15-0406	sound_auth	Well, yeah.\nI hopped over to the sauna for a quick steam.	ก็ใช่ไง\nกูไปอบซาวน่าเร็ว ๆ ตอนนั้นแหละ
15-0407	sound_auth	And what did you do with Kume?	แล้วคุณทำอะไรกับคุเมะ
15-0408	sound_auth	I already told you,\nI threw him out the back.	บอกไปแล้วไง\nกูไล่มันออกไปทางหลังร้าน
15-0409	sound_auth	And before that?	แล้วก่อนหน้านั้นล่ะ
15-0410	sound_auth	Around 10:00, you kicked everyone else out\nso you could be alone with Kume.	ประมาณสี่ทุ่ม คุณไล่คนอื่นออกไปหมด\nเพื่อให้อยู่กับคุเมะแค่สองคน
15-0411	sound_auth	Around 10:00, you kicked everyone else out of the club.\nAll so you could be alone with Kume.	ประมาณสี่ทุ่ม คุณไล่ทุกคนออกจากคลับ\nทั้งหมดก็เพื่อให้อยู่กับคุเมะ ตามลำพัง
15-0412	sound_auth	I have testimony to back that up.	ผมมีคำให้การที่ยืนยันเรื่องนี้ได้
15-0413	sound_auth	Why'd you do it though?	แล้วทำไมถึงทำแบบนั้นล่ะ
15-0414	sound_auth	But why'd you do it?	แต่ทำไมถึงทำแบบนั้นล่ะ
15-0415	sound_auth	What can I say, I guess Kume\nreminded me of an old friend.	จะให้พูดไงดีวะ คุเมะ\nทำให้กูนึกถึงเพื่อนเก่าน่ะ
15-0416	sound_auth	Well... It was that Kume guy.\nReminded me of an old friend.	ก็... เจ้าคุเมะน่ะ\nมันทำให้กูนึกถึงเพื่อนเก่า
15-0417	sound_auth	I must've been feeling nostalgic.\nWho knows, though. I was pretty plastered.	คงคิดถึงอดีตขึ้นมาละมั้ง\nแต่ก็ไม่รู้เหมือนกันวะ กูเมาหนักอยู่
15-0418	sound_auth	Maybe I was feeling kinda nostalgic?\nYou gotta remember, I was pretty plastered.	อาจจะคิดถึงอดีตขึ้นมามั้ง?\nนายต้องเข้าใจนะ กูเมาหนักอยู่ตอนนั้น
15-0419	sound_auth	<color=ｍonologue>(He's suddenly getting evasive. Even pulled the\n"I was too drunk to remember" card.)</color>	<color=ｍonologue>(จู่ ๆ เขาก็เริ่มพูดกวนน้ำให้ขุ่น ถึงขั้นงัด\n"เมาจนจำไม่ได้" ออกมาเลย)</color>
15-0420	sound_auth	That so? Did you need to kick\neveryone out just for that?	งั้นเหรอ แค่นั้นถึงกับต้องไล่\nทุกคนออกไปเลยเชียวเหรอ
15-0421	sound_auth	Is that all? You kicked everyone out\njust for that?	แค่นั้นเองเหรอ คุณไล่ทุกคนออกไป\nแค่เพราะเรื่องนั้นเนี่ยนะ
15-0422	sound_auth	I told you, I was drunk.\nWho knows what I was thinking.	บอกแล้วไงว่ากูเมา\nใครจะไปรู้ว่าตอนนั้นกูคิดอะไรอยู่
15-0423	sound_auth	I don't know, I was blackout drunk!	ไม่รู้ว่ะ ตอนนั้นกูเมาจนสลบไปเลย!
15-0424	sound_auth	You seem to remember other parts clearly,\nthough. Like when you left the club.	แต่คุณกลับจำเรื่องอื่นได้ชัดเจนดีนะ\nอย่างเช่นตอนที่ออกจากคลับ
15-0425	sound_auth	Yet somehow you remember pretty clearly\nwhen you left the club.	แต่ไม่รู้ทำไม คุณถึงจำได้ชัดเจนมาก\nว่าออกจากคลับตอนไหน
15-0426	sound_auth	What're you getting at?	จะพูดอะไรกันแน่วะ
15-0427	sound_auth	For a so-called innocent man with an alibi...	สำหรับคนที่อ้างว่าบริสุทธิ์และ มีพยานที่อยู่...
15-0428	sound_auth	For a so-called innocent man with an alibi,\neven if you didn't kill Kume...	สำหรับคนที่อ้างว่าบริสุทธิ์และ มีพยานที่อยู่\nต่อให้คุณไม่ได้ฆ่าคุเมะจริง...
15-0429	sound_auth	...Your story has an awful lot of holes.	...เรื่องที่คุณเล่ามันมีช่องโหว่ เยอะเกินไป
15-0430	sound_auth	You wouldn't hide something\nfrom us, would you?	คุณคงไม่ปิดบังอะไร\nจากเราอยู่หรอกใช่ไหม
15-0431	sound_auth	You're not hiding something\nfrom us, right?	คุณไม่ได้ปิดบังอะไร\nจากเราอยู่ใช่ไหม
15-0432	sound_auth	'Course not.	แน่นอนอยู่แล้ว
15-0433	sound_auth	Something like...\nThe true killer's identity?	อย่างเช่น...\nตัวตนของฆาตกรตัวจริงงั้นเหรอ
15-0434	sound_auth	I said I'm not hiding shit!	บอกแล้วไงว่ากูไม่ได้ปิดบังห่า อะไรทั้งนั้น!
15-0435	sound_auth	Now get the hell out there\nand prove my alibi!	รีบไปหาทาง\nพิสูจน์พยานที่อยู่ให้กูซะสิวะ!
15-0436	sound_auth	I was at the sauna all night long.\nProve that and I'm in the clear!	กูอยู่ที่ซาวน่าทั้งคืนเลย\nพิสูจน์เรื่องนั้นได้ กูก็พ้นผิดแล้ว!
15-0437	sound_auth	I need to have a backup plan\nin case your alibi doesn't pan out.	ผมต้องมีแผนสำรองไว้\nเผื่อพยานที่อยู่ของคุณพิสูจน์ไม่ได้
15-0438	sound_auth	There's always a chance your alibi won't hold water.\nI'll need a backup plan just in case.	ยังไงก็มีโอกาสที่พยานที่อยู่ ของคุณจะพิสูจน์ไม่ได้\nผมเลยต้องมีแผนสำรองไว้เผื่อไว้ก่อน
15-0439	sound_auth	But I can't help you if you're gonna\nhide things from your lawyer.	แต่ผมช่วยคุณไม่ได้หรอก ถ้าคุณจะ\nปิดบังเรื่องจากทนายของคุณแบบนี้
15-0440	sound_auth	But... I can't help you if you keep\nhiding stuff from me.	แต่... ผมช่วยคุณไม่ได้หรอก ถ้าคุณยังจะ\nปิดบังเรื่องจากผมแบบนี้ต่อไป
15-0441	sound_auth	You're suspected of abducting a rival clan member,\ngouging his eyes out, and dumping him in an alleyway.	คุณถูกสงสัยว่าลักพาตัวสมาชิก ตระกูลคู่แข่ง\nควักลูกตาเขาออก แล้วทิ้งศพไว้ในตรอก
15-0442	sound_auth	Abducting a rival clan member, gouging his eyes out\nand dumping the body...	ลักพาตัวสมาชิกตระกูลคู่แข่ง ควักลูกตาเขาออก\nแล้วทิ้งศพไว้...
15-0443	sound_auth	They'll lock you up and toss the key\nif we can't win this.	พวกเขาจะขังคุณไว้แล้วทิ้งกุญแจไปเลย\nถ้าเราเอาชนะคดีนี้ไม่ได้
15-0444	sound_auth	You'll hang for this if we can't\nclear your name.	คุณจะโดนแขวนคอเพราะเรื่องนี้แน่ ถ้าเรา\nล้างมลทินให้คุณไม่ได้
15-0445	sound_auth	Has that thought even\ncrossed your mind?	ความคิดนี้เคยผ่าน\nเข้ามาในหัวคุณบ้างไหม
15-0446	sound_auth	That doesn't seem to faze you.	ดูเหมือนคุณจะไม่สะทกสะท้านอะไรเลยนะ
15-0447	sound_auth	Or are all yakuza just that fearless\nin the face of a life sentence?	หรือว่ายากูซ่าทุกคนกล้าขนาดนี้\nเวลาเจอโทษจำคุกตลอดชีวิต
15-0448	sound_auth	Are all yakuza this fearless?	ยากูซ่าทุกคนกล้าขนาดนี้เลยเหรอ
15-0449	sound_auth	Fear has nothing to do with it.\nBut like hell am I gonna beg you to save me.	เรื่องนี้ไม่เกี่ยวกับความกลัวหรอกวะ\nแต่กูไม่มีทางง้อขอให้มึงช่วยกูหรอก
15-0450	sound_auth	Fear has nothing to do with it. I'm just not\ngonna bow down and beg you to save me.	เรื่องนี้ไม่เกี่ยวกับความกลัวหรอกวะ กูแค่ไม่\nยอมก้มหัวขอร้องให้มึงช่วยกูหรอก
15-0451	sound_auth	Then who would you beg?	งั้นนายจะไปง้อใครกันล่ะ
15-0452	sound_auth	Then who <font_kind=yakuza_italic>would</font_kind> you beg?	งั้นนาย<font_kind=yakuza_italic>จะ</font_kind>ไปง้อใครกันล่ะ
15-0453	sound_auth	None of your business.	ไม่ใช่ธุระอะไรของมึง
15-0454	sound_auth	...Anyone else.	...ใครก็ได้ทั้งนั้นแหละ
15-0455	sound_auth	It's only a matter of time, Hamura.\nI'll figure out what you're hiding.	แค่เรื่องเวลาเท่านั้นแหละ ฮามุระ\nผมจะหาให้เจอให้ได้ว่าคุณปิดบัง อะไรอยู่
15-0456	sound_auth	It's only a matter of time.\nI'll figure out what you're hiding.	แค่เรื่องเวลาเท่านั้นแหละ\nผมจะหาให้เจอให้ได้ว่าคุณปิดบัง อะไรอยู่
15-0457	sound_auth	Hey, Yagami!	เฮ้ ยากามิ!
15-0458	sound_auth	Yo. Sounds like you've been busy.	โย่ ท่าทางนายจะยุ่งมาเหมือนกันนะ
15-0459	sound_auth	Had a little chat with Hamura.\nWasn't real productive.	ผมได้คุยกับฮามุระมานิดหน่อย\nแต่ก็ไม่ค่อยได้อะไรเท่าไหร่
15-0460	sound_auth	Had a little chat with Hamura.\nDidn't get much out of him, though.	ผมได้คุยกับฮามุระมานิดหน่อย\nแต่ก็ไม่ได้อะไรจากเขามากนัก
15-0461	sound_auth	Figures.	เดาได้เลยว่ะ
15-0462	sound_auth	Too bad.	โชคร้ายจัง
15-0463	sound_auth	He's keeping something from us. There might\nbe more to this case than we thought.	เขาปิดบังอะไรบางอย่างจากเรา คดีนี้อาจจะ\nมีอะไรมากกว่าที่เราคิดไว้
15-0464	sound_auth	Hamura's keeping something from us.\nThere might be more to this case than we thought.	ฮามุระปิดบังอะไรบางอย่างจากเรา\nคดีนี้อาจมีอะไรมากกว่าที่เราคิดไว้
15-0465	sound_auth	So what, you telling me we hit a dead end?	แล้วไงวะ นายจะบอกว่าเราตันแล้วเหรอ
15-0466	sound_auth	So what, you telling me we're stuck?	แล้วไงวะ นายจะบอกว่าเราติดกับดักอยู่เหรอ
15-0467	sound_auth	More or less.\nI need more to work with.	ก็ประมาณนั้น\nผมต้องการข้อมูลมากกว่านี้
15-0468	sound_auth	Specifically?	อย่างเช่นอะไร
15-0469	sound_auth	More like what?	อย่างเช่นอะไรล่ะ
15-0470	sound_auth	Like what Hamura and Kume did after\nleaving Amour. Eyewitness testimony.	อย่างเช่นฮามุระกับคุเมะทำอะไรกันต่อ\nหลังออกจากอามูร์ พยานที่เห็นเหตุการณ์
15-0471	sound_auth	We don't have time to scour\nthe city for leads, though.	แต่เราไม่มีเวลาไปตระเวนหา\nเบาะแสทั่วเมืองหรอกนะ
15-0472	sound_auth	Hey, how much money you got?	เฮ้ นายมีเงินอยู่เท่าไหร่
15-0473	sound_auth	Tak... You got any cash?	ทาคุ... นายมีเงินสดติดตัวไหม
15-0474	sound_auth	How much you need?	ต้องการเท่าไหร่ล่ะ
15-0475	sound_auth	Mm? How much?	อืม? เท่าไหร่เหรอ
15-0476	sound_auth	You'll need 30k or so.	นายต้องใช้สักสามหมื่นได้มั้ง
15-0477	sound_auth	30 grand oughta do.	สามหมื่นน่าจะพอ
15-0478	sound_auth	I've got this friend, a local detective on the force.\nHe'll tell you anything for the right price.	ฉันมีเพื่อนคนนึง เป็นนักสืบท้องถิ่นในกรมตำรวจ\nถ้าราคาถูกใจ เขาบอกอะไรก็ได้
15-0479	sound_auth	I've got this friend. Local Kamurocho detective.\nHe'll tell you anything for the right price.	ฉันมีเพื่อนคนนึง นักสืบประจำคามุโรโจ\nถ้าราคาถูกใจ เขาบอกอะไรก็ได้
15-0480	sound_auth	Anything?	อะไรก็ได้เลยเหรอ?
15-0481	sound_auth	Anything. Guy's an informant. You want the dirt\nonly cops have access to, he's the guy you hit up.	อะไรก็ได้จริง ๆ เขาเป็นสายข่าว อยากได้ข้อมูลลับ\nที่ตำรวจเท่านั้นเข้าถึงได้ ก็ต้องไปหาเขานี่แหละ
15-0482	sound_auth	Guy's an informant. He's lifting the lid on police investigations\nleft and right. Maybe he's got the info you need.	เขาเป็นสายข่าว คอยแฉเรื่องการสืบสวนของตำรวจ\nไปทั่ว บางทีอาจมีข้อมูลที่นายต้องการก็ได้
15-0483	sound_auth	So you're saying he's a dirty cop?	งั้นนายกำลังบอกว่าเขาเป็นตำรวจ เน่างั้นเหรอ
15-0484	sound_auth	I see... A dirty cop, huh?	เข้าใจแล้ว... ตำรวจเน่าสินะ
15-0485	sound_auth	<color=ｍonologue>(That's an ex-yakuza for you.\nUnderground police info sounds useful.)</color>	<color=ｍonologue>(สมเป็นอดีตยากูซ่าจริง ๆ\nข้อมูลตำรวจใต้ดินฟังดูมีประโยชน์อยู่)</color>
15-0486	sound_auth	Name's Ayabe.\nHe's a regular over at Tender.	ชื่ออายาเบะ\nเป็นขาประจำที่เทนเดอร์
15-0487	sound_auth	Really.	งั้นเหรอ
15-0488	sound_auth	At Tender?	ที่เทนเดอร์เหรอ
15-0489	sound_auth	Yeah, surprised you've never run into him there.\nIt's where everyone goes to meet him.	ใช่ แปลกใจนะที่นายไม่เคยเจอเขา ที่นั่นมาก่อน\nทุกคนไปเจอเขาที่นั่นกันหมด
15-0490	sound_auth	Yeah. Shouldn't be too hard to find.\nEveryone usually meets up with him at Tender.	ใช่ คงไม่ยากที่จะหาตัวเขาหรอก\nทุกคนมักไปเจอเขาที่เทนเดอร์
15-0491	sound_auth	Try asking your pal Masuda.	ลองไปถามมาสึดะเพื่อนนายดูสิ
15-0492	sound_auth	Just ask Masuda-san.	ลองถามมาสึดะซังดูสิ
15-0493	sound_auth	Hey, you have a sec?	เฮ้ มีเวลาสักครู่ไหมครับ
15-0494	sound_auth	Masuda, you have a sec?	มาสึดะ มีเวลาสักครู่ไหมครับ
15-0495	sound_auth	Of course. What do you need?	ได้เลยครับ ต้องการอะไรเหรอ
15-0496	sound_auth	I'm looking for a detective. Ayabe.\nYou know him?	ผมกำลังตามหานักสืบคนหนึ่งชื่ออายาเบะ\nรู้จักเขาไหมครับ
15-0497	sound_auth	I'm looking for an Ayabe...?\nYou know him?	ผมกำลังตามหาคนชื่ออายาเบะ...\nรู้จักเขาไหมครับ
15-0498	sound_auth	Sure do. He hasn't been by\nin a few days, though. Why?	รู้จักสิครับ แต่ไม่ได้แวะมา\nหลายวันแล้ว ทำไมเหรอ
15-0499	sound_auth	Sure do. He hasn't been by\nin a few days, though. You need Ayabe-san?	รู้จักสิครับ แต่ไม่ได้แวะมา\nหลายวันแล้ว คุณมีธุระกับอายาเบะซังเหรอ
15-0500	sound_auth	Ah, damn.\nGuess I came at the wrong time.	อ๊ะ แย่จัง\nงั้นผมคงมาผิดจังหวะซะแล้ว
15-0501	sound_auth	Ah, damn. Guess I've just got\nbad timing...	อ๊ะ แย่จัง คงเป็นเพราะ\nจังหวะผมไม่ดีเองแหละ...
15-0502	sound_auth	<color=ｍonologue>(I'll have to come back later.\nSure hope this guy is worth the trouble...)</color>	<color=ｍonologue>(คงต้องกลับมาใหม่ทีหลัง\nหวังว่าไอ้หมอนี่จะคุ้มค่าที่ ต้องเสียเวลานะ...)</color>
15-0503	sound_auth	It's okay. I'll let him know\nyou were looking for him.	ไม่เป็นไรครับ ผมจะบอกให้เขารู้\nว่าคุณมาตามหา
15-0504	sound_auth	Why don't you have a drink or two\nin the meantime? First one's on me.	ระหว่างนี้ดื่มสักแก้วสองแก้ว\nรอก่อนไหมครับ แก้วแรกผมเลี้ยงเอง
15-0505	sound_auth	In the meantime, why don't you sit and have a drink?\nJust one, even. It's on me.	ระหว่างนี้นั่งดื่มสักแก้วรอ ก่อนไหมครับ\nแค่แก้วเดียวก็ยังได้ ผมเลี้ยงเอง
15-0506	sound_auth	What's all this?	นี่มันอะไรกันเนี่ย?
15-0507	sound_auth	Hm? Why?	หืม? ทำไมล่ะ?
15-0508	sound_auth	Just buttering you up. Remember when I mentioned\nsomeone who had a job for you?	ก็แค่เอาใจกันหน่อยครับ จำได้ไหมที่ผมเคยพูดถึง\nคนที่มีงานจะจ้างคุณน่ะ
15-0509	sound_auth	The other day, I mentioned I had a customer\nwho had a job for you. Remember?	เมื่อวันก่อนผมเคยพูดถึงลูกค้าคนหนึ่ง\nที่มีงานจะจ้างคุณไง จำได้ไหมครับ
15-0510	sound_auth	Yeah, what of it?	จำได้ แล้วไงเหรอ
15-0511	sound_auth	I guess so.\nWhat's your point?	จำได้มั้ง\nแล้วจะสื่ออะไร
15-0512	sound_auth	Well, turns out they won't have\none for you after all. Sorry.	คือปรากฏว่าสุดท้ายแล้วไม่มีงาน\nให้คุณจริง ๆ ขอโทษด้วยนะครับ
15-0513	sound_auth	Unfortunately, it turns out\nthey want to cancel.	โชคไม่ดีครับ ปรากฏว่า\nลูกค้าขอยกเลิกซะแล้ว
15-0514	sound_auth	Apparently the client was trying to get back\nat some yakuza who sucker punched him.	ดูเหมือนลูกค้าจะพยายามเอาคืน\nยากูซ่าคนหนึ่งที่แอบชกเขา
15-0515	sound_auth	The way I heard it, the client was trying to\nget back at some yakuza who punched him.	เท่าที่ผมได้ยินมา ลูกค้าพยายาม\nเอาคืนยากูซ่าคนหนึ่งที่ชกเขา
15-0516	sound_auth	And he wanted me to do... what?	แล้วเขาอยากให้ผมทำ... อะไรเหรอ
15-0517	sound_auth	Yikes. What could I even do about that?	โอ๊ะ แล้วผมจะไปช่วยอะไรได้ล่ะ
15-0518	sound_auth	Not sure.\nDoesn't matter now anyway.	ไม่รู้เหมือนกันครับ\nแต่ตอนนี้ก็ไม่สำคัญแล้วแหละ
15-0519	sound_auth	Why, did he go all vigilante on him?	ทำไมเหรอ เขาลงมือเป็นฮีโร่จัดการเองรึไง
15-0520	sound_auth	Did they hit the guy back?\nThat wouldn't turn out well.	เขาแก้แค้นกลับไปเหรอ\nงั้นคงไม่จบสวยแน่
15-0521	sound_auth	Not exactly.\nSounds like the yakuza ended up behind bars.	ไม่เชิงครับ\nดูเหมือนยากูซ่าคนนั้นจะจบที่ใน คุกไปเลย
15-0522	sound_auth	Not exactly... Sounds like the yakuza\nended up behind bars.	ไม่เชิงครับ... ดูเหมือนยากูซ่าคนนั้น\nจะจบที่ในคุกไปเลย
15-0523	sound_auth	For killing a man\nand gouging his eyes out.	ข้อหาฆ่าคนตาย\nแล้วควักลูกตาเขาออก
15-0524	sound_auth	Huh? Wait a second...	หา? เดี๋ยวก่อนนะ...
15-0525	sound_auth	Huh? Wait, that yakuza was...	หา? เดี๋ยวนะ ยากูซ่าคนนั้นคือ...
15-0526	sound_auth	Captain Hamura. Surprised?	กัปตันฮามุระไงครับ แปลกใจไหมล่ะ
15-0527	sound_auth	A yakuza around here on the 3rd, huh?\nI did hear a host got smacked down that night.	ยากูซ่าแถวนี้เมื่อวันที่ 3 เหรอ\nเคยได้ยินเหมือนกันว่าคืนนั้นมี โฮสต์คนนึงโดนซัดหน้าหงาย
15-0528	sound_auth	Anything else you can tell me?	ยังมีอะไรที่บอกผมได้อีกไหมครับ
15-0529	sound_auth	I think I'd better hear the rest of this.	คิดว่าผมควรฟังเรื่องนี้ต่อให้จบ
15-0530	sound_auth	Sorry, but that's all I've got.\nYou'll have to ask the guy directly.	ขอโทษด้วยครับ แต่ผมรู้แค่นี้แหละ\nคุณคงต้องไปถามคนนั้นเองโดยตรง
15-0531	sound_auth	Sorry, but that's all I've got.\nAsk the client for more details.	ขอโทษด้วยครับ แต่ผมรู้แค่นี้แหละ\nลองไปถามรายละเอียดเพิ่มจาก ลูกค้าคนนั้นดู
15-0532	sound_auth	<color=ｍonologue>(If the yakuza who punched the host by the sauna\nwas Hamura...)</color>	<color=ｍonologue>(ถ้ายากูซ่าที่ชกโฮสต์แถวซาวน่า\nคือฮามุระจริง ๆ...)</color>
15-0533	sound_auth	<color=ｍonologue>(Then that might help establish his alibi\nthat he went into Sauna Goten afterwards.)</color>	<color=ｍonologue>(นั่นอาจช่วยยืนยันพยานที่อยู่ของเขา\nว่าเขาเข้าไปที่ซาวน่าโกเท็น หลังจากนั้นได้)</color>
15-0534	sound_auth	<color=ｍonologue>(I should ask the host.)</color>	<color=ｍonologue>(ผมควรไปถามโฮสต์คนนั้นดู)</color>
15-0535	sound_auth	Who is he?	นี่ใครกัน?
15-0536	sound_auth	Man by the name of Seiya.	ผู้ชายชื่อเซยะครับ
15-0537	sound_auth	He's a host over at Club Stardust on\nTenkaichi Street. That's where I'd look.	เขาเป็นโฮสต์อยู่ที่คลับสตาร์ดัสต์\nบนถนนเทนไคจิ ลองไปดูที่นั่นก่อนสิครับ
15-0538	sound_auth	He works over at Club Stardust on\nTenkaichi Street. One of their hosts.	เขาทำงานอยู่ที่คลับสตาร์ดัสต์\nบนถนนเทนไคจิ เป็นโฮสต์คนนึงที่นั่น
15-0539	sound_auth	You wanna find an informant\nby the name of Ayabe.	ตามหาสายข่าว\nชื่ออายาเบะ
15-0540	sound_auth	Your buddy over at Tender\nshould know more.	เพื่อนของคุณที่เทนเดอร์\nน่าจะรู้เรื่องมากกว่านี้
15-0541	sound_auth	Masuda over at Tender\nshould know more.	มาสึดะที่เทนเดอร์\nน่าจะรู้เรื่องมากกว่านี้
15-0542	sound_auth	You got a minute?	มีเวลาสักครู่ไหม
15-0543	sound_auth	Depends. Whaddya need?	แล้วแต่เรื่องน่ะ ต้องการอะไรเหรอ
15-0544	sound_auth	Huh? Whaddya need?	หา? ต้องการอะไรเหรอ
15-0545	sound_auth	I'm looking for someone who works here.\nThink I could talk to Seiya for a sec?	ผมกำลังตามหาคนที่ทำงานที่นี่คนหนึ่ง\nขอคุยกับเซยะสักครู่ได้ไหมครับ
15-0546	sound_auth	I'm looking for a host by the name of Seiya.\nCan you go get him for me?	ผมกำลังตามหาโฮสต์ชื่อเซยะ\nช่วยไปตามเขามาให้หน่อยได้ไหมครับ
15-0547	sound_auth	Seiya-san, huh?	เซยะซังเหรอ
15-0548	sound_auth	Seiya-san?	เซยะซังเหรอครับ
15-0549	sound_auth	No can do. Not today.	วันนี้ไม่ได้หรอกครับ
15-0550	sound_auth	Ah... I'm afraid he's not here.	อ๊ะ... เกรงว่าเขาไม่อยู่ตอนนี้ครับ
15-0551	sound_auth	Is he off today?	วันนี้เขาหยุดเหรอ
15-0552	sound_auth	What, took the day off?	อะไรนะ ลาหยุดวันนี้เหรอ
15-0553	sound_auth	Not quite, he's out on a date\nwith a customer.	ไม่ใช่ครับ เขาออกไปเดต\nกับลูกค้าอยู่
15-0554	sound_auth	Actually, he's out on a date\nwith a customer.	อ๋อ เขาออกไปเดต\nกับลูกค้าอยู่ครับ
15-0555	sound_auth	Damn, he could be practically\nanywhere, then.	บ้าเอ๊ย งั้นก็แปลว่า\nเขาอาจอยู่ที่ไหนก็ได้เลยสิ
15-0556	sound_auth	A date? So what you're saying is... he could be\njust about anywhere in the city.	เดตเหรอ? งั้นก็แปลว่า...เขาอาจอยู่\nแถวไหนของเมืองนี้ก็ได้ทั้งนั้น
15-0557	sound_auth	Third day in a row, too.\nHe's got her wrapped around his finger!	วันนี้วันที่สามติดต่อกันแล้วด้วยครับ\nเขาหลอกล่อผู้หญิงคนนั้นไว้ใน กำมือเลยทีเดียว!
15-0558	sound_auth	Third day in a row, too.\nSeiya's really on a roll this time!	วันที่สามติดต่อกันแล้วด้วยครับ\nรอบนี้เซยะฟอร์มดีจริง ๆ!
15-0559	sound_auth	Yeah that's great.\nAny idea when he'll be back?	เออ เก่งมาก\nพอจะรู้มั้ยว่าเขาจะกลับมาเมื่อไหร่?
15-0560	sound_auth	I'm sure.\nAny idea when he'll be back?	สินะ\nพอจะรู้มั้ยว่าเขาจะกลับมาเมื่อไหร่?
15-0561	sound_auth	No clue.\nI doubt he went far, but that's all I've got.	ไม่ทราบเลยครับ\nคิดว่าคงไม่ไปไกลหรอก แต่ที่รู้ก็มีแค่นี้แหละ
15-0562	sound_auth	Well, hard to say... I doubt he went far,\nbut that's all I've got.	อืม บอกยากเหมือนกันครับ... คิดว่าคงไม่ไปไกล\nแต่ที่รู้ก็มีแค่นี้
15-0563	sound_auth	All right, cool.\nThanks anyway.	โอเค ได้\nขอบใจนะ
15-0564	sound_auth	All right.\nWell, thanks anyway.	โอเค\nงั้นก็ขอบใจนะ
15-0565	sound_auth	(First the owner of Amour, now this guy.\nWhy can't people just stay at their clubs?)	(ก่อนหน้านี้ก็เจ้าของอามูร์ ตอนนี้ก็คนนี้อีก\nทำไมไม่มีใครอยู่ที่คลับ ของตัวเองบ้างเลย)
15-0566	sound_auth	(Wait, maybe I can find him the same way as before.\nIt's worth a shot.)	(เดี๋ยวนะ บางทีอาจจะหาเขาด้วยวิธีเดิมได้\nลองดูสักตั้งก็ไม่เสียหาย)
15-0567	sound_auth	Seiya works over at Club Stardust.	เซยะทำงานอยู่ที่คลับสตาร์ดัสต์
15-0568	sound_auth	Seiya works as a host\nover at Club Stardust.	เซยะเป็นโฮสต์\nอยู่ที่คลับสตาร์ดัสต์
15-0569	sound_auth	Talk to him yourself if you wanna know more\nabout his run-in with Captain Hamura.	อยากรู้เรื่องที่เขาเจอกับ กัปตันฮามุระเพิ่ม\nก็ไปคุยกับเขาเองเลย
15-0570	sound_auth	Talk to him if you wanna know more.	อยากรู้เพิ่มก็ไปคุยกับเขาเองสิ
15-0571	sound_auth	Yo, Tsukumo?	เฮ้ สึคุโมะ?
15-0572	sound_auth	Hey, Tsukumo.	นี่ สึคุโมะ
15-0573	sound_auth	Oh, hey Yagami-shi. What's up?	อ้อ ยากามิ มีอะไรเหรอ?
15-0574	sound_auth	Yagami-shi! What's up?	ยากามิ! มีอะไรเหรอ?
15-0575	sound_auth	I, uh, I need something. Think you can\ndo another message search for me?	เอ่อ ผมต้องการอะไรบางอย่างน่ะ\nช่วยค้นข้อความให้อีกรอบได้มั้ย?
15-0576	sound_auth	Well, I'm out of options again. I think I'll\nneed another search. Can you help me out?	คือผมหมดทางไปอีกแล้ว คงต้อง\nขอค้นเพิ่มอีกรอบ ช่วยหน่อยได้มั้ย?
15-0577	sound_auth	Sure. Just hit me with\nthe keywords you need!	ได้เลย บอกคีย์เวิร์ด\nที่ต้องการมาได้เลย!
15-0578	sound_auth	Sure. Just give me a word!	ได้เลย บอกคำมาสักคำก็พอ!
15-0579	sound_auth	Hm. Let's go with "Stardust" and "Seiya".	อืม ลองใช้ "สตาร์ดัสต์" กับ "เซยะ" ดู
15-0580	sound_auth	Let's see... We'll start with\n"Stardust" and "Seiya."	เอาล่ะ...เริ่มจาก\n"สตาร์ดัสต์" กับ "เซยะ" ก่อน
15-0581	sound_auth	Oh, and let's limit the search history\nto just today.	อ้อ แล้วก็จำกัดประวัติการค้นหา\nแค่วันนี้พอนะ
15-0582	sound_auth	And it's gotta be from today.\nAnything else isn't gonna help me.	แล้วก็ต้องเป็นของวันนี้ด้วย\nอย่างอื่นช่วยอะไรผมไม่ได้หรอก
15-0583	sound_auth	You got it.\nGimme just a second here...	จัดให้\nรอแป๊บนึงนะ...
15-0584	sound_auth	You got it.\nJust a second here...	จัดให้\nแป๊บนึงนะ...
15-0585	sound_auth	It's working, it's working!\nI'll just push this to your screen.	ได้แล้ว ได้แล้ว!\nเดี๋ยวส่งขึ้นจอให้นะ
15-0586	sound_auth	Hehe! There we go, there we go...\nYagami-shi, I'll toss these beauties to your screen.	เฮ่ย! ได้แล้ว ได้แล้ว...\nยากามิ เดี๋ยวโยนของดีพวกนี้ขึ้นจอให้เลย
15-0587	sound_auth	It mighta worked too well. Any other keywords\nyou want to narrow this down by?	เอ๊ะ นี่มันได้ผลเกินไปหน่อย มีคีย์เวิร์ดอื่น\nที่อยากใช้ช่วยกรองอีกมั้ย?
15-0588	sound_auth	Mmm, that's still a whole ton of hits...\nMaybe you've got another keyword for me to narrow it down?	อืม ยังเจอเยอะเป็นตั้งเลย...\nมีคีย์เวิร์ดอื่นให้ผมช่วยกรองอีกมั้ย?
15-0589	sound_auth	Hmmm.	อืม
15-0590	sound_auth	Hmm. That helped, but there's a metric ton.\nWanna try a different word maybe?	อืม ช่วยได้เยอะเลย แต่ก็ยังเจอเป็นตันอยู่ดี\nลองคำอื่นดูมั้ย?
15-0591	sound_auth	Hmmmm. That helped, but there's still way too many.\nLet's try a different word.	อื้อออ ช่วยได้เยอะ แต่ก็ยังเยอะเกินไปอยู่ดี\nลองคำอื่นกันเถอะ
15-0592	sound_auth	Okay, how about...	โอเค ลองคำนี้ดู...
15-0593	sound_auth	Oho! That did the trick!	โอ้โฮ! ได้ผลเลย!
15-0594	sound_auth	Great. Should be easy to check\nthese out myself. Thanks, Tsukumo.	เยี่ยม ทีนี้ผมน่าจะตรวจดูเองได้ไม่ยาก\nขอบใจนะ สึคุโมะ
15-0595	sound_auth	Great. Should be easy to check these out myself.\nI'll get working on these. Thanks!	เยี่ยม น่าจะตรวจดูเองได้ไม่ยาก\nเดี๋ยวผมลุยต่อเอง ขอบใจนะ!
15-0596	sound_auth	I'm sure you'll find your\npretty boy in no time!	รับรองเจอหนุ่มหล่อของนาย\nในเวลาไม่นานแน่!
15-0597	sound_auth	Yeah, three leads should be a cake-walk!\nHehe!	เออ แค่สามเบาะแสสบายมากอยู่แล้ว!\nเฮ่ย!
15-0598	sound_auth	(Damn, I got nothing...)	(บ้าเอ๊ย ไม่เจออะไรเลย...)
15-0599	sound_auth	Oh, Yagami-shi. Did you manage to\ntrack down that host of yours?	อ้อ ยากามิ เจอตัวโฮสต์ของนาย\nรึยัง?
15-0600	sound_auth	Yagami-shi. Did you find your host,\nthat Seiya guy...?	ยากามิ เจอตัวโฮสต์ของนาย\nไอ้เซยะนั่นรึยัง?
15-0601	sound_auth	Nope. Struck out on all three leads.	ยัง เบาะแสทั้งสามอันพลาดหมดเลย
15-0602	sound_auth	Hmmmm.\nHow about giving it another try?	อื้อออ\nลองอีกรอบดีมั้ย?
15-0603	sound_auth	Hmmm, really... How about\ngiving it another try?	อืม จริงดิ...ลอง\nอีกรอบดีมั้ย?
15-0604	sound_auth	Nah, I'm good.\nI'll figure out some other way.	ไม่ล่ะ ไม่เป็นไร\nผมหาทางอื่นเอาเองก็ได้
15-0605	sound_auth	Huh? Nah, I'm good.\nI'll figure out some other way.	หา? ไม่ล่ะ ไม่เป็นไร\nผมหาทางอื่นเอาเองก็ได้
15-0606	sound_auth	Don't be such a sourpuss, Yagami-shi!\nI bet there have been more posts since earlier!	อย่าทำหน้าบูดขนาดนั้นสิ ยากามิ!\nฉันว่าต้องมีโพสต์ใหม่ ๆ ตั้งแต่เมื่อกี้แน่ ๆ!
15-0607	sound_auth	Don't be such a soursport! I bet if we just check,\nwe'll find at least a couple more posts!	อย่าทำตัวหงอยแบบนั้นสิ! ฉันว่าถ้าลองเช็กดู\nต้องเจอโพสต์เพิ่มอีกสักสองสามอันแน่!
15-0608	sound_auth	Doubt that's gonna change much... But sure,\nwhy not? Let's see what you've got.	ไม่คิดว่าจะเปลี่ยนอะไรได้เยอะหรอก... แต่ก็ได้\nลองดูก็ได้ ขอดูหน่อยสิว่ามีอะไรบ้าง
15-0609	sound_auth	Doubt that's gonna change much...\nBut sure. Let's see...	ไม่คิดว่าจะเปลี่ยนอะไรได้เยอะหรอก...\nแต่ก็ได้ ลองดูก็ได้...
15-0610	sound_auth	Hehe. Let's start with the\nsame keywords from before.	เฮ่ย เริ่มจาก\nคีย์เวิร์ดเดิมก่อนเลย
15-0611	sound_auth	Well, we'll start with the same keywords.\nLet's just get those entered in here...	เอาล่ะ เริ่มจากคีย์เวิร์ดเดิมก่อน\nใส่ลงไปตรงนี้เลย...
15-0612	sound_auth	See that? A new hit! The landscape\nof social media changes every second.	เห็นมั้ย? เจอใหม่แล้ว! วงการโซเชียลมีเดีย\nเปลี่ยนแปลงทุกวินาทีเลยจริง ๆ
15-0613	sound_auth	There! A new post just a minute ago!\nI'm sending it to you, Yagami-shi.	นั่นไง! โพสต์ใหม่เมื่อนาทีที่แล้วเอง!\nเดี๋ยวส่งให้เลยนะ ยากามิ
15-0614	sound_auth	Apparently they posted it only a minute ago.\nIf that's not a hot lead, I don't know what is!	ดูเหมือนโพสต์นี้เพิ่งลงเมื่อนา ทีเดียว\nถ้านี่ไม่ใช่เบาะแสร้อน ๆ ก็ไม่รู้จะเรียกว่าอะไรแล้ว!
15-0615	sound_auth	If this post is only a minute old,\nI'd say that's a pretty hot lead!	ถ้าโพสต์นี้เพิ่งลงมาแค่นาทีเดียว\nนี่ก็ต้องเรียกว่าเบาะแสร้อนแรงเลยล่ะ!
15-0616	sound_auth	All right, I'll check it out.\nThanks for everything, Tsukumo.	โอเค เดี๋ยวไปดูเลย\nขอบใจมากนะ สึคุโมะ
15-0617	sound_auth	Hehe! Not a problem!	เฮ่ย! ไม่มีปัญหาเลย!
15-0618	sound_auth	Excuse me, ma'am.	ขอโทษนะครับ
15-0619	sound_auth	Do you have a sec?	มีเวลาสักครู่มั้ยครับ?
15-0620	sound_auth	I'm looking for a host named Seiya.\nWorks at Stardust.	ผมกำลังตามหาโฮสต์ชื่อเซยะ\nที่ทำงานอยู่คลับสตาร์ดัสต์น่ะครับ
15-0621	sound_auth	I'm looking for a host named Seiya,\nwho works at Stardust...?	ผมกำลังหาโฮสต์ชื่อเซยะ\nที่ทำงานอยู่คลับสตาร์ดัสต์...ครับ
15-0622	sound_auth	Huh? What do you want with Seiya!?	หา? มีธุระอะไรกับเซยะ!?
15-0623	sound_auth	Huh? Seiya!?\nWhat do you want with him?	หา? เซยะ!?\nมีธุระอะไรกับเขา?
15-0624	sound_auth	...Uh, I need to ask him something.\nI heard he was on a date around here.	...เอ่อ ผมแค่มีเรื่องอยากถามเขาน่ะครับ\nได้ยินมาว่าเขากำลังเดตอยู่แถวนี้
15-0625	sound_auth	Did you say date!? Who's the bitch\nhe's cheating on me with!?	เดตเหรอ!? นังตัวร้ายคนไหนกัน\nที่มันแอบไปนอกใจฉันด้วย!?
15-0626	sound_auth	A date!? Who's the <font_kind=yakuza_italic>bitch</font_kind> he's\ncheating on me with!?	เดตเหรอ!? <font_kind=yakuza_italic>นังตัวร้าย</font_kind>คนไหนกัน\nที่มันแอบไปนอกใจฉันด้วย!?
15-0627	sound_auth	Oh, uh. You know what, never mind.\nIt's fine.	เอ่อ...ช่างเถอะครับ\nไม่มีอะไรหรอก
15-0628	sound_auth	It is not fine!\nWhat the hell is going on!?	ไม่มีอะไรได้ไง!\nเกิดอะไรขึ้นกันแน่!?
15-0629	sound_auth	It is <font_kind=yakuza_italic>not</font_kind> "fine"!\nWhat the hell is going on!?	มัน<font_kind=yakuza_italic>ไม่</font_kind>"มีอะไร"หรอก!\nเกิดอะไรขึ้นกันแน่!?
15-0630	sound_auth	Oh, look at the time.\nGotta run!	โอ๊ะ ดูเวลาสิ\nต้องไปแล้ว!
15-0631	sound_auth	Wow, look at the time...!	โห ดูเวลาสิ...!
15-0632	sound_auth	(Doesn't look like Seiya's here.\nI should try somewhere else.)	(ท่าทางเซยะจะไม่อยู่แถวนี้\nลองที่อื่นดีกว่า)
15-0633	sound_auth	...What is it?	...มีอะไรเหรอ?
15-0634	sound_auth	Wait, you know Seiya-kun?\nIs he all right!?	เดี๋ยวนะ คุณรู้จักเซยะคุงเหรอ?\nเขาเป็นอะไรมั้ย!?
15-0635	sound_auth	We were gonna go on a date tonight,\nbut he never showed. I'm kinda worried...	คืนนี้เรานัดเดตกันไว้\nแต่เขาไม่มา ฉันเลยเป็นห่วงนิดหน่อย...
15-0636	sound_auth	We were gonna go on a date tonight, but he never showed.\nI'm kinda worried...	คืนนี้เรานัดเดตกันไว้ แต่เขาไม่มา\nฉันเลยเป็นห่วงนิดหน่อย...
15-0637	sound_auth	Huh? I'd heard he was on a date around here too,\nbut I guess that means it wasn't with you...	หา? ผมได้ยินมาว่าเขากำลังเดตอยู่ แถวนี้เหมือนกัน\nแต่งั้นก็คงไม่ใช่กับคุณสินะ...
15-0638	sound_auth	Huh? From what I heard, he was already out on a date\nsomewhere around town right now...?	หา? เท่าที่ผมได้ยินมา ตอนนี้เขาออกไปเดต\nอยู่ที่ไหนสักแห่งในเมืองแล้ว...?
15-0639	sound_auth	Uh... Better luck next time?	เอ่อ...รอบหน้าคงดีขึ้นมั้งครับ?
15-0640	sound_auth	Though... I guess not with you.	แต่...ผมว่าคงไม่ใช่กับคุณหรอก
15-0641	sound_auth	Wait, what?\nSeiya-kun's out with another girl!?	เดี๋ยวนะ อะไรนะ?\nเซยะคุงไปเดตกับผู้หญิงคนอื่นเหรอ!?
15-0642	sound_auth	Wait, what...?\nSeiya-kun's... with someone else?	เดี๋ยวนะ อะไรนะ...?\nเซยะคุง...อยู่กับคนอื่นเหรอ?
15-0643	sound_auth	Sounds like it. But don't take it too hard,\nI'm sure you'll bounce back...	ท่าทางจะเป็นงั้น แต่อย่าคิดมากเลยครับ\nผมว่าคุณต้องผ่านมันไปได้แน่...
15-0644	sound_auth	Sounds like it... Well, still.\nDon't beat yourself up over it, okay?	ท่าทางจะเป็นงั้น...แต่ยังไงก็เถอะ\nอย่าโทษตัวเองเลยนะครับ?
15-0645	sound_auth	Oh, thank goodness he's safe! I thought he'd\ngotten into an accident or something!	โอ๊ย โล่งอกไปที เขาปลอดภัยดี! นึกว่าเขา\nเกิดอุบัติเหตุอะไรขึ้นมาซะอีก!
15-0646	sound_auth	Oh, thank goodness! I'm glad Seiya's safe!\nI thought he'd gotten in an accident!	โอ๊ย โล่งอกไปที ดีใจจังที่เซยะปลอดภัย!\nนึกว่าเขาเกิดอุบัติเหตุขึ้นมาซะอีก!
15-0647	sound_auth	I wonder if he's having fun on his date...\nAs long as he's happy, I'm happy...	ไม่รู้ว่าเขาสนุกกับการเดตรึเปล่านะ...\nแค่เขามีความสุขก็พอ ฉันก็มีความสุขแล้ว...
15-0648	sound_auth	I wonder if Seiya's having fun on his date.\nIf my Seiya-kun is happy, I'm happy.	ไม่รู้ว่าเซยะสนุกกับการเดตรึเปล่านะ\nแค่เซยะคุงของฉันมีความสุข ฉันก็มีความสุขแล้ว
15-0649	sound_auth	(Either way, it doesn't look like Seiya's here.\nI should try somewhere else.)	(ยังไงก็เถอะ ท่าทางเซยะจะไม่อยู่แถวนี้\nลองที่อื่นดีกว่า)
15-0650	sound_auth	I hope Seiya-kun gets here soon...	หวังว่าเซยะคุงจะมาถึงเร็ว ๆ นี้นะ...
15-0651	sound_auth	Wait a sec, You mean Seiya,\nthat host from Stardust?	เดี๋ยวนะ หมายถึงเซยะ\nโฮสต์จากคลับสตาร์ดัสต์ใช่มั้ย?
15-0652	sound_auth	Hold on... Are you talking about Seiya,\nthe host from Stardust?	เดี๋ยวก่อน...คุณกำลังพูดถึงเซยะ\nโฮสต์จากคลับสตาร์ดัสต์เหรอ?
15-0653	sound_auth	Who are you?\nAre you from the club!?	คุณเป็นใครเหรอ?\nมาจากคลับรึเปล่า!?
15-0654	sound_auth	...Who are you?\nAre you from the club!?	...คุณเป็นใครเหรอ?\nมาจากคลับรึเปล่า!?
15-0655	sound_auth	Uh... No, sorry.\nI'm just looking for Seiya.	เอ่อ...ไม่ครับ ขอโทษที\nผมแค่กำลังตามหาเซยะน่ะ
15-0656	sound_auth	I'd ask where he is... But it looks like\nyou know as much as I do.	ผมอยากจะถามว่าเขาอยู่ไหน... แต่ดูท่า\nคุณก็คงรู้พอ ๆ กับผมนั่นแหละ
15-0657	sound_auth	I'd ask where he is...\nbut you're probably wondering too.	ผมอยากจะถามว่าเขาอยู่ไหน...\nแต่คุณก็คงอยากรู้เหมือนกัน
15-0658	sound_auth	Hey, are you implying\nmy Seiya-kun stood me up!?	เฮ้ คุณจะบอกว่า\nเซยะคุงเบี้ยวนัดรึไง!?
15-0659	sound_auth	Wh-What do you mean!? Are you implying\nmy Seiya-kun stood me up!?	ห-หมายความว่าไง!? คุณจะบอกว่า\nเซยะคุงเบี้ยวนัดรึไง!?
15-0660	sound_auth	I'm sure he's just taking his time\ngetting ready. He'll be here any minute!	เขาต้องกำลังเตรียมตัวอยู่แน่ ๆ\nอีกเดี๋ยวเขาก็มาแล้วล่ะ!
15-0661	sound_auth	I'm sure he's just taking his time getting ready.\nHe'll be here any minute!	เขาต้องกำลังเตรียมตัวอยู่แน่ ๆ\nอีกเดี๋ยวเขาก็มาแล้วล่ะ!
15-0662	sound_auth	Uh-huh... How long have you\nbeen waiting, anyway?	อือ...แล้วคุณรอ\nมานานแค่ไหนแล้วเหรอ?
15-0663	sound_auth	Uh-huh... How long have you been\nwaiting, anyway?	อือ...แล้วคุณรอมา\nนานแค่ไหนแล้วเหรอ?
15-0664	sound_auth	I... I...  	ฉัน...ฉัน...  
15-0665	sound_auth	I... I...	ฉัน...ฉัน...
15-0666	sound_auth	I shouldn't've asked.\nExcuse me.	ผมไม่น่าถามเลย\nขอตัวนะครับ
15-0667	sound_auth	Uh, sorry. Bye now.	เอ่อ ขอโทษด้วย ไปล่ะนะครับ
15-0668	sound_auth	Hey. Seiya, right?\nFrom Stardust?	เฮ้ เซยะใช่มั้ย?\nจากคลับสตาร์ดัสต์?
15-0669	sound_auth	Sorry to butt in. You have a sec?	ขอโทษที่ขัดจังหวะนะ มีเวลาสักครู่มั้ย?
15-0670	sound_auth	You'll have to excuse me,\nMai-chan. I won't be long.	ขอตัวแป๊บนึงนะ\nมายจัง ไม่นานหรอก
15-0671	sound_auth	Excuse me, Mai-chan.\nI won't be long.	ขอตัวก่อนนะ มายจัง\nไม่นานหรอก
15-0672	sound_auth	Hey, is everything okay?	เฮ้ เป็นอะไรมั้ย?
15-0673	sound_auth	Huh?\nIs everything okay?	หือ?\nเป็นอะไรมั้ย?
15-0674	sound_auth	Don't worry, it'll all be fine.	ไม่ต้องห่วงหรอก เดี๋ยวก็เรียบร้อย
15-0675	sound_auth	Don't worry, it'll be fine.	ไม่ต้องห่วง เดี๋ยวก็เรียบร้อย
15-0676	sound_auth	Mind stepping outside, Yagami-san?	ออกไปคุยข้างนอกกันหน่อยได้มั้ยครับ ยากามิซัง?
15-0677	sound_auth	Mind stepping outside... Yagami-san?	ออกไปคุยข้างนอกกันหน่อยได้มั้ย...ยากามิซัง?
15-0678	sound_auth	Wait, you know who I am?	เดี๋ยวนะ คุณรู้จักผมด้วยเหรอ?
15-0679	sound_auth	I do.	ใช่
15-0680	sound_auth	The owner over at Tender\ntold me about you.	เจ้าของร้านเทนเดอร์\nเล่าเรื่องคุณให้ผมฟังน่ะ
15-0681	sound_auth	Masuda over at Tender\ntold me about you.	มาสึดะที่ร้านเทนเดอร์\nเล่าเรื่องคุณให้ผมฟังน่ะ
15-0682	sound_auth	Thought I'd ask you to do me a favor.	เลยคิดว่าจะขอให้คุณช่วยอะไรหน่อย
15-0683	sound_auth	So, I thought I'd ask you\nto do me a favor.	เลยคิดว่าจะขอให้คุณ\nช่วยอะไรหน่อย
15-0684	sound_auth	You want to get back at\na yakuza who hit you, yeah?	คุณอยากเอาคืนยากูซ่า\nที่ทำร้ายคุณใช่มั้ย?
15-0685	sound_auth	You want to get back at\na yakuza who hit you?	คุณอยากเอาคืนยากูซ่า\nที่ทำร้ายคุณเหรอ?
15-0686	sound_auth	Yes. He said you might\nbe able to manage something.	ใช่ครับ เขาบอกว่าคุณ\nน่าจะจัดการอะไรสักอย่างให้ได้
15-0687	sound_auth	...Yes. He said you might be able to\nmanage something.	...ใช่ครับ เขาบอกว่าคุณน่าจะ\nจัดการอะไรสักอย่างให้ได้
15-0688	sound_auth	A disgraced ex-lawyer who's not afraid\nto get his hands a little dirty.	อดีตทนายที่เสื่อมเสียชื่อเสียง แต่ไม่กลัว\nที่จะลงมือทำเรื่องสกปรกบ้าง
15-0689	sound_auth	A disgraced ex-lawyer, who's not afraid to\nget his hands a little dirty.	อดีตทนายที่เสื่อมเสียชื่อเสียง ผู้ไม่กลัวที่จะ\nลงมือทำเรื่องสกปรกบ้าง
15-0690	sound_auth	Sounds like you're pretty\nwell-known in Kamurocho.	ฟังดูคุณค่อนข้าง\nมีชื่อเสียงในคามุโรโจเลยนะครับ
15-0691	sound_auth	You're pretty well-known in Kamurocho,\nby Masuda's account.	ตามที่มาสึดะเล่า คุณค่อนข้าง\nมีชื่อเสียงในคามุโรโจเลยนะครับ
15-0692	sound_auth	So that's what people say about me?	อ้อ คนเขาลือกันแบบนั้นเหรอ?
15-0693	sound_auth	Huh. So that's what people say.	หืม คนเขาลือกันแบบนั้นสินะ
15-0694	sound_auth	One more thing. This is just a rumor, but,\nuh, I hear you'll do anything for your clients.	อีกเรื่องนึงนะครับ นี่แค่ข่าวลือ แต่\nเอ่อ ได้ยินมาว่าคุณทำได้ทุกอย่าง เพื่อลูกความ
15-0695	sound_auth	One more thing. This is just a rumor,\nbut I hear you'll do anything for your clients.	อีกเรื่องนึงนะครับ นี่แค่ข่าวลือ\nแต่ได้ยินมาว่าคุณทำได้ทุกอย่าง เพื่อลูกความ
15-0696	sound_auth	You even got a murderer\noff the hook, right?	ได้ยินว่าคุณเคยช่วยฆาตกร\nให้พ้นผิดมาแล้วด้วยใช่มั้ยครับ?
15-0697	sound_auth	I mean, you even got a murderer\noff the hook, right?	คือ...คุณเคยช่วยฆาตกร\nให้พ้นผิดมาแล้วด้วยใช่มั้ยครับ?
15-0698	sound_auth	Oh, did I say something wrong?	อ้าว ผมพูดอะไรผิดไปรึเปล่าครับ?
15-0699	sound_auth	Hm? Did I... say something wrong?	หืม? ผม...พูดอะไรผิดไปรึเปล่า?
15-0700	sound_auth	No, it's all right. Anyway.\nYou said Captain Hamura hit you?	เปล่า ไม่มีอะไร เอาล่ะ\nคุณบอกว่ากัปตันฮามุระทำร้ายคุณ ใช่มั้ย?
15-0701	sound_auth	No, it's all right.\nAnyway. You said Captain Hamura hit you?	เปล่า ไม่มีอะไรครับ\nเอาล่ะ คุณบอกว่ากัปตันฮามุระทำร้ายคุณ ใช่มั้ย?
15-0702	sound_auth	When?	เมื่อไหร่?
15-0703	sound_auth	When was this?	เมื่อไหร่กันแน่?
15-0704	sound_auth	The night of December 3rd.	คืนวันที่ 3 ธันวาคมครับ
15-0705	sound_auth	The day of the murder.	วันที่เกิดเหตุฆาตกรรม
15-0706	sound_auth	The day of that yakuza murder, right?	วันที่เกิดคดีฆาตกรรมยากูซ่า นั่นใช่มั้ย?
15-0707	sound_auth	You're sure?	แน่ใจเหรอ
15-0708	sound_auth	You're sure, though?	แน่ใจจริง ๆ เหรอครับ?
15-0709	sound_auth	Funny enough, I've been hired to look into Hamura's\ncase. This story of yours could be key evidence.	เผอิญว่าผมถูกจ้างให้สืบคดีของ ฮามุระอยู่พอดี\nเรื่องที่คุณเล่ามาอาจเป็น หลักฐานสำคัญเลยนะ
15-0710	sound_auth	Funny enough, I've been hired to look into Hamura's case.\nThis story of yours could be key evidence.	เผอิญว่าผมถูกจ้างให้สืบคดีของ ฮามุระอยู่พอดี\nเรื่องที่คุณเล่ามาอาจเป็น หลักฐานสำคัญเลยนะ
15-0711	sound_auth	That so? Not sure I wanna be\nthe guy who sets him free.	งั้นเหรอครับ ผมไม่ค่อยอยากเป็นคนที่\nทำให้เขาพ้นผิดเท่าไหร่นะ
15-0712	sound_auth	That so? Not sure I wanna be the guy\nwho sets him free.	งั้นเหรอครับ ผมไม่ค่อยอยากเป็นคน\nที่ทำให้เขาพ้นผิดเท่าไหร่นะ
15-0713	sound_auth	I know you two have a history,\nbut I need this. Please.	ผมรู้ว่าคุณกับเขามีเรื่องกันมาก่อน\nแต่ผมต้องการเรื่องนี้จริง ๆ ขอร้องล่ะ
15-0714	sound_auth	How could I say no to a celebrity\nlike you? It's fine.	จะให้ผมปฏิเสธคนดังอย่างคุณ\nได้ยังไงล่ะครับ? ตกลง
15-0715	sound_auth	How could I say no to a bowing celebrity?\nOkay... I'll talk for you, Yagami-san.	จะให้ผมปฏิเสธคนดังที่กำลัง ก้มหัวขอแบบนี้ได้ยังไง?\nโอเคครับ...ผมจะให้การให้คุณ ยากามิซัง
15-0716	sound_auth	<color=ｍonologue>(Yes! I might be able to prove Hamura's alibi now.)</color>	<color=ｍonologue>(เยส! ตอนนี้ผมอาจพิสูจน์ พยานที่อยู่ของฮามุระได้แล้ว)</color>
15-0717	sound_auth	What time did you run into Hamura?	คุณเจอฮามุระตอนกี่โมง?
15-0718	sound_auth	So about your encounter with Hamura.\nWhen was that?	เอาล่ะ เรื่องที่คุณเจอฮามุระ\nมันเกิดขึ้นตอนไหน?
15-0719	sound_auth	I think around midnight, out in front of\nKyushu No. 1 Star. Not the busiest place.	น่าจะประมาณเที่ยงคืนครับ หน้าร้าน\nคิวชูนัมเบอร์วันสตาร์ คนไม่ค่อยพลุกพล่านเท่าไหร่
15-0720	sound_auth	I think around midnight. In Pink Alley near Kyushu No. 1 Star.\nThat quiet little ramen place. Not exactly busy.	น่าจะประมาณเที่ยงคืนครับ ในตรอกพิงก์ ใกล้ ๆ คิวชูนัมเบอร์วันสตาร์\nร้านราเมงเล็ก ๆ เงียบ ๆ นั่นแหละ คนไม่ค่อยเยอะ
15-0721	sound_auth	Kyushu No. 1 Star...\nIsn't that near Sauna Goten?	คิวชูนัมเบอร์วันสตาร์ เหรอ...\nนั่นมันใกล้ซาวน่าโกเท็นไม่ใช่เหรอ?
15-0722	sound_auth	Yeah, it is.	ใช่ครับ ใกล้จริง ๆ
15-0723	sound_auth	Yeah, I think so.	ครับ ผมว่างั้น
15-0724	sound_auth	Mind telling me more?\nWhy'd he hit you in the first place?	เล่าเพิ่มให้ฟังหน่อยได้มั้ย?\nทำไมเขาถึงทำร้ายคุณตั้งแต่แรก?
15-0725	sound_auth	Mind telling me more?\nWhy'd Hamura hit you in the first place?	เล่าเพิ่มให้ฟังหน่อยได้มั้ย?\nทำไมฮามุระถึงทำร้ายคุณตั้งแต่แรก?
15-0726	sound_auth	Wish I knew.\nThe guy reeked of booze, though.	ผมก็อยากรู้เหมือนกันครับ\nแต่เขาตัวเหม็นเหล้าไปหมดเลย
15-0727	sound_auth	I'd like to know that myself.\nGotta say, the guy reeked of booze.	ผมก็อยากรู้เหมือนกันครับ\nต้องบอกเลยว่าเขาตัวเหม็นเหล้ามาก
15-0728	sound_auth	I was just walking down the street\nwhen I noticed him coming towards me.	ผมแค่เดินอยู่บนถนนเฉย ๆ\nจู่ ๆ ก็เห็นเขาเดินตรงมาหาผม
15-0729	sound_auth	I was just walking down the street,\nthen I saw him stumbling my way.	ผมแค่เดินอยู่บนถนนเฉย ๆ\nแล้วก็เห็นเขาเดินโซซัดโซเซมาทางนี้
15-0730	sound_auth	He was like, mumbling to himself\nor something. Kinda scary shit.	เขาพึมพำอะไรกับตัวเอง\nอยู่ประมาณนั้น น่ากลัวเหมือนกันนะครับ
15-0731	sound_auth	He was mumbling to himself, too.\nKind of freaking me out.	เขาพึมพำอะไรกับตัวเองด้วย\nทำเอาผมขนลุกเลย
15-0732	sound_auth	I tried to avoid him,\nbut he just barrelled towards me anyway.	ผมพยายามหลบเขา\nแต่เขาก็พุ่งเข้ามาหาผมอยู่ดี
15-0733	sound_auth	I tried moving to the other side of the alleyway,\nbut he followed me anyway.	ผมพยายามหลบไปอีกฝั่งของตรอก\nแต่เขาก็ตามมาอยู่ดี
15-0734	sound_auth	And how many times did he hit you?	แล้วเขาตีคุณกี่ครั้ง?
15-0735	sound_auth	Just the once.	แค่ครั้งเดียวครับ
15-0736	sound_auth	It left a fucking nasty bruise, though!\nKnocked one of my fillings clean out, too.	แต่แม่งทิ้งรอยช้ำเละเทะไว้เลย!\nฟันอุดหลุดไปซี่นึงเลยด้วย
15-0737	sound_auth	But it still left a fucking nasty bruise!\nKnocked one of my fillings clean out.	แต่แม่งก็ยังทิ้งรอยช้ำเละเทะ ไว้ดีอยู่!\nฟันอุดหลุดไปซี่นึงเลย
15-0738	sound_auth	A filling, huh?\nDid you go to the dentist?	ฟันอุดเหรอ?\nไปหาหมอฟันรึเปล่า?
15-0739	sound_auth	Hm? Yeah, the next day.	หืม? ไปครับ วันถัดมาเลย
15-0740	sound_auth	Then you'll be in their records.\nThat'll corroborate your testimony.	งั้นก็ต้องมีบันทึกของคุณอยู่ ที่คลินิก\nนั่นช่วยยืนยันคำให้การของคุณได้เลย
15-0741	sound_auth	Ah, so that's what you were getting at.	อ๋อ นี่คือสิ่งที่คุณจะสื่อสินะครับ
15-0742	sound_auth	Ah, I see your point.	อ๋อ เข้าใจแล้วครับ
15-0743	sound_auth	Moving on.\nWhat did Hamura do after he hit you?	เอาล่ะ ต่อไป\nหลังจากฮามุระตีคุณ เขาทำอะไรต่อ?
15-0744	sound_auth	Now, after he hit you...\nwhat did Hamura do?	เอาล่ะ หลังจากที่เขาตีคุณ...\nฮามุระทำอะไรต่อ?
15-0745	sound_auth	He stumbled away into a sauna.\nThat Goten place you mentioned.	เขาเดินโซเซเข้าไปในซาวน่าครับ\nที่โกเท็นที่ผมพูดถึงเมื่อกี้นั่นแหละ
15-0746	sound_auth	Stumbled off. Went into a sauna...\nYeah, I think it was Sauna Goten.	เดินโซเซจากไปครับ เข้าไปในซาวน่า...\nน่าจะเป็นซาวน่าโกเท็นนั่นแหละ
15-0747	sound_auth	So just to recap. He hit you around 12,\nand then headed into Sauna Goten.	งั้นสรุปนะ เขาตีคุณตอนประมาณเที่ยงคืน\nแล้วก็เดินเข้าซาวน่าโกเท็นไป
15-0748	sound_auth	So around 12, after hitting you in an alley,\nHamura wandered into Sauna Goten.	งั้นประมาณเที่ยงคืน หลังจากตีคุณในตรอก\nฮามุระก็เดินเข้าไปในซาวน่าโกเท็น
15-0749	sound_auth	<color=ｍonologue>(The old guy at Sauna Goten said that\nno one left the place until morning.)</color>	<color=ｍonologue>(ลุงที่ซาวน่าโกเท็นบอกว่า\nไม่มีใครออกจากที่นั่นจนถึงเช้าเลย)</color>
15-0750	sound_auth	Then as long as I can prove\nHamura was here... we'll have our alibi.	งั้นแค่ผมพิสูจน์ได้ว่า\nฮามุระอยู่ที่นี่...ก็จะได้พยานที่อยู่แล้ว
15-0751	sound_auth	And can I count on your\ntestimony in court?	แล้วผมพอจะพึ่งคำให้การ\nของคุณในศาลได้มั้ย?
15-0752	sound_auth	And can I count on that story in court?\nCan you testify?	แล้วผมพอจะพึ่งเรื่องนี้ในศาลได้มั้ย?\nคุณให้การได้มั้ยครับ?
15-0753	sound_auth	Okay, sure.	ได้สิ ไม่มีปัญหา
15-0754	sound_auth	It'd be nice to have the great Yagami-san owe me a favor.\nMaybe Masuda could give me a few freebies, too.	มียากามิซังคนดังติดหนี้บุญคุณ ผมไว้ก็ดีเหมือนกันนะครับ\nเผื่อมาสึดะจะให้ของฟรีผมมั่งด้วย
15-0755	sound_auth	It'd be nice having you owe me a favor.\nMaybe Masuda could give me a few freebies, too.	มีคุณติดหนี้บุญคุณผมไว้ก็ดี เหมือนกันนะครับ\nเผื่อมาสึดะจะให้ของฟรีผมมั่งด้วย
15-0756	sound_auth	Sure, I'll ask him.	ได้เลย เดี๋ยวผมลองพูดกับเขาให้
15-0757	sound_auth	Hey, one more thing.	เฮ้ อีกเรื่องนึง
15-0758	sound_auth	Wait! One more thing.	เดี๋ยวก่อน! อีกเรื่องนึง
15-0759	sound_auth	Did you see any security cameras around when you ran\ninto Hamura? Video evidence would lock this up for me.	ตอนที่คุณเจอฮามุระ เห็นกล้องวงจรปิดแถวนั้นมั้ย?\nมีหลักฐานวิดีโอจะช่วยปิดเรื่อง นี้ให้ผมได้เลย
15-0760	sound_auth	When you ran into Hamura, were there cameras around?\nVideo evidence would lock this up for me.	ตอนที่คุณเจอฮามุระ มีกล้องแถวนั้นมั้ย?\nหลักฐานวิดีโอจะช่วยปิดเรื่อง นี้ให้ผมได้เลย
15-0761	sound_auth	Hm, couldn't say.\nI don't usually look for that stuff.	อืม บอกไม่ถูกเหมือนกันครับ\nปกติผมไม่ค่อยสังเกตอะไรแบบนั้น
15-0762	sound_auth	Hm... couldn't really say.\nI don't usually look for that stuff.	อืม...บอกไม่ถูกจริง ๆ ครับ\nปกติผมไม่ค่อยสังเกตอะไรแบบนั้น
15-0763	sound_auth	Right. Well, thanks anyway.\nI'll be in touch.	เข้าใจแล้ว ยังไงก็ขอบคุณนะ\nเดี๋ยวผมติดต่อไปอีกที
15-0764	sound_auth	Right... Thanks anyway.\nI'll be in touch.	เข้าใจแล้ว...ขอบคุณนะครับ\nเดี๋ยวผมติดต่อไปอีกที
15-0765	sound_auth	Of course. See ya.	ได้เลยครับ แล้วเจอกัน
15-0766	sound_auth	Sure. Later.	ครับ แล้วเจอกัน
15-0767	sound_auth	<color=ｍonologue>(So, it went down in front of\nKyushu No. 1 Star.)</color>	<color=ｍonologue>(งั้นเหตุการณ์เกิดขึ้นหน้า\nคิวชูนัมเบอร์วันสตาร์ สินะ)</color>
15-0768	sound_auth	<color=ｍonologue>(That's the best lead I've got right now.\nLet's hope they have a camera...)</color>	<color=ｍonologue>(นั่นคือเบาะแสที่ดีที่สุดที่ผม มีตอนนี้\nหวังว่าที่นั่นจะมีกล้องนะ...)</color>
15-0769	sound_auth	Yo, it's me.\nYou find Ayabe yet?	เฮ้ ฉันเอง\nเจออายาเบะรึยัง?
15-0770	sound_auth	Yo, it's Kaito.\nYou find Ayabe yet?	เฮ้ ไคโตะเองนะ\nเจออายาเบะรึยัง?
15-0771	sound_auth	Negative. But I did track down someone\nwho had a run-in with Hamura.	ยังไม่เจอ แต่ผมตามหาคนที่เคย\nเจอกับฮามุระได้แล้ว
15-0772	sound_auth	Negative. But I did track down a host\nwho had a run-in with Hamura.	ยังไม่เจอ แต่ผมตามหาโฮสต์คนหนึ่งที่เคย\nเจอกับฮามุระได้แล้ว
15-0773	sound_auth	Yeah? Is it good news?	อ้อเหรอ? เป็นข่าวดีมั้ย?
15-0774	sound_auth	Huh? For what?	หา? ข่าวดีเรื่องอะไร?
15-0775	sound_auth	His alibi might be more\nairtight than we thought.	พยานที่อยู่ของเขาอาจจะแน่นหนา\nกว่าที่เราคิดไว้
15-0776	sound_auth	Hamura's alibi might be more\nairtight than we thought.	พยานที่อยู่ของฮามุระอาจจะแน่นหนา\nกว่าที่เราคิดไว้
15-0777	sound_auth	You're kidding me.	พูดเล่นน่า
15-0778	sound_auth	Just around midnight on the day of the crime, this guy\nSeiya got hit by Hamura, then saw him go to the sauna.	ประมาณเที่ยงคืนในวันเกิดเหตุ ไอ้เซยะคนนี้\nโดนฮามุระตี แล้วก็เห็นเขาเดินเข้าไปในซาวน่า
15-0779	sound_auth	Just around midnight on the day of the crime,\nthis host Seiya got hit by Hamura, then saw him go to the sauna.	ประมาณเที่ยงคืนในวันเกิดเหตุ\nโฮสต์ชื่อเซยะโดนฮามุระตี แล้วก็เห็นเขาเดินเข้าไปในซาวน่า
15-0780	sound_auth	It was apparently right by Kyushu No. 1 Star.\nIf they have a security camera, it would've caught everything.	ดูเหมือนจะเกิดขึ้นตรงหน้า คิวชูนัมเบอร์วันสตาร์\nถ้าที่นั่นมีกล้องวงจรปิด มันต้องจับภาพไว้ได้หมดแน่
15-0781	sound_auth	It was apparently right by Kyushu No. 1 Star.\nIf they have a security camera... it would've caught everything.	ดูเหมือนจะเกิดขึ้นตรงหน้า คิวชูนัมเบอร์วันสตาร์\nถ้าที่นั่นมีกล้องวงจรปิดนะ...มันต้องจับภาพไว้ได้หมดแน่
15-0782	sound_auth	I'm heading to check it out now.	ผมกำลังจะไปดูตอนนี้เลย
15-0783	sound_auth	I'm heading over now.	ผมกำลังไปตอนนี้เลย
15-0784	sound_auth	Hold up, Isn't that near KJ Art?\nThose Kyorei guys won't be happy to see you.	เดี๋ยวก่อน นั่นมันใกล้ KJ Art ไม่ใช่เหรอ?\nพวกตระกูลเคียวเรอิคงไม่ปลื้ม ที่เห็นนายไปโผล่แถวนั้นหรอก
15-0785	sound_auth	Hey... Isn't that near the KJ Art building?\nThose Kyorei guys won't be happy to see you.	เฮ้ย...นั่นมันใกล้ตึก KJ Art ไม่ใช่เหรอ?\nพวกตระกูลเคียวเรอิคงไม่ปลื้ม ที่เห็นนายไปโผล่แถวนั้นหรอก
15-0786	sound_auth	If I was worried about getting seen,\nI'd never leave the office.	ถ้าผมกลัวว่าจะมีคนเห็น\nผมคงไม่ออกจากออฟฟิศเลยล่ะ
15-0787	sound_auth	Heh, fair enough.\nLater.	เฮอะ ก็ว่างั้นเถอะ\nแล้วเจอกัน
15-0788	sound_auth	<color=ｍonologue>(This is where Seiya got hit.\nA security camera would have caught something...)</color>	<color=ｍonologue>(ที่นี่แหละที่เซยะโดนตี\nกล้องวงจรปิดน่าจะจับภาพอะไรไว้ ได้บ้าง...)</color>
15-0789	sound_auth	<color=ｍonologue>(So there <font_kind=yakuza_italic>is</font_kind> a camera!)</color>	<color=ｍonologue>(งั้นก็<font_kind=yakuza_italic>มี</font_kind>กล้องจริง ๆ ด้วย!)</color>
15-0790	sound_auth	<color=ｍonologue>(Let's hope Hamura's on there...)</color>	<color=ｍonologue>(หวังว่าจะมีภาพของฮามุระติดอยู่ ในนั้นนะ...)</color>
15-0791	sound_auth	<color=ｍonologue>(This... has nothing to do with the case.)</color>	<color=ｍonologue>(นี่...ไม่เกี่ยวอะไรกับคดีเลย)</color>
15-0792	sound_auth	<color=ｍonologue>(I've dealt with enough of these things for today.)</color>	<color=ｍonologue>(วันนี้ผมเจอเรื่องแบบนี้มาพอแล้ว)</color>
15-0793	sound_auth	<color=ｍonologue>(The place is dingy, but damn if it isn't good.)</color>	<color=ｍonologue>(ร้านมันดูซอมซ่อไปหน่อย แต่ต้องยอมรับว่าอร่อยเป็นบ้า)</color>
15-0794	sound_auth	<color=ｍonologue>(Their ramen is a Kamurocho classic.)</color>	<color=ｍonologue>(ราเมงร้านนี้คือของขึ้นชื่อของ คามุโรโจเลย)</color>
15-0795	sound_auth	<color=ｍonologue>(According to Seiya, Hamura punched him\nnear Kyushu No. 1 Star.)</color>	<color=ｍonologue>(ตามที่เซยะบอก ฮามุระต่อยเขา\nใกล้ ๆ คิวชูนัมเบอร์วันสตาร์)</color>
15-0796	sound_auth	Please tell me you found\nsomething. You did, right?	บอกทีว่านายเจอ\nอะไรบ้าง เจอใช่มั้ย?
15-0797	sound_auth	Please tell me you found\nsomething, Tak.	บอกทีว่านายเจอ\nอะไรบ้าง ทาคุ
15-0798	sound_auth	Think I did.\nCheck out that camera.	คิดว่าเจอนะ\nดูกล้องตัวนั้นสิ
15-0799	sound_auth	Think I did.\nLook, there's a camera.	คิดว่าเจอนะ\nดูสิ มีกล้องอยู่ด้วย
15-0800	sound_auth	We're in the clear if that thing\nputs Hamura here at midnight.	ถ้าเจ้านั่นยืนยันได้ว่าฮามุระ อยู่ที่นี่\nตอนเที่ยงคืน เราก็รอดตัวแล้ว
15-0801	sound_auth	If that captured Hamura's fight with the host,\nhis alibi's solid. We're in the clear.	ถ้ามันจับภาพตอนฮามุระต่อยกับ โฮสต์คนนั้นได้\nพยานที่อยู่ของเขาก็แน่นหนา เราก็รอดตัวแล้ว
15-0802	sound_auth	And if it doesn't?	แล้วถ้ามันไม่มีล่ะ?
15-0803	sound_auth	And if it didn't?	แล้วถ้ามันไม่ได้ผลล่ะ?
15-0804	sound_auth	Let's... Let's try and stay optimistic.	อย่า... อย่าเพิ่งคิดลบไปก่อนเลย
15-0805	sound_auth	Well, if it didn't...\nLet's not think about that.	ก็... ถ้ามันไม่ได้ผล...\nอย่าเพิ่งคิดถึงมันเลยดีกว่า
15-0806	sound_auth	Well, camera.\nYou got good news for us or what?	เป็นไงบ้าง เจ้ากล้อง\nมีข่าวดีมาฝากพวกเราไหม?
15-0807	sound_auth	Heh. Well, it must've caught <font_kind=yakuza_italic>something</font_kind>.\nGuess we'll see.	ฮึ อย่างน้อยมันก็ต้องอัด<font_kind=yakuza_italic>อะไรบางอย่าง</font_kind> ไว้ได้บ้างแหละ\nเดี๋ยวก็รู้
15-0808	sound_auth	What happened in there?	เกิดอะไรขึ้นข้างในนั่น?
15-0809	sound_auth	What happened in there, Seiya?	เกิดอะไรขึ้นข้างในนั่น เซยะ?
15-0810	sound_auth	I... I can't do it. I'm so sorry.	ผม... ผมทำไม่ได้ครับ ขอโทษจริง ๆ
15-0811	sound_auth	I... I can't do it.\nI'm so sorry.	ผม... ผมทำไม่ได้\nขอโทษจริง ๆ ครับ
15-0812	sound_auth	But why!? You were all ready to go this morning!	ทำไมล่ะ!? เมื่อเช้ายังพร้อมลุยอยู่เลย!
15-0813	sound_auth	But why not!?\nYou were all ready to go this morning!	ทำไมถึงไม่ทำล่ะ!?\nเมื่อเช้ายังพร้อมลุยอยู่เลย!
15-0814	sound_auth	I... got a phone call earlier.	ผม... มีโทรศัพท์เข้ามาเมื่อครู่นี้ครับ
15-0815	sound_auth	Go on.	ว่ามาเลย
15-0816	sound_auth	A call?	โทรศัพท์เหรอ?
15-0817	sound_auth	It said it was from my sister...\nBut there was a strange man on the line.	บอกว่าโทรมาจากน้องสาวผม...\nแต่พอรับสาย กลับเป็นเสียงผู้ชายแปลกหน้า
15-0818	sound_auth	It said it was from my sister...\nbut when I picked up, it was a man's voice.	บอกว่าโทรมาจากน้องสาวผม...\nแต่พอผมรับสาย กลับเป็นเสียงผู้ชาย
15-0819	sound_auth	He said his name was Murase.\nTold me you'd know him, Yagami-san.	เขาบอกว่าชื่อมุราเสะ\nบอกว่ายากามิซังรู้จักเขาดี
15-0820	sound_auth	He said he was Murase of the Kyorei Clan.\nTold me you'd know him, Yagami-san.	เขาบอกว่าเป็นมุราเสะแห่ง ตระกูลเคียวเรอิ\nบอกว่ายากามิซังรู้จักเขาดี
15-0821	sound_auth	Murase...\nAnd he told you not to testify?	มุราเสะ...\nแล้วเขาสั่งไม่ให้คุณเบิกความงั้นเหรอ?
15-0822	sound_auth	And Murase...\nHe told you not to testify?	แล้วมุราเสะ...\nเขาสั่งไม่ให้คุณเบิกความเหรอ?
15-0823	sound_auth	Yes. He said if I did...\nIf I did... I'd never see my sister again.	ใช่ครับ เขาบอกว่าถ้าผมทำ...\nถ้าผมทำ... ผมจะไม่ได้เจอน้องสาวอีกเลย
15-0824	sound_auth	Yes. He said if I did...\nIf I did... I'd never see my sister again...	ใช่ครับ เขาบอกว่าถ้าผมทำ...\nถ้าผมทำ... ผมจะไม่ได้เจอน้องสาวอีกเลย...
15-0825	sound_auth	What are you doing, Yagami?\nCalling the police?	จะทำอะไรน่ะ ยากามิ?\nจะโทรแจ้งตำรวจเหรอ?
15-0826	sound_auth	Hey, what are you doing, Yagami?\nCalling the police?	เฮ้ จะทำอะไรน่ะ ยากามิ?\nจะโทรแจ้งตำรวจเหรอ?
15-0827	sound_auth	Kaito-san. It's me.\nThose KJ Art guys took Seiya's sister.	ไคโตะซัง นี่ผมเอง\nพวก KJ Art จับตัวน้องสาวเซยะไป
15-0828	sound_auth	Kaito-san. It's Yagami.\nWe're paying the Kyorei a visit at KJ Art.	ไคโตะซัง นี่ยากามิ\nเราจะไปเยี่ยมพวกเคียวเรอิที่ KJ Art กัน
15-0829	sound_auth	I'm heading over there now.\nCould use a hand.	ผมกำลังไปที่นั่นตอนนี้\nช่วยมาสักแรงนะ
15-0830	sound_auth	They kidnapped our witness's sister.\nCould use a hand.	พวกมันลักพาตัวน้องสาวพยานเราไป\nช่วยมาสักแรงนะ
15-0831	sound_auth	The hell are you doing?\nWe're in the middle of a trial here!	จะทำบ้าอะไรของนาย?\nตอนนี้เรากำลังไต่สวนคดีอยู่นะ!
15-0832	sound_auth	A trial doesn't mean shit\nif you can't protect your witness!	จะไต่สวนไปทำไม\nถ้าปกป้องพยานตัวเองไม่ได้!
15-0833	sound_auth	A trial doesn't mean shit if you\ncan't protect your witness!	จะไต่สวนไปก็ไม่มีความหมาย ถ้า\nนายปกป้องพยานตัวเองไม่ได้!
15-0834	sound_auth	Buy me as much time as you can.\nI'll get Seiya's sister back.	ถ่วงเวลาให้ผมนานที่สุดเท่าที่จะทำได้\nผมจะไปพาน้องสาวเซยะกลับมาเอง
15-0835	sound_auth	Buy me as much time as you can.\nI'll get Seiya's sister back, no matter what.	ถ่วงเวลาให้ผมนานที่สุดเท่าที่จะทำได้\nไม่ว่าจะยังไง ผมจะพาน้องสาวเซยะกลับมาให้ได้
15-0836	sound_auth	I'm the one who dragged you into this.\nI'll be the one to drag you out. Promise.	ผมเป็นคนลากคุณเข้ามาในเรื่องนี้\nผมก็จะเป็นคนพาคุณออกไปเอง สัญญา
15-0837	sound_auth	I'm the one who dragged you into this.\nI'll be the one to drag you and your sister out. Promise.	ผมเป็นคนลากคุณเข้ามาในเรื่องนี้\nผมจะพาคุณกับน้องสาวออกไปเอง สัญญา
15-0838	sound_auth	Buy time he says...\nHe knows this is a court, right!?	ถ่วงเวลาเขาว่างั้น...\nรู้ใช่ไหมว่านี่มันศาล!?
15-0839	sound_auth	Like I can just "buy time"...\nWhat now?	จะให้ฉัน "ถ่วงเวลา" ง่าย ๆ แค่นั้นเองเหรอ...\nเอาไงต่อดีล่ะเนี่ย
15-0840	sound_auth	(The Kyorei have Seiya's sister at KJ Art.\nI need to hurry.)	(พวกเคียวเรอิจับตัวน้องสาวเซยะไว้ที่ KJ Art\nผมต้องรีบไปแล้ว)
15-0841	sound_auth	(No time for detours.\nI need to save Seiya's sister before the recess ends!)	(ไม่มีเวลาให้อ้อมค้อมแล้ว\nผมต้องช่วยน้องสาวเซยะให้ได้ ก่อนหมดเวลาพัก!)
15-0842	sound_auth	Yo, it's Kaito. I'm here.\nWhere are you?	เฮ้ นี่ไคโตะ ฉันมาถึงแล้ว\nนายอยู่ไหน?
15-0843	sound_auth	It's Kaito. I'm at KJ Art.\nWhere are you?	นี่ไคโตะ ฉันอยู่ที่ KJ Art แล้ว\nนายอยู่ไหน?
15-0844	sound_auth	I'm right around the corner.	ผมอยู่แถวนี้เอง เดี๋ยวถึง
15-0845	sound_auth	On my way. Almost there.	กำลังไป ใกล้ถึงแล้ว
15-0846	sound_auth	Place looks kinda deserted, blinds down and everything.\nAre we sure this is where they've got her?	ที่นี่ดูร้างชอบกล ม่านก็ปิดหมด\nแน่ใจนะว่าเธออยู่ที่นี่?
15-0847	sound_auth	Place looks kinda deserted, blinds down and everything.\nDunno if anyone's even here. You sure they've got her?	ที่นี่ดูร้างชอบกล ม่านก็ปิดหมด\nไม่รู้ด้วยซ้ำว่ามีใครอยู่รึเปล่า แน่ใจนะว่าพวกมันจับเธอมาไว้ที่นี่?
15-0848	sound_auth	They're from Kansai, remember?\nThey can't have that many hideouts.	อย่าลืมสิ พวกนี้มาจากคันไซ\nคงไม่มีที่ซ่อนเยอะขนาดนั้นหรอก
15-0849	sound_auth	The Kyorei aren't from around here.\nThey can't have that many hideouts.	พวกเคียวเรอิไม่ใช่คนแถวนี้\nคงไม่มีที่ซ่อนเยอะขนาดนั้นหรอก
15-0850	sound_auth	Plus...	แล้วก็...
15-0851	sound_auth	Plus what?	แล้วก็อะไร?
15-0852	sound_auth	I bet there's a reason all the blinds are down.\nIf anything, that makes it more suspicious.	ผมว่าที่ม่านปิดหมดต้องมีเหตุผล\nยิ่งทำให้น่าสงสัยเข้าไปใหญ่
15-0853	sound_auth	I bet there's a reason all the blinds are down.\nIf anything, that makes it <font_kind=yakuza_italic>more</font_kind> likely they have her.	ผมว่าที่ม่านปิดหมดต้องมีเหตุผล\nยิ่งทำให้<font_kind=yakuza_italic>น่าจะ</font_kind>เป็นที่นี่มากขึ้นไปอีก
15-0854	sound_auth	I guess you've got a point.	ก็นายพูดมีเหตุผลนี่นา
15-0855	sound_auth	Yeah, true... You got a point there.	ใช่ จริงด้วย... นายพูดมีเหตุผล
15-0856	sound_auth	Anyways, I'll be up on the roof again.\nSee you soon.	เอาล่ะ ฉันจะขึ้นไปบนดาดฟ้าอีกที\nเดี๋ยวเจอกัน
15-0857	sound_auth	Anyways, I'll be up on the roof again.\nMeet me where we spied on KJ Art before. See you soon.	เอาล่ะ ฉันจะขึ้นไปบนดาดฟ้าอีกที\nมาเจอกันตรงจุดที่เราเคยสอดแนม KJ Art กันนะ เดี๋ยวเจอกัน
15-0858	sound_auth	Still can't get eyes on what's in there.\nGot any bright ideas?	ยังมองไม่เห็นข้างในเลย\nมีไอเดียเด็ด ๆ บ้างไหม?
15-0859	sound_auth	There you are. Still can't see inside...\nAny ideas?	อ้าว มาแล้วเหรอ ยังมองไม่เห็นข้างในเลย...\nมีไอเดียอะไรไหม?
15-0860	sound_auth	Well we can't just barge in.\nWho knows how many of them are in there.	จะบุกเข้าไปดื้อ ๆ ก็คงไม่ได้\nไม่รู้ว่าข้างในมีมันกี่คน
15-0861	sound_auth	No way I'm getting away\nwith a disguise now, either.	จะปลอมตัวเข้าไปตอนนี้\nก็คงไม่รอดเหมือนกัน
15-0862	sound_auth	No way I'm getting away with\na disguise now, either.	จะปลอมตัวเข้าไปตอนนี้ก็\nคงไม่รอดเหมือนกัน
15-0863	sound_auth	Then... I guess we gotta sneak in?	งั้น... ก็ต้องแอบเข้าไปสินะ?
15-0864	sound_auth	Then... I guess we gotta sneak in?\nDo things all stealthy?	งั้น... ก็ต้องแอบเข้าไปสินะ?\nเล่นแบบเนียน ๆ น่ะเหรอ?
15-0865	sound_auth	That's the only way.	ก็มีทางเดียวนั่นแหละ
15-0866	sound_auth	Yeah. That's the only way.	ใช่ มีทางเดียวนั่นแหละ
15-0867	sound_auth	Heh, I had a feeling.\nI've got a plan.	ฮึ รู้อยู่แล้วเชียว\nฉันมีแผนอยู่
15-0868	sound_auth	Yeah, lay it on me.	เอาสิ ว่ามาเลย
15-0869	sound_auth	Oh? Lay it on me.	โอ้? งั้นว่ามาเลย
15-0870	sound_auth	First, I'll make a big scene out front. Then when\nthey're distracted, you sneak in and get the girl.	ก่อนอื่น ฉันจะไปป่วนหน้าตึกให้เอิกเกริกไปเลย พอ\nพวกมันเผลอ นายก็แอบเข้าไปพาตัวเด็กออกมา
15-0871	sound_auth	First, I'll make a big scene out front. Then, when\nthey're distracted, you sneak in and get the girl.	ก่อนอื่น ฉันจะไปป่วนหน้าตึกให้เอิกเกริก แล้วพอ\nพวกมันเผลอ นายก็แอบเข้าไปพาตัวเด็กออกมา
15-0872	sound_auth	That's your big plan?	นี่คือแผนเด็ดของนายเหรอ?
15-0873	sound_auth	<font_kind=yakuza_italic>That's</font_kind> your plan!?	<font_kind=yakuza_italic>นี่</font_kind>คือแผนของนายเหรอ!?
15-0874	sound_auth	Pretty good, huh?	เจ๋งใช่ไหมล่ะ?
15-0875	sound_auth	Uh. Sure.\nHow you gonna do it?	อ่อ... ก็ได้\nแล้วนายจะทำยังไง?
15-0876	sound_auth	Uh, sure.\nBut how are you gonna distract them?	อ่อ ก็ได้\nแต่นายจะล่อพวกมันยังไง?
15-0877	sound_auth	You'll see soon enough. Just remember,\nboth our asses are on the line here.	เดี๋ยวก็รู้เอง แค่อย่าลืมไว้ว่า\nชีวิตเราสองคนแขวนอยู่บนเส้นด้ายนะ
15-0878	sound_auth	Well, uh... You'll see soon enough.\nJust remember, both our lives are on the line here.	เอ่อ... เดี๋ยวก็รู้เอง\nแค่อย่าลืมไว้ว่าชีวิตเราสองคน แขวนอยู่บนเส้นด้ายนะ
15-0879	sound_auth	I won't forget.	ไม่ลืมหรอก
15-0880	sound_auth	So... the girl's in there, yeah?\nLet's go bring her home.	งั้น... เด็กอยู่ข้างในใช่ไหม?\nไปพาเธอกลับบ้านกัน
15-0881	sound_auth	So the girl's in there, yeah?\nLet's go bring her home.	เด็กอยู่ข้างในใช่ไหม?\nไปพาเธอกลับบ้านกัน
15-0882	sound_auth	Right. I'll go look for a way in.\nLet you know when I find one.	โอเค ผมจะไปหาทางเข้าก่อน\nเจอแล้วจะบอกนาย
15-0883	sound_auth	Got it. I'll go look for a way in.\nLet you know when I find one.	รับทราบ ผมจะไปหาทางเข้าก่อน\nเจอแล้วจะบอกนาย
15-0884	sound_auth	What the fuck!?	อะไรวะเนี่ย!?
15-0885	sound_auth	The hell was that?	นั่นมันอะไรวะ?
15-0886	sound_auth	Hey! Where's that asshole Murase!?\nName's Kaito! Ex-Matsugane!	เฮ้ย! ไอ้มุราเสะมันอยู่ไหนวะ!?\nกูชื่อไคโตะ! อดีตมัตสึกาเนะ!
15-0887	sound_auth	Hey, where's that asshole Murase!?\nName's Kaito! Ex-Matsugane!	เฮ้ย ไอ้มุราเสะมันอยู่ไหนวะ!?\nกูชื่อไคโตะ! อดีตมัตสึกาเนะ!
15-0888	sound_auth	Bring him out,\nor I'll burn this shit down!	เรียกมันออกมา\nไม่งั้นกูจะเผาที่นี่ทิ้งซะเลย!
15-0889	sound_auth	Get fuckin' Murase out here or I'll\nburn this goddamn building down!	เรียกไอ้มุราเสะออกมาซะดี ๆ ไม่งั้นกูจะ\nเผาตึกบ้านี่ทิ้งซะให้หมด!
15-0890	sound_auth	Oh yeah!? Go on, I dare you!\nJust stay right there, punk!	อ้อเหรอ!? เอาสิ กล้าก็ลองดู!\nอยู่ตรงนั้นแหละไอ้หนู!
15-0891	sound_auth	Oh, just fuckin' try it!\nYou stay right there, punk!	เอาสิวะ ลองดูสิ!\nอยู่ตรงนั้นแหละไอ้หนู!
15-0892	sound_auth	Go, Tak!\nThis is your chance!	ไปเลย ทาคุ!\nนี่แหละโอกาสของนาย!
15-0893	sound_auth	On it. Don't die, okay?	รับทราบ อย่าตายล่ะ โอเคนะ?
15-0894	sound_auth	Right.\nDon't die on me, Kaito-san.	รับทราบ\nอย่าตายไปซะก่อนล่ะ ไคโตะซัง
15-0895	sound_auth	You really stuck around?\nYou shoulda bailed when you had the chance!	มึงยังอยู่แถวนี้อีกเหรอ?\nน่าจะหนีไปตอนที่ยังมีโอกาส!
15-0896	sound_auth	You got some serious guts stickin' around!\nI thought you'd be halfway 'cross town by now!	มึงกล้าจริงนะที่ยังไม่หนีไปไหน!\nนึกว่าป่านนี้มึงจะวิ่งไปครึ่ง เมืองแล้วซะอีก!
15-0897	sound_auth	You're pretty fucked now... Dumbass!	คราวนี้มึงซวยแน่ ๆ... ไอ้โง่!
15-0898	sound_auth	Get ready to die, fuckhead!	เตรียมตายซะเถอะ ไอ้สัส!
15-0899	sound_auth	Who the fuck are you!?\nI said I wanted Murase!	มึงเป็นใครวะ!?\nกูบอกแล้วว่ากูอยากได้ตัวมุราเสะ!
15-0900	sound_auth	Who the hell are you?\nI thought I said I want Murase.	มึงเป็นใครวะ?\nกูว่ากูบอกไปแล้วนะว่าอยาก ได้ตัวมุราเสะ
15-0901	sound_auth	You fuckin' scrubs ain't worth\nmy time. Get Murase!	พวกกากเบี้ยแบบมึงไม่คุ้มเสียเวลากู\nหรอก ไปเรียกมุราเสะมา!
15-0902	sound_auth	I'm not here for the scrubs!\nBring that asshole out!	กูไม่ได้มาเสียเวลากับพวกกาก เบี้ยแบบมึงหรอก!\nเรียกไอ้นั่นออกมา!
15-0903	sound_auth	Hey, the hell's going on!?	เฮ้ย เกิดอะไรขึ้นวะ!?
15-0904	sound_auth	Bastards're attacking us!	ไอ้พวกนี้บุกมาโจมตีพวกเรา!
15-0905	sound_auth	Someone grab a gun!	ใครก็ได้ไปคว้าปืนมา!
15-0906	sound_auth	Is it the Tojo!?	เป็นฝีมือตระกูลโทโจรึเปล่า!?
15-0907	sound_auth	What's he take us for,\ncoming here alone!?	มันคิดว่าพวกเราเป็นอะไร\nถึงกล้ามาคนเดียวแบบนี้!?
15-0908	sound_auth	Dammit, this guy's got balls!	บ้าจริง ไอ้นี่กล้าดีนักนะ!
15-0909	sound_auth	(It's locked, but I should be able to open it with\na simple thumb turn bypass.)	(ล็อกอยู่ แต่น่าจะเปิดได้\nด้วยการเลี่ยงสลักล็อกแบบบิดนิ้วโป้ง)
15-0910	sound_auth	Who the hell're you?	มึงเป็นใครวะ?
15-0911	sound_auth	You're not getting outta here alive!	มึงไม่มีทางออกไปจากที่นี่แบบเป็น ๆ หรอก!
15-0912	sound_auth	You! Where's the girl you took?	นาย! เด็กที่พวกนายจับตัวมาอยู่ไหน?
15-0913	sound_auth	I don't know nothing, honest!\nI'm new here. They don't tell me shit!	กูไม่รู้อะไรจริง ๆ นะ!\nกูเพิ่งมาใหม่ พวกมันไม่บอกอะไรกูเลย!
15-0914	sound_auth	I-I dunno! I'm new here.\nThey don't tell me shit!	ก-กูไม่รู้! กูเพิ่งมาใหม่\nพวกมันไม่บอกอะไรกูเลย!
15-0915	sound_auth	Huh? Then you're useless to me.	หา? งั้นนายก็ไม่มีประโยชน์กับผมเลย
15-0916	sound_auth	...No way to go but up.	...ไม่มีทางอื่นนอกจากขึ้นไปข้างบน
15-0917	sound_auth	...In that case, no way to go but up.	...งั้นก็ไม่มีทางอื่นนอกจากขึ้นไป ข้างบนแล้ว
15-0918	sound_auth	You're done for, bitch!	มึงจบเห่แน่ ไอ้เวร!
15-0919	sound_auth	(She might be on this floor...)	(เธออาจจะอยู่ชั้นนี้ก็ได้...)
15-0920	sound_auth	Now. Tell me what I want to know...\nOr else.	เอาล่ะ บอกสิ่งที่ผมอยากรู้มาซะ...\nไม่งั้นแล้วกัน
15-0921	sound_auth	Oh, you're up again.\nTell me what I want to know.	อ้อ ฟื้นแล้วเหรอ\nบอกสิ่งที่ผมอยากรู้มาซะ
15-0922	sound_auth	Where's the girl?	เด็กผู้หญิงอยู่ไหน?
15-0923	sound_auth	She's... up in the reception room.	เธอ... อยู่ชั้นบนในห้องรับรอง
15-0924	sound_auth	Got it. Appreciate the honesty.	รับทราบ ขอบใจที่ให้ความร่วมมือ
15-0925	sound_auth	The reception room.\nAppreciate the honesty.	ห้องรับรองเหรอ\nขอบใจที่ให้ความร่วมมือ
15-0926	sound_auth	Where's Murase?	มุราเสะอยู่ไหน?
15-0927	sound_auth	Hell if I know. Probably with the girl.	กูจะไปรู้ได้ไง คงอยู่กับเด็กนั่นแหละ
15-0928	sound_auth	Hell if I know.\nI mean, he's probably with the girl.	กูจะไปรู้ได้ไง\nคือกูว่ามันคงอยู่กับเด็กนั่นแหละ
15-0929	sound_auth	Yeah, probably...	สินะ คงอย่างนั้นแหละ...
15-0930	sound_auth	How many of you Kyorei guys are there?	พวกเคียวเรอิมีกันกี่คน?
15-0931	sound_auth	Heh, who knows? 50? 100?	ฮึ ใครจะไปรู้ล่ะ? 50? 100?
15-0932	sound_auth	Heh, dunno.\nFifty, a hundred...	ฮึ ไม่รู้สิ\nห้าสิบ ร้อยนึงได้มั้ง...
15-0933	sound_auth	Any way you slice it, you're trapped.\nNo chance you leave here alive.	ยังไงมึงก็หนีไม่พ้นหรอก\nไม่มีทางออกไปจากที่นี่แบบเป็น ๆ แน่
15-0934	sound_auth	Shut it.	หุบปาก
15-0935	sound_auth	What's the code for the reception room?	รหัสห้องรับรองคืออะไร?
15-0936	sound_auth	Like I'd tell you.	ทำไมกูต้องบอกมึงด้วยวะ
15-0937	sound_auth	I don't have time for your games.\nUnderstand?	ผมไม่มีเวลามาเล่นเกมกับนายหรอกนะ\nเข้าใจไหม?
15-0938	sound_auth	I'm done playing around here.\nWe understand each other?	ผมเลิกเล่นแล้วนะ\nเข้าใจตรงกันไหม?
15-0939	sound_auth	Now, I'm gonna ask you again.\nWhat's the code to the reception room?	เอาล่ะ ผมจะถามอีกครั้ง\nรหัสห้องรับรองคืออะไร?
15-0940	sound_auth	Now, I'm gonna ask you again. This is your last chance.\nWhat's the code to the reception room?	เอาล่ะ ผมจะถามอีกครั้ง นี่เป็นโอกาสสุดท้ายของนาย\nรหัสห้องรับรองคืออะไร?
15-0941	sound_auth	Well that wasn't so hard.\nThanks.	เห็นไหม ไม่เห็นยากเลย\nขอบใจนะ
15-0942	sound_auth	...1370, then. Thanks.	...1370 สินะ ขอบใจ
15-0943	sound_auth	(It's the reception room...)	(ห้องรับรองสินะ...)
15-0944	sound_auth	(Dammit, I need a code to get in.)	(บ้าจริง ต้องใช้รหัสถึงจะเข้าไปได้)
15-0945	sound_auth	(Not gonna be able to pick my way in, either.\nThe lock's too high-tech for that.)	(จะงัดเข้าไปก็ไม่ได้อีกต่างหาก\nกลอนมันไฮเทคเกินกว่าจะงัดได้)
15-0946	sound_auth	(I'll need to figure out the code somehow...!)	(ต้องหาทางรู้รหัสให้ได้สักทาง...!)
15-0947	sound_auth	(1370. Time to give it a try.)	(1370 ลองดูสักตั้งดีกว่า)
15-0948	sound_auth	Heh, I knew you'd be back!	ฮึ รู้แล้วเชียวว่ามึงต้องกลับมา!
15-0949	sound_auth	Why didn't you tell me there was a code?\nCough it up.	ทำไมไม่บอกผมว่ามีรหัสด้วยล่ะ?\nรีบสารภาพมาซะ
15-0950	sound_auth	Not happening, dumbass.\nYou're dead meat!	ไม่มีทางหรอก ไอ้โง่\nมึงตายแน่!
15-0951	sound_auth	Dumbass! I don't have to tell you shit!\nYou're dead meat!	ไอ้โง่! กูไม่จำเป็นต้องบอกอะไรมึงทั้งนั้น!\nมึงตายแน่!
15-0952	sound_auth	You're Seiya's sister, right?\nDon't worry, you're safe now.	คุณคือน้องสาวเซยะใช่ไหม?\nไม่ต้องห่วงนะ ตอนนี้ปลอดภัยแล้ว
15-0953	sound_auth	Yagami?\nWhen the hell did you get here?	ยากามิ?\nมาถึงตั้งแต่เมื่อไหร่วะ?
15-0954	sound_auth	Yagami? When the hell did you—	ยากามิ? มาตั้งแต่เมื่อไหร่—
15-0955	sound_auth	Let the girl go.\nRight now.	ปล่อยตัวเด็กผู้หญิงคนนี้ไป\nเดี๋ยวนี้
15-0956	sound_auth	Let the girl go. Now.	ปล่อยตัวเด็กผู้หญิงคนนี้ไปซะ เดี๋ยวนี้
15-0957	sound_auth	Whaddya mean, let her go?	หมายความว่าไง ให้ปล่อยเธอไป?
15-0958	sound_auth	Let her go? What do you mean?	ปล่อยเธอไปเหรอ? หมายความว่าไง?
15-0959	sound_auth	The girl can leave whenever she wants.\nWe don't have her tied up or nothing.	เด็กคนนี้จะไปตอนไหนก็ได้ที่อยากไป\nฉันไม่ได้มัดตัวเธอไว้สักหน่อย
15-0960	sound_auth	I get it. It's all fine if you aren't\nkeeping her "captive," right?	อ๋อ เข้าใจละ ถ้าไม่ได้กักตัวเธอ\nไว้เป็น "เชลย" ก็ไม่มีปัญหาสินะ?
15-0961	sound_auth	You just have to make her stay here until the trial's\nover. You really thought this one through.	แค่ให้เธอค้างอยู่ที่นี่จนกว่า\nการไต่สวนจะจบใช่ไหม คิดมาดีเชียวนะ
15-0962	sound_auth	Just have to make her stay here until the trial's over.\nThat your plan?	แค่ให้เธอค้างอยู่ที่นี่จนกว่า การไต่สวนจะจบ\nนั่นคือแผนของคุณเหรอ?
15-0963	sound_auth	But that's not gonna work.	แต่มันจะไม่ได้ผลหรอกนะ
15-0964	sound_auth	Confinement is a crime whether or not your\ncaptive is tied up, idiots.	การกักขังหน่วงเหนี่ยวเป็น ความผิดอยู่ดี\nไม่ว่าจะมัดตัวหรือไม่ก็ตาม ไอ้พวกโง่
15-0965	sound_auth	Confinement constitutes more than just tying\nsomeone up. Read up.	การกักขังหน่วงเหนี่ยวไม่ได้มี แค่การมัดตัว\nเท่านั้นหรอกนะ ไปหาความรู้เพิ่มซะ
15-0966	sound_auth	Shut your trap!	หุบปากไปเลย!
15-0967	sound_auth	You know, false imprisonment'll get you between three months\nand seven years. Maybe even longer if you hurt the victim.	รู้ไหมว่าการหน่วงเหนี่ยวกักขัง มีโทษตั้งแต่สามเดือน\nถึงเจ็ดปี แถมอาจนานกว่านั้นอีกถ้าทำร้ายเหยื่อ
15-0968	sound_auth	By the way, false imprisonment is three months\nto seven years, longer if you hurt the victim.	อ้อ แล้วการหน่วงเหนี่ยวกักขังมีโทษ สามเดือน\nถึงเจ็ดปี นานกว่านั้นถ้าทำร้ายเหยื่อ
15-0969	sound_auth	Guess she'll have to take a little dip in\nan acid bath, then. No body, no crime.	งั้นก็ต้องให้เธอไปแช่บ่อกรด\nสักหน่อยแล้วล่ะ ไม่มีศพ ก็ไม่มีคดี
15-0970	sound_auth	Guess she'll have to take a little dip\nin an acid bath, then. No body, no crime.	งั้นก็ต้องให้เธอไปแช่\nบ่อกรดสักหน่อยแล้วล่ะ ไม่มีศพ ก็ไม่มีคดี
15-0971	sound_auth	Intimidation too?\nTack on another year.	ข่มขู่ด้วยงั้นเหรอ?\nงั้นก็บวกโทษเข้าไปอีกปีสิ
15-0972	sound_auth	Intimidation, too?\nAnother one for the pile, huh?	ข่มขู่ด้วยเหรอ?\nบวกเข้าไปอีกกระทงเลยสินะ?
15-0973	sound_auth	You piece of...	ไอ้เวรเอ๊ย...
15-0974	sound_auth	C'mon, let's make sure this asshole\nnever talks again!	เอาเลย จัดการให้ไอ้นี่\nไม่มีปากพูดได้อีกเลย!
15-0975	sound_auth	Not so fast, Yagami.	ใจเย็นก่อน ยากามิ
15-0976	sound_auth	Murase-san.\nHasn't this gone on long enough?	คุณมุราเสะ\nเรื่องนี้มันยืดเยื้อมาพอแล้ว ไม่ใช่เหรอครับ?
15-0977	sound_auth	You're only gonna make things\nworse for yourself.	แกจะยิ่งทำให้\nตัวเองซวยหนักกว่าเดิมนะ
15-0978	sound_auth	Hamura has an alibi.\nSomeone else clearly killed Kume.	ฮามุระมีพยานที่อยู่\nเห็นชัด ๆ ว่าคนอื่นเป็นคนฆ่าคุเมะ
15-0979	sound_auth	There's no reason for you\nto keep Seiya from testifying.	ไม่มีเหตุผลอะไรที่คุณ\nจะต้องกันเซยะไม่ให้เบิกความเลย
15-0980	sound_auth	Even if you silence Seiya's testimony,\nthat doesn't help you at all.	ต่อให้ปิดปากคำให้การของเซยะได้\nมันก็ไม่ช่วยอะไรคุณเลย
15-0981	sound_auth	But if Hamura didn't murder Kume,\nwho did?	แต่ถ้าฮามุระไม่ได้ฆ่าคุเมะ\nแล้วใครฆ่าล่ะ?
15-0982	sound_auth	But... then who did kill Kume?	แต่... งั้นใครฆ่าคุเมะล่ะ?
15-0983	sound_auth	I'm not sure.\nBut...	ผมก็ยังไม่แน่ใจ\nแต่ว่า...
15-0984	sound_auth	I'm not sure, but...	ผมยังไม่แน่ใจ แต่ว่า...
15-0985	sound_auth	But what?	แต่อะไร?
15-0986	sound_auth	Hamura might have an idea. He must have\nbeen working with the real murderer.	ฮามุระน่าจะรู้อะไรบางอย่าง เขาต้อง\nสมรู้ร่วมคิดกับฆาตกรตัวจริงแน่ ๆ
15-0987	sound_auth	Hamura might have an idea. I think...\nhe was working with the real murderer.	ฮามุระน่าจะรู้อะไรบางอย่าง ผมคิดว่า...\nเขาสมรู้ร่วมคิดกับฆาตกรตัวจริง
15-0988	sound_auth	<color=ｍonologue>(That's right. Several facts point to\nHamura's involvement.)</color>	<color=ｍonologue>(ใช่แล้ว มีหลายข้อเท็จจริงที่ชี้\nว่าฮามุระมีเอี่ยวด้วย)</color>
15-0989	sound_auth	The night of the crime, Kume went into Amour\nand just... disappeared, right?	คืนเกิดเหตุ คุเมะเดินเข้าไปในอามูร์\nแล้วก็หายตัวไปเฉย ๆ ใช่ไหม?
15-0990	sound_auth	The night of the crime, Kume went into Amour\nand just disappeared, right?	คืนเกิดเหตุ คุเมะเดินเข้าไปในอามูร์\nแล้วก็หายตัวไปเฉย ๆ ใช่ไหม?
15-0991	sound_auth	He didn't contact you. Nobody saw him.\nHe didn't even show up on any security footage.	เขาไม่ติดต่อคุณเลย ไม่มีใครเห็นเขา\nไม่มีแม้แต่ในกล้องวงจรปิดสักตัว
15-0992	sound_auth	The way I see it, Kume never left Amour.	ผมมองว่าคุเมะไม่เคยออกจากอา มูร์เลยด้วยซ้ำ
15-0993	sound_auth	In other words, Hamura must have handed\nhim over to the real murderer.	พูดอีกอย่างคือ ฮามุระต้องเป็นคนส่งตัวเขา\nให้ฆาตกรตัวจริงไปแน่ ๆ
15-0994	sound_auth	Hamura must have handed him over\nto the real murderer.	ฮามุระต้องเป็นคนส่งตัวเขา\nให้ฆาตกรตัวจริงไปแน่ ๆ
15-0995	sound_auth	While Hamura was at the sauna making an alibi\nfor himself, someone else was murdering Kume.	ตอนที่ฮามุระอยู่ที่ซาวน่าเพื่อ สร้างพยานที่อยู่\nให้ตัวเอง มีคนอื่นกำลังฆ่าคุเมะอยู่
15-0996	sound_auth	And gouging his eyes out.	แล้วก็ควักดวงตาเขาออก
15-0997	sound_auth	It almost makes sense.	ก็พอจะฟังขึ้นอยู่นะ
15-0998	sound_auth	...Makes sense.	...ฟังขึ้นอยู่นะ
15-0999	sound_auth	If Hamura ends up behind bars,\nI'll never be able to prove that theory.	ถ้าฮามุระต้องติดคุกไปซะก่อน\nผมก็จะไม่มีทางพิสูจน์ทฤษฎีนี้ได้เลย
15-1000	sound_auth	So what, you wanna let Hamura walk?	แล้วไง แกอยากปล่อยฮามุระลอยนวลงั้นเหรอ?
15-1001	sound_auth	So Hamura gets to walk?\nAll 'cause of your big theories?	ฮามุระเลยลอยนวลไปได้งั้นสิ?\nเพราะทฤษฎีเก่งกาจของแกเนี่ยนะ?
15-1002	sound_auth	Better that than threaten a girl\nto stop someone from testifying.	ยังดีกว่าไปข่มขู่เด็กผู้หญิง\nเพื่อหยุดไม่ให้ใครเบิกความ
15-1003	sound_auth	Better that than threatening a girl\nto stop someone from testifying.	ยังดีกว่าไปข่มขู่เด็กผู้หญิง\nเพื่อหยุดไม่ให้ใครเบิกความนะครับ
15-1004	sound_auth	Besides, I thought you were\nabove shit like this.	อีกอย่าง ผมนึกว่าคุณ\nไม่ใช่คนแบบนี้ซะอีก
15-1005	sound_auth	Hmph. All right, just get outta here.\nYou got guts for a detective.	ฮึ! เอาล่ะ ไปได้แล้ว\nแกกล้าดีนะเนี่ย สมกับเป็นนักสืบ
15-1006	sound_auth	Hmph. Fine. Get outta here.\nYou got guts for a detective.	ฮึ! เอาเถอะ ไปได้แล้ว\nแกกล้าดีนะเนี่ย สมกับเป็นนักสืบ
15-1007	sound_auth	<color=ｍonologue>(The rest is up to Shintani.)</color>	<color=ｍonologue>(ที่เหลือฝากชินทานิแล้วกัน)</color>
15-1008	sound_auth	Hamura-san is the one punching me in this video.\nThe same man standing here today.	คนที่ต่อยผมในวิดีโอนี้คือคุณฮามุระ\nเป็นคนคนเดียวกับที่ยืนอยู่ ตรงนี้วันนี้
15-1009	sound_auth	He's the one punching me in this video.\nThe same man standing there. Hamura of the Matsugane Family.	เขาคือคนที่ต่อยผมในวิดีโอนี้\nคนคนเดียวกับที่ยืนอยู่ตรงนั้น ฮามุระแห่งตระกูลมัตสึกาเนะ
15-1010	sound_auth	I remember now.\nThere's no doubt in my mind.	ผมจำได้แล้วครับ\nไม่มีข้อสงสัยเลยแม้แต่น้อย
15-1011	sound_auth	So you retract your earlier statement?	หมายความว่าคุณขอถอนคำให้การ ก่อนหน้านี้ใช่ไหม?
15-1012	sound_auth	Yes. My apologies.	ใช่ครับ ต้องขออภัยด้วย
15-1013	sound_auth	Your Honor!\nClearly this witness has no credibility!	ศาลที่เคารพ!\nพยานปากนี้ไม่มีความน่าเชื่อถือ เลยแม้แต่น้อยครับ!
15-1014	sound_auth	How does the defense respond?	ฝ่ายจำเลยจะตอบสนองต่อเรื่องนี้ อย่างไร?
15-1015	sound_auth	I admit, the witness was\nshaken up before.	ผมยอมรับว่าพยานเกิดอาการ\nหวาดหวั่นเมื่อสักครู่จริง
15-1016	sound_auth	But I believe that's a perfectly understandable response.\nThis is his first time in court, after all.	แต่ผมเชื่อว่านั่นเป็นปฏิกิริยา ที่เข้าใจได้อย่างเต็มที่\nเพราะนี่เป็นครั้งแรกที่เขาต้อง ขึ้นศาล
15-1017	sound_auth	However, that's a perfectly understandable response.\nThis is his first time in court, after all.	แต่นั่นก็เป็นปฏิกิริยาที่ เข้าใจได้อย่างเต็มที่\nเพราะนี่เป็นครั้งแรกที่เขาต้อง ขึ้นศาล
15-1018	sound_auth	I have no doubts regarding\nhis credibility.	ผมไม่มีข้อกังขาใด ๆ\nต่อความน่าเชื่อถือของเขาเลย
15-1019	sound_auth	This Stardust establishment.\nIt's a host club, yes?	คลับสตาร์ดัสต์แห่งนี้\nเป็นโฮสต์คลับใช่ไหม?
15-1020	sound_auth	So this Stardust establishment in Kamurocho.\nIt's a host club, yes?	คลับสตาร์ดัสต์แห่งนี้ในคามุโรโจ\nเป็นโฮสต์คลับใช่ไหม?
15-1021	sound_auth	How long have you been\nemployed there?	คุณทำงานที่นั่น\nมานานแค่ไหนแล้ว?
15-1022	sound_auth	About two years.	ประมาณสองปีครับ
15-1023	sound_auth	For that short a timeframe, you seem to\nhave an awful lot of trouble with your customers.	แค่ช่วงเวลาสั้น ๆ แบบนั้น คุณกลับ\nมีเรื่องยุ่งกับลูกค้าเยอะเหลือเกินนะ
15-1024	sound_auth	For that short a timeframe, you seem to have\nan awful lot of trouble with your customers.	แค่ช่วงเวลาสั้น ๆ แบบนั้น คุณกลับมี\nเรื่องยุ่งกับลูกค้าเยอะเหลือเกินนะ
15-1025	sound_auth	Huh? I'm not sure what you mean.	หา? ผมไม่แน่ใจว่าคุณหมายความว่ายังไง
15-1026	sound_auth	Huh? What do you mean?	หา? หมายความว่าไงเหรอ?
15-1027	sound_auth	Several of them have approached you\nin hopes of marriage, have they not?	มีลูกค้าหลายคนเข้าหาคุณ\nด้วยความหวังจะได้แต่งงานด้วย ใช่ไหม?
15-1028	sound_auth	They come spending huge sums of cash,\nso you act like you're ready to seal the deal.	พวกเธอมาทุ่มเงินมหาศาลให้\nคุณเลยแสร้งทำเป็นพร้อมจะปิดดีลด้วย
15-1029	sound_auth	You say whatever it takes to make them happy in the moment,\nbut your story changes once things start to get real.	คุณพูดทุกอย่างที่จะทำให้พวกเธอ มีความสุขในตอนนั้น\nแต่พอเรื่องเริ่มจริงจัง คำพูดของคุณก็เปลี่ยนไป
15-1030	sound_auth	You say whatever it takes to make them happy in the moment,\nbut once things get too real, your story changes.	คุณพูดทุกอย่างที่จะทำให้พวกเธอ มีความสุขในตอนนั้น\nแต่พอเรื่องเริ่มจริงจังเกินไป คำพูดของคุณก็เปลี่ยนไป
15-1031	sound_auth	Five women have filed reports with the Consumer Affairs Bureau,\nand those are just the ones who have stepped forward.	มีผู้หญิงห้าคนไปแจ้งความที่ สำนักงานคุ้มครองผู้บริโภค\nและนั่นแค่คนที่กล้าออกมา เปิดเผยตัวเท่านั้น
15-1032	sound_auth	Of the women you've deceived, all upstanding citizens,\nfive have filed reports with the Consumer Affairs Bureau.	ในบรรดาผู้หญิงที่คุณหลอกลวง ซึ่งล้วนเป็นพลเมืองดี\nห้าคนไปแจ้งความที่สำนักงาน คุ้มครองผู้บริโภคแล้ว
15-1033	sound_auth	Can we really trust the words\nof such a manipulative man?	เราจะเชื่อคำพูดของ\nชายที่ชอบบิดเบือนคนแบบนี้ได้จริงหรือ?
15-1034	sound_auth	This man's clients know him to be a liar and manipulator.\nCan we really trust his word?	ลูกค้าของชายคนนี้ต่างรู้ดีว่า เขาเป็นคนโกหกและชอบบิดเบือน\nเราจะเชื่อคำพูดของเขาได้จริงหรือ?
15-1035	sound_auth	With these character traits in mind, I sincerely doubt\nthe credibility of the witness's testimony.	ด้วยลักษณะนิสัยเช่นนี้ ผมสงสัยอย่างจริงจัง\nในความน่าเชื่อถือของคำให้การ ของพยานปากนี้
15-1036	sound_auth	And if the witness is indeed lying,\nthe defendant's alibi is invalid.	และหากพยานปากนี้กำลังโกหกจริง\nพยานที่อยู่ของจำเลยก็ถือเป็นโมฆะ
15-1037	sound_auth	That is all.	หมดคำถามเพียงเท่านี้ครับ
15-1038	sound_auth	I'd like to continue on the topic of credibility.\nMind if I ask you a few questions, Prosecutor?	ผมขอต่อในประเด็นเรื่อง ความน่าเชื่อถือ\nขออนุญาตถามท่านอัยการสักสองสาม คำถามได้ไหมครับ?
15-1039	sound_auth	I'd like to continue on the topic of credibility.\nI have a few questions for you, Prosecutor.	ผมขอต่อในประเด็นเรื่อง ความน่าเชื่อถือ\nผมมีคำถามสำหรับท่านอัยการสัก สองสามข้อครับ
15-1040	sound_auth	Go ahead.	เชิญเลย
15-1041	sound_auth	First, allow me to fast forward the security footage\nto just a few days after the crime.	ก่อนอื่น ขออนุญาตกรอภาพจากกล้องวงจรปิด\nไปยังไม่กี่วันหลังเกิดเหตุครับ
15-1042	sound_auth	First, allow me to play the security footage\nrecorded just a few days after the crime.	ก่อนอื่น ขออนุญาตเปิดภาพจากกล้องวงจรปิด\nที่บันทึกไว้ไม่กี่วันหลัง เกิดเหตุครับ
15-1043	sound_auth	Oddly enough, we'll be looking at the exact day\nthe prosecution filed their suit.	ที่แปลกก็คือ เราจะได้เห็นวันเดียวกันเป๊ะ\nกับวันที่ฝ่ายโจทก์ยื่นฟ้องคดีนี้
15-1044	sound_auth	Hm...?	หืม...?
15-1045	sound_auth	Isn't that... you, Prosecutor?	นั่นไม่ใช่... ท่านอัยการหรอกเหรอครับ?
15-1046	sound_auth	This is you, is it not, Prosecutor?	นี่คือท่านอัยการใช่ไหมครับ?
15-1047	sound_auth	Huh? Yes...	หือ? ใช่...
15-1048	sound_auth	Well... yes.	เอ่อ... ใช่
15-1049	sound_auth	And in this footage, you're re-enacting the altercation\nthat took place between the defendant and our witness, yes?	และในภาพนี้ ท่านกำลังจำลองเหตุการณ์ปะทะกัน\nระหว่างจำเลยกับพยานของเรา ใช่ไหมครับ?
15-1050	sound_auth	And in this footage, you're re-enacting the altercation\nthat took place between the defendant and our witness. Am I right?	และในภาพนี้ ท่านกำลังจำลองเหตุการณ์ปะทะกัน\nระหว่างจำเลยกับพยานของเรา ผมพูดถูกไหมครับ?
15-1051	sound_auth	What? No...	อะไรนะ? ไม่จริง...
15-1052	sound_auth	Huh? Well...	หือ? เอ่อ...
15-1053	sound_auth	Well, that's strange.	แปลกจังนะครับ
15-1054	sound_auth	I find that very strange.	ผมว่ามันแปลกมากเลยนะครับ
15-1055	sound_auth	You stated earlier that you hadn't seen\nany footage from the camera near the sauna.	เมื่อกี้คุณให้การว่าไม่เคยเห็น\nภาพจากกล้องใกล้ซาวน่าเลยใช่ไหมครับ
15-1056	sound_auth	You stated earlier that you hadn't seen any footage\nfrom the camera near the sauna.	เมื่อกี้คุณให้การว่าไม่เคยเห็นภาพ\nจากกล้องใกล้ซาวน่าเลยใช่ไหมครับ
15-1057	sound_auth	But then, how would you be able to\nre-enact things exactly as they went down?	แล้วคุณจะจำลองเหตุการณ์ได้ตรงเป๊ะ\nขนาดนี้ได้ยังไงล่ะครับ
15-1058	sound_auth	But if you hadn't seen it, how would you be able to\nre-enact the fight exactly as it appeared?	ถ้าไม่เคยเห็นภาพจริง ๆ แล้วคุณจะจำลอง\nการชกที่เกิดขึ้นได้ตรงเป๊ะขนาด นี้ได้ยังไงครับ
15-1059	sound_auth	You also claimed you did not inspect the area yourself.\nBut it seems that wasn't the truth...	แล้วคุณยังอ้างด้วยว่าไม่เคยไป ตรวจสอบพื้นที่ด้วยตัวเอง\nแต่ดูเหมือนนั่นก็ไม่ใช่ ความจริงเช่นกัน...
15-1060	sound_auth	Also, I believe you claimed you did not inspect the area yourself.\nBut it seems that too was a lie.	แล้วผมจำได้ว่าคุณอ้างว่าไม่เคย ไปตรวจสอบพื้นที่ด้วยตัวเอง\nแต่ดูเหมือนนั่นก็เป็นคำโกหกอีกข้อ
15-1061	sound_auth	Why are you hiding the truth\nfrom us, Prosecutor?	ทำไมถึงปิดบังความจริง\nจากพวกเราล่ะครับ อัยการ
15-1062	sound_auth	Why are you hiding the truth from us?	ทำไมถึงปิดบังความจริงจากพวกเรา ล่ะครับ
15-1063	sound_auth	I wasn't hiding anything...!	ไม่ได้ปิดบังอะไรทั้งนั้น...!
15-1064	sound_auth	As you can see, the original footage\nisn't exactly clear.	อย่างที่เห็น ภาพต้นฉบับ\nก็ไม่ได้ชัดเจนขนาดนั้นครับ
15-1065	sound_auth	I think it would be fair to say...\nthe original footage isn't exactly clear.	ผมว่าพูดได้เต็มปากเลยนะครับ...\nว่าภาพต้นฉบับไม่ได้ชัดเจนขนาดนั้น
15-1066	sound_auth	I would understand if you had denied that the\ndefendant was the man who punched our witness.	ถ้าคุณจะปฏิเสธว่าจำเลย\nไม่ใช่คนที่ต่อยพยานของเรา ผมยังพอเข้าใจได้ครับ
15-1067	sound_auth	I would understand if you had denied that\nthe defendant was the man who punched our witness.	ถ้าคุณจะปฏิเสธว่าจำเลยไม่ใช่\nคนที่ต่อยพยานของเรา ผมยังพอเข้าใจได้ครับ
15-1068	sound_auth	But instead, you claimed you hadn't\nseen the footage at all.	แต่กลับกัน คุณอ้างว่า\nไม่เคยเห็นภาพนั้นเลยด้วยซ้ำ
15-1069	sound_auth	If I had to guess, when you first saw that footage...	ถ้าให้ผมเดา ตอนที่คุณเห็นภาพนั้นครั้งแรก...
15-1070	sound_auth	...you realized you couldn't rule out the possibility\nthat Hamura-san here was the other man.	...คุณคงรู้ตัวว่าตัดความเป็นไปได้ที่ว่า\nฮามุระซังคนนี้จะเป็นชายอีกคนไม่ได้
15-1071	sound_auth	If I had to guess, when you first saw the footage,\nyou realized Hamura might've been the other man.	ถ้าให้ผมเดา ตอนที่คุณเห็นภาพนั้นครั้งแรก\nคุณคงรู้ตัวว่าฮามุระอาจเป็นชาย อีกคนนั้นก็ได้
15-1072	sound_auth	At the very least, you couldn't rule out\nthe possibility. So, you lied, I would say.	อย่างน้อยที่สุด คุณก็ตัดความเป็นไปได้นั้นไม่ได้\nดังนั้นผมว่าคุณโกหกครับ
15-1073	sound_auth	At the very least, you couldn't rule out the possibility.\nSo, you obscured the evidence.	อย่างน้อยที่สุด คุณก็ตัดความเป็นไปได้นั้นไม่ได้\nดังนั้นคุณเลยปิดบังหลักฐานเอาไว้
15-1074	sound_auth	That's not true!	ไม่จริงซะหน่อย!
15-1075	sound_auth	No! I didn't!	ไม่! ไม่ได้ทำ!
15-1076	sound_auth	Can we be sure that what\nyou say is credible?	แล้วเราจะเชื่อได้ยังไงว่า\nสิ่งที่คุณพูดน่าเชื่อถือครับ
15-1077	sound_auth	Are you above your own "credibility"?	คุณอยู่เหนือ "ความน่าเชื่อถือ" ของตัวเองงั้นเหรอครับ
15-1078	sound_auth	You've already lied outright\nin a court of law.	คุณโกหกอย่างโจ่งแจ้ง\nกลางชั้นศาลไปแล้วนะครับ
15-1079	sound_auth	And unfortunately for you, there's only one\nperson who thinks the defendant is guilty.	และน่าเสียดายสำหรับคุณ ในศาลนี้เหลือคนเดียว\nที่ยังเชื่อว่าจำเลยมีความผิด
15-1080	sound_auth	Unfortunately for you, there is only one man in this court\nwho still believes the defendant is guilty...	น่าเสียดายสำหรับคุณ ในศาลนี้เหลือคนเดียว\nที่ยังเชื่อว่าจำเลยมีความผิดอยู่...
15-1081	sound_auth	And that's you, Prosecutor.	และคนนั้นก็คือคุณนี่แหละครับ อัยการ
15-1082	sound_auth	And that's the manipulator\nstanding before me.	และนั่นก็คือนักบิดเบือนความจริง\nที่ยืนอยู่ตรงหน้าผมนี่เอง
15-1083	sound_auth	<color=ｍonologue>(Oh look, a cat.)</color>	<color=ｍonologue>(อ้าว มีแมวด้วยแฮะ)</color>
15-1084	sound_auth	Three bodies have turned up in Kamurocho,\neach of them missing both eyes.	มีศพโผล่มาในคามุโรโจแล้วสามศพ\nทุกศพถูกควักลูกตาทั้งสองข้าง
15-1085	sound_auth	Every one a Kyorei man.\nKume's the most recent.	ทุกคนเป็นคนของเคียวเรอิ\nคุเมะคือรายล่าสุด
15-1086	sound_auth	Every one a Kyorei Clan man.\nKume's the most recent.	ทุกคนเป็นคนของตระกูลเคียวเรอิ\nคุเมะคือรายล่าสุด
15-1087	sound_auth	And the guy who killed 'em all\nwas your "Mole," huh?	แล้วไอ้คนที่ฆ่าพวกนั้นทั้งหมด\nก็คือ "ไส้ศึก" ของนายใช่ไหมล่ะ
15-1088	sound_auth	And the guy who killed 'em—\nthat was your "Mole," huh?	แล้วไอ้คนที่ฆ่าพวกนั้น—\nคือ "ไส้ศึก" ของนายใช่ไหมล่ะ
15-1089	sound_auth	Yup. Got Kume hand-delivered\nto him by Hamura.	ใช่ ฮามุระเป็นคนส่งตัวคุเมะ\nไปให้มันถึงมือเลย
15-1090	sound_auth	Yup. Captain Hamura did the handoff,\nand Kume was the mark.	ใช่ กัปตันฮามุระเป็นคนส่งตัวให้\nคุเมะคือเป้าหมาย
15-1091	sound_auth	<color=ｍonologue>(In other words, Hamura was cooperating with the Mole.\nHe might've even been involved in all three cases.)</color>	<color=ｍonologue>(พูดง่าย ๆ ก็คือฮามุระร่วมมือกับไส้ศึก\nเขาอาจมีเอี่ยวกับทั้งสามคดีเลยก็ได้)</color>
15-1092	sound_auth	But Hamura kept that hidden,\nand ended up getting off scot-free.	แต่ฮามุระปิดเรื่องนี้ไว้เงียบ\nแล้วก็รอดตัวไปแบบไม่มีอะไรเกิดขึ้น
15-1093	sound_auth	But he didn't admit to anything,\nso he got off scot-free.	แต่เขาไม่ยอมรับอะไรเลยสักอย่าง\nเลยรอดตัวไปแบบไม่มีอะไรเกิดขึ้น
15-1094	sound_auth	In turn making us look like fools.	ทำให้พวกเราดูเป็นตัวตลกไปเลย
15-1095	sound_auth	Making us look like fools.	ทำให้เราดูเป็นตัวตลก
15-1096	sound_auth	I'm not about to let him\nget away with this.	ผมไม่ปล่อยให้มันลอยนวล\nไปแบบนี้หรอก
15-1097	sound_auth	Agreed. We've gotta go all\nout if we wanna win.	เห็นด้วย ถ้าอยากชนะ\nก็ต้องทุ่มสุดตัวกันหน่อยแล้ว
15-1098	sound_auth	Agreed. We've gotta go all out\nif we wanna win.	เห็นด้วย ถ้าอยากชนะก็ต้องทุ่มสุดตัว\nกันหน่อยแล้ว
15-1099	sound_auth	Too bad the pay sucks.	แต่น่าเสียดายที่ค่าจ้างมันห่วยแตก
15-1100	sound_auth	Would be nice to get paid, though.	ได้ตังค์บ้างก็คงดีนะ
15-1101	sound_auth	Don't hate, man.	อย่าบ่นไปหน่อยเลยน่า
15-1102	sound_auth	I don't get it. Why would the captain\nwanna protect the Mole anyways?	ไม่เข้าใจว่ะ ทำไมกัปตันถึงอยาก\nปกป้องไส้ศึกกันแน่
15-1103	sound_auth	I don't get it. Why would the captain\nprotect the Mole anyways?	ไม่เข้าใจว่ะ ทำไมกัปตันถึง\nปกป้องไส้ศึกกันแน่
15-1104	sound_auth	He could've gotten life in the slammer\nif things went south.	ถ้าพลาดขึ้นมา เขาอาจโดนจำคุก\nตลอดชีวิตเลยนะ
15-1105	sound_auth	Hard to say with what we know now. First things first,\nwe need to figure out who the Mole is.	เท่าที่รู้ตอนนี้ยังบอกยาก อันดับแรกเลย\nเราต้องหาให้ได้ก่อนว่าไส้ศึกคือใคร
15-1106	sound_auth	Who knows? We don't have all the pieces yet.\nFirst, we need to figure out who the Mole is.	ใครจะรู้ล่ะ ตอนนี้เรายังไม่มีข้อมูลครบ\nอันดับแรกต้องหาให้ได้ก่อนว่า ไส้ศึกคือใคร
15-1107	sound_auth	That's why we're here, remember?	นั่นแหละคือเหตุผลที่เรามาที่นี่ไง จำได้ไหม
15-1108	sound_auth	The Mole's first victim was found\nright in this very alley.	เหยื่อรายแรกของไส้ศึกถูกพบ\nตรงตรอกนี้เลย
15-1109	sound_auth	It's where they found the Mole's first victim.\nRight in this very alley.	ที่นี่คือจุดที่พบเหยื่อรายแรก ของไส้ศึก\nตรงตรอกนี้เลย
15-1110	sound_auth	Mhm. Happened back in August.	อือ เกิดขึ้นตั้งแต่เดือนสิงหาคม
15-1111	sound_auth	Yeah. This first one\nwas back in August.	ใช่ รายแรกนี้\nเกิดขึ้นตั้งแต่เดือนสิงหาคม
15-1112	sound_auth	Kenkichi Mashiba. A Kyorei guy, 27.\nPretty small time. Even lower rank than Kume.	เค็นคิจิ มาชิบะ คนของเคียวเรอิ อายุ 27\nตัวเล็ก ๆ ยศต่ำกว่าคุเมะซะอีก
15-1113	sound_auth	Small-time Kyorei guy. Kenkichi Mashiba, age 27.\nEven lower rank than Kume.	คนของเคียวเรอิตัวเล็ก ๆ เค็นคิจิ มาชิบะ อายุ 27\nยศต่ำกว่าคุเมะซะอีก
15-1114	sound_auth	Body got reported in the morning,\neyes gouged clean outta his skull.	มีคนแจ้งพบศพตอนเช้า\nลูกตาถูกควักออกจากเบ้าเกลี้ยงเลย
15-1115	sound_auth	<color=ｍonologue>(So the corpse was found\npretty much the same way as Kume.)	<color=ｍonologue>(ศพนี้ถูกพบในสภาพ\nคล้ายกับคุเมะเลย)
15-1116	sound_auth	Where exactly did they find him?\nWhat sort of position was he in?	ไม่รู้ว่าเจอเขาตรงไหนกันแน่\nอยู่ในท่าไหนบ้าง
15-1117	sound_auth	Is there anything on Mashiba's location,\nhow he was positioned...?	มีข้อมูลเรื่องตำแหน่งที่พบ มาชิบะบ้างไหม\nอยู่ในท่าไหน...?
15-1118	sound_auth	Not sure. Cops don't really\npublish those kindsa details.	ไม่แน่ใจว่ะ ตำรวจไม่ค่อยเปิดเผย\nรายละเอียดพวกนี้หรอก
15-1119	sound_auth	Nope. They don't really\npublish those details.	ไม่นะ พวกเขาไม่ค่อยเปิดเผย\nรายละเอียดพวกนี้หรอก
15-1120	sound_auth	Well, guess we'll have\nto do one better, then.	งั้นคงต้องทำเอง\nให้ดีกว่าตำรวจแล้วล่ะ
15-1121	sound_auth	Shame.\nNot a lot we can do here.	น่าเสียดาย\nที่นี่คงหาอะไรเพิ่มไม่ได้แล้ว
15-1122	sound_auth	Hold up a sec. The cops already did their whole\nsong and dance searchin' for the Mole.	เดี๋ยวนะ ตำรวจก็เคยไล่ล่า\nหาไส้ศึกมาแล้วทั้งเรื่อง
15-1123	sound_auth	Look. The cops did their own investigation\nfor the Mole.	ฟังนะ ตำรวจเคยสืบสวนเรื่องนี้\nเพื่อตามหาไส้ศึกมาแล้ว
15-1124	sound_auth	But they couldn't turn up a damn thing.	แต่ก็หาเบาะแสอะไรไม่ได้เลยสักนิด
15-1125	sound_auth	Why do you think we can do any better?	แล้วนายคิดว่าเราจะทำได้ดีกว่าเหรอ
15-1126	sound_auth	Why do you think we'd do any better?	แล้วนายคิดว่าเราจะทำได้ดีกว่า พวกเขาเหรอ
15-1127	sound_auth	Don't worry, we got this.	ไม่ต้องห่วง เราจัดการได้
15-1128	sound_auth	Don't worry.\nWe've got this.	ไม่ต้องห่วง\nเราจัดการได้อยู่แล้ว
15-1129	sound_auth	Oh, it's that easy huh?	โอ้ ง่ายขนาดนั้นเลยเหรอ
15-1130	sound_auth	How the heck are you\nso confident, man?	ทำไมนายถึงมั่นใจ\nขนาดนี้วะเนี่ย
15-1131	sound_auth	If anyone's gonna know\nabout the Mole, it's Hamura.	ถ้ามีใครสักคนรู้เรื่องไส้ศึก\nคนนั้นก็คือฮามุระ
15-1132	sound_auth	If anyone's gonna know about the Mole,\nit's Hamura.	ถ้ามีใครสักคนรู้เรื่องไส้ศึกได้\nคนนั้นก็คือฮามุระ
15-1133	sound_auth	And who has better access to him\nthan anyone else? We do. Right?	แล้วใครจะเข้าถึงตัวเขาได้ดี\nกว่าเราอีกล่ะ จริงไหม
15-1134	sound_auth	We've got an inside track.\nOne that the police could never have used.	เรามีช่องทางลับที่เข้าถึงตัวเขาได้\nช่องทางที่ตำรวจไม่มีทางใช้
15-1135	sound_auth	...Guess you got a point.	...ก็มีเหตุผลอยู่นะ
15-1136	sound_auth	...Yeah, guess so.	...เออ ก็คงงั้น
15-1137	sound_auth	We'll need to get our hands on\nsome more info first, though.	แต่เราต้องหาข้อมูล\nเพิ่มเติมก่อนอยู่ดี
15-1138	sound_auth	Still, we'll have to dig up some more\ninformation first.	ยังไงก็ต้องขุดข้อมูล\nเพิ่มเติมกันก่อนอยู่ดี
15-1139	sound_auth	The quickest way to find the truth\nis through good old fashioned legwork.	ทางที่เร็วที่สุดที่จะเจอความจริง\nคือการลงพื้นที่แบบเก่า ๆ นี่แหละ
15-1140	sound_auth	That's what detectives do. The fastest way\nto the truth is through good old-fashioned legwork.	นักสืบเขาทำกันแบบนี้ ทางที่เร็วที่สุด\nสู่ความจริงคือการลงพื้นที่แบบเก่า ๆ
15-1141	sound_auth	Heh, I can do old fashioned.	เฮ้อ วิธีเก่า ๆ นี่ถนัดอยู่แล้ว
15-1142	sound_auth	Heh, yeah. I get it.	เออ เข้าใจแล้วน่า
15-1143	sound_auth	Doesn't matter whether or not we "can"\ndo better. We have to.	ไม่ว่าเราจะ "ทำได้" ดีกว่าหรือเปล่า\nก็ไม่สำคัญ เราต้องทำ
15-1144	sound_auth	It's not about whether we "can" do better.\nWe <font_kind=yakuza_italic>have</font_kind> to.	ไม่ใช่เรื่องว่าเรา "ทำได้" ดีกว่าไหมหรอก\nเรา<font_kind=yakuza_italic>ต้อง</font_kind>ทำ
15-1145	sound_auth	Hamura made us look like fools,\nand I'm not about to stand for that.	ฮามุระทำให้พวกเราดูเป็นตัวตลก\nผมไม่มีทางปล่อยผ่านเรื่องนี้ไปหรอก
15-1146	sound_auth	I've got a reputation to think of.	ผมมีชื่อเสียงที่ต้องรักษาไว้
15-1147	sound_auth	Look, I'm doing this whether you like it or not.\nIf you're gonna complain, do it somewhere else.	ฟังนะ ผมจะทำเรื่องนี้ไม่ว่านายจะชอบหรือไม่\nถ้าจะบ่นก็ไปบ่นที่อื่นเถอะ
15-1148	sound_auth	Look, I'm doing this whether you like it or not.\nYou gonna complain, or you gonna help?	ฟังนะ ผมจะทำเรื่องนี้ไม่ว่านายจะชอบหรือไม่\nนายจะบ่นหรือจะช่วยกันแน่
15-1149	sound_auth	Well, aren't you just a\nconfident sonuvabitch.	โห มั่นใจในตัวเอง\nซะไม่มีที่ติเลยว่ะ
15-1150	sound_auth	Whoa. Tone it down, badass.	โอ้โห ลดสปีดหน่อยพี่นักเลง
15-1151	sound_auth	You really think we can do this, huh?	นายคิดจริง ๆ ว่าเราจะทำสำเร็จเหรอ
15-1152	sound_auth	Maybe. If we stay positive.	ก็คงงั้นแหละ ถ้าเราคิดบวกไว้
15-1153	sound_auth	Maybe, if we stay positive.	ก็คงงั้น ถ้าเราคิดบวกไว้
15-1154	sound_auth	Anyways, the next victim was in,\nuh... October.	เอาล่ะ เหยื่อรายต่อไปเกิดขึ้น\nเอ่อ...เดือนตุลาคม
15-1155	sound_auth	Anyways, the second victim after that\nwas in, uh... October.	เอาล่ะ เหยื่อรายที่สองต่อจากนั้น\nเกิดขึ้นเอ่อ...เดือนตุลาคม
15-1156	sound_auth	Found in an alley off Tenkaichi Street.	พบในตรอกแถวถนนเทนไคจิ
15-1157	sound_auth	Looks like... he was found in\nan alley off Tenkaichi.	ดูเหมือน...เขาจะถูกพบ\nในตรอกแถวเทนไคจิ
15-1158	sound_auth	Shall we head over?	ไปดูกันไหม
15-1159	sound_auth	Wanna check it out?	อยากไปดูกันไหม
15-1160	sound_auth	I'm actually gonna head over\nalone if you don't mind.	ผมไปคนเดียวดีกว่า\nถ้านายไม่ว่าอะไร
15-1161	sound_auth	Actually, I think I'm gonna\nhead over alone.	จริง ๆ แล้วผมว่า\nไปคนเดียวดีกว่า
15-1162	sound_auth	Think you can get in touch with\nthat informant in the meantime?	ระหว่างนี้นายลองติดต่อ\nสายข่าวคนนั้นได้ไหม
15-1163	sound_auth	In the meantime, you want to try\ngetting in touch with that informant?	ระหว่างนี้นายอยากลองติดต่อ\nสายข่าวคนนั้นดูไหม
15-1164	sound_auth	Huh? Why Ayabe?	หา? ทำไมต้องอายาเบะ
15-1165	sound_auth	What, you mean Ayabe?	อะไรนะ นายหมายถึงอายาเบะเหรอ
15-1166	sound_auth	<color=ｍonologue>(If we're going to use Kaito's connections to a dirty cop,\nnow's the time.)</color>	<color=ｍonologue>(ถ้าจะใช้เส้นสายของไคโตะกับ ตำรวจสกปรกคนนั้น\nตอนนี้แหละคือจังหวะ)</color>
15-1167	sound_auth	Didn't you say something about\nhim selling police info?	นายเคยพูดเรื่องที่เขา\nขายข้อมูลตำรวจไม่ใช่เหรอ
15-1168	sound_auth	Didn't you say something about him\nselling police info?	นายเคยพูดเรื่องที่เขาขายข้อมูล\nตำรวจไม่ใช่เหรอ
15-1169	sound_auth	If he's got info on the Mole,\nwe need it.	ถ้าเขามีข้อมูลเรื่องไส้ศึก\nเราต้องเอามาให้ได้
15-1170	sound_auth	We need to know about\ntheir hunt for the Mole.	เราต้องรู้ว่าฝั่งตำรวจ\nตามล่าไส้ศึกไปถึงไหนแล้ว
15-1171	sound_auth	Yup, I can ask.	เออ ถามให้ได้
15-1172	sound_auth	Got it. I can try asking.	ได้เลย เดี๋ยวลองถามดู
15-1173	sound_auth	<color=ｍonologue>(Tenkaichi Alley...)</color>	<color=ｍonologue>(ซอยเทนไคจิ...)</color>
15-1174	sound_auth	<color=ｍonologue>(This is where the Mole's\nsecond victim was found.)</color>	<color=ｍonologue>(ที่นี่คือจุดที่พบ\nเหยื่อรายที่สองของไส้ศึก)</color>
15-1175	sound_auth	<color=ｍonologue>(If I recall, the body was found\nin the garbage dump. So, around here?)</color>	<color=ｍonologue>(ถ้าจำไม่ผิด ศพถูกพบ\nในกองขยะ งั้นก็แถวนี้แหละสิ)</color>
15-1176	sound_auth	<color=ｍonologue>(This investigation is my top priority right now.\nTenkaichi Alley should be a good place to start.)</color>	<color=ｍonologue>(ตอนนี้คดีนี้คือเรื่อง สำคัญที่สุดสำหรับผม\nซอยเทนไคจิน่าจะเป็นจุดเริ่มต้นที่ดี)</color>
15-1177	sound_auth	<color=ｍonologue>(That alleyway is pretty narrow.\nNo chance a car could fit through.)</color>	<color=ｍonologue>(ตรอกนี้แคบมาก\nรถไม่มีทางเข้ามาได้แน่)</color>
15-1178	sound_auth	<color=ｍonologue>(The victim must have walked here on his own.\nOr did the Mole bring him here after killing him?)</color>	<color=ｍonologue>(เหยื่อคงเดินเข้ามาเองหรือเปล่านะ\nหรือไส้ศึกพาเขามาหลังจากฆ่าแล้ว?)</color>
15-1179	sound_auth	<color=ｍonologue>(There isn't enough evidence here\nto say either way.)</color>	<color=ｍonologue>(หลักฐานตรงนี้ยังไม่พอ\nจะบอกได้ว่าแบบไหนกันแน่)</color>
15-1180	sound_auth	<color=ｍonologue>(I think this goes out to\nTaihei Boulevard.)</color>	<color=ｍonologue>(คิดว่าตรงนี้น่าจะทะลุออก\nไปทางถนนไทเฮ)</color>
15-1181	sound_auth	<color=ｍonologue>(If they know their way through all these back alleys,\nthe Mole must be pretty familiar with Kamurocho.)</color>	<color=ｍonologue>(ถ้ารู้ทางลัดผ่านตรอกพวกนี้ได้หมด\nไส้ศึกก็ต้องคุ้นเคยกับคามุโรโจ มากทีเดียว)</color>
15-1182	sound_auth	<color=ｍonologue>(It's a dumpster.)</color>	<color=ｍonologue>(เป็นถังขยะนี่เอง)</color>
15-1183	sound_auth	<color=ｍonologue>(I'd think that if the body had been found in here,\nI would have heard about it by now.)</color>	<color=ｍonologue>(ถ้าศพถูกพบในนี้จริง\nผมคงได้ยินข่าวไปแล้วละ)</color>
15-1184	sound_auth	<color=ｍonologue>(Probably safe to say\nit wasn't in the trash.)</color>	<color=ｍonologue>(คงพูดได้เต็มปากว่า\nไม่ได้อยู่ในกองขยะหรอก)</color>
15-1185	sound_auth	<color=ｍonologue>(This is where they take out the garbage, right?\nThe corpse must have been lying around here.)</color>	<color=ｍonologue>(ที่นี่คือจุดทิ้งขยะใช่ไหมนะ\nศพก็คงนอนอยู่แถวนี้แหละ)</color>
15-1186	sound_auth	<color=ｍonologue>(This case happened months ago, though.\nDon't suppose there are any traces of the body left...)</color>	<color=ｍonologue>(คดีนี้ผ่านมาหลายเดือนแล้วนะ\nคงไม่เหลือร่องรอยอะไรของศพแล้วมั้ง...)</color>
15-1187	sound_auth	<color=ｍonologue>(I should take a little closer look.)</color>	<color=ｍonologue>(ควรเข้าไปดูใกล้ ๆ อีกหน่อย)</color>
15-1188	sound_auth	<color=ｍonologue>(Hm? Whoa, this is...!)</color>	<color=ｍonologue>(เอ๊ะ? โอ้โห นี่มัน...!)</color>
15-1189	sound_auth	<color=ｍonologue>(Gah, this is totally unrelated\nto the case...)</color>	<color=ｍonologue>(เฮ้อ นี่มันไม่เกี่ยวอะไร\nกับคดีเลยนี่นา...)</color>
15-1190	sound_auth	<color=ｍonologue>(Guess there are no more signs of the murder.\nDoesn't seem like there's anything left to find.)</color>	<color=ｍonologue>(คงไม่เหลือร่องรอยการฆาตกรรมแล้วสิ\nดูเหมือนจะไม่มีอะไรให้หาเพิ่มแล้ว)</color>
15-1191	sound_auth	<color=ｍonologue>(Too much time has passed since all these cases.\nIt's gonna be pretty tough to search for the Mole now.)</color>	<color=ｍonologue>(เวลาผ่านไปนานเกินไปตั้งแต่คดี พวกนี้เกิดขึ้น\nคงยากมากที่จะตามหาไส้ศึกตอนนี้)</color>
15-1192	sound_auth	<color=ｍonologue>(I bet the Mole is a Kamurocho expert.\nSomeone who can just blend into the crowd...)</color>	<color=ｍonologue>(ไส้ศึกน่าจะเป็นคนที่รู้จัก คามุโรโจดีมาก\nพวกที่กลืนหายไปกับฝูงชนได้สบาย ๆ...)</color>
15-1193	sound_auth	(There's really not much I can do without the police reports.\nI guess coming here was a waste of time...)	(ถ้าไม่มีรายงานตำรวจก็คงทำอะไร ไม่ได้มาก\nคงเสียเวลามาที่นี่เปล่า ๆ...)
15-1194	sound_auth	(Phew, I'm exhausted.)	(เฮ้อ เหนื่อยจัง)
15-1195	sound_auth	(Maybe I should go check in on Genda-sensei.\nIt's been a while since I've heard from him.)	(บางทีควรไปเยี่ยมอาจารย์เก็นดะ หน่อยดีกว่า\nไม่ได้ข่าวจากเขามาสักพักแล้ว)
15-1196	sound_auth	(Helping that homeless guy is more important right now.\nI have to go look for Moroboshi-sensei in the sewers.)	(ช่วยชายไร้บ้านคนนั้นสำคัญกว่าตอนนี้\nต้องไปตามหาอาจารย์โมโรโบชิใน ท่อระบายน้ำ)
15-1197	sound_auth	Well, look what the cat dragged in.	โอ๊ะโอ๊ะ ใครมาเนี่ย
15-1198	sound_auth	Well, look who finally\ndecided to show up.	โอ้โห ในที่สุดก็โผล่มา\nจนได้นะเนี่ย
15-1199	sound_auth	Afternoon. Did I keep you\nwaiting or something?	สวัสดีครับ ทำให้อาจารย์\nรอนานไปหรือเปล่าครับ
15-1200	sound_auth	Hey. I didn't realize\nit had been that long.	อ้าว ไม่คิดว่า\nจะนานขนาดนี้เลยครับ
15-1201	sound_auth	Nah, we were just talking\nabout you, actually.	เปล่าหรอก พอดีเรากำลังพูดถึง\nยากามิคุงอยู่เลยล่ะ
15-1202	sound_auth	I'm sure. As it happens,\nwe were just talking about you.	จริงด้วย พอดีเรากำลัง\nพูดถึงคุณอยู่เลยล่ะ
15-1203	sound_auth	Do you have a minute, Yagami-san?	มีเวลาสักครู่ไหมครับ ยากามิซัง
15-1204	sound_auth	'Course. Especially if you've\ngot a job for me.	ได้เลยครับ ยิ่งถ้ามีงาน\nมาให้ผมทำด้วยยิ่งดี
15-1205	sound_auth	Of course. Especially if you have\na job for me.	ได้สิครับ โดยเฉพาะถ้ามีงาน\nมาให้ผมทำด้วย
15-1206	sound_auth	You're always so eager to work.\nA great fighter, too.	คุณตั้งใจทำงานอยู่เสมอเลยนะครับ\nฝีมือสู้ก็เก่งด้วย
15-1207	sound_auth	You're so devoted to your work.\nA great fighter, too.	คุณทุ่มเทให้งานมากจริง ๆ นะครับ\nฝีมือสู้ก็เก่งด้วย
15-1208	sound_auth	You ever take lessons?	เคยเรียนมวยมาก่อนหรือเปล่าครับ
15-1209	sound_auth	Did you study martial arts?	เคยฝึกศิลปะการต่อสู้มาก่อนไหมครับ
15-1210	sound_auth	I did back when I was a kid, yeah.\nThe rest has been more of a learn-by-doing thing.	ตอนเด็ก ๆ ก็เคยเรียนมาบ้างครับ\nที่เหลือก็ฝึกเอาเองจาก ประสบการณ์มากกว่า
15-1211	sound_auth	Yeah, I took some lessons when I was a kid.\nBeyond that, it's mostly self-taught.	ครับ ตอนเด็กก็เคยเรียนมาบ้าง\nนอกนั้นก็ฝึกฝนเองเป็นส่วนใหญ่
15-1212	sound_auth	I like to think of it as...\nKamurocho style.	ถ้าจะให้เรียกก็คง...\nสไตล์คามุโรโจมั้งครับ
15-1213	sound_auth	If I had to give it a name, I guess it'd be...\nKamurocho style?	ถ้าต้องตั้งชื่อ ผมว่าคง...\nสไตล์คามุโรโจได้มั้งครับ
15-1214	sound_auth	Because you trained yourself\non the streets?	เพราะฝึกฝนตัวเอง\nมาจากท้องถนนเหรอครับ
15-1215	sound_auth	Because the streets of Kamurocho\ntaught you everything, right?	เพราะถนนในคามุโรโจ\nสอนคุณทุกอย่างใช่ไหมครับ
15-1216	sound_auth	Man, what a life!\nI bet you've got some crazy stories.	โห ชีวิตคุณนี่สุดยอดเลย\nต้องมีเรื่องราวเจ๋ง ๆ เพียบแน่เลยครับ
15-1217	sound_auth	Man, that's so cool!\nYour life is like a movie!	โห เท่จังเลยครับ\nชีวิตคุณเหมือนในหนังเลย!
15-1218	sound_auth	Hey, Yagami-san.	อ้าว ยากามิซัง
15-1219	sound_auth	Hi there, Yagami-san.	สวัสดีค่ะ ยากามิซัง
15-1220	sound_auth	Hey, is Shintani-sensei in?	นี่ อาจารย์ชินทานิอยู่ไหมครับ
15-1221	sound_auth	Hey. Shintani-sensei still not in?	นี่ อาจารย์ชินทานิยังไม่มาอีกเหรอครับ
15-1222	sound_auth	Not yet, sorry.	ยังเลย ขอโทษด้วยนะ
15-1223	sound_auth	Not yet. Sorry.	ยังไม่มาค่ะ ขอโทษด้วยค่ะ
15-1224	sound_auth	Um... Yagami-san.	เอ่อ...ยากามิซังคะ
15-1225	sound_auth	Um... Yagami-san?	เอ่อ...ยากามิซังคะ?
15-1226	sound_auth	Actually, I do have some work for you.	จริง ๆ แล้วมีงานมาให้คุณด้วยค่ะ
15-1227	sound_auth	Just so you know,\nI found some work for you.	แจ้งให้ทราบไว้ค่ะ\nมีงานมาให้คุณแล้วนะคะ
15-1228	sound_auth	Yeah? What kind?	จริงเหรอครับ งานอะไรเหรอ
15-1229	sound_auth	Great. What's the job?	เยี่ยมเลย งานอะไรเหรอครับ
15-1230	sound_auth	Here, take a look at what I've got.	นี่ค่ะ ลองดูสิ่งที่ดิฉันมีอยู่ตอนนี้สิคะ
15-1231	sound_auth	Well... This is what I have\nright now.	ก็...นี่คือสิ่งที่ดิฉัน\nมีอยู่ตอนนี้ค่ะ
15-1232	sound_auth	I'll send the details to your office.\nPut them up on your board or something.	ดิฉันจะส่งรายละเอียดไปที่ ออฟฟิศคุณนะคะ\nติดไว้บนกระดานหรืออะไรก็ว่าไป
15-1233	sound_auth	I'll arrange for the client\nto meet you at your office.	ดิฉันจะนัดให้ลูกค้า\nไปพบคุณที่ออฟฟิศนะคะ
15-1234	sound_auth	Sounds good.\nThanks, Saori-san.	โอเคครับ\nขอบคุณนะครับ ซาโอริซัง
15-1235	sound_auth	Sounds good.\nI appreciate it, Saori-san.	โอเคครับ\nขอบคุณมากนะครับ ซาโอริซัง
15-1236	sound_auth	Yagami. You still sniffing\naround that Kume case?	ยากามิ ยังตามคดีคุเมะ\nอยู่อีกเหรอ
15-1237	sound_auth	So. You still sniffing around that case?\nEven after the acquittal?	เอาล่ะ ยังตามคดีนั้น\nอยู่อีกเหรอ ทั้งที่ชนะคดีไปแล้วเนี่ยนะ
15-1238	sound_auth	<color=ｍonologue>(Oh yeah. Never told Genda-sensei\nI'm still looking for the Mole.)</color>	<color=ｍonologue>(อ้อ จริงด้วย ยังไม่เคยบอกอาจารย์เก็นดะเลย\nว่าผมยังตามหาไส้ศึกอยู่)</color>
15-1239	sound_auth	Yeah. That's not a problem, is it?	ใช่ครับ มันเป็นปัญหาเหรอ
15-1240	sound_auth	Yeah. Is that a problem?	ใช่ครับ นั่นเป็นปัญหาเหรอ
15-1241	sound_auth	Not a "problem" per se, but the case is closed.\nI can't keep paying you to investigate.	ไม่ได้เรียกว่า "ปัญหา" หรอกนะ แต่คดีมันปิดไปแล้ว\nผมจ่ายเงินให้คุณสืบต่อไม่ได้อีกแล้ว
15-1242	sound_auth	Fine by me.\nIt's a personal matter now.	ไม่เป็นไรครับ\nตอนนี้มันเป็นเรื่องส่วนตัวของผมแล้ว
15-1243	sound_auth	Even so. You're convinced Hamura's\ncovering for the killer, right?	ถึงอย่างนั้น คุณก็ยังเชื่อว่าฮามุระ\nปิดบังคนร้ายตัวจริงอยู่ใช่ไหม
15-1244	sound_auth	Even so. You're convinced Hamura's covering\nfor the killer, right?	ถึงอย่างนั้น คุณก็ยังเชื่อว่าฮามุระปิดบัง\nคนร้ายตัวจริงอยู่ใช่ไหม
15-1245	sound_auth	You know he'll be none too happy\nif he finds out you're still on the case.	รู้ไว้ด้วยนะว่าถ้าเขารู้เข้า\nว่าคุณยังตามคดีนี้อยู่ เขาคงไม่พอใจแน่
15-1246	sound_auth	If he finds out you're still on the trail...\nHamura's not going to be happy.	ถ้าเขารู้ว่าคุณยังตามเรื่องนี้อยู่...\nฮามุระคงไม่พอใจแน่
15-1247	sound_auth	He brought this on himself\nif you ask me.	เขาทำตัวเองทั้งนั้นแหละ\nถ้าถามผมนะ
15-1248	sound_auth	It's only fair after the way\nhe treated me.	ก็สมควรแล้วล่ะ\nกับสิ่งที่เขาทำกับผม
15-1249	sound_auth	Speaking of, have you seen him\nsince the trial?	ว่าแต่ อาจารย์เจอเขา\nตั้งแต่หลังคดีความหรือยัง
15-1250	sound_auth	No, but he and Shintani keep in touch.\nThey're practically drinking buddies these days.	ยังไม่เจอเลย แต่เขากับชินทานิยังติดต่อกันอยู่\nเดี๋ยวนี้แทบจะเป็นเพื่อนดื่มกันแล้ว
15-1251	sound_auth	No, but he and Shintani keep in touch.\nSounds like they're pretty good drinking buddies.	ยังไม่เจอเลย แต่เขากับชินทานิยังติดต่อกันอยู่\nฟังดูเหมือนจะเป็นเพื่อนดื่มที่ ถูกคอกันเลยนะ
15-1252	sound_auth	...Huh.	...เอ๊ะ
15-1253	sound_auth	Come on in, Hattori-san.\nIt's small, but it's home.	เชิญเข้ามาเลย ฮัตโตริซัง\nเล็กไปหน่อยแต่ก็คือบ้านฉันแหละ
15-1254	sound_auth	Oh, I know all about this place.	โอ้ ที่นี่รู้จักดีอยู่แล้วครับ
15-1255	sound_auth	Oh, I know all about this place\nalready.	โอ้ ที่นี่รู้จักดี\nอยู่แล้วครับ
15-1256	sound_auth	Right, Yagami-san?	ใช่ไหมครับ ยากามิซัง
15-1257	sound_auth	Oh, sorry. I forgot.\nShintani had an interview today.	อ้อ ขอโทษที ลืมบอกไป\nวันนี้ชินทานิมีสัมภาษณ์น่ะ
15-1258	sound_auth	Oh, sorry.\nI forgot Shintani had an interview today.	อ้อ ขอโทษที\nลืมบอกไปว่าวันนี้ชินทานิมีสัมภาษณ์
15-1259	sound_auth	<color=ｍonologue>(Shintani and Hattori.\nTwo of my favorite people in the world.)</color>	<color=ｍonologue>(ชินทานิกับฮัตโตริ\nสองคนนี้คือคนโปรดของผมเลย)</color>
15-1260	sound_auth	Just pretend Yagami isn't here, yeah?	ทำเป็นไม่มียากามิอยู่ตรงนี้เถอะน่า
15-1261	sound_auth	How about... we just pretend\nYagami isn't here?	งั้น...ทำเป็นไม่มี\nยากามิอยู่ตรงนี้ดีไหม
15-1262	sound_auth	Wouldn't want your readers thinking he had\na hand in getting Hamura's acquittal.	ไม่อยากให้คนอ่านคิดไปว่าเขา\nมีส่วนทำให้ฮามุระชนะคดีหรอกนะ
15-1263	sound_auth	I wouldn't want your readers thinking\nhe was the one behind our acquittal.	ไม่อยากให้คนอ่านคิดไปว่า\nเขาคือคนที่ทำให้เราชนะคดีหรอก
15-1264	sound_auth	Oh don't worry about that, Shintani-sensei.\nThat courtroom was yours, and yours alone.	โธ่ ไม่ต้องห่วงหรอกครับ อาจารย์ชินทานิ\nห้องพิจารณาคดีนั้นเป็นของคุณ คนเดียวล้วน ๆ
15-1265	sound_auth	I should go.\nLooks like I'm the third wheel here.	ผมไปดีกว่า\nดูเหมือนผมจะเป็นตัวเกะกะที่นี่
15-1266	sound_auth	...I should go.\nLooks like I'd just be in the way.	...ผมไปดีกว่า\nดูเหมือนผมจะเกะกะตรงนี้
15-1267	sound_auth	Without a photo, Yagami-san?\nFor as much as you did on the case?	ไม่ถ่ายรูปเลยเหรอครับ ยากามิซัง\nทำขนาดนี้ให้คดีนี้เลยนะ
15-1268	sound_auth	After all you did for the case, Yagami-san,\nyou can at least stick around for a photo.	ทำขนาดนี้ให้คดีนี้แล้ว ยากามิซัง\nอยู่ถ่ายรูปด้วยกันหน่อยก็ได้นี่ครับ
15-1269	sound_auth	Lemme just get one of you\nand Shintani-sensei!	ขอถ่ายรูปคุณ\nกับอาจารย์ชินทานิสักใบเถอะครับ!
15-1270	sound_auth	How about a shot of you\nand Shintani-sensei?	ขอถ่ายรูปคุณ\nกับอาจารย์ชินทานิสักใบไหมครับ
15-1271	sound_auth	Tea, sir?	รับชาไหมคะ
15-1272	sound_auth	Have some tea.	ทานชาก่อนสิคะ
15-1273	sound_auth	What a treat. That would be great,\nShirosaki-sensei.	ต้องขอบคุณเลยครับ ดีมากเลย\nอาจารย์ชิโรซากิ
15-1274	sound_auth	What a treat...\nMuch appreciated, Shirosaki-sensei.	ต้องขอบคุณจริง ๆ ครับ...\nขอบคุณมากนะครับ อาจารย์ชิโรซากิ
15-1275	sound_auth	(What was <font_kind=yakuza_italic>he</font_kind> doing there...?)	(นั่น<font_kind=yakuza_italic>เขา</font_kind>ไปทำอะไรตรงนั้น...?)
15-1276	sound_auth	(Anyway, I need to meet with that client.\nBack to the ol' office...)	(เอาล่ะ ต้องไปเจอลูกความคนนั้นก่อน\nกลับไปที่ออฟฟิศเก่าดีกว่า...)
15-1277	sound_auth	(Still haven't heard back from Kaito-san.\nGuess I'll see if there's anything going on outside.)	(ยังไม่ได้ข่าวจากไคโตะซังเลย\nไปดูข้างนอกดีกว่าว่ามีอะไร เกิดขึ้นไหม)
15-1278	sound_auth	Whoa!	เฮ้ย!
15-1279	sound_auth	(Still nothing from Kaito-san...\nWhat now?)	(ยังไม่มีข่าวจากไคโตะซังเลย...\nจะทำยังไงดี)
15-1280	sound_auth	(What was that!?)	(นั่นมันอะไรกันเนี่ย!?)
15-1281	sound_auth	(It was heading toward the Millennium Tower.\nI better see what that's all about.)	(มันพุ่งไปทางมิลเลนเนียมทาวเวอร์\nต้องไปดูให้รู้เรื่องหน่อยแล้ว)
15-1282	sound_auth	Yo, it's Kaito. Ayabe's ready for us.\nSays he might have some info on the Mole.	นี่ ไคโตะเองนะ อายาเบะพร้อมแล้ว\nบอกว่าอาจมีข้อมูลเรื่องไส้ศึก
15-1283	sound_auth	Nice work, Kaito-san.	เยี่ยมเลย ไคโตะซัง
15-1284	sound_auth	<color=ｍonologue>(Hopefully the police report will give us a lead...)</color>	<color=ｍonologue>(หวังว่ารายงานตำรวจจะให้เบาะแส อะไรบ้างนะ...)</color>
15-1285	sound_auth	Heh. We're meeting at that indoor fishing pond.\nKoi Bride or some shit. You heard of it? 	เฮ่อ เราจะไปเจอกันที่บ่อตกปลาในร่มนั่น\nโคอิไบรด์อะไรสักอย่างวะ เคยได้ยินไหม 
15-1286	sound_auth	Heh. We're meeting at the indoor fishing pond.\nKoi Bride or some shit. You heard of it? 	เฮ่อ เราจะไปเจอกันที่บ่อตกปลาในร่ม\nโคอิไบรด์อะไรสักอย่างวะ เคยได้ยินไหม 
15-1287	sound_auth	Indoor fishing pond?\nCan't say I have.	บ่อตกปลาในร่มเหรอ\nไม่เคยได้ยินเลยนะ
15-1288	sound_auth	It's an indoor pond?\nCan't say I have.	เป็นบ่อในร่มเหรอ\nไม่เคยได้ยินเลยนะ
15-1289	sound_auth	Neither had I.\n'til about 10 minutes ago.	ฉันก็เพิ่งรู้จักมันเมื่อ\nสิบนาทีก่อนนี่เอง
15-1290	sound_auth	Neither had I,\n'til about ten minutes ago.	ฉันก็เพิ่งรู้จักมันเหมือนกัน\nเมื่อสิบนาทีก่อนนี่เอง
15-1291	sound_auth	Anyway, it's over on Shichifuku Street.\nI'll meet you there.	ยังไงก็อยู่แถวถนนชิจิฟุกุนั่นแหละ\nเดี๋ยวเจอกันที่นั่นนะ
15-1292	sound_auth	(...Koi Bride.\nGuess this is the place.)	(...โคอิไบรด์\nคงเป็นที่นี่แหละ)
15-1293	sound_auth	Yooo. Welcome.	มาแล้วเหรอ ยินดีต้อนรับ
15-1294	sound_auth	Welcome... or whatever.	ยินดีต้อนรับ... หรืออะไรก็ช่างเถอะ
15-1295	sound_auth	Yo, pull up a chair, Tak.	มานั่งเลย ทาคุ
15-1296	sound_auth	Yo. Over here, Tak.	นี่ ทางนี้เลย ทาคุ
15-1297	sound_auth	Ayabe said he'd meet us here, but...	อายาเบะบอกว่าจะมาเจอที่นี่ แต่...
15-1298	sound_auth	I talked to Ayabe.\nHe said he'd meet us here.	ฉันคุยกับอายาเบะมาแล้ว\nเขาบอกว่าจะมาเจอเราที่นี่
15-1299	sound_auth	Dunno what his deal is.\nThis is pretty outta the way.	ไม่รู้เขาคิดอะไรอยู่\nที่นี่มันไกลจากที่ไหนก็ไม่รู้
15-1300	sound_auth	Still, somethin' feels weird.\nThis ain't how it usually goes down.	ยังไงก็รู้สึกแปลก ๆ นะ\nปกติเขาไม่ทำแบบนี้
15-1301	sound_auth	Maybe he's just trying to play it safe\nsince we're new clients.	บางทีเขาอาจแค่ระวังตัวไว้ก่อน\nเพราะเราเป็นลูกค้าใหม่
15-1302	sound_auth	Could be keeping a low profile\nuntil he can trust us.	อาจจะแค่ทำตัวเงียบ ๆ ไว้ก่อน\nจนกว่าจะไว้ใจเราได้
15-1303	sound_auth	Yeah, maybe you're right.	ใช่ นายอาจจะพูดถูกก็ได้นะ
15-1304	sound_auth	Yeah, maybe.	อือ อาจจะ
15-1305	sound_auth	Ayabe's sure taking his time\ngetting here.	อายาเบะนี่มาช้า\nจังเลยนะเนี่ย
15-1306	sound_auth	Should we ask that guy?	จะลองถามคนนั้นดูไหม?
15-1307	sound_auth	Should we talk to the clerk?	หรือจะลองคุยกับพนักงานร้านดีกว่า?
15-1308	sound_auth	I wouldn't.\nWho knows if he's one of Ayabe's boys.	ฉันว่าไม่เอาดีกว่า\nใครจะรู้ว่าเขาเป็นพวกของ อายาเบะรึเปล่า
15-1309	sound_auth	I wouldn't.\nWho knows if he's one of Ayabe's.	ฉันว่าไม่เอาดีกว่า\nใครจะรู้ว่าเขาเป็นพวกอายาเบะรึเปล่า
15-1310	sound_auth	True, but...	จริงอยู่ แต่ว่า...
15-1311	sound_auth	Yeah, but...	เออ แต่ว่า...
15-1312	sound_auth	Look, Ayabe's a dirty cop.\nThe last thing he wants is his cover blown.	ฟังนะ อายาเบะเป็นตำรวจนอกลู่\nสิ่งสุดท้ายที่เขาอยากให้เกิด คือตัวตนแตก
15-1313	sound_auth	We won't get a peep from him\nif that happens, got it?	เราจะไม่ได้ข้อมูลอะไรจากเขาเลย\nถ้าเป็นแบบนั้น เข้าใจไหม?
15-1314	sound_auth	We won't get a peep from him\nif that happens. Got it?	เราจะไม่ได้ข้อมูลอะไรจากเขาเลย\nถ้าเป็นแบบนั้น เข้าใจนะ
15-1315	sound_auth	Sure, sure.	ได้ ได้
15-1316	sound_auth	For now, we wait.	ตอนนี้เอาแค่รอไปก่อน
15-1317	sound_auth	Hm? Hey, someone's coming.	อือ? เฮ้ มีคนมาแล้ว
15-1318	sound_auth	Hm?\nHey, someone's coming.	อือ?\nเฮ้ มีคนมาแล้ว
15-1319	sound_auth	Welcome.\nPick a rod, I guess.	ยินดีต้อนรับ\nจะเลือกคันไหนก็เลือกไปเถอะ
15-1320	sound_auth	Yo, gotten any bites today?	เฮ้ วันนี้ปลากัดเหยื่อบ้างไหม?
15-1321	sound_auth	Yo.\nBeen gettin' any bites?	เฮ้\nปลากัดเหยื่อบ้างไหม?
15-1322	sound_auth	Not even a nibble.	ไม่ติดเบ็ดสักตัว
15-1323	sound_auth	And you're scarin' em off.\nGet lost.	ไล่ปลาหนีหมดแล้ว\nไปให้พ้นเลย
15-1324	sound_auth	And you're not helpin'.\nGet the hell out.	ยังไงก็ไม่ช่วยอะไรหรอก\nไสหัวไปเลย
15-1325	sound_auth	C'mon, don't be like that.\nYou're here for Ayabe, right?	เอาน่า อย่าทำแบบนั้นเลย\nพวกนายมาหาอายาเบะใช่ไหมล่ะ?
15-1326	sound_auth	C'mon, don't be like that.\nYou two are here for Ayabe, right?	เอาน่า อย่าทำแบบนั้นเลย\nพวกนายสองคนมาหาอายาเบะใช่ไหมล่ะ?
15-1327	sound_auth	Tch, who's that?	เชอะ ใครกันนะ?
15-1328	sound_auth	Sorry, who?	ขอโทษที ใครนะ?
15-1329	sound_auth	Don't play dumb with me.\nIt's not gonna end well for you.	อย่ามาแกล้งโง่กับกู\nไม่งั้นมึงไม่รอดแน่
15-1330	sound_auth	Don't play dumb with me.\nIt won't end well for you.	อย่ามาแกล้งโง่กับกู\nไม่งั้นมึงจะซวยแน่
15-1331	sound_auth	You've got it all wrong.\nWe're just fishin'.	เข้าใจผิดแล้วละ\nพวกเรามาตกปลาเฉยๆ
15-1332	sound_auth	You've got the wrong guys.\nWe're just here to fish.	นายเข้าใจผิดคนแล้ว\nพวกเรามาแค่ตกปลาเท่านั้น
15-1333	sound_auth	Right. We ain't your boys.	ใช่ พวกเราไม่ใช่ลูกน้องนายหรอกนะ
15-1334	sound_auth	Damn right.\nWe ain't your marks.	ใช่เลย\nพวกเราไม่ใช่เป้าหมายของนายหรอก
15-1335	sound_auth	We look like the type\nto hang out with cops?	พวกเราดูเหมือนคนที่\nจะไปคบตำรวจรึไง?
15-1336	sound_auth	Do we really look like we\nhang around cops?	พวกเราดูเหมือนคนที่\nคบหาตำรวจจริงๆ เหรอ?
15-1337	sound_auth	Who said anything about\nhim being a cop?	ใครบอกว่าเขา\nเป็นตำรวจล่ะ?
15-1338	sound_auth	I didn't say a word about Ayabe\nbeing a cop, buddy.	กูยังไม่ได้พูดสักคำเลยว่าอายาเบะ\nเป็นตำรวจนะเพื่อน
15-1339	sound_auth	Oh well... Aw fuck.	โอ๊ะ... บ้าเอ๊ย
15-1340	sound_auth	Huh? Uh... Well, I just... you know—	หา? เอ่อ... ก็คือ... นายก็รู้นี่—
15-1341	sound_auth	So you do know him!\nI fuckin' called it!	เห็นไหมว่ารู้จักมันจริงๆ!\nกูว่าแล้วเชียว!
15-1342	sound_auth	So you <font_kind=yakuza_italic>do</font_kind> know him!\nI fuckin' called it!	เห็นไหมว่า<font_kind=yakuza_italic>รู้จัก</font_kind>มันจริงๆ!\nกูว่าแล้วเชียว!
15-1343	sound_auth	These assholes baited me!	ไอ้พวกนี้มันหลอกฉันซะได้!
15-1344	sound_auth	Dammit, the bastards tricked me!	บ้าเอ๊ย ไอ้พวกนี้มันต้มฉันซะงั้น!
15-1345	sound_auth	That one was all you...	เรื่องนี้นายทำเองแท้ๆ...
15-1346	sound_auth	So, whaddya want with Ayabe?	แล้วมึงมาหาอายาเบะทำไมวะ?
15-1347	sound_auth	Tell me, or else.	บอกมาซะดีๆ ไม่งั้นรู้กัน
15-1348	sound_auth	Yeah, I'm real scared.	โห กลัวจนตัวสั่นเลยนะเนี่ย
15-1349	sound_auth	I'm shakin' in my boots here.	กลัวจนขาสั่นเลยล่ะสิ
15-1350	sound_auth	Look, we don't want trouble.\nJust step off and we won't hurt you.	ฟังนะ กูไม่อยากมีเรื่อง\nถอยไปซะแล้วกูจะไม่ทำร้ายมึง
15-1351	sound_auth	You got balls, don't ya?\nI'm gonna serve 'em to ya!	มึงกล้าดีนะ\nงั้นกูจะเสิร์ฟให้ถึงที่เลย!
15-1352	sound_auth	You got guts, I'll give you that.\nWe're gonna fuck you up!	ต้องยอมว่ามึงมีลูกกล้าจริง\nแต่พวกกูจะซัดมึงยับแน่!
15-1353	sound_auth	You all done?\nOr do ya want some more!?	หมดมุกแค่นี้เหรอ\nหรือจะเอาอีกวะ!?
15-1354	sound_auth	You want some more?\nJust say the word!	อยากโดนอีกไหมล่ะ?\nบอกมาคำเดียว!
15-1355	sound_auth	Doesn't sound like they do.	ท่าทางจะไม่อยากแล้วนะ
15-1356	sound_auth	Doesn't sound like it.	ท่าทางจะไม่อยากแล้วล่ะ
15-1357	sound_auth	All right, you boys are in.	เอาละ พวกมึงผ่านด่านแล้ว
15-1358	sound_auth	All right.\nYou guys pass.	เอาละ\nพวกมึงผ่าน
15-1359	sound_auth	We what?	เราอะไรนะ?
15-1360	sound_auth	Ayabe-san's careful dealing\nwith new people.	อายาเบะซังระวังตัว\nเรื่องคนหน้าใหม่มาก
15-1361	sound_auth	Ayabe-san's careful dealing with\nnew people.	อายาเบะซังระวังตัว\nเรื่องคนหน้าใหม่มาก
15-1362	sound_auth	He's selling police info, after all. Gotta make\nsure his partners can keep a secret.	ก็เขาขายข้อมูลตำรวจอยู่นี่นา ต้องมั่นใจ\nก่อนว่าคนที่ร่วมงานด้วยเก็บ ความลับได้
15-1363	sound_auth	He's selling police info, after all.\nGotta make sure his partners can keep a secret.	ก็เขาขายข้อมูลตำรวจอยู่นี่นา\nต้องมั่นใจก่อนว่าคนที่ร่วมงาน ด้วยเก็บความลับได้
15-1364	sound_auth	And these guys?	แล้วสองคนนี้ล่ะ?
15-1365	sound_auth	Working for Ayabe-san.	ทำงานให้อายาเบะซัง
15-1366	sound_auth	Ayabe knows me though, doesn't he?	อายาเบะรู้จักฉันอยู่แล้วไม่ใช่เหรอ?
15-1367	sound_auth	I figured Ayabe already knew\nI could handle myself.	ฉันนึกว่าอายาเบะรู้อยู่แล้ว\nว่าฉันดูแลตัวเองได้
15-1368	sound_auth	You're Kaito-san, yeah?\nThe boss told me about you.	คุณคือไคโตะซังใช่ไหม?\nหัวหน้าเล่าเรื่องคุณให้ฟังแล้ว
15-1369	sound_auth	You're Kaito-san, yeah?\nAyabe-san's already told me about you.	คุณคือไคโตะซังใช่ไหม?\nอายาเบะซังเล่าเรื่องคุณให้ฟังแล้ว
15-1370	sound_auth	You're dumber than I thought.	นึกว่าคุณจะฉลาดกว่านี้ซะอีก
15-1371	sound_auth	You're even dumber than\nhe said you'd be.	คุณโง่กว่าที่\nอายาเบะซังบอกไว้อีก
15-1372	sound_auth	Dumb!?\nLook here, asshole...	โง่!?\nฟังนะไอ้เวร...
15-1373	sound_auth	Not now, Kaito.\nAs for you... where's Ayabe?	อย่าเพิ่งเลยไคโตะ\nแล้วคุณล่ะ...อายาเบะอยู่ไหน?
15-1374	sound_auth	Okay, okay, relax. So...\nWhere do we find Ayabe?	โอเค โอเค ใจเย็นๆ แล้วเรา...\nจะหาอายาเบะได้ที่ไหน?
15-1375	sound_auth	Behind the counter.\nCome take a look.	อยู่หลังเคาน์เตอร์นั่นแหละ\nมาดูกันเลย
15-1376	sound_auth	What the...?	อะไรกันวะ...?
15-1377	sound_auth	What is that...?	นั่นอะไรน่ะ...?
15-1378	sound_auth	You're looking at the entrance to L'Amant,\nthe best-kept casino in all of Kamurocho.	นี่คือทางเข้า ลามองต์\nคาสิโนที่ซ่อนเก่งที่สุดในคามุโรโจ
15-1379	sound_auth	You're looking at the entrance to one of\nKamurocho's finest casinos... L'Amant.	นี่คือทางเข้าคาสิโนชั้นเลิศ แห่งหนึ่งของ\nคามุโรโจ... ลามองต์
15-1380	sound_auth	L'Amant?	ลามองต์ เหรอ?
15-1381	sound_auth	French for "lover."	ภาษาฝรั่งเศส แปลว่า "คนรัก"
15-1382	sound_auth	You know what they say. There's an amazing\nlover behind every coy bride.	ก็อย่างที่เขาว่ากันนั่นแหละ เบื้องหลังเจ้าสาวขี้อาย\nทุกคนมีคนรักสุดเจ๋งซ่อนอยู่
15-1383	sound_auth	"There's an amazing lover behind\nevery coy wife's back," right?	"เบื้องหลังภรรยาขี้อายทุกคน\nมีคนรักสุดเจ๋งซ่อนอยู่" ประมาณนั้นใช่ไหม?
15-1384	sound_auth	Heh, well aren't you guys international.	ฮึ พวกคุณนี่ดูอินเตอร์ดีนะ
15-1385	sound_auth	Gotta be classy if it's French.	เป็นภาษาฝรั่งเศสก็ต้องหรูอยู่แล้วสิ
15-1386	sound_auth	Go down and have fun.\nAyabe-san will be here soon.	ลงไปสนุกกันได้เลย\nอายาเบะซังจะมาถึงเร็วๆ นี้
15-1387	sound_auth	You can go have fun while\nAyabe-san's on his way.	ไปสนุกกันได้ระหว่าง\nรออายาเบะซังมาถึง
15-1388	sound_auth	Here, these are on the house.	นี่ ให้ฟรีเลย
15-1389	sound_auth	So the stupid pond was just a front?	สรุปบ่อปลาบ้าๆ นั่นเป็นแค่ฉากบังหน้าเองเหรอ?
15-1390	sound_auth	So that pond was seriously\njust a front?	บ่อปลานั่นเป็นแค่ฉากบังหน้า\nจริงๆ เหรอเนี่ย?
15-1391	sound_auth	Wowww.	ว้าว...
15-1392	sound_auth	Fine by me!	ตกลง! ไม่มีปัญหาเลย!
15-1393	sound_auth	Heh, fine by me.	ฮึ ไม่มีปัญหาหรอก
15-1394	sound_auth	Well, wanna see what they've got to offer?\nMay as well put those chips to use.	เอาไงล่ะ อยากดูไหมว่าที่นี่มีอะไรบ้าง\nเอาชิปพวกนี้ไปใช้ซะหน่อยก็ดี
15-1395	sound_auth	C'mon, let's see what this joint's got to offer.\nMight as well use those free chips.	เอาน่า ไปดูกันว่าที่นี่มีอะไรน่าเล่นบ้าง\nเอาชิปฟรีพวกนี้ไปใช้ซะเลย
15-1396	sound_auth	Playtime's over, Tak.\nC'mon, Ayabe's waiting.	หมดเวลาเล่นแล้ว ทาคุ\nไปกันเถอะ อายาเบะรอเราอยู่
15-1397	sound_auth	Hey, Tak. Playtime's just about over.\nC'mon, Ayabe's waiting.	เฮ้ ทาคุ ใกล้หมดเวลาเล่นแล้วนะ\nไปกันเถอะ อายาเบะรอเราอยู่
15-1398	sound_auth	Good to see you, Kaito-san.	ดีใจที่ได้เจอนะ ไคโตะซัง
15-1399	sound_auth	Good seeing you, Kaito-san.\nAnd...	ดีใจที่ได้เจอนะ ไคโตะซัง\nแล้วก็...
15-1400	sound_auth	I take it you're Yagami-san?	คุณคือยากามิซังใช่ไหม?
15-1401	sound_auth	Or would Yagami-sensei be more appropriate?	หรือจะให้เรียกอาจารย์ยากามิดีกว่ากัน?
15-1402	sound_auth	Or maybe Yagami-sensei\nwould be more appropriate?	หรือจะให้เรียก\nอาจารย์ยากามิดีกว่ากัน?
15-1403	sound_auth	Whatever works for you.	เรียกไงก็ได้ที่คุณสบายใจ
15-1404	sound_auth	Sorry about that whole test thing.	ขอโทษด้วยนะเรื่องบททดสอบเมื่อกี้
15-1405	sound_auth	Sorry 'bout that test earlier.	ขอโทษด้วยเรื่องบททดสอบเมื่อครู่
15-1406	sound_auth	Name's Ayabe,\nKamurocho Organized Crime Division.	ผมชื่ออายาเบะ\nแผนกปราบปรามองค์กรอาชญากรรม คามุโรโจ
15-1407	sound_auth	The name's Ayabe. Kamurocho police,\nOrganized Crime Division.	ผมชื่ออายาเบะ ตำรวจคามุโรโจ\nแผนกปราบปรามองค์กรอาชญากรรม
15-1408	sound_auth	Pleasure.	ยินดีครับ
15-1409	sound_auth	So, how are you liking the casino?\nPretty swanky, huh?	เป็นไงบ้าง ชอบคาสิโนนี้ไหม\nหรูดีใช่ไหมล่ะ?
15-1410	sound_auth	Why, you the owner or something?	ทำไมล่ะ คุณเป็นเจ้าของที่นี่รึไง?
15-1411	sound_auth	Why do you ask?\nDon't tell me you're the owner.	ทำไมถึงถามล่ะ\nอย่าบอกนะว่าคุณเป็นเจ้าของที่นี่
15-1412	sound_auth	Not quite.\nI do my part to keep it hidden, though.	ไม่เชิงหรอก\nแต่ผมก็มีส่วนช่วยปิดบังที่นี่ อยู่บ้าง
15-1413	sound_auth	Nah, I just do my part\nto keep the place hidden.	เปล่า ผมแค่ช่วยปิดบัง\nที่นี่ไว้เท่านั้นแหละ
15-1414	sound_auth	Cut a deal with the Tojo, too.\nBarely pay a lick of protection money now.	แถมยังไปตกลงกับโทโจด้วยนะ\nตอนนี้แทบไม่ต้องจ่ายค่าคุ้มครองเลย
15-1415	sound_auth	I cut a deal with the Tojo Clan,\nand now they barely pay a lick of protection money.	ผมไปตกลงกับตระกูลโทโจไว้\nตอนนี้พวกเขาแทบไม่ต้องจ่าย ค่าคุ้มครองเลย
15-1416	sound_auth	I guess I do practically run the place.	พูดง่ายๆ ก็เหมือนผมคุมที่นี่อยู่นั่นแหละ
15-1417	sound_auth	...You know, I guess I do\npractically run the place.	...ว่าไปก็เหมือนผมคุม\nที่นี่อยู่จริงๆ นั่นแหละ
15-1418	sound_auth	And you never invited me?\nI'm hurt.	แล้วนายไม่เคยชวนฉันมาเลยเหรอ\nเจ็บใจจัง
15-1419	sound_auth	And somehow, you never found the time\nto invite me.	แล้วนายก็ไม่เคยหาเวลา\nชวนฉันมาเลยสักครั้ง
15-1420	sound_auth	Sorry, I can't give you the VIP treatment\nwhen all you buy is the dirt off my shoes.	ขอโทษที ให้บริการวีไอพีไม่ได้หรอก\nในเมื่อสิ่งที่นายซื้อมีแค่ฝุ่น ใต้รองเท้าผม
15-1421	sound_auth	You want VIP treatment when all you buy is my cheap dirt?\nSorry, but that's not how it works.	อยากได้บริการวีไอพีทั้งที่ซื้อ แค่ข้อมูลราคาถูกจากผมงั้นเหรอ\nขอโทษนะ มันไม่ได้ง่ายขนาดนั้น
15-1422	sound_auth	All right let's cut to the chase,\nshall we?	เอาละ เข้าเรื่องกันเลย\nดีไหม?
15-1423	sound_auth	Fine. Then why <font_kind=yakuza_italic>did</font_kind> you call us here?	ก็ได้ งั้นทำไมคุณ<font_kind=yakuza_italic>ถึง</font_kind>เรียกเรามาที่นี่ล่ะ?
15-1424	sound_auth	You know those Kyorei murder cases?\nThey're all managed by my boss. Guy named Kuroiwa.	รู้จักคดีฆาตกรรมตระกูลเคียวเรอิไหม?\nทุกคดีอยู่ในความดูแลของหัวหน้าผม คนชื่อคุโรอิวะ
15-1425	sound_auth	About those Kyorei murder cases, with the eye shit...\nThe cop heading them is Kuroiwa, my boss.	เรื่องคดีฆาตกรรม ตระกูลเคียวเรอิที่ควักลูกตา นั่นน่ะ...\nตำรวจที่คุมคดีคือคุโรอิวะ หัวหน้าผมเอง
15-1426	sound_auth	He's the one who brought your captain in.	เขาเป็นคนที่จับกัปตันของพวกคุณเข้ามา
15-1427	sound_auth	He's the one who brought Hamura in.	เขาเป็นคนที่จับฮามุระเข้ามา
15-1428	sound_auth	But thanks to you, Hamura walked,\nand now Kuroiwa's got egg on his face.	แต่เพราะคุณ ฮามุระเลยรอดตัวไป\nตอนนี้คุโรอิวะหน้าแตกไปเลย
15-1429	sound_auth	But... thanks to you, Hamura walked.\nAnd Kuroiwa got egg on his face.	แต่... เพราะคุณ ฮามุระเลยรอดตัวไป\nแล้วคุโรอิวะก็หน้าแตกไปเลย
15-1430	sound_auth	Felt good, lemme tell you.\nI'm a fan of your work.	บอกเลยว่าสะใจมาก\nผมเป็นแฟนคลับฝีมือคุณเลยละ
15-1431	sound_auth	Now <font_kind=yakuza_italic>that</font_kind> felt good.\nLemme tell you, I'm a fan of your work.	<font_kind=yakuza_italic>เรื่องนั้น</font_kind>สะใจสุดๆ\nบอกเลยว่าผมเป็นแฟนคลับฝีมือคุณ
15-1432	sound_auth	So here, the first one's on the house.	เอาละ อันแรกนี้แจกฟรีให้เลย
15-1433	sound_auth	So here you go.\nFirst hit's free.	นี่ เอาไปเลย\nครั้งแรกให้ฟรี
15-1434	sound_auth	Guess we got Kuroiwa to thank for this.	งั้นก็ต้องขอบคุณคุโรอิวะสินะ
15-1435	sound_auth	Guess we got Kuroiwa\nto thank for this.	งั้นก็ต้องขอบคุณคุโรอิวะ\nสำหรับเรื่องนี้สินะ
15-1436	sound_auth	Now, I pulled together reports\non all the cases so far.	เอาละ ผมรวบรวมรายงาน\nคดีทั้งหมดที่มีมาจนถึงตอนนี้ ไว้ให้แล้ว
15-1437	sound_auth	Now, I pulled together the reports\non all your Mole's cases so far.	เอาละ ผมรวบรวมรายงาน\nคดีของไส้ศึกที่คุณตามอยู่ ทั้งหมดมาให้แล้ว
15-1438	sound_auth	Three in total, including\nthe trial the other day.	รวมทั้งหมดสามคดี รวมถึง\nการไต่สวนเมื่อวันก่อนด้วย
15-1439	sound_auth	Three in total,\nincluding the trial the other day.	รวมทั้งหมดสามคดี\nรวมถึงการไต่สวนเมื่อวันก่อนด้วย
15-1440	sound_auth	Not so fast.\nYou're on the hook if this shit gets out.	ยังก่อน\nถ้าเรื่องนี้หลุดออกไป คุณต้องรับผิดชอบเองนะ
15-1441	sound_auth	Let's get one thing clear.\nYou're on the hook if this shit gets out.	ขอพูดให้ชัดก่อนนะ\nถ้าเรื่องนี้หลุดออกไป คุณต้องรับผิดชอบเอง
15-1442	sound_auth	Pretty scary.\nAnd what happens if it does?	น่ากลัวจัง\nแล้วถ้ามันหลุดออกไปจะเกิดอะไรขึ้น?
15-1443	sound_auth	Scary.\nAnd what's the price if it does?	น่ากลัวนะ\nแล้วถ้าเกิดขึ้นจริงต้องจ่าย ราคาเท่าไหร่?
15-1444	sound_auth	You're dead.	คุณตายสถานเดียว
15-1445	sound_auth	Death.	ตาย
15-1446	sound_auth	Figured as much.	ก็ว่าอยู่
15-1447	sound_auth	Protect that with your life, huh?	ต้องปกป้องมันด้วยชีวิตเลยสินะ?
15-1448	sound_auth	In other words,\nprotect that envelope with your life.	พูดง่ายๆ ก็คือ\nต้องปกป้องซองนั้นด้วยชีวิต
15-1449	sound_auth	Roger.	รับทราบ
15-1450	sound_auth	<color=ｍonologue>(That's Kamurocho for you.\nShady as all hell, but you can get anything you want.)</color>	<color=ｍonologue>(นี่แหละคามุโรโจ\nที่นี่มืดหม่นสุดๆ แต่ก็หาอะไรก็ได้ทุกอย่างที่ต้องการ)</color>
15-1451	sound_auth	Can you tell me more\nabout this Kuroiwa guy?	เล่าเรื่องคุโรอิวะคนนี้\nให้ฟังเพิ่มหน่อยได้ไหม?
15-1452	sound_auth	He's the darling of\nthe Kamuro police station.	เขาเป็นขวัญใจของ\nโรงพักคามุโรเลยละ
15-1453	sound_auth	He's the "hero"\nof the Kamuro police station.	เขาเป็น "ฮีโร่"\nของโรงพักคามุโร
15-1454	sound_auth	Strong, popular, and always gets his mark.\nThey've got him fast-tracked for promotion.	เก่ง เป็นที่นิยม แล้วก็จับได้ทุกเป้าหมาย\nพวกเขาเลยดันเขาขึ้นตำแหน่งเร็ว เป็นพิเศษ
15-1455	sound_auth	And you don't like him... why?	แล้วคุณไม่ชอบเขาเหรอ...ทำไมล่ะ?
15-1456	sound_auth	So... why don't you like him?	แล้ว...ทำไมคุณถึงไม่ชอบเขาล่ะ?
15-1457	sound_auth	Guy's too damn perfect!	ก็เพราะไอ้หมอนี่มันดีเกินไปน่ะสิ!
15-1458	sound_auth	Guy's too perfect.	ไอ้หมอนี่มันดีเกินไป
15-1459	sound_auth	Think it's any fun working\nwith a perfectionist?	คิดว่ามันสนุกเหรอที่ต้องทำงาน\nกับคนสมบูรณ์แบบขนาดนั้น?
15-1460	sound_auth	Come on. You really think you'd like working\nwith a fella like that?	เอาน่า คุณคิดจริงๆ เหรอว่าจะชอบทำงาน\nกับคนแบบนั้น?
15-1461	sound_auth	Not to mention he's a handsome devil.	ไม่นับว่าหน้าตายังหล่อเหลาซะอีก
15-1462	sound_auth	Envy's what makes a man ugly, friend.\nEspecially odd coming from a dirty cop.	ความอิจฉาน่ะทำให้คนดูแย่ลงนะเพื่อน\nยิ่งมาจากตำรวจนอกลู่ด้วยแล้วยิ่งแปลก
15-1463	sound_auth	Man, envy's an ugly thing.\nEspecially comin' from a dirty cop.	โธ่ ความอิจฉาเป็นอะไรที่น่าเกลียดนะ\nยิ่งมาจากตำรวจนอกลู่ด้วยยิ่งแปลก
15-1464	sound_auth	I dunno, I think it's kinda refreshing.	ไม่รู้สิ ผมว่ามันดูสดชื่นดีออก
15-1465	sound_auth	Glad you see it my way, Yagami-san.\nHere, look at this asshole.	ดีใจที่คุณเห็นตรงกับผมนะ ยากามิซัง\nเอ้า ดูไอ้เวรนี่สิ
15-1466	sound_auth	I knew you'd understand, Yagami-san.\nHere, this is Kuroiwa.	ผมรู้อยู่แล้วว่าคุณต้องเข้าใจ ยากามิซัง\nเอ้า นี่คือคุโรอิวะ
15-1467	sound_auth	Yeah, handsome.	ใช่ หล่อจริงด้วย
15-1468	sound_auth	Not a face I'll forget.	หน้าแบบนี้ไม่มีทางลืมหรอก
15-1469	sound_auth	Right. He knows who you are,\nby the way.	ใช่แล้ว แล้วอีกอย่าง\nเขารู้จักคุณด้วยนะ
15-1470	sound_auth	Good. He already knows yours.	ดีเลย เขารู้จักคุณอยู่แล้วด้วย
15-1471	sound_auth	After all, you're the guy\nwho got Hamura acquitted.	ก็แหงละ คุณคือคนที่\nทำให้ฮามุระพ้นผิดนี่นา
15-1472	sound_auth	Anyway.\nDon't open that here, okay?	ยังไงก็เถอะ\nอย่าเพิ่งเปิดตรงนี้นะ
15-1473	sound_auth	Anyway, don't open that here, okay?	ยังไงก็เถอะ อย่าเพิ่งเปิดตรงนี้นะ
15-1474	sound_auth	I'll keep it shut tight\nuntil I'm back in my office.	ผมจะเก็บมันปิดสนิทไว้\nจนกว่าจะกลับถึงออฟฟิศ
15-1475	sound_auth	I'll keep it shut tight until I'm back in my office.\nToo many prying eyes everywhere else.	ผมจะเก็บมันปิดสนิทไว้จนกว่าจะ กลับถึงออฟฟิศ\nที่อื่นสายตาคนเยอะเกินไป
15-1476	sound_auth	That work?	แบบนี้โอเคไหม?
15-1477	sound_auth	I'm usually hanging 'round Tender.\nSwing by there if you need anything else.	ปกติผมแวะเวียนอยู่แถวเทนเดอร์\nถ้าต้องการอะไรอีกก็แวะมาได้
15-1478	sound_auth	I'm usually hanging 'round Tender.\nSwing by there if you ever need anything else.	ปกติผมแวะเวียนอยู่แถวเทนเดอร์\nถ้าต้องการอะไรอีกเมื่อไหร่ก็แวะมาได้
15-1479	sound_auth	Glad that's over with.\nI'm gonna play a few hands while I'm here.	ดีใจที่เรื่องนั้นจบไปแล้ว\nมาถึงนี่ทั้งทีขอเล่นสักสองสามมือก่อน
15-1480	sound_auth	Glad that's over with.\nI'm gonna stick around for a few hands.	ดีใจที่เรื่องนั้นจบไปแล้ว\nขออยู่เล่นสักพักก่อน
15-1481	sound_auth	You staying, or...?	นายจะอยู่ต่อไหม หรือ...?
15-1482	sound_auth	You staying too?	นายจะอยู่ด้วยไหม?
15-1483	sound_auth	I'll think about it.	เดี๋ยวขอคิดดูก่อนนะ
15-1484	sound_auth	Righto. See ya around.	ได้เลย เจอกันนะ
15-1485	sound_auth	Righto.\nI'll see ya around.	ได้เลย\nเจอกันนะ
15-1486	sound_auth	What was that about?	เรื่องอะไรกัน?
15-1487	sound_auth	What was that about...?	เรื่องอะไรกันนะ...?
15-1488	sound_auth	Were they going after this...?	พวกนั้นตามล่าของชิ้นนี้อยู่รึเปล่า...?
15-1489	sound_auth	Did they want this?	พวกนั้นต้องการของชิ้นนี้เหรอ?
15-1490	sound_auth	Glad one of us is earning his pay.\nHow're those docs from Ayabe looking?	ดีนะที่มีคนหนึ่งทำงานคุ้มเงินเดือน\nเอกสารจากอายาเบะเป็นไงบ้าง?
15-1491	sound_auth	Still at it, Tak?\nHow're Ayabe's documents comin' along?	ยังทำอยู่อีกเหรอ ทาคุ\nเอกสารของอายาเบะไปถึงไหนแล้ว?
15-1492	sound_auth	Not bad.\nHow'd things go at the casino?	ก็ไม่เลว\nแล้วที่คาสิโนเป็นไงบ้าง?
15-1493	sound_auth	Not bad.\nAnd you? Any big winnings to report?	ก็ไม่เลว\nแล้วนายล่ะ ได้เงินก้อนโตมารายงานบ้างไหม?
15-1494	sound_auth	I won a mil or so.	ฉันได้มาเป็นล้านได้มั้ง
15-1495	sound_auth	Just a million yen.	แค่ล้านเยนเองน่า
15-1496	sound_auth	A mil!?	ล้านเลยเหรอ!?
15-1497	sound_auth	I'd've kept going,\nbut that seemed like a good round number.	จะเล่นต่อก็ได้นะ\nแต่ตัวเลขกลมๆ แบบนี้มันดูโอเคดี
15-1498	sound_auth	Oh good, guess I don't\nneed to pay you this month.	โอ้ ดีเลย งั้นเดือนนี้\nคงไม่ต้องจ่ายเงินให้นายแล้วสินะ
15-1499	sound_auth	So, Kaito-san...\nI guess you don't need a check this month?	งั้นไคโตะซัง...\nคงไม่ต้องรับเช็คเดือนนี้แล้วสินะ?
15-1500	sound_auth	Hey, I ain't a charity.	เฮ้ ฉันไม่ใช่องค์กรการกุศลนะ
15-1501	sound_auth	C'mon, that's not the same thing.	ไม่เกี่ยวกันเลยนะนั่น
15-1502	sound_auth	Anyway.\nAnything good in there?	เอาเถอะ\nมีอะไรน่าสนใจในนั้นบ้างไหม?
15-1503	sound_auth	Anyway.\nYou find anything on the Mole in there?	เอาเถอะ\nเจออะไรเกี่ยวกับไส้ศึกในนั้นบ้างไหม?
15-1504	sound_auth	Not yet. The cops only got\nas far as arresting Hamura.	ยังไม่เจอ ตำรวจได้แค่\nจับฮามุระเท่านั้นเอง
15-1505	sound_auth	Not yet. After all, they had to resort to\narresting our "innocent" captain.	ยังไม่เจอ สุดท้ายพวกเขาก็ทำได้แค่\nจับกัปตันผู้ "บริสุทธิ์" ของเราเท่านั้น
15-1506	sound_auth	According to this, that was the only lead\nthey had. They're as stumped as we are.	ตามนี้ นั่นเป็นเบาะแสเดียว\nที่พวกเขามี พวกเขาก็จนตรอกพอๆ กับเรา
15-1507	sound_auth	According to the case history...\nAside from him, they didn't have any other leads.	ตามประวัติคดี...\nนอกจากเขาแล้วพวกเขาก็ไม่มี เบาะแสอื่นเลย
15-1508	sound_auth	Huh. No wonder Ayabe was practically\ngiving that shit away.	อือ ไม่แปลกใจเลยที่อายาเบะแทบ\nจะแจกของนี่ให้ฟรี
15-1509	sound_auth	Guess that kinda makes sense...\nNo wonder Ayabe practically gave that shit away.	ก็สมเหตุสมผลอยู่นะ...\nไม่แปลกใจเลยที่อายาเบะแทบจะแจกให้ฟรี
15-1510	sound_auth	There is something in here\nabout the second murder, though.	แต่มีอะไรบางอย่างในนี้\nเกี่ยวกับการฆาตกรรมครั้งที่สอง
15-1511	sound_auth	Except... there is something\non the Mole's second victim.	ยกเว้น...มีข้อมูลบางอย่าง\nเกี่ยวกับเหยื่อรายที่สองของไส้ศึก
15-1512	sound_auth	Apparently they had been tracking the victim,\nKunimura, right up until his death.	ดูเหมือนพวกเขาจะสะกดรอยตามเหยื่อ\nคุนิมูระ จนถึงวันที่เขาตายเลยละ
15-1513	sound_auth	Seems like the police had been tracking this guy\nKunimura, right up until his death.	ดูเหมือนตำรวจจะสะกดรอยตามผู้ชายคนนี้\nคุนิมูระ จนถึงวันที่เขาตาย
15-1514	sound_auth	<color=ｍonologue>(He's the Mole's second victim.\nEyes gouged out, just like Kume's.)</color>	<color=ｍonologue>(นี่คือเหยื่อรายที่สองของไส้ศึก\nถูกควักลูกตาเหมือนกับคุเมะเป๊ะ)</color>
15-1515	sound_auth	I take it that's Kunimura?	นั่นคือคุนิมูระใช่ไหม?
15-1516	sound_auth	And this is Kunimura?	แล้วคนนี้คือคุนิมูระเหรอ?
15-1517	sound_auth	Yup. Two hours before his death, he was seen\nleaving a brothel called Konban Wife.	ใช่ สองชั่วโมงก่อนตาย มีคนเห็นเขาเดินออก\nจากซ่องที่ชื่อ Konban Wife
15-1518	sound_auth	Yup. Two hours before his death,\nhe was seen leaving a brothel called Konban Wife.	ใช่ สองชั่วโมงก่อนตาย\nมีคนเห็นเขาเดินออกจากซ่องที่ชื่อ Konban Wife
15-1519	sound_auth	Kinda place where the girls pretend they're married.\nSounds like he was there for a Kanae-chan.	เป็นร้านที่ผู้หญิงแกล้งทำเป็น ภรรยาลูกค้า\nฟังดูเหมือนเขาไปหาคนชื่อคาเนะจัง
15-1520	sound_auth	Their girls roleplay as their clients' wives.\nSounds like he was there for a Kanae-chan.	ผู้หญิงร้านนี้จะสวมบทเป็นภรรยา ของลูกค้า\nฟังดูเหมือนเขาไปหาคาเนะจัง
15-1521	sound_auth	At least the guy had some fun before he went out.\nHell, that's how I wanna go.	อย่างน้อยไอ้หนุ่มนี่ก็ได้สนุกก่อนตาย\nให้ตายเถอะ ฉันก็อยากตายแบบนั้นเหมือนกัน
15-1522	sound_auth	I'm gonna go talk to this Kanae-chan.	ผมจะไปคุยกับคาเนะจังคนนี้ดู
15-1523	sound_auth	See if she knows anything\nabout Kunimura.	ดูว่าเธอรู้อะไร\nเกี่ยวกับคุนิมูระบ้างไหม
15-1524	sound_auth	With any luck,\nI might even get a lead on the Mole.	ถ้าโชคดี\nผมอาจจะได้เบาะแสเกี่ยวกับ ไส้ศึกด้วยซ้ำ
15-1525	sound_auth	C'mon man,\nleave the sexy shit to me!	เอาน่า\nเรื่องเซ็กซี่ๆ แบบนี้ปล่อยให้ฉันจัดการเถอะ!
15-1526	sound_auth	C'mon, man,\nleave the sex shops to me!	เอาน่า\nเรื่องแบบนี้ปล่อยให้ฉันจัดการเถอะ!
15-1527	sound_auth	You're too young to handle\na married woman anyway.	อยู่ดีๆ นายก็ยังเด็กเกินกว่าจะรับมือ\nผู้หญิงมีสามีอยู่แล้วละ
15-1528	sound_auth	You do realize I'm just gonna\ntalk to her, right?	นายเข้าใจใช่ไหมว่าผมแค่จะไป\nคุยกับเธอเฉยๆ?
15-1529	sound_auth	What "handling" do you expect to do?\nI only need to talk to her.	จะให้ "รับมือ" อะไรกันล่ะ\nผมแค่ต้องคุยกับเธอเท่านั้นเอง
15-1530	sound_auth	You're seriously not letting\nme take point on this one?	นายจะไม่ให้ฉัน\nเป็นตัวหลักในเรื่องนี้จริงๆ เหรอ?
15-1531	sound_auth	You seriously making me sit out\non Konban Wife?	นายจะให้ฉันนั่งดูอยู่ข้างสนาม\nเรื่อง Konban Wife จริงๆ เหรอ?
15-1532	sound_auth	...What if I tell Mafuyu-chan?	...ถ้าฉันไปบอกมาฟุยุจังล่ะ?
15-1533	sound_auth	What if I tell Mafuyu-chan?	ถ้าฉันไปบอกมาฟุยุจังล่ะ?
15-1534	sound_auth	Go ahead. No skin off my back.	เชิญเลย ไม่กระทบผมหรอก
15-1535	sound_auth	Go ahead.\nNo skin off my back.	เชิญเลย\nไม่กระทบผมหรอก
15-1536	sound_auth	(The last place Kunimura\nwas seen alive.)	(สถานที่สุดท้ายที่มีคนเห็นคุนิมูระ\nตอนยังมีชีวิตอยู่)
15-1537	sound_auth	Welcome, sir.\nAny requests tonight?	ยินดีต้อนรับครับ\nคืนนี้มีอะไรอยากขอเป็นพิเศษไหมครับ?
15-1538	sound_auth	Welcome, sir.\nWould you like to request a girl?	ยินดีต้อนรับครับ\nอยากขอตัวสาวๆ คนไหนเป็นพิเศษไหมครับ?
15-1539	sound_auth	Huh? I, uh...	หา? ผม เอ่อ...
15-1540	sound_auth	Yuna-chan, Marin-chan,\nand Kanae-chan are all free tonight.	คืนนี้ยูนะจัง มาริงจัง\nกับคาเนะจังว่างกันหมดเลยครับ
