id	bin	EN	TH
24-0001	auth	Take a good look.\nNow do you believe me?	ดูให้ดีๆ\nทีนี้เชื่อรึยัง?
24-0002	auth	From Kamurocho's Yagami Detective Agency.　	จากสำนักงานนักสืบยากามิ คามุโรโจ
24-0003	auth	So. Let's be civil here.	เอาล่ะ มาคุยกันดีๆ นะ
24-0004	auth	Let's do this the easy way.	เอาแบบง่ายๆ กันดีกว่า
24-0005	auth	Just hand over the cash, okay?\n150 grand sound good?	แค่ยกเงินมาให้ เข้าใจนะ\nสัก 150,000 เยนพอไหม?
24-0006	auth	Hand over what you owe,\nand round it to 150k for my trouble.　	เอาเงินที่ติดค้างมาคืน\nปัดขึ้นเป็น 150,000 เยนเป็นค่าเหนื่อยกู
24-0007	auth	Back the fuck off!	ถอยไปไกลๆ เลยวะ!
24-0008	auth	Fuck you...	ไปตายซะ...
24-0009	auth	You runnin' some\nkinda racket here?	แกกำลังรีดไถ\nอะไรอยู่รึเปล่าวะ?
24-0010	auth	What kinda racket is this!?	นี่มันแก๊งรีดไถอะไรกันวะ!?
24-0011	auth	I'll sue you!	ฉันจะฟ้องแกเลยนะ!
24-0012	auth	Oh yeah?	งั้นเหรอ?
24-0013	auth	Hey!	นี่!
24-0014	auth	You're gonna sue?	จะฟ้องกูเหรอ?
24-0015	auth	You'll sue, huh!?	จะฟ้องกันสินะ!?
24-0016	auth	The fuck do you think you are?\nHuh!?	แกคิดว่าตัวเองเป็นใครวะ\nหา!?
24-0017	auth	You think that's how this works? Huh!?	แกคิดว่ามันเป็นแบบนั้นเหรอ หา!?
24-0018	auth	Hold on, Kaito-san.	เดี๋ยวก่อน ไคโตะซัง
24-0019	auth	Uh, Kaito-san...	เอ่อ ไคโตะซัง...
24-0020	auth	The hell!?	อะไรวะเนี่ย!?
24-0021	auth	What the hell!?	อะไรวะเนี่ย!?
24-0022	auth	You're not a detective, asshole.\nYou're fucking yakuza!	แกไม่ใช่นักสืบหรอก ไอ้เวร\nแกมันยากูซ่าชัดๆ!
24-0023	auth	You're not a detective, you're yakuza!	แกไม่ใช่นักสืบ แกคือยากูซ่า!
24-0024	auth	Oh yeah? Guess you know what'll\nhappen if you don't pay up then!	งั้นเหรอ? งั้นแกก็คงรู้ดีว่าจะเกิดอะไรขึ้น\nถ้าไม่จ่ายเงินนะ!
24-0025	auth	Shut it!\nQuit yapping and hand over the money!	หุบปาก!\nอย่าพล่ามแล้วเอาเงินมาซะ!
24-0026	auth	Ease up, Kaito-san.	ใจเย็นๆ หน่อย ไคโตะซัง
24-0027	auth	I'd listen, maybe.	ฟังเขาไว้บ้างก็ดีนะ
24-0028	auth	I'm sure he doesn't wanna\npiss you off any more.	ผมว่าเขาคงไม่อยากทำให้คุณ\nโมโหไปกว่านี้หรอก
24-0029	auth	Unless you want to piss him off more?　	เว้นแต่นายอยากให้เขาโมโหกว่านี้อีก?
24-0030	auth	All right...	ก็ได้...
24-0031	auth	Fine...!	ก็ได้...!
24-0032	auth	I said all right!	บอกว่าก็ได้ไงวะ!
24-0033	auth	Fine!	ก็ได้!
24-0034	auth	Listen here, asshole.\nI'm gonna sue your ass into the goddamn ground.	ฟังนะไอ้เวร\nกูจะฟ้องมึงให้จมดินเลยว่ะ
24-0035	auth	You sure?\nYou take this, and I really will sue.	แน่ใจนะ\nถ้าเอาแบบนี้ กูจะฟ้องมึงจริง ๆ ว่ะ
24-0036	auth	You see this!?\nHe broke my fucking nose!	เห็นนี่ไหม!?\nมันต่อยจมูกกูหักเลยว่ะ!
24-0037	auth	I'm serious.\nYou broke my fuckin' nose.　	กูพูดจริงนะ\nมึงต่อยจมูกกูหักว่ะ
24-0038	auth	Don't be so melodramatic.	อย่ามาทำเป็นดราม่าไปหน่อยเลย
24-0039	auth	Looks like a nosebleed to me.	ผมว่ามันก็แค่เลือดกำเดาไหลนะ
24-0040	auth	I think we both know who\nthrew the first punch.	ผมว่าเราสองคนก็รู้กันดีอยู่แล้วนะ\nว่าใครชกก่อน
24-0041	auth	And let's not forget who\nthrew the first punch.　	แล้วก็อย่าลืมด้วยนะ\nว่าใครเป็นคนชกก่อน
24-0042	auth	No way I'm gonna let that slide!	กูไม่มีทางปล่อยผ่านเรื่องนี้แน่!
24-0043	auth	No way, you hit me first!	ไม่มีทาง มึงต่อยกูก่อนต่างหาก!
24-0044	auth	Just you watch.\nYou'll see, the court's gonna—	คอยดูเถอะ\nเดี๋ยวศาลจะ...
24-0045	auth	Just you watch, the courts will—	คอยดูไว้เลย เดี๋ยวศาลจะ...
24-0046	auth	Huh? But that's...	หา? แต่นั่นมัน...
24-0047	auth	Huh? That's...	หา? นั่นมัน...
24-0048	auth	A lawyer's badge.	บัตรทนายความ
24-0049	auth	You're a lawyer?　	มึงเป็นทนายความเหรอ?
24-0050	auth	So you're... not a detective.	งั้นมึงก็... ไม่ใช่นักสืบสิ
24-0051	auth	You said you were a detective...	มึงบอกว่าเป็นนักสืบไม่ใช่เหรอ...
24-0052	auth	And?	แล้วไง?
24-0053	auth	What of it?　	แล้วมันเป็นไง?
24-0054	auth	You still wanna sue?	ยังอยากจะฟ้องอยู่อีกไหมล่ะ?
24-0055	auth	Still wanna take this to court?	ยังอยากเอาเรื่องนี้ขึ้นศาลอยู่ไหม?
24-0056	auth	Y'know...	รู้อะไรไหม...
24-0057	auth	Fair warning...	ขอเตือนไว้ก่อนนะ...
24-0058	auth	You won't know what hit you.	เดี๋ยวจะไม่รู้ตัวด้วยซ้ำว่าโดน อะไรเข้าไป
24-0059	auth	Suing me is a bad idea.　	ฟ้องผมน่ะ ความคิดแย่มากนะ
24-0060	auth	Kamurocho.\nNo better place for a night out.	คามุโรโจ\nไม่มีที่ไหนเหมาะกับค่ำคืนสนุก ๆ ไปกว่านี้อีกแล้ว
24-0061	auth	There's no better place for a night\non the town than Kamurocho.	ไม่มีที่ไหนเหมาะกับค่ำคืนออกไปเที่ยว\nมากไปกว่าคามุโรโจอีกแล้ว
24-0062	auth	A neon city... But the brighter the lights,\nthe darker the shadows.	เมืองแห่งแสงนีออน... แต่ยิ่งแสงสว่างจ้าเท่าไหร่\nเงามืดก็ยิ่งเข้มขึ้นเท่านั้น
24-0063	auth	Here, bright neon lights make\neven darker shadows...	ที่นี่ แสงนีออนที่สว่างจ้า\nกลับทำให้เงายิ่งมืดเข้มกว่าเดิม...
24-0064	auth	The whole town's run by the toughest\nyakuza family out there, the Tojo Clan.	เมืองทั้งเมืองถูกคุมโดยตระกูลยากูซ่า\nที่โหดที่สุดอย่างตระกูลโทโจ
24-0065	auth	Japan's toughest yakuza, the Tojo Clan,\nkeeps an iron grip on this city.	ตระกูลโทโจ ยากูซ่าที่แข็งแกร่งที่สุดของญี่ปุ่น\nกุมเมืองนี้ไว้อย่างเบ็ดเสร็จ
24-0066	auth	And the deeper you dig,\nthe more interesting things get.	และยิ่งขุดลึกลงไปเท่าไหร่\nเรื่องราวก็ยิ่งน่าสนใจขึ้นเท่านั้น
24-0067	auth	Kamurocho gets more interesting\nthe deeper you go...	คามุโรโจยิ่งน่าสนใจขึ้นเรื่อย ๆ\nยิ่งเจาะลึกเข้าไปเท่าไหร่...
24-0068	auth	More dangerous, too.	อันตรายขึ้นด้วยเหมือนกัน
24-0069	auth	...But more dangerous too.　	...แต่ก็อันตรายขึ้นด้วยเหมือนกัน
24-0070	auth	Take this burglary ring.\nJust a bunch of kids looking for kicks.	อย่างแก๊งขโมยขึ้นบ้านนี่ไง\nก็แค่เด็กกลุ่มหนึ่งที่หาความตื่นเต้น
24-0071	auth	Take this burglary gang.\nJust a bunch of kids doing it for kicks.	อย่างแก๊งขโมยขึ้นบ้านนี่ไง\nก็แค่เด็กกลุ่มหนึ่งที่ทำไป เพื่อความมันส์
24-0072	auth	Word is they met on some sketchy website.\nNever even seen each other's faces.	ว่ากันว่าพวกมันรู้จักกันผ่าน เว็บไซต์แปลก ๆ\nไม่เคยเห็นหน้ากันด้วยซ้ำ
24-0073	auth	Word is they met on some shady website\nand have never shown each other their faces.	ว่ากันว่าพวกมันเจอกันผ่าน เว็บไซต์มั่ว ๆ\nและไม่เคยเปิดหน้าให้กันเห็นเลย ด้วยซ้ำ
24-0074	auth	As for the cops...\nThey can't catch a single one.	ส่วนตำรวจน่ะเหรอ...\nจับไม่ได้สักคนเลย
24-0075	auth	And the police can't even manage\nto catch a single one.　	แล้วตำรวจก็ยังจับ\nพวกมันไม่ได้สักคนด้วยซ้ำ
24-0076	auth	The only thing anyone really cares about\nin Kamurocho these days, though...	แต่สิ่งเดียวที่ทุกคนสนใจกันจริง ๆ\nในคามุโรโจตอนนี้...
24-0077	auth	That said, the only thing anyone cares\nabout in Kamurocho these days...	ถึงอย่างนั้น สิ่งเดียวที่ใคร ๆ สนใจ\nในคามุโรโจช่วงนี้...
24-0078	auth	...Is the murders.	...ก็คือคดีฆาตกรรม
24-0079	auth	...Is the serial murders.	...ก็คือคดีฆาตกรรมต่อเนื่อง
24-0080	auth	Over three months,\nthree Kansai yakuza have turned up dead.	ตลอดสามเดือนที่ผ่านมา\nยากูซ่าสายคันไซตายไปแล้วสามคน
24-0081	auth	Over the last three months,\nthree Kansai yakuza have turned up dead.　	ในช่วงสามเดือนหลังสุด\nยากูซ่าสายคันไซพบเป็นศพไปแล้วสามคน
24-0082	auth	Most think it's the Tojo Clan making some\nkinda power move in the ongoing turf war.	หลายคนคิดว่าเป็นฝีมือตระกูลโทโจ\nที่กำลังงัดข้อแย่งพื้นที่กันอยู่
24-0083	auth	Most think it's the Tojo Clan\nputting some muscle on Kansai.	หลายคนคิดว่าตระกูลโทโจ\nกำลังข่มขู่สายคันไซอยู่
24-0084	auth	This one's missing its eyes too.	ศพนี้ก็ถูกควักลูกตาไปเหมือนกัน
24-0085	auth	This one had his eyes gouged out too.	ศพนี้ก็โดนควักลูกตาออกเหมือนกัน
24-0086	auth	That's not the only thing, though.\nAll three of them were missing their eyes.	แต่นั่นไม่ใช่แค่นั้น\nทั้งสามศพถูกควักลูกตาไปหมด
24-0087	auth	Three yakuza, six eyes,\nall of them gone without a trace.	ยากูซ่าสามคน ลูกตาหกลูก\nหายไปโดยไม่เหลือร่องรอย
24-0088	auth	It's in one little corner of\nthis city that I run a detective agency.	ผมเปิดสำนักงานนักสืบเล็ก ๆ\nอยู่มุมหนึ่งของเมืองนี้
24-0089	auth	In one corner of this city,\nI run a detective agency.	ในมุมหนึ่งของเมืองนี้\nผมเปิดสำนักงานนักสืบเอาไว้
24-0090	auth	I work alongside my partner, Kaito-san.\nFunny enough, he's ex-Tojo.	ผมทำงานร่วมกับหุ้นส่วนของผม ไคโตะซัง\nตลกดีที่เขาเคยเป็นยากูซ่า ตระกูลโทโจมาก่อน
24-0091	auth	An old aniki of mine works for me too.\nKaito-san, who's an ex-Tojo Clan yakuza.	มีอานิกิเก่าคนหนึ่งทำงานให้ผมด้วย\nไคโตะซัง อดีตยากูซ่าตระกูลโทโจ
24-0092	auth	And me?	แล้วผมล่ะ?
24-0093	auth	As for me...	ส่วนผม...
24-0094	auth	I'm Takayuki Yagami. Used to be a lawyer,\nbut I put that life behind me three years ago.	ผมชื่อทาคายูกิ ยากามิ เคยเป็นทนายความ\nแต่ผมทิ้งชีวิตแบบนั้นไปแล้ว เมื่อสามปีก่อน
24-0095	auth	I'm Takayuki Yagami. Three years ago,\nI put the legal life behind me.　	ผมชื่อทาคายูกิ ยากามิ เมื่อสามปีก่อน\nผมทิ้งชีวิตในวงการกฎหมายไปแล้ว
24-0096	auth	As for my badge...	ส่วนบัตรทนายความของผม...
24-0097	auth	Now my lawyer's badge...	ตอนนี้บัตรทนายความของผม...
24-0098	auth	It's barely even a\ndecoration at this point.	ป่านนี้แทบจะเหลือไว้\nเป็นแค่ของประดับเท่านั้นเอง
24-0099	auth	...is just for decoration.　	...ก็แค่ของประดับเฉย ๆ
24-0100	auth	Ugh! Damn you!	อึ๋ย! ไอ้เวรเอ๊ย!
24-0101	auth	Son of a bitch!	ไอ้ลูกหมา!
24-0102	auth	Have you had enough?	พอหรือยังล่ะ?
24-0103	auth	Are we done here?	จบกันแค่นี้ได้หรือยัง?
24-0104	auth	Always getting into trouble...	หาเรื่องอยู่เรื่อยเลยนะเนี่ย...
24-0105	auth	Still finding trouble, Tak?　	ยังหาเรื่องได้อยู่เรื่อยเลยนะ ทาคุ?
24-0106	auth	Captain Hamura...	กัปตันฮามุระ...
24-0107	auth	Let go!	ปล่อยนะ!
24-0108	auth	Lemme go already!	ปล่อยกูเดี๋ยวนี้เลยน่า!
24-0109	auth	You, uh...	แก... เอ่อ...
24-0110	auth	Um...	เอ่อ...
24-0111	auth	Our boy Tak here doesn't start\nshit without a real good reason.	ทาคุของเรามันไม่หาเรื่อง\nถ้าไม่มีเหตุผลจริง ๆ หรอกนะ
24-0112	auth	Tak here doesn't start shit\nwith punks for no reason.	ทาคุน่ะไม่หาเรื่องกับ\nพวกอันธพาลถ้าไม่มีเหตุผลหรอกนะ
24-0113	auth	And that means...	ซึ่งนั่นก็หมายความว่า...
24-0114	auth	In other words...	พูดอีกอย่างก็คือ...
24-0115	auth	It was you.\nYou dumbasses jumped the wrong guy.	เป็นพวกมึงนี่เอง\nไอ้พวกโง่ ดันไปหาเรื่องผิดคนซะแล้ว
24-0116	auth	You idiots don't know who\nyou picked a fight with, do you?	พวกมึงไม่รู้เลยสินะ\nว่าไปก่อเรื่องกับใครเข้า
24-0117	auth	Huh? No...	หา? ไม่ใช่...
24-0118	auth	You know this guy's like a son\nto the Matsugane patriarch, right?	รู้ไหมว่าไอ้หมอนี่น่ะ\nเหมือนลูกชายของโอยาบุน ตระกูลมัตสึกาเนะเลยนะ
24-0119	auth	You know this guy's like\na son to my patriarch?　	รู้ไหมว่าไอ้หมอนี่มันเหมือน\nลูกชายของโอยาบุนของกูเลยนะ?
24-0120	auth	Know what I'm trying to say?\nAsshole.	เข้าใจที่กูพยายามจะสื่อไหม\nไอ้เวร
24-0121	auth	Are you getting the picture?	เข้าใจสถานการณ์รึยัง?
24-0122	auth	C'mon cap, can't we just let it be?	ไม่เอาน่ากัปตัน ปล่อยเรื่องนี้ไปเถอะนะ
24-0123	auth	C'mon, let's just leave it at that.　	ไม่เอาน่า ปล่อยผ่านไปเถอะนะ
24-0124	auth	No can do.	ทำไม่ได้หรอก
24-0125	auth	No can do.　	ทำไม่ได้หรอกว่ะ
24-0126	auth	This right here...	เรื่องนี้น่ะ...
24-0127	auth	Unfortunately...	โชคร้ายหน่อยนะ...
24-0128	auth	Just became a matter of\nMatsugane Family honor.	กลายเป็นเรื่องเกียรติ\nของตระกูลมัตสึกาเนะไปซะแล้ว
24-0129	auth	...It's a matter of\nMatsugane Family honor.	...มันคือเรื่องเกียรติ\nของตระกูลมัตสึกาเนะ
24-0130	auth	I-I'm sorry...	ข-ขอโทษครับ...
24-0131	auth	I'm sorry...	ขอโทษนะ...
24-0132	auth	Hey there, Saori-san.	ไง ซาโอริซัง
24-0133	auth	Yo, Saori-san.　	เฮ้ ซาโอริซัง
24-0134	auth	Look, dorayaki.\nExtra fancy.	ดูนี่สิ โดรายากิ\nรุ่นพิเศษเลยนะ
24-0135	auth	I brought dorayaki.\nLimited edition...	ผมเอาโดรายากิมาฝาก\nรุ่นลิมิเต็ดเอดิชั่นด้วยนะ...
24-0136	auth	Genda Law Office,\nwhere I used to work.	สำนักงานกฎหมายเก็นดะ\nที่ที่ผมเคยทำงานอยู่
24-0137	auth	This is Genda Law Office,\nwhere I used to work.	นี่คือสำนักงานกฎหมายเก็นดะ\nที่ที่ผมเคยทำงาน
24-0138	auth	Things haven't changed\nmuch these past three years.	อะไร ๆ ก็ไม่ค่อยเปลี่ยนไป\nมากนักตลอดสามปีที่ผ่านมา
24-0139	auth	I left three years ago,\nso the staff's changed a bit.	ผมออกมาตั้งแต่สามปีก่อน\nพนักงานเลยเปลี่ยนไปบ้าง
24-0140	auth	Hello, Yagami-san.	สวัสดีครับ ยากามิซัง
24-0141	auth	Hi, Yagami-san.	หวัดดีครับ ยากามิซัง
24-0142	auth	Oh, I didn't see you there.\nYou getting situated? 	โอ้ ไม่เห็นคุณอยู่ตรงนั้นเลย\nเข้าที่เข้าทางกันดีไหม?
24-0143	auth	Hoshino-kun, hey.\nGetting situated?	โฮชิโนะคุง ไง\nเข้าที่เข้าทางกันดีไหม?
24-0144	auth	Yes.\nEveryone here is just great.	ครับ\nทุกคนที่นี่ดีมากเลยครับ
24-0145	auth	Yeah, everyone here's great.	ครับ ทุกคนที่นี่ดีมากเลยครับ
24-0146	auth	So I hear you're good.\nPassed the bar with top marks and everything.	ได้ยินมาว่าคุณเก่งนี่\nสอบเนติบัณฑิตได้คะแนนอันดับต้น ๆ เลยด้วย
24-0147	auth	Heard you're pretty good?\nTop of your class on the bar?	ได้ยินว่าฝีมือดีนี่?\nสอบเนติบัณฑิตได้ที่หนึ่งของ รุ่นเลยเหรอ?
24-0148	auth	How'd you end up in this dump\nand not in a bigger office, huh?	แล้วมาลงเอยที่ออฟฟิศกระจอก ๆ นี่ได้ไง\nทำไมไม่ไปสำนักงานใหญ่ ๆ ล่ะ?
24-0149	auth	So why didn't you join a bigger firm?	แล้วทำไมไม่ไปเข้าสำนักงานใหญ่ ๆ ล่ะ?
24-0150	auth	Huh? Well you see, that's, uh...	หา? เอ่อ ก็คือว่า...นั่นมัน...
24-0151	auth	Oh, well, you know...	อ้อ ก็คือ...รู้ไหมครับ...
24-0152	auth	I hear you over there, Yagami.	ได้ยินอยู่นะ ยากามิ
24-0153	auth	I can hear you, Yagami.	ผมได้ยินอยู่นะ ยากามิ
24-0154	auth	Evening, Genda-sensei.	สวัสดีครับ อาจารย์เก็นดะ
24-0155	auth	Genda-sensei! Hello!	อาจารย์เก็นดะ! สวัสดีครับ!
24-0156	auth	Other than my real dad, there's\ntwo people I look up to like a father.	นอกจากพ่อแท้ ๆ ของผมแล้ว\nยังมีอีกสองคนที่ผมนับถือเหมือนพ่อ
24-0157	auth	I've got three people I look up to\nlike a father. My actual dad being one.	ผมมีคนที่นับถือเหมือนพ่อ\nอยู่สามคน พ่อแท้ ๆ ของผมเป็นหนึ่งในนั้น
24-0158	auth	Genda-sensei's one of those people.	อาจารย์เก็นดะเป็นหนึ่งในนั้น
24-0159	auth	Genda-sensei is another.	อาจารย์เก็นดะก็เป็นอีกคนหนึ่ง
24-0160	auth	He gave me a job here before I'd\neven gotten outta law school.	อาจารย์ให้งานผมทำที่นี่\nตั้งแต่ผมยังไม่จบโรงเรียน กฎหมายด้วยซ้ำ
24-0161	auth	He let me work here\nbefore I even became a lawyer.	อาจารย์ให้ผมทำงานที่นี่\nก่อนที่ผมจะเป็นทนายความด้วยซ้ำ
24-0162	auth	Shintani-sensei out for the night?	อาจารย์ชินทานิออกไปแล้วเหรอ ครับคืนนี้?
24-0163	auth	Where's Shintani-sensei?	อาจารย์ชินทานิอยู่ไหนครับ?
24-0164	auth	I can't keep track of that boy.	ผมตามเด็กคนนั้นไม่ทันจริง ๆ
24-0165	auth	Haven't seen him in a bit.	ไม่เห็นเขาอยู่พักหนึ่งแล้วนะ
24-0166	auth	I'm sure you're happy, though.\nYou don't have to deal with him.	แต่ผมว่าคุณคงดีใจอยู่นะ\nที่ไม่ต้องเจอกับเขา
24-0167	auth	Works out for you though, right?\nYou dodged him.	ก็ดีสำหรับคุณแล้วนี่ ใช่ไหม\nรอดตัวไปเลย
24-0168	auth	You two can't stand each other.	สองคนนั้นทนกันไม่ได้เลยนะ
24-0169	auth	Don't you hate each other's guts?	เกลียดขี้หน้ากันสุด ๆ เลยไม่ใช่เหรอ?
24-0170	auth	You hate each other's guts.\nBe honest with me here.	เกลียดขี้หน้ากันชะมัด\nพูดตรง ๆ กับผมมาเถอะน่า
24-0171	auth	Both of you think the other's an idiot.	ทั้งคู่คิดว่าอีกฝ่ายมันโง่ทั้ง นั้นแหละ
24-0172	auth	Hold on now.\nShintani's like a mentor to me.	เดี๋ยวก่อนนะครับ\nชินทานิเหมือนอาจารย์ของผมเลยนะ
24-0173	auth	C'mon, I respect the guy like a mentor.	ไม่เอาน่า ผมนับถือเขาเหมือนอาจารย์เลยนะ
24-0174	auth	So... About that job you have.	งั้น...เรื่องตำแหน่งที่อาจารย์ทำอยู่น่ะครับ
24-0175	auth	I don't think he's an idiot.	ผมไม่คิดว่าเขาโง่หรอกนะ
24-0176	auth	If you really want that job,\nyou're gonna have to get along.	ถ้าอยากได้ตำแหน่งนั้นจริง ๆ\nคุณต้องเข้ากับเขาให้ได้ก่อนนะ
24-0177	auth	You ever want my job,\nyou need to get along with him.	ถ้าอยากได้ตำแหน่งของผมสักวัน\nคุณต้องเข้ากับเขาให้ได้
24-0178	auth	So show your senpai\na little more respect.	งั้นก็ให้เกียรติรุ่นพี่\nของคุณสักหน่อยสิ
24-0179	auth	Show some respect to your sensei.	ให้ความเคารพอาจารย์ของคุณหน่อยสิ
24-0180	auth	Oh, Genda-sensei.	อ้าว อาจารย์เก็นดะ
24-0181	auth	Whoa, Genda-sensei.	โห อาจารย์เก็นดะ
24-0182	auth	I got you some dorayaki.	ผมเอาโดรายากิมาฝากด้วยนะครับ
24-0183	auth	How does dorayaki sound?	โดรายากิเป็นไงครับ?
24-0184	auth	Just sit right there.\nI'll grab you one.	นั่งตรงนั้นก่อนนะครับ\nเดี๋ยวผมหยิบให้
24-0185	auth	I think you'll really\nlike 'em, they're...	ผมว่าอาจารย์ต้องชอบแน่ ๆ\nมันคือ...
24-0186	auth	Saori?	ซาโอริ?
24-0187	auth	Really?	จริงเหรอ?
24-0188	auth	Did you... eat them all?	คุณ...กินหมดเลยเหรอ?
24-0189	auth	Are they all... gone?	หมดไปแล้ว...เหรอเนี่ย?
24-0190	auth	All but half.\nHope you don't mind.	เหลืออยู่ครึ่งเดียวค่ะ\nหวังว่าคงไม่ว่ากันนะคะ
24-0191	auth	There's a... half left.	เหลืออยู่...ครึ่งหนึ่งค่ะ
24-0192	auth	What the–\nWhy is she here?	อะไรเนี่ย...\nทำไมเธอถึงมาอยู่ตรงนี้?
24-0193	auth	Huh? Why're you here?	หา? มาทำอะไรตรงนี้เนี่ย?
24-0194	auth	How 'bout you ask\nher yourself, Romeo.	ไปถามเธอเองสิ\nไอ้หนุ่มโรมิโอ
24-0195	auth	How's about some manners, Tak?	มีมารยาทหน่อยสิ ทาคุ
24-0196	auth	Good to see you, Yagami-kun.	ดีใจที่ได้เจอนะ ยากามิคุง
24-0197	auth	And how are you, Yagami-kun?	แล้วคุณเป็นไงบ้าง ยากามิคุง?
24-0198	auth	Don't worry.\nIt's not what you think.	ไม่ต้องห่วงหรอก\nมันไม่ใช่แบบที่คุณคิดหรอกนะ
24-0199	auth	Just so you know...	แค่อยากให้รู้ไว้ว่า...
24-0200	auth	And before you ask,\nshe's not here to win your heart again.	แล้วก่อนที่คุณจะถาม\nเธอไม่ได้มาแย่งใจคุณกลับคืนหรอกนะ
24-0201	auth	...She's not here to win\nyou back or anything.	...เธอไม่ได้มาง้อขอคุณคืน\nหรืออะไรทำนองนั้นหรอก
24-0202	auth	Win my heart again?	แย่งใจผมกลับเหรอ?
24-0203	auth	Win me back?	ง้อขอผมคืนเหรอ?
24-0204	auth	Hold on a minute. Let's make\none thing clear. We never dated.	เดี๋ยวก่อนนะ ขอพูดให้ชัด ๆ\nไว้อย่างหนึ่งก่อน เราไม่เคยคบกันนะ
24-0205	auth	It's not like we ever\nreally started dating...	มันก็ไม่ใช่ว่าเราเคยคบกัน\nจริง ๆ จัง ๆ สักหน่อย...
24-0206	auth	Guess I misspoke.	งั้นก็คงพูดผิดไปแล้วสินะ
24-0207	auth	My humble apologies...	ขออภัยเป็นอย่างสูง...
24-0208	auth	Don't sue.	อย่าฟ้องนะ
24-0209	auth	M'lady Prosecutor. 	ท่านอัยการสาวของเรา
24-0210	auth	Mafuyu.	มาฟุยุ
24-0211	auth	Mafuyu!　	มาฟุยุ!
24-0212	auth	Not so fast. Who are you?	เดี๋ยวก่อนสิครับ คุณเป็นใครเหรอ?
24-0213	auth	Who the hell are you?	คุณเป็นใครกันแน่?
24-0214	auth	Huh? Chief Prosecutor?	หา? หัวหน้าอัยการเหรอครับ?
24-0215	auth	Hm? Chief Prosecutor?	หืม? หัวหน้าอัยการเหรอ?
24-0216	auth	And Yagami-kun?\nWhat are you doing?	แล้วยากามิคุงล่ะ?\nทำอะไรอยู่เนี่ย?
24-0217	auth	Yagami-kun? What are you doing?	ยากามิคุง? ทำอะไรอยู่เนี่ย?
24-0218	auth	Well I was planning\nto walk you home.	ก็...ผมกะว่าจะ\nไปส่งคุณกลับบ้านน่ะ
24-0219	auth	I thought I might walk you back...	ผมแค่คิดว่าจะไปส่งคุณกลับ...
24-0220	auth	Really?\nThat's so sweet.	จริงเหรอ?\nหวานซะไม่มี
24-0221	auth	Oh. Is that all?	อ๋อ แค่นั้นเองเหรอ?
24-0222	auth	Well then.\nI apologize for my forcefulness. 	งั้นก็...\nขอโทษที่ทำตัวเซ้าซี้ไปหน่อยนะครับ
24-0223	auth	I see. So you're Yagami.	อ้อ อย่างนี้นี่เอง งั้นคุณคือยากามิสินะ
24-0224	auth	Sure.	ใช่
24-0225	auth	Yeah.	ใช่
24-0226	auth	This is Chief Prosecutor Morita.	นี่คือท่านหัวหน้าอัยการโมริตะ
24-0227	auth	And, um...	แล้วก็ เอ่อ...
24-0228	auth	Oh and...	อ้อ แล้วก็...
24-0229	auth	You already know\nProsecutor Izumida.	คุณรู้จักอัยการอิซุมิดะ\nอยู่แล้วนี่นา
24-0230	auth	You already know Prosecutor Izumida.	คุณรู้จักอัยการอิซุมิดะอยู่แล้ว
24-0231	auth	Long time no see, Yagami-sensei.	ไม่เจอกันนานเลยนะ อาจารย์ยากามิ
24-0232	auth	It's been quite a while, Yagami-sensei.	ไม่ได้เจอกันนานจริง ๆ นะ อาจารย์ยากามิ
24-0233	auth	Courtroom just hasn't been the same without\nyou around. Damn near breaks my heart. 	ห้องพิจารณาคดีมันไม่เหมือนเดิมเลย\nตั้งแต่คุณหายหน้าไป แทบใจสลายเลยนะ
24-0234	auth	The courtroom's felt a little emptier\nsince you stopped showing up.　	ห้องพิจารณาคดีดูว่างเปล่าไปหน่อย\nตั้งแต่คุณเลิกโผล่มา
24-0235	auth	Here, right this way.	เชิญทางนี้เลยค่ะ
24-0236	auth	Right this way.	เชิญทางนี้เลยค่ะ
24-0237	auth	The Matsugane are an\noffshoot of the Tojo Clan.	ตระกูลมัตสึกาเนะเป็น\nสาขาย่อยของตระกูลโทโจ
24-0238	auth	The Tojo Clan's Matsugane Family...	ตระกูลมัตสึกาเนะของตระกูลโทโจ...
24-0239	auth	Not the biggest yakuza\nfamily on the block.	ไม่ใช่ตระกูลยากูซ่า\nที่ใหญ่ที่สุดในย่านนี้หรอก
24-0240	auth	Not exactly the biggest family on the block.	ไม่ใช่ตระกูลที่ใหญ่ที่สุดใน ย่านนี้ซะทีเดียว
24-0241	auth	They're a small branch\nthat's low on the tree.	เป็นแค่สาขาเล็ก ๆ\nที่อยู่ล่างสุดของตระกูล
24-0242	auth	They're bottom rung.\nA "branch" family to those in the know.	อยู่ล่างสุดของสายตระกูล\nเป็น "ตระกูลสาขา" สำหรับคนที่รู้เรื่องจริง ๆ
24-0243	auth	But the family's patriarch,\nMitsugu Matsugane, is like a father to me.	แต่โอยาบุนของตระกูล\nมิตสึกุ มัตสึกาเนะ เป็นเหมือนพ่อของผม
24-0244	auth	But to me and Kaito-san,\ntheir patriarch, Mitsugu Matsugane...	แต่สำหรับผมกับไคโตะซัง\nโอยาบุนของพวกเขา มิตสึกุ มัตสึกาเนะ...
24-0245	auth	And Kaito-san.	แล้วก็ไคโตะซัง
24-0246	auth	...is like a father.	...เป็นเหมือนพ่อ
24-0247	auth	Excuse me. \nYagami-san is here to pay you a visit.	ขออนุญาตครับ\nยากามิซังมาเยี่ยมท่านครับ
24-0248	auth	Boss.\nYagami-san is here to see you.	ท่านครับ\nยากามิซังมาพบท่านครับ
24-0249	auth	Oh, so good to see\nyou again, my boy.	โอ้ ดีใจจริง ๆ ที่ได้เจอ\nคุณอีกครั้งนะ ไอ้หนุ่ม
24-0250	auth	Oh, it's been a while, my boy.	โอ้ ไม่เจอกันนานเลยนะ ไอ้หนุ่ม
24-0251	auth	Now then, feels like ages\nsince you last stopped by.	เอาล่ะ รู้สึกเหมือนผ่านไปนานมาก\nตั้งแต่คุณแวะมาครั้งล่าสุด
24-0252	auth	Why don't you ever stop by anymore?	ทำไมไม่ค่อยแวะมาหาผมเลยล่ะ?
24-0253	auth	I know.\nI wonder why that is, huh?	ก็นั่นสิครับ\nสงสัยเหมือนกันว่าทำไมนะ?
24-0254	auth	You wanna know why that is?	อยากรู้ไหมครับว่าทำไม?
24-0255	auth	Could it be that you're the\nonly one who's glad to see me?	หรือว่าเป็นเพราะท่าน\nคือคนเดียวที่ดีใจที่ได้เจอผมกันแน่?
24-0256	auth	Because you're the only one\nhere who's glad to see me.	เพราะท่านเป็นคนเดียว\nที่นี่ที่ดีใจได้เจอผมไง
24-0257	auth	Well, you have a point there.	ก็จริงของคุณอยู่นะ
24-0258	auth	Guess you have a point.	ก็คงจริงอย่างที่ว่า
24-0259	auth	How's Kaito these days?\nStaying out of trouble?	ช่วงนี้ไคโตะเป็นยังไงบ้าง\nไม่หาเรื่องใช่ไหม?
24-0260	auth	How's Kaito? Still doing well?	ไคโตะเป็นยังไงบ้าง ยังสบายดีอยู่ไหม?
24-0261	auth	He's okay. 	เขาก็สบายดีครับ
24-0262	auth	He's fine.	เขาสบายดีครับ
24-0263	auth	If not for that incident,\nhe'd still be part of the family, you know.	ถ้าไม่ใช่เพราะเหตุการณ์นั้น\nเขาก็คงยังอยู่กับตระกูลนี้อยู่นะ
24-0264	auth	If it hadn't been for that mess,\nhe'd still be one of us, you know.	ถ้าไม่ใช่เพราะเรื่องยุ่งเหยิงนั้น\nเขาก็คงยังเป็นพวกเราอยู่นะ
24-0265	auth	Hard to believe it's\nalready been a year.	ไม่อยากเชื่อเลยว่า\nผ่านมาเป็นปีแล้ว
24-0266	auth	Has a whole year really gone by?	ผ่านมาเป็นปีเต็ม ๆ แล้วจริง ๆ เหรอเนี่ย?
24-0267	auth	Bah, the both of you were more\nor less the sons I never had.	ช่างเถอะ พวกคุณทั้งสองคน\nก็เหมือนลูกชายที่ผมไม่เคยมีนั่นแหละ
24-0268	auth	The both of you were like\nsons to me, you know.	พวกคุณทั้งคู่เหมือนลูกชาย\nของผมเลยนะ รู้ไหม
24-0269	auth	The past is what it is. 	อดีตก็คืออดีต
24-0270	auth	What's done is done.	อะไรที่ทำไปแล้วก็แล้วไป
24-0271	auth	True.	จริงด้วย
24-0272	auth	True...	จริงด้วย...
24-0273	auth	But I'm glad to hear\nhe's doing well... under your watch.	แต่ผมก็ดีใจนะที่ได้ยิน\nว่าเขาสบายดี...ภายใต้การดูแลของคุณ
24-0274	auth	But if he's doing well with you...\nI'm happy.	แต่ถ้าเขาสบายดีเมื่ออยู่กับคุณ...\nผมก็มีความสุขแล้ว
24-0275	auth	I'm sure Kaito-san will\nalways... feel like my aniki.	ผมมั่นใจว่าไคโตะซัง\nจะยังคงเป็นอานิกิของผมตลอดไป
24-0276	auth	It still feels like Kaito-san is my aniki.	ไคโตะซังก็ยังคงเป็นอานิกิของผม อยู่เสมอ
24-0277	auth	If not for you, I would have taken another direction\nin life. I'd be a very different person I think.	ถ้าไม่มีท่าน ผมคงเลือกเดินไปอีกทาง\nในชีวิต คงเป็นคนละคนกับตอนนี้เลยครับ
24-0278	auth	If I hadn't met you two twenty years ago,\nI'd be a very different person now.	ถ้าผมไม่ได้เจอทั้งสองคนเมื่อ ยี่สิบปีก่อน\nตอนนี้ผมคงเป็นคนละคนไปแล้ว
24-0279	auth	You'd have turned out\njust fine, my boy.	คุณก็คงเติบโตมาดี\nอยู่แล้วแหละ ไอ้หนุ่ม
24-0280	auth	Except you're still a good kid at heart!	แต่ลึกๆ แล้วนายก็ยังเป็นเด็กดี เหมือนเดิมนั่นแหละ!
24-0281	auth	Excuse me.	ขอโทษนะ
24-0282	auth	Tea.	ชาครับ
24-0283	auth	Here you go.	นี่จ้ะ รับไปเลย
24-0284	auth	So then...	งั้นก็เลย...
24-0285	auth	So?	แล้วไง?
24-0286	auth	What would drag you back to an office\nwhere you're not exactly welcome?	อะไรจะทำให้นายยอมกลับมาที่ออฟฟิศ\nที่นายไม่ค่อยเป็นที่ต้อนรับนักล่ะ?
24-0287	auth	What drags you into an office\nwhere you're unwelcome?	อะไรทำให้นายมาที่ออฟฟิศ\nที่นายไม่เป็นที่ต้อนรับล่ะ?
24-0288	auth	Hamura is giving me some grief.	ฮามุระสร้างปัญหาให้ผมอยู่ครับ
24-0289	auth	It's about Captain Hamura.　	เรื่องของกัปตันฮามุระน่ะครับ
24-0290	auth	Is he now?	งั้นเหรอ?
24-0291	auth	Oh, that?	อ๋อ เรื่องนั้นเหรอ?
24-0292	auth	I was under the assumption\nGenda is handling the issue.	ผมนึกว่า\nเก็นดะกำลังจัดการเรื่องนี้อยู่ซะอีก
24-0293	auth	We asked Genda-san to defend him.	เราขอให้เก็นดะซังช่วยแก้ต่าง ให้เขาแล้ว
24-0294	auth	Are you helping him\nout with the case now?	นายกำลังช่วยเขา\nในคดีนี้อยู่ด้วยเหรอ?
24-0295	auth	Are you helping out with that, too?	นายช่วยเรื่องนั้นด้วยเหรอ?
24-0296	auth	Shintani's got me looking\nfor the Kyorei Clan.	ชินทานิให้ผมตามหา\nตระกูลเคียวเรอิอยู่ครับ
24-0297	auth	The Kyorei Clan has a base\nin Kamurocho, right?	ตระกูลเคียวเรอิมีฐานอยู่\nในคามุโรโจใช่ไหมครับ?
24-0298	auth	Just need to find them,\nso I can ask them a few things.	แค่ต้องหาตัวพวกเขาให้เจอ\nจะได้ถามอะไรสักสองสามอย่างครับ
24-0299	auth	I need to find it so I can ask a few things.	ผมต้องหาที่นั่นให้เจอ จะได้ถามอะไรหน่อยครับ
24-0300	auth	Not wise, my boy. You do know\nthey're all up in arms right now.	ไม่ฉลาดเลยนะ ไอ้หนู นายก็รู้ดี\nว่าตอนนี้พวกมันกำลังฮึกเหิมกันสุดขีด
24-0301	auth	You know they're all\nup in arms right now, right?	นายก็รู้อยู่แล้วนี่\nว่าตอนนี้พวกมันกำลังฮึกเหิมกันสุดขีด?
24-0302	auth	Sure you want this?	แน่ใจเหรอว่าจะทำแบบนี้?
24-0303	auth	You sure that's wise?	แน่ใจเหรอว่ามันฉลาด?
24-0304	auth	Don't worry.\nI just want to have a word.	ไม่ต้องห่วงครับ\nผมแค่อยากคุยด้วยสักหน่อย
24-0305	auth	I just want to have a word.	ผมแค่อยากคุยด้วยสักหน่อยครับ
24-0306	auth	Does the name the Kajihira Group\nmean anything to you?	ชื่อกลุ่มคาจิฮิระ\nคุ้นหูนายไหม?
24-0307	auth	Heard of a construction company\ncalled the Kajihira Group?	เคยได้ยินชื่อบริษัทก่อสร้าง\nที่ชื่อกลุ่มคาจิฮิระไหม?
24-0308	auth	No. Can't say that it does.	ไม่เลยครับ ไม่คุ้นหูเท่าไหร่
24-0309	auth	No, not really.	เปล่า ไม่คุ้นเลย
24-0310	auth	They're a Kansai outfit.	เป็นแก๊งจากคันไซน่ะ
24-0311	auth	They're big in Kansai.	พวกมันใหญ่โตในคันไซเลยล่ะ
24-0312	auth	It's... They've got a front in the city.\nThe KJ Art office down on Senryo Avenue. 	คือ... พวกมันมีหน้าฉากอยู่ในเมืองด้วย\nสำนักงาน KJ Art แถวถนนเซ็นเรียว
24-0313	auth	Anyway, they've got an office\ncalled KJ Art on Senryo Avenue.	ยังไงก็เถอะ พวกมันมีสำนักงาน\nชื่อ KJ Art อยู่บนถนนเซ็นเรียว
24-0314	auth	Be careful, though. There's Kyorei crawling on every floor.\nThese are Tojo Clan streets, but that's their turf now.	แต่ระวังตัวไว้ด้วยล่ะ มีพวกเคียวเรอิยั้วเยี้ยอยู่ทุกชั้น\nแถวนี้เป็นถนนของตระกูลโทโจ แต่ตอนนี้กลายเป็นเขตของพวกมันไปแล้ว
24-0315	auth	That whole building is theirs.\nAnd that's where you'll find the Kyorei Clan.	ตึกทั้งตึกเป็นของพวกมัน\nนั่นแหละคือที่ที่นายจะเจอ ตระกูลเคียวเรอิ
24-0316	auth	Senryo Avenue. KJ Art, eh.	ถนนเซ็นเรียว KJ Art สินะ
24-0317	auth	Senryo Avenue, KJ Art, right?	ถนนเซ็นเรียว KJ Art ใช่ไหมครับ?
24-0318	auth	I'll check it out.	ไปดูให้ครับ
24-0319	auth	I know you're busy...	รู้แหละว่านายยุ่งอยู่...
24-0320	auth	Sounds like you're a busy guy.	ท่าทางนายจะยุ่งน่าดูเลยนะ
24-0321	auth	Although, you think I could visit your office\nsome day soon? Keep it on the downlow?	แต่นายว่าสักวันผมจะไปเยี่ยม\nที่ออฟฟิศนายได้ไหม? แบบไม่ให้ใครรู้น่ะ
24-0322	auth	You know, I'd like to visit your office\nsometime. Our secret, of course.	จริงๆ แล้วผมอยากไปเยี่ยม\nออฟฟิศนายสักครั้งนะ เก็บเป็นความลับกันแค่เราสองคน
24-0323	auth	Yeah, of course.	ใช่ แน่นอนอยู่แล้ว
24-0324	auth	Hey, you!	เฮ้ย!
24-0325	auth	Hey, asshole!	เฮ้ย ไอ้สารเลว!
24-0326	auth	I know you, boy!?	กูรู้จักมึงนี่หว่า!?
24-0327	auth	Look who it is!	ดูสิใครมา!
24-0328	auth	Murase?	มุราเสะ?
24-0329	auth	What a coincidence.	บังเอิญจริงๆ ว่ะ
24-0330	auth	What a coincidence!	บังเอิญจริงๆ!
24-0331	auth	Clear your schedule,\n'cause I'm gonna take my time with you.	เคลียร์คิวไว้เลยนะ\nเพราะกูจะเล่นมึงให้เต็มที่
24-0332	auth	I'm gonna take my sweet time with you...	กูจะเอาเวลาเล่นกับมึงให้เต็มอิ่มเลย...
24-0333	auth	Boys!	ลูกน้อง!
24-0334	auth	Get this fucker back to the office!	ลากไอ้เวรนี่กลับไปที่ออฟฟิศซะ!
24-0335	auth	I really don't have time for this.	ผมไม่มีเวลามาเล่นด้วยจริงๆ นะเนี่ย
24-0336	auth	Crap, this wasn't on the agenda...	แย่แล้ว นี่ไม่ได้อยู่ในแผนเลย...
24-0337	auth	Yo, Tak!	เฮ้ย ทาคุ!
24-0338	auth	Tak!	ทาคุ!
24-0339	auth	Kaito-san!	ไคโตะซัง!
24-0340	auth	Kaito-san!?	ไคโตะซังงั้นเหรอ!?
24-0341	auth	Stay the fuck outta this!	อย่ามายุ่งกับเรื่องนี้เว้ย!
24-0342	auth	Where are you...!?	มึงหายไปไหน...!?
24-0343	auth	Wait, what?	เดี๋ยว อะไรนะ?
24-0344	auth	C'mon!	มาเลย!
24-0345	auth	Let's do this!	ลุยกันเลย!
24-0346	auth	That was pretty sweet, man.	เมื่อกี้เจ๋งเป็นบ้าเลยว่ะ
24-0347	auth	That was pretty badass, man!	เมื่อกี้แม่งเท่สุดๆ เลยว่ะ!
24-0348	auth	Hey, you want to try helping out?	เฮ้ อยากลองช่วยไหมล่ะ?
24-0349	auth	You want in, Tak!?	อยากร่วมด้วยไหม ทาคุ!?
24-0350	auth	Sure thing.	ได้เลย ไม่ต้องห่วง
24-0351	auth	Sure do.	อยากสิวะ
24-0352	auth	My turn!	ตาฉัน!
24-0353	auth	You two...	พวกนาย...
24-0354	auth	You two fuckers are going down now!	มึงสองคนซวยแน่ตอนนี้!
24-0355	auth	You're both gonna fuckin' die!	มึงทั้งคู่ตายห่าแน่!
24-0356	auth	This video shows everything\nyou need to see.	วิดีโอนี้แสดงทุกอย่าง\nที่คุณต้องเห็นครับ
24-0357	auth	This camera captured everything of note.	กล้องตัวนี้บันทึกทุกสิ่งที่ สำคัญไว้ครับ
24-0358	auth	My client, Hamura-san, drunkenly attacked\nthis passerby on the night of the murder.	ลูกความของผม คุณฮามุระ เมาแล้วทำร้าย\nคนเดินถนนคนนี้ในคืนที่เกิดเหตุ ฆาตกรรมครับ
24-0359	auth	This is the defendant drunkenly attacking\na passerby on the night of the murder.	นี่คือภาพจำเลยเมาแล้วทำร้าย\nคนเดินถนนในคืนที่เกิดเหตุฆาตกรรม
24-0360	auth	Then, after the altercation, that same passerby\nwatched Hamura-san walk into Sauna Goten.	จากนั้น หลังจากทะเลาะกัน คนเดินถนนคนเดียวกันนี้\nเห็นคุณฮามุระเดินเข้าไปใน ซาวน่าโกเท็นครับ
24-0361	auth	After the altercation, the passerby witnessed\nthe defendant entering the sauna.	หลังจากทะเลาะกัน คนเดินถนนคนนั้น\nเห็นจำเลยเดินเข้าไปในซาวน่า
24-0362	auth	Nobody came out of the building after that\nuntil the trains started in the morning.	ไม่มีใครออกมาจากตึกนั้นอีกเลย\nจนกระทั่งรถไฟเที่ยวแรกเริ่ม วิ่งตอนเช้าครับ
24-0363	auth	No one left the sauna\nafter this until the first train.	ไม่มีใครออกจากซาวน่า\nหลังจากนั้นจนถึงรถไฟเที่ยวแรก
24-0364	auth	Meaning the defendant was accounted\nfor during the hours in question.	หมายความว่าที่อยู่ของจำเลย ได้รับการยืนยัน\nตลอดช่วงเวลาที่เกิดเหตุครับ
24-0365	auth	In other words, the defendant\nwas in there until morning.	พูดง่ายๆ คือจำเลย\nอยู่ในนั้นจนถึงเช้า
24-0366	auth	The defense asserts that this video\nestablishes a clear alibi...\n 	ฝ่ายจำเลยขอยืนยันว่าวิดีโอนี้\nพิสูจน์ให้เห็นพยานที่อยู่อย่างชัดเจน...\n 
24-0367	auth	This establishes a clear alibi\nfor the defendant's whereabouts...	นี่คือหลักฐานที่พิสูจน์พยานที่อยู่\nของจำเลยได้อย่างชัดเจน...
24-0368	auth	...which can only be seen\nas proof of Hamura-san's innocence. 	...ซึ่งเป็นเพียงสิ่งเดียวที่พิสูจน์ได้\nว่าคุณฮามุระบริสุทธิ์ 
24-0369	auth	...And his innocence.	...และพิสูจน์ความบริสุทธิ์ของเขาด้วย
24-0370	auth	To that end,\nI have a question for the prosecution.	ด้วยเหตุนี้\nผมมีคำถามสำหรับฝ่ายอัยการครับ
24-0371	auth	On that note, a query for the prosecution.	ในประเด็นนี้ ผมมีคำถามให้ฝ่ายอัยการครับ
24-0372	auth	Did you have any prior knowledge\nof this video before the trial began?	คุณรู้เรื่องวิดีโอนี้มาก่อน\nที่การพิจารณาคดีจะเริ่มหรือไม่ครับ?
24-0373	auth	Were you unaware of this footage\nbefore proceeding to trial?	คุณไม่เคยรู้เรื่องภาพนี้มาก่อน\nที่จะเข้าสู่การพิจารณาคดีใช่ไหมครับ?
24-0374	auth	I assure you that we reviewed all the relevant footage from\nthe sauna. And yet the defendant was nowhere to be found, council.	ขอยืนยันว่าเราตรวจสอบภาพจาก กล้องวงจรปิดรอบซาวน่า\nทั้งหมดแล้ว แต่ก็ไม่พบจำเลยอยู่ในนั้นเลย ท่านทนายความ
24-0375	auth	The police looked into footage from around\nthe sauna, but never picked up the defendant.　	ตำรวจตรวจสอบภาพจากรอบๆ\nซาวน่าแล้ว แต่ไม่เคยพบจำเลยเลย
24-0376	auth	At least so I was told.	อย่างน้อยก็ตามที่ได้รับรายงานมา
24-0377	auth	That's what I was given.	นั่นคือสิ่งที่ได้รับมา
24-0378	auth	Meaning, you never actually went to examine the site\npersonally then. Would you say that's correct?	หมายความว่าคุณไม่เคยไปตรวจ สถานที่เกิดเหตุ\nด้วยตัวเองเลยใช่ไหมครับ?
24-0379	auth	So the prosecution never\ninspected the sauna personally?	งั้นฝ่ายอัยการไม่เคย\nไปตรวจซาวน่าด้วยตัวเองเลยใช่ไหมครับ?
24-0380	auth	Yes.\nMy associates took care of that.	ใช่\nทีมงานเป็นคนจัดการเรื่องนั้นแทน
24-0381	auth	Correct. I never inspected it.	ถูกต้อง ไม่เคยไปตรวจสอบด้วยตัวเองเลย
24-0382	auth	Nonetheless, the defense's video is far too blurry\nto clearly identify either participant.	ถึงอย่างนั้น วิดีโอของฝ่ายจำเลยก็เบลอเกินไป\nจนไม่สามารถระบุตัวบุคคล ทั้งสองฝ่ายได้ชัดเจน
24-0383	auth	Regardless, the defense's footage\nis far too blurry to be definitive.	อย่างไรก็ตาม ภาพของฝ่ายจำเลย\nเบลอเกินกว่าจะใช้ยืนยันอะไรได้ชัดเจน
24-0384	auth	There's no way to tell whether the man in the footage\nwas the defendant or just a random pedestrian.	ไม่มีทางบอกได้เลยว่าชายในภาพ\nคือจำเลยหรือแค่คนเดินถนนทั่วไป
24-0385	auth	I cannot agree with their assertion\nthat the defendant is clearly visible.	ไม่อาจเห็นด้วยกับข้ออ้างที่ว่า\nจำเลยปรากฏชัดเจนในภาพได้
24-0386	auth	Thank you very much.	ขอบคุณมาก
24-0387	auth	Very well.	ดีมาก
24-0388	auth	In that case, the defense would\nlike to call a witness to the stand.	ถ้าเช่นนั้น ทางฝ่ายจำเลย\nขอเรียกพยานขึ้นให้การครับ
24-0389	auth	In that case,\nthe defense would like to call a witness.	ถ้าเช่นนั้น\nทางฝ่ายจำเลยขอเรียกพยานครับ
24-0390	auth	Seiya-san. Do you claim you're\nthe person in this video?	คุณเซยะ คุณยืนยันไหมครับ\nว่าคุณคือคนในวิดีโอนี้?
24-0391	auth	This is the man who was assaulted in the footage.	นี่คือชายที่ถูกทำร้ายในภาพครับ
24-0392	auth	That someone assaulted you\nthat night. Is that accurate?	ว่ามีคนทำร้ายคุณ\nในคืนนั้น ถูกต้องไหมครับ?
24-0393	auth	That was you in the footage, yes?\nCan you attest to that?	นั่นคือคุณในวิดีโอใช่ไหมครับ?\nคุณยืนยันได้หรือเปล่า?
24-0394	auth	It is.	ใช่แล้ว
24-0395	auth	Now tell us.\nThis person who assaulted you...	ทีนี้บอกเราหน่อยครับ\nคนที่ทำร้ายคุณคนนี้...
24-0396	auth	And the person who assaulted you...	แล้วคนที่ทำร้ายคุณ...
24-0397	auth	Are they here in the courtroom?	อยู่ในห้องพิจารณาคดีนี้หรือเปล่าครับ?
24-0398	auth	...Is here in this courtroom, yes?	...อยู่ในห้องพิจารณาคดีนี้ใช่ไหมครับ?
24-0399	auth	Hm?	หืม?
24-0400	auth	Witness. Is there a problem?	พยาน มีปัญหาอะไรหรือเปล่าครับ?
24-0401	auth	Witness? Everything okay?	พยานครับ? เป็นอะไรหรือเปล่า?
24-0402	auth	I, um...	ฉัน เอ่อ...
24-0403	auth	I must have been mistaken.	ผมคงจำผิดไปครับ
24-0404	auth	I... was mistaken.	ผม...คงจำผิดไปครับ
24-0405	auth	I am the one getting\nhit in the video.	ผมเป็นคน\nที่โดนตีในวิดีโอนั้นจริงครับ
24-0406	auth	That's definitely me getting punched...	นั่นผมโดนต่อยแน่นอน...
24-0407	auth	But as to who the\nother guy was...	แต่ส่วนเรื่องว่าอีกฝ่าย\nเป็นใคร...
24-0408	auth	But as for who did it...	แต่เรื่องว่าใครเป็นคนทำ...
24-0409	auth	I can't say.	ผมบอกไม่ได้ครับ
24-0410	auth	...I couldn't say.	...ผมบอกไม่ได้จริงๆ
24-0411	auth	Excuse me, Your Honor.\nA recess, if you don't mind.	ขออนุญาตครับ ท่านผู้พิพากษา\nขอพักการพิจารณาคดีสักครู่ครับ
24-0412	auth	Your Honor, my apologies.\nI'd like to request a recess.	ท่านผู้พิพากษา ต้องขออภัยครับ\nผมขอร้องขอเวลาพักสักครู่ครับ
24-0413	auth	The night Kume got murdered...	คืนที่คุเมะถูกฆาตกรรม...
24-0414	auth	At the time of Kume's murder...	ในช่วงเวลาที่คุเมะถูกฆ่า...
24-0415	auth	Hamura was holed up\nin Sauna Goten 'til morning.	ฮามุระหลบอยู่\nในซาวน่าโกเท็นจนถึงเช้า
24-0416	auth	...Hamura was at Sauna Goten\nuntil morning.	...ฮามุระอยู่ที่ซาวน่าโกเท็น\nจนถึงเช้า
24-0417	auth	The footage from the security camera,\nHamura's alibi, Seiya's testimony; it all lined up.	ภาพจากกล้องวงจรปิด พยานที่อยู่ของฮามุระ\nกับคำให้การของเซยะ ทุกอย่างตรงกันหมด
24-0418	auth	The security camera footage and Hamura's own\ntestimony lined up perfectly with what Seiya said.	ภาพจากกล้องวงจรปิดกับคำให้การ ของฮามุระเอง\nตรงกับสิ่งที่เซยะพูดพอดิบพอดี
24-0419	auth	With a story that airtight,\nthere's no chance he could've killed Kume.	ด้วยเรื่องราวที่แน่นหนาขนาดนี้\nไม่มีทางที่เขาจะฆ่าคุเมะได้เลย
24-0420	auth	With an airtight alibi, there was no way\nHamura could have killed Kume.	ด้วยพยานที่อยู่ที่ไร้ช่องโหว่ ไม่มีทาง\nที่ฮามุระจะฆ่าคุเมะได้เลย
24-0421	auth	We find... the defendant,\nKyohei Hamura...	ศาลขอตัดสิน... จำเลย\nเคียวเฮย์ ฮามุระ...
24-0422	auth	We hereby find the defendant,\nKyohei Hamura...	ศาลขอตัดสินว่าจำเลย\nเคียวเฮย์ ฮามุระ...
24-0423	auth	...Innocent.	...บริสุทธิ์
24-0424	auth	I will now clarify the reasoning behind\nthis decision. Defendant, please be seated.	ศาลจะขออธิบายเหตุผล\nของคำตัดสินนี้ต่อไป จำเลยกรุณานั่งลง
24-0425	auth	Let's proceed to the court's rationale.\nThe defendant may be seated.	ต่อไปจะเป็นการชี้แจงเหตุผลของศาล\nจำเลยนั่งลงได้
24-0426	auth	The judge was right.	ผู้พิพากษาพูดถูก
24-0427	auth	It was the truth.	มันคือความจริง
24-0428	auth	Hamura definitely didn't kill Kume.	ฮามุระไม่ได้ฆ่าคุเมะแน่นอน
24-0429	auth	Hamura definitely wasn't\nthe one who killed Kume.	ฮามุระไม่ใช่คน\nที่ฆ่าคุเมะแน่นอน
24-0430	auth	But he had to have been involved.	แต่เขาต้องมีเอี่ยวด้วยแน่ๆ
24-0431	auth	But... he had to have been an accomplice.	แต่...เขาต้องเป็นผู้สมรู้ร่วมคิดแน่ๆ
24-0432	auth	Meanwhile, the real killer is still\nout there, hiding in the shadows of Kamurocho.	ในขณะเดียวกัน ฆาตกรตัวจริงยังคง\nซ่อนตัวอยู่ในเงามืดของคามุโรโจ
24-0433	auth	The true culprit vanished into the darkness,\nso I started calling him... the Mole.	ตัวการที่แท้จริงหายลับไปในความมืด\nผมเลยเริ่มเรียกมันว่า... ไส้ศึก
24-0434	auth	Murdering yakuza. Gouging their eyes out.\nRetreating into his den.	ฆ่ายากูซ่า ควักลูกตาทิ้ง\nแล้วหลบกลับเข้ารัง
24-0435	auth	A blind creature using its claws to gouge\nits victim's eyes, only to burrow again.	สัตว์ตาบอดที่ใช้กรงเล็บควัก\nดวงตาเหยื่อ แล้วมุดกลับเข้ารูอีกครั้ง
24-0436	auth	So, I've given him a name.	ผมเลยตั้งชื่อให้มัน
24-0437	auth	And...	แล้ว...
24-0438	auth	The Mole.	ไส้ศึก
24-0439	auth	Somewhere under Kamurocho,\nhe's still out there.	ที่ไหนสักแห่งใต้คามุโรโจ\nมันยังคงอยู่ที่นั่น
24-0440	auth	A lawyer's job is done once he\nproves the defendant innocent.	หน้าที่ของทนายความจบลง\nเมื่อพิสูจน์ได้ว่าจำเลยบริสุทธิ์
24-0441	auth	For a lawyer, the job ends when he's\nproven his client innocent of all crimes.	สำหรับทนายความ งานจะจบลง\nเมื่อพิสูจน์ได้ว่าลูก ความบริสุทธิ์จากทุกข้อหา
24-0442	auth	But me? I'm not a lawyer.\nNot anymore.	แต่ผมน่ะเหรอ? ผมไม่ใช่ทนายความ\nอีกต่อไปแล้ว
24-0443	auth	That said...\nI'm not a lawyer anymore.	ถึงอย่างนั้น...\nผมก็ไม่ใช่ทนายความอีกต่อไป
24-0444	auth	Meaning my search for the truth\nonly ends when I say it does.	หมายความว่าการตามหาความจริงของผม\nจะจบลงก็ต่อเมื่อผมบอกว่ามันจบ
24-0445	auth	It's totally up to me if I decide to pursue\nthis case and bring the truth to light.	มันขึ้นอยู่กับผมล้วนๆ ว่าจะเลือกตาม\nคดีนี้ต่อและเปิดโปงความจริงหรือไม่
24-0446	auth	My office might be small, but that doesn't\nmean I don't have a reputation to uphold.	ออฟฟิศของผมอาจจะเล็ก แต่นั่นไม่ได้แปลว่า\nผมไม่มีชื่อเสียงที่ต้องรักษาไว้
24-0447	auth	In a city this small, in a tiny office like mine...\nI have to work for my reputation.	ในเมืองเล็กๆ แบบนี้ ในออฟฟิศจิ๋วๆ อย่างของผม...\nผมต้องทำงานเพื่อรักษาชื่อเสียง ของตัวเอง
24-0448	auth	Basically...	พูดง่ายๆ ก็คือ...
24-0449	auth	I'll do whatever it takes to\nbring Hamura and the Mole down.	ผมจะทำทุกอย่างเท่าที่ทำได้\nเพื่อล้มฮามุระกับไส้ศึกให้ได้
24-0450	auth	Hamura and the Mole\naren't going to get the best of me.	ฮามุระกับไส้ศึก\nจะไม่มีวันเอาชนะผมได้หรอก
24-0451	auth	Yagami-san.\nNice seeing you.	ยากามิซัง\nไม่ได้เจอกันนานเลยนะ
24-0452	auth	Yagami-san... right?	ยากามิซัง...ใช่ไหม?
24-0453	auth	Gorgeous day.	อากาศดีจังเลยเนอะ
24-0454	auth	You're doing well, huh?	ท่าทางเป็นไปได้สวยเลยนี่
24-0455	auth	How's the detective business\nbeen treating you lately?	ธุรกิจนักสืบช่วงนี้\nเป็นยังไงบ้างล่ะ?
24-0456	auth	How's the Kamurocho detective thing going?	เรื่องนักสืบแถวคามุโรโจไปถึงไหนแล้ว?
24-0457	auth	Yeah, I knew you'd show up here, Hattori.	รู้อยู่แล้วว่าคุณต้องโผล่มาที่นี่ ฮัตโตริ
24-0458	auth	I knew you'd be watching this.	รู้อยู่แล้วว่าคุณต้องจับตาดู เรื่องนี้อยู่
24-0459	auth	Listen. I'm not in the mood\nfor your shit today.	ฟังนะ วันนี้ผมไม่มีอารมณ์\nจะรับมือกับเรื่องไร้สาระของคุณหรอก
24-0460	auth	But I've got nothing to say to you.	แต่ผมไม่มีอะไรจะพูดกับคุณ
24-0461	auth	Ah, but it's my journalistic duty\nto hear what you have to say.	อ้าว แต่มันเป็นหน้าที่นักข่าวของกู\nที่ต้องรับฟังสิ่งที่มึงจะพูดนี่นา
24-0462	auth	I'm just a journalist hoping you\nmight have a comment for me.	กูก็แค่นักข่าวที่หวังว่ามึง\nจะให้ความเห็นอะไรกับกูบ้าง
24-0463	auth	It's not personal,\njust trying to do my job, okay?	ไม่ใช่เรื่องส่วนตัวหรอกนะ\nแค่ทำหน้าที่ของกูเฉยๆ เข้าใจไหม?
24-0464	auth	It's not like I have a grudge\nagainst you personally.	ไม่ใช่ว่ากูมีเรื่องแค้นเคือง\nกับมึงเป็นการส่วนตัวหรอกนะ
24-0465	auth	Well I've already seen what your\nso-called "job" produces.	ผมเห็นแล้วล่ะว่า "หน้าที่"\nของคุณผลิตอะไรออกมาบ้าง
24-0466	auth	"The Fraud Who Let a Murderer Run Free"	"ทนายจอมปลอมปล่อยฆาตกรลอยนวล"
24-0467	auth	"Fraudulent lawyer lets a murderer walk.\nHelpless girl suffers the consequences."	"ทนายจอมปลอมปล่อยฆาตกรลอยนวล\nเด็กสาวไร้ทางสู้ต้องรับกรรมแทน"
24-0468	auth	Your articles don't change no matter\nhow I answer your questions.	บทความของคุณไม่เคยเปลี่ยนเลย\nไม่ว่าผมจะตอบคำถามคุณยังไง
24-0469	auth	You and I both know.	ทั้งกูทั้งมึงต่างก็รู้ดี
24-0470	auth	Don't you forget...	อย่าลืมสิว่า...
24-0471	auth	You're the only reason the girl died. You just had\nto go and set that killer free, didn't you?	มึงคือสาเหตุเดียวที่เด็กคนนั้น ต้องตาย มึงต้อง\nไปปล่อยไอ้ฆาตกรนั่นออกมาจริงๆ ด้วยสิท่า?
24-0472	auth	The family of that girl murdered\nby the killer you set loose...	ครอบครัวของเด็กสาวที่ถูกฆ่า\nโดยฆาตกรที่มึงปล่อยออกมา...
24-0473	auth	And the good people who\nraised her still suffer for it.	และคนดีๆ ที่เลี้ยงดูเธอมา\nก็ยังต้องทุกข์ทรมานเพราะเรื่องนี้
24-0474	auth	They're still suffering to this day.	พวกเขายังทุกข์ทรมานมาจนถึงทุกวันนี้
24-0475	auth	You can't be coming back now. What would her\npoor family have to say to that? Huh, Yagami-san?	มึงกลับมาไม่ได้หรอกตอนนี้ ครอบครัวที่น่าสงสาร\nของเธอจะพูดว่ายังไงล่ะ? ว่าไง ยากามิซัง?
24-0476	auth	Don't tell me you're staging a\ncomeback despite that, Yagami-san.	อย่าบอกนะว่ามึงกำลังจะกลับมา\nทั้งที่เรื่องแบบนั้นเกิดขึ้น ยากามิซัง
24-0477	auth	No need to worry about that.	ไม่ต้องเป็นห่วงเรื่องนั้นหรอก
24-0478	auth	Nobody said anything of the sort.	ไม่มีใครพูดอะไรแบบนั้นสักหน่อย
24-0479	auth	If you say so.	ถ้าคุณว่าอย่างนั้นก็ได้
24-0480	auth	Is that so?	งั้นเหรอ?
24-0481	auth	See you around then.	งั้นก็แล้วเจอกันนะ
24-0482	auth	Have it your way.	ก็ตามใจคุณล่ะกัน
24-0483	auth	Stop right there!	หยุดตรงนั้นนะ!
24-0484	auth	Hey, What's up?	เฮ้ เป็นไงบ้าง?
24-0485	auth	Hello?	ฮัลโหล?
24-0486	auth	What— Get back here!	อะไรวะ— กลับมานี่นะ!
24-0487	auth	Hey, wait!	เฮ้ย เดี๋ยวก่อน!
24-0488	auth	Hold it! Stooop!	หยุดนะ! หยุ๊ดดด!
24-0489	auth	Don't you run!	อย่าวิ่งหนีนะ!
24-0490	auth	Wait, wrong guy!	เดี๋ยวก่อน ผิดคนแล้ว!
24-0491	auth	Wait, me? <font_kind=yakuza_italic>Me</font_kind>?	เดี๋ยวนะ ฉันเหรอ? <font_kind=yakuza_italic>ฉัน</font_kind>เนี่ยนะ?
24-0492	auth	Okay, let's go.	โอเค ไปกันเถอะ
24-0493	auth	You asked for it!	นายเป็นคนขอเองนะ!
24-0494	auth	You're not...\ngetting any thanks for that.	แกไม่ได้...\nจะได้รับคำขอบใจจากเรื่องนั้นหรอกนะ
24-0495	auth	Hope you're not...\nexpecting thanks...	หวังว่าแกคง...\nไม่ได้คาดหวังคำขอบใจอะไรนะ...
24-0496	auth	Here. You earned this back.	นี่ แกสมควรได้คืนไป
24-0497	auth	Here! You've earned it.	นี่! แกควรได้รับมันนะ
24-0498	auth	I <font_kind=yakuza_italic>own</font_kind> it!	นี่มัน<font_kind=yakuza_italic>ของกู</font_kind>เองโว้ย!
24-0499	auth	Look, it wasn't a perfect plan,\nbut it worked out in the end, didn't it?	ฟังนะ มันอาจจะไม่ใช่แผนที่สมบูรณ์แบบ\nแต่สุดท้ายมันก็ได้ผลไม่ใช่เหรอ?
24-0500	auth	This wasn't really the plan,\nbut you ended up helping me out.	จริงๆ แล้วนี่ไม่ใช่แผนที่วางไว้หรอกนะ\nแต่สุดท้ายแกก็ช่วยฉันไว้ได้
24-0501	auth	So thanks!	เพราะงั้นก็ขอบใจนะ!
24-0502	auth	Thank you!	ขอบใจนะ!
24-0503	auth	Is that what you call that?	แกเรียกแบบนั้นว่ายังไงนะ?
24-0504	auth	What plan, exactly?	แผนอะไรกันแน่วะ?
24-0505	auth	And I don't want your thanks, asshole.	แล้วกูก็ไม่อยากได้คำขอบใจจากมึงด้วย ไอ้สารเลว
24-0506	auth	And don't give me that "thank you" crap!	แล้วอย่ามาพูดคำว่า "ขอบใจ" ห่วยๆ นั่นกับกูเลย!
24-0507	auth	Heh... Okay, see ya.	เฮอะ... เอาล่ะ ไปล่ะนะ
24-0508	auth	See ya around.	ไว้เจอกันใหม่
24-0509	auth	And that's the Kamurocho burglary ring...\nNo wonder the cops can't catch 'em.	นั่นแหละคือแก๊งขโมยแห่งคามุโรโจ...\nไม่แปลกใจเลยที่ตำรวจจับพวกมันไม่ได้
24-0510	auth	Was he in that Kamurocho burglary ring?	เขาเป็นส่วนหนึ่งของแก๊งขโมย คามุโรโจงั้นเหรอ?
24-0511	auth	Stand still and fight me like a man!	ยืนนิ่งๆ แล้วสู้กับกูแบบลูกผู้ชายสิ!
24-0512	auth	Stand still and get wrecked!	ยืนนิ่งๆ แล้วรับไปเลย!
24-0513	auth	Come in.	เข้ามาสิ
24-0514	auth	It's open.	เปิดอยู่
24-0515	auth	Hamura...	ฮามุระ...
24-0516	auth	Pretty expensive tastes.\nSorta outta your price range, huh?	รสนิยมแพงเชียวนะ\nเกินตัวมึงไปหน่อยมั้ง?
24-0517	auth	For a broke guy,\nyou sure pick some classy spots.	ทั้งที่หมดตัวแท้ๆ\nมึงยังเลือกที่หรูๆ แบบนี้อยู่ได้เนอะ
24-0518	auth	Why are you even here?	แล้วนายมาทำอะไรที่นี่กันแน่?
24-0519	auth	Why are you here?	นายมาอยู่ที่นี่ทำไม?
24-0520	auth	What's going on?	เกิดอะไรขึ้น?
24-0521	auth	Maybe I should be asking\nyou the same question, yeah?	บางทีกูน่าจะถามมึง\nคำถามเดียวกันนี้กลับไปว่ะ?
24-0522	auth	The question is, why are <font_kind=yakuza_italic>you</font_kind> here? Huh?	คำถามคือ ทำไม<font_kind=yakuza_italic>มึง</font_kind>ถึงมาอยู่ตรงนี้ล่ะ หา?
24-0523	auth	Not that I need to.	ไม่จำเป็นต้องบอกก็ได้
24-0524	auth	Doesn't matter.	ไม่สำคัญหรอก
24-0525	auth	Why are you still looking\ninto the Kyorei murders, Tak?	ทำไมมึงถึงยังตามสืบ\nคดีฆาตกรรมเคียวเรอิอยู่อีก ไอ้ทาคุ?
24-0526	auth	You been sniffing around the Kyorei murders?	มึงยังดมกลิ่นคดีฆาตกรรม เคียวเรอิอยู่เหรอ?
24-0527	auth	Keep your eyes to yourself unless\nyou wanna lose 'em. Are we clear?	เก็บสายตามึงไว้ให้ดี ถ้าไม่อยากเสียมันไป\nเข้าใจตรงกันนะ?
24-0528	auth	This doesn't concern you anymore.\nWhat's your problem?	เรื่องนี้ไม่เกี่ยวกับมึงแล้ว\nมึงมีปัญหาอะไรวะ?
24-0529	auth	You don't get to decide what I do.	ไม่ใช่หน้าที่นายที่จะมาตัดสินใจแทนผม
24-0530	auth	I'll decide when it concerns me.	เรื่องไหนเกี่ยวกับผม ผมเป็นคนตัดสินเอง
24-0531	auth	Don't go digging up dirt.	อย่ามาขุดคุ้ยเรื่องเก่า
24-0532	auth	Don't go digging up dirt on old cases.	อย่ามาขุดคุ้ยคดีเก่าๆ พวกนั้น
24-0533	auth	Shintani went through a lot of\nwork making those charges go away.	ชินทานิลงแรงไปเยอะ\nกว่าจะทำให้ข้อกล่าวหาพวกนั้น หลุดไปได้
24-0534	auth	Shintani-sensei busted his ass\nto get that acquittal.	อาจารย์ชินทานิทุ่มสุดตัว\nกว่าจะได้คำพิพากษาพ้นผิดมา
24-0535	auth	You wanna keep playing detective,\nyou oughta work out more.	อยากเล่นเป็นนักสืบต่อนักหนา\nก็ไปออกกำลังกายเพิ่มซะมึง
24-0536	auth	If you wanna play hard-boiled detective,\nyou should work out more.	อยากเล่นเป็นนักสืบแกร่ง\nก็ไปออกกำลังกายเพิ่มหน่อยมึง
24-0537	auth	Well I...	เอ่อ ผม...
24-0538	auth	Got jumped earlier.	เมื่อกี้โดนรุมมา
24-0539	auth	I got attacked earlier, too.	เมื่อกี้ก็โดนทำร้ายมาเหมือนกัน
24-0540	auth	By four assholes wearing ski masks.	โดนไอ้สี่คนใส่หน้ากากสกีรุม
24-0541	auth	Four guys in ski masks...	สี่คนใส่หน้ากากสกี...
24-0542	auth	Yeah? And why should I care?	แล้วไง กูต้องแคร์ด้วยเหรอ?
24-0543	auth	And? So what?	แล้วไง? ก็แค่นั้นเอง?
24-0544	auth	Well I think...\nMaybe you had something to do with it.	ผมว่า...\nนายอาจมีเอี่ยวกับเรื่องนี้ก็ได้นะ
24-0545	auth	Were they working for you?	พวกนั้นเป็นคนของนายรึเปล่า?
24-0546	auth	I'm pretty sure that's\nthe four of them right there.	ผมค่อนข้างมั่นใจว่า\nสี่คนนั้นแหละคือพวกนี้เลย
24-0547	auth	It was probably the four guys behind you.	คงเป็นสี่คนที่ยืนอยู่ข้างหลัง นายนั่นแหละ
24-0548	auth	I think you must have\nmy boys confused.	กูว่ามึงคง\nจำลูกน้องกูผิดคนน่ะ
24-0549	auth	No idea what you're talking about.	ไม่รู้เรื่องที่มึงพูดเลยว่ะ
24-0550	auth	Right, Kengo?	ใช่มั้ย เค็นโกะ?
24-0551	auth	Right.	ใช่
24-0552	auth	No one likes a fuckin' liar!	ไม่มีใครชอบไอ้ขี้โกหกหรอกนะ!
24-0553	auth	So don't gimme that bullshit!	อย่ามาพูดขี้โม้แบบนี้กับผม!
24-0554	auth	Kanae-chan quit. Packed her bags and\nwent back home. So stop looking for her.	คานาเอะจังลาออกไปแล้ว เก็บของ\nกลับบ้านไปแล้ว เลิกตามหาเขาได้แล้ว
24-0555	auth	Kanae-chan quit, you know.\nShe's gone back home.	คานาเอะจังลาออกไปแล้วนะ\nกลับบ้านไปแล้ว
24-0556	auth	Why?	ทำไมล่ะ?
24-0557	auth	That so...?	งั้นเหรอ...?
24-0558	auth	I'm gonna let you off with\na yellow card this time. 	รอบนี้กูจะปล่อยมึงไปแบบ\nได้ใบเหลืองก็แล้วกัน
24-0559	auth	I'll let you off with a yellow card this time.	รอบนี้กูจะปล่อยมึงไปแบบได้ใบเหลืองนะ
24-0560	auth	But only 'cause the boss\nlikes you so much.	แต่ที่ปล่อยเพราะนายใหญ่\nรักมึงมากเท่านั้นแหละ
24-0561	auth	Only 'cause the boss likes you so much.	ก็แค่เพราะนายใหญ่รักมึงมากน่ะ
24-0562	auth	It's Yagami. You got a sec?	ยากามิเองครับ มีเวลาสักครู่ไหมครับ?
24-0563	auth	It's Yagami.\nYou there, boss?	ยากามิเองครับ\nอยู่รึเปล่าครับท่าน?
24-0564	auth	Sure. Are you okay?	ได้สิ เป็นอะไรรึเปล่า?
24-0565	auth	Hey, you okay?	เฮ้ เป็นอะไรไหม?
24-0566	auth	You don't sound too good.	เสียงไม่ค่อยดีเลยนะ
24-0567	auth	Not feeling well?	ไม่ค่อยสบายรึเปล่า?
24-0568	auth	I could use a hand with\nthe family captain.	ผมอยากขอความช่วยเหลือ\nเรื่องกัปตันของตระกูลหน่อยครับ
24-0569	auth	Just your captain giving me a hard time.	แค่กัปตันของท่านมาป่วนผมน่ะครับ
24-0570	auth	I'd really appreciate it if you\ncould get him off my case.	จะขอบคุณมากเลยครับถ้าท่าน\nช่วยให้เขาเลิกยุ่งกับผมได้
24-0571	auth	I'd appreciate a little assistance with him.	รบกวนขอความช่วยเหลือเรื่องเขา หน่อยครับ
24-0572	auth	I see. Well, I'm just killing time at the office\nright now. Why don't you come on by? We'll talk.	งั้นเหรอ เอาล่ะ ตอนนี้ผมก็นั่งฆ่าเวลาอยู่ที่สำนักงาน\nแวะมาคุยกันหน่อยสิ
24-0573	auth	Ah, well, I'm down at the office.\nI'll wait for you here.	อ้อ ผมอยู่ที่สำนักงานนะ\nจะรอนายอยู่ตรงนี้
24-0574	auth	Sounds good.	ได้เลย
24-0575	auth	I didn't think you'd try to pull that.\nRunning off and telling an adult. 	ไม่คิดเลยว่ามึงจะทำแบบนั้น\nวิ่งไปฟ้องผู้ใหญ่เหมือนเด็กๆ
24-0576	auth	Didn't think you'd do that.\nRun crying to the boss like a baby.	ไม่คิดว่ามึงจะทำแบบนั้น\nวิ่งไปร้องหานายใหญ่เหมือนเด็กทารก
24-0577	auth	Like a fucking child.	เหมือนเด็กแม่งเลยว่ะ
24-0578	auth	That's pretty fucked up.	แม่งโคตรน่าสมเพชเลยว่ะ
24-0579	auth	Oh I just thought that...	อ๋อ ผมแค่คิดว่า...
24-0580	auth	I just thought...	ผมแค่คิดว่า...
24-0581	auth	The guy who actually runs the show would want\nto be able to keep tabs on his captain.	คนที่คุมทุกอย่างจริงๆ ก็คงอยาก\nรู้ความเป็นไปของกัปตันตัวเอง บ้างแหละนะ
24-0582	auth	...I probably oughta let the boss\nknow about this little spat of ours.	...ผมคงต้องแจ้งให้นายใหญ่\nรู้เรื่องปากเสียงเล็กๆ น้อยๆ ของเราสักหน่อย
24-0583	auth	He doesn't need to. So you keep your\ngoddamn nose out of this shit.	ไม่ต้อง เพราะงั้นมึงอย่ามายุ่ง\nเรื่องบ้าๆ นี่เด็ดขาด
24-0584	auth	You shouldn't have.\nAll you've gotta do is keep your head down.	มึงไม่ควรทำแบบนั้น\nแค่ก้มหน้าก้มตาอยู่เฉยๆ ก็พอ
24-0585	auth	Understand?\nOr do I need to spell it out?	เข้าใจมั้ย?\nหรือต้องให้กูสะกดให้ฟังทีละตัว?
24-0586	auth	Or is hearing it from me not good enough?	หรือฟังจากปากกูแล้วยังไม่พอ?
24-0587	auth	Yeah. I'm hearing you\nloud and clear. So...	ครับ ผมได้ยินคุณ\nชัดเจนดี เพราะฉะนั้น...
24-0588	auth	No. I think I'm getting the picture.\nSooo...	เปล่า ผมว่าผมเข้าใจภาพรวมแล้วล่ะ\nเอ่อ...
24-0589	auth	I guess we're done here.	งั้นผมว่าเราคุยกันจบแค่นี้
24-0590	auth	I guess we've got a deal.	งั้นถือว่าเราตกลงกันแล้วนะ
24-0591	auth	We're not done until I say so.	ยังไม่จบจนกว่ากูจะบอกว่าจบ
24-0592	auth	I'm not finished yet!	กูยังพูดไม่จบว่ะ!
24-0593	auth	Words don't really work\non you, do they Tak?	พูดดีๆ กับมึง\nไม่เคยได้ผลเลยสินะ ไอ้ทาคุ
24-0594	auth	It takes more than a lecture\nto get through to you, Tak.	แค่พูดสอน\nไม่พอจะเข้าหัวมึงหรอกนะ ไอ้ทาคุ
24-0595	auth	Well, I guess you always\nhave been a fighter.	เอาเถอะ มึงก็เป็นนักสู้\nมาตั้งแต่ไหนแต่ไรแล้วนี่นา
24-0596	auth	You've been that way\nsince you were a kid.	มึงเป็นแบบนี้\nมาตั้งแต่เด็กแล้วสินะ
24-0597	auth	None of us thought you'd last a day in law school.\nBut you sure showed us. Went to night classes, passed the bar... 	ไม่มีใครคิดว่ามึงจะทนเรียน กฎหมายได้แม้แต่วันเดียว\nแต่มึงก็พิสูจน์ให้เห็น เรียนภาคค่ำจนสอบเนติบัณฑิตผ่าน...
24-0598	auth	No matter how much everyone laughed,\nyou stuck with night classes until you passed the bar.	ไม่ว่าใครจะหัวเราะเยาะแค่ไหน\nมึงก็เกาะติดเรียนภาคค่ำจนสอบ เนติบัณฑิตผ่านจนได้
24-0599	auth	You say you're done, but a guy\nwith balls like you doesn't give up.	ปากบอกเลิกแล้ว แต่ไอ้คนกล้าอย่างมึง\nไม่มีทางยอมแพ้หรอก
24-0600	auth	I bet that even now,\nyou don't wanna give up, right?	กูพนันได้เลยว่าถึงตอนนี้\nมึงก็ยังไม่อยากยอมแพ้ใช่มั้ยล่ะ?
24-0601	auth	You fought for your lawyer's badge,\nbut trash with a badge is still trash. 	มึงสู้จนได้ใบอนุญาตทนายมา\nแต่ขยะติดป้ายก็ยังเป็นขยะวันยันค่ำ
24-0602	auth	Ex-lawyer or not,\nyou grew up like the punk you are.	จะเคยเป็นทนายหรือไม่ก็ช่าง\nมึงก็โตมาเป็นไอ้เด็กเกเรแบบนี้แหละ
24-0603	auth	And it's about time to take you out.	ได้เวลาที่กูจะจัดการมึงซะทีแล้ว
24-0604	auth	Pain's the only way you'll ever learn.	ความเจ็บปวดเท่านั้นแหละที่จะ สอนมึงได้
24-0605	auth	Ozaki.	โอซากิ
24-0606	auth	You should savor\nyour last sight.	ดื่มด่ำกับภาพสุดท้าย\nที่มึงจะได้เห็นซะให้เต็มที่
24-0607	auth	Here's how you lose your eyes.	นี่แหละวิธีที่มึงจะเสียดวงตาไป
24-0608	auth	Let me go!	ปล่อยฉันนะ!
24-0609	auth	...Stop it!	...หยุดเถอะ!
24-0610	auth	Just kidding.	ล้อเล่นน่า
24-0611	auth	Got ya.	หลอกมึงเล่นเฉยๆ ว่ะ
24-0612	auth	Hey, man! What the fuck do you\nthink you're doing?	เฮ้ย! มึงจะทำ\nเหี้ยอะไรของมึงวะ?
24-0613	auth	The fuck are you doing, dumbass!?	มึงจะทำอะไรวะ ไอ้โง่!?
24-0614	auth	Your ass ready to die? Huh?	มึงพร้อมตายรึยังวะ ไอ้เวร?
24-0615	auth	You wanna die now? Huh!?	อยากตายตอนนี้เลยเหรอวะ!?
24-0616	auth	Enough of this...\nYou're dead!	พอกันที...\nมึงตายแน่!
24-0617	auth	I'm done caring. Kill him!	กูไม่แคร์อีกแล้ว ฆ่ามันซะ!
24-0618	auth	This is some bullshit.\nYou already went.	แม่งไร้สาระ\nมึงได้ตีไปแล้วนี่หว่า
24-0619	auth	This is bullshit.\nYou guys had your turn.	นี่มันไร้สาระ\nพวกมึงได้ตาไปแล้วนี่
24-0620	auth	What!?  	อะไรนะ!?
24-0621	auth	It's only fair I take my turn!	ตานี้กูขอบ้างก็ยุติธรรมดีนี่!
24-0622	auth	It's my turn now!	ตอนนี้ตากูแล้ว!
24-0623	auth	Steady now, Kengo.	ใจเย็นๆ ไว้ เค็นโกะ
24-0624	auth	Don't miss now, Kengo.	อย่ายิงพลาดนะ เค็นโกะ
24-0625	auth	Aim for the heart.	เล็งไปที่หัวใจ
24-0626	auth	Yes, sir!	รับทราบ!
24-0627	auth	Okay!	โอเค!
24-0628	auth	If you're gonna shoot me,\nyou better do it yourself.	ถ้าจะยิงผม\nก็ลงมือเองสิ
24-0629	auth	You should pull the trigger yourself.	นายควรจะเหนี่ยวไกเองนะ
24-0630	auth	Wait, how about the eyes?	เดี๋ยวนะ ดวงตาล่ะว่าไง?
24-0631	auth	Actually, go between the eyes.	เอางี้ ยิงตรงกลางตาเลยละกัน
24-0632	auth	One bullet in each.	ยิงข้างละนัด
24-0633	auth	Take 'em both out.	จัดการทั้งคู่เลย
24-0634	auth	Man the fuck up, Kengo!	ทำตัวให้เป็นลูกผู้ชายหน่อยสิวะ เค็นโกะ!
24-0635	auth	Who the hell?	ใครวะเนี่ย?
24-0636	auth	Aren't you!?	นายนี่มัน...!?
24-0637	auth	We gotta go.\nThis way!	เราต้องไปแล้ว\nทางนี้!
24-0638	auth	Let's roll! Follow me!	ไปกันเลย! ตามฉันมา!
24-0639	auth	Get them both!\nLet's go!	จับพวกมันทั้งคู่!\nไปกันเร็ว!
24-0640	auth	Where you going!? Catch them!	จะไปไหนวะ!? ตามจับพวกมันไป!
24-0641	auth	Get back here!	กลับมานี่เดี๋ยวนี้!
24-0642	auth	Out with it.\nJust who are you?	พูดมาตรงๆ\nนายเป็นใครกันแน่?
24-0643	auth	Hey, man...\nWho are you?	เฮ้ นาย...\nเป็นใครกัน?
24-0644	auth	I'd appreciate\na "thank you" first.	ขอคำว่า "ขอบคุณ"\nก่อนสักคำก็ยังดีนะ
24-0645	auth	Aren't you going to\nthank me this time?	รอบนี้จะไม่พูด\nขอบคุณฉันหน่อยเหรอ?
24-0646	auth	Why should I?\nAfter what you did to me this afternoon?	ทำไมผมต้องขอบคุณด้วย\nในเมื่อนายทำแบบนั้นกับผมตอนบ่ายนี่นา?
24-0647	auth	After you stole my phone?	หลังจากที่นายขโมยมือถือผมไปน่ะเหรอ?
24-0648	auth	I gave your phone back,\ndidn't I?	ฉันก็คืนมือถือให้แล้ว\nไม่ใช่เหรอ?
24-0649	auth	But I gave it back.	แต่ฉันก็คืนให้แล้วนี่
24-0650	auth	Then why even take it?\nWhat was the point of it?	แล้วจะขโมยไปทำไมตั้งแต่แรก\nมีประเด็นอะไรกันแน่?
24-0651	auth	Why steal it, then?\nWhy give it back?	แล้วจะขโมยไปทำไม\nแล้วทำไมถึงคืนให้อีก?
24-0652	auth	I was trying to get away from a cop.\nAsshole just wouldn't get off my case.	ฉันแค่พยายามหนีตำรวจอยู่น่ะ\nไอ้เวรนั่นไม่ยอมเลิกตามฉันซะที
24-0653	auth	Those cops chasing me\nweren't giving up.	ตำรวจที่ไล่ตามฉันอยู่\nไม่ยอมเลิกตามซะที
24-0654	auth	But when I saw you on the phone,\nI had the greatest idea.	แต่พอเห็นนายกำลังคุยโทรศัพท์อยู่\nฉันก็คิดไอเดียเจ๋งๆ ขึ้นมาได้
24-0655	auth	Then I saw you on the phone,\nand a plan hit me.	พอเห็นนายคุยโทรศัพท์อยู่\nแผนก็ผุดขึ้นมาในหัวทันที
24-0656	auth	Okay, go on.	โอเค พูดต่อสิ
24-0657	auth	A plan?	แผนอะไร?
24-0658	auth	Well...	เอ่อ...
24-0659	auth	I guess the first step\nwas taking your phone.	ขั้นแรกก็คือ\nขโมยมือถือนายนั่นแหละ
24-0660	auth	First I saw your phone, right?	แรกสุดฉันเห็นมือถือนาย ใช่มั้ยล่ะ?
24-0661	auth	I knew you'd end up\nfollowing me after that.	ฉันรู้ว่านายต้อง\nวิ่งตามฉันมาแน่ๆ หลังจากนั้น
24-0662	auth	I figured you'd chase me\nif I snatched it.	ฉันคิดว่านายต้องไล่ตามฉัน\nถ้าฉันชิงมันไป
24-0663	auth	Then seeing you n' me running in the same\ndirection, the cop would think you were my buddy.	แล้วพอเห็นนายกับฉันวิ่งไปทาง\nเดียวกัน ตำรวจก็ต้องคิดว่านายเป็นพวกฉัน
24-0664	auth	If the cops saw you running the same way\nas me, they'd think you were one of us.	ถ้าตำรวจเห็นนายวิ่งไปทาง\nเดียวกับฉัน พวกเขาก็จะคิดว่านายเป็นพวกเดียวกัน
24-0665	auth	And while he took his sweet time\narresting you, I was gonna escape.	แล้วระหว่างที่เขาเสียเวลา\nจับนาย ฉันก็จะหนีไปได้
24-0666	auth	Then I'd have a clean getaway\nwhile you got arrested.	ฉันก็จะหนีรอดสบายๆ\nส่วนนายก็โดนจับไป
24-0667	auth	I have to say, never thought you'd\nactually get away from him too, though.	ต้องบอกเลยว่าไม่คิดเลยว่านาย\nจะหนีรอดจากเขามาได้เหมือนกัน
24-0668	auth	I didn't think you'd actually\nkeep up with me though...	ไม่คิดเลยว่านายจะตามฉัน\nทันจริงๆ นะเนี่ย...
24-0669	auth	Eh, guess all's well that ends well.\nYeah?	เอาเถอะ จบสวยก็โอเคแล้วมั้ง\nว่ามั้ย?
24-0670	auth	But all's well that ends well, right?	แต่จบสวยก็ถือว่าดีนี่ ใช่มั้ยล่ะ?
24-0671	auth	And just now?\nWhy'd you come save me?	แล้วเมื่อกี้ล่ะ?\nทำไมนายถึงมาช่วยผม?
24-0672	auth	And now?\nWhy'd you just save me?	แล้วตอนนี้ล่ะ?\nทำไมนายถึงมาช่วยผมเมื่อกี้?
24-0673	auth	Good question.	คำถามดีนี่
24-0674	auth	Because...　	เพราะว่า...
24-0675	auth	Why did I do it...?\nEh, beats me.	ทำไมฉันถึงทำแบบนั้นนะ...?\nเอาจริงฉันก็ไม่รู้เหมือนกัน
24-0676	auth	Wait... Why <font_kind=yakuza_italic>did</font_kind> I do it?	เดี๋ยวนะ... ทำไมฉันถึง<font_kind=yakuza_italic>ทำ</font_kind>แบบนั้นกันนะ?
24-0677	auth	Heh. Interesting stuff.	ฮึ น่าสนใจดีนะ
24-0678	auth	You're a weird dude.	นายนี่มันตัวประหลาดจริงๆ
24-0679	auth	Hm. Let's just say I wanted to\napologize for stealing your phone.	อืม เอาเป็นว่าฉันแค่อยาก\nขอโทษที่ขโมยมือถือนายไปก็แล้วกัน
24-0680	auth	Guess I'm making up\nfor stealing your phone.	ก็ถือว่าฉันชดใช้\nที่ขโมยมือถือนายไปแล้วกัน
24-0681	auth	Lucky break, huh? You'd have got your brains\nblown out if it wasn't for me.	โชคดีไปนะ ถ้าไม่มีฉัน\nนายคงโดนยิงสมองกระจายไปแล้ว
24-0682	auth	But I ended up saving your life,\nso you're pretty lucky, huh?	แต่สุดท้ายฉันก็ช่วยชีวิตนายไว้\nนายนี่โชคดีจริงๆ นะเนี่ย
24-0683	auth	You're telling me.	จะบอกให้
24-0684	auth	So it seems.	ดูเหมือนจะเป็นแบบนั้นจริงๆ
24-0685	auth	Guess I owe you.	งั้นผมก็เป็นหนี้นายแล้วสินะ
24-0686	auth	Thanks for the assist.	ขอบคุณที่ช่วยนะ
24-0687	auth	In which case...\nWe're even now.	งั้นก็แปลว่า...\nตอนนี้เราหายกันแล้ว
24-0688	auth	There, we're even now.	เอาล่ะ ตอนนี้เราหายกันแล้วนะ
24-0689	auth	Hey.	นี่
24-0690	auth	Why're you so dead set\non this burglary ring?	ทำไมนายถึงจริงจัง\nกับแก๊งย่องเบานี่ขนาดนี้?
24-0691	auth	Why run around committing theft?	จะวิ่งไล่ขโมยของแบบนี้ไปทำไม?
24-0692	auth	There's gotta be something better.	มันต้องมีอะไรที่ดีกว่านี้สิ
24-0693	auth	You're wasting your youth on that crap.	นายกำลังผลาญวัยหนุ่มไปกับ เรื่องไร้สาระนั่น
24-0694	auth	What?	อะไรนะ?
24-0695	auth	If you're looking for work...\nMaybe you could join us instead.	ถ้านายกำลังหางานอยู่ล่ะก็...\nมาร่วมงานกับเราแทนดีมั้ย?
24-0696	auth	If you're that bored...\nWhy not do some work for me?	ถ้านายเบื่อขนาดนั้น...\nทำไมไม่มาทำงานให้ผมล่ะ?
24-0697	auth	And have the yakuza out\nfor my head? Fat chance.	แล้วให้ยากูซ่าตามล่า\nหัวฉันงั้นเหรอ ไม่มีทาง
24-0698	auth	Work that makes the yakuza\nwant you dead? Yeah right.	งานที่ทำให้ยากูซ่า\nอยากฆ่าฉันงั้นเหรอ ไม่เอาหรอก
24-0699	auth	Those guys from before\nwere Matsugane Family.	พวกคนเมื่อกี้\nเป็นตระกูลมัตสึกาเนะน่ะ
24-0700	auth	Those guys were with the\nTojo Clan's Matsugane Family.	พวกคนเมื่อกี้เป็นคน\nตระกูลมัตสึกาเนะในสังกัดตระกูลโทโจ
24-0701	auth	But, uh...\nThe Kyorei's also looking for me.	แต่เอ่อ...\nตระกูลเคียวเรอิก็ตามหาฉันอยู่ เหมือนกัน
24-0702	auth	I'm butting heads with the\nKyorei Clan too, for that matter.	จริงๆ แล้วฉันก็มีเรื่องกับ\nตระกูลเคียวเรอิด้วยเหมือนกัน
24-0703	auth	You sure know how to sell it.	นายนี่ขายของเก่งจริงๆ นะ
24-0704	auth	You really do know how to sell it.	นายนี่มีฝีมือในการขายของจริงๆ
24-0705	auth	But I don't think we can\ntrust each other just yet.	แต่ผมว่าเรายังไว้ใจกัน\nไม่ได้ขนาดนั้นหรอกนะ
24-0706	auth	I don't think we can trust\neach other quite yet, though.	แต่ผมว่าเรายังไว้ใจกัน\nไม่ได้เต็มร้อยหรอก
24-0707	auth	Yagami-san.	ยากามิซัง
24-0708	auth	...Yagami-san.  	...ยากามิซัง
24-0709	auth	What'd you say?\nHow do you know my name?	ว่าไงนะ?\nนายรู้จักชื่อผมได้ยังไง?
24-0710	auth	Wait...\nHow do you know my name?	เดี๋ยวนะ...\nนายรู้ชื่อผมได้ยังไง?
24-0711	auth	A thief going after yakuza cash.\nCouldn't imagine anyone's that dumb.	โจรที่กล้าไปปล้นเงินยากูซ่า\nนึกไม่ออกเลยว่าจะมีใครโง่ขนาดนั้น
24-0712	auth	A thief robbing a yakuza's safe...	โจรที่กล้าไปปล้นเซฟของยากูซ่า...
24-0713	auth	But they did it.	แต่พวกเขาก็ทำสำเร็จ
24-0714	auth	No one would even dare to think it.	ไม่มีใครกล้าคิดด้วยซ้ำ
24-0715	auth	All under Kaito-san's watch.	เกิดขึ้นตอนที่ไคโตะซังเข้าเวร อยู่พอดี
24-0716	auth	The guy on office duty that day,\nKaito-san, thought the same.	คนที่เข้าเวรสำนักงานวันนั้น\nอย่างไคโตะซัง ก็คิดแบบเดียวกัน
24-0717	auth	The family lost 100 mil that day.	วันนั้นตระกูลสูญเงินไป 100 ล้านเยน
24-0718	auth	100 million yen got stolen from that safe.	เงิน 100 ล้านเยนถูกขโมยไปจากเซฟนั้น
24-0719	auth	But there was nothing Kaito-san\ncould do with a gun shoved in his face.	แต่ไคโตะซังก็ทำอะไรไม่ได้\nเมื่อปืนจ่อหน้าอยู่ขนาดนั้น
24-0720	auth	Not even Kaito-san could stop it\nwith a gun shoved in his face.	ต่อให้เป็นไคโตะซังก็หยุดมันไม่ได้\nเมื่อโดนปืนจ่อหน้า
24-0721	auth	What the hell do you\nthink you're doing!?	นายกำลังจะทำ\nบ้าอะไรกันแน่!?
24-0722	auth	What the hell are you doing!?	นายจะทำบ้าอะไรกันแน่!?
24-0723	auth	Making sure there's some\naccountability around here... Boss.	แค่จะให้มีคนรับผิดชอบ\nเรื่องนี้บ้างน่ะครับ... ท่านประธาน
24-0724	auth	Making sure someone\ntakes responsibility, boss.	แค่อยากให้มีคน\nรับผิดชอบบ้างน่ะครับ ท่าน
24-0725	auth	As if that'll suddenly make things right.\nHow exactly does this get our money back?	เหมือนกับว่าทำแบบนี้แล้ว ทุกอย่างจะโอเคงั้นแหละ\nแล้วมันจะเอาเงินเรากลับคืนมาได้ยังไง?
24-0726	auth	As if a finger makes up for it.\nIs a finger going to bring my money back?	เหมือนนิ้วเดียวจะชดใช้ได้งั้นแหละ\nนิ้วเดียวจะเอาเงินผมกลับคืนมาได้เหรอ?
24-0727	auth	Well, it won't.\nBut it's a start.	มันคืนไม่ได้หรอกครับ\nแต่ก็ถือว่าเป็นจุดเริ่มต้น
24-0728	auth	No, but it's his fault all the same.	ไม่หรอกครับ แต่ยังไงมันก็เป็นความผิดของเขาอยู่ดี
24-0729	auth	It's important to set an example.	มันสำคัญที่จะต้องทำให้เป็นตัวอย่าง
24-0730	auth	We have to set an example here.	เราต้องทำให้เป็นตัวอย่างให้เห็นครับ
24-0731	auth	A hundred mil, huh?	ร้อยล้านเลยเหรอเนี่ย?
24-0732	auth	Sooo...	เอ่อ...
24-0733	auth	Sounds like that's\none expensive finger.	ฟังดูเหมือนนิ้วเดียว\nจะแพงเป็นบ้าเลยนะเนี่ย
24-0734	auth	That finger's worth 100 mil, huh?	นิ้วเดียวมีค่าตั้ง 100 ล้านเลยเหรอเนี่ย
24-0735	auth	Tak. Why are you here?	ทาคุ ทำไมนายถึงมาอยู่ที่นี่ล่ะ?
24-0736	auth	Tak... Why are you here?	ทาคุ... ทำไมนายถึงมาที่นี่?
24-0737	auth	We were outside having a chat.	เราแค่คุยกันอยู่ข้างนอกน่ะ
24-0738	auth	He was already with me.	เขาอยู่กับฉันอยู่แล้วน่ะ
24-0739	auth	The hell do you think you're doin'?	มึงคิดจะทำอะไรของมึงวะ?
24-0740	auth	What do you think you're doing!?	นายจะทำอะไรกันเนี่ย!?
24-0741	auth	That pinky's big money.	นิ้วก้อยนั่นมันเงินก้อนโตเลยนะเนี่ย
24-0742	auth	A finger worth 100 mil?	นิ้วที่มีค่าตั้ง 100 ล้านเหรอ?
24-0743	auth	Thought I'd get a good long\nlook before it was gone forever.	ก็แค่คิดว่าจะดูให้เต็มตา\nก่อนที่มันจะหายไปตลอดกาลน่ะ
24-0744	auth	Thought I'd get a good look\nbefore it's gone.	แค่อยากดูให้ชัดๆ\nก่อนที่มันจะหายไป
24-0745	auth	Shut it!	เงียบไปเลย!
24-0746	auth	Shut up!	หุบปาก!
24-0747	auth	Heh. Pretty pathetic isn't it?	ฮึ น่าสมเพชดีเนอะ?
24-0748	auth	Think this is funny, Tak?	คิดว่ามันตลกเหรอ ไอ้ทาคุ?
24-0749	auth	But Hamura.	แต่ว่าฮามุระ
24-0750	auth	But, Cap...	แต่ว่า กัปตัน...
24-0751	auth	The damage was a hundred million.	ความเสียหายมันตั้งร้อยล้านนะ
24-0752	auth	We're talking about 100 million.	เรากำลังพูดถึงเงิน 100 ล้านเยนนะ
24-0753	auth	You really think one\npinky can cover that?	นายคิดจริงๆ เหรอว่านิ้วก้อย\nนิ้วเดียวจะชดใช้เงินนั้นได้?
24-0754	auth	Does one finger even cover that?	นิ้วเดียวจะชดใช้เงินนั้นได้จริงเหรอ?
24-0755	auth	Heh. There's gonna be a whole\nlot more comin' his way.	ฮึ ยังมีอีกเยอะเลยครับ\nที่กำลังจะตามมาหาเขา
24-0756	auth	We're just getting started, actually.	จริงๆ แล้วเราเพิ่งเริ่มต้นเท่านั้นเองครับ
24-0757	auth	More than this?	มากกว่านี้อีกเหรอ?
24-0758	auth	Oh you are?	อ้อ งั้นเหรอ?
24-0759	auth	Uhh... What more can you do?	เอ่อ... จะทำอะไรได้อีกวะ?
24-0760	auth	Then... there's worse?	งั้น... ยังมีที่แย่กว่านี้อีกเหรอ?
24-0761	auth	There is.	มีสิครับ
24-0762	auth	Kaito-san...	ไคโตะซัง...
24-0763	auth	Kaito is...	ไคโตะน่ะ...
24-0764	auth	You're out... for good.	มึงจะถูกไล่ออก... ตลอดกาล
24-0765	auth	...expelled as of today.	...ถูกขับออกจากตระกูลตั้งแต่วันนี้
24-0766	auth	There's no way.\nKaito-aniki is...	เป็นไปไม่ได้\nพี่ไคโตะ...
24-0767	auth	No way. Kaito-aniki's getting...	ไม่จริงน่ะ พี่ไคโตะกำลังจะโดน...
24-0768	auth	Boss. You're... okay with this?	หัวหน้า... ท่านโอเคกับเรื่องนี้จริงๆ เหรอ?
24-0769	auth	B-Boss... I...	ท-ท่านหัวหน้า... ฉัน...
24-0770	auth	Begging him won't\nget you out of this.	ต่อให้อ้อนวอนไป\nก็ช่วยมึงไม่ได้หรอก
24-0771	auth	Crying isn't going to pay this tab.	ร้องไห้ไปก็ใช้หนี้นี้ไม่ได้หรอก
24-0772	auth	You see, Boss? It's gotta be done.\nYou know it's only fair.	เห็นมั้ยครับท่าน? มันต้องทำแบบนี้\nท่านก็รู้ว่ามันยุติธรรมดีแล้ว
24-0773	auth	You see what we're doing,\nright, boss? This is mandatory.	ท่านก็เห็นแล้วนี่ครับว่าเรา กำลังทำอะไรอยู่\nนี่มันจำเป็นต้องทำครับ
24-0774	auth	You should know...\nI already informed the main family of this.	ท่านควรรู้ไว้ด้วยว่า...\nผมแจ้งเรื่องนี้ให้ตระกูลใหญ่ ทราบไปแล้วครับ
24-0775	auth	It's already gone up to the main family.	เรื่องนี้ถูกรายงานขึ้นไปถึง ตระกูลใหญ่แล้วครับ
24-0776	auth	Did you now?	งั้นเหรอ?
24-0777	auth	You told them?	นายไปบอกพวกเขาแล้วเหรอ?
24-0778	auth	You were awfully efficient about that.	นายรีบร้อนทำเรื่องนั้นเร็ว เหลือเกินนะ
24-0779	auth	You worked pretty fast, huh?	ทำงานเร็วดีเหลือเกินนะ
24-0780	auth	Thank you, sir.	ขอบคุณครับ หัวหน้า
24-0781	auth	Matsugane-san.	มัตสึกาเนะซัง
24-0782	auth	Hmmm... So...	อืม... งั้น...
24-0783	auth	You're really gonna go\nthrough with this?	คุณจะทำเรื่องนี้จริง ๆ\nเหรอ?
24-0784	auth	Kaito-san's really out?	ไคโตะซังโดนไล่ออกจริง ๆ เหรอ?
24-0785	auth	It's done, Tak.\nKaito's out.	จบแล้วนะ ทาคุ\nไคโตะโดนไล่ออกแล้ว
24-0786	auth	Fine, then. He's expelled.	ได้ งั้นก็ไล่เขาออก
24-0787	auth	From this point forward?\nAre you sure about that?	ตั้งแต่วินาทีนี้เลยเหรอ?\nแน่ใจนะ?
24-0788	auth	Right now? This very second?	ตอนนี้เลยเหรอ? วินาทีนี้เลย?
24-0789	auth	I'm certain.	แน่ใจ
24-0790	auth	...Yes.	...ใช่
24-0791	auth	Good news, Kaito-san.\nYou get to keep your pinky.	ข่าวดีนะ ไคโตะซัง\nคุณเก็บนิ้วก้อยไว้ได้
24-0792	auth	Then you get to keep your finger, Kaito-san.	งั้นคุณก็เก็บนิ้วไว้ได้ ไคโตะซัง
24-0793	auth	You don't get to decide that.	คุณไม่มีสิทธิ์ตัดสินใจเรื่องนั้น
24-0794	auth	You don't get a say on that!	คุณไม่มีสิทธิ์พูดเรื่องนี้!
24-0795	auth	Yakuza cut off their fingers to show\naccountability for the things they do.	ยากูซ่าตัดนิ้วตัวเองเพื่อแสดง ความรับผิดชอบ\nต่อสิ่งที่ตัวเองทำ
24-0796	auth	Cutting off fingers is how\nthe yakuza take responsibility, right?	การตัดนิ้วคือวิธีที่ยากูซ่า\nแสดงความรับผิดชอบ ใช่ไหม?
24-0797	auth	A civilian like Kaito-san\nhas no reason to do that.	คนธรรมดาอย่างไคโตะซัง\nไม่มีเหตุผลต้องทำแบบนั้น
24-0798	auth	But Kaito-san's a civilian as of now.	แต่ตอนนี้ไคโตะซังเป็นคนธรรมดาไปแล้ว
24-0799	auth	The fuck do you think you are!?	แกคิดว่าตัวเองเป็นใครวะ!?
24-0800	auth	You don't even belong here!	แกไม่มีสิทธิ์อยู่ตรงนี้ด้วยซ้ำ!
24-0801	auth	With all due respect, your own boss\njust said Kaito's not yakuza anymore... Captain.	ด้วยความเคารพนะครับ หัวหน้าของคุณเอง\nเพิ่งพูดว่าไคโตะไม่ใช่ยากูซ่าแล้ว... กัปตัน
24-0802	auth	Your patriarch just said\nKaito-san's a civilian... Captain.	หัวหน้าตระกูลของคุณเพิ่งพูดว่า\nไคโตะซังเป็นคนธรรมดาแล้ว... กัปตัน
24-0803	auth	Back off.	ถอยไป
24-0804	auth	Tak.	ทาคุ
24-0805	auth	I'll do what I've gotta.	ฉันจะทำในสิ่งที่ต้องทำ
24-0806	auth	You're out of line.	แกทำเกินไปแล้ว
24-0807	auth	This is how it's\ngonna have to be.	มันต้องเป็นแบบนี้\nแหละ
24-0808	auth	This is how a man owns his mistakes.	นี่แหละคือวิธีที่ลูกผู้ชาย รับผิดชอบความผิดพลาดของตัวเอง
24-0809	auth	I'm not afraid.\nI'm yakuza, dammit!	ฉันไม่กลัวหรอก\nฉันเป็นยากูซ่า เว้ย!
24-0810	auth	I've already made up my mind!	ฉันตัดสินใจไปแล้ว!
24-0811	auth	Wait!	เดี๋ยว!
24-0812	auth	Stop!	หยุด!
24-0813	auth	Kaito!	ไคโตะ!
24-0814	auth	You're not Matsugane Family\nor yakuza anymore.	มึงไม่ใช่คนตระกูลมัตสึกาเนะ\nหรือยากูซ่าอีกต่อไปแล้ว
24-0815	auth	You aren't one of our boys anymore.	แกไม่ใช่ลูกน้องของเราอีกต่อไปแล้ว
24-0816	auth	You hear? I don't need your pinky,\nso just... Go.	ได้ยินไหม? กูไม่ต้องการนิ้วก้อยมึง\nงั้นก็... ไปซะ
24-0817	auth	I don't need some civilian's bloody pinkie.	กูไม่ต้องการนิ้วก้อยเปื้อน เลือดของคนธรรมดาหรอก
24-0818	auth	Boss...	บอส...
24-0819	auth	B-Boss...	บ-บอส...
24-0820	auth	Bad move, dumbass.	พลาดแล้วไง ไอ้โง่
24-0821	auth	Who the fuck...?	ใครวะเนี่ย...?
24-0822	auth	Open the fucking safe.	เปิดเซฟซะ ไอ้เวร
24-0823	auth	Open the safe.	เปิดเซฟ
24-0824	auth	Hurry up or I'll kill you.	รีบหน่อย ไม่งั้นกูฆ่ามึงแน่
24-0825	auth	Resist and you die.	ขัดขืนคือตาย
24-0826	auth	Interesting.	น่าสนใจดีนะ
24-0827	auth	Well then, you better make it count.\nOtherwise, it's gonna be my turn.	งั้นก็ทำให้คุ้มไว้ล่ะกัน\nไม่งั้นตากูบ้างนะ
24-0828	auth	You gonna make the first shot count?\nOtherwise you're the dead man.	จะทำให้นัดแรกคุ้มได้ไหมล่ะ?\nไม่งั้นแกตายแน่
24-0829	auth	Apparently, the poor guy was polishing\nhis boss' shoes off in the corner.	ได้ยินว่าไอ้หนุ่มคนนั้นซวยจริง กำลังนั่งขัดรองเท้า\nให้หัวหน้าอยู่มุมห้องพอดี
24-0830	auth	He was down on the floor,\npolishing the boss's shoes.	เขานั่งอยู่กับพื้น\nกำลังขัดรองเท้าให้หัวหน้า
24-0831	auth	By the time he figured out what\nwas going on, he was fucked.	กว่าจะรู้ตัวว่าเกิดอะไรขึ้น\nก็จบเห่ไปแล้ว
24-0832	auth	But by the time he realized what\nwas happening, it was too late.	แต่กว่าเขาจะรู้ตัวว่าเกิดอะไรขึ้น\nก็สายไปแล้ว
24-0833	auth	Okay then. You got me.	เอาล่ะ แกเอาชนะฉันได้
24-0834	auth	Fine. You win.	ก็ได้ คุณชนะ
24-0835	auth	The money's yours.	เงินเป็นของคุณแล้ว
24-0836	auth	I yield.	ฉันยอมแพ้
24-0837	auth	I'll just... Go get it.	งั้นฉัน... ไปหยิบมาให้ก็แล้วกัน
24-0838	auth	Just take the damn money.	เอาเงินไปซะเถอะ
24-0839	auth	Higashi couldn't forget that face if he\ntried. It was seared into his memory.	ต่อให้พยายามแค่ไหน ฮิงาชิก็ลืมหน้านั้นไม่ลง\nมันฝังอยู่ในความทรงจำเขาไปแล้ว
24-0840	auth	Higashi burned that thief's face, build,\nand features into his memory.	ฮิงาชิจดจำใบหน้า รูปร่าง\nและลักษณะของไอ้ขโมยคนนั้นไว้ใน หัวแม่นยำ
24-0841	auth	You could say it all worked out\nfor the best, since no one got killed.	จะว่าไปมันก็จบลงด้วยดี\nเพราะไม่มีใครตาย
24-0842	auth	No one died, so you might say\nit was a best-case scenario.	ไม่มีใครตาย จะว่าไปก็ถือว่า\nเป็นผลลัพธ์ที่ดีที่สุดแล้ว
24-0843	auth	You could also say Higashi abandoned his\naniki and let the thief get away.	หรือจะพูดอีกแบบก็ได้ว่าฮิงาชิ ทิ้งอานิกิ\nตัวเองแล้วปล่อยให้ไอ้ขโมยหนีไป
24-0844	auth	But you could also say he watched a\nthief walk away with 100 mil.	แต่ก็พูดได้เหมือนกันว่าเขาได้แต่มอง\nไอ้ขโมยเดินหนีไปพร้อมเงิน 100 ล้าน
24-0845	auth	And that's one way for\na yakuza to lose a finger.\n\n	และนั่นคืออีกวิธีหนึ่ง\nที่ยากูซ่าต้องเสียนิ้วไป\n\n
24-0846	auth	The yakuza cut fingers off for that.	ยากูซ่าตัดนิ้วเพื่อสิ่งนั้นแหละ
24-0847	auth	Higashi-san!	ฮิงาชิซัง!
24-0848	auth	Yagami's here.\nAnd Kaito's with him!	ยากามิมาแล้ว\nไคโตะก็มาด้วย!
24-0849	auth	Yagami's here. And Kaito too!	ยากามิมาแล้ว แล้วก็ไคโตะด้วย!
24-0850	auth	Wow. Never thought I'd see\nyou roll in here, Kaito-san.	โห ไม่คิดเลยว่าจะได้เห็น\nไคโตะซังมาโผล่ที่นี่
24-0851	auth	What's the meaning of this, Kaito-san?	นี่มันหมายความว่ายังไง ไคโตะซัง?
24-0852	auth	Only seemed fair after what\nyou pulled. Look, we need to talk. 	ก็แค่แฟร์ดีหลังจากสิ่งที่นาย\nทำไว้ ฟังนะ เราต้องคุยกัน 
24-0853	auth	You're the one who busted\ninto our place first.	นายต่างหากที่บุก\nเข้ามาที่นี่ก่อน
24-0854	auth	And about what, exactly?	แล้วเรื่องอะไรกันแน่?
24-0855	auth	I said, what the hell\nare you doing here?	ฉันถามว่าแกมาทำ\nบ้าอะไรที่นี่?
24-0856	auth	Higashi.	ฮิงาชิ
24-0857	auth	Higashi. Did you...	ฮิงาชิ นายทำ...
24-0858	auth	Red Nose.\nDid you kill him last year?	จมูกแดง\nนายฆ่าเขาเมื่อปีที่แล้วใช่ไหม?
24-0859	auth	...Kill Red Nose?	...ฆ่าจมูกแดงเหรอ?
24-0860	auth	Who?	ใครล่ะ?
24-0861	auth	Don't play dumb.\nThe guy who broke into the Matsugane Family Office.	อย่าแกล้งโง่\nไอ้คนที่บุกเข้าไปใน สำนักงานตระกูลมัตสึกาเนะ
24-0862	auth	The thief who broke into the\nMatsugane Family office a year ago.	ไอ้ขโมยที่บุกเข้าไป\nในสำนักงานตระกูลมัตสึกาเนะ เมื่อปีก่อน
24-0863	auth	Look, we already know you\ngot the money back from him.	ฟังนะ เรารู้อยู่แล้วว่านาย\nเอาเงินคืนมาจากเขาได้
24-0864	auth	You're the one who got\nthe money back from him, right?	นายเป็นคนเอาเงิน\nคืนมาจากเขา ใช่ไหม?
24-0865	auth	And not long after...	แล้วไม่นานหลังจากนั้น...
24-0866	auth	But around the same time...	แต่ในช่วงเวลาไล่เลี่ยกัน...
24-0867	auth	Red Nose turned up\ndead in the sewers. 	จมูกแดงถูกพบเป็นศพ\nในท่อระบายน้ำ 
24-0868	auth	...Someone ID'd Red Nose's corpse.	...มีคนยืนยันตัวศพจมูกแดงแล้ว
24-0869	auth	As for the cause...\nIt seems he'd been shot.	ส่วนสาเหตุการตาย...\nดูเหมือนว่าเขาจะถูกยิง
24-0870	auth	He'd been shot,\nand left floating in the sewer.	เขาถูกยิง\nแล้วถูกทิ้งลอยอยู่ในท่อระบายน้ำ
24-0871	auth	Higashi-san!?	ฮิงาชิซัง!?
24-0872	auth	Higashi-san...!	ฮิงาชิซัง...!
24-0873	auth	Motherfucker.\nHow dare you.	ไอ้สารเลว\nกล้าดียังไง
24-0874	auth	Enough. How dare you?	พอกันที กล้าดียังไงกัน?
24-0875	auth	I need you to answer me.\nDid you kill Red Nose or not?	ผมต้องการคำตอบจากนาย\nนายฆ่าจมูกแดงหรือเปล่า?
24-0876	auth	Did you really kill him?	นายฆ่าเขาจริง ๆ เหรอ?
24-0877	auth	Start talkin', Higashi!	พูดมาซะดี ๆ ฮิงาชิ!
24-0878	auth	Answer him, Higashi!	ตอบเขาสิ ฮิงาชิ!
24-0879	auth	I did it for you, man.\nIf I coulda just gotten the money...	ผมทำเพื่อพี่นะ\nถ้าผมเอาเงินคืนมาได้ล่ะก็...
24-0880	auth	Back then...\nI just wanted to help my aniki.	ตอนนั้น...\nผมแค่อยากช่วยอานิกิ
24-0881	auth	Maybe they wouldn't have kicked you\nout of the fuckin' family.	บางทีพวกเขาอาจจะไม่ไล่พี่\nออกจากตระกูลบ้าๆ นั่นก็ได้
24-0882	auth	I thought if I got the money back,\nyou could come back too.	ผมคิดว่าถ้าเอาเงินคืนมาได้\nพี่ก็คงได้กลับเข้าตระกูลอีกครั้ง
24-0883	auth	I was ready...\nTo do whatever I needed to do.	ผมพร้อม...\nที่จะทำทุกอย่างที่ต้องทำ
24-0884	auth	I was ready to do whatever it took.	ผมพร้อมทำทุกอย่างเท่าที่จำเป็น
24-0885	auth	For Kaito, huh?	เพื่อไคโตะเหรอ?
24-0886	auth	And yet...	แต่กระนั้น...
24-0887	auth	If you really mean it,\nthen drop the goddamn gun!	ถ้านายพูดจริง\nก็วางปืนบ้านั่นซะ!
24-0888	auth	Now you're pointing a gun\nat that same guy!?	ตอนนี้นายกลับเอาปืนมาจ่อ\nคนคนเดียวกันนี่แหละเหรอ!?
24-0889	auth	Not a chance!	ไม่มีสิทธิ์!
24-0890	auth	So it's all on the table.\nYou really gonna kill us. Huh, Higashi?	งั้นก็เปิดหมดหน้าตักเลยสินะ\nนายจะฆ่าพวกเราจริง ๆ เหรอ ฮิงาชิ?
24-0891	auth	You're really ready\nto shoot Tak and I?	นายพร้อมจะยิง\nทาคุกับฉันจริง ๆ เหรอ?
24-0892	auth	It's over.	จบแล้ว
24-0893	auth	That gun of yours...	ปืนกระบอกนั้นของนาย...
24-0894	auth	You don't have enough bullets\nin that damn gun. You can't kill us all.	ปืนบ้านั่นมีกระสุนไม่พอหรอก\nนายฆ่าพวกเราทั้งหมดไม่ได้หรอก
24-0895	auth	...Doesn't have enough bullets\nto silence all of us.	...มีกระสุนไม่พอ\nที่จะปิดปากพวกเราทั้งหมดหรอก
24-0896	auth	What the...	อะไรกันเนี่ย...
24-0897	auth	What!?	อะไรนะ!?
24-0898	auth	Son of a...!	ไอ้ลูก...!
24-0899	auth	Bastard!	ไอ้เวร!
24-0900	auth	Damn you, Yagami!	แกนี่มัน ยากามิ!
24-0901	auth	The hell're you doing!?\nTake 'em out!	แกทำบ้าอะไรอยู่!?\nจัดการมันซะ!
24-0902	auth	What are you doing!?\nGet them!	แกทำอะไรอยู่!?\nจับพวกมัน!
24-0903	auth	Thanks for that.\nNow go!	ขอบใจนะ\nรีบไปซะ!
24-0904	auth	Clear out, old timers!	หลีกไปซะ ไอ้พวกแก่!
24-0905	auth	Fuck you!	ไอ้สัตว์!
24-0906	auth	You're fuckin' dead!	แกตายแน่โว้ย!
24-0907	auth	God damn that felt good!\nC'mon!	โคตรมันส์เลยว่ะ!\nลุยกันเลย!
24-0908	auth	Finally my big moment, Tak!	ในที่สุดก็ถึงตาฉันโชว์ฝีมือแล้ว ทาคุ!
24-0909	auth	Yeah...	อื้อ...
24-0910	auth	This is what I pay you for, Kaito-san.	นี่แหละที่ผมจ้างไคโตะซังไว้
24-0911	auth	Time to earn your salary!	ได้เวลาทำงานคุ้มเงินเดือนแล้ว!
24-0912	auth	Fuck yeah!	เอาเลยโว้ย!
24-0913	auth	Hell yeah!	เอาเลย!
24-0914	auth	Who's there?\nCome out!	ใครน่ะ?\nออกมาซะ!
24-0915	auth	Who's there!?\nShow yourself!	ใครอยู่ตรงนั้น!?\nออกมาให้เห็นหน้า!
24-0916	auth	Hamura?\nIs that him...?	ฮามุระ?\nใช่เขาหรือเปล่า...?
24-0917	auth	Captain Hamura...?	กัปตันฮามุระ...?
24-0918	auth	It's Higashi, sir!	ผมฮิงาชิเองครับ!
24-0919	auth	C-Captain...!?	ก-กัปตัน...!?
24-0920	auth	Sorry to barge in\non you like this.	ขอโทษที่บุกมา\nแบบนี้นะ
24-0921	auth	It's me! Higashi!	ผมเองครับ! ฮิงาชิ!
24-0922	auth	Higashi... What in the fuck\nare you doing here? Are you alone?	ฮิงาชิ... แกมาทำ\nบ้าอะไรที่นี่? มาคนเดียวเหรอ?
24-0923	auth	Higashi? Why are you here, fool?\nYou alone?	ฮิงาชิ? ไอ้โง่ มาทำอะไรที่นี่?\nมาคนเดียวเหรอ?
24-0924	auth	I, uh... I don't know if you realize,\nbut that's the guy!	ผม เอ่อ... ไม่รู้ว่าท่านสังเกตหรือเปล่า\nแต่นั่นแหละคือตัวเขา!
24-0925	auth	Um... That homeless guy...	เอ่อ... ไอ้คนไร้บ้านคนนั้น...
24-0926	auth	That's Red Nose! He stole the\n100 mil from our office!	นั่นคือจมูกแดง! คนที่ขโมย\nเงิน 100 ล้านจากสำนักงานเรา!
24-0927	auth	That's "Red Nose," the guy who\nstole the hundred million!	นั่นคือ "จมูกแดง" คนที่\nขโมยเงินร้อยล้านไป!
24-0928	auth	Sorry, Red Nose.\nThis is nothing personal.	ขอโทษนะ จมูกแดง\nนี่ไม่ใช่เรื่องส่วนตัว
24-0929	auth	It's nothing personal.\nBlame this idiot.	ไม่ใช่เรื่องส่วนตัวหรอก\nไปโทษไอ้โง่คนนี้เถอะ
24-0930	auth	Captain...?	กัปตัน...?
24-0931	auth	...Why!?	...ทำไมกัน!?
24-0932	auth	Hey, uh...\nThat really a good idea?	เฮ้ เอ่อ...\nนั่นมันไอเดียที่ดีจริง ๆ เหรอ?
24-0933	auth	Captain, sure that's not a bad call?	กัปตัน แน่ใจเหรอว่านี่ไม่ใช่ การตัดสินใจที่ผิด?
24-0934	auth	Tell me.	บอกมาสิ
24-0935	auth	Talk.	พูดมา
24-0936	auth	How'd you find out\nRed Nose was the thief?	มึงรู้ได้ยังไง\nว่าจมูกแดงคือตัวขโมย?
24-0937	auth	How did you know he was the thief?	มึงรู้ได้ยังไงว่าเขาคือตัวขโมย?
24-0938	auth	I, uh... Well, I...	ผม เอ่อ... ก็คือ ผม...
24-0939	auth	W-Well...	ก-ก็...
24-0940	auth	What was I supposed to do?\nI told him everything.	แล้วจะให้ผมทำยังไงได้ล่ะ?\nผมบอกเขาไปหมดทุกอย่าง
24-0941	auth	I told him the whole story.	ผมเล่าเรื่องทั้งหมดให้เขาฟัง
24-0942	auth	How I was in the office when\nthe thief broke in and stole the money.	ว่าผมอยู่ในสำนักงานตอนที่\nขโมยบุกเข้ามาขโมยเงินไป
24-0943	auth	Told him how I was actually\nthere when he hit the office.	บอกเขาไปว่าผมอยู่ตรงนั้นจริง ๆ\nตอนที่เขาบุกสำนักงาน
24-0944	auth	How I bought police info from Ayabe\nand followed the trail to Red Nose.	ว่าผมซื้อข้อมูลตำรวจจากอายาเบะ\nแล้วตามรอยไปจนเจอจมูกแดง
24-0945	auth	How I bribed Ayabe to get a lead on Red Nose.	ว่าผมติดสินบนอายาเบะเพื่อหา เบาะแสจมูกแดง
24-0946	auth	I kept talking, like my fucking life\ndepended on it. Probably did, to be honest.	ผมพูดไม่หยุดเลย เหมือนชีวิตแขวนอยู่\nกับมัน จริงๆ ก็คงงั้นแหละ
24-0947	auth	It felt like he would shoot me if\nI stopped talking, so I kept jabbering.	รู้สึกเหมือนถ้าผมหยุดพูดเมื่อไหร่\nเขาต้องยิงผมแน่ ผมเลยพูดไม่หยุด
24-0948	auth	Real insightful.	ช่างเฉียบแหลมจริง ๆ
24-0949	auth	I get it.	เข้าใจแล้ว
24-0950	auth	You did all that so you could clear\nyour buddy Kaito's name, huh?	มึงทำทั้งหมดนั้นเพื่อล้างมลทิน\nให้ไคโตะเพื่อนมึงสินะ?
24-0951	auth	So, you were trying to clear Kaito's name?	งั้นมึงพยายามล้างมลทินให้ไคโตะสินะ?
24-0952	auth	Aren't you just the most\nloyal boy in town?	มึงนี่มันเด็กที่ภักดี\nที่สุดในเมืองเลยนะ
24-0953	auth	What a good boy.	เด็กดีจริง ๆ
24-0954	auth	Please... Don't shoot...	ได้โปรด... อย่ายิงเลย...
24-0955	auth	Don't kill me!	อย่าฆ่าผมเลย!
24-0956	auth	Whatever it is you want!\nI'm begging you, Captain!	อะไรก็ได้ที่ท่านต้องการ!\nผมขอร้องล่ะ กัปตัน!
24-0957	auth	Please! Lemme live!	ได้โปรด! ให้ผมมีชีวิตอยู่ต่อเถอะ!
24-0958	auth	But, Captain. Hold on.\nYou sure?	แต่... กัปตัน เดี๋ยวก่อน\nแน่ใจนะครับ?
24-0959	auth	Captain, you're really gonna...?	กัปตัน ท่านจะทำจริง ๆ เหรอ...?
24-0960	auth	Probably right.	คงงั้นแหละ
24-0961	auth	That depends...	ก็แล้วแต่...
24-0962	auth	You wanna stay alive...\nYou show us some loyalty.	มึงอยากมีชีวิตอยู่...\nก็แสดงความภักดีให้กูดูหน่อยสิ
24-0963	auth	If you want to live,\npledge your loyalty to me.	ถ้ามึงอยากมีชีวิตอยู่\nก็สาบานความภักดีต่อกูซะ
24-0964	auth	Prove yourself once and for all.	พิสูจน์ตัวเองซะให้เด็ดขาดไปเลย
24-0965	auth	And I'll need you to prove it.	แล้วกูจะให้มึงพิสูจน์มัน
24-0966	auth	But how? How can I?	แต่ทำยังไงล่ะ? ผมจะทำได้ยังไง?
24-0967	auth	But... How!?	แต่... ยังไงกัน!?
24-0968	auth	Here's how.	แบบนี้ไง
24-0969	auth	Finish it.	จบมันซะ
24-0970	auth	If you hadn't shown up,\nhe might've gotten to live.	ถ้ามึงไม่โผล่มา\nเขาอาจจะยังมีชีวิตอยู่ก็ได้
24-0971	auth	He wouldn't have had to die\nif you didn't show your sorry face.	เขาไม่ต้องตายหรอก\nถ้ามึงไม่โผล่หน้าซวยๆ มา
24-0972	auth	Not only that,\nhe'd be 10 million yen richer.	ไม่ใช่แค่นั้น\nเขาจะรวยขึ้นอีก 10 ล้านเยนด้วย
24-0973	auth	Not only that...\nHe would've walked away 10 million richer.	ไม่ใช่แค่นั้น...\nเขาคงเดินจากไปพร้อมเงินอีก 10 ล้าน
24-0974	auth	Poor guy, right?	น่าสงสารเนอะ?
24-0975	auth	Poor son of a bitch.\nHis blood's on your hands, you know.	น่าสงสารที่สุดเลย\nเลือดของเขาติดมือมึงนะ รู้ไหม
24-0976	auth	You're the one who killed him.	มึงนี่แหละที่ฆ่าเขา
24-0977	auth	No!	ไม่นะ!
24-0978	auth	Nooo!	ไม่นะ!
24-0979	auth	Oh wow.\nYou scream like a fucking whore.	โห\nมึงกรี๊ดเหมือนอีดอกทองเลยว่ะ
24-0980	auth	You scream like a woman, you know.	มึงกรี๊ดเหมือนผู้หญิงเลยนะ รู้ไหม
24-0981	auth	Kind of a turn on to be honest.	จะบอกว่ามันเสียวๆ ดีเหมือนกันนะ
24-0982	auth	Kinda gets me going.	มันทำให้กูอารมณ์ดีขึ้นเลยว่ะ
24-0983	auth	What are you so upset for?	มึงเสียใจไปทำไมกัน?
24-0984	auth	And with that...	และด้วยเหตุนั้น...
24-0985	auth	You're finally a real yakuza now.	ในที่สุดมึงก็เป็นยากูซ่าตัวจริงแล้ว
24-0986	auth	...You're a real yakuza now.	...ตอนนี้มึงเป็นยากูซ่าตัวจริงแล้ว
24-0987	auth	When Tak was younger...	ตอนที่ทาคุยังเด็ก...
24-0988	auth	When Tak was younger...　	ตอนที่ทาคุยังเด็ก...　
24-0989	auth	His parents were both\nstabbed to death.	พ่อแม่ของเขาทั้งคู่\nถูกแทงจนเสียชีวิต
24-0990	auth	His parents were butchered\nwith a kitchen knife.　	พ่อแม่ของเขาถูกฆ่าอย่างโหดเหี้ยม\nด้วยมีดทำครัว　
24-0991	auth	Tak was at a friend's\nhouse when it happened.	ตอนที่มันเกิดขึ้น ทาคุอยู่ที่\nบ้านเพื่อน
24-0992	auth	They worked all the time,\nso he was going through his rebel phase.	พ่อแม่ทำงานตลอดเวลา\nเขาเลยอยู่ในช่วงหัวขบถ
24-0993	auth	He was there to avoid them,\npissed about the hours they were working.	เขาไปอยู่ที่นั่นเพื่อเลี่ยง หน้าพ่อแม่\nหงุดหงิดที่พวกเขาทำงานหนักตลอดเวลา
24-0994	auth	He was crashing at a friend's\nplace when it happened.	ตอนที่มันเกิดขึ้น เขานอนค้าง\nอยู่ที่บ้านเพื่อน
24-0995	auth	But maybe if he'd been home...	แต่บางทีถ้าเขาอยู่บ้าน...
24-0996	auth	If he'd been home...	ถ้าเขาอยู่บ้าน...
24-0997	auth	Maybe he could've done\nsomething. Anything.	บางทีเขาอาจจะทำ\nอะไรได้บ้าง อะไรก็ได้
24-0998	auth	...Maybe he could have stopped the guy.　	...บางทีเขาอาจจะหยุดไอ้คนนั้นได้　
24-0999	auth	Maybe his parents would\nstill be alive.	บางทีพ่อแม่ของเขา\nอาจจะยังมีชีวิตอยู่ก็ได้
24-1000	auth	Maybe they'd still be alive.　	บางทีพวกเขาอาจจะยังมีชีวิตอยู่ก็ได้　
24-1001	auth	So, Higashi.	เอาล่ะ ฮิงาชิ
24-1002	auth	Hey, Higashi...	เฮ้ ฮิงาชิ...
24-1003	auth	Tell me— you have a good reason\nyou aren't doing what I asked?	บอกกูมา— มึงมีเหตุผลดีๆ\nที่ยังไม่ทำตามที่กูสั่งใช่ไหม?
24-1004	auth	There a reason you\nhaven't done as I asked?	มีเหตุผลอะไรไหมที่มึง\nยังไม่ทำตามที่กูสั่ง?
24-1005	auth	No. I don't, boss.	ไม่มีครับ ท่าน
24-1006	auth	No, it's not that I...	ไม่ใช่แบบนั้นครับ ที่จริงผม...
24-1007	auth	You sure could use one with\nTak still hanging around.	มึงน่าจะหาเหตุผลดีๆ ได้แล้วนะ\nในเมื่อทาคุยังโผล่หน้ามา ป้วนเปี้ยนอยู่
24-1008	auth	Then why is Tak\nstill even in play!?	แล้วทำไมทาคุ\nถึงยังไม่ถูกจัดการซะที!?
24-1009	auth	It's time to start doing\nyour damn job!	ได้เวลาที่มึงจะเริ่ม\nทำงานบ้าๆ ของมึงซะที!
24-1010	auth	You're too sloppy\nfor him to take seriously!	มึงมันหละหลวมเกินไป\nจนเขาไม่เอามึงไปคิดจริงจังด้วยซ้ำ!
24-1011	auth	Got a light?	มีไฟแช็กไหม?
24-1012	auth	Yo.	โย่
24-1013	auth	Sir.	ครับท่าน
24-1014	auth	Cap's awfully tense lately.	ช่วงนี้กัปตันเครียดจังเลยว่ะ
24-1015	auth	Is it me, or does the captain...	หรือมันเป็นแค่ฉันคนเดียววะ ที่รู้สึกว่ากัปตัน...
24-1016	auth	Kinda kills the whole room, y'know?	เหมือนทำบรรยากาศทั้งห้องหม่นไปเลยว่ะ รู้ไหม?
24-1017	auth	...Kinda suffocate the office, y'know?	...เหมือนทำให้ทั้งออฟฟิศอึดอัดไป หมดเลยว่ะ รู้ไหม?
24-1018	auth	He's always in such a bad mood.	เขาอารมณ์เสียตลอดเวลาเลยว่ะ
24-1019	auth	Why's he always so damn sour?	ทำไมเขาถึงหน้าบูดตลอดเวลาแบบนั้นวะ?
24-1020	auth	Die!	ไปตายซะ!
24-1021	auth	Dieeeeee!	ตายซะเถอะแกกก!!
24-1022	auth	Ahhh...!	อาาา...!
24-1023	auth	See? Hamura's knows he's a target. And I believe he's\nnot the only one who should be worried about himself.	เห็นไหม? ฮามุระรู้ตัวว่าเป็นเป้าอยู่ แล้วฉันก็เชื่อว่าเขา\nไม่ใช่คนเดียวที่ควรเป็นห่วง ตัวเองหรอกนะ
24-1024	auth	And, from what I hear, the lawyer who\ngot Hamura off the hook is a target too.	แล้วเท่าที่ฉันได้ยินมา ทนายคนที่\nช่วยฮามุระพ้นผิดก็ตกเป็นเป้า เหมือนกัน
24-1025	auth	Do you get the picture?	เข้าใจที่ฉันพูดไหม?
24-1026	auth	That'd be you.	ก็คือนายนั่นแหละ
24-1027	auth	Keep your eyes open.	ระวังตัวไว้ให้ดี
24-1028	auth	You need to tread carefully.	นายต้องเดินเกมให้ระวังหน่อยนะ
24-1029	auth	I'm telling you this as a friend.	ที่ฉันบอกนี่เพราะเป็นห่วงใน ฐานะเพื่อนนะ
24-1030	auth	That's all I came here to say.	ฉันมาบอกแค่นี้แหละ
24-1031	auth	Otherwise...	ไม่งั้นแล้ว...
24-1032	auth	See ya.	แล้วเจอกัน
24-1033	auth	You do you.\nI'm gonna do the right thing.	คุณจะเลือกทางของคุณก็เรื่องของคุณ\nแต่ผมจะทำในสิ่งที่ถูกต้อง
24-1034	auth	I'm gonna go where my\nconscience takes me. 	ผมแค่จะเดินตามทาง\nที่มโนธรรมของผมนำพาไป
24-1035	auth	Don't talk down to me!	อย่ามาพูดจาดูถูกฉันแบบนั้นนะ!
24-1036	auth	What self-righteous bullshit!	ดัดจริตเป็นคนดีซะไม่มีเลยว่ะ!
24-1037	auth	Heh. You might as well\nlet this Mole shit go.	เหอะ อย่าไปยุ่งกับเรื่อง\nไส้ศึกนั่นจะดีกว่านะ
24-1038	auth	You're never gonna find the Mole.	ยังไงแกก็หาตัวไส้ศึกไม่เจอหรอก
24-1039	auth	Think this is some kind of\nyakuza pissing contest, do you?	คุณคิดว่านี่เป็นแค่เรื่อง\nยากูซ่าแย่งศักดิ์ศรีกันงั้นเหรอ?
24-1040	auth	You think this is just some yakuza dispute?	คุณคิดว่านี่เป็นแค่เรื่อง ขัดแย้งในหมู่ยากูซ่าเองเหรอ?
24-1041	auth	Come on! The Mole is way\nbigger than you know!	ไม่เอาน่า! เรื่องไส้ศึกมันใหญ่โต\nกว่าที่คุณรู้เยอะ!
24-1042	auth	The Mole is bigger than any of that shit!	ไส้ศึกมันเรื่องใหญ่กว่าเรื่อง พวกนั้นทั้งหมด!
24-1043	auth	What do you mean?	นายหมายความว่าไง?
24-1044	auth	What's that supposed to mean?	หมายความว่าไงกันเหรอ?
24-1045	auth	You know something.\nI can see it in your eyes.	แกรู้อะไรบางอย่างแน่ๆ\nฉันเห็นได้จากสายตาแก
24-1046	auth	What do you know?\nYou have info that I don't?	แกรู้อะไรมา?\nมีข้อมูลที่ฉันไม่รู้เหรอ?
24-1047	auth	Hamura trusts you.	ฮามุระไว้ใจแกนี่
24-1048	auth	Did Hamura slip up?	หรือฮามุระพลั้งปากไปแล้ว?
24-1049	auth	Now tell me the damn truth!	บอกความจริงมาซะดีๆ เดี๋ยวนี้!
24-1050	auth	Tell me everything you know!	บอกทุกอย่างที่แกรู้มาซะ!
24-1051	auth	What about stopping the Mole?\nYou willing to take responsibility for another murder?	แล้วเรื่องหยุดไส้ศึกล่ะ?\nแกพร้อมรับผิดชอบถ้ามีคนตายอีกไหม?
24-1052	auth	What if the Mole kills again?\nIt'll be on you if he does!	ถ้าไส้ศึกฆ่าอีกล่ะ?\nมันจะเป็นความผิดแกเต็มๆ นะ!
24-1053	auth	Don't talk like I owe you.	อย่าพูดราวกับว่าผมเป็นหนี้คุณสิ
24-1054	auth	Like hell it will.	ไม่มีทางเป็นความผิดผมหรอก
24-1055	auth	Attorney-client privilege.\nNot like you'd remember it.	เอกสิทธิ์ทนายความ-ลูกความ\nคุณคงไม่รู้จักหรอกมั้ง
24-1056	auth	Besides, remember\nattorney-client privilege? 	อีกอย่าง คุณจำ\nเอกสิทธิ์ทนายความ-ลูกความได้ไหมล่ะ?
24-1057	auth	Go back to school.	กลับไปเรียนหนังสือใหม่เถอะ
24-1058	auth	Go back to law school.	กลับไปเรียนกฎหมายใหม่เถอะ
24-1059	auth	Shintani!	ชินทานิ!
24-1060	auth	Well that's no good. I thought you said\nthat you respected that guy, Yagami.	แบบนี้ไม่ดีเลยนะ นึกว่าแกบอกว่า\nแกนับถือไอ้หมอนั่น ยากามิ
24-1061	auth	Didn't you tell me\nyou respect him as a mentor?	แกไม่ได้บอกฉันเหรอ\nว่านับถือเขาเป็นอาจารย์?
24-1062	auth	All right, I've gotta go.	เอาล่ะ ฉันต้องไปแล้ว
24-1063	auth	Well, I better get going.	เอาล่ะ ฉันไปดีกว่า
24-1064	auth	Already? You're a busy boy.	จะไปแล้วเหรอ นายนี่งานยุ่งจริงๆ นะ
24-1065	auth	What, done already?	หา จะกลับแล้วเหรอเนี่ย?
24-1066	auth	Yeah. Kaito-san?	ใช่ ไคโตะซังใช่ไหม?
24-1067	auth	Yeah, I'm good.	ฉันโอเคดี
24-1068	auth	Yagami and Kaito, yes?\nWhat an honor.	ยากามิกับไคโตะสินะ?\nเป็นเกียรติจริงๆ
24-1069	auth	Yagami and Kaito, right?	ยากามิกับไคโตะใช่ไหม?
24-1070	auth	Tokyo Police.\nThe name's Kuroiwa.	ตำรวจโตเกียว\nผมชื่อคุโรอิวะ
24-1071	auth	I'm Kuroiwa from Kamurocho PD.	ผมคุโรอิวะจากสถานีตำรวจคามุโรโจครับ
24-1072	auth	Kuroiwa.	คุโรอิวะ...
24-1073	auth	Kuroiwa?	คุโรอิวะ?
24-1074	auth	The one who almost put\nHamura behind bars.	คนที่เกือบจะจับ\nฮามุระเข้าคุกได้น่ะ
24-1075	auth	I'm the one who put Hamura in cuffs...	ผมเป็นคนที่จับฮามุระใส่กุญแจมือได้...
24-1076	auth	Before you two pulled him\nout of my grasp.	ก่อนที่คุณสองคนจะดึงเขา\nออกไปจากมือผม
24-1077	auth	...And then you got him acquitted.	...แล้วคุณก็ทำให้เขาพ้นผิดไปซะงั้น
24-1078	auth	Heh.	เหอะ
24-1079	auth	Yeeeah.	ใช่ๆ...
24-1080	auth	So what?	แล้วยังไง?
24-1081	auth	I've become a department punchline now.	ผมกลายเป็นตัวตลกประจำกรมไปแล้ว
24-1082	auth	I'm a department punchline\nthanks to you.	ผมกลายเป็นตัวตลกประจำกรม\nก็เพราะคุณนี่แหละ
24-1083	auth	I have you to thank.	ต้องขอบคุณคุณจริงๆ
24-1084	auth	Thanks for that.	ขอบใจนะ
24-1085	auth	You're very welcome.	ไม่เป็นไรครับ ยินดีเสมอ
24-1086	auth	And I see you're here, too. Ayabe.	แล้วก็เจอคุณอยู่ที่นี่ด้วยนี่ อายาเบะ
24-1087	auth	You been snuggling up to Ayabe?	ไปตีสนิทกับอายาเบะเหรอ?
24-1088	auth	Oh, Kuroiwa-san!\nNice night. It's great to see you.	โอ้ คุโรอิวะซัง!\nคืนนี้อากาศดีนะครับ ดีใจที่ได้เจอ
24-1089	auth	O-Oh hey, Kuroiwa-san!\nI didn't see you there!	อ-อ้าว คุโรอิวะซัง!\nไม่เห็นเลยว่าอยู่ตรงนั้น!
24-1090	auth	Yeah. I cut out of work\nto grab a few drinks.	ครับ ผมแอบเลิกงานก่อนเวลา\nมาดื่มนิดหน่อยน่ะ
24-1091	auth	Yeah. I cut out of work to get a drink.	ครับ ผมแอบเลิกงานก่อนมาดื่มน่ะ
24-1092	auth	You doing the same, Ayabe?	คุณก็เหมือนกันเหรอ อายาเบะ?
24-1093	auth	You too, Ayabe?	คุณด้วยเหรอ อายาเบะ?
24-1094	auth	Nahhh. Old me?\nI don't play hooky.	ไม่หรอกครับ ตัวผมเนี่ยนะ\nไม่มีทางโดดงานหรอก
24-1095	auth	Ha, yeah right,\nI'd never skip work.	ฮ่า ใช่สิ\nผมไม่มีวันโดดงานหรอกครับ
24-1096	auth	Well, we should be on our way.	เอาล่ะครับ พวกเราขอตัวก่อนนะ
24-1097	auth	Well, we're on our way out.	เอาล่ะครับ พวกเรากำลังจะไปพอดี
24-1098	auth	Hey. Let me ask before you go...	เดี๋ยวก่อน ขอถามอะไรหน่อยก่อนไป...
24-1099	auth	Hey... Just tell me one thing.	เดี๋ยว... ขอถามอะไรอย่างนึง
24-1100	auth	The Okubo case.\nYou let that murderer get off scot-free.	คดีโอคุโบะ\nคุณปล่อยให้ฆาตกรคนนั้นลอยนวลไปได้
24-1101	auth	Three years ago, you put\na murderer back on the street...	สามปีก่อน คุณปล่อย\nฆาตกรกลับไปอยู่บนถนนอีกครั้ง...
24-1102	auth	After which he burned his\npoor girlfriend to death.	หลังจากนั้นเขาก็เผา\nแฟนสาวผู้น่าสงสารจนตาย
24-1103	auth	And he burned an innocent girl to death.	แล้วเขาก็เผาผู้หญิงบริสุทธิ์จนตาย
24-1104	auth	And yet, here we are with another murderer\nroaming the streets of this city.	แล้วตอนนี้เราก็มีฆาตกรอีกคน\nเดินเพ่นพ่านอยู่ในเมืองนี้
24-1105	auth	And here we are, another killer\nyou've let off the leash.	แล้วตอนนี้ก็มีฆาตกรอีกคน\nที่คุณปล่อยให้เป็นอิสระ
24-1106	auth	I wonder who the next\nvictim will be.	สงสัยจังว่าเหยื่อรายต่อไป\nจะเป็นใคร
24-1107	auth	Who will the next victim be?	เหยื่อรายต่อไปจะเป็นใครกันนะ?
24-1108	auth	You consider that. "Yagami-sensei."	ลองคิดดูให้ดีนะ "อาจารย์ยากามิ"
24-1109	auth	That's my question...\nYagami-sensei.	นั่นแหละคือคำถามของผม...\nอาจารย์ยากามิ
24-1110	auth	There he is.	นั่นไงเขา
24-1111	auth	That's Murase.	นั่นมุราเสะ
24-1112	auth	Right where I expected.	อยู่ตรงที่คาดไว้เป๊ะ
24-1113	auth	I knew he'd be here.	รู้อยู่แล้วว่าเขาต้องอยู่ที่นี่
24-1114	auth	Yeah, not so sure\nit's that simple though.	ใช่ แต่ไม่แน่ใจ\nว่ามันจะง่ายขนาดนั้นนะ
24-1115	auth	Eh, something's off, though.	เอ๊ะ แต่มีอะไรแปลกๆ นะ
24-1116	auth	Take another look.\nMurase's alone.	ลองมองดูอีกที\nมุราเสะอยู่คนเดียว
24-1117	auth	Aren't there fewer mooks than usual?	ลูกน้องดูน้อยกว่าปกติไม่ใช่เหรอ?
24-1118	auth	Your point being?	แล้วจะสื่ออะไร?
24-1119	auth	You think?	จริงเหรอ?
24-1120	auth	Hands up.	ยกมือขึ้น
24-1121	auth	Don't move.	อย่าขยับ
24-1122	auth	Oh shit...	เชี่ย...
24-1123	auth	Uh...	เอ่อ...
24-1124	auth	You know, that Matsugane\nguy died at our hands.	รู้ไหม ไอ้พวกมัตสึกาเนะ\nตายด้วยน้ำมือกูนั่นแหละ
24-1125	auth	We took out a Matsugane Family\nman yesterday.	เมื่อวานกูเพิ่งเก็บ\nคนของตระกูลมัตสึกาเนะไปคนนึง
24-1126	auth	Always knew we'd get some\nTojo Clan boys sent over here.	รู้อยู่แล้วว่าต้องมี\nพวกตระกูลโทโจถูกส่งมาที่นี่
24-1127	auth	So the Tojo Clan should\ncome knocking any time...	ตระกูลโทโจ\nคงมาเคาะประตูเมื่อไหร่ก็ได้...
24-1128	auth	So, you see. We've been expecting\nguests this whole time.	เห็นไหมล่ะ กูรอต้อนรับ\nแขกอยู่ตลอดเวลาเลยนะ
24-1129	auth	In other words,\nwe're on high alert at the moment.	พูดง่ายๆ คือ\nตอนนี้พวกกูเตรียมพร้อมเต็มที่
24-1130	auth	...Yagami-san.	...ยากามิซัง
24-1131	auth	Ideas, Kaito-san?	มีไอเดียบ้างไหม ไคโตะซัง?
24-1132	auth	What now, Kaito-san?	ตอนนี้จะทำไงดี ไคโตะซัง?
24-1133	auth	I, uh...	คือ เอ่อ...
24-1134	auth	Whaddaya mean?	หมายความว่าไง?
24-1135	auth	You're the ideas guy, aren't you?	นายเป็นคนออกไอเดียไม่ใช่เหรอ?
24-1136	auth	You think we've got a choice?	คิดว่าเรามีทางเลือกเหรอ?
24-1137	auth	Dammit.	ให้ตายสิวะ
24-1138	auth	Guess not.	คงงั้นแหละ
24-1139	auth	If you two clowns really were Tojo Clan,\nwe'd have gouged your eyes out by now.	ถ้าพวกมึงสองตัวตลกเป็นตระกูลโทโจจริง\nป่านนี้กูควักลูกตามึงไปแล้ว
24-1140	auth	If you two were Tojo...\nWe'd have gouged your eyes out already.	ถ้าพวกมึงเป็นโทโจจริง...\nป่านนี้กูควักลูกตามึงไปนานแล้ว
24-1141	auth	Get the hell on the ground!	หมอบลงกับพื้นซะ ไอ้พวกเวร!
24-1142	auth	Get on your knees!	คุกเข่าลง!
24-1143	auth	Town's sure noisy, huh? No one'll care about,\nsay... a couple of gunshots up here.	เมืองนี้เสียงดังจะตายอยู่แล้วเนอะ ไม่มีใครสนหรอก\nต่อให้มีเสียงปืนดังสักสองสาม นัดแถวนี้
24-1144	auth	It's a noisy city...\nA gunshot or two'll hardly make a blip.	เมืองนี้มันเสียงดังอยู่แล้ว...\nเสียงปืนสักนัดสองนัดไม่มีใครสนหรอก
24-1145	auth	Whose bright idea was this?	ใครวะเป็นคนคิดไอเดียเจ๋งๆ นี่?
24-1146	auth	Who ordered you here?	ใครสั่งให้แกมาที่นี่?
24-1147	auth	This guy.	คนนี้แหละ
24-1148	auth	Is that really how\nit's gonna be, Kaito-san?	จะเอาแบบนี้จริงๆ เหรอ\nไคโตะซัง?
24-1149	auth	So that's how it's gonna be,\nKaito-san...	งั้นก็เอาแบบนี้สินะ\nไคโตะซัง...
24-1150	auth	And just who are you?	แล้วแกเป็นใครวะ?
24-1151	auth	And you are?	แล้วนายเป็นใคร?
24-1152	auth	Good question, "Kaito-san."\nSatoshi Shioya's the name.	คำถามดีนี่ "ไคโตะซัง"\nกูชื่อซาโตชิ ชิโอยะ
24-1153	auth	Captain of the Kyorei Clan.\nThe name's Shioya.	กัปตันตระกูลเคียวเรอิ\nชื่อชิโอยะ
24-1154	auth	The Kyorei Clan's captain, huh?	กัปตันตระกูลเคียวเรอิเรอะ?
24-1155	auth	So he's second in command...	แปลว่าเขาเป็นมือขวาสินะ...
24-1156	auth	Higashi mentioned him.	ฮิงาชิเคยพูดถึงเขา
24-1157	auth	Hey. Get some cuffs on these fools.	เฮ้ย เอากุญแจมือใส่ไอ้พวกงี่เง่านี่
24-1158	auth	Hey. Gag and cuff 'em.	เฮ้ย ปิดปากแล้วใส่กุญแจมือมันซะ
24-1159	auth	I've got some burning-hot\nquestions to ask 'em.	กูมีคำถามร้อนๆ\nอยากถามพวกมันอยู่
24-1160	auth	Let's all go get comfy in the office.	ไปนั่งคุยกันสบายๆ ที่ออฟฟิศดีกว่า
24-1161	auth	You ready?\nI think we're gonna have a little fun.	พร้อมยัง?\nกูว่าคืนนี้จะสนุกละ
24-1162	auth	You two are in for a long night!	คืนนี้พวกมึงเหนื่อยแน่!
24-1163	auth	You think I'm messin' around!?	คิดว่ากูเล่นๆ อยู่เหรอวะ!?
24-1164	auth	You think we're playing around!?　	คิดว่าพวกกูเล่นๆ กันอยู่เหรอวะ!?
24-1165	auth	Take him out now!	จัดการมันเดี๋ยวนี้!
24-1166	auth	Pull the fuckin' trigger!	เหนี่ยวไกเลยไอ้เหี้ย!
24-1167	auth	Wha!?	หา!?
24-1168	auth	Shoot him!	ยิงมันเลย!
24-1169	auth	Hurry up!	เร็วเข้าสิ!
24-1170	auth	The shit!?	อะไรวะเนี่ย!?
24-1171	auth	The fuck!?	อะไรวะ!?
24-1172	auth	You...!?	มึง...!?
24-1173	auth	Is this really the time?	ตอนนี้เหมาะจะมาคิดเรื่องนี้แล้วเหรอ?
24-1174	auth	You really have time to think about it?	มีเวลามานั่งคิดขนาดนั้นเลยเหรอ?
24-1175	auth	Fair enough.	งั้นก็ยุติธรรมดี
24-1176	auth	Good point.	พูดถูกนะ
24-1177	auth	Come on, let's move!	เร็วเข้า ไปกันเถอะ!
24-1178	auth	Let's roll, Tak!	ไปกันเถอะ ทาคุ!
24-1179	auth	That's enough.\nCome on. Let's roll.	พอแค่นี้แหละ\nไปกันเถอะ
24-1180	auth	That's enough.\nLet's roll, Tak.	พอแค่นี้แหละ\nไปกันเถอะ ทาคุ
24-1181	auth	Yeah. No reason to stay here.	เออ ไม่มีเหตุผลต้องอยู่ที่นี่ต่อ
24-1182	auth	Yeah, let's leave the mess.	เออ ปล่อยเรื่องยุ่งๆ นี่ไว้แล้วไปกันเถอะ
24-1183	auth	We owe you one.\nYou should come with us.	พวกเราติดหนี้บุญคุณนายไว้\nไปกับพวกเราเถอะ
24-1184	auth	You saved our asses.\nCome with us.	นายช่วยพวกเราไว้\nไปด้วยกันเถอะ
24-1185	auth	Coming?	ไปด้วยกันไหม?
24-1186	auth	Sure. May as well.	เอาสิ ไปก็ไปวะ
24-1187	auth	Sure. Why not?	เอาสิ ทำไมจะไม่ไปล่ะ?
24-1188	auth	Wait— Just like that?	เดี๋ยว— ง่ายขนาดนั้นเลยเหรอ?
24-1189	auth	Really? Just like that?	จริงดิ? ง่ายขนาดนั้นเลยเหรอ?
24-1190	auth	Hold up.	เดี๋ยวก่อน
24-1191	auth	Wait up...　	เดี๋ยวก่อนนะ...
24-1192	auth	I'm not letting you assholes\nget away that easily...	กูไม่ปล่อยให้พวกมึงไอ้สารเลว\nรอดไปง่ายๆ หรอก...
24-1193	auth	You aren't gettin' off that easy...	พวกมึงจะรอดไปง่ายๆ แบบนั้นไม่ได้หรอก...
24-1194	auth	Yakuza don't fuck around...	ยากูซ่าไม่ได้เล่นๆ นะโว้ย...
24-1195	auth	Yakuza don't mess around...	ยากูซ่าไม่ใช่ของเล่นนะโว้ย...
24-1196	auth	You three are gone.	พวกมึงสามคนตายแน่
24-1197	auth	You three are dead.	พวกมึงสามคนต้องตาย
24-1198	auth	Well shit. You're not half as ugly\nas I figured you were.	เชี่ย นึกว่าแกจะขี้เหร่\nกว่านี้ซะอีก
24-1199	auth	Shit... You're not half as ugly\nas I thought you'd be.	เชี่ย... แกไม่ได้ขี้เหร่\nอย่างที่ฉันคิดไว้เลยนี่หว่า
24-1200	auth	What can I say?	จะให้พูดว่าไงดี?
24-1201	auth	That a good idea?	นั่นมันไอเดียดีเหรอ?
24-1202	auth	You sure about the mask?	แน่ใจเรื่องหน้ากากนั่นนะ?
24-1203	auth	Well, not like I'll get very far\nwith it on, you know?	ก็คงไปได้ไม่ไกลหรอก\nถ้าใส่มันไว้ตลอด จริงไหม?
24-1204	auth	Doubt we'd get very far\nif I kept it on, man.	คงไปได้ไม่ไกลหรอก\nถ้าผมใส่มันไว้ตลอด
24-1205	auth	Okay. Let's go.	โอเค ไปกันเถอะ
24-1206	auth	Cool. Let's go.	เจ๋ง ไปกันเถอะ
24-1207	auth	I haven't been able to reach Shintani-sensei.\nIt keeps going to voicemail.	ผมติดต่ออาจารย์ชินทานิไม่ได้เลย\nมันเด้งเข้าฝากข้อความตลอด
24-1208	auth	Shintani-sensei isn't\npicking up his phone.	อาจารย์ชินทานิ\nไม่รับโทรศัพท์เลย
24-1209	auth	He hasn't picked up since he left\nthe office after talking to you.	เขาไม่รับสายเลยตั้งแต่ออกจาก\nออฟฟิศหลังคุยกับนาย
24-1210	auth	Not since he left after\nyour little chat.	ไม่รับเลยตั้งแต่ออกไป\nหลังคุยกับนายนั่นแหละ
24-1211	auth	Mmhmm. And?	อืม แล้วไง?
24-1212	auth	Didn't you say the Kyorei Clan\nwas after him?	นายไม่ได้บอกเหรอว่าตระกูลเคียวเรอิ\nตามล่าเขาอยู่?
24-1213	auth	Yeah... He'll be fine.	เออ... เขาต้องไม่เป็นไรหรอก
24-1214	auth	Eh, he'll be fine.　	เอ่อ เขาไม่เป็นไรหรอก
24-1215	auth	I just wanted to give him a scare.	ผมแค่อยากขู่ให้เขากลัวนิดหน่อยเฉยๆ
24-1216	auth	I just wanted to give him\na little scare.	ผมแค่อยากขู่ให้เขา\nกลัวนิดหน่อยเท่านั้นเอง
24-1217	auth	Okay, still—\ncould you try him for me?	โอเค แต่—\nช่วยลองโทรหาเขาให้ฉันหน่อยได้ไหม?
24-1218	auth	Still... Could you try getting\nhim for me?	ถึงยังไง...\nช่วยลองโทรหาเขาให้ฉันหน่อยได้ไหม?
24-1219	auth	Sometimes he ignores my calls.\nMaybe he'll pick up for you.	บางทีเขาก็ไม่รับสายผม\nบางทีอาจจะรับสายนายก็ได้
24-1220	auth	He's clearly not going\nto pick up for me.	เห็นได้ชัดว่าเขาคง\nไม่รับสายผมหรอก
24-1221	auth	Are you sure we're talking\nabout the same guy?	แน่ใจนะว่าเราพูดถึง\nคนคนเดียวกัน?
24-1222	auth	And you think he will for <font_kind=yakuza_italic>me</font_kind>?	แล้วคิดว่าเขาจะรับสายให้<font_kind=yakuza_italic>ฉัน</font_kind>เนี่ยนะ?
24-1223	auth	But I might as well.\nCan't hurt to try.	แต่ก็ลองดูก็ได้\nลองแล้วไม่เสียหายอะไร
24-1224	auth	Hi. Shintani here!	หวัดดีครับ ชินทานิเองครับ!
24-1225	auth	Hi, this is Shintani!	สวัสดีครับ นี่ชินทานิเองครับ!
24-1226	auth	Hey, Shintani-sensei.\nIt's Tak, where are—	เฮ้ อาจารย์ชินทานิ\nนี่ทาคุนะ คุณอยู่ที่—
24-1227	auth	Shintani-sensei? Where are you right—	อาจารย์ชินทานิ? ตอนนี้คุณอยู่ที่—
24-1228	auth	You've reached the voice mailbox of the one and only\nMasamichi Shintani, Genda Law Office's finest attorney!	คุณติดต่อกล่องข้อความเสียงของ\nมาซามิจิ ชินทานิ ทนายความมือหนึ่งแห่ง สำนักงานกฎหมายเก็นดะตัวจริง เสียงจริง!
24-1229	auth	You've reached the voicemail of Genda Law's\nace attorney, Masamichi Shintani.	คุณติดต่อกล่องข้อความเสียงของ\nมาซามิจิ ชินทานิ ทนายฝีมือฉกาจแห่ง สำนักงานกฎหมายเก็นดะ
24-1230	auth	Shintani...	ชินทานิ...
24-1231	auth	Leave your legal troubles\nafter the beep!	ฝากปัญหาทางกฎหมายของคุณไว้\nหลังเสียงบี๊บได้เลย!
24-1232	auth	Please leave a message!	กรุณาฝากข้อความไว้!
24-1233	auth	I've heard a bit about\nthis place before...	ผมเคยได้ยินเรื่อง\nที่นี่มาบ้างแล้ว...
24-1234	auth	I've heard of this place before...	ผมเคยได้ยินชื่อที่นี่มาก่อน...
24-1235	auth	But the ADDC... Isn't it just one\npart of a larger organization?	แต่ ADDC เนี่ย...\nมันก็แค่ส่วนหนึ่งขององค์กรใหญ่ กว่านั้นไม่ใช่เหรอ
24-1236	auth	But the ADDC is just one part\nof their group, right?	แต่ ADDC ก็แค่ส่วนหนึ่ง\nขององค์กรพวกนั้นใช่ไหม?
24-1237	auth	If I recall correctly, they call\nit the Medical Institute... Is that accurate?	ถ้าผมจำไม่ผิด พวกเขาเรียก\nมันว่าสถาบันการแพทย์... ใช่ไหมครับ?
24-1238	auth	The Medical Institute,\nI think it was.	สถาบันการแพทย์\nน่าจะใช่นะ
24-1239	auth	They own every last inch of this campus.	พวกเขาเป็นเจ้าของพื้นที่แคมปัส นี้ทั้งหมดเลย
24-1240	auth	This campus doesn't seem to end.	แคมปัสนี้เหมือนไม่มีที่สิ้นสุดเลย
24-1241	auth	It's incredible.	เหลือเชื่อจริงๆ
24-1242	auth	It's not your everyday organization.	ไม่ใช่องค์กรธรรมดาทั่วไปเลยจริงๆ
24-1243	auth	Even with all these buildings, they're still\ngetting budget to expand from that new drug.	ถึงจะมีตึกเยอะขนาดนี้ พวกเขาก็ยัง\nได้งบมาขยายเพิ่มจากยาตัวใหม่นั่นอีก
24-1244	auth	On top of all this, they're getting even\nmore budget for that new drug.	นอกจากนี้ พวกเขายังได้\nงบเพิ่มขึ้นอีกจากยาตัวใหม่นั่น
24-1245	auth	So? Is it the same as you remember?	แล้วไง? เหมือนที่คุณจำได้ไหม?
24-1246	auth	So, does it look like you remember?	แล้วมันดูเหมือนที่คุณจำได้ไหม?
24-1247	auth	Huh? Don't go too far ahead, Yagami-san!	เอ๊ะ? อย่าเดินนำหน้าไปไกลสิ ยากามิซัง!
24-1248	auth	Hey, wait up, Yagami-san!	เฮ้ รอด้วยสิ ยากามิซัง!
24-1249	auth	What're you all shaken up for?	ทำไมถึงดูสั่นๆ แบบนั้นล่ะ?
24-1250	auth	What's got you so spooked?	ทำไมถึงตกใจขนาดนี้ล่ะ
24-1251	auth	Calm down. Just stick with me\nand you'll be fine. Got that, Yagami?	ใจเย็นๆ แค่อยู่ใกล้ๆ ผมไว้\nก็ไม่เป็นไรหรอก เข้าใจไหม ยากามิ?
24-1252	auth	Just stick with me, okay?	แค่อยู่ใกล้ๆ ผมไว้ก็พอ โอเคนะ?
24-1253	auth	Yagami-san!	ยากามิซัง!
24-1254	auth	Yagami-san!　	ยากามิซัง!
24-1255	auth	Try not to just ditch me, okay?	อย่าทิ้งผมไว้เฉยๆ แบบนั้นสิ โอเคนะ?
24-1256	auth	Geez, don't ditch me like that.	โธ่ อย่าทิ้งผมไว้แบบนั้นสิ
24-1257	auth	Is something wrong?	มีอะไรผิดปกติหรือเปล่า?
24-1258	auth	Something wrong?	มีอะไรเหรอ
24-1259	auth	It's just...	แค่ว่า...
24-1260	auth	Nah...	ไม่ละ...
24-1261	auth	After three years,\nit still looks the same.	ผ่านมาสามปีแล้ว\nที่นี่ก็ยังเหมือนเดิม
24-1262	auth	It's like nothing's changed\nin three years.	เหมือนไม่มีอะไรเปลี่ยนไปเลย\nตลอดสามปีที่ผ่านมา
24-1263	auth	Sorry?	ว่าไงนะ?
24-1264	auth	Almost like time itself has stopped.	ราวกับเวลาที่นี่หยุดนิ่งไปเลย
24-1265	auth	Almost like time is frozen here.	ราวกับเวลาที่นี่แข็งค้างอยู่กับที่
24-1266	auth	Yagami-san...	ยากามิซัง...
24-1267	auth	Come on.\nFront desk's over there.	ไปกันเถอะ\nโต๊ะประชาสัมพันธ์อยู่ตรงนั้น
24-1268	auth	Come on.\nThere's the front desk.	ไปกันเถอะ\nนั่นโต๊ะประชาสัมพันธ์
24-1269	auth	Well... Could I at least talk\nto Director Kido instead?	เอ่อ... ผมขอคุยกับ\nผู้อำนวยการคิโดะแทนได้ไหมครับ?
24-1270	auth	Then, can we talk with Director Kido?	งั้นเราขอคุยกับ ผู้อำนวยการคิโดะได้ไหมครับ?
24-1271	auth	He's an old friend of mine.	เขาเป็นเพื่อนเก่าของผมน่ะ
24-1272	auth	We've met before.	เราเคยเจอกันมาก่อน
24-1273	auth	Just let him know Yagami\nstopped by to say hello.	แค่บอกเขาว่ายากามิ\nแวะมาทักทายก็พอ
24-1274	auth	Tell him I'm a lawyer named Yagami.	บอกเขาว่าผมเป็นทนายชื่อยากามิ
24-1275	auth	I don't think that'll\nbe necessary.	คงไม่จำเป็น\nขนาดนั้นหรอก
24-1276	auth	Hey, Yagami-san. Look.	เฮ้ ยากามิซัง ดูนั่นสิ
24-1277	auth	Look over there...	ดูตรงนั้นสิ...
24-1278	auth	Isn't that Kido-san right there?	นั่นคิโดะซังใช่ไหมนั่น?
24-1279	auth	Gentlemen. I really don't know\nwhat else you want from me.	คุณผู้ชายทั้งสอง ผมไม่รู้จริงๆ\nว่าพวกคุณยังต้องการอะไรจากผมอีก
24-1280	auth	You again?\nCan't you handle the rest on your end?	มาอีกแล้วเหรอ?\nช่วยจัดการส่วนที่เหลือทางฝั่ง คุณเองไม่ได้หรือไง?
24-1281	auth	I have nothing more to say.\nI've told the police all that I know.	ไม่มีอะไรจะพูดเพิ่มแล้ว\nบอกตำรวจไปหมดทุกอย่างที่รู้แล้ว
24-1282	auth	I've already told the police\neverything I know.	บอกตำรวจไปหมดแล้ว\nทุกอย่างที่รู้
24-1283	auth	Yeah, I know.\nSorry about all this, Director.	ครับ ผมรู้\nขอโทษด้วยจริงๆ ท่านผู้อำนวยการ
24-1284	auth	Apologies, sir,\nyou're absolutely right, but...	ต้องขออภัยด้วยครับ\nท่านพูดถูกทุกอย่างเลย แต่ว่า...
24-1285	auth	Problem is, my partner here won't give\nit a rest 'til he sees the scene of the crime.	ปัญหาคือเพื่อนร่วมงานผมคนนี้\nไม่ยอมเลิกจนกว่าจะได้เห็น ที่เกิดเหตุด้วยตาตัวเอง
24-1286	auth	This guy wants to see the crime scene,\nand he won't take no for an answer.	เพื่อนคนนี้อยากไปดูที่เกิดเหตุ\nแล้วไม่ยอมรับคำว่า 'ไม่' เด็ดขาดครับ
24-1287	auth	But...\nI'm sure we'll be leaving soon.	แต่...\nผมมั่นใจว่าเดี๋ยวเราก็ไปกันแล้วครับ
24-1288	auth	We won't be long.	ไม่นานหรอกครับ
24-1289	auth	That's not what we agreed upon.	นั่นไม่ใช่สิ่งที่เราตกลงกันไว้นะ
24-1290	auth	Don't make promises we can't keep.	อย่าไปรับปากอะไรที่ทำไม่ได้สิ
24-1291	auth	You know this isn't about\nhow long it takes.	คุณก็รู้ว่ามันไม่ใช่เรื่อง\nที่ว่าจะใช้เวลานานแค่ไหนหรอกนะ
24-1292	auth	I'll be here until I'm satisfied.	ผมจะอยู่ตรงนี้จนกว่าจะพอใจ
24-1293	auth	And what about Okubo?\nI take it he's still not fessed up.	แล้วเรื่องโอคุโบะล่ะ?\nคงยังไม่ยอมรับสารภาพใช่ไหม
24-1294	auth	So Okubo still hasn't admitted to the crime?	หมายความว่าโอคุโบะยังไม่ยอมรับ ว่าเป็นคนก่อเหตุใช่ไหม?
24-1295	auth	Uh... No, not quite as of yet, sir.	เอ่อ...ยังเลย ยังไม่ยอมรับ
24-1296	auth	Right, he's really digging his heels in.	ใช่ เขายังดื้อแพ่งอยู่เลย
24-1297	auth	But we all saw where the body was.\nExactly where he said it would be.	แต่เราก็เห็นกันหมดแล้วว่าศพ อยู่ตรงไหน\nตรงกับที่เขาบอกไว้เป๊ะ
24-1298	auth	The body turned up where\nhe said he buried it and all.	ศพก็โผล่ตรงจุดที่\nเขาบอกว่าฝังไว้เป๊ะเลย
24-1299	auth	Quite true.\nNot much point in fighting this now.	ก็จริงอยู่\nตอนนี้จะสู้คดีต่อไปก็คงไม่ มีประโยชน์อะไรแล้ว
24-1300	auth	Right? Then hurry up\nand put this trial to bed.	ใช่ไหมล่ะ? งั้นก็รีบๆ\nปิดคดีนี้ให้จบๆ ไปซะที
24-1301	auth	The minister has made it clear that he wants\nit resolved soon, as well. *sigh*	ท่านรัฐมนตรีก็บอกชัดเจนว่าอยากให้\nเรื่องนี้จบเร็วๆ เหมือนกัน *ถอนหายใจ*
24-1302	auth	Goddamn, how did a single contractor\nstir up this much trouble?	ให้ตายสิ พนักงานเหมาช่วงคนเดียว\nก่อเรื่องวุ่นวายได้ขนาดนี้ได้ยังไง
24-1303	auth	Just look at how much trouble one\ncontractor has caused.	ดูสิ พนักงานเหมาช่วงคนเดียว\nสร้างปัญหาไว้มากแค่ไหน
24-1304	auth	The minister wants this cleared up\nas quickly as possible.	ท่านรัฐมนตรีอยากให้เคลียร์เรื่องนี้\nให้เร็วที่สุดเท่าที่จะทำได้
24-1305	auth	Sorry... Which minister?	ขอโทษนะครับ...ท่านรัฐมนตรีคนไหนครับ
24-1306	auth	By "the minister..."	ที่บอกว่า "ท่านรัฐมนตรี"...
24-1307	auth	I didn't know about this, sir.	ผมไม่ทราบเรื่องนี้มาก่อนเลยครับ
24-1308	auth	You mean the Minister of Health?	หมายถึงท่านรัฐมนตรีสาธารณสุข ใช่ไหมครับ?
24-1309	auth	The Health Minister.\nIt's all his call how much funding we get.	ท่านรัฐมนตรีสาธารณสุขน่ะแหละ\nงบประมาณที่เราจะได้มากแค่ไหนก็ ขึ้นอยู่กับท่านทั้งนั้น
24-1310	auth	Obviously. Our budget falls\nunder the Health Ministry.	ก็แน่นอนอยู่แล้ว งบของเรา\nอยู่ภายใต้กระทรวงสาธารณสุขทั้งหมด
24-1311	auth	Director. If I may.	ท่านผู้อำนวยการครับ ขออนุญาตนะครับ
24-1312	auth	Um, Director...	เอ่อ ท่านผู้อำนวยการครับ...
24-1313	auth	If you would just direct me to the scene\nof the crime, I could head over there myself.	ถ้าท่านช่วยบอกทางไปยังที่เกิดเหตุ\nผมจะไปดูเองก็ได้ครับ
24-1314	auth	If you could point me in the right direction,\nI'd be happy to examine it myself.	ถ้าท่านช่วยชี้ทางที่ถูกต้องให้\nผมยินดีไปตรวจดูด้วยตัวเองครับ
24-1315	auth	I'll be out of your hair in no time,\nI assure you.	ผมจะรีบไปให้พ้นทางโดยเร็วที่สุด\nรับรองได้เลยครับ
24-1316	auth	I'll be discreet.	ผมจะเก็บเป็นความลับให้
24-1317	auth	I'd rather you didn't\nwander on your own.	ผมไม่อยากให้คุณ\nเดินไปมาคนเดียวตามลำพัง
24-1318	auth	I can't let you just wander around.	ผมปล่อยให้คุณเดินเพ่นพ่านเอง แบบนั้นไม่ได้หรอก
24-1319	auth	So instead...\nShe can show you.	งั้น...\nให้เธอพาคุณไปดีกว่า
24-1320	auth	She can be your chaperone.	เธอจะเป็นคนพาคุณไปเอง
24-1321	auth	Terasawa-kun. These gentlemen here\nare Shintani-sensei, and...	เทราซาวะคุง คุณสุภาพบุรุษสองท่านนี้\nคืออาจารย์ชินทานิ กับ...
24-1322	auth	Terasawa-kun.\nThis is Shintani-sensei and...	เทราซาวะคุง\nนี่คืออาจารย์ชินทานิ กับ...
24-1323	auth	Yagami.	ยากามิครับ
24-1324	auth	It's a pleasure. I hope I can help\nyou find what you need.	ยินดีที่ได้รู้จักค่ะ หวังว่าดิฉันจะช่วย\nคุณหาสิ่งที่ต้องการได้นะคะ
24-1325	auth	I'm Terasawa.\nPleased to meet you.	ดิฉันเทราซาวะค่ะ\nยินดีที่ได้รู้จักค่ะ
24-1326	auth	Well...\nWith that I'll be taking my leave.	เอาล่ะ...\nงั้นผมขอตัวก่อนนะ
24-1327	auth	I'll take my leave, then.	ถ้างั้นผมขอตัวก่อนละกัน
24-1328	auth	Thank you again, Director.\nApologies for all the trouble.	ขอบคุณอีกครั้งนะครับ ท่านผู้อำนวยการ\nขออภัยที่รบกวนด้วยครับ
24-1329	auth	Thank you, Director.\nApologies for the trouble.	ขอบคุณครับ ท่านผู้อำนวยการ\nขออภัยที่ทำให้ลำบากด้วยครับ
24-1330	auth	This way. I can show you how to get\nto Waku-san's room.	ทางนี้ค่ะ ดิฉันจะพาไปที่ห้อง\nของวาคุซังเองนะคะ
24-1331	auth	Well, then...\nShould we start with Waku-san's room?	เอาล่ะ...\nเริ่มจากห้องของวาคุซังก่อนดีไหมคะ
24-1332	auth	...Who's Waku-san?	...วาคุซังคือใครนะ
24-1333	auth	Waku-san?	วาคุซังเหรอ?
24-1334	auth	The guy who died in his room?	คนที่ตายในห้องนั่นไงครับ
24-1335	auth	The victim, remember?	ก็เหยื่อไงครับ จำได้ไหม
24-1336	auth	Uhhh. Oh yeah.	อ๋อ...เออ นึกออกแล้ว
24-1337	auth	O-Oh, right. Yeah.	อ๋อ เออ...ใช่สิ
24-1338	auth	And you are...	แล้วคุณคือ...
24-1339	auth	And you were...	แล้วคุณคือใครนะ
24-1340	auth	Terasawa-san, huh?	เทราซาวะซังเหรอ?
24-1341	auth	Terasawa-san, right?	เทราซาวะซังใช่ไหมครับ?
24-1342	auth	 Wooow, you're young.\nAnd a looker to boot.	 ว้าว คุณอายุยังน้อยจัง\nแถมยังสวยอีกด้วย
24-1343	auth	You're so young!\nI didn't catch your first name?	คุณยังเด็กจังเลยนะ\nยังไม่ทันได้ถามชื่อจริงเลย
24-1344	auth	Umm...\nCan we keep this professional?	เอ่อ...\nขอคุยกันแบบมืออาชีพได้ไหมคะ
24-1345	auth	Uh, I'm kind of busy here, so...	เอ่อ ตอนนี้ดิฉันค่อนข้างยุ่งน่ะค่ะ...
24-1346	auth	Nice try, Shintani-sensei.	พยายามได้ดีครับ อาจารย์ชินทานิ
24-1347	auth	Come on, Shintani-sensei.	ไม่เอาน่า อาจารย์ชินทานิ
24-1348	auth	Just now, we went to the ADDC.	เมื่อกี้เราเพิ่งไปที่ ADDC มา
24-1349	auth	We went to see the ADDC.　	เราไปดู ADDC มาครับ 
24-1350	auth	Thought I should have a look\nat things with my own eyes.	คิดว่าน่าจะไปดูให้เห็นกับตา\nด้วยตัวเองสักหน่อย
24-1351	auth	I wanted to see it with my own eyes.　	อยากไปดูด้วยตาตัวเองน่ะ 
24-1352	auth	And? How'd it go?	แล้วไง? เป็นยังไงบ้าง
24-1353	auth	And? What do you think?	แล้วไง? คิดว่ายังไง
24-1354	auth	There's no chance you walk.\nYou're practically a lost cause.	ไม่มีทางที่คุณจะรอดจากคดีนี้ได้หรอก\nตอนนี้แทบจะหมดหวังแล้ว
24-1355	auth	We don't stand a chance in hell.　	เราแทบไม่มีโอกาสชนะเลยสักนิด 
24-1356	auth	Yagami-sensei is...\nthat what you think?	อาจารย์ยากามิคิดแบบนั้น...\nจริงๆ เหรอครับ
24-1357	auth	Yagami-sensei, do you agree?	อาจารย์ยากามิก็คิดแบบนั้นด้วย เหรอครับ
24-1358	auth	It's like this, Okubo. You tell me\nyou're innocent, and I'll fight to the end.	เอาแบบนี้นะ โอคุโบะ ถ้าคุณบอกผมว่า\nคุณบริสุทธิ์ ผมจะสู้จนถึงที่สุด
24-1359	auth	If you say you're innocent,\nI'm with you to the end.	ถ้าคุณยืนยันว่าบริสุทธิ์\nผมจะอยู่เคียงข้างคุณจนถึงที่สุด
24-1360	auth	I really have nothing to\nlose by helping you out.	ผมไม่มีอะไรจะเสีย\nจากการช่วยคุณอยู่แล้วครับ
24-1361	auth	I've got nothing to lose in offering that.　	ผมไม่เสียอะไรอยู่แล้วที่จะช่วย 
24-1362	auth	It's just like I told you.	ก็เหมือนที่ผมบอกไปแล้วไงครับ
24-1363	auth	I didn't do it!	ผมไม่ได้ทำ!
24-1364	auth	Whoever did it is framing me.	ใครก็ตามที่ทำ กำลังใส่ร้ายผมอยู่
24-1365	auth	Terasawa-san?	เทราซาวะซัง?
24-1366	auth	Okubo-san's not\na violent person.	โอคุโบะซังไม่ใช่คน\nที่ใช้ความรุนแรงเลยค่ะ
24-1367	auth	Okubo-san isn't some\nkind of violent criminal.	โอคุโบะซังไม่ใช่อาชญากร\nที่ใช้ความรุนแรงแบบนั้นเลยค่ะ
24-1368	auth	And he hasn't even had a drink in over six years.\nNot a single drop since the incident!	แล้วเขาก็ไม่แตะเหล้าเลยมากว่า หกปีแล้ว\nไม่แม้แต่หยดเดียวนับตั้งแต่ เหตุการณ์นั้น!
24-1369	auth	He hasn't touched a drop of alcohol\nsince his outburst six years ago.	เขาไม่แตะเหล้าแม้แต่หยดเดียว\nนับตั้งแต่ที่เขาระเบิดอารมณ์ เมื่อหกปีก่อน
24-1370	auth	My court will not stand\nfor this commotion.	ศาลนี้จะไม่ยอมให้\nมีความวุ่นวายแบบนี้เกิดขึ้น
24-1371	auth	I'm afraid you're out of order.	เกรงว่าคุณจะพูดนอกลู่นอกทางแล้ว
24-1372	auth	He didn't blame Waku-san at all. He knew that\nthe outburst was just caused by his dementia.	เขาไม่เคยโทษวาคุซังเลยสักนิด เขารู้ดีว่า\nการระเบิดอารมณ์นั้นเกิดจากโรค สมองเสื่อมของวาคุซังเอง
24-1373	auth	He understood Waku-san was only\nlashing out because of his dementia.	เขาเข้าใจดีว่าวาคุซังแค่\nทำร้ายคนอื่นเพราะโรคสมองเสื่อม เท่านั้น
24-1374	auth	That it was all the sickness's fault.	ทั้งหมดเป็นความผิดของโรคร้ายต่างหาก
24-1375	auth	So it's not like he held it against him!	เขาไม่เคยผูกใจเจ็บกับวาคุซัง เลยสักนิด!
24-1376	auth	So there was no reason for him\nto resort to murder!	เขาจึงไม่มีเหตุผลอะไร\nที่จะต้องลงมือฆ่าเลย!
24-1377	auth	There's no way that would\ndrive him to murder!	เรื่องแบบนั้นไม่มีทาง\nผลักดันให้เขาต้องฆ่าคนได้เลย!
24-1378	auth	Terasawa-san. Please.	เทราซาวะซัง ขอร้องล่ะ
24-1379	auth	Terasawa-san, please.	เทราซาวะซัง ใจเย็นๆ ก่อนนะ
24-1380	auth	Okubo-san really is\nan incredible, caring person!	โอคุโบะซังเป็นคนที่\nน่าทึ่งและใส่ใจคนอื่นจริงๆ นะคะ!
24-1381	auth	Okubo-san has lots of positive traits too!	โอคุโบะซังก็มีข้อดีตั้งเยอะแยะนะคะ!
24-1382	auth	Please leave this courtroom at once.	กรุณาออกจากห้องพิจารณาคดีนี้ในทันที
24-1383	auth	Leave this courtroom before\nI have you removed!	ออกไปจากห้องพิจารณาคดีนี้ซะ\nก่อนที่จะให้คนมาพาตัวออกไป!
24-1384	auth	You're right that he may be hard\nto approach, but he's a kind soul.	ก็จริงที่เขาอาจจะดูเข้าถึงยาก\nแต่ลึกๆ แล้วเขาใจดีมากนะคะ
24-1385	auth	He's not the most approachable guy,\nbut he works hard...	เขาอาจจะไม่ใช่คนที่เข้าหาง่ายนัก\nแต่เขาก็ตั้งใจทำงานหนักมาก...
24-1386	auth	...And he always keeps his promises!	...แล้วเขาก็รักษาสัญญาเสมอ!
24-1387	auth	And he keeps his promises!	แล้วเขาก็เป็นคนรักษาคำพูดด้วย!
24-1388	auth	Okubo-san's not the only person in this courtroom\nwho would be affected by a guilty verdict, either.	โอคุโบะซังไม่ใช่คนเดียวในห้องนี้\nที่จะได้รับผลกระทบถ้าถูกตัดสิน ว่ามีความผิดนะคะ
24-1389	auth	If you find him guilty,\nmy life is basically over too.	ถ้าตัดสินว่าเขามีความผิด\nชีวิตดิฉันก็คงจบสิ้นไปด้วยเหมือนกัน
24-1390	auth	As a matter of fact,\nit would break my heart.	อันที่จริง\nมันคงทำให้ดิฉันใจสลายเลยค่ะ
24-1391	auth	That's why he didn't want me to testify.	นั่นแหละค่ะเหตุผลที่เขาไม่อยาก ให้ดิฉันขึ้นให้การ
24-1392	auth	And even through it all...	แล้วถึงแม้จะเจอเรื่องแบบนั้นมา ทั้งหมด...
24-1393	auth	I couldn't even tell\nhis own lawyer...	ดิฉันไม่เคยบอกแม้แต่\nทนายความของเขาเองเลย...
24-1394	auth	He wanted me to keep this a secret! Not to tell anyone,\nnot even his lawyer, that we were dating!	เขาอยากให้ดิฉันเก็บเรื่องนี้ เป็นความลับ! ไม่ให้บอกใครเลย\nแม้แต่ทนายของเขาเอง ว่าเราคบกันอยู่!
24-1395	auth	That the two of us\nare seeing each other!	ว่าเราสองคน\nคบหาดูใจกันอยู่!
24-1396	auth	Even though he knew he could have ended up in prison,\nmaking sure I was safe was the only thing in the world he cared about!	ถึงแม้เขาจะรู้ว่าอาจต้องติดคุก\nแต่สิ่งเดียวที่เขาใส่ใจในโลก นี้ก็คือความปลอดภัยของดิฉัน!
24-1397	auth	Even though he knew he might go to jail,\nhe was only thinking of my future.	ถึงแม้เขาจะรู้ว่าอาจต้องติดคุก\nแต่เขาคิดถึงแต่อนาคตของดิฉันเท่านั้น
24-1398	auth	That's just who he is!	นั่นแหละคือตัวตนที่แท้จริงของเขา!
24-1399	auth	That's the kind of guy he is!	เขาเป็นคนแบบนั้นแหละ!
24-1400	auth	But when the prosecution has\nalready decided he's a criminal...	แต่ในเมื่อฝ่ายอัยการ\nตัดสินไปแล้วว่าเขาคืออาชญากร...
24-1401	auth	So is a prosecutor who\npaints him as some kind of bully...	แล้วอัยการที่พยายามป้ายสี\nให้เขาดูเป็นคนพาลรังแกคนอื่น...
24-1402	auth	How could he possibly\nbe given a fair trial!?	แล้วเขาจะได้รับการพิจารณาคดี\nอย่างเป็นธรรมได้ยังไงกัน!?
24-1403	auth	...Really giving him\nthe benefit of the doubt!?	...จะยกประโยชน์แห่งความสงสัย\nให้เขาจริงๆ เหรอ!?
24-1404	auth	Her little outburst wasn't technically admissable,\nbut as the trial dragged on, it hung over the jury like a stone.	แม้การระเบิดอารมณ์เล็กๆ ของเธอจะรับฟังเป็นหลักฐานไม่ ได้ตามหลักกฎหมาย\nแต่พอการพิจารณาคดียืดเยื้อไป มันก็ถ่วงใจคณะลูกขุนเหมือน ก้อนหินหนักอึ้ง
24-1405	auth	The trial resumed after that, but I think her\nparting remarks helped sway the verdict.	หลังจากนั้นการพิจารณาคดีก็ ดำเนินต่อไป แต่ผมคิดว่าคำพูดทิ้งท้าย\nของเธอมีส่วนโน้มน้าวคำตัดสินไม่น้อย
24-1406	auth	And in the end,\nShinpei Okubo was found not guilty.	และในที่สุด\nชินเป โอคุโบะ ก็ถูกตัดสินว่าไม่มีความผิด
24-1407	auth	Shinpei Okubo was found innocent.	ชินเป โอคุโบะ พ้นผิดในที่สุด
24-1408	auth	But only a month after his release...	แต่เพียงเดือนเดียวหลังจากที่ เขาได้รับการปล่อยตัว...
24-1409	auth	But...	แต่...
24-1410	auth	Everything changed.	ทุกอย่างก็เปลี่ยนไป
24-1411	auth	Not more than a month later...　	ไม่ถึงเดือนหลังจากนั้น... 
24-1412	auth	The same girl who had so bravely\nproclaimed Okubo's innocence...	ผู้หญิงคนเดียวกันที่เคยกล้าหาญ\nยืนยันความบริสุทธิ์ของโอคุโบะ...
24-1413	auth	Okubo took it upon himself...	โอคุโบะตัดสินใจด้วยตัวเอง...
24-1414	auth	...Died by the man's own hand.	...ต้องตายด้วยน้ำมือของชายคนนั้นเอง
24-1415	auth	...To render his own cruel verdict\nfor Emi Terasawa.	...ในการตัดสินโทษอันโหดร้ายของตัวเอง\nให้กับเอมิ เทราซาวะ
24-1416	auth	Hey, what are you—	เฮ้ นี่คุณจะ—
24-1417	auth	Stop! What are you—	หยุดนะ! คุณจะ—
24-1418	auth	Let go! Get off me!	ปล่อยนะ! ออกไปจากตัวฉันไป!
24-1419	auth	No, stop it!　	ไม่นะ หยุดเถอะ! 
24-1420	auth	Yagami-kun!	ยากามิคุง!
24-1421	auth	Oh shit!	โอ๊ย ฉิบหาย!
24-1422	auth	Shit!	เชี่ย!
24-1423	auth	Get back.	ถอยไปนะ
24-1424	auth	Stay back.	อยู่ห่างๆ ไว้
24-1425	auth	What, why? Let's go!	อะไร? ทำไม? ไปกันเถอะ!
24-1426	auth	What!? No!	อะไรนะ!? ไม่เอา!
24-1427	auth	Hold on a minute!	เดี๋ยวก่อน!
24-1428	auth	Hey, hold on!	เฮ้ เดี๋ยวก่อนสิ!
24-1429	auth	Yagami, you're going down!	ยากามิ มึงต้องจบเห่แน่!
24-1430	auth	Yagami... You son of a bitch!	ยากามิ...ไอ้สารเลว!
24-1431	auth	Why am I not surprised?	ทำไมผมถึงไม่แปลกใจเลยนะ
24-1432	auth	So it was you.	เป็นนายนี่เอง
24-1433	auth	Shioya.	ชิโอยะ
24-1434	auth	I know how to make\nan entrance, don't I?	กูรู้วิธีเปิดตัว\nเจ๋งๆ แบบนี้แหละว่ะ
24-1435	auth	Ya busted down the front door...	นายพังประตูหน้าเข้ามาซะงั้น...
24-1436	auth	It's damn good to see ya, Yagami.	ดีใจจริงๆ ว่ะที่ได้เจอมึง ยากามิ
24-1437	auth	You're the real deal, Yagami.	มึงเป็นของจริงว่ะ ยากามิ
24-1438	auth	A cryin' shame these idiots\nwere so goddamn useless, though.	น่าสมเพชจริงๆ ว่ะ ที่ไอ้พวกงี่เง่านี่\nมันไร้น้ำยาซะขนาดนี้
24-1439	auth	Then you've got this\nscrubfest I call a clan...	แล้วก็มีไอ้กลุ่มกากๆ\nที่กูเรียกมันว่าตระกูลนี่อีก...
24-1440	auth	Guess strength in numbers ain't\nall it's chalked up to be.	เห็นทีว่าจำนวนคนเยอะ\nก็ไม่ได้ช่วยอะไรเลยว่ะ
24-1441	auth	They couldn't do shit even\nwith strength in numbers!	รุมกันตั้งหลายคน\nยังทำอะไรไม่ได้เลยว่ะ!
24-1442	auth	Pansies. You all trying to get your\nfingers chopped off tonight, huh?	ไอ้พวกขี้ขลาด อยากให้ตัด\nนิ้วทิ้งคืนนี้กันหมดหรือไง?
24-1443	auth	Boys, how many fingers we\ngonna chop off tonight, huh!?	พวกมึง คืนนี้จะโดนตัดนิ้ว\nกันไปกี่นิ้วเนี่ย!?
24-1444	auth	You tried to kidnap Mafuyu.	นายพยายามลักพาตัวมาฟุยุ
24-1445	auth	You're the one who\ntried to kidnap Mafuyu?	นายนี่แหละที่พยายาม\nลักพาตัวมาฟุยุใช่ไหม?
24-1446	auth	Girls.	พวกสาวๆ
24-1447	auth	Go.	ไปเร็ว
24-1448	auth	You should've just told me if you wanted to fight.\nWould've been glad to do it at my place.	ถ้าอยากสู้ก็บอกผมตรงๆ ก็ได้\nผมยินดีจัดให้ที่ร้านผมเลยนะ
24-1449	auth	If all you wanted was to continue our fight,\nyou could have just swung by.	ถ้าแค่อยากสู้กันต่อให้จบ\nนายก็แค่แวะมาหาผมก็ได้
24-1450	auth	What is it you want?	นายต้องการอะไรกันแน่?
24-1451	auth	What are you after?	คุณต้องการอะไรกันแน่?
24-1452	auth	Well, I've got a little job\nI need done. You boys in?	เอางี้ กูมีงานเล็กๆ\nอยากให้ทำหน่อยว่ะ พวกมึงจะรับไหม?
24-1453	auth	I have a job I wanna ask you to do.	กูมีงานอยากให้พวกมึงช่วยทำหน่อย
24-1454	auth	What job?	งานอะไรวะ?
24-1455	auth	A job?	งานเหรอ?
24-1456	auth	I'm not in the business of being refused,\nso I needed to take out an insurance policy.	กูไม่ใช่คนที่ชอบให้ใครปฏิเสธ\nเลยต้องหาตัวประกันไว้เผื่อเหนียว
24-1457	auth	But there's no point in asking\nif you could just refuse it.	แต่มันจะมีประโยชน์อะไร ถ้าขอแล้ว\nพวกมึงปฏิเสธได้ง่ายๆ
24-1458	auth	That's why I decided to give that\ngirlfriend of yours a little ride.	เพราะงั้นกูเลยตัดสินใจ\nพาแฟนสาวของพวกมึงไปเที่ยวหน่อย
24-1459	auth	I figured the lady might've made\na good bargaining chip. 	กูคิดว่าผู้หญิงคนนั้น\nน่าจะเอามาต่อรองได้ดี 
24-1460	auth	Fuck off.	ไปตายซะ
24-1461	auth	What a dumbass.	โง่ฉิบหายว่ะ
24-1462	auth	We would've done it for next to nothing.\nAlmost no questions asked.	จะให้ช่วยฟรีๆ แทบไม่มีค่าใช้จ่ายก็ยังได้\nแทบไม่ต้องถามอะไรเลยด้วยซ้ำว่ะ
24-1463	auth	If the price was right,\nthere's no job we'd turn down.	ถ้าราคาโอเค\nงานอะไรพวกกูก็รับหมดว่ะ
24-1464	auth	We're that desperate?	ขนาดนั้นเลยเหรอวะ?
24-1465	auth	Hey, we're not <font_kind=yakuza_italic>that</font_kind> desperate...	เฮ้ พวกกูไม่ได้ถึงขนาด<font_kind=yakuza_italic>นั้น</font_kind>หรอกน่า...
24-1466	auth	Damn right.	ใช่เลย
24-1467	auth	That said...	แต่ว่านะ...
24-1468	auth	But now this asshole went and hit Mafuyu-chan,\nso we're never gonna help him, no matter what he says.	แต่เพราะไอ้เวรนี่ดันไปทำร้าย มาฟุยุจัง\nพวกกูเลยไม่มีทางช่วยมันหรอก ไม่ว่ามันจะพูดอะไรก็ตาม
24-1469	auth	Now that you've laid a hand on Mafuyu-chan,\nyou could never pay us enough.	ในเมื่อมึงแตะต้องมาฟุยุจังแล้ว\nต่อให้จ่ายเท่าไหร่พวกกูก็ไม่รับหรอก
24-1470	auth	And even if Tak ends up on board,\nI'll still kick your ass.	ต่อให้ทาคุยอมเข้าร่วมด้วย\nกูก็จะยังอัดมึงอยู่ดี
24-1471	auth	Even if you could buy off Tak,\nI'd still fuckin' pound you.	ต่อให้มึงซื้อตัวทาคุได้\nกูก็จะยังซัดมึงหนักๆ อยู่ดีว่ะ
24-1472	auth	Have a little faith, eh?	เชื่อใจกูหน่อยสิว่ะ?
24-1473	auth	Give me a little credit...	ให้เกียรติกูหน่อยเหอะ...
24-1474	auth	A couple of comedians, huh?	เป็นตัวตลกคู่หูกันเลยนะเนี่ย?
24-1475	auth	What a couple of comedians!	โคตรตัวตลกคู่นี้เลยว่ะ!
24-1476	auth	Fuck it. Looks like I'm just gonna have to bust\nyour pathetic skulls myself. Easier that way.	ช่างแม่งเถอะ ดูท่าทางกูคงต้องเดินไปทุบ\nกะโหลกน่าสมเพชของพวกมึงเองซะแล้ว ง่ายกว่าเยอะ
24-1477	auth	But I've gotta settle the score,\nor we'll be havin' a pretty dull chat.	แต่กูก็ต้องเคลียร์บัญชีให้จบ\nไม่งั้นคุยกันไปก็จืดชืดว่ะ
24-1478	auth	Yeah?	ว่าไง?
24-1479	auth	Right?	ใช่มั้ยล่ะ?
24-1480	auth	Now go. Break their fucking faces!	ไปเลย จัดการอัดหน้าพวกมันซะ!
24-1481	auth	Alright. Fuck 'em up, boys!	เอาล่ะ จัดการพวกมันให้เละเลย ไอ้พวกมึง!
24-1482	auth	What the?	อะไรเนี่ย?
24-1483	auth	Hey. Look who it is.	เฮ้ ดูสิใครมา
24-1484	auth	Hey. Isn't that guy in the back...	เฮ้ ไอ้คนข้างหลังนั่นมันไม่ใช่...
24-1485	auth	Your ol' buddy Hattori, isn't it?	เพื่อนเก่ามึงไง ฮัตโตริ ใช่ปะ?
24-1486	auth	...That journalist, Hattori?	...นักข่าวคนนั้น ฮัตโตริเหรอ?
24-1487	auth	Great. And who's the old man?	เยี่ยมเลย แล้วคุณลุงคนนั้นเป็นใคร?
24-1488	auth	And who's the old guy?	แล้วคุณลุงคนนั้นเป็นใครกัน?
24-1489	auth	Well well. Never thought I'd be\nrunning into him here...	โอ้โห ไม่คิดเลยว่าจะ\nมาเจอเขาที่นี่...
24-1490	auth	Never figured I'd be meeting him here.	ไม่คิดเลยว่าจะได้เจอเขาที่นี่
24-1491	auth	So.	เอาล่ะ
24-1492	auth	You're the ones from the\nYagami Detective Agency.	พวกคุณคือคนจาก\nสำนักงานนักสืบยากามิสินะ
24-1493	auth	So you're the Yagami Detective Agency.	ถ้างั้นพวกคุณก็คือ สำนักงานนักสืบยากามิ
24-1494	auth	That "old man" is the person responsible\nfor all 10,000 employees in the Kajihira Group...	ไอ้ "คุณลุง" คนนั้นน่ะ คือคนที่รับผิดชอบ\nพนักงานทั้งหมดหนึ่งหมื่นคนของ กลุ่มคาจิฮิระ...
24-1495	auth	The old dude is the head of Kajihira Group...\nand its 10,000 employees.	ไอ้ลุงคนนั้นคือหัวหน้ากลุ่มคาจิฮิระ...\nที่มีพนักงานหนึ่งหมื่นคน
24-1496	auth	Shigeru Kajihira.	ชิเงรุ คาจิฮิระ
24-1497	auth	Chairman Shigeru Kajihira.	ท่านประธานชิเงรุ คาจิฮิระ
24-1498	auth	So he's the guy...	งั้นเขาคือคนนั้นเอง...
24-1499	auth	For real?	เอาจริงดิ?
24-1500	auth	You need to lose\nthe attitude, Yagami.	นายควรจะเลิก\nทำตัวแบบนี้ได้แล้วนะ ยากามิ
24-1501	auth	Don't get cocky, Yagami.	อย่าได้เหลิงไปนักเลยนะ ยากามิ
24-1502	auth	Sorry, I need to take this.	ขอโทษด้วยนะครับ ผมต้องรับสายนี้ก่อน
24-1503	auth	Excuse me.\nThis is important.	ขอตัวสักครู่นะครับ\nเรื่องนี้สำคัญมาก
24-1504	auth	Yes, hello.	ครับ สวัสดีครับ
24-1505	auth	I see.	เข้าใจแล้ว
24-1506	auth	Yes, you've done excellent work.\nThank you.	ครับ คุณทำได้ดีมากครับ\nขอบคุณนะครับ
24-1507	auth	Yes, well done.\nGoodbye.	ครับ เยี่ยมมากครับ\nสวัสดีครับ
24-1508	auth	Just so you're aware...	แค่อยากให้คุณรู้ไว้ว่า...
24-1509	auth	To be upfront with you...	ขอพูดตรงๆ กับคุณเลยนะครับว่า...
24-1510	auth	The prosecution has made a coordinated effort with law enforcement.\nWe've already submitted a request for the court to issue a warrant.	ทางอัยการได้ประสานงานกับ เจ้าหน้าที่ตำรวจแล้ว\nเราได้ยื่นคำร้องขอหมายจับต่อ ศาลไปเรียบร้อยแล้วครับ
24-1511	auth	We already requested an arrest warrant\nfor the suspect in the Shintani case.	เราได้ยื่นขอหมายจับผู้ต้องสงสัย\nในคดีของชินทานิไปแล้วครับ
24-1512	auth	I'm sorry for the call, but that was the\nverification of our request, you see.	ขอโทษด้วยที่ต้องรับสายกลางคัน แต่นั่นคือการยืนยัน\nคำร้องของเราน่ะครับ
24-1513	auth	That call just now was\nthe request being granted.	สายเมื่อกี้คือการแจ้งว่า\nคำร้องของเราได้รับการอนุมัติแล้วครับ
24-1514	auth	You're still going to arrest me\nafter all this, huh?	หลังจากเรื่องทั้งหมดนี้\nคุณก็ยังจะจับผมอยู่ดีสินะ?
24-1515	auth	After all I've told you,\nyou're still going to arrest me?	ทั้งที่ผมบอกทุกอย่างไปแล้ว\nคุณก็ยังจะจับผมอยู่ดีเหรอ?
24-1516	auth	Fortunately, you're not\nthe one under arrest.	โชคดีที่คุณ\nไม่ใช่คนที่จะถูกจับครับ
24-1517	auth	You're not the one we're going to arrest.	คุณไม่ใช่คนที่เราจะจับหรอกครับ
24-1518	auth	I wouldn't celebrate.\nWe're not done with you just yet.	แต่ก็ยังฉลองไม่ได้หรอกนะครับ\nเรายังไม่จบธุระกับคุณ
24-1519	auth	But, we do have a little job for you.	แต่เรามีธุระเล็กๆ น้อยๆ ให้คุณช่วยครับ
24-1520	auth	It's in the interest\nof closing the case.	เพื่อประโยชน์\nในการปิดคดีนี้ครับ
24-1521	auth	Of course, this is to resolve the case.	ก็แน่นอนครับ เพื่อคลี่คลายคดีนี้
24-1522	auth	Listen here, Yagami.	ฟังนะ ยากามิ
24-1523	auth	Listen close now, Yagami.	ฟังให้ดีนะ ยากามิ
24-1524	auth	You know who Shintani's killer was?	คุณรู้ไหมว่าใครคือคนที่ฆ่าชินทานิ?
24-1525	auth	The one who killed Shintani...	คนที่ฆ่าชินทานิน่ะ...
24-1526	auth	It's your old friend. Ayabe.	คือเพื่อนเก่าของคุณเอง อายาเบะ
24-1527	auth	...Was Kamurocho PD's Ayabe.	...คือ อายาเบะ แห่งตำรวจคามุโรโจ
24-1528	auth	Striations on the recovered bullet...\nAre a perfect match to his firearm.	รอยขีดข่วนบนหัวกระสุนที่เก็บกู้มาได้...\nตรงกับปืนของเขาพอดีเป๊ะ
24-1529	auth	The bullet extracted from his body\nwas shot from Ayabe's gun.	กระสุนที่ดึงออกจากร่างของเขา\nถูกยิงมาจากปืนของอายาเบะ
24-1530	auth	There's no doubt.	ไม่ต้องสงสัยเลยค่ะ
24-1531	auth	No doubt about it.	ไม่ต้องสงสัยแล้ว
24-1532	auth	He's the one.\nLike it or not, he's going down.	เขานี่แหละ\nจะชอบหรือไม่ก็ตาม เขาต้องซวยแน่
24-1533	auth	He's Shintani's killer.	เขาคือฆาตกรที่ฆ่าชินทานิ
24-1534	auth	Apologies for keeping you\nin the dark.	ต้องขออภัย\nที่ปิดบังคุณไว้
24-1535	auth	It was imperative for Ayabe to be completely\noblivious to our suspicions of him, after all.	เพราะยังไงอายาเบะก็ต้องไม่รู้เรื่อง\nว่าเราสงสัยเขาอยู่เลย
24-1536	auth	We didn't want Ayabe catching on\nthat we've suspected him for a while now.	เราไม่อยากให้อายาเบะรู้ตัว\nว่าเราสงสัยเขามาสักพักแล้ว
24-1537	auth	This is a murder charge against\nan active officer.	นี่คือข้อหาฆาตกรรม\nที่พุ่งเป้าไปที่ เจ้าหน้าที่ตำรวจซึ่งยัง ปฏิบัติหน้าที่อยู่
24-1538	auth	After all, he's still on active duty.	ยังไงเขาก็ยังปฏิบัติหน้าที่อยู่
24-1539	auth	To put it plainly,\nit takes more effort to actually make an arrest.	พูดตรงๆ ก็คือ\nการจับกุมจริงๆ ต้องใช้ความพยายามมากกว่านี้
24-1540	auth	It takes some political maneuvering\nto arrest an officer of the law.	การจับกุมเจ้าหน้าที่ผู้ บังคับใช้กฎหมาย\nต้องอาศัยการเดินเกมทางการเมือง พอสมควร
24-1541	auth	So, we had to pretend\nyou were our primary suspect.	เราเลยจำเป็นต้องทำที\nว่าคุณคือผู้ต้องสงสัยหลักของเรา
24-1542	auth	So instead we made it look\nlike you were the suspect.	เราเลยทำให้ดูเหมือน\nว่าคุณคือผู้ต้องสงสัยแทน
24-1543	auth	You and Ayabe have gotten\nto be pretty cozy these days.	ช่วงนี้คุณกับอายาเบะ\nก็สนิทกันดีไม่น้อยนี่
24-1544	auth	You and Ayabe have gotten\npretty buddy-buddy.	คุณกับอายาเบะ\nดูจะเป็นเพื่อนซี้กันไปแล้ว
24-1545	auth	Suspecting you was the perfect\nway to divert his attention.	การสงสัยคุณคือวิธี\nเบี่ยงเบนความสนใจเขาได้ดีที่สุด
24-1546	auth	It was the perfect misdirection.	มันคือการเบี่ยงเบนความสนใจที่ ลงตัวที่สุด
24-1547	auth	Okay then...	โอเค งั้น...
24-1548	auth	So this was all some kinda act.	งั้นเรื่องทั้งหมดนี้ก็แค่การแสดง
24-1549	auth	So it was all just an act?	งั้นทั้งหมดนี้ก็แค่ละครเรื่อง หนึ่งเหรอ?
24-1550	auth	An act?	การแสดงเหรอ?
24-1551	auth	Not at all, I assure you.	ไม่ใช่เลยครับ ผมยืนยันได้
24-1552	auth	This is quite serious, actually.	จริงๆ แล้วเรื่องนี้ร้ายแรงมาก
24-1553	auth	And I believe you should know,\nwe're aware of Ayabe's "side" job.	และผมว่าคุณควรรู้ไว้ด้วยว่า\nเรารู้เรื่อง "งานพิเศษ" ของอายาเบะ
24-1554	auth	Furthermore, this isn't where your role ends.	อีกอย่าง เรื่องของคุณยังไม่จบแค่นี้
24-1555	auth	Ayabe was an informant. A spy.\nHe was selling police intel on the black market.	อายาเบะเป็นสายข่าว เป็นสายลับ\nเขาขายข้อมูลลับของตำรวจในตลาดมืด
24-1556	auth	Officer Ayabe was leaking confidential\npolice intel outside the force...	เจ้าหน้าที่อายาเบะรั่วไหลข้อมูลลับ\nของตำรวจออกไปนอกหน่วย...
24-1557	auth	We plan to investigate those transactions\nthoroughly, Yagami-san.	เราวางแผนจะสืบสวนธุรกรรมพวกนั้น\nอย่างละเอียด ยากามิซัง
24-1558	auth	And we'll be investigating the extent\nof those leaks thoroughly.	และเราจะสืบให้ถึงที่สุดว่า\nข้อมูลรั่วไหลไปมากแค่ไหน
24-1559	auth	And so, it wouldn't surprise me in the slightest\nif we see you again in the near future.	ฉะนั้นถ้าเราจะได้เจอคุณอีก\nในอนาคตอันใกล้ ผมก็ไม่แปลกใจเลย
24-1560	auth	You may even be called upon to testify.	คุณอาจถูกเรียกไปเป็นพยานด้วยซ้ำ
24-1561	auth	Speak of the devil!\nWe were just talking about you...	พูดถึงพอดีเลย!\nเรากำลังคุยเรื่องนายอยู่พอดี...
24-1562	auth	Yo, we were just talking about you...	เฮ้ เรากำลังคุยเรื่องนายอยู่พอดี...
24-1563	auth	Ayabe-san.	อายาเบะซัง
24-1564	auth	Officer Ayabe.	คุณตำรวจอายาเบะ
24-1565	auth	Listen, Yagami.\nYou gotta help.	ฟังนะ ยากามิ\nนายต้องช่วยผม
24-1566	auth	Listen, Yagami.\nI'm in trouble here.	ฟังนะ ยากามิ\nผมกำลังมีเรื่องเดือดร้อน
24-1567	auth	Someone set me up.	มีใครบางคนใส่ร้ายผม
24-1568	auth	I'm getting arrested.	ผมกำลังจะโดนจับ
24-1569	auth	They're saying I killed Shintani.\nMe. Me!	พวกเขาบอกว่าผมฆ่าชินทานิ\nผมนะ ผม!
24-1570	auth	Someone's trying to pin\nShintani's murder on me.	มีใครบางคนพยายามป้ายความผิด\nคดีฆ่าชินทานิให้ผม
24-1571	auth	Uh huh.	อืม
24-1572	auth	You're... not surprised?	นาย... ไม่แปลกใจเลยเหรอ?
24-1573	auth	Are you even surprised?	นายแปลกใจบ้างไหมเนี่ย?
24-1574	auth	Not quite. Already heard.	ไม่เชิง ผมได้ยินมาแล้ว
24-1575	auth	Just heard about it myself, actually.	จริงๆ ผมเพิ่งได้ยินมาเหมือนกัน
24-1576	auth	 I'm sitting here with\nthe prosecution as we speak.	 ตอนนี้ผมนั่งอยู่กับ\nฝ่ายอัยการเลยด้วยซ้ำ
24-1577	auth	I'm with the guys issuing\nthe warrant now.	ผมอยู่กับคนที่กำลังออก\nหมายจับตอนนี้เลย
24-1578	auth	Yeah, they're looking right at me.	ใช่ พวกเขาจ้องมาที่ผมตรงๆ เลย
24-1579	auth	Yeah, they're staring right at me.	ใช่ พวกเขาจ้องมองผมอยู่ตรงๆ
24-1580	auth	Please, Yagami.\nYou have to take my case.	ขอร้องละ ยากามิ\nนายต้องรับคดีนี้ให้ผม
24-1581	auth	I think I'll need you to defend me.	ผมว่าผมต้องให้นายเป็นทนายแก้ต่างให้
24-1582	auth	I don't know where else to turn.	ผมไม่รู้จะหันไปพึ่งใครอีกแล้ว
24-1583	auth	You're the only guy who could.	มีนายคนเดียวเท่านั้นที่ทำได้
24-1584	auth	Okay. I'll do it.	โอเค ผมรับเรื่องนี้เอง
24-1585	auth	No problem.\nI can make that work.	ไม่มีปัญหา\nผมจัดการให้ได้
24-1586	auth	It's only fair after all you've done.	ก็แค่ตอบแทนสิ่งที่นายเคยทำให้ผมไว้
24-1587	auth	I owe you one anyway.	ยังไงผมก็เป็นหนี้นายอยู่แล้ว
24-1588	auth	We can talk more later.\nI'll be there soon.	ไว้คุยกันต่อทีหลัง\nผมจะไปหาเดี๋ยวนี้
24-1589	auth	I'll head down to the precinct.\nWe'll continue this there.	ผมจะไปที่โรงพัก\nแล้วค่อยคุยกันต่อที่นั่น
24-1590	auth	So. I'll see you in court, then.	งั้นแล้วเจอกันในศาลนะ
24-1591	auth	Looks like I'll be seeing you in court.	ท่าทางจะได้เจอกันในศาลจริงๆ ด้วย
24-1592	auth	Who you have on the job?\nIzumida?	ใครดูแลคดีนี้อยู่\nอิซุมิดะเหรอ?
24-1593	auth	I take it Prosecutor Izumida\nis on this one?	งั้นอัยการอิซุมิดะ\nเป็นคนดูแลคดีนี้สินะ?
24-1594	auth	Should be a good time.	ท่าทางจะสนุกน่าดู
24-1595	auth	Someone is using you, prosecutor.	มีใครบางคนกำลังใช้คุณอยู่นะ คุณอัยการ
24-1596	auth	But you're just the puppet here, aren't you?	แต่คุณก็แค่หุ่นเชิดในเรื่องนี้ ไม่ใช่เหรอ?
24-1597	auth	No matter who that person is...	ไม่ว่าคนคนนั้นจะเป็นใครก็ตาม...
24-1598	auth	My real opponent...	คู่ต่อสู้ตัวจริงของผม...
24-1599	auth	I'm not losing.	ผมจะไม่มีวันแพ้
24-1600	auth	...Is the one holding the strings.	...คือคนที่ดึงสายอยู่เบื้องหลัง
24-1601	auth	So that's the story, Genda-sensei.\nWe're gonna take the case.	เรื่องมันเป็นแบบนี้ครับ อาจารย์เก็นดะ\nเราจะรับคดีนี้
24-1602	auth	So that's the story, Sensei.\nCan someone at Genda Law represent Ayabe?	เรื่องมันเป็นแบบนี้ครับ อาจารย์\nพอจะมีใครที่สำนักงานเก็นดะรับ เป็นทนายให้อายาเบะได้ไหมครับ
24-1603	auth	Of course we are.	ได้อยู่แล้ว
24-1604	auth	What a mess...\nGot it.	วุ่นวายจริงๆ...\nรับทราบแล้ว
24-1605	auth	Anyway, you're gonna go talk to Ayabe,\nright? I'll send Hoshino-kun along.	ยังไงนายก็จะไปคุยกับอายาเบะ\nใช่ไหม เดี๋ยวผมส่งโฮชิโนะคุงไปด้วย
24-1606	auth	You're going to talk to Ayabe now?\nI'll let Hoshino-kun know.	นายจะไปคุยกับอายาเบะตอนนี้เหรอ\nเดี๋ยวผมบอกโฮชิโนะคุงให้
24-1607	auth	Yup. I'm heading over right now.	ครับ ผมกำลังจะไปเดี๋ยวนี้
24-1608	auth	Yeah.\nI'm on my way as we speak.	ครับ\nตอนนี้ผมกำลังไปเลย
24-1609	auth	It's open!	เปิดอยู่นะ!
24-1610	auth	I don't... understand.	ผม... ไม่เข้าใจ
24-1611	auth	You planned this?	ท่านวางแผนเรื่องนี้ไว้เหรอ?
24-1612	auth	My boy.	ไอ้ลูกชาย
24-1613	auth	My boy...	ไอ้ลูกชาย...
24-1614	auth	You need to stay away\nfrom Hamura.	นายต้องอยู่ห่างจาก\nฮามุระไว้
24-1615	auth	You need to leave Hamura be.	นายต้องปล่อยฮามุระไปซะ
24-1616	auth	The Mole's my top priority now.	ตอนนี้ไส้ศึกคือเป้าหมายอันดับ หนึ่งของผม
24-1617	auth	It's the Mole I'm after right now.	ตอนนี้ผมกำลังตามล่าไส้ศึกอยู่
24-1618	auth	And Hamura's the only\nperson I can ask.	และฮามุระก็เป็นคนเดียว\nที่ผมถามได้
24-1619	auth	I just wanted to ask\nthe captain some questions.	ผมแค่อยากถามคำถาม\nกัปตันสักหน่อยเท่านั้นเอง
24-1620	auth	Don't you understand?\nHamura's been compromised.	นายไม่เข้าใจเหรอ\nฮามุระถูกฝ่ายตรงข้ามครอบงำไปแล้ว
24-1621	auth	It's one and the same.\nYou see that, don't you?	มันคือเรื่องเดียวกัน\nนายก็เห็นอยู่ไม่ใช่เหรอ
24-1622	auth	Him and that Mole you're chasing?\nThey're in this together.	เขากับไส้ศึกที่นายตามล่าอยู่น่ะเหรอ\nทั้งคู่ร่วมมือกันอยู่
24-1623	auth	Hamura and the Mole\nhave deep ties.	ฮามุระกับไส้ศึก\nมีสายสัมพันธ์ลึกซึ้งกัน
24-1624	auth	Time to let it go.	ถึงเวลาปล่อยมันไปแล้ว
24-1625	auth	So put this to rest.	เพราะงั้นก็เลิกยุ่งกับเรื่องนี้ซะ
24-1626	auth	What if I say no?	แล้วถ้าผมปฏิเสธล่ะ?
24-1627	auth	And if I refuse?	แล้วถ้าผมไม่ยอมล่ะ?
24-1628	auth	I couldn't tell you what might\nhappen. He's dangerous.	ผมบอกไม่ได้ว่าจะเกิดอะไรขึ้น\nเขาอันตรายเกินไป
24-1629	auth	It's dangerous to get any closer.\nTrust me.	การเข้าใกล้เขามันอันตราย\nเชื่อผมเถอะ
24-1630	auth	What do you mean,\nhe's dangerous?	หมายความว่าไง\nที่บอกว่าเขาอันตราย?
24-1631	auth	Dangerous how?	อันตรายยังไง?
24-1632	auth	If you can't tell me that,\nwhy should I stop?	ถ้าท่านบอกผมไม่ได้แม้แต่เรื่องนั้น\nแล้วผมจะหยุดไปทำไม?
24-1633	auth	I won't give up without\na real reason.	ผมจะไม่ยอมล้มเลิก\nถ้าไม่มีเหตุผลจริงๆ
24-1634	auth	He has backing...	เขามีคนหนุนหลังอยู่...
24-1635	auth	The boy has money on his side,\nand a lot of it. 	เจ้าหนุ่มคนนั้นมีเงินหนุนหลัง\nและมีมากด้วย 
24-1636	auth	Someone more powerful\nthan even I know.	คนที่มีอำนาจมากกว่า\nที่แม้แต่ผมยังรู้จักไม่หมด
24-1637	auth	And I...\ndon't know who he gets it from.	และผม...\nก็ไม่รู้ว่าเขาได้มาจากใคร
24-1638	auth	Which is why I can't say any more.	นั่นแหละคือเหตุผลที่ผมพูดได้แค่นี้
24-1639	auth	I suggest you don't\npush the matter.	ผมแนะนำว่าอย่า\nไปยุ่งกับเรื่องนี้มากกว่านี้เลย
24-1640	auth	If you insist on pushing forward...	ถ้านายยังยืนกรานจะเดินหน้าต่อ...
24-1641	auth	But if you really want to put yourself in\nharm's way, then let me be the one to do it.	แต่ถ้านายอยากพาตัวเองเข้าไป เสี่ยงอันตรายจริงๆ\nก็ให้ผมเป็นคนจัดการเองแล้วกัน
24-1642	auth	I'll have to take you\nout of commission for a while.	ผมคงต้องทำให้นาย\nหมดสภาพไปพักหนึ่ง
24-1643	auth	At least then you'll\nmake it out alive.	อย่างน้อยนายก็\nยังรอดชีวิตอยู่
24-1644	auth	At least you'd live that way.	อย่างน้อยนายก็ยังมีชีวิตอยู่แบบนั้น
24-1645	auth	You'd do that?	ท่านจะทำแบบนั้นจริงๆ เหรอ?
24-1646	auth	Sir...	ท่าน...
24-1647	auth	You know, you and Kaito, well...\nI've always tried to keep you two kids safe.	รู้ไหม นายกับไคโตะน่ะ...\nผมพยายามปกป้องเด็กสองคนนี้มาตลอด
24-1648	auth	I've looked after you two\nsince you were boys.	ผมดูแลนายทั้งสองคน\nมาตั้งแต่ยังเป็นเด็กเลย
24-1649	auth	All this time... I've never asked\nfor anything in return.	ตลอดเวลาที่ผ่านมา... ผมไม่เคยขอ\nอะไรตอบแทนเลย
24-1650	auth	I've never asked for much\nin return for that.	ผมไม่เคยขออะไรมากมาย\nเป็นการตอบแทนเลย
24-1651	auth	But here we are.	แต่ตอนนี้เราก็มาถึงจุดนี้กันแล้ว
24-1652	auth	This is... the only thing\nthat I'll ever ask of you.	นี่คือ... สิ่งเดียว\nที่ผมจะขอจากนายตลอดไป
24-1653	auth	So this is the first and the last time.	ฉะนั้นนี่จะเป็นครั้งแรกและ ครั้งสุดท้าย
24-1654	auth	Abandon this pursuit\nof the Mole.	เลิกตามล่า\nไส้ศึกซะ
24-1655	auth	Why not get out of town for a while?	ออกไปจากเมืองนี้สักพักดีไหม?
24-1656	auth	If you've ever held\na shred of regard for me...	ถ้านายเคยมี\nความนับถือในตัวผมอยู่บ้าง...
24-1657	auth	If you feel even remotely\nindebted to me...	ถ้านายรู้สึกเป็นหนี้บุญคุณผม\nอยู่บ้างสักนิด...
24-1658	auth	Then heed this one request.	ก็ขอให้ทำตามคำขอนี้ของผมสักครั้ง
24-1659	auth	Grant me this one request.	ขอร้องละ ทำตามคำขอนี้ให้ผมสักครั้ง
24-1660	auth	I'm not turning back.\nThe risk doesn't matter anymore.	ผมไม่ถอยหรอก\nความเสี่ยงมันไม่สำคัญอีกแล้ว
24-1661	auth	The Mole is involved with the ADDC.	ไส้ศึกเกี่ยวข้องกับ ADDC
24-1662	auth	Okubo, the Mole, the ADDC,\nit all connects.	โอคุโบะ ไส้ศึก ADDC\nทุกอย่างเชื่อมโยงกันหมด
24-1663	auth	It's coming full circle to Okubo's\ncase three years ago, too.	มันวนกลับไปที่คดีของโอคุโบะ\nเมื่อสามปีก่อนด้วยเหมือนกัน
24-1664	auth	This isn't about what\nregard I have for you.	นี่ไม่ใช่เรื่องที่ว่าผมนับถือ\nท่านมากแค่ไหน
24-1665	auth	Call me an ingrate\nif you want, but...	จะหาว่าผมเนรคุณ\nก็ได้ แต่...
24-1666	auth	I won't stop.	ผมจะไม่หยุด
24-1667	auth	I won't back down.	ผมจะไม่ถอย
24-1668	auth	Then I'm sorry.	ถ้างั้นก็ขอโทษด้วยนะ
24-1669	auth	You goddamn fool...	ไอ้เด็กบ้าเอ๊ย...
24-1670	auth	Boss.	หัวหน้าครับ
24-1671	auth	I've always looked up to you...\nAnd good yakuza don't disobey.	ผมเคารพนับถือท่านมาตลอด...\nและยากูซ่าที่ดีไม่ขัดคำสั่ง
24-1672	auth	Your orders have always\nbeen absolute to me.	คำสั่งของท่านคือสิ่งเด็ดขาด\nสำหรับผมมาตลอด
24-1673	auth	But now...	แต่ตอนนี้...
24-1674	auth	But it's different now.	แต่ตอนนี้มันต่างออกไป
24-1675	auth	 I'm in Yagami's corner, dammit.	 ผมอยู่ข้างยากามิแล้ว ให้ตายสิ
24-1676	auth	Now I'm with\nthe Yagami Detective Agency.	ตอนนี้ผมอยู่กับ\nสำนักงานนักสืบยากามิแล้ว
24-1677	auth	Yes, that you are.	ใช่... นายเป็นแบบนั้นจริงๆ
24-1678	auth	Yes, true enough.	ใช่... จริงอย่างที่ว่า
24-1679	auth	Matsugane-san!	ท่านมัตสึกาเนะ!
24-1680	auth	Sir...!	ท่าน...!
24-1681	auth	Higashi!	ฮิงาชิ!
24-1682	auth	Sir!	รับทราบ!
24-1683	auth	Yes, sir!?	รับทราบครับ!?
24-1684	auth	Pick your side.	เลือกฝั่งของนายซะ
24-1685	auth	Time to choose.	ถึงเวลาต้องเลือกแล้ว
24-1686	auth	I've had enough.\nYou're Matsugane, are you not?	ผมทนพอแล้ว\nนายเป็นคนของตระกูลมัตสึกาเนะ ไม่ใช่เหรอ
24-1687	auth	You're a Matsugane man, aren't you?	นายเป็นคนของตระกูลมัตสึกาเนะ ไม่ใช่เหรอ?
24-1688	auth	I am, boss.	ผมเป็นครับ หัวหน้า
24-1689	auth	Of course, sir!	แน่นอนครับ!
24-1690	auth	Prove it then.	งั้นก็พิสูจน์มาสิ
24-1691	auth	Prove it, then.	พิสูจน์มาให้ดูสิ
24-1692	auth	Bad luck, dude.\nGuess we're doin' this, huh?	ซวยแล้วไง เพื่อน\nงั้นเราคงต้องสู้กันจริงๆ สินะ?
24-1693	auth	You jackass. Why're you staring\nlike a deer in headlights?	ไอ้บ้าเอ๊ย ทำหน้าตื่นๆ\nอย่างกับเจองูอยู่ได้
24-1694	auth	Not like we got a choice.	ก็ไม่เห็นเรามีทางเลือกซะหน่อย
24-1695	auth	You don't have a choice now.	ตอนนี้นายไม่มีทางเลือกแล้ว
24-1696	auth	And now that we're up against the wall,\nyou're just gonna have to do it.	ตอนนี้เราจนมุมแล้ว\nนายก็ต้องลงมือเท่านั้นแหละ
24-1697	auth	And that being the case,\nyou've gotta come at me to kill.	ในเมื่อเป็นแบบนั้น\nนายก็ต้องเข้ามาฆ่าผมให้ได้
24-1698	auth	Let's see what you've got!	มาดูกันว่านายมีดีแค่ไหน!
24-1699	auth	So man the fuck up!	งั้นก็ทำใจให้แข็งเข้าไว้!
24-1700	auth	I'm sure he's gonna be just fine...	ผมมั่นใจว่าเขาต้องไม่เป็นไรแน่...
24-1701	auth	A pep talk, really?	จะให้กำลังใจกันจริงๆ เหรอเนี่ย?
24-1702	auth	Time to die!	ได้เวลาตายแล้ว!
24-1703	auth	Let's fuckin' go!	ลุยกันเลยเว้ย!
24-1704	auth	That was simple for you two.\nFar too simple.	นายสองคนจัดการมันง่ายเกินไป\nง่ายเกินไปจริงๆ
24-1705	auth	You two are really something.	นายสองคนนี่สุดยอดจริงๆ
24-1706	auth	Makes me realize\nhow old I really am.	ทำให้ผมรู้ตัวเลย\nว่าตัวเองแก่แค่ไหนแล้ว
24-1707	auth	All those yakuza couldn't stop you.	ยากูซ่าพวกนั้นทั้งหมดหยุดนาย ไม่ได้เลย
24-1708	auth	It's a shame, isn't it?\nThat I've all but faded away.	น่าเสียดายเนอะ\nที่ผมแทบจะเลือนหายไปแล้ว
24-1709	auth	By comparison,\nI've really lost my way.	เทียบกันแล้ว\nผมนี่หลงทางไปไกลจริงๆ
24-1710	auth	Ah... Time sure flies, my boy.	อา... เวลาผ่านไปเร็วจริงๆ ไอ้ลูกชาย
24-1711	auth	Wouldn't you say, my boy?	นายว่าไหมล่ะ ไอ้ลูกชาย?
24-1712	auth	Just gets worse and worse\nwith every year.	ยิ่งนานวันก็ยิ่งแย่ลง\nทุกๆ ปี
24-1713	auth	Back when we first met...	ตอนที่เราเจอกันครั้งแรก...
24-1714	auth	Damn tragic.	น่าเศร้าจริงๆ
24-1715	auth	Things were different.	ตอนนั้นทุกอย่างมันต่างออกไป
24-1716	auth	Matsugane...	ท่านมัตสึกาเนะ...
24-1717	auth	And stay down, asshole!	หมอบอยู่ตรงนั้นแหละ ไอ้สารเลว!
24-1718	auth	Stay down already,\nyou little shit!	หมอบไปซะ\nไอ้เศษสวะ!
24-1719	auth	Not gonna be... that easy...	ไม่ได้... ง่ายขนาดนั้นหรอก...
24-1720	auth	I'm not... done yet...	ผม... ยังไม่จบแค่นี้...
24-1721	auth	Heh, you're really laying\nit on him, Kaito!	แหะ นายซัดเขาซะเละเลยนะ\nไคโตะ!
24-1722	auth	You're handing that boy his ass, Kaito.	นายอัดเจ้าหนุ่มนั่นซะน่วมเลย ไคโตะ
24-1723	auth	Oh, boss.	อ้าว หัวหน้าครับ
24-1724	auth	Boss?	หัวหน้าครับ?
24-1725	auth	Is this the Yagami kid\nyou were talking about?	นี่คือไอ้หนูยากามิ\nที่นายพูดถึงเหรอ?
24-1726	auth	This is that Yagami kid\nyou mentioned?	นี่คือไอ้หนูยากามิ\nที่นายเคยพูดถึงใช่ไหม?
24-1727	auth	Yup. Happens every fuckin' time\nI run into the guy.	ใช่ครับ เจอเขาทีไร\nก็เป็นแบบนี้ทุกทีเลย
24-1728	auth	Yeah, it's the same story\nevery time we meet.	ใช่ครับ เรื่องเดิมๆ\nทุกครั้งที่เจอกันเลย
24-1729	auth	So, asshole.	เอาล่ะ ไอ้สารเลว
24-1730	auth	Hey, kid.	เฮ้ ไอ้หนู
24-1731	auth	You get some kinda sick pleasure\noutta him beating the crap outta you?	มึงมีความสุขวิปริตอะไร\nกับการโดนมันซ้อมจนน่วมด้วยเหรอ?
24-1732	auth	Do you enjoy getting\nyour ass kicked by Kaito?	มึงชอบโดนไคโตะ\nอัดจนน่วมแบบนี้เหรอ?
24-1733	auth	Time after time,\nyou just keep coming back for seconds.	ครั้งแล้วครั้งเล่า\nมึงก็ยังกลับมาให้มันซ้อมอีก
24-1734	auth	No matter how often you lose,\nyou keep antagonizing him.	ไม่ว่าจะแพ้กี่ครั้ง\nมึงก็ยังยั่วโมโหมันอยู่นั่นแหละ
24-1735	auth	You all right in the brain, kiddo?	สมองมึงยังปกติดีอยู่ไหมเนี่ย ไอ้หนู?
24-1736	auth	You got a few screws loose?	มึงประสาทหลุดไปแล้วหรือไง?
24-1737	auth	I'm saner than you,\nyou bullshit yakuza!	ผมสติดีกว่านายซะอีก\nไอ้ยากูซ่าสารเลว!
24-1738	auth	I'm not crazy,\nyou piece of shit yakuza!	ผมไม่ได้บ้า\nไอ้ยากูซ่าเศษสวะ!
24-1739	auth	Heh. "Bullshit yakuza", huh?	แหะ "ยากูซ่าสารเลว" เหรอ?
24-1740	auth	Piece of shit yakuza, eh?	"ยากูซ่าเศษสวะ" งั้นเหรอ?
24-1741	auth	Some rotten attitude you got there.	มึงนี่ทัศนคติเน่าใช้ได้เลยนะ
24-1742	auth	You've got an attitude problem.	มึงนี่มีปัญหาเรื่องทัศนคติจริงๆ
24-1743	auth	Why don't you go fuck yourself!?	ไปตายซะไป๊!?
24-1744	auth	Like you've got room to talk!	แล้วนายมีสิทธิ์อะไรมาว่าผม!
24-1745	auth	Who the fuck do you think you are!?	คิดว่าตัวเองเป็นใครกันวะ!?
24-1746	auth	Don't get cocky, you little punk!	อย่าทำตัวยโสนักไอ้หนูน้อย!
24-1747	auth	Wha?	ห๊ะ?
24-1748	auth	Heh. Back in the day...	แหะ สมัยก่อนน่ะ...
24-1749	auth	You know...	รู้อะไรไหม...
24-1750	auth	...I was a lot more like you\nthan I think you even know.	...กูเคยเป็นเหมือนมึง\nมากกว่าที่มึงคิดซะอีก
24-1751	auth	I was just like you,\nonce upon a time.	กูเคยเป็นแบบมึงนี่แหละ\nเมื่อก่อน
24-1752	auth	I was in a real bad place, so I just started\npunching anything that pissed me off.	กูอยู่ในจุดที่แย่มากๆ เลยเอาแต่\nต่อยทุกอย่างที่ทำให้กูหัวเสีย
24-1753	auth	I'd given up on life, and I was punching\nanything that pissed me off.	กูหมดหวังกับชีวิต แล้วก็ต่อย\nทุกอย่างที่ทำให้กูโมโห
24-1754	auth	And before long, my time was up. Nowhere left\nfor me to go except this cesspool of a city.	ไม่นานเวลาของกูก็หมดลง ไม่เหลือที่ไป\nนอกจากเมืองบัดซบแห่งนี้
24-1755	auth	Before I knew it, the only place\nI belonged was in this dump of a city.	ก่อนจะรู้ตัว ที่เดียวที่กู\nอยู่ได้ก็คือเมืองเน่าๆ แห่งนี้
24-1756	auth	And you, my boy...\nThat's exactly where you are.	แล้วมึงล่ะ ไอ้หนู...\nมึงก็อยู่ตรงจุดนั้นแหละตอนนี้
24-1757	auth	That sound about right?	แบบนั้นถูกไหม?
24-1758	auth	Don't talk like you know me...	อย่าพูดเหมือนนายรู้จักผมดีนัก...
24-1759	auth	Shut up...!	หุบปาก...!
24-1760	auth	You don't know shit!	นายไม่รู้อะไรเลยสักนิด!
24-1761	auth	Don't talk like you know me.	อย่าพูดเหมือนนายรู้จักผมดี
24-1762	auth	Oh but I do, you see.	แต่กูรู้จักมึงดีนะ
24-1763	auth	I know you well enough.	กูรู้จักมึงดีพออยู่
24-1764	auth	When I was your age, my life was going down\nthe shitter, and I just kept flushing.	ตอนกูอายุเท่ามึง ชีวิตกูดิ่งลงเหว\nแล้วกูก็ปล่อยให้มันดิ่งต่อไป
24-1765	auth	I've been making the wrong calls\nand regretting it since I was a boy.	กูตัดสินใจผิดพลาด\nแล้วเสียใจมาตั้งแต่ยังเด็ก
24-1766	auth	And now...	และตอนนี้...
24-1767	auth	So believe me...	เพราะงั้นเชื่อกูเถอะ...
24-1768	auth	You, my boy...\nYou're the same little punk I was.	มึงน่ะ ไอ้หนู...\nมึงก็เหมือนไอ้หนุ่มเกกมะเหรก ที่กูเคยเป็น
24-1769	auth	I can recognize a punk in one look.	กูดูออกทันทีว่าใครเป็นเด็กเกเร
24-1770	auth	I can tell.	กูดูออก
24-1771	auth	Am I wrong?	พูดผิดหรือเปล่า?
24-1772	auth	You know... Sometimes people have\nno choice but to turn to the yakuza.	รู้ไหม... บางทีคนเราก็\nไม่มีทางเลือกอื่นนอกจากเข้า วงการยากูซ่า
24-1773	auth	Except for me, going yakuza\nwas basically my only choice.	สำหรับกู การเป็นยากูซ่า\nคือทางเลือกเดียวที่มีจริงๆ
24-1774	auth	But... even if my chance is gone...	แต่... ต่อให้โอกาสของกูหมดไปแล้ว...
24-1775	auth	But at your age...	แต่ในวัยของมึง...
24-1776	auth	You've got a future ahead o' ya.	มึงยังมีอนาคตรออยู่ข้างหน้า
24-1777	auth	You've got options still.	มึงยังมีทางเลือกอยู่
24-1778	auth	Now, I might've called\nthis place a cesspool...	เอาล่ะ กูอาจจะเรียก\nที่นี่ว่าเมืองบัดซบไปแล้ว...
24-1779	auth	I know I called this city a dump...　	กูรู้ว่ากูเรียกเมืองนี้ว่าเมืองเน่าๆ ไปแล้ว...
24-1780	auth	But it's more than that.	แต่มันมีอะไรมากกว่านั้น
24-1781	auth	But that's not true.	แต่นั่นไม่จริงเลยนะ
24-1782	auth	Kamurocho... It's a city of dreams. Where even\nfrom the gutters, you can shoot for the stars.	คามุโรโจ... มันคือเมืองแห่งความฝัน\nต่อให้เริ่มจากก้นเหว ก็ยังไขว่คว้าดวงดาวได้
24-1783	auth	This city is where people go when they hit\nrock bottom, to try clawing their way back up.	เมืองนี้แหละที่คนตกต่ำสุดขีด\nยังดั้นด้นปีนป่ายกลับขึ้นมาได้
24-1784	auth	So if you wanna get ahead\nin this town...	ฉะนั้นถ้าแกอยากได้ดี\nในเมืองนี้...
24-1785	auth	If that's of interest to you...	ถ้าแกสนใจเรื่องนั้นนะ...
24-1786	auth	Well, kid.\nI'll teach you everything I know.	เอาล่ะ ไอ้หนู\nฉันจะสอนทุกอย่างที่รู้ให้แก
24-1787	auth	I'll teach you everything\nyou'll need to know.	ฉันจะสอนทุกอย่าง\nที่แกจำเป็นต้องรู้
24-1788	auth	But look...	แต่ฟังนะ...
24-1789	auth	Starting with this...	เริ่มจากเรื่องนี้ก่อนเลย...
24-1790	auth	If nothing else, you might wanna lay off\nyour little date nights with Kaito.	อย่างน้อยที่สุด เลิก "ไปเดต" กับไคโตะ\nบ่อยๆ ได้แล้วนะ
24-1791	auth	Stop picking fights with Kaito\nthat you can't win.	เลิกไปหาเรื่องไคโตะ\nทั้งที่แกสู้เขาไม่ได้เสียที
24-1792	auth	Everyone ready?	ทุกคนพร้อมรึยัง?
24-1793	auth	Here we go!	มาเลย!
24-1794	auth	Going in...!	ลุยเลย...!
24-1795	auth	Alright, place your bets!	เอาล่ะ วางเดิมพันได้เลย!
24-1796	auth	Place your bets!	วางเดิมพันได้เลย!
24-1797	auth	C'mon! Last call!\nAll right, I got one over here.	เร็วเข้า! รอบสุดท้ายแล้วนะ!\nเอาล่ะ ได้คนนึงตรงนี้
24-1798	auth	Come on, call 'em!	เร็วเข้า ทายมาสิ!
24-1799	auth	Anyone taking even?\nI got an even!	มีใครแทงคู่มั้ย?\nได้คู่คนนึงแล้ว!
24-1800	auth	Even? Anyone for even?	คู่มั้ย? มีใครแทงคู่มั้ย?
24-1801	auth	C'mon, c'mon, let's go!	เร็วเข้า เร็วเข้า ไปกันเลย!
24-1802	auth	Go already. Hurry up.	ไปได้แล้ว รีบหน่อย
24-1803	auth	Next round, let's go!	รอบต่อไป ลุยเลย!
24-1804	auth	Kaito-san!　	ไคโตะซัง!
24-1805	auth	Bets down!	ปิดรับแทง!
24-1806	auth	The bets are in.	รับแทงครบแล้ว
24-1807	auth	Alright! Let's go!	เอาล่ะ! ไปกันเลย!
24-1808	auth	Come on, come on!	เร็วเข้า เร็วเข้า!
24-1809	auth	Show it!	เปิดเลย!
24-1810	auth	Moment of truth!	ถึงเวลาชี้ชะตาแล้ว!
24-1811	auth	Yes! There we go!	เย่! มาแล้ว!
24-1812	auth	Yeah, there we go!　	ใช่เลย มาแล้ว!
24-1813	auth	Oh, I'm on fucking fire tonight!	โอ้ คืนนี้กูดวงเฮงเป็นบ้าเลย!
24-1814	auth	Finally getting my groove back!　	ในที่สุดก็กลับมาเข้าฟอร์มแล้ว!
24-1815	auth	Hell yeah, Captain!	ใช่เลย กัปตัน!
24-1816	auth	Good call, Captain!	ตัดสินใจเจ๋งมาก กัปตัน!
24-1817	auth	We're just getting started!	เพิ่งจะเริ่มต้นกันเองนะ!
24-1818	auth	Keep 'em coming!	เอามาเรื่อยๆเลย!
24-1819	auth	Watch your fucking feet!	ดูตีนมึงด้วยสิวะ!
24-1820	auth	Watch where you're walking!	ดูทางเดินหน่อยสิ!
24-1821	auth	You fucking serious?\nGet the fuck out of here!	จะเอาจริงป่ะเนี่ย?\nไสหัวไปให้พ้นเลย!
24-1822	auth	C'mon, asshole!	เร็วเข้าสิ ไอ้เวร!
24-1823	auth	Such a small world, isn't it?	โลกมันแคบจริงๆ เนอะ?
24-1824	auth	It's been a while, Captain.	ไม่เจอกันนานเลยนะ กัปตัน
24-1825	auth	You're not exactly\nan easy man to find.	แกนี่ไม่ใช่คน\nที่หาตัวง่ายๆ เลยนะ
24-1826	auth	It wasn't easy finding you.　	กว่าจะตามหาแกเจอก็ไม่ง่ายเลย
24-1827	auth	Shit.	แย่แล้ว
24-1828	auth	Shit...!	แม่ง...!
24-1829	auth	Go!	ไปเลย!
24-1830	auth	Again, huh. Ready Tak?	อีกแล้วเหรอเนี่ย พร้อมรึยัง ทาคุ?
24-1831	auth	Let's do it, Tak!	ลุยกันเลย ทาคุ!
24-1832	auth	You done yet?	จบรึยัง?
24-1833	auth	Are you done?	หมดแรงรึยัง?
24-1834	auth	Or do you want me\nto keep hitting you?	หรือแกอยากให้ฉัน\nซัดต่ออีกมั้ย?
24-1835	auth	We can keep fighting if you want.	จะสู้กันต่อก็ได้นะถ้าอยากสู้
24-1836	auth	Oh fuck you!	แม่งเอ๊ย ช่างมึงเถอะ!
24-1837	auth	Fuck you...!	ช่างมึงเถอะ...!
24-1838	auth	You hired the thief that stole\nthe money from the office that day. 	แกนั่นแหละที่จ้างไอ้ขโมย\nที่ปล้นเงินจากออฟฟิศวันนั้น
24-1839	auth	The thief that stole the\nhundred mil from the family safe...	ไอ้ขโมยที่ปล้นเงินร้อยล้าน\nจากเซฟตระกูลไปน่ะ...
24-1840	auth	It was all just a setup,\nwasn't it Hamura?	ทั้งหมดมันคือแผนที่แกวางไว้\nใช่มั้ย ฮามุระ?
24-1841	auth	That was your doing, wasn't it?	นั่นคือฝีมือแกใช่มั้ย?
24-1842	auth	What, memory's eludin' ya?	ไง ความจำแกเสื่อมไปรึไง?
24-1843	auth	You set me up to take the fall?	แกใส่ร้ายให้ฉันรับเคราะห์แทนใช่มั้ย?
24-1844	auth	Buuut it's all water under the bridge,\nisn't it. Now that I can do this.	แต่ก็ผ่านไปแล้วนี่นะ...\nในเมื่อฉันทำแบบนี้ได้แล้ว
24-1845	auth	Actually, we've got\nmore pressing questions.	จริงๆ แล้วเรามีคำถาม\nที่สำคัญกว่านั้นอีก
24-1846	auth	What about the Mole? Everything he does\nis under your command, huh?	แล้วไส้ศึกล่ะ? ทุกอย่างที่มันทำ\nอยู่ใต้คำสั่งแกใช่มั้ย?
24-1847	auth	The Mole...\nHe's an assassin under your employ, right?	ไส้ศึก...\nมันคือมือสังหารที่แกจ้างมาใช่มั้ย?
24-1848	auth	How many people has\nthe Mole murdered?	ไส้ศึกมันฆ่าคนไป\nกี่ศพแล้ว?
24-1849	auth	How many people has he killed?	มันฆ่าคนไปกี่คนแล้ว?
24-1850	auth	All those Kyorei guys. Shintani.\nNo way those are the only ones.	พวกตระกูลเคียวเรอิทั้งหมดนั่น แล้วก็ชินทานิ\nไม่มีทางที่จะมีแค่นี้แน่
24-1851	auth	The Kyorei Clan yakuza, Shintani...\nThe list doesn't end there, does it?	พวกยากูซ่าตระกูลเคียวเรอิ ชินทานิ...\nรายชื่อมันไม่ได้จบแค่นี้ใช่มั้ย?
24-1852	auth	Shintani, before he got murdered, was so sure\nthe Mole wasn't part of some yakuza war. 	ก่อนชินทานิจะถูกฆ่า เขามั่นใจมาก\nว่าไส้ศึกไม่เกี่ยวกับสงคราม ยากูซ่าที่ไหน
24-1853	auth	Before Shintani died, he said\nthe Mole's targets weren't yakuza related.	ก่อนชินทานิจะตาย เขาบอกว่า\nเป้าหมายของไส้ศึกไม่เกี่ยวกับยากูซ่า
24-1854	auth	He wouldn't have said that\nwithout information to support it.	เขาคงไม่พูดแบบนั้น\nถ้าไม่มีข้อมูลรองรับหรอก
24-1855	auth	And he probably knew more than that.	แล้วเขาก็คงรู้มากกว่านั้นด้วย
24-1856	auth	And so, you had to silence him.\nMade the Mole use Ayabe's gun to hide the trail.	แกเลยต้องปิดปากเขา\nสั่งให้ไส้ศึกใช้ปืนของอายาเบะ เพื่อกลบร่องรอย
24-1857	auth	Is that why you silenced him?\nYou even got the Mole to use Ayabe's gun.	นั่นแหละเหตุผลที่แกปิดปากเขาใช่มั้ย?\nแกยังให้ไส้ศึกใช้ปืนของอายาเบะ อีกต่างหาก
24-1858	auth	Like hell I did.	กูไม่ได้ทำแบบนั้นซะหน่อย
24-1859	auth	I wouldn't know...	กูไม่รู้เรื่องด้วยหรอก...
24-1860	auth	Shintani knew your secret.\nHe knew the Mole murders were linked to the ADDC.	ชินทานิรู้ความลับของแก\nเขารู้ว่าคดีฆาตกรรมของไส้ศึกโยงกับ ADDC
24-1861	auth	Shintani must have found something that\ntied the Kamurocho killings to the ADDC.	ชินทานิต้องเจออะไรบางอย่าง\nที่โยงคดีฆาตกรรมในคามุโรโจเข้ากับ ADDC แน่ๆ
24-1862	auth	All this comes right back to AD-9,\ndoesn't it?	ทั้งหมดนี้มันย้อนกลับไปที่ AD-9\nใช่มั้ย?
24-1863	auth	This has something to do\nwith AD-9, doesn't it!?	เรื่องนี้มันเกี่ยวกับ AD-9\nใช่มั้ยล่ะ!?
24-1864	auth	Shove it up your ass!	เอาไปแหกตูดมึงเองเถอะ!
24-1865	auth	I told you I don't know!　	บอกแล้วไงว่ากูไม่รู้!
24-1866	auth	Now hands off!\nOr I'm gonna fucking kill you!	ปล่อยมือซะ!\nไม่งั้นกูจะฆ่ามึงซะเดี๋ยวนี้!
24-1867	auth	Let go of me, Kaito!\nI'll kill you!	ปล่อยกูนะ ไคโตะ!\nกูจะฆ่ามึง!
24-1868	auth	You seriously never listen, huh?	นายนี่ไม่ยอมฟังใครจริงๆ เนอะ?
24-1869	auth	Just sit tight\nand let Tak do the talking.	อยู่นิ่งๆ ไปก่อน\nแล้วให้ทาคุเป็นคนพูดเอง
24-1870	auth	Hamura.	ฮามุระ
24-1871	auth	...Hamura.	...ฮามุระ
24-1872	auth	The Center's Director, Kido.	ผู้อำนวยการศูนย์ คิโดะ
24-1873	auth	Kido from the ADDC...	คิโดะแห่ง ADDC...
24-1874	auth	Is he the one who's behind\nall this carnage?	เขาคือคนที่อยู่เบื้องหลัง\nการสังหารหมู่ครั้งนี้ใช่มั้ย?
24-1875	auth	He's the real maestro here, right?	เขาคือตัวการตัวจริงในเรื่องนี้ ใช่มั้ย?
24-1876	auth	Is it Kido?	ใช่คิโดะรึเปล่า?
24-1877	auth	Is that not right?	ไม่ใช่อย่างที่ผมว่ารึไง?
24-1878	auth	Or am I off?	หรือว่าผมคิดผิดไป?
24-1879	auth	Start talking quick, asshole!	รีบพูดมาซะดีๆ ไอ้เวร!
24-1880	auth	Why aren't you talking!?	ทำไมไม่ยอมพูดวะ!?
24-1881	auth	Not feelin' it, huh?\nThen how 'bout I kill you right here!	ไม่อยากพูดใช่มั้ย?\nงั้นให้ฉันฆ่าแกซะตรงนี้เลยดีกว่า!
24-1882	auth	Would you rather die right here\nthan answer the question!?	แกอยากตายตรงนี้เลยดีกว่า\nตอบคำถามใช่มั้ย!?
24-1883	auth	Kido's not our guy.	คิโดะไม่ใช่พวกกู
24-1884	auth	So it isn't Kido?	งั้นก็ไม่ใช่คิโดะสินะ?
24-1885	auth	And the phone call. When Shintani tried to reach the Center...\nHe wasn't trying to talk to Director Kido at all.	แล้วโทรศัพท์นั่นล่ะ ตอนที่ชินทานิพยายามติดต่อศูนย์...\nเขาไม่ได้ต้องการคุยกับ ผู้อำนวยการคิโดะเลยสักนิด
24-1886	auth	When Shintani called the ADDC,\nhe asked for Shono, not Kido.	ตอนชินทานิโทรไปที่ ADDC\nเขาขอสายโชโนะ ไม่ใช่คิโดะ
24-1887	auth	It does seem we received a phone call\nfrom this Shintani-san you speak of.	ดูเหมือนพวกเราจะได้รับสาย\nจากชินทานิซังที่มึงพูดถึงอยู่จริงๆ นะ
24-1888	auth	It seems we did receive a phone call\nfrom this Shintani-san fellow.	ดูเหมือนพวกเราจะได้รับสายจาก\nชินทานิซังคนที่มึงพูดถึงอยู่จริง
24-1889	auth	Do you know who he was calling?	รู้มั้ยว่าเขาโทรหาใคร?
24-1890	auth	Do you know who he called?	รู้รึเปล่าว่าเขาโทรหาใคร?
24-1891	auth	Dr. Shono.	ดร.โชโนะ
24-1892	auth	Shono.	โชโนะ
24-1893	auth	Hashiki, too. He was trying to get information\nout of Shono until someone got to him.	ฮาชิกิก็เหมือนกัน เขาพยายามสืบข้อมูล\nจากโชโนะ จนกระทั่งมีคนจัดการเขาไปก่อน
24-1894	auth	Hashiki was trying to get info\nout of Shono until he died, too.	ฮาชิกิก็พยายามสืบข้อมูล\nจากโชโนะจนตายเหมือนกัน
24-1895	auth	So the one I want...	งั้นคนที่ผมต้องการตัว...
24-1896	auth	Then that means...	งั้นก็แปลว่า...ครับ
24-1897	auth	It's Shono, huh?	เป็นโชโนะสินะ?
24-1898	auth	It's Shono?	ใช่โชโนะรึเปล่า?
24-1899	auth	Right, Hamura?	ใช่มั้ย ฮามุระ?
24-1900	auth	Now I'm right, huh?	คราวนี้ผมพูดถูกใช่มั้ยล่ะ?
24-1901	auth	Hey! Fire! Fire!	เฮ้! ไฟไหม้! ไฟไหม้!
24-1902	auth	H-Hey! Fire!	น-นี่! ไฟไหม้!
24-1903	auth	Guess someone's got it\nout for us, huh Tak?	ดูเหมือนจะมีคนอยากเก็บเรา\nจริงๆ นะ ทาคุ
24-1904	auth	Shit, someone torched the place!	แม่ง มีคนวางเพลิงที่นี่!
24-1905	auth	Captain!	กัปตัน!
24-1906	auth	Let's move!	ไปกันเลย!
24-1907	auth	Hamura's gone.	ฮามุระหายตัวไปแล้ว
24-1908	auth	Where's Hamura?	ฮามุระอยู่ไหน?
24-1909	auth	Well, looks like his shithead\nboys took him outta here.	เอาล่ะ ดูเหมือนพวกลูกน้องสมองกลวงของมัน\nจะพาตัวมันหนีไปแล้ว
24-1910	auth	His boys ran him outta here.	ลูกน้องของมันพาตัวหนีไปแล้ว
24-1911	auth	Holy hell...	บ้าไปแล้ว...
24-1912	auth	Holy shit...	เชี่ย...
24-1913	auth	I'm just glad we're still alive.	แค่ดีใจที่เรายังไม่ตายก็พอแล้ว
24-1914	auth	We're lucky to be alive.	โชคดีนะที่เรายังไม่ตาย
24-1915	auth	I helped set a murderer loose\non the world. In other words...	ผมช่วยปล่อยฆาตกรออกไปเพ่นพ่าน ในโลกนี้\nพูดง่ายๆ ก็คือ...
24-1916	auth	I got a murderer acquitted.\nAnd then...	ผมช่วยให้ฆาตกรพ้นผิด\nแล้วก็...
24-1917	auth	...Emi died because of me.	...เอมิตายเพราะผม
24-1918	auth	Emi Terasawa paid the price.	เอมิ เทราซาวะต้องจ่ายราคานั้นแทน
24-1919	auth	I'm not gonna let you\ndo this to yourself!	ฉันไม่ยอมให้นาย\nทำแบบนี้กับตัวเองหรอกนะ!
24-1920	auth	Pull your head out of your ass!	ตั้งสติหน่อยสิวะ!
24-1921	auth	Do you remember your dad's last case?\nMust have been almost 20 years ago. Do you Yagami?	นายจำคดีสุดท้ายของพ่อนายได้มั้ย?\nต้องเกือบยี่สิบปีมาแล้วมั้ง จำได้มั้ย ยากามิ?
24-1922	auth	Your father's last trial was\ntwenty years ago now... You remember it?	คดีสุดท้ายของพ่อนายเมื่อยี่สิบ ปีก่อนน่ะ...\nนายยังจำได้มั้ย?
24-1923	auth	Yeah. No way I could forget.	เออ ยังไงก็ลืมไม่ลง
24-1924	auth	Yeah. I could never forget.	เออ ไม่มีทางลืมหรอก
24-1925	auth	The defendant in that case raped and murdered\na 15-year old girl. At least that's what they said he did.	จำเลยในคดีนั้นข่มขืนแล้วฆ่า เด็กสาวอายุสิบห้า\nอย่างน้อยก็ตามที่คนเขาว่ากันนะ
24-1926	auth	Your father defended a monster who\nraped and strangled a fifteen-year-old girl.	พ่อนายแก้ต่างให้ปีศาจ\nที่ข่มขืนแล้วรัดคอเด็กสาวอายุ สิบห้าจนตาย
24-1927	auth	Everyone in the damn country thought\nthat guy deserved to get executed. 	คนทั้งประเทศต่างคิดว่า\nไอ้นั่นสมควรโดนประหาร
24-1928	auth	The whole country wanted\nto see the man executed...	คนทั้งประเทศอยากเห็น\nมันถูกประหาร...
24-1929	auth	No thoughts of innocence...\nExcept from your dad.	ไม่มีใครคิดว่ามันบริสุทธิ์เลย...\nยกเว้นพ่อนาย
24-1930	auth	But your father proved him innocent!	แต่พ่อนายพิสูจน์ได้ว่าเขาบริสุทธิ์!
24-1931	auth	You know how it all went down after that.\nHe gave the prosecution what for.	นายก็รู้ว่าหลังจากนั้นมันเป็นยังไง\nพ่อนายจัดอัยการซะเละเลย
24-1932	auth	And after he won that case,\ndo you know what he said?	แล้วพอเขาชนะคดีนั้น\nนายรู้มั้ยว่าเขาพูดว่าไง?
24-1933	auth	Your dad never compromised\nhis ideals, no matter what.	พ่อนายไม่เคยยอมเสียอุดมการณ์\nไม่ว่าจะเกิดอะไรขึ้น
24-1934	auth	"It's not the defense's job\nto uncover the truth."	"หน้าที่ของฝ่ายจำเลย\nไม่ใช่การเปิดโปงความจริง"
24-1935	auth	He said a lawyer's job isn't discovering the truth. Or even knowing it.\nIt's proving the prosecution doesn't have enough evidence to convict.	เขาบอกว่าหน้าที่ทนายไม่ใช่การ ค้นหาความจริง หรือแม้แต่รู้ความจริงด้วยซ้ำ\nแต่คือการพิสูจน์ว่าอัยการมี หลักฐานไม่พอจะเอาผิดต่างหาก
24-1936	auth	"It's to challenge the prosecution\nto make an indisputable argument."	"หน้าที่คือท้าทายให้อัยการ\nหาข้อโต้แย้งที่ไม่มีใครเถียงได้"
24-1937	auth	Do you understand?\nThat's how he saw the defense's role.	เข้าใจมั้ย?\nนั่นแหละคือมุมมองของเขาต่อ บทบาทฝ่ายจำเลย
24-1938	auth	He was proud to be an attorney.	เขาภูมิใจที่ได้เป็นทนายความ
24-1939	auth	Takes some real guts to say that.	ต้องใจถึงจริงๆ ถึงจะพูดแบบนั้นได้
24-1940	auth	And he was brave to say that.	แล้วเขาก็กล้าหาญมากที่พูดแบบนั้น
24-1941	auth	It's why you looked up to him. And you would've never\nbecome an attorney without his influence.	นั่นแหละคือเหตุผลที่นายศรัทธาเขา\nถ้าไม่มีเขา นายก็คงไม่มีวันได้เป็นทนายหรอก
24-1942	auth	And isn't that strength what led you\nto put on your own attorney's badge?	แล้วความเข้มแข็งแบบนั้นแหละ\nที่ทำให้นายติดเข็มทนาย ของตัวเองใช่มั้ยล่ะ?
24-1943	auth	In the beginning...\nSure I did.	ตอนแรกน่ะเหรอ...\nก็ใช่นะ
24-1944	auth	Yeah, that was the spark.	เออ นั่นแหละจุดเริ่มต้น
24-1945	auth	But you know...	แต่รู้อะไรมั้ย...
24-1946	auth	A lot happened afterward.\nWith my dad... And with me, too.	หลังจากนั้นก็มีเรื่องเกิดขึ้นเยอะ\nทั้งกับพ่อผม... แล้วก็กับผมด้วย
24-1947	auth	That trial was the catalyst for\na lot of things, and not just me.	คดีนั้นแหละคือจุดเริ่มของหลายๆ อย่าง\nไม่ใช่แค่กับผมคนเดียว
24-1948	auth	...Yeah.	...เออ
24-1949	auth	...Right.	...ใช่
24-1950	auth	It's possible the defendant actually was guilty.\nRaped the girl... killed her in cold blood.	เป็นไปได้ว่าจำเลยคนนั้นผิดจริงๆ\nข่มขืนเด็กสาว... แล้วฆ่าเธอเลือดเย็น
24-1951	auth	The guy my dad defended was\nprobably guilty the whole time.	ไอ้คนที่พ่อผมแก้ต่างให้\nอาจจะผิดจริงมาตลอดก็ได้
24-1952	auth	He disappeared almost\nimmediately after the trial.	มันหายตัวไปแทบจะทันที\nหลังคดีจบ
24-1953	auth	He went off the grid\nas soon as he got acquitted.	มันหายเข้ากลีบเมฆ\nทันทีที่พ้นผิด
24-1954	auth	And so... All of the hatred.\nAll of the anger people felt...	แล้วก็เลย... ความเกลียดชังทั้งหมด\nความโกรธแค้นที่คนรู้สึก...
24-1955	auth	So public animosity shifted to\nthe next target in line, his lawyer.	ความเกลียดชังของคนทั้งประเทศ\nเลยหันไปหาเป้าต่อไป นั่นคือทนายของเขา
24-1956	auth	...Was thrown onto my dad.	...มันเทมาลงที่พ่อผมหมด
24-1957	auth	And that's when my parents...	แล้วตอนนั้นเองที่พ่อกับแม่ผม...
24-1958	auth	Not long after... He and my mom were killed.\nBy the victim's father.	ไม่นานหลังจากนั้น...\nพ่อกับแม่ผมก็ถูกฆ่า โดยพ่อของเหยื่อ
24-1959	auth	...Were stabbed to death by\nthe father of the victim.	...ถูกพ่อของเหยื่อ\nแทงจนเสียชีวิต
24-1960	auth	Long time no see...\nYagami-sensei.	ไม่เจอกันนานเลยนะครับ...\nอาจารย์ยากามิ
24-1961	auth	Long time no see... Yagami-sensei.	ไม่เจอกันนานเลยนะครับ... อาจารย์ยากามิ
24-1962	auth	Yeah... It's been a while.	ครับ... ไม่เจอกันนานจริงๆ
24-1963	auth	Yeah. Been a while.	ครับ ไม่เจอกันนานเลย
24-1964	auth	I apologize.	ผมต้องขอโทษด้วยครับ
24-1965	auth	Uh, sorry.　	เอ่อ... ขอโทษครับ
24-1966	auth	I've been alone... all this time.	ผมอยู่คนเดียวมาตลอดเวลาที่ผ่านมา...
24-1967	auth	I don't talk much, so talking is...	ผมไม่ค่อยพูดเก่งเท่าไหร่ เพราะงั้นการพูดคุย...
24-1968	auth	Talking is...	การพูดคุยมันก็...
24-1969	auth	...Hard.	...ยากสำหรับผม
24-1970	auth	Don't worry.\nWe're not in a rush here.	ไม่ต้องห่วงครับ\nเราไม่ได้รีบอะไร
24-1971	auth	It's fine. Take your time.	ไม่เป็นไรครับ ค่อยๆ พูดก็ได้
24-1972	auth	You look... so different.	คุณดูเปลี่ยนไป... เยอะเลยนะครับ
24-1973	auth	You look... different.	คุณดูเปลี่ยนไปนะครับ
24-1974	auth	I haven't been back in the courtroom\nsince the last day of our case.	ผมไม่ได้กลับเข้าห้องพิจารณาคดีอีกเลย\nนับตั้งแต่วันสุดท้ายที่เรา สู้คดีด้วยกัน
24-1975	auth	You were the last guy\nI defended in court.	คุณคือคนสุดท้าย\nที่ผมว่าความให้ในศาล
24-1976	auth	Meaning you're...\nnot a lawyer?	หมายความว่าคุณ...\nไม่ได้เป็นทนายแล้วเหรอครับ?
24-1977	auth	You quit?	เลิกเป็นทนายแล้วเหรอครับ?
24-1978	auth	Not quite. I'm a detective.	ก็ไม่เชิงครับ ตอนนี้ผมเป็นนักสืบ
24-1979	auth	I'm a detective these days.　	เดี๋ยวนี้ผมเป็นนักสืบแล้วครับ
24-1980	auth	In Kamurocho.\nIt pays the bills, you know?	อยู่แถวคามุโรโจ\nก็พอหาเลี้ยงชีพได้น่ะครับ
24-1981	auth	Based in Kamurocho.\nJust doing odd jobs here and there.	ประจำอยู่คามุโรโจครับ\nรับงานจิปาถะไปเรื่อยๆ
24-1982	auth	And that's all my fault?	แล้วนั่นมันความผิดผมทั้งหมดเลย เหรอครับ?
24-1983	auth	Because of me?	เพราะผมเหรอ?
24-1984	auth	Hey...	เฮ้ย...
24-1985	auth	No.	ไม่
24-1986	auth	Sorry. This isn't what\nI came here to talk about today.	ขอโทษครับ นี่ไม่ใช่เรื่อง\nที่ผมตั้งใจมาคุยวันนี้
24-1987	auth	Sorry.\nI should probably get to the point.	ขอโทษครับ\nเข้าเรื่องเลยดีกว่า
24-1988	auth	Three years ago... at the ADDC.	สามปีก่อน... ที่ ADDC
24-1989	auth	Three years ago, at the ADDC...	สามปีก่อน ที่ ADDC...
24-1990	auth	Did you...	คุณ...
24-1991	auth	Our case...	คดีของเรา...
24-1992	auth	Did you actually murder\nWaku-san or not?	คุณฆ่าวาคุซังจริง\nหรือเปล่าครับ?
24-1993	auth	Did you do it or not?	คุณทำจริงหรือเปล่า?
24-1994	auth	What...?	อะไรนะ...?
24-1995	auth	Eh?	เอ๋?
24-1996	auth	Yagami, I...	ยากามิ ผม...
24-1997	auth	I don't understand.	ผมไม่เข้าใจเลยครับ
24-1998	auth	That's not even funny.	นั่นมันไม่ตลกเลยนะครับ
24-1999	auth	You know I'm innocent.	คุณก็รู้ว่าผมบริสุทธิ์
24-2000	auth	I'm innocent.	ผมบริสุทธิ์
24-2001	auth	I didn't murder Waku-san...\nor Emi-chan!	ผมไม่ได้ฆ่าวาคุซัง...\nหรือเอมิจังเลย!
24-2002	auth	The ADDC case and Emi's case too!	ทั้งคดี ADDC แล้วก็คดีของเอมิด้วย!
24-2003	auth	Why won't you listen to me!?\nI've told you time and time again...	ทำไมไม่ยอมฟังผมเลย!?\nผมพูดซ้ำแล้วซ้ำเล่า...
24-2004	auth	I didn't do it!\nI said it over and over!	ผมไม่ได้ทำ!\nผมพูดซ้ำไปกี่ครั้งแล้ว!
24-2005	auth	I didn't kill anyone!	ผมไม่ได้ฆ่าใครทั้งนั้น!
24-2006	auth	Weren't you listening!?	คุณไม่ได้ฟังเลยเหรอ!?
24-2007	auth	Why won't people just believe me!?	ทำไมไม่มีใครยอมเชื่อผมเลย!?
24-2008	auth	Why doesn't anyone believe me!?	ทำไมไม่มีใครเชื่อผมเลยสักคน!?
24-2009	auth	Goddammit!	บ้าเอ๊ย!
24-2010	auth	Damn it!	ให้ตายสิ!
24-2011	auth	I don't know what the hell\nI was thinking back then.	ตอนนั้นผมไม่รู้ว่า\nตัวเองคิดอะไรอยู่เหมือนกัน
24-2012	auth	I don't know what\nwent through my head...	ผมก็ไม่รู้ว่า\nตอนนั้นคิดอะไรอยู่...
24-2013	auth	It all happened so fast.\nI opened the truck, and the body was there!	ทุกอย่างมันเกิดขึ้นเร็วมาก\nผมเปิดท้ายรถ แล้วก็เจอศพอยู่ตรงนั้น!
24-2014	auth	I wasn't expecting a corpse\nwhen I opened my truck's door!　	ผมไม่คิดเลยว่าจะเจอศพ\nตอนเปิดประตูรถบรรทุก!
24-2015	auth	Naturally, I panicked. The police never would\nhave believed I didn't kill the guy.	ผมตกใจกลัวสุดขีดเป็นธรรมดา\nตำรวจไม่มีทางเชื่อหรอกว่าผม ไม่ได้ฆ่าเขา
24-2016	auth	But I knew the police wouldn't\nbelieve me for a second.	แต่ผมรู้ดีว่าตำรวจไม่มีทาง\nเชื่อผมแม้แต่วินาทีเดียว
24-2017	auth	Course not.\nWhy would they?	ก็แน่นอนอยู่แล้ว\nจะเชื่อไปทำไม?
24-2018	auth	A guy with a criminal record?	คนที่มีประวัติอาชญากรรมแบบผมน่ะเหรอ?
24-2019	auth	I already had a criminal record, too. 	ผมก็มีประวัติอาชญากรรมติดตัว อยู่แล้วด้วย
24-2020	auth	No one was going to\ntake my word for it...	ไม่มีใคร\nจะเชื่อคำพูดผมหรอก...
24-2021	auth	I was a fool.	ผมมันโง่เอง
24-2022	auth	I remember thinking that...	ผมจำได้ว่าตอนนั้นคิดแบบนั้น...
24-2023	auth	I guess...　	ผมว่านะ...
24-2024	auth	So you really were\ninnocent after all, huh?	งั้นคุณก็บริสุทธิ์\nจริงๆ สินะ?
24-2025	auth	You really didn't do it, did you?	คุณไม่ได้ทำจริงๆ ใช่มั้ย?
24-2026	auth	Do you even need to ask?	ยังต้องถามอีกเหรอครับ?
24-2027	auth	Isn't it obvious?	ไม่เห็นชัดอยู่แล้วเหรอครับ?
24-2028	auth	I guess not.	ก็คงงั้นแหละ
24-2029	auth	Thank you.	ขอบคุณ
24-2030	auth	Thanks.	ขอบคุณ
24-2031	auth	Yagami-san?	ยากามิซัง?
24-2032	auth	Yagami-sensei!	อาจารย์ยากามิ!
24-2033	auth	What about Emi?\nAren't you gonna ask me about her?	แล้วเอมิล่ะ?\nทนายไม่ถามผมเรื่องเธอบ้างเหรอ?
24-2034	auth	I... didn't kill Emi, either.	ผม... ไม่ได้ฆ่าเอมิเหมือนกัน
24-2035	auth	I told you before I\nnever would have killed her!	ผมบอกไปแล้วไง\nว่าผมไม่มีวันฆ่าเธอแน่!
24-2036	auth	Aren't you going\nto ask about that?	ทนายจะไม่ถาม\nเรื่องนั้นบ้างเหรอ?
24-2037	auth	I... I want to believe you.	ผม... ผมอยากจะเชื่อคุณนะ
24-2038	auth	That's... That case is closed.	เรื่องนั้น... คดีนั้นปิดไปแล้ว
24-2039	auth	I really do. But I already did everything I could.\nI searched nonstop for some kinda hint.	เชื่อจริงๆ นะ แต่ผมทำทุกอย่างที่ทำได้แล้ว\nตามหาเบาะแสไม่หยุดเลย
24-2040	auth	I'd love to believe you're innocent,\nbut I did everything in my power three years ago.	ผมอยากเชื่อว่าคุณบริสุทธิ์นะ\nแต่เมื่อสามปีก่อนผมก็ทำ ทุกอย่างเท่าที่ทำได้แล้ว
24-2041	auth	But a guy can only spend so long poring\nover burnt scraps of evidence.	แต่คนเรามันก็นั่งไล่ดู\nเศษหลักฐานที่ไหม้เกรียมได้แค่ ระดับหนึ่ง
24-2042	auth	I looked over what little evidence\nthat didn't burn a thousand times.	หลักฐานน้อยนิดที่เหลือไม่ไหม้\nผมพลิกดูมาเป็นพันรอบแล้ว
24-2043	auth	After three years...\nI'm not holding out much hope.	ผ่านมาสามปี...\nผมก็ไม่ได้หวังอะไรมากแล้ว
24-2044	auth	You think something new is gonna\npop up after all this time?	คุณคิดว่าจะมีอะไรใหม่โผล่มา\nหลังผ่านมานานขนาดนี้เหรอ?
24-2045	auth	Right...	อืม...
24-2046	auth	Guess the real killer's still out there.\nJust biding his time. Waiting for my execution.	คงเป็นเพราะฆาตกรตัวจริงยังลอยนวลอยู่\nรอเวลาเฉยๆ รอวันที่ผมถูกประหาร
24-2047	auth	Then Emi's killer is just laughing,\nwaiting for me to die?	งั้นคนที่ฆ่าเอมิก็คงกำลังหัวเราะเยาะ\nรอดูผมตายอยู่สินะ?
24-2048	auth	How are you and I gonna\nface Emi in the afterlife?	แล้วผมกับทนายจะไปเจอหน้าเอมิ\nที่ปรโลกกันยังไง?
24-2049	auth	I can't face Emi\nin the afterlife like this!	แบบนี้ผมไปเจอเอมิ\nที่ปรโลกไม่ได้หรอก!
24-2050	auth	C'mon man, tell me how!	ช่วยบอกผมทีเถอะว่าจะทำยังไง!
24-2051	auth	Not me, and not you!	ไม่ใช่ผม แล้วก็ไม่ใช่คุณด้วย!
24-2052	auth	Why are you two here?	ทำไมพวกคุณสองคนถึงมาอยู่ที่นี่?
24-2053	auth	Doctor Shono?\nWhat is it?	ด็อกเตอร์โชโนะ?\nมีอะไรเหรอ?
24-2054	auth	Shono-sensei? What is it?	อาจารย์โชโนะ? มีอะไรเหรอ?
24-2055	auth	How did you get in here?	พวกคุณเข้ามาในนี้ได้ยังไง?
24-2056	auth	How'd you get in here!?	เข้ามาในนี้ได้ยังไง!?
24-2057	auth	We just wanna ask you\na few questions, Dr. Shono.	เราแค่อยากถามคำถาม\nคุณหมอโชโนะสักหน่อยเท่านั้นเอง
24-2058	auth	We've got a question\nthat really needs an answer.	เรามีคำถามที่\nต้องการคำตอบจริงๆ
24-2059	auth	Well, I don't have anything\nI can say to you.	ผมไม่มีอะไร\nจะพูดกับพวกคุณหรอก
24-2060	auth	There's nothing I can tell you!	ผมไม่มีอะไรจะบอกพวกคุณทั้งนั้น!
24-2061	auth	Apologies. I need you\nto handle this.	ขอโทษด้วย ช่วย\nจัดการเรื่องนี้แทนทีนะ
24-2062	auth	Apologies, but you'll have\nto handle the rest today.	ขอโทษนะ วันนี้คุณต้อง\nจัดการที่เหลือแทนผมแล้วละ
24-2063	auth	I have to go.	ผมต้องไปแล้ว
24-2064	auth	I need to go.	ผมต้องไปละ
24-2065	auth	Where are you going?\nThis won't take long!	จะไปไหน?\nไม่นานหรอก!
24-2066	auth	I promise we'll make this quick!	รับรองว่าเดี๋ยวเดียวจบแน่!
24-2067	auth	Sorry, I can't let you go any further.	ขอโทษด้วย ผมให้คุณผ่านไปมากกว่านี้ไม่ได้
24-2068	auth	Excuse me!\nYou need to stay where you are.	ขอโทษด้วย!\nคุณต้องอยู่ตรงนี้ก่อน
24-2069	auth	Call security.	เรียกยามมา
24-2070	auth	Call security!	เรียกยามมาเดี๋ยวนี้!
24-2071	auth	Shono!	โชโนะ!
24-2072	auth	Let's go, Yagami-san!	ไปกันเถอะ ยากามิซัง!
24-2073	auth	Let's do it, Yagami-san!	ลุยกันเลย ยากามิซัง!
24-2074	auth	We can't let him get away!\nIt's our only chance!	ปล่อยให้มันหนีไปไม่ได้!\nนี่โอกาสเดียวของเราแล้ว!
24-2075	auth	Shono's gonna get away otherwise!	ไม่งั้นโชโนะหนีไปแน่!
24-2076	auth	And once you made sure you\ncould pin the blame on Okubo...	แล้วพอมั่นใจแล้วว่า\nจะโยนความผิดให้โอคุโบะได้...
24-2077	auth	After you made it look\nlike Okubo did it...	หลังจากที่คุณทำให้ดูเหมือน\nว่าโอคุโบะเป็นคนก่อเรื่อง...
24-2078	auth	You set fire to\nthe whole apartment.	คุณจุดไฟเผา\nอะพาร์ตเมนต์ทั้งหลัง
24-2079	auth	You set fire to the apartment.	คุณจุดไฟเผาอะพาร์ตเมนต์
24-2080	auth	What evidence do you have to—	คุณมีหลักฐานอะไรมา—
24-2081	auth	What are you basing any of this on!?	คุณเอาอะไรมาพูดแบบนี้!?
24-2082	auth	Don't worry.	ไม่ต้องห่วง
24-2083	auth	I can't prove it yet.	ตอนนี้ผมยังพิสูจน์ไม่ได้หรอก
24-2084	auth	I don't have any proof...	ผมยังไม่มีหลักฐาน...
24-2085	auth	But I'm damn near positive\nI'm on the right track. 	แต่ผมค่อนข้างมั่นใจ\nว่ามาถูกทางแล้ว
24-2086	auth	But I'm not wrong\nabout it either.	แต่ผมก็ไม่ได้คิดผิด\nเรื่องนี้เหมือนกัน
24-2087	auth	I can see it in your eyes.	ผมเห็นได้จากแววตาคุณ
24-2088	auth	Your eyes are a dead giveaway.  	แววตาคุณมันฟ้องหมดแล้ว
24-2089	auth	Look. 	ฟังนะ
24-2090	auth	I know what you're thinking.	ผมรู้ว่าคุณกำลังคิดอะไรอยู่
24-2091	auth	Tell me if I've got this right.	บอกผมทีว่าที่ผมคิดถูกรึเปล่า
24-2092	auth	AD-9 will save countless people... Meaning there's\nno way you're not doing the right thing.	AD-9 จะช่วยชีวิตคนได้นับไม่ถ้วน...\nแปลว่าคุณไม่มีทางทำผิดอยู่แล้ว ใช่มั้ย
24-2093	auth	You're thinking once AD-9\nis finished, lives will be saved.	คุณคิดว่าพอ AD-9\nเสร็จสมบูรณ์ มันจะช่วยชีวิตคนได้
24-2094	auth	We'll I'm sorry\nto break it to you, Shono...	ต้องขอโทษด้วยนะ\nที่ต้องบอกคุณตรงๆ โชโนะ...
24-2095	auth	So no matter what it costs now...	ดังนั้นไม่ว่าตอนนี้จะต้องแลก ด้วยอะไรก็ตาม...
24-2096	auth	But that's just not true.	แต่นั่นมันไม่จริงเลย
24-2097	auth	I'm doing the right thing.	ผมกำลังทำสิ่งที่ถูกต้องอยู่
24-2098	auth	You know, when someone thinks they're in the right...\nThat's when the real cruelty in people starts to come out.	รู้ไหม พอคนเราคิดว่าตัวเองถูกเมื่อไหร่...\nนั่นแหละคือตอนที่ความโหดร้าย ในตัวคนเริ่มเผยตัวออกมาจริงๆ
24-2099	auth	People are at their worst\nwhen they're sure they're in the right.	คนเรามักแย่ที่สุด\nตอนที่มั่นใจว่าตัวเองถูก
24-2100	auth	So what do you say, Shono?	แล้วคุณจะว่ายังไง โชโนะ?
24-2101	auth	But is what you're doing...	แต่สิ่งที่คุณกำลังทำอยู่...
24-2102	auth	Are you really right?	มันถูกต้องจริงๆ เหรอ?
24-2103	auth	...Really right?	...ถูกต้องจริงๆ น่ะเหรอ?
24-2104	auth	Just what is going on\nin here, dammit!?	นี่มัน\nเกิดอะไรขึ้นในนี้กันแน่!?
24-2105	auth	What's going on in here!?	เกิดอะไรขึ้นในนี้!?
24-2106	auth	Oh, hey.\nWe were just heading out.	อ้าว ไง\nพอดีเรากำลังจะออกไปพอดีเลย
24-2107	auth	Oh, hi.\nWe were just on our way out.	อ้าว หวัดดี\nพอดีเรากำลังจะกลับพอดี
24-2108	auth	Why you...	ไอ้พวกนี้...
24-2109	auth	You little...	แกนี่มัน...!
24-2110	auth	And by the way...\nSo sorry to hear about AD-9.	แล้วก็อีกอย่างนะ...\nเสียใจด้วยจริงๆ เรื่อง AD-9
24-2111	auth	AD-9's not really doing so hot, is it?	AD-9 ท่าจะไปได้ไม่สวยเท่าไหร่เลยนะ?
24-2112	auth	Maybe you, uh...\nneed a few more humans to test it on?	หรือว่าคุณ เอ่อ...\nต้องการหนูทดลองมนุษย์เพิ่มอีก สักหน่อย?
24-2113	auth	Think you'll need a few\nmore human guinea pigs?	คิดว่าจะต้องหา\nหนูทดลองมนุษย์เพิ่มอีกมั้ยล่ะ?
24-2114	auth	Don't worry. Shono-san here\ndidn't tell us a damn thing.	ไม่ต้องห่วงหรอก คุณโชโนะ\nไม่ได้บอกอะไรเราเลยสักนิด
24-2115	auth	Don't worry.\nShono-san has kept his mouth shut.	ไม่ต้องห่วง\nคุณโชโนะปิดปากเงียบมาตลอด
24-2116	auth	But hey.	แต่เอาเถอะนะ
24-2117	auth	I'm gonna find out the truth.	ผมจะขุดความจริงออกมาให้ได้
24-2118	auth	I'm gonna expose everything.	ผมจะแฉทุกอย่างออกมาให้หมด
24-2119	auth	Even if it's the last thing I do.	ต่อให้เป็นสิ่งสุดท้ายที่ผมทำก็ตาม
24-2120	auth	And it'll be poetic coming from me.	และคงเหมาะเจาะดีที่เป็นผมเอง ที่จะทำแบบนี้
24-2121	auth	Whoops. My foot slipped.	อุ๊ย เท้าลื่นไปหน่อยน่ะ
24-2122	auth	Whoops, my bad. 	อุ๊ย พลาดไปหน่อย
24-2123	auth	How clumsy of me.	ซุ่มซ่ามจริงๆ เรา
24-2124	auth	My foot musta slipped.	เท้าคงลื่นไปเองมั้ง
24-2125	auth	That hurt? Huh?	เจ็บเหรอ? หา?
24-2126	auth	Did that hurt?	เจ็บมั้ยล่ะ?
24-2127	auth	I asked you if it hurt!	ถามอยู่ว่าเจ็บมั้ยไง!
24-2128	auth	Please...! I didn't kill her!	ขอร้อง...! ผมไม่ได้ฆ่าเธอ!
24-2129	auth	I didn't do it...!	ผมไม่ได้ทำ...!
24-2130	auth	You have to believe me!	พวกคุณต้องเชื่อผมสิ!
24-2131	auth	I didn't do anything!	ผมไม่ได้ทำอะไรเลย!
24-2132	auth	Crying's not gonna\nhelp you now, kid.	ร้องไห้ตอนนี้\nมันไม่ช่วยอะไรหรอกไอ้หนู
24-2133	auth	You've got no right to cry.	แกไม่มีสิทธิ์มาร้องไห้หรอก
24-2134	auth	Just like it didn't\nhelp Emi Terasawa.	เหมือนที่มันไม่ช่วยอะไร\nเอมิ เทราซาวะเลยไง
24-2135	auth	Emi Terasawa was crying while you\nstabbed her over and over!	เอมิ เทราซาวะร้องไห้\nตอนที่แกแทงเธอซ้ำแล้วซ้ำเล่า!
24-2136	auth	You still stabbed her in the fucking\nstomach didn't you, you little shit!	แกยังแทงเข้าที่ท้องเธอ\nซ้ำแล้วซ้ำเล่าไม่ใช่เหรอ ไอ้ระยำ!
24-2137	auth	You're a monster!	แกมันปีศาจชัดๆ!
24-2138	auth	Look, Okubo. I don't want to go\ngetting your hopes up just yet...	ฟังนะ โอคุโบะ ผมยังไม่อยากให้\nคุณหวังมากเกินไปตอนนี้...
24-2139	auth	Hey... Don't get your hopes\nup just yet, but...	เฮ้อ... อย่าเพิ่งหวังมาก\nเกินไปนะ แต่ว่า...
24-2140	auth	But?	แต่อะไร?
24-2141	auth	Just listen.	ฟังก่อนเถอะ
24-2142	auth	You're...	คุณคือ...
24-2143	auth	I was gonna say...\nI believe you.	ที่ผมจะพูดคือ...\nผมเชื่อคุณ
24-2144	auth	Innocent.	คุณบริสุทธิ์
24-2145	auth	You didn't kill her.\nI can see that now.	คุณไม่ได้ฆ่าเธอ\nตอนนี้ผมมองออกแล้ว
24-2146	auth	I don't think you've killed anyone.	ผมไม่คิดว่าคุณเคยฆ่าใครเลย
24-2147	auth	It'll all work out.	ทุกอย่างจะต้องเรียบร้อย
24-2148	auth	Which means I'm...	ก็แปลว่าผม...
24-2149	auth	I'm gonna avenge Emi-chan.	ผมจะแก้แค้นให้เอมิจัง
24-2150	auth	I'm going to avenge Emi-chan.	ผมจะล้างแค้นให้เอมิจัง
24-2151	auth	And I swear I'm gonna\nget you out of here.	และผมสาบานว่าจะ\nพาคุณออกไปจากที่นี่ให้ได้
24-2152	auth	And I'm going to get you out of here.	และผมจะพาคุณออกไปจากที่นี่
24-2153	auth	I promise.	ผมสัญญา
24-2154	auth	I swear.	ผมขอสาบาน
24-2155	auth	Sorry, I... I should have said\nthat to you a lot sooner.	ขอโทษนะ ผม... ผมน่าจะพูด\nแบบนี้กับคุณตั้งนานแล้ว
24-2156	auth	I know...\nI should have told you a lot sooner.	ผมรู้...\nผมน่าจะบอกคุณตั้งนานแล้ว
24-2157	auth	What was I doing...? 	ผมมัวทำอะไรอยู่กันแน่...?
24-2158	auth	But for whatever reason...	แต่ด้วยเหตุผลอะไรก็ไม่รู้...
24-2159	auth	These three years...	สามปีที่ผ่านมานี้...
24-2160	auth	For three years...	ตลอดสามปีที่ผ่านมา...
24-2161	auth	I didn't do a damn thing\nto help you!	ผมไม่ได้ทำอะไร\nช่วยคุณเลยสักนิด!
24-2162	auth	I didn't do a damn thing!	ผมไม่ได้ทำอะไรเลยสักอย่าง!
24-2163	auth	So, uh...	คือ เอ่อ...
24-2164	auth	So I'm asking...	ผมเลยอยากจะขอ...
24-2165	auth	Will you give me another chance?	ทนายจะให้โอกาสผมอีกครั้งได้มั้ย?
24-2166	auth	Will you give me a chance to make it right?	ทนายจะให้โอกาสผมแก้ตัวมั้ย?
24-2167	auth	Of course I will.	ได้อยู่แล้วครับ
24-2168	auth	Of course.	ได้เลย
24-2169	auth	It should be me...	ควรจะเป็นผมสิ...
24-2170	auth	Thank you so much!	ขอบคุณมากๆ เลย!
24-2171	auth	...Begging you for this, Yagami-sensei!	...ที่ต้องมาขอร้องแบบนี้ อาจารย์ยากามิ!
24-2172	auth	Kaito-san?　	ไคโตะซัง?
24-2173	auth	I swear it's like...	รู้สึกเหมือน...จริงๆ นะ
24-2174	auth	Something feels off...	มีอะไรแปลกๆ...
24-2175	auth	Like I can feel someone watching me.	เหมือนมีใครจ้องมองฉันอยู่
24-2176	auth	I think I'm being watched.	ฉันว่าฉันโดนจับตาดูอยู่นะ
24-2177	auth	Are you there?	อยู่ตรงนั้นรึเปล่า?
24-2178	auth	Can you hear me?	ได้ยินมั้ย
24-2179	auth	Uh, I could use a hand here!	เอ่อ ต้องการมือช่วยหน่อยตรงนี้!
24-2180	auth	Hey, Kaito-san, where are you!?	เฮ้ ไคโตะซัง อยู่ไหนเนี่ย!?
24-2181	auth	I'm right behind you buddy!	อยู่ข้างหลังนายนี่ไง!
24-2182	auth	Behind you! Incoming!	ข้างหลังนาย! ระวัง!
24-2183	auth	C'mon man, why would you bring more!?	ทำไมต้องเรียกมาเพิ่มด้วยวะ!?
24-2184	auth	Why are you bringing more with you!?	จะเรียกคนมาเพิ่มอีกทำไมเนี่ย!?
24-2185	auth	You're out of options.	แกหมดทางสู้แล้ว
24-2186	auth	Had enough yet?	พอหรือยังล่ะ?
24-2187	auth	Hey. I got him.	เฮ้ จับได้แล้ว
24-2188	auth	Check it out, I got him.	ดูสิ ฉันจับมันได้แล้ว
