id	bin	EN	TH
27-0001	pause_message	(I guess it's back on the trail.)	(ดูเหมือนจะกลับมาตามรอยต่อได้แล้ว)
27-0002	pause_message	Yagami-san, here's another photo from Ayumu. Please find him.	ยากามิซัง นี่รูปอีกใบจากอายุมุครับ ช่วยตามหาเขาทีนะครับ
27-0003	pause_message	(Looks like an interior, this time. At least he's not somewhere high up...)	(รอบนี้ดูเหมือนจะเป็นในร่ม อย่างน้อยก็ไม่ได้อยู่ที่สูง...)
27-0004	pause_message	(There's a Wild Jackson nearby. At least that's helpful!)	(มีร้าน ไวลด์แจ็คสัน อยู่แถวนี้ด้วย อย่างน้อยก็ช่วยได้เยอะเลย!)
27-0005	pause_message	Well, it's got a... unique flavor.	อืม รสชาติมัน... เป็นเอกลักษณ์ดีนะ
27-0006	pause_message	Would you mind chopping up the ingredients a bit more?	คุณช่วยหั่นวัตถุดิบให้ละเอียด กว่านี้อีกหน่อยได้ไหมครับ
27-0007	pause_message	Perhaps you can do without the bitter melon?	หรือจะลองไม่ใส่มะระดูไหมครับ
27-0008	pause_message	You haven't tasted it yourself, have you...	คุณยังไม่ได้ชิมเองใช่ไหมเนี่ย...
27-0009	pause_message	So I tried your curry, Tomioka-san.	ผมลองชิมแกงกะหรี่ของคุณแล้วนะครับ โทมิโอกะซัง
27-0010	pause_message	It's certainly got a unique flavor. I bet there are people out there who would really enjoy it.	รสชาติมันเป็นเอกลักษณ์แน่ ๆ เลยครับ ผมว่าน่าจะมีคนที่ชอบรสนี้จริง ๆ อยู่บ้างแหละ
27-0011	pause_message	However, you might want to aim for something a little more universal.	แต่คุณอาจจะลองทำรสที่คนทั่วไป กินได้ง่ายกว่านี้ดูก็ได้นะครับ
27-0012	pause_message	Curry is pretty popular, so I imagine some people might be taken aback if the flavor's too off from their expectations.	แกงกะหรี่เป็นเมนูที่คนชอบกันเยอะ ผมว่าถ้ารสชาติมันต่างจากที่คน คาดไว้มากไปหน่อย บางคนอาจจะแปลกใจได้นะครับ
27-0013	pause_message	The carrots and potatoes weren't chopped that well.	แครอทกับมันฝรั่งหั่นมาไม่ค่อย เรียบร้อยเท่าไหร่เลยนะครับ
27-0014	pause_message	I'd say focus on chopping up the ingredients first. Also, I personally prefer something with a more recognizable flavor.	ผมว่าเน้นหั่นวัตถุดิบให้ดีก่อน เลยครับ แล้วก็ส่วนตัวผมชอบรสชาติที่ คุ้นเคยมากกว่านี้หน่อย
27-0015	pause_message	The spiciness of the curry and the bitterness of the melon... well, let's just say they don't compliment each other.	ความเผ็ดของแกงกะหรี่กับความขมของมะระ... พูดง่าย ๆ ว่ามันไปด้วยกันไม่ค่อยได้เลยครับ
27-0016	pause_message	If you're aiming for delicious, perhaps you can do without the latter?	ถ้าอยากให้อร่อยขึ้น ลองไม่ใส่มะระดูไหมครับ
27-0017	pause_message	I prefer a more normal-flavored curry.	ผมชอบแกงกะหรี่รสชาติธรรมดา ๆ มากกว่าครับ
27-0018	pause_message	Um... have you tasted it for yourself?	เอ่อ... คุณชิมเองหรือยังครับเนี่ย
27-0019	pause_message	'Cause the curry and the bitter melon did not work together. It's like the flavors were fighting in my mouth.	เพราะแกงกะหรี่กับมะระมันไป ด้วยกันไม่ได้เลยครับ เหมือนรสชาติตีกันอยู่ในปากผมเลย
27-0020	pause_message	I personally prefer a more normal-tasting curry.	ส่วนตัวผมชอบแกงกะหรี่รสธรรมดา มากกว่าครับ
27-0021	pause_message	(All right, that should do.)	(เอาล่ะ แค่นี้ก็น่าจะพอ)
27-0022	pause_message	It's almost there.	ใกล้จะได้แล้วล่ะครับ
27-0023	pause_message	I mean, I like the idea of it.	คือผมชอบไอเดียนี้นะครับ
27-0024	pause_message	The wasabi's all over the place.	วาซาบิทาไม่สม่ำเสมอเลยครับ
27-0025	pause_message	Have you... tried it yourself?	คุณ... ลองชิมเองหรือยังครับ
27-0026	pause_message	Tomioka-san, I tried your chicken karaage.	โทมิโอกะซัง ผมลองชิมไก่คาราอาเกะของคุณแล้วนะครับ
27-0027	pause_message	It's almost there. I think you're on the right track, just be sure to apply the wasabi more evenly next time.	ใกล้จะได้แล้วล่ะครับ ผมว่ามาถูกทางแล้ว แค่คราวหน้าต้องทาวาซาบิให้ สม่ำเสมอกว่านี้
27-0028	pause_message	The parts that did have the right amount of wasabi were delicious, though.	แต่ส่วนที่วาซาบิพอดีนี่อร่อย เลยนะครับ
27-0029	pause_message	Also, I would recommend tasting your food first before serving it to someone else. Just a thought.	แล้วก็อยากแนะนำให้ชิมอาหารเอง ก่อนเสิร์ฟให้คนอื่นด้วยนะครับ แค่ความเห็นส่วนตัว
27-0030	pause_message	I think the idea itself is great. Wasabi chicken karaage has an appeal like no other fried appetizer before it.	ผมว่าไอเดียนี้เจ๋งดีนะครับ ไก่คาราอาเกะวาซาบิมีเสน่ห์ที่ ของทอดจานอื่นไม่มี
27-0031	pause_message	However, the execution of said karaage needs some work. Please apply the wasabi evenly so it's not inconsistent.	แต่ฝีมือการทำยังต้องปรับอีกหน่อยครับ ช่วยทาวาซาบิให้ทั่วสม่ำเสมอด้วยนะ
27-0032	pause_message	Please try a taste the next time you cook. I'm begging you.	คราวหน้าทำอาหารช่วยชิมดูก่อน ด้วยนะครับ ขอร้องเลย
27-0033	pause_message	...And it honestly needs some work. For starters, you should apply the wasabi evenly so it's not inconsistent.	...แล้วก็พูดตรง ๆ ว่ายังต้องปรับอีกเยอะครับ อย่างแรกเลยคือทาวาซาบิให้ สม่ำเสมอก่อน
27-0034	pause_message	Um... have you tried it for yourself? The wasabi was all over the place. Each piece was either bland or deadly.	เอ่อ... คุณลองชิมเองหรือยังครับ วาซาบิทาไม่สม่ำเสมอเลย บางชิ้นจืดสนิท บางชิ้นเผ็ดจนแทบตาย
27-0035	pause_message	(Okay, that should just about do it.)	(โอเค แค่นี้ก็น่าจะพอแล้ว)
27-0036	pause_message	Delicious!	อร่อย!
27-0037	pause_message	Tomioka-san, I tried your okonomiyaki.	โทมิโอกะซัง ผมลองชิมโอโคโนมิยากิของคุณแล้วนะครับ
27-0038	pause_message	And it was seriously the best I ever had! All it needed was a nice, cold beer on the side, haha.	อร่อยที่สุดเท่าที่เคยกินมาเลยจริง ๆ ครับ! ขาดแค่เบียร์เย็น ๆ กินคู่กันเท่านั้นแหละ ฮ่าฮ่า
27-0039	pause_message	Please keep 'em coming, Tomioka-san! You're doing great!	ทำแบบนี้ต่อไปเรื่อย ๆ เลยนะครับ โทมิโอกะซัง! ฝีมือคุณดีมากเลย!
27-0040	pause_message	(Awesome. That about wraps it up.)	(เยี่ยมไปเลย จบแค่นี้แหละ)
27-0041	pause_message	(Man, I'm exhausted. Maybe I should call up that masseuse... 3,000 yen an hour's not bad.)	(โอ๊ย เหนื่อยจะแย่ ลองโทรหาหมอนวดคนนั้นดีไหมนะ... ชั่วโมงละ 3,000 เยนก็ไม่แพงเท่าไหร่)
27-0042	pause_message	Request a massage.	ขอนวด
27-0043	pause_message	Never mind.	ไม่เป็นไร
27-0044	pause_message	(Nah, I probably shouldn't. Still seems kinda sketch.)	(เอ่อ ไม่เอาดีกว่า ยังดูน่าสงสัยอยู่เลย)
27-0045	pause_message	Hey, could I get a massage sometime?	นี่ ขอนัดนวดสักครั้งได้ไหม
27-0046	pause_message	(Whoops. Don't have enough on me.)	(อุ๊ย เงินไม่พอ)
27-0047	pause_message	The name's Takayuki Yagami. Could you come to the Yagami Detective Agency in Nakamichi Alley?	ผมชื่อทาคายูกิ ยากามิ มาที่สำนักงานนักสืบยากามิ ในตรอกนากามิจิได้ไหมครับ
27-0048	pause_message	Sure! I'll be right over then!	ได้! เดี๋ยวรีบไปนะ!
27-0049	pause_message	You betcha! Just gimme your name and address and I'm there!	แหงอยู่แล้วค่ะ! บอกชื่อกับที่อยู่มาสิคะ เดี๋ยวไปหาเลย!
27-0050	pause_message	(Man, I'm exhausted. Maybe I should get a massage... It's only 3,000 yen an hour, and that's a special price.)	(โอ๊ย เหนื่อยจะแย่ ไปนวดดีไหมนะ... แค่ชั่วโมงละ 3,000 เยนเอง แถมเป็นราคาพิเศษด้วย)
27-0051	pause_message	(Maybe not right now... One more needle in my skin and I might not make it to tomorrow.)	(ตอนนี้คงไม่ไหว... โดนเข็มแทงอีกทีอาจไม่รอดถึงพรุ่งนี้)
27-0052	pause_message	Sure! Same thing, same place?	ได้! ที่เดิม เหมือนเดิมใช่ไหม?
27-0053	pause_message	Awesome! Then I'll be on my way!	เยี่ยม! งั้นไปเลยนะ!
27-0054	pause_message	Yeah, Yagami Detective Agency.	ใช่ครับ สำนักงานนักสืบยากามิ
27-0055	pause_message	(Now's not such a good time.)	(ตอนนี้ไม่ค่อยสะดวกเท่าไหร่)
27-0056	pause_message	Feel free to call me again later, though!	แต่โทรมาใหม่ทีหลังได้เลยนะ!
27-0057	pause_message	Sorry, but I'm busy with another client right now. Plus I'm all the way over in the Hotel District.	ขอโทษด้วยนะคะ ตอนนี้ติดลูกค้าคนอื่นอยู่ แถมอยู่ไกลถึงย่านโรงแรมเลย
27-0058	pause_message	(Guess someone else got to her first. But of all places, the Hotel District...? Something seems off here.)	(สงสัยมีคนอื่นจองก่อนแล้วสิ แต่ทำไมต้องเป็นย่านโรงแรมด้วยนะ...? มีอะไรแปลก ๆ อยู่นี่)
27-0059	pause_message	(Man, I'm exhausted. Maybe I should get a massage... After all, it's 1,500 yen an hour, and that's just for me.)	(โอ๊ย เหนื่อยจะแย่ ไปนวดดีไหมนะ... ก็แค่ชั่วโมงละ 1,500 เยนเอง แถมเป็นราคาเฉพาะผมด้วย)
27-0060	pause_message	(Hmm, what to do...)	(อืม จะทำยังไงดีนะ...)
27-0061	pause_message	Got it! You just kick back and relax, and I'll have ya better in no time!	ได้เลย! พักผ่อนตามสบายไปก่อนนะ เดี๋ยวฉันจะทำให้หายปวดเมื่อย ไม่ทันไรเลย!
27-0062	pause_message	Jo Masuda	โจ มาสึดะ
27-0063	pause_message	This is the guy. His name is Junichi Fujinaga.	นี่คือคนที่ต้องตาม เขาชื่อจุนอิจิ ฟูจินากะ
27-0064	pause_message	Wait a sec!	เดี๋ยวก่อนสิ!
27-0065	pause_message	Don't get the wrong idea. A friend of mine has a little thing going at a beauty salon.	อย่าเพิ่งเข้าใจผิดนะ เพื่อนฉันมีเรื่องเล็ก ๆ น้อย ๆ ที่ร้านเสริมสวยน่ะ
27-0066	pause_message	You knew I was following you?	รู้เหรอว่าผมตามคุณอยู่?
27-0067	pause_message	Yeah. I figured you would, and the odds were in my favor.	ใช่ ฉันก็คิดว่านายคงรู้ตัวอยู่แล้วแหละ แต่โอกาสมันเข้าข้างฉันเอง
27-0068	pause_message	Yagami-san, this is Sana Mihama <symbol=message_joy1>\nThank you so much for the other day!\nYou really cheered me up, you know.	ยากามิซัง นี่ซานะ มิฮามะเองค่ะ <symbol=message_joy1>\nขอบคุณมาก ๆ เลยสำหรับเมื่อวันก่อนนะคะ!\nคุณทำให้ฉันมีกำลังใจขึ้นเยอะเลย
27-0069	pause_message	I'll cheer you up anytime.	ให้กำลังใจได้ทุกเมื่อเลยนะ
27-0070	pause_message	Just doing my job.	แค่ทำหน้าที่ของตัวเองน่ะ
27-0071	pause_message	...Who is this again?	...นี่ใครนะ?
27-0072	pause_message	I'll cheer you up anytime, Sana-chan. The show must go on!	ให้กำลังใจได้ทุกเมื่อเลยนะ ซานะจัง โชว์ต้องดำเนินต่อไป!
27-0073	pause_message	Hehe, then I won't let you down!\nHope you'll come hear me sing again soon!	เฮ่อ งั้นฉันจะไม่ทำให้คุณผิดหวังแน่นอนค่ะ!\nหวังว่าจะได้มาฟังฉันร้องเพลงอีกเร็ว ๆ นี้นะคะ!
27-0074	pause_message	That's not a very nice way to put it <symbol=message_sad1>\nYou would help me even if wasn't work-related... right?	พูดแบบนั้นมันไม่ดีเลยนะคะ <symbol=message_sad1>\nคุณคงช่วยฉันแม้จะไม่ใช่เรื่อง งานใช่ไหมคะ...?
27-0075	pause_message	Geez, you really have an awful sense of humor.\nBut I know you'd help me out if it ever came to that.	โธ่ อารมณ์ขันของคุณนี่แย่จริง ๆ เลยนะคะ\nแต่ฉันรู้ว่าคุณคงช่วยฉันอยู่ดี ถ้าถึงเวลาจริง ๆ
27-0076	pause_message	Well, don't forget, you are my client. It's what I do, remember?	เดี๋ยวนะ อย่าลืมสิว่าคุณเป็นลูกความของผม มันคือหน้าที่ของผมเองไม่ใช่เหรอ
27-0077	pause_message	If I was in a good mood, maybe.	ถ้าผมอารมณ์ดี ก็อาจจะช่วยมั้ง
27-0078	pause_message	Anyway. I hope you'll come by and hear me sing the next time you're free.	ยังไงก็เถอะค่ะ หวังว่าคราวหน้าที่ว่าง จะได้แวะมาฟังฉันร้องเพลงนะคะ
27-0079	pause_message	Sure, I'll be there.	ได้เลย ไปแน่นอน
27-0080	pause_message	Um, who was this again?	เอ่อ นี่ใครนะ?
27-0081	pause_message	Hey! <symbol=message_angry1><symbol=message_angry1><symbol=message_angry1><symbol=message_angry1>	นี่! <symbol=message_angry1><symbol=message_angry1><symbol=message_angry1><symbol=message_angry1>
27-0082	pause_message	Hahaha. My bad. I was just messing with you.	ฮ่าฮ่าฮ่า ขอโทษที แค่แกล้งเล่นน่ะ
27-0083	pause_message	Well I don't appreciate being "messed with" so don't ever do that again! <symbol=message_angry1>	ฉันไม่ชอบให้ใครมา "แกล้ง" แบบนี้เลยนะคะ อย่าทำแบบนี้อีกเชียว! <symbol=message_angry1>
27-0084	pause_message	Won't happen again, promise.\nAnyhow, I'll always be rooting for you, Sana-chan.	ไม่มีครั้งหน้าแน่นอน สัญญา\nยังไงก็เถอะ ผมจะเชียร์ซานะจังตลอดไปนะ
27-0085	pause_message	Good! And thank you. I hope you'll come hear me sing again the next time you're free!	ดีค่ะ! แล้วก็ขอบคุณนะคะ หวังว่าคราวหน้าที่ว่าง จะได้มาฟังฉันร้องเพลงอีกนะคะ!
27-0086	pause_message	Um, if it's not too much trouble... can I ask you something?	เอ่อ ถ้าไม่เป็นการรบกวนเกินไป... ขอถามอะไรหน่อยได้ไหมคะ?
27-0087	pause_message	Is there any chance we can meet up? I'd like to thank you for the other day. (*^_^*)	มีโอกาสได้เจอกันไหมคะ? อยากขอบคุณสำหรับเมื่อวันก่อนน่ะค่ะ (*^_^*)
27-0088	pause_message	I wanted to see you too.	ผมก็อยากเจอเหมือนกันนะ
27-0089	pause_message	Sure. I'm pretty much always available.	ได้เลย ผมว่างตลอดอยู่แล้ว
27-0090	pause_message	Yay! Where should I meet you, then?	เย้! งั้นนัดเจอกันที่ไหนดีคะ?
27-0091	pause_message	How does Theater Square sound? It's kinda by Kamuro Theater.	เธียเตอร์สแควร์เป็นไงบ้าง แถวโรงละครคามุโรน่ะ
27-0092	pause_message	Cool, can't wait! <symbol=message_joy1>	เยี่ยมเลยค่ะ รอไม่ไหวแล้ว! <symbol=message_joy1>
27-0093	pause_message	Sounds good. I actually wanted to see you too.	ก็ดีนะ จริง ๆ ผมก็อยากเจอเหมือนกัน
27-0094	pause_message	What! Really?	อะไรนะ จริงเหรอ?
27-0095	pause_message	Yeah. I've been wanting to talk to you again.	ใช่ครับ อยากคุยกับคุณอีกครั้งเลย
27-0096	pause_message	That's sweet <symbol=message_heart1><symbol=message_heart1>\nWhere should we meet then?	น่ารักจังค่ะ <symbol=message_heart1><symbol=message_heart1>\nแล้วเราจะนัดเจอกันที่ไหนดี
27-0097	pause_message	Sorry. Now's not the best time.	ขอโทษนะ ตอนนี้ไม่ค่อยสะดวกน่ะ
27-0098	pause_message	I see. You must be a busy guy... <symbol=message_sad1>	เข้าใจแล้วค่ะ คุณต้องยุ่งมากแน่ ๆ เลย... <symbol=message_sad1>
27-0099	pause_message	Hey, it's Sana. Thank you for today. I really had a lot of fun! <symbol=message_joy1>	นี่ซานะเองค่ะ ขอบคุณสำหรับวันนี้นะคะ สนุกมากเลย! <symbol=message_joy1>
27-0100	pause_message	I did too.	ผมก็สนุกเหมือนกัน
27-0101	pause_message	Yeah, I'm totally beat.	เหนื่อยสุด ๆ เลยล่ะ
27-0102	pause_message	I did too. Let's go out again sometime.	ผมก็สนุกเหมือนกัน ไว้ออกไปเที่ยวกันอีกนะ
27-0103	pause_message	Yes please! I'm always available, so please let me know whenever you're free! <symbol=message_onpu>	ได้เลยค่ะ! ฉันว่างตลอดอยู่แล้ว มีเวลาเมื่อไหร่บอกได้เลยนะคะ! <symbol=message_onpu>
27-0104	pause_message	Will do.	ได้เลย
27-0105	pause_message	Don't go leaving me hanging now! <symbol=message_sad1>	อย่าทิ้งฉันไว้เฉย ๆ แบบนี้สิคะ! <symbol=message_sad1>
27-0106	pause_message	Huh? You mean I wore you out? <symbol=message_sad1>	หา? หมายความว่าฉันทำให้คุณเหนื่อยเหรอคะ? <symbol=message_sad1>
27-0107	pause_message	Oh, no, that's not what I meant.	เปล่านะ ผมไม่ได้หมายความแบบนั้น
27-0108	pause_message	I'm sorry I made you feel tired! <symbol=message_sad1><symbol=message_sad1><symbol=message_sad1>	ขอโทษนะคะที่ทำให้คุณรู้สึกเหนื่อย! <symbol=message_sad1><symbol=message_sad1><symbol=message_sad1>
27-0109	pause_message	That's... not the case at all. Don't worry.	ไม่ใช่แบบนั้นเลยสักนิด ไม่ต้องห่วงนะ
27-0110	pause_message	Guess what! This guy who came to my concert today? Apparently he came all the way from Kansai just to see me!	รู้อะไรไหมคะ! วันนี้มีผู้ชายคนหนึ่งมาดู คอนเสิร์ตฉัน บอกว่าเขาบินมาจากคันไซเพื่อมา ดูฉันคนเดียวเลย!
27-0111	pause_message	Dang, he must really be a fan.	โห แฟนตัวยงเลยนะเนี่ย
27-0112	pause_message	I know, right!? <symbol=message_onpu>\nBut you know...	ใช่ไหมล่ะคะ!? <symbol=message_onpu>\nแต่ว่านะ...
27-0113	pause_message	I know what?	รู้อะไร?
27-0114	pause_message	I'd be even happier if you came to see! <symbol=message_happy1>	ฉันจะดีใจกว่านี้อีกถ้าคุณมาดูด้วย! <symbol=message_happy1>
27-0115	pause_message	I'll definitely be there next time.	ครั้งหน้าผมจะไปให้ได้แน่นอน
27-0116	pause_message	Really!?	จริงเหรอ?
27-0117	pause_message	Yeah. I promise.	จริงสิ ผมสัญญา
27-0118	pause_message	I'll go as soon as I get the chance.	มีโอกาสเมื่อไหร่ผมจะรีบไปเลย
27-0119	pause_message	Ah, that means you'll never show up.	อ๋อ แปลว่าคุณคงไม่มาหรอกใช่ไหมล่ะ
27-0120	pause_message	That's not true. Seriously, as soon as I'm free.	ไม่จริงนะ จริงจังเลย พอว่างเมื่อไหร่ผมไปแน่
27-0121	pause_message	Okay, I'll hold you to it!	โอเคค่ะ ฉันจะจับผิดคุณให้ได้เลยนะ!
27-0122	pause_message	I'll be there next time for sure.	ครั้งหน้าผมไปแน่นอน
27-0123	pause_message	I've got news for you, Yagami-san!	มีข่าวมาบอกค่ะ ยากามิซัง!
27-0124	pause_message	What's the good word?	ข่าวอะไรเหรอ?
27-0125	pause_message	So I met with someone from the agency... and they asked me if I want to sign with them. I'm about to make my debut! <symbol=message_onpu>	คือฉันได้เจอกับคนจากค่ายเพลงมาค่ะ... เขาถามว่าอยากเซ็นสัญญาด้วยกันไหม ฉันกำลังจะได้เดบิวต์แล้ว! <symbol=message_onpu>
27-0126	pause_message	Amazing!	สุดยอดไปเลย!
27-0127	pause_message	You're going to make so much money!	ต่อไปมีเงินเยอะแน่ ๆ เลยนะเนี่ย!
27-0128	pause_message	No way! That's amazing!	ไม่จริงน่า! เจ๋งมากเลย!
27-0129	pause_message	Right!? \n<symbol=message_joy1><symbol=message_joy1><symbol=message_joy1>	ใช่ไหมล่ะคะ!\n<symbol=message_joy1><symbol=message_joy1><symbol=message_joy1>
27-0130	pause_message	You're going to make so much money! I'm jealous...	ต่อไปมีเงินเยอะแน่ ๆ เลยนะเนี่ย อิจฉาเลย...
27-0131	pause_message	Are you that broke?	จนขนาดนั้นเลยเหรอคะ?
27-0132	pause_message	Anyway, the agency noticed my videos were trending!\nThey want me to sign before I decide to go with\nsomeone else lol	เอาเป็นว่าค่ายเพลงเห็นว่าคลิป ของฉันกำลังฮิตค่ะ!\nเขาอยากให้เซ็นสัญญาก่อนที่ฉัน จะไปเซ็นกับ\nที่อื่นซะก่อน 555
27-0133	pause_message	Sounds like you're in high demand. Are you going to accept the offer?	ฟังดูเป็นที่ต้องการตัวเลยนะ จะรับข้อเสนอไหม?
27-0134	pause_message	Of course! This is my moment after all <symbol=message_onpu>	แน่นอนอยู่แล้วค่ะ! นี่คือโอกาสของฉันเลย <symbol=message_onpu>
27-0135	pause_message	Things have been going so well ever since I met you, Yagami-san!	ทุกอย่างเป็นไปด้วยดีเลยตั้งแต่ ได้เจอคุณนะคะ ยากามิซัง!
27-0136	pause_message	Yagami-san. I went to my first professional recording session today. I was super nervous!	ยากามิซัง วันนี้ฉันไปอัดเสียงมืออาชีพ ครั้งแรกค่ะ ตื่นเต้นมากเลย!
27-0137	pause_message	Ooh, for your CD? When's it coming out?	โอ้ อัดสำหรับซีดีเหรอ ออกวางขายเมื่อไหร่?
27-0138	pause_message	Next month! They're already advertising it online!	เดือนหน้าค่ะ! ตอนนี้เริ่มโฆษณาออนไลน์แล้วด้วย!
27-0139	pause_message	Then let's meet up to celebrate.	งั้นไปฉลองกันเถอะ
27-0140	pause_message	I'd like to celebrate, but...	อยากไปฉลองด้วยเหมือนกันนะ แต่...
27-0141	pause_message	Congrats! Then we should celebrate together!	ยินดีด้วยนะ! งั้นเราไปฉลองด้วยกันเถอะ!
27-0142	pause_message	Is that okay with you!?	โอเคจริง ๆ เหรอคะ!?
27-0143	pause_message	Absolutely. How about we meet out front of Kamuro Theater?	แน่นอน นัดเจอกันหน้าโรงละครคามุโรไหม?
27-0144	pause_message	Okay! See you there! <symbol=message_heart1>	โอเคค่ะ! เจอกันตรงนั้นนะ! <symbol=message_heart1>
27-0145	pause_message	Congrats! I want to go see you, but now's not such a good time.	ยินดีด้วยนะ! อยากไปหาจังเลย แต่ตอนนี้ไม่ค่อยสะดวกน่ะ
27-0146	pause_message	Oh. You wanna celebrate some other time then?	อ๋อ งั้นไปฉลองกันวันหลังดีไหมคะ?
27-0147	pause_message	Yup. I'll get in touch with you ASAP.	ใช่ เดี๋ยวผมติดต่อกลับไปเร็ว ๆ นี้นะ
27-0148	pause_message	Okay! I'll be looking forward to it! <symbol=message_heart1>	โอเคค่ะ! รอไว้เลยนะ! <symbol=message_heart1>
27-0149	pause_message	(Oh yeah, I gave her an outfit as a gift. Should I see if she'll wear it?)	(เออ นึกออก ผมเคยให้ชุดเป็นของขวัญไว้ ลองถามดูดีไหมว่าจะใส่รึเปล่า)
27-0150	pause_message	Ask if she'll wear it	ถามว่าจะใส่ชุดนั้นไหม
27-0151	pause_message	Her usual outfit is fine	ใส่ชุดปกติก็ได้
27-0152	pause_message	Hey, you know that outfit I gave you? I'd love to see you in it!	นี่ จำชุดที่ผมให้ไว้ได้ไหม อยากเห็นคุณใส่จังเลย!
27-0153	pause_message	Oh really? I'll wear it then!	จริงเหรอคะ? งั้นฉันใส่เลยนะ!
27-0154	pause_message	Cool. Can't wait to see you!	เยี่ยม รอเจอเลยนะ!
27-0155	pause_message	(Nah, I don't wanna be that guy...)	(เอาน่า ผมไม่อยากเป็นคนแบบนั้นหรอก...)
27-0156	pause_message	Sana here. Just wanted to thank you again for today <symbol=message_onpu>\nHope you enjoyed my curry <symbol=message_joy1>	ซานะเองค่ะ แค่อยากขอบคุณอีกครั้งสำหรับวันนี้ <symbol=message_onpu>\nหวังว่าจะชอบแกงกะหรี่ที่ทำให้นะคะ <symbol=message_joy1>
27-0157	pause_message	Make me some more next time.	ครั้งหน้าทำให้ผมกินอีกนะ
27-0158	pause_message	We should go out to eat next time.	ครั้งหน้าออกไปกินข้าวนอกบ้าน กันดีกว่า
27-0159	pause_message	Then I guess I'm coming over to your place again <symbol=message_heart1>	งั้นฉันคงต้องไปที่บ้านคุณอี กรอบแล้วล่ะ <symbol=message_heart1>
27-0160	pause_message	As long as it's for you, I can make curry anytime.	ถ้าเป็นเพื่อคุณ ฉันทำแกงกะหรี่ให้ได้ทุกเมื่อเลยค่ะ
27-0161	pause_message	Are you saying... my curry wasn't any good?\n<symbol=message_sad1>	หมายความว่า... แกงกะหรี่ของฉันไม่อร่อยเหรอคะ?\n<symbol=message_sad1>
27-0162	pause_message	That's not what I was trying to say.	ผมไม่ได้หมายความแบบนั้นนะ
27-0163	pause_message	Is that so (-_-;)	งั้นเหรอคะ (-_-;)
27-0164	pause_message	Do you remember Kabata-san? He's the one Kitamura-san was talking about the other day.	จำคาบาตะซังได้ไหมคะ? คนที่คิตามุระซังพูดถึง เมื่อวันก่อนน่ะ
27-0165	pause_message	Wasn't that the guy who was raising a big stink about us dating?	ไม่ใช่คนที่โวยวายเรื่องเราคบกันเหรอ?
27-0166	pause_message	That's the one. So he came to my live performance today, but it seems like he's still suspicious. About you and me.	ใช่คนนั้นแหละค่ะ วันนี้เขามาดูการแสดงสดของฉันด้วย แต่ดูเหมือนเขาจะยังสงสัยอยู่ เรื่องเราสองคน
27-0167	pause_message	He needs to chill out.	เขาน่าจะใจเย็น ๆ ลงหน่อยนะ
27-0168	pause_message	We must've looked like a good couple!	คงเพราะเราดูเข้ากันเป็นคู่ที่ดีมั้ง!
27-0169	pause_message	This guy's annoying me.	ผู้ชายคนนี้กวนใจจริง ๆ
27-0170	pause_message	I can't believe he would go to such great lengths only to misunderstand us like this.	ไม่อยากเชื่อเลยว่าเขาจะพยายามขนาดนี้ แล้วสุดท้ายก็เข้าใจเราผิดแบบนี้
27-0171	pause_message	Right? Although I don't necessarily mind being mistaken with you...	ใช่ไหมล่ะคะ แต่ฉันก็ไม่ได้รังเกียจที่จะถูก เข้าใจผิดว่าคบกับคุณหรอกนะ...
27-0172	pause_message	Lol then we must've looked like a damn good couple!	555 งั้นเราคงดูเข้ากันเป็นคู่ที่ เจ๋งมากสินะ!
27-0173	pause_message	Oh my... (^///^)	โอ้โห... (^///^)
27-0174	pause_message	But seriously, it's annoying that he keeps thinking of us like that.	แต่พูดจริง ๆ นะ มันน่ารำคาญที่เขาคิดแบบนั้นกับ เราตลอด
27-0175	pause_message	You're... annoyed by that?	คุณ... รำคาญเรื่องนั้นเหรอ?
27-0176	pause_message	...That kinda hurts my feelings (;_:)	...มันทำให้ฉันรู้สึกเจ็บใจนิดหน่อยนะ (;_:)
27-0177	pause_message	I didn't intend to hurt your feelings. Sorry.	ผมไม่ได้ตั้งใจจะทำให้เสียใจนะ ขอโทษด้วย
27-0178	pause_message	Anyway, let me know if Kabata-san causes any trouble. I'm sure you'll be just fine, though.	เอาเป็นว่าถ้าคาบาตะซังสร้างปัญหาอะไร บอกผมได้เลยนะ ถึงจะมั่นใจว่าคุณคงไม่เป็นไรก็เถอะ
27-0179	pause_message	Okay, will do!	โอเคค่ะ จะบอกนะ!
27-0180	pause_message	Yagami-san. Could we meet up again? There's something I need to tell you.	ยากามิซัง เจอกันอีกครั้งได้ไหมคะ มีเรื่องอยากบอก
27-0181	pause_message	Of course. Is something wrong?	ได้สิ มีอะไรผิดปกติหรือเปล่า?
27-0182	pause_message	No... It's more like... I need to sort out how I feel. Are you free right now?	เปล่าค่ะ... มันเหมือนกับว่า... ฉันอยากทำความเข้าใจความรู้สึก ตัวเองน่ะ ตอนนี้คุณว่างไหมคะ?
27-0183	pause_message	Yeah, I am.	ว่างสิ
27-0184	pause_message	Now's not a good time.	ตอนนี้ไม่ค่อยสะดวกน่ะ
27-0185	pause_message	Yeah, I am. Let's meet up at Theater Square then.	ว่างสิ งั้นนัดเจอกันที่เธียเตอร์สแควร์นะ
27-0186	pause_message	Okay! I'm looking forward to it!	โอเคค่ะ! รอไว้เลยนะ!
27-0187	pause_message	Sorry. Now's not a good time. I'll catch you another time.	ขอโทษนะ ตอนนี้ไม่ค่อยสะดวก ไว้เจอกันคราวหน้านะ
27-0188	pause_message	Okay. Then I'll be waiting.	โอเคค่ะ งั้นฉันรอนะคะ
27-0189	pause_message	Sana here! Just letting you know I had a wonderful time today. Hope you had as much fun as I did!	ซานะเองค่ะ! แค่อยากบอกว่าวันนี้มีความสุขมากเลย หวังว่าคุณจะสนุกเหมือนฉันนะคะ!
27-0190	pause_message	Wish it would last forever.	อยากให้มันเป็นแบบนี้ตลอดไปเลย
27-0191	pause_message	Yeah, it was chill.	เออ มันชิล ๆ ดี
27-0192	pause_message	Yeah, I had fun.	เออ สนุกดี
27-0193	pause_message	When I was with you... I found myself wishing time would stop for just the two of us.\nLol! I am being serious though.	ตอนอยู่กับคุณ... ผมแอบคิดอยากให้เวลาหยุดไว้แค่ สองคนเราเลย\n555 แต่พูดจริงนะ
27-0194	pause_message	Does that mean... (o///o)	หมายความว่า... (o///o)
27-0195	pause_message	For sure. I'm starting to understand how you feel now.	จริงสิ ผมเริ่มเข้าใจความรู้สึกของคุณ แล้วล่ะตอนนี้
27-0196	pause_message	You're gonna make me blush... <symbol=message_happy1>	จะทำให้ฉันหน้าแดงนะเนี่ย... <symbol=message_happy1>
27-0197	pause_message	So, I gotta know. Who's this guy you like, Sana-chan?	เอาล่ะ ผมต้องรู้ให้ได้ ผู้ชายที่ซานะจังชอบเนี่ยใครกัน?
27-0198	pause_message	Not telling <symbol=message_angry1>	ไม่บอกหรอกค่ะ <symbol=message_angry1>
27-0199	pause_message	Oh... just chill, huh...	อ๋อ... ใจเย็น ๆ แล้วกันนะ...
27-0200	pause_message	Yeah, it was fun.	เออ สนุกอยู่นะ
27-0201	pause_message	Yay! <symbol=message_heart1> Thanks for letting me know.	เย่! <symbol=message_heart1> ขอบคุณที่บอกนะคะ
27-0202	pause_message	Hi Yagami-san! <symbol=message_onpu>\nWhat are you up to today?	หวัดดีค่ะ ยากามิซัง! <symbol=message_onpu>\nวันนี้ทำอะไรอยู่คะ?
27-0203	pause_message	Working.	กำลังทำงานอยู่
27-0204	pause_message	Being bored.	เบื่ออยู่
27-0205	pause_message	Thinking about you.	กำลังคิดถึงคุณอยู่
27-0206	pause_message	Just working.	ก็ทำงานน่ะสิ
27-0207	pause_message	Ooh, like what? Are you gonna go track down a suspect? You know, 'cause you're a detective and all.	โอ้ อย่างเช่นอะไรคะ? กำลังจะไปตามล่าผู้ต้องสงสัยรึเปล่า เพราะคุณเป็นนักสืบนี่นา
27-0208	pause_message	Well, I can't disclose too many details since I have to protect my clients' privacy... But generally, I do go out searching for people or investigating extramarital affairs.	เอ่อ ผมเปิดเผยรายละเอียดมากไม่ได้ เพราะต้องปกป้องความเป็นส่วนตัว ของลูกความน่ะ... แต่ทั่วไปก็ออกไปตามหาคน หรือสืบเรื่องชู้สาวนี่แหละ
27-0209	pause_message	Sometimes I end up on cases that surprise even me.	บางทีก็เจอคดีที่แม้แต่ผมเองยังตกใจ
27-0210	pause_message	I see... Well, at least you'll never get bored!	อ๋อ เข้าใจแล้วค่ะ... อย่างน้อยคุณก็คงไม่มีวันเบื่อเลยนะ!
27-0211	pause_message	Nothing. Literally. I'm out of things to do. 	ไม่ทำอะไรเลย พูดจริง ๆ ไม่มีอะไรทำเลย
27-0212	pause_message	O RLY? <symbol=message_joy1>	จริงดิ? <symbol=message_joy1>
27-0213	pause_message	Thinking about you, of course.	คิดถึงคุณอยู่น่ะสิ
27-0214	pause_message	What! Really!?	อะไรนะ! จริงเหรอ!?
27-0215	pause_message	Actually... I was thinking about you too! What a coincidence <symbol=message_heart1><symbol=message_heart1>	ที่จริง... ฉันก็กำลังคิดถึงคุณอยู่เหมือนกัน! บังเอิญจังเลยค่ะ <symbol=message_heart1><symbol=message_heart1>
27-0216	pause_message	I guess great minds think alike.	งั้นก็คงเป็นคนคิดตรงกันสินะ
27-0217	pause_message	Actually... I lied.	ที่จริง... ผมโกหกน่ะ
27-0218	pause_message	Hehe. I guess they do! <symbol=message_heart1><symbol=message_happy1><symbol=message_happy1><symbol=message_happy1><symbol=message_heart1>	เฮ้อ คงงั้นแหละค่ะ! <symbol=message_heart1><symbol=message_happy1><symbol=message_happy1><symbol=message_happy1><symbol=message_heart1>
27-0219	pause_message	Actually... I lied. I can't get my mind off work.	ที่จริง... ผมโกหกน่ะ หัวยังคิดวนอยู่กับงานอยู่เลย
27-0220	pause_message	(She's not replying. Am I messing around too much?)	(เธอไม่ตอบเลย ผมล้อเล่นมากไปหน่อยรึเปล่านะ)
27-0221	pause_message	What are you up to, Sana-chan?	ซานะจังทำอะไรอยู่เหรอ?
27-0222	pause_message	I'm about to go meet with some agency staff. Apparently they want to discuss some things with me.	กำลังจะไปเจอกับพนักงานค่ายเพลงค่ะ เหมือนเขาอยากคุยอะไรบางอย่างกับฉัน
27-0223	pause_message	Song-related things, I hope.	หวังว่าคงเป็นเรื่องเพลงนะ
27-0224	pause_message	I'm not sure. They just called to ask if I could come in and answer some questions.	ไม่แน่ใจเหมือนกันค่ะ เขาแค่โทรมาถามว่าฉันเข้าไป ตอบคำถามได้ไหม
27-0225	pause_message	They sounded more serious than usual. So I'm not sure what to think... <symbol=message_ase>	เสียงเขาดูจริงจังกว่าปกติค่ะ เลยไม่รู้จะคิดยังไงดี... <symbol=message_ase>
27-0226	pause_message	Hopefully it's nothing too crazy.	หวังว่าคงไม่ใช่เรื่องใหญ่โตอะไรนะ
27-0227	pause_message	Do you have a moment, Yagami-san?	มีเวลาสักครู่ไหมคะ ยากามิซัง?
27-0228	pause_message	I wanted to talk to you about my agency.	ฉันอยากคุยเรื่องค่ายเพลงของฉันกับคุณ
27-0229	pause_message	Sure. I'll see you in front of Kamuro Theater then.	ได้สิ งั้นเจอกันหน้าโรงละครคามุโรนะ
27-0230	pause_message	Okay. Sorry I keep bothering you <symbol=message_ase>	โอเคค่ะ ขอโทษที่รบกวนคุณบ่อย ๆ นะคะ <symbol=message_ase>
27-0231	pause_message	Sorry. I gotta deal with this other thing...	ขอโทษนะ ผมมีเรื่องอื่นต้องจัดการอยู่...
27-0232	pause_message	Oh, I see.	อ๋อ เข้าใจแล้วค่ะ
27-0233	pause_message	I'll get in touch with you later.	เดี๋ยวผมติดต่อไปทีหลังนะ
27-0234	pause_message	Okay, I'll be waiting <symbol=message_onpu>	โอเคค่ะ จะรอนะคะ <symbol=message_onpu>
27-0235	pause_message	Sana here <symbol=message_onpu>\nThank you again for today <symbol=message_joy1>\nAre you hurt at all, Yagami-san? Do you feel any pain that won't go away? <symbol=message_ase>	ซานะเองค่ะ <symbol=message_onpu>\nขอบคุณสำหรับวันนี้อีกครั้งนะคะ <symbol=message_joy1>\nยากามิซังเจ็บตรงไหนไหมคะ มีอาการปวดที่ไม่หายไหมคะ? <symbol=message_ase>
27-0236	pause_message	I'm totally fine.	ผมสบายดี ไม่เป็นไรเลย
27-0237	pause_message	My heart hurts.	หัวใจผมเจ็บน่ะ
27-0238	pause_message	I'm totally fine. That sort of thing happens to me all the time.	ผมสบายดี เรื่องแบบนี้เกิดขึ้นกับผม เป็นประจำอยู่แล้ว
27-0239	pause_message	Is that so! <symbol=message_joy1>\nI didn't know you were so strong... I was actually kinda mesmerized <symbol=message_heart1><symbol=message_heart1>	งั้นเหรอคะ! <symbol=message_joy1>\nไม่รู้เลยว่าคุณแข็งแกร่งขนาดนี้... ฉันแอบหลงเสน่ห์เข้าแล้วล่ะ <symbol=message_heart1><symbol=message_heart1>
27-0240	pause_message	My body is fine... It's my heart that hurts. Because I got so worried about you.	ร่างกายผมไม่เป็นไร... แต่หัวใจมันเจ็บน่ะ เพราะเป็นห่วงคุณมาก
27-0241	pause_message	That's... sweet of you <symbol=message_happy1>\nBut honestly, I'm okay! And it's all thanks to you!\n<symbol=message_joy1><symbol=message_joy1><symbol=message_joy1>	นั่น... มันน่ารักจังเลยค่ะ <symbol=message_happy1>\nแต่พูดตามตรง ฉันไม่เป็นไรจริง ๆ ค่ะ! ก็ต้องขอบคุณคุณด้วยนะ!\n<symbol=message_joy1><symbol=message_joy1><symbol=message_joy1>
27-0242	pause_message	Sounds like your agency gives you one problem after another, huh?	ฟังดูค่ายเพลงของคุณสร้างปัญหา ให้ไม่หยุดเลยนะ?
27-0243	pause_message	It would seem so. Hope I don't collapse from all the pressure (-_-;;)	ดูเหมือนจะเป็นแบบนั้นค่ะ หวังว่าฉันจะไม่ล้มไปซะก่อน เพราะความกดดันนะ (-_-;;)
27-0244	pause_message	Yagami-san, listen to this. It seems that Kabata-san had a change of heart. I was just notified that he sent my agency an apology letter.	ยากามิซัง ฟังนี่นะคะ ดูเหมือนคาบาตะซังจะเปลี่ยนใจแล้ว ฉันเพิ่งได้รับแจ้งว่าเขา ส่งจดหมายขอโทษไปที่ค่ายเพลง
27-0245	pause_message	Huh, never saw that coming. That's good.	โห ไม่คิดว่าจะเป็นแบบนี้ ดีเลยนะ
27-0246	pause_message	Yes, but... the manager still won't let up. He says I need to be way more careful from now on. <symbol=message_ase>	ใช่ค่ะ แต่... ผู้จัดการก็ยังไม่ยอมผ่อนปรน เขาบอกว่าฉันต้องระวังตัวให้ มากกว่านี้จากนี้ไป <symbol=message_ase>
27-0247	pause_message	Have you figured out your response to him?	คิดคำตอบที่จะให้เขาได้หรือยัง?
27-0248	pause_message	Yeah, thanks to you. After what happened, my mind is all made up.	ค่ะ ต้องขอบคุณคุณด้วยนะ หลังจากเรื่องที่เกิดขึ้น ฉันตัดสินใจได้แล้ว
27-0249	pause_message	Love is a powerful force that does more than drive my music. It reflects the way I live, and I won't hide that for anyone.\nNot for my bosses, not even for my fans.\nOtherwise my songs would lose their meaning.	ความรักเป็นพลังที่ยิ่งใหญ่ มันไม่ใช่แค่ขับเคลื่อนเพลงของฉัน แต่มันคือวิถีชีวิตของฉันเลยค่ะ ฉันจะไม่ปิดบังมันเพื่อใครทั้งนั้น\nไม่ว่าจะเป็นผู้บริหาร หรือแม้แต่แฟนเพลงของฉัน\nไม่งั้นเพลงของฉันคงหมดความหมายไปเลย
27-0250	pause_message	I understand. Do be aware that your manager might not see eye to eye with you, though.	เข้าใจแล้ว แต่ก็ต้องรู้ไว้ด้วยนะว่า ผู้จัดการของคุณอาจไม่เห็นด้วย กับคุณ
27-0251	pause_message	Yes. That's why I plan on negotiating with him, as you mentioned before.	ค่ะ เพราะงั้นฉันเลยวางแผนจะเจรจากับเขา ตามที่คุณเคยแนะนำไว้
27-0252	pause_message	With my newly completed song, that is.	ด้วยเพลงใหม่ที่เพิ่งแต่งเสร็จ นี่แหละค่ะ
27-0253	pause_message	Ah, so it's ready at long last?	อ๋อ เสร็จแล้วในที่สุดสินะ?
27-0254	pause_message	Then I'll be cheering you on.	งั้นผมจะเป็นกำลังใจให้นะ
27-0255	pause_message	I'd like to hear that sometime.	อยากลองฟังดูสักครั้งนะ
27-0256	pause_message	Then I'll be cheering you on. I'm sure you'll manage to persuade him.	งั้นผมจะเป็นกำลังใจให้นะ เชื่อว่าคุณต้องโน้มน้าวเขาได้แน่
27-0257	pause_message	Thank you! I'll do my very best! 	ขอบคุณค่ะ! ฉันจะทำเต็มที่เลย!
27-0258	pause_message	Maybe after my manager hears it first, haha. Wish me luck!	แต่ขอให้ผู้จัดการฟังก่อนแล้วกันนะคะ 555 ขอให้ฉันโชคดีด้วยนะ!
27-0259	pause_message	So I finally talked to my manager.	ในที่สุดฉันก็ได้คุยกับ ผู้จัดการแล้วค่ะ
27-0260	pause_message	And how'd it go?	แล้วเป็นยังไงบ้าง?
27-0261	pause_message	Well, as you can guess, he certainly wasn't too thrilled... at first.	ก็อย่างที่พอเดาได้ค่ะ ตอนแรกเขาไม่ค่อยพอใจเท่าไหร่...
27-0262	pause_message	But then I showed him my new song, and wow! He fell in love with it instantly. Like, he was totally floored!	แต่พอฉันให้เขาฟังเพลงใหม่ เขากลับหลงรักมันทันทีเลยค่ะ! ถึงกับทึ่งไปเลย!
27-0263	pause_message	Nice!	เยี่ยม!
27-0264	pause_message	And you know what else he said? That it would be a shame if the no-dating policy was gonna stifle my creativity. 	แล้วรู้ไหมว่าเขาพูดอะไรอีก? เขาบอกว่ามันน่าเสียดายถ้ากฎ ห้ามคบกันจะไปปิดกั้น ความคิดสร้างสรรค์ของฉัน
27-0265	pause_message	So he told me he'd negotiate with the president of the company! Isn't that great!?<symbol=message_happy1>	เขาเลยบอกว่าจะไปเจรจากับประธาน บริษัทให้! เยี่ยมไปเลยใช่ไหมคะ!?<symbol=message_happy1>
27-0266	pause_message	Yeah, that's incredible!	เออ เจ๋งมากเลย!
27-0267	pause_message	Here's hoping everything goes smoothly.	หวังว่าทุกอย่างจะราบรื่นนะ
27-0268	pause_message	May I hear that song of yours now?	ตอนนี้ขอฟังเพลงของคุณได้ไหม?
27-0269	pause_message	Thank you! I'll do everything I can on my part!	ขอบคุณค่ะ! ฉันจะทำหน้าที่ของฉันให้เต็มที่เลย!
27-0270	pause_message	Lol maybe next time!	555 ไว้ครั้งหน้าแล้วกันนะคะ!
27-0271	pause_message	Yagami-san. When's the next time you're free? There's something I need to confess.	ยากามิซัง คุณว่างครั้งหน้าเมื่อไหร่คะ มีเรื่องอยากสารภาพน่ะ
27-0272	pause_message	Whenever's good for you.	เมื่อไหร่ที่สะดวกก็ได้
27-0273	pause_message	We can meet up whenever's good for you.	เจอกันเมื่อไหร่ที่คุณสะดวกก็ได้นะ
27-0274	pause_message	Then, would it be okay if I head over tonight?	งั้นคืนนี้ฉันไปหาได้ไหมคะ?
27-0275	pause_message	That's fine. Should I just wait at the office then?	ได้สิ งั้นให้ผมรอที่ออฟฟิศเลยไหม?
27-0276	pause_message	Yes please!	ได้เลยค่ะ!
27-0277	pause_message	Sorry, I'm busy with something else.	ขอโทษนะ ผมติดธุระอย่างอื่นอยู่
27-0278	pause_message	Oh, okay. When would you be able to meet?	อ๋อ โอเคค่ะ แล้วเมื่อไหร่ถึงจะเจอกันได้คะ?
27-0279	pause_message	As soon as I possibly can.	เร็วที่สุดเท่าที่จะทำได้เลย
27-0280	pause_message	Got it. I'll be waiting for your message then.	รับทราบค่ะ งั้นฉันจะรอข้อความจากคุณนะ
27-0281	pause_message	Yagami-san, did you know there are some videos of me online?	ยากามิซังรู้ไหมคะว่ามีคลิปของ ฉันอยู่บนออนไลน์ด้วยนะ?
27-0282	pause_message	Well, I do now! Did you upload those yourself?	ตอนนี้รู้แล้วล่ะ! คุณอัปโหลดเองเหรอ?
27-0283	pause_message	Yes, I have been. Even before I came to Kamurocho, I would upload videos here and there in hopes that more people would hear my music.	ใช่ค่ะ ทำมาตลอด ก่อนจะมาอยู่คามุโรโจด้วยซ้ำ ฉันก็อัปโหลดคลิปไปเรื่อย ๆ เพราะหวังว่าจะมีคนได้ฟังเพลง ของฉันมากขึ้น
27-0284	pause_message	Dang, I had no idea. And you're still doing that now?	โห ไม่รู้เลยเนี่ย แล้วตอนนี้ก็ยังทำอยู่เหรอ?
27-0285	pause_message	Well, I kinda stopped ever since I moved into town...	ก็หยุดไปพักหนึ่งตั้งแต่ย้าย เข้ามาในเมืองนี่แหละค่ะ...
27-0286	pause_message	But the older stuff has been getting a lot of hits lately. Big enough for a talent agent to contact me...\nThey said they wanted to meet up in person <symbol=message_ase>	แต่คลิปเก่า ๆ ช่วงนี้มีคนดูเยอะมากค่ะ เยอะจนมีเอเจนต์ติดต่อมาเลย...\nเขาบอกว่าอยากนัดเจอตัวจริง ๆ <symbol=message_ase>
27-0287	pause_message	I expected nothing less of you.	สมกับเป็นคุณจริง ๆ
27-0288	pause_message	That's good, but I'm a little worried.	ดีนะ แต่ผมก็เป็นห่วงอยู่เหมือนกัน
27-0289	pause_message	Amazing. I expected nothing less of you, Sana-chan.	สุดยอดเลย สมกับเป็นซานะจังจริง ๆ
27-0290	pause_message	Oh please, it's no big deal! :3	โธ่ ไม่ใช่เรื่องใหญ่อะไรหรอกค่ะ! :3
27-0291	pause_message	I'm glad you're finally coming up in the music scene, but still... I get worried sometimes.	ดีใจที่ในที่สุดคุณก็เริ่ม มีชื่อเสียงในวงการเพลง แต่ก็นะ... บางทีผมก็เป็นห่วงอยู่ดี
27-0292	pause_message	Aww, you're actually worried about me? That's so cute! <symbol=message_heart1>	ว้าว คุณเป็นห่วงฉันจริง ๆ เหรอคะ? น่ารักจังเลย! <symbol=message_heart1>
27-0293	pause_message	Well, I've heard good things about this place, so I don't think last time is gonna repeat itself.\nI am a little nervous though ^^;	ก็ได้ยินแต่เรื่องดี ๆ เกี่ยวกับที่นี่ค่ะ เลยคิดว่าเรื่องแบบครั้งก่อนคง ไม่เกิดซ้ำอีก\nแต่ก็แอบตื่นเต้นอยู่เหมือนกันนะ ^^;
27-0294	pause_message	What makes you so nervous?	อะไรทำให้ตื่นเต้นขนาดนั้น?
27-0295	pause_message	Why not give them a chance?	ลองให้โอกาสพวกเขาดูสิ?
27-0296	pause_message	I feel you.	เข้าใจเลย
27-0297	pause_message	What makes you so nervous? Are you getting weird vibes or something?	อะไรทำให้ตื่นเต้นขนาดนั้น? รู้สึกไม่ค่อยชอบมาพากลรึเปล่า?
27-0298	pause_message	Hmm...	อืม...
27-0299	pause_message	It's kinda hard to put into words <symbol=message_heart2>	มันอธิบายเป็นคำพูดยากอยู่ เหมือนกันค่ะ <symbol=message_heart2>
27-0300	pause_message	Why not give them a chance? The least you could do is hear them out, and if you don't like what they're selling, beat it.	ลองให้โอกาสพวกเขาดูสิ อย่างน้อยก็ฟังเขาพูดก่อน ถ้าไม่ชอบสิ่งที่เขาเสนอก็ค่อย เผ่นออกมา
27-0301	pause_message	You're right. It's not like this sorta thing happens every day.	ก็จริงนะคะ เรื่องแบบนี้ไม่ได้เกิดขึ้น ทุกวันอยู่แล้ว
27-0302	pause_message	I understand, given everything you suffered through already...	เข้าใจนะ หลังจากที่คุณต้องเจอมาเยอะขนาดนั้น...
27-0303	pause_message	Even so... I still wanna give 'em a try. Hope it goes well <symbol=message_ase>	ถึงอย่างนั้น... ฉันก็ยังอยากลองดูอยู่ดีค่ะ หวังว่าจะไปได้สวยนะ <symbol=message_ase>
27-0304	pause_message	Thanks for coming out today, Sana-chan. Let's hang out again soon.	ขอบคุณที่มาวันนี้นะ ซานะจัง ไว้เจอกันอีกเร็ว ๆ นี้
27-0305	pause_message	I'd love to! Just let me know whenever you're free <symbol=message_onpu>	อยากไปมากเลยค่ะ! มีเวลาเมื่อไหร่บอกได้เลยนะคะ <symbol=message_onpu>
27-0306	pause_message	(She didn't seem too into our last date. Maybe I should send her a text.)	(เธอดูไม่ค่อยอินกับเดตครั้งก่อน เท่าไหร่ บางทีผมน่าจะส่งข้อความไปหาดีกว่า)
27-0307	pause_message	Sana-chan, about that invitation. I'm actually free right now.	ซานะจัง เรื่องที่ชวนไว้น่ะ จริง ๆ ตอนนี้ผมว่างเลย
27-0308	pause_message	Really!? Me too <symbol=message_happy1>	จริงเหรอคะ!? ฉันก็ว่างเหมือนกัน <symbol=message_happy1>
27-0309	pause_message	All right, then. Meet you at Theater Square?	โอเค งั้นนัดเจอกันที่เธียเตอร์สแควร์ไหม?
27-0310	pause_message	Okay! Be there in a heartbeat <symbol=message_heart1>	โอเคค่ะ! ไปถึงเดี๋ยวนี้เลย <symbol=message_heart1>
27-0311	pause_message	(Let's see if she's down to go out somewhere.)	(ลองดูซิว่าเธอจะสนใจออกไปเที่ยว ไหนสักที่ไหม)
27-0312	pause_message	Cool, can't wait to see you!	เยี่ยม รอเจอเลยนะ!
27-0313	pause_message	Cops're heading your way.	ตำรวจกำลังมาทางนี้แล้ว
27-0314	pause_message	Finish what you gotta do, quick.	รีบทำเรื่องที่ต้องทำให้เสร็จเร็ว ๆ
27-0315	pause_message	Yosuke Saotome here. I need to discuss something with you, Yagami-san.	โยสึเกะ ซาโอโตเมะพูดครับ มีเรื่องอยากปรึกษายากามิซังหน่อยครับ
27-0316	pause_message	Don't tell me there's another pervert out there...	อย่าบอกนะว่ามีคนโรคจิตอีกคน...
27-0317	pause_message	Don't tell me Tsukino-san's being harassed again...	อย่าบอกนะว่าสึกิโนะซังโดน คุกคามอีกแล้ว...
27-0318	pause_message	No, no. That's not it. Or at least... I don't think so...	เปล่า เปล่าครับ ไม่ใช่เรื่องนั้น หรืออย่างน้อย... ผมก็คิดว่าไม่ใช่...
27-0319	pause_message	You don't think so?	คิดว่าไม่ใช่เหรอ?
27-0320	pause_message	Well, it's just that Tsukino-san seems depressed lately. It worries me. And the worst thing is, she won't say a word to me.	คือว่าช่วงนี้สึกิโนะซังดูซึมลงครับ ผมเป็นห่วงมาก แล้วที่แย่ที่สุดคือเธอไม่ยอม พูดอะไรกับผมเลย
27-0321	pause_message	That is worrying.	น่าเป็นห่วงจริง ๆ
27-0322	pause_message	Yeah. But I think she might open up to you.	ใช่ครับ แต่ผมคิดว่าเธออาจจะเปิดใจคุย กับคุณได้
27-0323	pause_message	Are you saying she trusts me more than she trusts you?	หมายความว่าเธอไว้ใจผมมากกว่า ไว้ใจนายเหรอ?
27-0324	pause_message	Oh? Why's that?	อ้อ? ทำไมล่ะครับ?
27-0325	pause_message	Of course. Who'd trust a blabbermouth like me?	ใช่สิครับ ใครจะไปไว้ใจคนปากโป้งอย่างผมกัน
27-0326	pause_message	Ah. I see. But why me of all people?	อ๋อ เข้าใจแล้ว แต่ทำไมต้องเป็นผมล่ะ?
27-0327	pause_message	I think some things are just hard to talk about with family. Plus, she respects you, Yagami-san.	ผมว่าบางเรื่องมันก็พูดกับคนใน ครอบครัวยากครับ แล้วเธอก็นับถือยากามิซังด้วย
27-0328	pause_message	To be honest, I think she kinda has a thing for you.	จริง ๆ แล้วผมว่าเธอแอบมีใจให้คุณอยู่นะครับ
27-0329	pause_message	Huh? Really...?	หา? จริงเหรอ...?
27-0330	pause_message	At least that's my hunch as her brother.	อย่างน้อยก็เป็นสิ่งที่ผมสังเกต ในฐานะพี่ชายเธอครับ
27-0331	pause_message	So, I'm sorry to ask you this, but could you try contacting her?	เพราะงั้น ขอโทษที่ต้องขอร้องแบบนี้นะครับ แต่ช่วยลองติดต่อเธอดูได้ไหมครับ?
27-0332	pause_message	Okay. Will do.	ได้ ผมจะลองดู
27-0333	pause_message	(Looks like it's up to me to find out what's bothering Tsukino-chan. I'll get in touch with her soon.)	(ดูเหมือนจะต้องเป็นหน้าที่ผม ที่จะหาว่าอะไรรบกวนใจสึกิโนะ จัง เดี๋ยวผมจะติดต่อเธอเร็ว ๆ นี้)
27-0334	pause_message	Hey, its been awhile. This is Yagami, by the way.	นี่ ไม่ได้คุยกันนานเลยนะ ยากามิพูดนะ
27-0335	pause_message	Oh, hey! Nice to hear from you! <symbol=message_joy2> Can I help you with something?	โอ้ ไงคะ! ดีใจที่ได้ยินเสียงคุณเลย! <symbol=message_joy2> มีอะไรให้ช่วยไหมคะ?
27-0336	pause_message	I heard you were feeling a little down.	ได้ยินมาว่าช่วงนี้คุณดูไม่ค่อยสบายใจ
27-0337	pause_message	Just checking in on you.	แค่โทรมาถามไถ่เฉย ๆ น่ะ
27-0338	pause_message	Do you think we could meet up?	คิดว่าเราเจอกันได้ไหม?
27-0339	pause_message	Well, I heard from your brother that you've been feeling a little down.	คือผมได้ยินจากพี่ชายคุณว่า ช่วงนี้คุณดูไม่ค่อยสบายใจ
27-0340	pause_message	Just checking in on you. Is everything okay?	แค่โทรมาถามไถ่เฉย ๆ น่ะ ทุกอย่างโอเคไหม?
27-0341	pause_message	Yeah, everything's totally fine! <symbol=message_joy2> Why?	ค่ะ ทุกอย่างโอเคดีเลย! <symbol=message_joy2> ทำไมเหรอคะ?
27-0342	pause_message	Yeah, do you think we could meet up?	เออ คิดว่าเราเจอกันได้ไหม?
27-0343	pause_message	Why, what's going on? Did something happen!?	ทำไมเหรอคะ เกิดอะไรขึ้นหรือเปล่า!?
27-0344	pause_message	He said that to you?	เขาพูดแบบนั้นกับคุณเหรอ?
27-0345	pause_message	Yeah, so it got me kinda worried. If there's something on your mind, I'd be more than happy to listen.	ใช่ครับ เลยเป็นห่วงอยู่นิดหน่อย ถ้ามีอะไรติดอยู่ในใจ บอกมาได้เลยนะ ผมยินดีรับฟัง
27-0346	pause_message	Ugh, why does he always have to run his mouth like that... <symbol=message_angry2>	จริงๆ เลย ทำไมพี่ต้องปากโป้งแบบนี้ทุกทีนะ... <symbol=message_angry2>
27-0347	pause_message	Is something bothering you, though?	แต่มีอะไรกวนใจอยู่จริงๆ เหรอ?
27-0348	pause_message	Well... I guess you could say that. <symbol=message_ase>	ก็... พูดแบบนั้นก็ได้ค่ะ <symbol=message_ase>
27-0349	pause_message	Maybe I can cheer you up somehow?	ให้ผมช่วยทำให้อารมณ์ดีขึ้น สักหน่อยไหม?
27-0350	pause_message	How about we go out on a date?	ไปเดตกันไหมล่ะ?
27-0351	pause_message	Is this your way of saying you want to catch up?	นี่เป็นวิธีชวนไปเที่ยวด้วยกัน ของคุณเหรอ?
27-0352	pause_message	This is my way of doing your brother a favor (=P) Free of charge, mind you.	นี่เป็นวิธีที่ผมช่วยพี่ชายคุณต่างหาก (=P) ฟรีด้วยนะเนี่ย
27-0353	pause_message	Oh? I didn't know the Yagami Detective Agency provided escort services too! Lol I'm just kidding.	โอ้? ไม่รู้เลยว่า สำนักงานนักสืบยากามิรับงานพา เที่ยวด้วย! ฮ่าๆ ล้อเล่นนะคะ
27-0354	pause_message	Well, whatever's troubling you can usually be fixed with a little fun and entertainment, don't you think?	เอาน่า เรื่องที่กวนใจส่วนใหญ่มักแก้ ได้ด้วยความสนุกนิดหน่อย คุณว่าไหม?
27-0355	pause_message	So you want to distract me, huh.	ก็คืออยากทำให้ฉันเลิกคิดเรื่อง นั้นสินะ
27-0356	pause_message	Yup. And if that doesn't work, then we'll find a place to sit down and talk. How does that sound?	ใช่ครับ แล้วถ้ามันไม่ได้ผล เราค่อยหาที่นั่งคุยกันก็ได้ คุณว่าไง?
27-0357	pause_message	I guess it wouldn't hurt to talk a bit. <symbol=message_joy2>	คุยกันสักหน่อยก็คงไม่เสียหายอะไร <symbol=message_joy2>
27-0358	pause_message	Awesome. Then let's meet up at Theater Square.	เยี่ยมเลย งั้นไปเจอกันที่เธียเตอร์สแควร์นะ
27-0359	pause_message	Okay! See you then. <symbol=message_happy2>	ค่ะ! แล้วเจอกันนะคะ <symbol=message_happy2>
27-0360	pause_message	So, did you make plans with Tsukino?	นี่ นัดสึกิโนะไว้แล้วใช่ไหมครับ?
27-0361	pause_message	Yep, we're all set to hang out.	ใช่ครับ นัดกันเรียบร้อยแล้ว
27-0362	pause_message	That's what I thought. She seemed oddly cheerful today.	คิดไว้แล้วเชียวครับ วันนี้เธอดูร่าเริงแปลกๆ
27-0363	pause_message	Did she now?	งั้นเหรอ?
27-0364	pause_message	Yeah. She was even humming to herself... I feel like I haven't seen her in such a good mood in a long time.	ใช่ครับ ถึงขั้นฮัมเพลงคนเดียวเลยนะ... รู้สึกว่าไม่ได้เห็นเธออารมณ์ดี ขนาดนี้มานานแล้ว
27-0365	pause_message	I see. That's good to hear. I'll try and ask her what's up when I see her.	เข้าใจแล้วครับ ดีใจที่ได้ยินแบบนั้น เดี๋ยวเจอกันจะลองถามดูว่าเป็น ยังไงบ้าง
27-0366	pause_message	Yeah! Please do. Oh, and also...	เออ! ฝากถามด้วยนะครับ อ้อ แล้วก็...
27-0367	pause_message	Use protection, okay!?	ป้องกันด้วยล่ะครับ เข้าใจไหม!?
27-0368	pause_message	Shut up.	หุบปาก
27-0369	pause_message	Dude, shut up.	นี่ หุบปากไปเลย
27-0370	pause_message	Hahaha, just making sure!	ฮ่าๆ ก็แค่ขอย้ำเฉยๆ ครับ!
27-0371	pause_message	Yeah. Of course.	ครับ แน่นอนอยู่แล้ว
27-0372	pause_message	Hey, I was just kidding! Don't take that seriously!	เฮ้ ล้อเล่นน่าครับ! อย่าคิดจริงจังสิ!
27-0373	pause_message	Good luck with your job search.	ขอให้หางานได้เร็วๆ นะ
27-0374	pause_message	Let's hang out after our practice interview.	ซ้อมสัมภาษณ์เสร็จแล้วไปเที่ยวกันนะ
27-0375	pause_message	No problem at all. Good luck with your job search, okay?	ไม่เป็นไรเลยครับ ขอให้หางานได้เร็วๆ นะ
27-0376	pause_message	Any time. Let's hang out after our practice interview's over, yeah?	ยินดีเสมอ ซ้อมสัมภาษณ์เสร็จแล้วไปเที่ยว กันอีกนะ
27-0377	pause_message	Thanks for taking me out, Yagami-san! Today was super fun. Oh, and thanks for listening to me yak about my problems.	ขอบคุณที่พาออกไปเที่ยวนะคะ ยากามิซัง! วันนี้สนุกมากเลย อ้อ แล้วก็ขอบคุณที่ฟังฉันบ่นเรื่อง ปัญหาต่างๆ ด้วยนะคะ
27-0378	pause_message	Thanks! Make sure to give me some helpful hints on how to get hired! ;-)	ขอบคุณนะคะ! อย่าลืมให้เคล็ดลับดีๆ เรื่องการหางานด้วยล่ะ! ;-)
27-0379	pause_message	Sure! Can't wait!	ได้เลยค่ะ! รอไม่ไหวแล้ว!
27-0380	pause_message	Yagami-san. How was Tsukino?	ยากามิซัง สึกิโนะเป็นยังไงบ้าง?
27-0381	pause_message	She told me everything.	เธอเล่าให้ผมฟังหมดแล้วละ
27-0382	pause_message	That's a secret.	เป็นความลับ
27-0383	pause_message	She told me everything... things I'm not allowed to repeat.	เธอเล่าให้ผมฟังหมดแล้วละ... แต่เป็นเรื่องที่ห้ามพูดต่อ
27-0384	pause_message	It's a secret.	มันเป็นความลับ
27-0385	pause_message	Hmm. What could it possibly be?	อืม จะเป็นเรื่องอะไรได้นะ?
27-0386	pause_message	...Can I guess?	...ขอเดาได้ไหม?
27-0387	pause_message	Go for it.	ลงมือได้เลย
27-0388	pause_message	She has a crush on someone. And that someone is you!	เธอแอบชอบใครสักคนอยู่ แล้วคนนั้นก็คือยากามิซังไง!
27-0389	pause_message	Was I wrong?	เดาผิดหรือเปล่า?
27-0390	pause_message	No, you were right.	เปล่า เดาถูกแล้วละ
27-0391	pause_message	That's not it at all.	ไม่ใช่แบบนั้นเลยสักนิด
27-0392	pause_message	Then why didn't you just say so?	งั้นทำไมไม่บอกตรงๆ ไปเลยล่ะ?
27-0393	pause_message	Then I wonder what it could be...	งั้นก็ไม่รู้เหมือนกันว่าจะ เป็นเรื่องอะไร...
27-0394	pause_message	Don't worry, I'll check in with her soon.	ไม่ต้องห่วงครับ เดี๋ยวผมจะลองไปถามเธอดู
27-0395	pause_message	Yes. Please do.	ฝากด้วยนะ
27-0396	pause_message	Heyo! Guess what! I decided to do some self-analysis today. Have you ever analyzed yourself, Yagami-san?	เฮ้ย! เดาสิว่าอะไร! วันนี้ฉันลองวิเคราะห์ตัวเองดูค่ะ ยากามิซังเคยวิเคราะห์ตัวเองไหมคะ?
27-0397	pause_message	I have.	เคยครับ
27-0398	pause_message	Never.	ไม่มีทาง
27-0399	pause_message	What do you mean by self-analysis?	การวิเคราะห์ตัวเองนี่ หมายความว่ายังไงเหรอ?
27-0400	pause_message	Basically, you take a look at yourself in the context of preparing for a job interview. Things like your personality, special skills, reason for applying... anything that helps you stand out.	ก็คือลองมองตัวเองในมุมของการ เตรียมตัวสัมภาษณ์งานน่ะค่ะ อย่างเช่นบุคลิก ความสามารถพิเศษ เหตุผลที่สมัคร... อะไรก็ตามที่ช่วยให้เราโดดเด่นขึ้นมา
27-0401	pause_message	Huh. I didn't know people did that.	อ้าว ไม่รู้เลยว่ามีคนทำแบบนั้นด้วย
27-0402	pause_message	Yeah! Apparently people don't understand themselves as much as they think. So you need some introspection. <symbol=message_joy2>	ใช่ค่ะ! ได้ยินว่าคนเรามักไม่เข้าใจ ตัวเองมากเท่าที่คิดกัน เลยต้องใคร่ครวญดูตัวเองบ้าง <symbol=message_joy2>
27-0403	pause_message	I've done that before. And let me tell you, it was harder to do than I thought.	ผมเคยทำมาก่อนเหมือนกัน แล้วบอกเลยว่ายากกว่าที่คิดไว้เยอะ
27-0404	pause_message	Right!?	ใช่ไหมล่ะ!?
27-0405	pause_message	Nope, not once.	ไม่เคยเลยสักครั้ง
27-0406	pause_message	Oh, you should sometime! You might be able to find out new things about yourself! <symbol=message_happy2>	โอ้ ลองดูสักครั้งสิคะ! อาจจะได้รู้จักตัวเองในแง่มุมใหม่ๆ ก็ได้นะ! <symbol=message_happy2>
27-0407	pause_message	Hm. Maybe it's worth a shot.	อืม บางทีอาจจะลองดูสักหน่อยก็ได้
27-0408	pause_message	Did you find out anything about yourself?	แล้วได้รู้อะไรเกี่ยวกับตัวเองบ้างไหม?
27-0409	pause_message	Not really. It's hard to come up with the right words, you know? Maybe I'm just a shallow person... <symbol=message_sad2>	ก็ไม่เชิงค่ะ มันยากที่จะหาคำพูดที่ใช่มาอธิบาย บางทีฉันอาจจะเป็นคนตื้นเขินก็ได้... <symbol=message_sad2>
27-0410	pause_message	Nah, everyone is like that.	เปล่าเลย ใครๆ ก็เป็นแบบนั้นทั้งนั้น
27-0411	pause_message	That's not true.	ไม่จริงหรอก
27-0412	pause_message	Nah, everyone is like that. Even I'd have trouble answering if someone asked me why I became a detective.	เปล่าเลย ใครๆ ก็เป็นแบบนั้นทั้งนั้น ต่อให้ถามผมว่าทำไมถึงมาเป็นนักสืบ ผมก็คงตอบยากเหมือนกัน
27-0413	pause_message	Even you, Yagami-san!? Gosh, then no wonder I couldn't get anything out of it.	แม้แต่ยากามิซังก็ด้วยเหรอคะ!? โห ถ้างั้นก็ไม่แปลกที่ฉันคิดอะไร ไม่ออกเลย
27-0414	pause_message	That's not true. I think you're just a very unique person with your own way of thinking.	ไม่จริงหรอก ผมว่าคุณเป็นคนที่มีเอกลักษณ์ มีวิธีคิดเป็นของตัวเองต่างหาก
27-0415	pause_message	You really think so? Haha, well thanks. <symbol=message_onpu>	คิดแบบนั้นจริงๆ เหรอคะ? ฮ่าๆ ก็ขอบคุณนะคะ <symbol=message_onpu>
27-0416	pause_message	Though, the more I think about it, the more I'm unsure of what I want to do with my life.	แต่ยิ่งคิดไปเรื่อยๆ ก็ยิ่งไม่แน่ใจว่าอยากทำอะไรกับ ชีวิตตัวเองเลยค่ะ
27-0417	pause_message	Are you gonna be okay?	ไหวหรือเปล่า?
27-0418	pause_message	I understand. Sometimes when life weighs too heavy on your mind, your thoughts seem to spiral out of control.	เข้าใจล่ะ บางทีเวลาชีวิตมันหนักอึ้งในหัวเกินไป ความคิดก็มักจะวนเวียนจนคุมไม่อยู่
27-0419	pause_message	So I'm just overthinking it?	งั้นฉันก็แค่คิดมากไปเองเหรอคะ?
27-0420	pause_message	Probably. Either way, it sounds like all you're doing is giving yourself a headache (=P)	อาจจะใช่ครับ ยังไงก็เถอะ ฟังดูเหมือนคุณกำลังปวดหัวเปล่าๆ อยู่นะ (=P)
27-0421	pause_message	Yeah, pretty much! <symbol=message_joy2>	ใช่เลยค่ะ! <symbol=message_joy2>
27-0422	pause_message	Are you gonna be okay going into an interview like that?	แบบนี้จะไปสัมภาษณ์ไหวจริงเหรอ?
27-0423	pause_message	Probably not... but I'll do my best anyway...	คงไม่ไหวหรอกค่ะ... แต่ยังไงก็จะพยายามให้เต็มที่...
27-0424	pause_message	Can we do a practice interview like we talked about?	ไปซ้อมสัมภาษณ์กันได้ไหมคะ อย่างที่เคยคุยกันไว้?
27-0425	pause_message	Eventually.	ไว้ทีหลัง
27-0426	pause_message	Let's meet up at Theater Square, then.	งั้นไปเจอกันที่เธียเตอร์สแควร์เลยนะ
27-0427	pause_message	We can do that... eventually. I'll contact you as soon as I'm free.	ไปกันได้นะ... แต่ต้องรอก่อน เดี๋ยวว่างเมื่อไหร่จะติดต่อไป
27-0428	pause_message	Gotcha! I'll be waiting, then!	รับทราบค่ะ! งั้นจะรอนะคะ!
27-0429	pause_message	Hey... I just wanted to apologize for what you had to go through today...	เฮ้... แค่อยากขอโทษสำหรับเรื่องที่คุณ ต้องเจอวันนี้น่ะ...
27-0430	pause_message	As well as thank you for helping me with my interview! <symbol=message_joy2>	แล้วก็ขอบคุณที่ช่วยซ้อม สัมภาษณ์ให้ด้วยนะคะ! <symbol=message_joy2>
27-0431	pause_message	I could tell you were serious because you were wearing a suit. I hope it helped.	ดูออกเลยว่าคุณตั้งใจจริง เพราะใส่สูทมาด้วย หวังว่าจะช่วยได้นะ
27-0432	pause_message	How did I look?	ฉันดูเป็นไงบ้างคะ?
27-0433	pause_message	You really had it together.	ดูมั่นใจดีเลยนะ
27-0434	pause_message	Like the suit was wearing you.	เหมือนสูทใส่คุณมากกว่าคุณใส่สูทเลยนะ
27-0435	pause_message	You looked like someone who had it all together. Definitely someone suited for a kickass job.	ดูเป็นคนที่พร้อมทุกอย่างเลยนะ เหมาะกับงานเจ๋งๆ แน่นอน
27-0436	pause_message	Really! That's good to hear <symbol=message_heart1>	จริงเหรอคะ! ดีใจที่ได้ยินแบบนั้น <symbol=message_heart1>
27-0437	pause_message	Good luck on your interview.	ขอให้สัมภาษณ์ผ่านฉลุยนะ
27-0438	pause_message	Yeah! I'll do my very best! <symbol=message_onpu>	ค่ะ! จะพยายามให้เต็มที่เลย! <symbol=message_onpu>
27-0439	pause_message	Actually, it kind of looked like the suit was wearing you lol	จริงๆ แล้วดูเหมือนสูทใส่คุณมากกว่านะ ฮ่าๆ
27-0440	pause_message	Nooooo!! <symbol=message_sad2><symbol=message_sad2>	ไม่นะ!! <symbol=message_sad2><symbol=message_sad2>
27-0441	pause_message	Don't worry. You'll start to own it the more you wear it.	ไม่ต้องห่วงหรอก ใส่ไปเรื่อยๆ เดี๋ยวก็ดูเข้ากับตัวเองขึ้นเอง
27-0442	pause_message	Ughhh... I hope so...	โธ่เอ๊ย... หวังว่าจะเป็นแบบนั้นนะ...
27-0443	pause_message	Yagami-san! So I finally went in for my interview!	ยากามิซัง! ในที่สุดฉันก็ได้ไปสัมภาษณ์แล้วนะคะ!
27-0444	pause_message	How'd it go?	เป็นไงบ้าง?
27-0445	pause_message	Well, I did the best I could!	ก็ทำเต็มที่แล้วค่ะ!
27-0446	pause_message	Good. I hope you get the job.	ดีครับ หวังว่าจะได้งานนะ
27-0447	pause_message	Yeah. But I'm a little uncertain about something.	ค่ะ แต่มีเรื่องนึงที่ยังไม่ค่อยแน่ใจ
27-0448	pause_message	I'm not sure if it was the right company for me...	ไม่แน่ใจว่าบริษัทนี้เหมาะกับฉันจริงๆ หรือเปล่า...
27-0449	pause_message	You don't want to work there?	ไม่อยากทำงานที่นั่นเหรอ?
27-0450	pause_message	That's common.	เรื่องปกติแหละ
27-0451	pause_message	Do you actually not want to work there?	จริงๆ แล้วไม่อยากทำงานที่นั่นเลยเหรอ?
27-0452	pause_message	...Maybe. Maybe my desire to work there isn't that strong...	...ก็อาจจะใช่ค่ะ บางทีความอยากทำงานที่นั่นอาจจะ ไม่ได้แรงขนาดนั้น...
27-0453	pause_message	That's common. You'll find out it was the right choice after you get in.	เรื่องปกติแหละ พอได้เข้าไปทำงานจริงๆ เดี๋ยวก็รู้เองว่าเลือกถูกแล้ว
27-0454	pause_message	Is that how it works? But what if I get in and find out there's nothing I want to do...?	เป็นแบบนั้นจริงเหรอคะ? แต่ถ้าเข้าไปแล้วพบว่าไม่มีอะไร ที่อยากทำเลยล่ะ...?
27-0455	pause_message	Find a company that suits your needs, then. Once you've figured out what you want, that is.	งั้นก็หาบริษัทที่เหมาะกับคุณจริงๆ สิ พอรู้แล้วว่าตัวเองต้องการอะไร
27-0456	pause_message	Yeah. Maybe I haven't analyzed myself enough.	ค่ะ บางทีฉันอาจจะยังวิเคราะห์ตัวเองไม่พอ
27-0457	pause_message	So... I got an answer from the company.	คือ... ทางบริษัทตอบกลับมาแล้วค่ะ
27-0458	pause_message	What did they say?	เขาว่ายังไงบ้าง?
27-0459	pause_message	I was rejected...	ฉันถูกปฏิเสธค่ะ...
27-0460	pause_message	Ah. Sorry to hear that.	อ้า เสียใจด้วยนะ
27-0461	pause_message	I wonder what I did wrong... <symbol=message_sad2>	ไม่รู้ว่าตัวเองทำอะไรผิดไปนะ... <symbol=message_sad2>
27-0462	pause_message	Ask her out	ชวนเธอออกไปเที่ยว
27-0463	pause_message	Ask her later	ค่อยชวนทีหลัง
27-0464	pause_message	Want to go somewhere and blow off some steam?	อยากไปเที่ยวปลดปล่อยความเครียดกันไหม?
27-0465	pause_message	Huh? Really? Yeah, I think I need that!	เอ๊ะ? จริงเหรอคะ? ใช่ ฉันว่าฉันต้องการแบบนั้นเลย!
27-0466	pause_message	Then let's meet up at Theater Square.	งั้นไปเจอกันที่เธียเตอร์สแควร์นะ
27-0467	pause_message	(Maybe now's not a good time to ask.)	(บางทีตอนนี้อาจจะยังไม่ใช่เวลา ที่เหมาะจะชวน)
27-0468	pause_message	Ugh. It's like I don't even know who I am anymore! <symbol=message_angry2>	โธ่เอ๊ย เหมือนฉันไม่รู้จักตัวเองอีกต่อไปแล้ว! <symbol=message_angry2>
27-0469	pause_message	(Damn. That's pretty heavy. Maybe I should ask her out later to help her blow off some steam.)	(แย่จัง หนักหนาเอาเรื่องเลย บางทีน่าจะรอชวนเธอออกไป ปลดปล่อยความเครียดทีหลังดีกว่า)
27-0470	pause_message	Hey I just wanted to say thanks for your advice today.	เฮ้ แค่อยากบอกขอบคุณสำหรับคำแนะนำ วันนี้ค่ะ
27-0471	pause_message	No problem.	ไม่มีปัญหา
27-0472	pause_message	What we talked about really made me think... and I ended up learning a lot about myself. 	เรื่องที่เราคุยกันทำให้ฉัน ได้คิดเยอะเลย... แล้วก็ได้เรียนรู้อะไรเกี่ยวกับ ตัวเองเยอะมากด้วยค่ะ 
27-0473	pause_message	That's wonderful to hear.	ดีใจที่ได้ยินแบบนั้นนะ
27-0474	pause_message	Yeah. Now that I have a clearer picture of the future, I'm sure I'll do better when the next chance comes around! <symbol=message_joy2>	ค่ะ ตอนนี้เห็นภาพอนาคตชัดขึ้นแล้ว มั่นใจว่าครั้งหน้าต้องทำได้ ดีกว่านี้แน่! <symbol=message_joy2>
27-0475	pause_message	Yagami-san, I've come to a conclusion...	ยากามิซัง ฉันได้ข้อสรุปแล้วค่ะ...
27-0476	pause_message	I think I'm gonna try applying for jobs where I can utilize my drawing skills.	ฉันคิดว่าจะลองสมัครงานที่ได้ ใช้ความสามารถด้านวาดรูปดูค่ะ
27-0477	pause_message	Sounds like a great idea!	ฟังดูเป็นไอเดียที่ดีเลยนะ!
27-0478	pause_message	There's this web design company I've been following for some time now. I'd like to apply there.	มีบริษัทออกแบบเว็บไซต์ที่ฉัน ติดตามมาสักพักแล้ว อยากลองสมัครที่นั่นดูค่ะ
27-0479	pause_message	That's very bold of you.	กล้าหาญมากเลยนะ
27-0480	pause_message	Hope you don't get turned down.	หวังว่าจะไม่โดนปฏิเสธนะ
27-0481	pause_message	That's very bold of you. I like it!	กล้าหาญมากเลยนะ ผมชอบนะแบบนี้!
27-0482	pause_message	Thanks. I've always wanted to do something like this, you know.	ขอบคุณค่ะ จริงๆ ฉันก็อยากทำอะไรแบบนี้มาตลอดเลย
27-0483	pause_message	Hey, don't say that! <symbol=message_angry2><symbol=message_angry2>	เฮ้ อย่าพูดแบบนั้นสิ! <symbol=message_angry2><symbol=message_angry2>
27-0484	pause_message	Oh, and I appreciate you helping me come to this realization.	อ้อ แล้วก็ขอบคุณที่ช่วยให้ฉันได้ ค้นพบเรื่องนี้ด้วยนะคะ
27-0485	pause_message	Me? I didn't do much.	ผมเหรอ? ผมก็ไม่ได้ทำอะไรมากหรอก
27-0486	pause_message	Actually, you did. I realized something after hearing your story.	จริงๆ แล้วช่วยเยอะเลยนะคะ ฉันได้คิดอะไรขึ้นมาหลังจากฟัง เรื่องราวของคุณ
27-0487	pause_message	Sometimes you just have to stop using your head and follow your heart!	บางทีก็แค่ต้องเลิกใช้หัวคิด แล้วทำตามใจตัวเองบ้าง!
27-0488	pause_message	I don't know if that's exactly how I'd put it, but yeah. That's the general idea.	ผมไม่รู้ว่าจะพูดแบบนั้นเป๊ะๆ ไหม แต่ก็ประมาณนั้นแหละ
27-0489	pause_message	Good! Because that's my new philosophy on life <symbol=message_onpu> At least for now lol	ดีค่ะ! เพราะนั่นคือปรัชญาชีวิตใหม่ของฉันเลย <symbol=message_onpu> อย่างน้อยก็ตอนนี้นะ ฮ่าๆ
27-0490	pause_message	So I submitted my designs to the company today. It feels so weird having my work evaluated... It's like, so corporate! Hope I did okay.	วันนี้ฉันส่งผลงานออกแบบให้ บริษัทไปแล้วค่ะ รู้สึกแปลกๆ ที่ผลงานตัวเองถูกประเมิน... เหมือนเข้าสู่โลกธุรกิจจริงจังเลย หวังว่าจะทำได้ดีนะ
27-0491	pause_message	Aha, so the moment of truth draws near.	อ้อ งั้นช่วงเวลาชี้ชะตาก็ใกล้เข้า มาแล้วสิ
27-0492	pause_message	Haha, yup. What were you up to today?	ฮ่าๆ ใช่ค่ะ แล้ววันนี้คุณทำอะไรมาบ้างคะ?
27-0493	pause_message	Working. Running around town, handling requests... the usual.	ทำงานน่ะ วิ่งวุ่นไปทั่วเมือง จัดการงานที่รับมา... ตามปกติ
27-0494	pause_message	That's good! I bet you get some weird jobs every now and then, huh?	ดีจังค่ะ! เดาว่าบางทีคงเจองานแปลกๆ บ้างสินะคะ?
27-0495	pause_message	Too many, as a matter of fact.	เยอะเกินไปด้วยซ้ำ
27-0496	pause_message	Being bored. I pretty much spaced out for most of the day. There just wasn't anything to do.	เบื่อสุดๆ วันนี้ก็นั่งเหม่อไปทั้งวันเลย ไม่มีอะไรให้ทำเลย
27-0497	pause_message	Hehehe. I didn't know you had days like that, Yagami-san. <symbol=message_joy2>	เฮะๆ ไม่รู้เลยว่ายากามิซังก็มีวัน แบบนี้เหมือนกัน <symbol=message_joy2>
27-0498	pause_message	When I'm out of work, I do.	เวลาไม่มีงานเข้า ก็มีวันแบบนี้เหมือนกันแหละ
27-0499	pause_message	Hey, Yagami-san. It's Yosuke.	เฮ้ ยากามิซัง ผมโยสึเกะเองครับ
27-0500	pause_message	Tsukino stopped being her usual self all of a sudden. Did something happen?	จู่ๆ สึกิโนะก็ไม่เหมือนเดิมเลย มีอะไรเกิดขึ้นหรือเปล่าครับ?
27-0501	pause_message	Oh? You didn't hear?	อ้อ? ยังไม่ได้ยินเหรอ?
27-0502	pause_message	Are you dating her now?	ตอนนี้คบกับเธออยู่หรือเปล่าครับ?
27-0503	pause_message	No, no. That's not it.	เปล่าๆ ไม่ใช่แบบนั้น
27-0504	pause_message	Did you... do it with her?	หรือว่า... ได้ทำอะไรกับเธอไปแล้วครับ?
27-0505	pause_message	But she's been doing a lot of skin care and stuff lately...	แต่ช่วงนี้เธอดูแลผิวพรรณตัวเอง เยอะมากเลยนะครับ...
27-0506	pause_message	It's like she's in love mode or something.	เหมือนเข้าโหมดกำลังมีความรัก ยังไงไม่รู้
27-0507	pause_message	(I think it's 'cause she's prepping for her interview...)	(คิดว่าคงเป็นเพราะเธอกำลัง เตรียมตัวสัมภาษณ์งานอยู่ มากกว่า...)
27-0508	pause_message	She's still a student, you know. Make sure you wear a rubber.	เธอยังเป็นนักเรียนอยู่นะครับ ใช้ถุงยางด้วยล่ะ
27-0509	pause_message	Dude, aren't you supposed to be her brother...?	นี่ นายเป็นพี่ชายเธอไม่ใช่เหรอ...?
27-0510	pause_message	Yagami-san! Good news!	ยากามิซัง! ข่าวดีค่ะ!
27-0511	pause_message	What is it?	มีอะไรเหรอ?
27-0512	pause_message	I passed the initial screening for that company! <symbol=message_happy2><symbol=message_happy2><symbol=message_happy2>	ฉันผ่านการคัดเลือกรอบแรกของ บริษัทนั้นแล้ว! <symbol=message_happy2><symbol=message_happy2><symbol=message_happy2>
27-0513	pause_message	And now they want to talk to me in person!	แล้วตอนนี้เขาอยากคุยกับฉันแบบ ตัวต่อตัวด้วย!
27-0514	pause_message	Are you serious?	จริงเหรอ?
27-0515	pause_message	That's amazing!	สุดยอดไปเลย!
27-0516	pause_message	What? Are you serious?	อะไรนะ? เอาจริงเหรอ?
27-0517	pause_message	You bet I am! <symbol=message_onpu>	จริงสิคะ! <symbol=message_onpu>
27-0518	pause_message	That's amazing, Tsukino-chan.	สุดยอดไปเลย สึกิโนะจัง
27-0519	pause_message	Isn't it?	ใช่ไหมล่ะ?
27-0520	pause_message	I knew you would pass with flying colors, Tsukino-chan!	รู้อยู่แล้วว่าต้องผ่านฉลุยแน่ๆ สึกิโนะจัง!
27-0521	pause_message	It's like a dream come true!! I can hardly believe it even now...	เหมือนความฝันเป็นจริงเลยค่ะ!! จนตอนนี้ก็ยังแทบไม่อยากเชื่อเลย...
27-0522	pause_message	They responded pretty fast, huh?	เขาตอบกลับมาเร็วดีนะ?
27-0523	pause_message	I asked HR about that, and they told me that someone there saw my illustrations and said they wanted to talk to me without even looking at my profile.	ฉันลองถามฝ่ายบุคคลดู เขาบอกว่ามีคนในบริษัทเห็น ภาพวาดของฉันแล้วบอกว่าอยาก คุยด้วยเลย โดยไม่ต้องดูโปรไฟล์ด้วยซ้ำ
27-0524	pause_message	Wow. I guess your drawings really do make a giant impact... hehe.	ว้าว ภาพวาดของคุณสร้างความประทับใจ ได้มากจริงๆ สินะ... เฮะๆ
27-0525	pause_message	That's not funny, Yagami-san.	ไม่ตลกเลยนะคะ ยากามิซัง
27-0526	pause_message	Hmm... What if they get disappointed after meeting me in person...?<symbol=message_sad2>	อืม... ถ้าเขาผิดหวังหลังจากได้เจอตัวจริงล่ะ...?<symbol=message_sad2>
27-0527	pause_message	You'll be fine as long as you prepare.	เตรียมตัวให้พร้อมก็ไม่มีปัญหาหรอก
27-0528	pause_message	Yeah. I should do that, huh.	ค่ะ คงต้องเตรียมตัวจริงๆ สินะ
27-0529	pause_message	Ask if she'd like to practice	ถามว่าอยากซ้อมไหม
27-0530	pause_message	Don't ask her just yet	ยังไม่ต้องถามตอนนี้
27-0531	pause_message	(Maybe I'll help her out with her interview as soon as I find the time.)	(เดี๋ยวว่างเมื่อไหร่จะลองช่วย เธอเตรียมตัวสัมภาษณ์ดู)
27-0532	pause_message	Well, let's keep in touch, yes?	งั้นก็คอยติดต่อกันไว้นะ?
27-0533	pause_message	Okay! I'll be waiting!	ค่ะ! จะรอนะคะ!
27-0534	pause_message	You want me to help you again?	อยากให้ผมช่วยอีกครั้งไหม?
27-0535	pause_message	Okay. Then I'll see you at Theater Square as usual.	โอเค งั้นไปเจอกันที่เธียเตอร์สแควร์ เหมือนเดิมนะ
27-0536	pause_message	Okay! Thank you so much! <symbol=message_happy2>	ค่ะ! ขอบคุณมากเลยนะคะ! <symbol=message_happy2>
27-0537	pause_message	Thanks for your help today, Yagami-san.	ขอบคุณที่ช่วยวันนี้นะคะ ยากามิซัง
27-0538	pause_message	I just got back from my interview.	เพิ่งกลับมาจากสัมภาษณ์ค่ะ
27-0539	pause_message	Congrats on getting it over with.	ยินดีด้วยที่ผ่านมันไปได้
27-0540	pause_message	Congrats on getting over with. You deserve some rest.	ยินดีด้วยที่ผ่านมันไปได้ พักผ่อนบ้างเถอะนะ
27-0541	pause_message	How did your interview go?	สัมภาษณ์เป็นยังไงบ้าง?
27-0542	pause_message	Of course, I was nervous at first, but I think I really hit it off with the interviewer by the end! <symbol=message_joy2>	แน่นอนว่าตอนแรกตื่นเต้นมาก แต่พอถึงช่วงท้ายก็รู้สึกคุย ถูกคอกับผู้สัมภาษณ์มากเลยค่ะ! <symbol=message_joy2>
27-0543	pause_message	Yeah. <symbol=message_happy2> As soon as started talking about drawings and anime, the conversation just kept flowing.	ค่ะ <symbol=message_happy2> พอเริ่มคุยเรื่องภาพวาดกับอนิเมะปุ๊บ บทสนทนาก็ลื่นไหลไปเรื่อยเลย
27-0544	pause_message	I probably should've been more serious, but it was because I felt really comfortable. I even laughed a couple times. <symbol=message_onpu>	อาจจะต้องจริงจังกว่านี้หน่อย แต่ก็เพราะรู้สึกสบายใจมากน่ะค่ะ ถึงขั้นหัวเราะออกมาสองสามครั้งเลย <symbol=message_onpu>
27-0545	pause_message	I hope I was okay... <symbol=message_ase>	หวังว่าจะโอเคนะ... <symbol=message_ase>
27-0546	pause_message	But you clearly communicated your expectations, right?	แต่คุณก็สื่อความคาดหวัง ของตัวเองออกไปชัดเจนใช่ไหม?
27-0547	pause_message	I think I did. <symbol=message_ase>	คิดว่าทำได้นะคะ <symbol=message_ase>
27-0548	pause_message	Then you'll just have to wait and see what they say.	งั้นก็แค่รอดูว่าเขาจะตอบว่ายังไง
27-0549	pause_message	I haven't heard anything back yet.	ยังไม่มีคำตอบกลับมาเลยค่ะ
27-0550	pause_message	Don't dwell too much on it. You'll be fine.	อย่าคิดมากไปเลย เดี๋ยวก็ผ่านไปด้วยดี
27-0551	pause_message	Maybe they picked someone else?	หรือว่าเขาเลือกคนอื่นไปแล้วนะ?
27-0552	pause_message	Don't dwell too much on it. Worrying won't change anything, you know?	อย่าคิดมากไปเลย กังวลไปก็ไม่ได้ช่วยให้อะไร เปลี่ยนหรอกนะ
27-0553	pause_message	That's true. I can think of what to do next after they reject me <symbol=message_sad2>	ก็จริงนะคะ ถ้าโดนปฏิเสธค่อยไปคิดว่าจะทำ อะไรต่อก็ได้ <symbol=message_sad2>
27-0554	pause_message	Well. There's no point getting depressed, is what I'm trying to say.	เอาน่า ที่อยากจะบอกก็คือ ไม่มีประโยชน์อะไรที่จะ จมอยู่กับความหดหู่หรอก
27-0555	pause_message	Yeah! You're right.	ค่ะ! คุณพูดถูก
27-0556	pause_message	Ahh... Now I'm even more worried <symbol=message_sad2>	อ้าา... ตอนนี้ยิ่งกังวลกว่าเดิมอีก <symbol=message_sad2>
27-0557	pause_message	They contacted me so quickly last time, too... <symbol=message_ase>	ครั้งที่แล้วเขาก็ติดต่อกลับมา เร็วมากด้วย... <symbol=message_ase>
27-0558	pause_message	Be patient. They'll get in touch with you eventually.	ใจเย็นๆ เดี๋ยวเขาก็ติดต่อกลับมาเอง
27-0559	pause_message	Yeah... <symbol=message_sad2>	ค่ะ... <symbol=message_sad2>
27-0560	pause_message	Yagami-san. I got a call from the company.	ยากามิซัง บริษัทโทรมาหาฉันแล้วค่ะ
27-0561	pause_message	They hired me!!! I'm in!!! <symbol=message_happy2><symbol=message_happy2><symbol=message_happy2>	เขารับฉันเข้าทำงานแล้ว!!! ได้แล้ว!!! <symbol=message_happy2><symbol=message_happy2><symbol=message_happy2>
27-0562	pause_message	Oh, congratulations!	โอ้ ยินดีด้วยนะ!
27-0563	pause_message	But... I'll be working as a contractor for a year until I become a full-time employee. <symbol=message_ase> Apparently that's how everyone starts off.	แต่... ต้องเป็นพนักงานสัญญาจ้างไปก่อน หนึ่งปี กว่าจะได้เป็นพนักงานประจำ <symbol=message_ase> ได้ยินว่าทุกคนก็เริ่มแบบนี้กันหมด
27-0564	pause_message	Okay. And are you going through with it?	โอเค แล้วจะไปต่อกับมันไหม?
27-0565	pause_message	...I'm honestly a little hesitant, but I think I'll be okay in the end. It seems like I'll get the chance to be a full-timer as soon as they acknowledge my work.	...จริงๆ ก็ลังเลอยู่นิดหน่อยค่ะ แต่คิดว่าสุดท้ายแล้วน่าจะไหว ดูเหมือนว่าพอเขายอมรับผลงานของฉัน ก็มีโอกาสได้เป็นพนักงานประจำ
27-0566	pause_message	So I'll give it my very best shot!	งั้นฉันจะทำให้เต็มที่ที่สุด!
27-0567	pause_message	I'm proud of you, Tsukino-chan. You finally got where you wanted to be. I'm sure you'll do great.	ผมภูมิใจในตัวคุณนะ สึกิโนะจัง ในที่สุดก็มาถึงจุดที่ต้องการได้แล้ว มั่นใจว่าต้องทำได้ดีแน่นอน
27-0568	pause_message	Yagami-san. I have something important to tell you. Can I borrow some of your time?	ยากามิซัง มีเรื่องสำคัญอยากบอกค่ะ ขอเวลาสักครู่ได้ไหมคะ?
27-0569	pause_message	Maybe later?	ไว้ทีหลังได้ไหม?
27-0570	pause_message	Yeah, sure.	อือ ได้สิ
27-0571	pause_message	Then can I go to your office tonight?	งั้นคืนนี้ไปหาที่ออฟฟิศได้ไหมคะ?
27-0572	pause_message	That's fine.	ก็ได้
27-0573	pause_message	Then I'll see you tonight!	งั้นเจอกันคืนนี้นะคะ!
27-0574	pause_message	Sorry, but now's not exactly the best time. Can I get in touch with you later?	ขอโทษนะ แต่ตอนนี้ไม่ค่อยสะดวกเท่าไหร่ ขอติดต่อกลับทีหลังได้ไหม?
27-0575	pause_message	Yeah, that's not a problem! I'll be waiting!	ได้ค่ะ ไม่มีปัญหาเลย! จะรอนะคะ!
27-0576	pause_message	Hey, remember that outfit I bought you? This might be a good opportunity to try it out, right?	เฮ้ จำชุดที่ผมซื้อให้ได้ไหม? นี่อาจจะเป็นโอกาสดีที่จะได้ลองใส่นะ?
27-0577	pause_message	Hmm.	อืม
27-0578	pause_message	It's a bit much, but you're right. Now's as good a time as any!	มันเว่อร์ไปหน่อยนะ แต่ก็จริงค่ะ ตอนนี้แหละเหมาะที่สุดแล้ว!
27-0579	pause_message	(Score!)	(เยส!)
27-0580	pause_message	Forget it	ไม่เอาแล้วกัน
27-0581	pause_message	(Should I ask Tsukino-chan out on a date?)	(ควรชวนสึกิโนะจังไปเดตดีไหมนะ?)
27-0582	pause_message	(Nah. Now's not a good time.)	(ไม่ล่ะ ตอนนี้ยังไม่ใช่เวลาที่เหมาะ)
27-0583	pause_message	(Okay. Let's see what she says.)	(เอาล่ะ ลองดูว่าเธอจะว่ายังไง)
27-0584	pause_message	Hey, Tsukino-chan. If you're free right now, you wanna go out somewhere?	เฮ้ สึกิโนะจัง ถ้าตอนนี้ว่างอยู่ อยากออกไปเที่ยวไหม?
27-0585	pause_message	Sure! I was actually just thinking about you! <symbol=message_heart1>	ค่ะ! จริงๆ กำลังคิดถึงคุณอยู่พอดีเลย! <symbol=message_heart1>
27-0586	pause_message	Great, then let's meet up at Theater Square.	ดีเลย งั้นไปเจอกันที่เธียเตอร์สแควร์นะ
27-0587	pause_message	Okay! Be right there!	ค่ะ! เดี๋ยวไปเลย!
27-0588	pause_message	(Oh yeah. I should get something for Tsukino-chan before our date. Maybe some kind of present?)	(อ้อ จริงด้วย ก่อนเดตน่าจะหาอะไรให้สึกิโนะ จังสักหน่อย เป็นของขวัญสักอย่างดีไหมนะ?)
27-0589	pause_message	(Le Marche should have what I'm looking for.)	(ที่เลอมาร์เช่น่าจะมีของที่ กำลังหาอยู่นะ)
27-0590	pause_message	Hey, remember that outfit I bought you? I'd love to see you in it!	เฮ้ จำชุดที่ผมซื้อให้ได้ไหม? อยากเห็นคุณใส่ชุดนั้นจังเลย!
27-0591	pause_message	Thanks for coming out today, Tsukino-chan. Let's hang out again sometime.	ขอบคุณที่มาเที่ยวด้วยกันวันนี้นะ สึกิโนะจัง ไว้ไปเที่ยวกันอีกนะ
27-0592	pause_message	No, thank you for taking me. I hope to see you soon!	เปล่าค่ะ ต้องขอบคุณที่พาออกมาเที่ยวต่างหาก หวังว่าจะได้เจอกันเร็วๆ นี้นะคะ!
27-0593	pause_message	I know your interview's coming up soon, so would you like to get some practice in with me?	รู้ว่าใกล้ถึงวันสัมภาษณ์แล้ว อยากลองซ้อมกับผมไหม?
27-0594	pause_message	Sure, that'd be great!	ได้เลยค่ะ ยินดีมากเลย!
27-0595	pause_message	Okay. Then I'll meet you at Theater Square, as usual.	โอเค งั้นไปเจอกันที่เธียเตอร์สแควร์ เหมือนเดิมนะ
27-0596	pause_message	Great! Thank you so much!	ค่ะ! ขอบคุณมากเลยนะคะ!
27-0597	pause_message	Tsukino-chan. We can meet up for that interview practice right now, if you want.	สึกิโนะจัง ถ้าอยากซ้อมสัมภาษณ์ ตอนนี้ไปเจอกันเลยก็ได้นะ
27-0598	pause_message	Huh? Really? Thank you!	เอ๊ะ? จริงเหรอคะ? ขอบคุณค่ะ!
27-0599	pause_message	Somehow you seemed kind of down last time. If you want, we could always go relax somewhere. Help ease the stress a bit.	ไม่รู้สิ ครั้งก่อนดูเหมือนคุณจะหมองๆ อยู่ ถ้าอยากไปที่ไหนสักที่เพื่อผ่อนคลาย คลายเครียดหน่อยก็ได้นะ
27-0600	pause_message	Oh! Are you sure? That'd be amazing! Where should we meet up?	โอ้! จริงเหรอคะ? เยี่ยมไปเลย! ไปเจอกันที่ไหนดี?
27-0601	pause_message	How about Theater Square?	ที่เธียเตอร์สแควร์เป็นไงครับ?
27-0602	pause_message	Okay! I'll be on my way!	โอเคค่ะ! เดี๋ยวไปเลยนะคะ!
27-0603	pause_message	I appreciate you going to such great lengths to rescue me. The police were saying it was incredible you even found me at all.	ขอบคุณมากๆ นะคะที่ช่วยเหลือฉัน สุดความสามารถขนาดนั้น ตำรวจยังบอกเลยว่ามันน่าทึ่งมาก ที่คุณหาฉันเจอได้
27-0604	pause_message	You were so cool, Yagami-san.	คุณเท่มากเลยค่ะ ยากามิซัง
27-0605	pause_message	I'm just glad you're safe.	แค่ดีใจที่คุณปลอดภัยก็พอแล้ว
27-0606	pause_message	You're not hurt at all?	ไม่เจ็บตรงไหนเลยเหรอ?
27-0607	pause_message	Thanks. Ugh, if you hadn't come along... I don't even wanna think about that.	ขอบคุณค่ะ... ถ้าคุณไม่มาช่วย ฉันคงไม่อยากคิดเลยว่าจะเป็นยังไง
27-0608	pause_message	Only a little... my neck and my wrists were all tied up...	แค่นิดหน่อยค่ะ... คอกับข้อมือฉันโดนมัดไว้น่ะค่ะ...
27-0609	pause_message	But it's no big deal. And I appreciate your concern!	แต่ไม่เป็นไรหรอกค่ะ แล้วก็ขอบคุณที่เป็นห่วงนะคะ!
27-0610	pause_message	Were you hurt at all?	โดนทำร้ายตรงไหนบ้างไหมคะ?
27-0611	pause_message	Nah, I'm fine. I'm used to that sort of thing.	เปล่าครับ ผมไม่เป็นไร ผมชินกับเรื่องแบบนี้อยู่แล้ว
27-0612	pause_message	I'm glad to hear that.	ดีใจที่ได้ยินแบบนั้นนะ
27-0613	pause_message	Are you taking any time off work?	คุณลาพักงานบ้างไหมครับ?
27-0614	pause_message	Actually, thanks to you, I ended up safe without a scratch. I hardly even need to!	จริงๆ ต้องขอบคุณคุณเลยค่ะ ฉันเลยปลอดภัยไม่มีแผลอะไรเลย แทบไม่ต้องพักด้วยซ้ำ!
27-0615	pause_message	Okay. Well, don't push yourself.	โอเค แต่อย่าฝืนตัวเองนะ
27-0616	pause_message	Are you sure you don't need to rest?	แน่ใจเหรอครับว่าไม่ต้องพัก?
27-0617	pause_message	Oh, I got this! Working helps me forget all the bad things lol	โอ้ ไม่เป็นไรค่ะ! ทำงานช่วยให้ลืมเรื่องแย่ๆ ได้ดีเลยล่ะค่ะ 5555
27-0618	pause_message	Are you sure you don't need time to recuperate?	แน่ใจนะครับว่าไม่ต้องการเวลาพักฟื้น?
27-0619	pause_message	I'm fine! I'd feel better working anyway.	ฉันไม่เป็นไรค่ะ! ทำงานไปเลยดีกว่าด้วยซ้ำ
27-0620	pause_message	Okay. But don't push yourself.	โอเคครับ แต่อย่าฝืนตัวเองนะ
27-0621	pause_message	I won't! Thanks for your concern.	ไม่ฝืนหรอกค่ะ! ขอบคุณที่เป็นห่วงนะคะ
27-0622	pause_message	What are you up to right now?	ตอนนี้ทำอะไรอยู่ครับ?
27-0623	pause_message	How've you been?	เป็นไงบ้างช่วงนี้?
27-0624	pause_message	Hey, what are you up to right now?	เฮ้ ตอนนี้ทำอะไรอยู่ครับ?
27-0625	pause_message	Oh, just eating! I'm on break right now.	อ๋อ กำลังกินข้าวอยู่ค่ะ! ตอนนี้พักเบรกอยู่พอดี
27-0626	pause_message	Okay. Hope I'm not bothering you.	โอเคครับ หวังว่าจะไม่รบกวนเวลาคุณนะ
27-0627	pause_message	No, not at all! Lol you're so modest.	ไม่หรอกค่ะ! 5555 คุณถ่อมตัวจังเลยนะคะ
27-0628	pause_message	Hey, just wanted to say hope you're doing well.	เฮ้ แค่อยากบอกว่าหวังว่าคุณจะ สบายดีนะครับ
27-0629	pause_message	Thanks! I am back and better than ever!	ขอบคุณค่ะ! ฉันกลับมาสดใสกว่าเดิมอีกนะคะ!
27-0630	pause_message	I'm sure my boss appreciates that lol	เจ้านายฉันคงดีใจด้วยแหละค่ะ 5555
27-0631	pause_message	What are you doing right now, Yagami-san?	ตอนนี้ยากามิซังทำอะไรอยู่คะ?
27-0632	pause_message	Work.	ทำงานครับ
27-0633	pause_message	Working on a case?	กำลังทำคดีอยู่เหรอคะ?
27-0634	pause_message	Yeah, something like that.	ใช่ ก็ประมาณนั้นแหละ
27-0635	pause_message	I bet you're able to solve those cases in the blink of an eye!	ฉันว่ายากามิซังต้องไขคดีได้ใน พริบตาแน่ๆ เลยค่ะ!
27-0636	pause_message	I'm pretty quick like that.	ผมค่อนข้างไวเรื่องพวกนี้อยู่แล้วครับ
27-0637	pause_message	Slow and steady wins the race.	ช้าๆ ได้พร้าเล่มงามครับ
27-0638	pause_message	Yeah, I'm pretty quick like that. Don't wanna let things drag on.	ใช่ครับ ผมค่อนข้างไวอยู่แล้ว ไม่อยากปล่อยให้เรื่องยืดเยื้อ
27-0639	pause_message	Lol I am the exact same way.	5555 ฉันก็เป็นแบบนั้นเหมือนกันเลยค่ะ
27-0640	pause_message	Nah, I'm going at a snail's pace. Slow and steady wins the race, you know?	เปล่าครับ ผมทำงานช้าเหมือนหอยทากเลย ช้าๆ ได้พร้าเล่มงามน่ะครับ
27-0641	pause_message	I suppose there's a time and a place to conserve your energy.	ฉันว่าก็มีจังหวะที่ต้องเก็บแรง ไว้เหมือนกันนะคะ
27-0642	pause_message	Being bored. I was actually thinking of taking a nap.	เบื่ออยู่ครับ กะว่าจะงีบสักหน่อยด้วยซ้ำ
27-0643	pause_message	Lol must be nice.	5555 ฟังดูดีจังเลยค่ะ
27-0644	pause_message	I'm gathering up my power.	ผมกำลังสะสมพลังอยู่ครับ
27-0645	pause_message	I'm probably gonna die of boredom.	คงตายเพราะความเบื่อแน่ๆ เลยครับ
27-0646	pause_message	Yep. I'm gathering up my power.	ใช่ครับ กำลังสะสมพลังอยู่
27-0647	pause_message	Your power?	พลังเหรอคะ?
27-0648	pause_message	Yeah. I rest as much as I can to save up energy for the important jobs.	ครับ ผมพักผ่อนให้เต็มที่เท่าที่จะทำได้ เพื่อเก็บพลังไว้ใช้ตอนงานสำคัญ
27-0649	pause_message	I see! So it's important for you to have downtime!	อ๋อ! งั้นเวลาว่างก็สำคัญกับคุณสินะคะ!
27-0650	pause_message	Exactly.	เป๊ะเลย
27-0651	pause_message	Yeah. Otherwise I might actually die from boredom.	ครับ ไม่งั้นผมอาจตายเพราะความเบื่อจริงๆ ก็ได้
27-0652	pause_message	Haha, I know that feeling. That's why I keep myself occupied.	ฮ่าๆ เข้าใจความรู้สึกนั้นดีเลยค่ะ เพราะงั้นฉันเลยหางานทำตัวเองอยู่เสมอ
27-0653	pause_message	(Should I text Nanami-san?)	(ควรส่งข้อความหานานามิซังดีไหมนะ?)
27-0654	pause_message	Yagami-san. If at all possible, I'd like to thank you for helping me.	ยากามิซังคะ ถ้าเป็นไปได้ ฉันอยากขอบคุณที่คุณช่วยเหลือฉันไว้
27-0655	pause_message	Ah, don't worry about it.	อ่า ไม่ต้องคิดมากหรอกครับ
27-0656	pause_message	But I have to! You saved my life! Please, tell me if there's anything I can do!	แต่ฉันต้องขอบคุณจริงๆ ค่ะ! คุณช่วยชีวิตฉันไว้เลยนะคะ! บอกฉันมาเลยค่ะถ้ามีอะไรให้ช่วยได้!
27-0657	pause_message	Then let's go out on a date.	งั้นไปออกเดตกันเถอะ
27-0658	pause_message	Buy me some food?	เลี้ยงข้าวผมสักมื้อไหมครับ?
27-0659	pause_message	You want to go out? With me? lol	อยากออกไปเดตกับฉันเหรอคะ? 5555
27-0660	pause_message	Then let's go out to eat somewhere!	งั้นไปกินข้าวด้วยกันที่ไหนสัก ที่กันเถอะค่ะ!
27-0661	pause_message	Good idea.	ความคิดดีนะ
27-0662	pause_message	How about you buy me a meal and we'll call it even?	เลี้ยงข้าวผมสักมื้อแล้วถือว่า หายกันดีไหมครับ?
27-0663	pause_message	Are you sure that's all you want?	แน่ใจเหรอคะว่าแค่นั้นพอ?
27-0664	pause_message	Okay then. I'm free right now, are you?	โอเคค่ะ ตอนนี้ฉันว่างนะคะ คุณล่ะว่างไหม?
27-0665	pause_message	Nope.	เปล่า
27-0666	pause_message	Sorry, I'm a little busy right now. Can I get back to you later?	ขอโทษนะครับ ตอนนี้ผมยังไม่ค่อยว่าง ขอติดต่อกลับทีหลังได้ไหมครับ?
27-0667	pause_message	Sure! I'll be waiting for your text!	ได้ค่ะ! ฉันจะรอข้อความจากคุณนะคะ!
27-0668	pause_message	I am too, actually.	จริงๆ แล้วผมก็ว่างเหมือนกันครับ
27-0669	pause_message	Great! Then where should we meet up? Would Theater Square be a good spot?	เยี่ยมเลยค่ะ! งั้นไปเจอกันที่ไหนดี? เธียเตอร์สแควร์โอเคไหมคะ?
27-0670	pause_message	Yeah, I think so. I'll wait for you in front of the arcade, then.	ครับ ผมว่าโอเคนะ งั้นผมจะรอคุณอยู่หน้าร้านเกมนะครับ
27-0671	pause_message	Okay! I'll be on my way in just a bit!	โอเคค่ะ! เดี๋ยวไปเลยนะคะ!
27-0672	pause_message	Can't wait!	รอไม่ไหวเลยครับ!
27-0673	pause_message	See you there.	ไว้เจอกันที่นั่นนะ
27-0674	pause_message	Can't wait to see you!	รอเจอคุณไม่ไหวแล้วครับ!
27-0675	pause_message	Haha, likewise!	ฮ่าๆ ฉันก็เหมือนกันค่ะ!
27-0676	pause_message	Sorry about today, Yagami-san. My friend got the totally wrong idea about us.	ขอโทษด้วยนะคะสำหรับวันนี้ ยากามิซัง เพื่อนฉันเข้าใจผิดเรื่องเราไปไกลเลย
27-0677	pause_message	I thought it was a good idea.	ผมว่ามันเป็นไอเดียที่ดีนะครับ
27-0678	pause_message	I don't mind.	ไม่ว่ากันหรอกครับ
27-0679	pause_message	No worries. I didn't mind one bit.	ไม่เป็นไรครับ ผมไม่ว่าอะไรเลยสักนิด
27-0680	pause_message	Thanks for understanding.	ขอบคุณที่เข้าใจนะคะ
27-0681	pause_message	Hey, I thought it was a good idea. It's an honor to be mistaken as your boyfriend, Nanami-san.	เฮ้ ผมว่ามันเป็นไอเดียที่ดีออกนะครับ เป็นเกียรติเลยด้วยซ้ำที่โดน เข้าใจผิดว่าเป็นแฟนคุณ นานามิซัง
27-0682	pause_message	Flattery won't get you anywhere, you know =P	ประจบไปก็ไม่ได้อะไรหรอกนะคะ =P
27-0683	pause_message	I'll tell Yukko it was all a misunderstanding.	ฉันจะบอกยุกโกะว่ามันเป็นแค่ ความเข้าใจผิดนะคะ
27-0684	pause_message	Okay. Oh, and thanks for today.	โอเคครับ อ้อ แล้วก็ขอบคุณสำหรับวันนี้นะครับ
27-0685	pause_message	Of course. I'm glad I could make it up to you, at least in a small way.	ยินดีค่ะ ดีใจที่ได้ตอบแทนคุณบ้าง ถึงจะเล็กน้อยก็เถอะ
27-0686	pause_message	Let's hang out again.	ไปเที่ยวด้วยกันอีกนะครับ
27-0687	pause_message	How about another date?	ออกเดตกันอีกสักครั้งดีไหมครับ?
27-0688	pause_message	How about we hang out again? Not as a thank-you this time.	ไปเที่ยวด้วยกันอีกไหมครับ? ครั้งนี้ไม่ใช่เพื่อตอบแทนอะไรนะ
27-0689	pause_message	Sure! As long as I have time, I'd be happy to see you again!	ได้เลยค่ะ! ถ้าฉันมีเวลา จะดีใจมากเลยที่ได้เจอคุณอีก!
27-0690	pause_message	Then hopefully this was the first date of many.	งั้นก็หวังว่านี่จะเป็นเดตแรกในหลายๆ ครั้งนะครับ
27-0691	pause_message	Maybe =P As long as I'm not the first girl of many.	อาจจะนะคะ =P ขอแค่ฉันไม่ใช่ผู้หญิงคนแรกในหลายๆ คนก็พอ
27-0692	pause_message	Hey, I'm not that kind of guy.	เฮ้ ผมไม่ใช่คนแบบนั้นนะครับ
27-0693	pause_message	Really? Well then maybe we should try and match our schedules lol	จริงเหรอคะ? งั้นเรามาลองจัดตารางให้ตรงกัน ดีกว่านะคะ 5555
27-0694	pause_message	Text her.	ส่งข้อความหาเธอ
27-0695	pause_message	Don't bother.	ไม่ต้องหรอก
27-0696	pause_message	(Okay, let's do this.)	(เอาล่ะ ลุยกันเลย)
27-0697	pause_message	(What should I say?)	(จะพูดอะไรดีนะ?)
27-0698	pause_message	(No, not right now.)	(ไม่ล่ะ ยังไม่ใช่ตอนนี้)
27-0699	pause_message	What have you been up to?	ช่วงนี้เป็นยังไงบ้างครับ?
27-0700	pause_message	Hey, how've you been?	เฮ้ เป็นไงบ้างครับช่วงนี้?
27-0701	pause_message	I've been doing well, thanks! Work is busy as usual, though.	สบายดีค่ะ ขอบคุณนะคะ! งานก็ยุ่งเหมือนเดิมแหละค่ะ
27-0702	pause_message	Hey, what have you been up to?	เฮ้ ช่วงนี้เป็นยังไงบ้างครับ?
27-0703	pause_message	Just work as usual. But it's going pretty well, I'd say.	ก็ทำงานตามปกติค่ะ แต่ก็ไปได้สวยดีนะคะ
27-0704	pause_message	What about you? Are you busy these days?	แล้วคุณล่ะคะ ช่วงนี้ยุ่งไหม?
27-0705	pause_message	More or less. I'm actually looking for stuff to do.	ก็พอสมควรครับ จริงๆ ผมกำลังหาอะไรทำอยู่เลย
27-0706	pause_message	Are you now?	งั้นเหรอคะ?
27-0707	pause_message	(Should I ask her out on a date?)	(ควรชวนเธอออกเดตดีไหมนะ?)
27-0708	pause_message	Ask her out.	ชวนเธอออกเดต
27-0709	pause_message	Quit while you're ahead.	หยุดไว้แค่นี้ดีกว่า
27-0710	pause_message	Maybe we can hang out again if you're free?	ถ้าคุณว่าง ไปเที่ยวด้วยกันอีกไหมครับ?
27-0711	pause_message	Sure thing! I'd love to!	ได้เลยค่ะ! ยินดีเลยค่ะ!
27-0712	pause_message	If you're free, maybe we can hang out again?	ถ้าคุณว่าง เราไปเที่ยวด้วยกันอีกไหมครับ?
27-0713	pause_message	Sorry, but there's a deadline coming up for this huge project I've been working on.	ขอโทษนะคะ แต่มีเดดไลน์โปรเจกต์ใหญ่ที่ฉัน ทำอยู่ใกล้เข้ามาแล้ว
27-0714	pause_message	I'll make it up to you sometime, okay?	ไว้ฉันจะชดเชยให้ทีหลังนะคะ โอเคไหม?
27-0715	pause_message	Nice hearing from you!	ดีใจที่ได้คุยด้วยนะคะ!
27-0716	pause_message	(Aww man. I know she's busy and all, but... dang!)	(เฮ้อ รู้ว่าเธอยุ่งอยู่แหละ แต่ก็... เสียดายจัง!)
27-0717	pause_message	(I guess I can always text her later.)	(เอาเป็นว่าไว้ค่อยส่งข้อความหา เธอทีหลังก็ได้)
27-0718	pause_message	Don't do it.	อย่าทำแบบนั้นเลย
27-0719	pause_message	Do it anyway.	ทำไปเลย
27-0720	pause_message	(No, not today.)	(ไม่ล่ะ ไม่ใช่วันนี้)
27-0721	pause_message	(Yeah, why not?)	(เอาสิ ทำไมจะไม่ได้ล่ะ)
27-0722	pause_message	Hello there, Nanami-san. It's me. Yagami.	สวัสดีครับ นานามิซัง นี่ผมเองครับ ยากามิ
27-0723	pause_message	Lol are you okay?	5555 คุณโอเคหรือเปล่าคะ?
27-0724	pause_message	Only if you are.	ผมโอเคก็ต่อเมื่อคุณโอเคครับ
27-0725	pause_message	Of course I am. Just thought I'd remind you I'm still alive.	ก็โอเคอยู่แล้วครับ แค่อยากเตือนความจำว่าผมยัง มีชีวิตอยู่นะครับ
27-0726	pause_message	Has it really been that long?	นานขนาดนั้นเลยเหรอคะ?
27-0727	pause_message	A little. Business as usual, Nanami-san?	นิดหน่อยครับ ธุรกิจก็ปกติดีไหมครับ นานามิซัง?
27-0728	pause_message	Actually, today was a little slower than usual.	จริงๆ วันนี้ค่อนข้างเบากว่าปกตินะคะ
27-0729	pause_message	You know what I did? I went to the park and had myself a bento! It was great!	รู้ไหมคะว่าฉันทำอะไร? ฉันไปสวนสาธารณะแล้วกินเบนโตะคนเดียว! เยี่ยมไปเลยค่ะ!
27-0730	pause_message	Sounds like you had a nice little time.	ฟังดูเหมือนมีเวลาดีๆ เลยนะครับ
27-0731	pause_message	I did! I should probably do this more often.	ใช่ค่ะ! ฉันน่าจะทำแบบนี้บ่อยๆ นะ
27-0732	pause_message	Only if you are. I know what a busy lady you can be.	ผมโอเคก็ต่อเมื่อคุณโอเคครับ ผมรู้ดีว่าคุณเป็นคนยุ่งแค่ไหน
27-0733	pause_message	Don't I know it... Work hasn't really changed much, but at least I can take a few days off here and there.	บอกไม่ถูกเลยค่ะ... งานก็ไม่ค่อยเปลี่ยนเท่าไหร่ แต่อย่างน้อยก็พอลาพักได้บ้าง เป็นบางวัน
27-0734	pause_message	(Looks like Nanami-san might have some time to spare. Should I ask her out on a date?)	(ดูเหมือนนานามิซังจะพอมี เวลาว่างอยู่บ้างนะ ควรชวนเธอออกเดตดีไหม?)
27-0735	pause_message	Maybe some other time.	ไว้โอกาสหน้าละกัน
27-0736	pause_message	When's the next time you're free?	ครั้งหน้าที่คุณว่างคือเมื่อไหร่ครับ?
27-0737	pause_message	I'm free right now lol	ตอนนี้ก็ว่างเลยนะคะ 5555
27-0738	pause_message	Really? Then do you wanna go out somewhere?	จริงเหรอครับ? งั้นอยากออกไปเที่ยวกันไหม?
27-0739	pause_message	If you're free, then why don't we hang out somewhere?	ถ้าคุณว่าง เราไปเที่ยวด้วยกันไหมครับ?
27-0740	pause_message	Good idea!	ไอเดียเด็ด!
27-0741	pause_message	(Aww yeah!)	(เยี่ยมเลย!)
27-0742	pause_message	Yagami-san, do you remember Yukko? You met her last time.	ยากามิซังคะ จำยุกโกะได้ไหมคะ? คุณเจอเธอครั้งที่แล้วไง
27-0743	pause_message	Yeah, your friend, right? What about her?	ครับ เพื่อนคุณใช่ไหม? เป็นอะไรเหรอครับ?
27-0744	pause_message	I know she was getting really excited over you... more than a lady probably should. Lol! How about the three of us get together?	ฉันรู้ว่าเธอตื่นเต้นกับคุณมากเลยนะคะ... มากกว่าที่ผู้หญิงคนหนึ่ง ควรจะเป็นด้วยซ้ำ 5555! เราไปเที่ยวด้วยกันสามคนดีไหมคะ?
27-0745	pause_message	(Huh? Why not just the two of us...?)	(หา? ทำไมไม่ไปกันสองคนล่ะ...?)
27-0746	pause_message	Uh, sure.	เอ่อ ได้สิ
27-0747	pause_message	Only if it's just the two of us.	ต่อเมื่อไปกันแค่สองคนนะครับ
27-0748	pause_message	I'll come if it's just the two of us, Nanami-san.	ผมจะไปด้วยถ้าไปกันแค่สองคนนะครับ นานามิซัง
27-0749	pause_message	That'll completely defeat the purpose though!	แบบนั้นมันจะเสียเป้าหมายไปเลยนะคะ!
27-0750	pause_message	C'mon, why not let her tag along?	น่า ให้เธอไปด้วยไม่ได้เหรอคะ?
27-0751	pause_message	Fine. Let's do that, then.	ก็ได้ครับ งั้นไปกันแบบนั้นแหละ
27-0752	pause_message	Sure, sounds good to me.	ได้ครับ ฟังดูดีเลย
27-0753	pause_message	Great! I'm sure Yukko will be ecstatic! 	เยี่ยมเลยค่ะ! ยุกโกะต้องดีใจสุดๆ แน่ๆ เลย!
27-0754	pause_message	I'll contact you after I talk to Yukko!	เดี๋ยวคุยกับยุกโกะเสร็จแล้วจะ ติดต่อไปนะคะ!
27-0755	pause_message	(Hmm. Three friends meeting up together... Hope this isn't her way of rejecting me.)	(อืม เจอกันสามคน... หวังว่านี่จะไม่ใช่วิธีปฏิเสธผมนะ)
27-0756	pause_message	(Though I guess taking two ladies out on the town is kinda special in its own way.)	(แต่ก็นะ การได้พาผู้หญิงสองคนออก ไปเที่ยวก็ถือว่าพิเศษไปอีกแบบ เหมือนกัน)
27-0757	pause_message	Yagami-san! Yukko said that she's available any time! When are you free next?	ยากามิซังคะ! ยุกโกะบอกว่าเธอว่างได้ตลอดเลย! คุณว่างครั้งหน้าเมื่อไหร่คะ?
27-0758	pause_message	I'm free right now.	ตอนนี้ผมก็ว่างครับ
27-0759	pause_message	Not for a little while.	อีกสักพักถึงจะว่างครับ
27-0760	pause_message	Sorry, but not for a little while.	ขอโทษนะครับ แต่อีกสักพักถึงจะว่าง
27-0761	pause_message	Okay then. Just let me know whenever's good for you!	โอเคค่ะ บอกฉันได้เลยเมื่อไหร่ที่สะดวกนะคะ!
27-0762	pause_message	I'm free right now, actually. Can we meet up where we did last time?	จริงๆ ตอนนี้ผมว่างเลยครับ ไปเจอกันที่เดิมได้ไหมครับ?
27-0763	pause_message	Sure! In front of the arcade at Theater Square, right? We'll be waiting!	ได้เลยค่ะ! หน้าร้านเกมที่เธียเตอร์สแควร์ ใช่ไหมคะ? พวกเราจะรอนะคะ!
27-0764	pause_message	Thank you for meeting up with Yukko today. She was really happy to see you.	ขอบคุณนะคะที่มาเจอยุกโกะวันนี้ เธอดีใจมากเลยที่ได้เจอคุณ
27-0765	pause_message	Did you have a good time, too?	แล้วคุณสนุกด้วยไหมครับ?
27-0766	pause_message	Oh, absolutely.	ค่ะ แน่นอนอยู่แล้ว
27-0767	pause_message	Then let's hang out again.	งั้นไปเที่ยวด้วยกันอีกนะ
27-0768	pause_message	Let's hang out, you and me.	ไปเที่ยวกันแค่คุณกับผมนะครับ
27-0769	pause_message	Sure! I'll make sure to tell Yukko, too!	ได้ค่ะ! เดี๋ยวจะบอกยุกโกะด้วยนะคะ!
27-0770	pause_message	(So Yukko's already included, huh?)	(งั้นยุกโกะก็รวมอยู่ด้วยอยู่ดีสินะ?)
27-0771	pause_message	Then let's hang out again. Just the two of us.	งั้นไปเที่ยวด้วยกันอีกนะครับ แค่สองคนเราเท่านั้น
27-0772	pause_message	Ahaha. I'll think about it.	อ้าฮ่าๆ เดี๋ยวคิดดูนะคะ
27-0773	pause_message	(Such a dry response...)	(ตอบมาแบบกวนๆ จัง...)
27-0774	pause_message	Thanks for today, Yagami-san!	ขอบคุณนะคะสำหรับวันนี้ ยากามิซัง!
27-0775	pause_message	No, thank you. I actually had a really great time.	เปล่าครับ ต้องขอบคุณเองด้วยซ้ำ ผมสนุกมากจริงๆ ครับ
27-0776	pause_message	Aww, that's because you're such a fun guy!	โธ่ ก็เพราะคุณเป็นคนสนุกไงคะ!
27-0777	pause_message	By the way. I'm pretty sure Nanami's interested in you.	ว่าแต่นะคะ ฉันค่อนข้างมั่นใจเลยว่านานามิ สนใจคุณอยู่นะ
27-0778	pause_message	You mentioned something like that during the date. Why?	คุณเคยพูดอะไรแบบนี้ตอนไปเดต ด้วยกันแล้วนะ ทำไมถึงคิดแบบนั้นครับ?
27-0779	pause_message	Nanami brings you up a lot whenever we talk. She wouldn't talk about you so much if she wasn't interested in you!	นานามิพูดถึงคุณบ่อยมากเวลาเราคุยกัน เธอคงไม่พูดถึงคุณขนาดนี้หรอก ถ้าไม่ได้สนใจคุณจริงๆ!
27-0780	pause_message	Besides, I was watching how she acted during the date. It's just a hunch, but I felt something there. Guess you can call it a woman's instinct?	อีกอย่าง ฉันคอยสังเกตท่าทีเธอตอนไปเดตด้วยนะ มันแค่ลางสังหรณ์แหละค่ะ แต่ฉันรู้สึกได้ เรียกว่าสัญชาตญาณผู้หญิงก็ได้มั้งคะ?
27-0781	pause_message	But she said she wasn't interested in dating.	แต่เธอบอกว่าไม่สนใจเรื่องเดตนี่ครับ
27-0782	pause_message	That's just an excuse so she doesn't get hurt by anyone! She may not look like it, but she's actually pretty sensitive!	นั่นแค่ข้ออ้างเพื่อไม่ให้ ตัวเองเจ็บเท่านั้นแหละค่ะ! เธอดูเหมือนไม่แคร์ แต่จริงๆ แล้วอ่อนไหวมากเลยนะ!
27-0783	pause_message	Really now...	งั้นเหรอ...
27-0784	pause_message	Yep! That's why Nanami will never take the first step! Please, just ask her out on a date. I'm sure Nanami will open up her heart if it's with you.	ใช่เลยค่ะ! เพราะงั้นนานามิถึงไม่มีทาง เริ่มก่อนแน่ๆ ช่วยชวนเธอออกเดตเถอะนะคะ ฉันมั่นใจว่านานามิจะเปิดใจถ้าเป็นคุณ
27-0785	pause_message	Totally! I know she'll say yes!	จริงเลยค่ะ! ฉันรู้ว่าเธอต้องตอบตกลงแน่!
27-0786	pause_message	She will?	จะตอบตกลงเหรอครับ?
27-0787	pause_message	How many times are you gonna ask!? The only thing it takes to unfreeze her frozen heart... is your burning love!	จะถามกี่รอบเนี่ย!? สิ่งเดียวที่จะละลายหัวใจ น้ำแข็งของเธอได้... ก็คือความรักที่ลุกโชนของคุณ นี่แหละค่ะ!
27-0788	pause_message	I've got plenty of that.	มีเหลือเฟือเลยครับ
27-0789	pause_message	But if Nanami still won't budge, you can always give me some of that fire. Heck, I'm hot enough for you as it is!	แต่ถ้านานามิยังไม่ยอมง่ายๆ ก็แบ่งไฟนั้นมาให้ฉันบ้างก็ได้นะคะ ยังไงฉันก็ร้อนแรงพอสำหรับคุณ อยู่แล้วล่ะ!
27-0790	pause_message	Haha, sure thing.	ฮ่าๆ ได้เลยครับ
27-0791	pause_message	(All right, Nanami-san. Check out this fire pickup line...)	(เอาล่ะ นานามิซัง ลองรับมุกจีบสุดร้อนแรงนี้ดูสิ...)
27-0792	pause_message	Hi! What's up?	หวัดดีค่ะ! เป็นไงบ้างคะ?
27-0793	pause_message	(Okay, I totally chickened out, but still. Should I ask her on a date?)	(โอเค ผมขี้ขลาดไปเต็มๆ แต่ถึงยังไงก็เถอะ ควรชวนเธอออกเดตดีไหมนะ?)
27-0794	pause_message	Do it.	ทำเลย
27-0795	pause_message	Forget it.	ช่างมันเถอะ
27-0796	pause_message	(No, maybe not right now.)	(ไม่ล่ะ อาจจะยังไม่ใช่ตอนนี้)
27-0797	pause_message	Oh. Just wanted to say hi.	อ้อ แค่อยากทักทายเฉยๆ ครับ
27-0798	pause_message	Okay...?	โอเค...?
27-0799	pause_message	I was just wondering if you were free. Thought maybe we could go out sometime?	แค่สงสัยว่าคุณว่างไหมน่ะครับ คิดว่าเราน่าจะออกไปเที่ยวกันสักครั้ง?
27-0800	pause_message	Ooh, sorry! Now's not really the best time...	โอ้ ขอโทษนะคะ! ตอนนี้ไม่ค่อยสะดวกเลย...
27-0801	pause_message	Gotcha. No worries, then.	เข้าใจครับ ไม่เป็นไรเลย
27-0802	pause_message	Sorry, my schedule's been crazy lately.	ขอโทษนะคะ ตารางงานฉันวุ่นวายมากช่วงนี้
27-0803	pause_message	Booked up on dates?	ตารางเต็มไปด้วยเดตหรือเปล่าครับ?
27-0804	pause_message	I figured as much.	ก็คิดไว้แล้วแหละ
27-0805	pause_message	Too many dates, not enough time? Haha.	เดตเยอะจนเวลาไม่พอเหรอครับ? ฮ่าๆ
27-0806	pause_message	Not even funny! If it's not work, it's my friends, and vice versa!	ไม่ตลกเลยนะคะ! ถ้าไม่ใช่งาน ก็เป็นเพื่อน แล้วก็สลับกันไปแบบนี้แหละ!
27-0807	pause_message	I feel you there.	เข้าใจความรู้สึกนั้นเลยครับ
27-0808	pause_message	Guess I should've figured as much.	คิดว่าน่าจะเดาได้อยู่แล้วแหละครับ
27-0809	pause_message	Sorry for bugging you.	ขอโทษที่มากวนใจนะครับ
27-0810	pause_message	No, I'm sorry for turning you down.	เปล่าค่ะ ฉันต่างหากที่ต้องขอโทษที่ปฏิเสธไป
27-0811	pause_message	(I know she's always hustling, but I wish she'd make a little time for me.)	(รู้ว่าเธอทำงานหนักตลอดแหละ แต่ก็อยากให้เธอมีเวลาให้ผมบ้างนะ)
27-0812	pause_message	(Time to text Nanami-san.)	(ได้เวลาส่งข้อความหานานามิซังแล้ว)
27-0813	pause_message	Wanna hang out somewhere?	อยากไปเที่ยวด้วยกันไหมครับ?
27-0814	pause_message	Wanna grab lunch or dinner?	อยากไปกินมื้อเที่ยงหรือมื้อ เย็นด้วยกันไหมครับ?
27-0815	pause_message	Hey there.	เฮ้ ว่าไง
27-0816	pause_message	(Okay! I definitely will ask her out for a date this time!)	(โอเค! รอบนี้ผมจะชวนเธอออกเดตให้ได้แน่ๆ!)
27-0817	pause_message	Wanna go have some fun?	อยากไปสนุกกันไหมครับ?
27-0818	pause_message	Wanna grab lunch or dinner? Which would you prefer?	อยากไปกินมื้อเที่ยงหรือมื้อ เย็นด้วยกันไหมครับ? อยากได้แบบไหนมากกว่ากัน?
27-0819	pause_message	(Awesome!)	(เจ๋งไปเลย!)
27-0820	pause_message	Yeah, sure thing.	อือ ได้เลย
27-0821	pause_message	(So now we play the waiting game...)	(งั้นตอนนี้ก็ต้องรอกันแล้วสินะ...)
27-0822	pause_message	(...I hope she really does contact me.)	(...หวังว่าเธอจะติดต่อมาจริงๆ นะ)
27-0823	pause_message	(Does that mean she doesn't want me texting her until then?)	(นี่หมายความว่าเธอไม่อยากให้ผม ส่งข้อความไปจนกว่าจะถึง ตอนนั้นเหรอ?)
27-0824	pause_message	Hey, what's going on?	เฮ้ เกิดอะไรขึ้นคะ?
27-0825	pause_message	Sure?	ได้สิ?
27-0826	pause_message	Hmm, how about lunch?	อืม ไปกินมื้อเที่ยงกันดีไหมคะ?
27-0827	pause_message	The thing is, I'm still not sure about my schedule today.	จริงๆ แล้ว ฉันยังไม่แน่ใจตารางงานวันนี้เลยค่ะ
27-0828	pause_message	Is it okay if I contact you later?	ฉันติดต่อกลับทีหลังได้ไหมคะ?
27-0829	pause_message	(I think now should be good. I'll send Nanami-san a text.)	(คิดว่าตอนนี้น่าจะดีนะ ผมจะส่งข้อความหานานามิซัง)
27-0830	pause_message	What's your schedule look like?	ตารางงานคุณเป็นยังไงบ้างครับ?
27-0831	pause_message	Busy as usual?	ยุ่งเหมือนเดิมไหม?
27-0832	pause_message	What does your schedule look like lately? There any time to hang out?	ช่วงนี้ตารางงานคุณเป็นยังไงบ้างครับ? พอมีเวลาไปเที่ยวด้วยกันไหม?
27-0833	pause_message	Oh, sorry I haven't got back to you! I've been pretty loaded down with work...	โอ้ ขอโทษนะคะที่ยังไม่ได้ตอบกลับ! ช่วงนี้งานฉันเยอะมากเลย...
27-0834	pause_message	I have no idea how my schedule looks.	ฉันเองก็ไม่รู้เลยว่าตารางงาน ตัวเองเป็นยังไง
27-0835	pause_message	Yep! You already know lol	ค่ะ! คุณก็รู้ดีอยู่แล้วนี่คะ 5555
27-0836	pause_message	I guess that means you don't have time to hang out.	งั้นก็แปลว่าคงไม่มีเวลา ไปเที่ยวด้วยกันสินะครับ
27-0837	pause_message	Yeah. Sorry about that!	ค่ะ ขอโทษด้วยนะคะ!
27-0838	pause_message	(This isn't going anywhere...)	(เรื่องนี้ไม่ไปไหนเลยสักที...)
27-0839	pause_message	(I know Yukko-san said Nanami-san was interested in me, but I'm starting to doubt that.)	(รู้ว่ายุกโกะซังบอกว่านานามิซังสนใจผม แต่ผมเริ่มไม่แน่ใจแล้วสิ)
27-0840	pause_message	(...I wonder how to move our relationship forward from here.)	(...สงสัยจังว่าจะพัฒนาความสัมพันธ์ นี้ต่อไปยังไงดี)
27-0841	pause_message	(No, probably not for a while. If I keep bugging her, she'll probably just shut me out completely.)	(ไม่ล่ะ คงยังไม่ใช่ตอนนี้ ถ้าผมกวนใจเธอไปเรื่อยๆ เธอคงปิดกั้นผมไปเลย)
27-0842	pause_message	(Is there another way to confirm Nanami-san's feelings for me...?)	(มีวิธีอื่นไหมนะที่จะยืนยัน ความรู้สึกของนานามิซังที่มีต่อ ผม...?)
27-0843	pause_message	(Nanami-san keeps turning me down even when I ask her directly... Maybe I'll ask Yukko-san for advice.)	(นานามิซังปฏิเสธผมตลอดแม้ผมจะถามตรงๆ ... ลองไปขอคำแนะนำจากยุกโกะซังดูดีกว่า)
27-0844	pause_message	Ask Yukko-san	ถามยุกโกะซัง
27-0845	pause_message	Never Mind	ไม่เป็นไร
27-0846	pause_message	(No. I don't want to make it seem like I'm bothering her.)	(ไม่ล่ะ ไม่อยากให้ดูเหมือนผมไปกวนใจเธอ)
27-0847	pause_message	(I know. Yukko-san might be able to help.)	(เอาล่ะ ยุกโกะซังอาจช่วยได้)
27-0848	pause_message	Hey there. Can I ask you something about Nanami-san?	หวัดดีครับ ขอถามอะไรเกี่ยวกับนานามิซัง หน่อยได้ไหม?
27-0849	pause_message	Sure, if it's something I can answer.	ได้ค่ะ ถ้าเป็นเรื่องที่ตอบได้นะ
27-0850	pause_message	Okay. So I've been asking Nanami-san out on a date several times, but she keeps turning me down. Is that normal for her?	โอเคครับ ผมชวนนานามิซังออกเดตไปหลายครั้งแล้ว แต่เธอปฏิเสธตลอดเลย ปกติเธอเป็นแบบนี้หรือเปล่าครับ?
27-0851	pause_message	She hasn't gone out with you at all? Hmm, that is rather odd.	เธอไม่เคยออกไปกับคุณเลยเหรอคะ? อืม แปลกจังนะ
27-0852	pause_message	Is it? 'Cause it feels like she's brushing me off.	แปลกเหรอครับ? เพราะรู้สึกเหมือนโดนเธอเมินเลยน่ะ
27-0853	pause_message	If my hunch is correct, Nanami should be pretty into you.	ถ้าลางสังหรณ์ฉันแม่นนะ นานามิต้องชอบคุณมากเลยแหละค่ะ
27-0854	pause_message	That's why I thought she might want to go out with me, but so far that hasn't happened.	ก็เลยคิดว่าเธอน่าจะอยากออกไปกับผมนะ แต่จนถึงตอนนี้ก็ยังไม่เกิดขึ้น เลยครับ
27-0855	pause_message	Can I ask you one thing?	ขอถามอะไรหน่อยได้ไหมคะ?
27-0856	pause_message	What are your feelings toward Nanami? You keep asking her out because you're interested in her, right?	ยากามิซังรู้สึกยังไงกับนานามิเหรอคะ? ชวนเธอออกไปเรื่อยๆ เพราะสนใจเธอใช่ไหมคะ?
27-0857	pause_message	I am.	ใช่
27-0858	pause_message	I think so.	ฉันก็คิดงั้นเหมือนกัน
27-0859	pause_message	What do you mean "you think so"?	หมายความว่ายังไงที่บอกว่า "คิดว่างั้น"?
27-0860	pause_message	Hmm, I'm not 100% sure yet.	อืม ยังไม่ค่อยแน่ใจร้อยเปอร์เซ็นต์
27-0861	pause_message	Well then make up your mind!	งั้นก็ตัดสินใจซะสิคะ!
27-0862	pause_message	Okay, then I am interested.	โอเค งั้นผมสนใจ
27-0863	pause_message	I'm definitely interested in her.	ผมสนใจเธอแน่นอน
27-0864	pause_message	Does that mean you like her?	นั่นแปลว่ายากามิซังชอบเธอใช่ไหมคะ?
27-0865	pause_message	I guess you can say that.	ก็คงพูดแบบนั้นได้
27-0866	pause_message	Okay then.	งั้นก็ได้ค่ะ
27-0867	pause_message	Can we meet up right now? I want to talk to you about this some more.	ตอนนี้มาเจอกันได้ไหมคะ? อยากคุยเรื่องนี้กันต่ออีกหน่อย
27-0868	pause_message	I'll be waiting at Wette Kitchen on West Taihei Boulevard!	ฉันจะรออยู่ที่ร้าน Wette Kitchen บนถนนไทเฮฝั่งตะวันตกนะคะ!
27-0869	pause_message	Thanks for waiting, Yukko-san.	ขอบคุณที่รอนะครับ ยุกโกะซัง
27-0870	pause_message	Hey, Yagami-san. You're looking as handsome as always.	ไง ยากามิซัง วันนี้ก็หล่อเหมือนเดิมเลยนะคะ
27-0871	pause_message	So, about Nanami-san...	เอาล่ะ เรื่องนานามิซัง...
27-0872	pause_message	Looks like even you couldn't penetrate her icy facade.	ดูเหมือนแม้แต่ยากามิซังก็ยัง ทะลุกำแพงน้ำแข็งของเธอ ไม่ได้เลยนะคะ
27-0873	pause_message	What a waste... missing the chance to get to know a wonderful guy like you.	น่าเสียดายจัง...ที่พลาดโอกาสได้รู้จักผู้ชายดีๆ แบบยากามิซัง
27-0874	pause_message	Well, if she's not interested, then there's not much I can do.	ถ้าเธอไม่สนใจ ผมก็คงทำอะไรมากไม่ได้
27-0875	pause_message	Don't think like that, Yagami-san! My instincts have been telling me she's actually really into you!	อย่าคิดแบบนั้นสิคะ ยากามิซัง! สัญชาตญาณฉันบอกว่าจริงๆ แล้วเธอปิ๊งยากามิซังมากเลยนะ!
27-0876	pause_message	You sure about that?	แน่ใจเหรอ?
27-0877	pause_message	100% sure. What I think is happening is that she's getting too caught up in her past. So she's closing herself off.	แน่ใจร้อยเปอร์เซ็นต์ค่ะ ฉันว่าเธอคงยังติดอยู่กับอดีต มากเกินไป เลยปิดใจตัวเองไว้
27-0878	pause_message	What happened to her?	เธอเป็นยังไงบ้าง
27-0879	pause_message	Umm... I'm not really at liberty to bring that up. Even to a nice guy like you.	อืม...เรื่องนั้นฉันคงพูดไม่ได้ง่ายๆ ค่ะ ต่อให้เป็นคนดีอย่างยากามิซังก็เถอะ
27-0880	pause_message	I see. That's too bad.	เข้าใจแล้ว น่าเสียดายจัง
27-0881	pause_message	...Okay, this is just between me and you!	...โอเค เรื่องนี้รู้กันแค่สองคนเรานะคะ!
27-0882	pause_message	Whoa. You're gonna tell me after all?	โห จะเล่าให้ฟังจริงๆ เหรอเนี่ย
27-0883	pause_message	...I can't help it! You see, I'm just too much of a blabbermouth, and you're too much of a hottie!	...ก็ช่วยไม่ได้นี่คะ! ฉันเป็นคนปากโป้งเกินไป แล้วยากามิซังก็หล่อเกินไปด้วย!
27-0884	pause_message	Then I'm glad I was born with these charming good looks.	งั้นก็ดีใจนะที่เกิดมาหน้าตาดีขนาดนี้
27-0885	pause_message	But you have to swear on your life that you didn't hear this from me. Okay?	แต่ยากามิซังต้องสาบานเป็นตาย ว่าไม่ได้ยินเรื่องนี้จากฉัน นะคะ โอเคไหม?
27-0886	pause_message	I can't promise that.	อันนั้นผมสัญญาไม่ได้หรอกนะ
27-0887	pause_message	Hmm. Not sure I can do that.	อืม ไม่แน่ใจว่าจะทำแบบนั้นได้
27-0888	pause_message	Then my lips are sealed.	งั้นฉันขอปิดปากเงียบดีกว่าค่ะ
27-0889	pause_message	...I figured as much.	...คิดไว้แล้วเชียว
27-0890	pause_message	You really don't want to know?	ไม่อยากรู้จริงๆ เหรอคะ?
27-0891	pause_message	Fine, I swear.	ก็ได้ ผมสาบาน
27-0892	pause_message	All right. I'll hold you to that, then.	ตกลงค่ะ งั้นฉันจะจับผิดยากามิซังไว้นะ
27-0893	pause_message	Okay, here's what happened.	โอเค เรื่องมันเป็นแบบนี้ค่ะ
27-0894	pause_message	So Nanami had this really awful boyfriend—I'm talking major sleazeball here—that went and cheated on her.	คือนานามิเคยมีแฟนแย่มากๆ ค่ะ พูดจริงๆ นะ ห่วยแตกสุดๆ แถมยังไปนอกใจเธออีกต่างหาก
27-0895	pause_message	Sounds like a real bastard.	ฟังดูเป็นไอ้สารเลวตัวจริงเลยนะ
27-0896	pause_message	He was. I'm not sure what Nanami saw in him, but she basically gave him her heart.	ใช่เลยค่ะ ไม่รู้เหมือนกันว่านานามิไปชอบ อะไรในตัวเขา แต่เธอมอบใจให้เขาไปเต็มๆ
27-0897	pause_message	And what did he end up doing? He threw it away like it was nothing! After that, a messy breakup ensued.	แล้วเขาทำอะไรรู้ไหมคะ? เขาโยนมันทิ้งเหมือนไม่ มีความหมายอะไรเลย! หลังจากนั้นก็เลิกกันแบบยุ่งเหยิงสุดๆ
27-0898	pause_message	That's terrible...	แย่จังเลย...
27-0899	pause_message	Yup. Left such a deep emotional scar, it changed my friend forever.	ใช่ค่ะ มันทิ้งบาดแผลในใจลึกมาก จนเปลี่ยนเพื่อนฉันไปตลอดกาลเลย
27-0900	pause_message	So that's how it was.	อ๋อ เป็นแบบนั้นเอง
27-0901	pause_message	So I guess it's not such a good time to ask her out, huh?	งั้นตอนนี้คงไม่ใช่เวลาที่ดีจะ ชวนเธอออกไปเที่ยวสินะ
27-0902	pause_message	After meeting a wonderful guy like you, I honestly thought she'd be able to move forward.	หลังจากเจอผู้ชายดีๆ อย่างยากามิซัง ฉันคิดจริงๆ นะว่าเธอน่าจะก้าวต่อไปได้
27-0903	pause_message	...I see.	...เข้าใจแล้ว
27-0904	pause_message	Yagami-san. Do you really like Nanami?	ยากามิซัง ชอบนานามิจริงๆ ใช่ไหมคะ?
27-0905	pause_message	I think I like her.	ผมว่าผมชอบเธอนะ
27-0906	pause_message	Maybe.	ก็อาจจะ
27-0907	pause_message	I am attracted to her.	ผมหลงเสน่ห์เธอเข้าแล้วล่ะ
27-0908	pause_message	I wonder...	ไม่รู้สิ...
27-0909	pause_message	Stop being so vague. Nothing will happen if you're like that!	อย่าพูดคลุมเครือแบบนั้นสิคะ! เป็นแบบนี้จะไม่มีอะไรคืบหน้าเลยนะ!
27-0910	pause_message	Y-You do have a point.	ก-ก็มีเหตุผลอยู่นะ
27-0911	pause_message	Yeah, I think I like her.	ใช่ ผมว่าผมชอบเธอ
27-0912	pause_message	Would you be comfortable dating her?	ถ้าได้คบกับเธอ ยากามิซังจะรู้สึกสบายใจไหมคะ?
27-0913	pause_message	Yeah, I do want to date her.	ใช่ ผมอยากคบกับเธอจริงๆ
27-0914	pause_message	You're serious?	พูดจริงเหรอคะ?
27-0915	pause_message	I've been attracted to her for a while now.	ผมหลงเสน่ห์เธอมาพักนึงแล้วล่ะ
27-0916	pause_message	And would you say your feelings for her will only grow deeper and deeper?	แล้วยากามิซังคิดว่าความรู้สึก ที่มีต่อเธอจะยิ่ง ลึกซึ้งขึ้นเรื่อยๆ ไหมคะ?
27-0917	pause_message	Yeah, I would say so.	ใช่ ผมว่าอย่างนั้นแหละ
27-0918	pause_message	...Okay. Then I've decided to help you out!	...โอเค งั้นฉันตัดสินใจแล้วว่าจะช่วย ยากามิซัง!
27-0919	pause_message	Thanks. But how?	ขอบคุณนะ แต่จะช่วยยังไงล่ะ?
27-0920	pause_message	You'll need an excuse to slip past her defenses.	ยากามิซังต้องมีข้ออ้างสักอย่าง เพื่อแทรกผ่านกำแพงที่ เธอกั้นไว้ค่ะ
27-0921	pause_message	An excuse...?	ข้ออ้างเหรอ...?
27-0922	pause_message	Yeah. Something work-related, for example. Nanami just <font_kind=yakuza_italic>looooves</font_kind> her job.	ใช่ค่ะ อย่างเรื่องงานก็ได้ นานามิ<font_kind=yakuza_italic>รักงานสุดหัวใจ</font_kind>เลยนะ
27-0923	pause_message	Since she's so anti-dating at the moment, it might work better if you got to know her as a "colleague."	ตอนนี้เธอต่อต้านเรื่องคบหากันสุดๆ ถ้ายากามิซังได้รู้จักเธอในฐานะ "เพื่อนร่วมงาน" ก่อน อาจจะได้ผลดีกว่านะคะ
27-0924	pause_message	You think so? But I work as a detective. We're worlds apart.	คิดงั้นเหรอ? แต่ผมทำงานเป็นนักสืบนะ เราคนละโลกกันเลย
27-0925	pause_message	A detective... okay, I can work with that. Give me a moment.	นักสืบเหรอ...โอเค ใช้ได้อยู่นะคะ ขอเวลาคิดแป๊บนึง
27-0926	pause_message	Aha! Okay, I think I've got the perfect plan!	อ้าฮะ! โอเค ฉันว่าฉันคิดแผนที่สมบูรณ์แบบ ออกแล้วล่ะ!
27-0927	pause_message	How about you take her on an investigation?	ลองพาเธอไปร่วมสืบสวนด้วยดูไหมคะ?
27-0928	pause_message	What? I can't do that...	อะไรนะ? ผมทำแบบนั้นไม่ได้หรอก...
27-0929	pause_message	Why not? All you have to do is say she's your assistant. Besides, she seems to really dig your career.	ทำไมล่ะคะ? แค่บอกว่าเธอเป็นผู้ช่วยก็พอแล้ว แถมดูเหมือนเธอจะชอบงานของ ยากามิซังมากด้วยนะ
27-0930	pause_message	But I don't have anything going on right now that'll make it seem legitimate.	แต่ตอนนี้ผมไม่มีคดีอะไรที่จะ ทำให้ดูสมจริงเลยนะ
27-0931	pause_message	...Hmm, okay then...	...อืม โอเคงั้น...
27-0932	pause_message	Ohhh! I know!	โอ้ว! คิดออกแล้ว!
27-0933	pause_message	You thought up something else?	คิดอะไรออกอีกแล้วเหรอ?
27-0934	pause_message	Yeah! This is right out of a scene from one of my favorite movies!	ใช่แล้ว! นี่มันเหมือนฉากในหนังเรื่อง โปรดของฉันเป๊ะเลย!
27-0935	pause_message	A detective and a woman he's working with pretend to be a couple to avoid drawing suspicion from their target...	นักสืบกับผู้หญิงที่ทำงาน ด้วยกันแกล้งทำเป็นคู่รัก เพื่อไม่ให้เป้าหมายจับพิรุธได้...
27-0936	pause_message	At first it's a fake romance, but the two gradually start getting to know each other... in various <font_kind=yakuza_italic>intimate</font_kind> ways.	ตอนแรกมันก็แค่ความรักปลอมๆ แต่ทั้งคู่ค่อยๆ เริ่มรู้จักกันมากขึ้น...ในแบบที่<font_kind=yakuza_italic>ใกล้ชิด</font_kind>กันหลายๆ ด้าน
27-0937	pause_message	You're not saying...	อย่าบอกนะว่า...
27-0938	pause_message	It's exactly what I'm saying!	ใช่เลยอย่างที่คิดนั่นแหละ!
27-0939	pause_message	We're gonna ask Nanami to act as your girlfriend and pretend like it's part of an investigation!	เราจะขอให้นานามิสวมบทเป็น แฟนของยากามิซัง แล้วแกล้งทำเป็นว่ามันเป็น ส่วนหนึ่งของการสืบสวน!
27-0940	pause_message	...I knew it.	...รู้อยู่แล้วเชียว
27-0941	pause_message	Yeah! And in that movie, those two actually end up falling in love.	ใช่แล้ว! แล้วในหนังเรื่องนั้น สองคนนั้นก็ตกหลุมรักกันจริงๆ ด้วยนะ
27-0942	pause_message	Then they end up living a happy life together! Doesn't that sound like a dream come true?	แล้วสุดท้ายก็ได้ใช้ชีวิตอย่าง มีความสุขด้วยกัน! ฟังดูเหมือนฝันที่เป็นจริงเลยใช่ไหมคะ?
27-0943	pause_message	Maybe... but I don't think that tactic will work on anything I'm involved in.	อาจจะนะ...แต่ผมว่ากลยุทธ์นั้นคงใช้ไม่ได้ ผลกับเรื่องที่ผมเกี่ยวข้องหรอก
27-0944	pause_message	O-Okay, then... Let's not stop there... I feel like we're so close...!	โ-โอเค งั้น...อย่าเพิ่งหยุดแค่นี้สิคะ...ฉันรู้สึกว่าเราใกล้จะสำเร็จแล้ว...!
27-0945	pause_message	Ohhhh! Hey, what about this!?	โอ้ววว! เดี๋ยวนะ ลองแบบนี้ล่ะ!?
27-0946	pause_message	You really are creative, aren't you...	คุณนี่มีความคิดสร้างสรรค์จริงๆ นะเนี่ย...
27-0947	pause_message	Darn straight. When you're a talented actress like me, all the world's a stage and everyone's a player.	นั่นสิคะ เมื่อเป็นนักแสดงมีฝีมืออย่างฉัน โลกทั้งใบก็คือเวที แล้วทุกคนก็คือนักแสดง
27-0948	pause_message	What does that have to do with anything?	มันเกี่ยวอะไรกันล่ะ?
27-0949	pause_message	Because assuming a needed role is what I was born to do! As such, I've amassed a nice collection of props and disguises.	เพราะการสวมบทบาทที่จำเป็นคือ สิ่งที่ฉันเกิดมาเพื่อทำเลยไงคะ! ฉันเลยสะสมพร็อพกับชุดปลอมตัว ไว้เพียบเลย
27-0950	pause_message	Are you saying...	หมายความว่า...
27-0951	pause_message	I'll be the target for your investigation! That way you and Nanami can do the whole pretend couples thing!	ฉันจะเป็นเป้าหมายในการสืบสวน ของยากามิซังเอง! แบบนั้นยากามิซังกับนานามิจะได้ แกล้งทำเป็นคู่รักกันได้เต็มที่!
27-0952	pause_message	My role shall be that of a desperate housewife looking for love in all the wrong places... ❤	บทของฉันจะเป็นแม่บ้านผู้อ้างว้าง ตามหารักผิดที่ผิดทาง...
27-0953	pause_message	No, no, <font_kind=yakuza_italic>no</font_kind>. That is a perfect recipe for failure.	ไม่ ไม่ <font_kind=yakuza_italic>ไม่เอาเลย</font_kind> นั่นมันสูตรสำเร็จของความล้มเหลวชัดๆ
27-0954	pause_message	You mean the perfect opportunity to capture Nanami's heart! Trust me, there's no way anything can go wrong!	หมายถึงโอกาสทองที่จะได้ใจ นานามิต่างหากล่ะคะ! เชื่อฉันสิ ไม่มีทางพลาดหรอก!
27-0955	pause_message	Think about the excitement here! The thrill of working close together on a case... the rush of avoiding danger!	ลองคิดถึงความตื่นเต้นดูสิคะ! ความระทึกใจที่ได้ทำคดีใกล้ชิดกัน...ความเสียวจากการหลบหนีอันตราย!
27-0956	pause_message	Hmm, but even with a good disguise... I still feel like she'll recognize you.	อืม แต่ต่อให้ปลอมตัวเนียนแค่ไหน...ผมก็ยังรู้สึกว่าเธอต้องจำได้อยู่ดี
27-0957	pause_message	Here. Maybe a photo will sway your opinion.	นี่ค่ะ ลองดูรูปนี้ อาจจะเปลี่ยนใจยากามิซังได้นะ
27-0958	pause_message	This is one of my more generic roles, too.	นี่ก็เป็นบทที่ฉันเล่นบ่อยๆ เหมือนกันนะคะ
27-0959	pause_message	Oh. Damn.	โอ้โห บ้าไปแล้ว
27-0960	pause_message	Not only can I alter my appearance, I can also change my mannerisms. The way I walk, how I speak... everything!	ฉันไม่ได้เปลี่ยนแค่หน้าตา อย่างเดียวนะคะ แต่เปลี่ยนกิริยาท่าทางได้ด้วย ทั้งท่าเดิน วิธีพูด...ทุกอย่างเลย!
27-0961	pause_message	That's why I'm telling you, she definitely won't find out.	เพราะแบบนี้ไงคะถึงบอกว่าเธอไม่ มีทางจับได้แน่นอน
27-0962	pause_message	If this is your level of quality... this might actually work.	ถ้าฝีมือระดับนี้...มันอาจจะได้ผลจริงๆ ก็ได้นะ
27-0963	pause_message	See? I even have a friend from my theater group who can act as my accomplice. So we've got all our bases covered.	เห็นไหมคะ? ฉันยังมีเพื่อนจากกลุ่มละครเวที ที่ช่วยเล่นเป็น ผู้สมรู้ร่วมคิดได้อีกด้วย เตรียมพร้อมครบทุกด้านเลยล่ะ
27-0964	pause_message	Let's do this.	ลงมือกันเลย
27-0965	pause_message	I don't know...	ไม่รู้สิ...
27-0966	pause_message	Okay then. Let's do this.	ก็ได้ งั้นลงมือกันเลย
27-0967	pause_message	That's what I'm talking about!	นั่นแหละ! ใช่เลยอย่างที่ว่า!
27-0968	pause_message	All you have to do is invite Nanami out and give me the good word!	ยากามิซังแค่ชวนนานามิออกไป แล้วมาบอกข่าวดีกับฉันก็พอ!
27-0969	pause_message	I'm sure you'll be able to get those hormones flowing... and help her blossom into a lady who knows the meaning of love!	ฉันมั่นใจว่ายากามิซังจะทำให้ หัวใจเธอเต้นแรงได้แน่...แล้วช่วยให้เธอเบ่งบานเป็น ผู้หญิงที่เข้าใจความหมายของ ความรัก!
27-0970	pause_message	(I hope this turns out okay...)	(หวังว่าเรื่องนี้จะจบลงด้วยดีนะ...)
27-0971	pause_message	I'd honestly rather not trick her.	บอกตามตรง ผมไม่อยากหลอกเธอเลย
27-0972	pause_message	Well, of course not... Unfortunately, I think this is the only way to get to her.	ก็แน่นอนอยู่แล้วค่ะ...แต่น่าเสียดายที่ฉันว่านี่เป็น ทางเดียวที่จะเข้าถึงใจเธอได้
27-0973	pause_message	Hmm. Is that really the case...?	อืม เป็นแบบนั้นจริงๆ เหรอ...?
27-0974	pause_message	Geez, you are super indecisive, you know that? Contact me whenever you've made up your mind.	ให้ตายสิ ยากามิซังนี่ลังเลใจสุดๆ เลยนะ รู้ตัวไหม? ตัดสินใจได้เมื่อไหร่ค่อยติดต่อ ฉันมาแล้วกัน
27-0975	pause_message	Okay, I will.	โอเค ผมจะทำแบบนั้น
27-0976	pause_message	(Okay. All I need to do is ask Nanami-san out.)	(โอเค สิ่งที่ผมต้องทำก็แค่ชวนนานามิ ซังออกไปเที่ยว)
27-0977	pause_message	Hi! What's up, Yagami-san?	ไงคะ! มีอะไรเหรอคะ ยากามิซัง?
27-0978	pause_message	(Should I go through with this? There's no going back from here...)	(ผมควรลงมือเลยไหมนะ? ถ้าเริ่มแล้วคงถอยกลับไม่ได้แล้ว...)
27-0979	pause_message	Ask her to help.	ชวนเธอมาช่วย
27-0980	pause_message	Oh, nothing. Just saying hi.	อ๋อ ไม่มีอะไรหรอก แค่ทักทายเฉยๆ
27-0981	pause_message	Oh. Then hi! Lol	อ๋อ งั้นก็สวัสดีค่ะ! 5555
27-0982	pause_message	I actually wanted to ask you. Can you help me out with an investigation?	จริงๆ แล้วผมอยากขอความช่วยเหลือ ช่วยผมสืบสวนคดีหน่อยได้ไหม?
27-0983	pause_message	You mean like one of your Side Cases?	หมายถึงแบบคดีเสริมของยากามิซังเหรอคะ?
27-0984	pause_message	Yeah. I'm investigating an infidelity case, but my target is starting to catch on to me. So I need to throw her off somehow.	ใช่ ผมกำลังสืบคดีนอกใจอยู่ แต่เป้าหมายเริ่มจับพิรุธผมได้แล้ว เลยต้องหาทางเบี่ยงเบนความสนใจ เธอสักหน่อย
27-0985	pause_message	That's where you come in. By pretending to be a couple, we can blend in with the environment and avoid suspicion.	ตรงนี้แหละที่คุณนานามิจะเข้ามา ช่วยได้ ถ้าเราแกล้งทำเป็นคู่รักกัน เราก็จะกลมกลืนไปกับสภาพแวดล้อม และไม่ถูกจับพิรุธ
27-0986	pause_message	Ooh, that sounds really exciting! Count me in!	โอ้ ฟังดูน่าตื่นเต้นมากเลยค่ะ! นับฉันด้วยนะ!
27-0987	pause_message	(Whoa. She really jumped at the chance, huh?)	(โห เธอตอบตกลงเร็วขนาดนี้เลยเหรอเนี่ย)
27-0988	pause_message	I'm serious, I'm totally down to help however I can!	พูดจริงนะคะ ฉันพร้อมช่วยเต็มที่เท่าที่จะทำได้เลย!
27-0989	pause_message	(Perfect!)	(เยี่ยมเลย!)
27-0990	pause_message	Now let's go get that cheater!	เอาล่ะ ไปจัดการไอ้คนนอกใจนั่นกันเถอะ!
27-0991	pause_message	That's the plan. I'll contact you when I'm ready to go.	ตามแผนนั้นแหละ พร้อมเมื่อไหร่ผมจะติดต่อไป
27-0992	pause_message	(She seems really fired up about this... I should report this to Yukko-san.)	(เธอดูกระตือรือร้นกับเรื่องนี้มากเลย...ผมควรไปรายงานยุกโกะซัง)
27-0993	pause_message	Hey, remember that outfit I gave you? I bet that would help us look the part.	นี่ คุณนานามิยังจำชุดที่ผมให้ไปได้ไหม? ผมว่ามันคงช่วยให้ดูเข้ากับ บทบาทได้เลยนะ
27-0994	pause_message	I was debating on that myself. But I think you're right, so I'll wear it!	ฉันก็คิดอยู่เหมือนกันค่ะ แต่คิดว่ายากามิซังพูดถูก งั้นฉันจะใส่มันแล้วกัน!
27-0995	pause_message	(Nah, that'd be overkill.)	(เอาน่า แบบนั้นมันเว่อร์ไปหน่อย)
27-0996	pause_message	Hey, Yagami-san. I wanted to thank you for the valuable experience today. And for listening to me.	นี่คะ ยากามิซัง ฉันอยากขอบคุณสำหรับประสบการณ์ดีๆ ในวันนี้ค่ะ แล้วก็ที่รับฟังฉันด้วย
27-0997	pause_message	No, thank you for cooperating with me.	เปล่าเลย ต้องขอบคุณที่ช่วยผมต่างหาก
27-0998	pause_message	Did you report your findings to the client?	รายงานสิ่งที่เจอให้ลูกความฟัง แล้วหรือยังคะ?
27-0999	pause_message	Yeah, I did.	รายงานแล้ว
27-1000	pause_message	Not yet.	ยังก่อน
27-1001	pause_message	And? Are they going to split up?	แล้วไงคะ? พวกเขาจะเลิกกันไหม?
27-1002	pause_message	Not sure. I'm leaving that up to the client to decide.	ไม่แน่ใจเหมือนกัน ผมปล่อยให้เป็นเรื่องที่ลูกความ ตัดสินใจเอง
27-1003	pause_message	I see, so you don't step in that deep. But I think it's better to break up with someone who cheats on their partner!	อ๋อ เข้าใจแล้วค่ะ ยากามิซังคงไม่ก้าวก่ายลึกขนาดนั้น แต่ฉันว่าเลิกกับคนที่นอกใจจะดีกว่านะ!
27-1004	pause_message	No, not yet. It's not that easy to break the news.	ยังหรอก มันไม่ใช่เรื่องง่ายที่จะบอกข่าวนี้
27-1005	pause_message	I understand...	เข้าใจแล้วค่ะ...
27-1006	pause_message	When you find out what happens, please tell me!	พอรู้ผลว่าเป็นยังไงแล้ว บอกฉันด้วยนะคะ!
27-1007	pause_message	So, how's everything going with Nanami? Good, I hope?	แล้วทุกอย่างกับนานามิเป็นยังไงบ้างคะ? หวังว่าจะไปได้สวยนะ
27-1008	pause_message	So far, so good. I think she'll probably go out with me again.	จนถึงตอนนี้ก็ไปได้สวย ผมว่าเธอน่าจะออกเดตกับผมอีกครั้ง
27-1009	pause_message	Yay! So our plan worked!	เย่! งั้นแผนของเราก็ได้ผล!
27-1010	pause_message	I still feel bad lying to her, though.	แต่ผมก็ยังรู้สึกผิดที่โกหกเธออยู่ดี
27-1011	pause_message	You aren't doing anything bad, Yagami-san. Besides, I pushed you to do this.	ยากามิซังไม่ได้ทำอะไรผิดเลยนะคะ แล้วฉันก็เป็นคนผลักดันให้ ยากามิซังทำแบบนี้เองด้วย
27-1012	pause_message	And I agreed to do it. Well, what's more important is what happens next.	แล้วผมก็เห็นด้วยที่จะทำมันเอง เอาเถอะ สิ่งที่สำคัญกว่าคือจะเกิดอะไร ขึ้นต่อไป
27-1013	pause_message	That's right! You gotta ask her out!	ใช่แล้ว! ต้องชวนเธอออกเดตให้ได้!
27-1014	pause_message	I mentioned this during our investigation the other day, but do you want to hang out together?	ผมเคยพูดถึงเรื่องนี้ตอนเรา สืบสวนกันวันก่อน คุณนานามิอยากไปเที่ยวด้วยกันไหม?
27-1015	pause_message	Yes, I'd love to!	ค่ะ ยินดีเลยค่ะ!
27-1016	pause_message	(Awesome! I did it!)	(เยี่ยมไปเลย! ผมทำสำเร็จ!)
27-1017	pause_message	Just to make sure, it'll just be the two of us, right?	ขอถามให้ชัวร์นะ แค่เราสองคนใช่ไหม?
27-1018	pause_message	Of course lol I won't bring Yukko this time.	แน่นอนค่ะ 5555 รอบนี้ฉันจะไม่พายุกโกะมาด้วยหรอก
27-1019	pause_message	Cool.	เจ๋งเลย
27-1020	pause_message	Um, can we go out for dinner tonight?	เอ่อ คืนนี้ไปกินมื้อค่ำด้วยกันได้ไหม?
27-1021	pause_message	Sure. Should we meet up at our usual place? In front of the arcade at Theater Square?	ได้ เจอกันที่เดิมดีไหม? หน้าร้านเกมที่เธียเตอร์สแควร์นะ
27-1022	pause_message	Absolutely! See you there.	ได้เลย เจอกันที่นั่น
27-1023	pause_message	(Great. Then I'll head over there once it's time.)	(เยี่ยม งั้นพอถึงเวลาผมจะไปที่นั่น)
27-1024	pause_message	Hey, Yagami-san!	ไงคะ ยากามิซัง!
27-1025	pause_message	Whoa. Check <font_kind=yakuza_italic>you</font_kind> out.	โห ดู<font_kind=yakuza_italic>คุณ</font_kind>สิเนี่ย
27-1026	pause_message	Hehe, I decided to spice things up a bit. So, what do you think?	เฮ่ๆ ฉันตัดสินใจแต่งตัวให้ดูมีสีสัน ขึ้นหน่อยค่ะ ว่าไงคะ?
27-1027	pause_message	You look cute.	น่ารักดีนะ
27-1028	pause_message	You look gorgeous.	สวยมากเลยนะ
27-1029	pause_message	I think you look cute.	ผมว่าน่ารักดีนะ
27-1030	pause_message	Why thank you.	ก็ขอบคุณนะ
27-1031	pause_message	It really fits you, Nanami-san. In fact, it's almost as gorgeous as you are. 	มันเข้ากับคุณนานามิมากเลยนะ จริงๆ แล้วแทบจะสวยพอๆ กับตัวคุณนานามิเองเลย 
27-1032	pause_message	Hah! I knew I was right on the money with this one!	ฮ่า! รู้อยู่แล้วว่าเลือกชุดนี้ ถูกต้องเป๊ะเลย!
27-1033	pause_message	I've never seen you in a skirt before.	ไม่เคยเห็นคุณนานามิใส่กระโปรง มาก่อนเลยนะ
27-1034	pause_message	I.. don't normally wear them around guys.	ฉัน..ปกติไม่ค่อยใส่ตอนอยู่กับผู้ชาย หรอกค่ะ
27-1035	pause_message	So that means you're comfortable around me?	นั่นแปลว่าคุณนานามิรู้สึก สบายใจตอนอยู่กับผมสินะ?
27-1036	pause_message	Let's just say... today's special!	ก็แค่บอกว่า...วันนี้เป็นวันพิเศษค่ะ!
27-1037	pause_message	Should I be happy about that?	ผมควรดีใจกับเรื่องนั้นไหมนะ?
27-1038	pause_message	Hehe. You tell me.	เฮ่ๆ ก็แล้วแต่ยากามิซังจะคิดค่ะ
27-1039	pause_message	(Now where should we go today?)	(เอาล่ะ วันนี้ควรไปไหนกันดีนะ?)
27-1040	pause_message	How about I show you what a drone race is like?	ลองไปดูการแข่งโดรนกันไหม?
27-1041	pause_message	That'd be great! I promise I'll cheer for you!	เยี่ยมเลยค่ะ! ฉันสัญญาว่าจะเชียร์ยากามิซังเต็มที่!
27-1042	pause_message	Why don't we hit the batting cages? I could use a little exercise.	ไปตีเบสบอลที่กรงตีลูกกันไหม? ผมอยากออกกำลังกายสักหน่อย
27-1043	pause_message	Okay! I could definitely go for a workout.	ได้ค่ะ! ฉันเองก็อยากออกกำลังกายอยู่พอดี
27-1044	pause_message	Why don't we play some darts?	ไปเล่นปาลูกดอกกันไหม?
27-1045	pause_message	If that's a challenge, then I accept!	ถ้าเป็นการท้าทาย ฉันขอรับคำท้าเลยค่ะ!
27-1046	pause_message	Better get your game face on!	งั้นเตรียมตัวให้พร้อมไว้เลยนะ!
27-1047	pause_message	(I need to apologize to her right away.)	(ผมต้องขอโทษเธอเดี๋ยวนี้เลย)
27-1048	pause_message	Nanami-san, I'm sorry about today.	คุณนานามิ ผมขอโทษเรื่องวันนี้จริงๆ
27-1049	pause_message	(Of course she wouldn't answer...)	(ก็แน่ล่ะ เธอคงไม่ตอบหรอก...)
27-1050	pause_message	(I should report to Yukko-san what happened.)	(ผมควรไปรายงานยุกโกะซังว่าเกิด อะไรขึ้น)
27-1051	pause_message	This is bad, Yukko-san. Nanami-san found out.	แย่แล้ว ยุกโกะซัง คุณนานามิรู้เข้าแล้ว
27-1052	pause_message	What did she find out?	เธอรู้อะไรเหรอคะ?
27-1053	pause_message	That we totally set her up. That it was you in disguise. Everything.	รู้ว่าเราจัดฉากเธอทั้งหมด รู้ว่าคนที่ปลอมตัวคือยุกโกะซัง รู้ทุกอย่างเลย
27-1054	pause_message	What!? Why? I was perfectly in-character!	อะไรนะ!? ทำไมล่ะ? ฉันเล่นบทได้เนียนสุดๆ เลยนะ!
27-1055	pause_message	There was a poster for a theater production you're appearing in... Nanami-san saw that.	มีโปสเตอร์ละครเวทีที่ยุกโกะซัง แสดงอยู่ด้วย...คุณนานามิเห็นเข้าพอดี
27-1056	pause_message	Ahhhhhhhhhhhhhhhhhh!\nNooooooooooooooo!	อ๊าาาาาาาาาาาาาาาาาา!\nไม่นะออออออออออออ!
27-1057	pause_message	Ahh! I'm so sorry! It's totally my mistake! I didn't think that poster would be in Kamurocho at all! You see, there was an injury during rehearsal and the show was put on hiatus! I thought all the posters were collected, you know? I'm sooooooo sorrry!	อ๊ะ! ฉันขอโทษจริงๆ ค่ะ! เป็นความผิดฉันทั้งหมดเลย! ไม่คิดเลยว่าโปสเตอร์นั้นจะมา อยู่ในคามุโรโจด้วย! คือว่ามีคนบาดเจ็บตอนซ้อม เลยต้องพักการแสดงไปก่อน! ฉันนึกว่าโปสเตอร์ถูกเก็บหมดแล้วซะอีก! ขอโทษจริงๆๆๆ นะคะ!
27-1058	pause_message	No, it's my fault too. I'm the one that agreed to all this.	ไม่หรอก ผมก็ผิดด้วยเหมือนกัน ผมเองที่ตกลงทำเรื่องนี้ทั้งหมด
27-1059	pause_message	Don't worry I'll explain it all to Nanami and tell her it was my doing!	ไม่ต้องห่วงค่ะ ฉันจะอธิบายทุกอย่างให้นานามิฟังเอง แล้วบอกเธอว่าเป็นฝีมือฉันเอง!
27-1060	pause_message	(I wonder if Yukko-san contacted Nanami-san after all. I should send her a message just in case.)	(ไม่รู้ว่ายุกโกะซังติดต่อคุณ นานามิไปหรือยังนะ เผื่อไว้ผมส่งข้อความไปหาเธอดีกว่า)
27-1061	pause_message	You might have heard from Yukko-san, but I'm the one that agreed to her plan. So I'm the one at fault.	คุณนานามิอาจได้ยินเรื่องจาก ยุกโกะซังมาแล้ว แต่ผมเองที่ตกลงทำตามแผนของเธอ ผมเลยเป็นคนผิดจริงๆ
27-1062	pause_message	(Nothing...)	(ไม่มีอะไรตอบกลับมาเลย...)
27-1063	pause_message	(I should contact Yukko-san.)	(ผมควรติดต่อยุกโกะซังดู)
27-1064	pause_message	It's no use. I'm not getting anything from her.	ไม่ได้ผลเลย ผมไม่ได้รับคำตอบจากเธอเลยสักนิด
27-1065	pause_message	Neither am I.	ฉันก็เหมือนกันค่ะ
27-1066	pause_message	I suppose we'll have to wait this one out.	คงต้องรอดูสถานการณ์กันไปก่อนแล้วล่ะ
27-1067	pause_message	I think you're right.	ฉันว่ายากามิซังพูดถูกนะคะ
27-1068	pause_message	(Maybe Nanami-san will want to talk now?)	(บางทีตอนนี้คุณนานามิอาจอยากคุย แล้วก็ได้นะ)
27-1069	pause_message	I want to apologize about before. Can you meet tonight? I'll be waiting at the usual place at Theater Square. I'd really like it if you came.	ผมอยากขอโทษเรื่องก่อนหน้านี้ คืนนี้เจอกันได้ไหม ผมจะรอที่เดิมตรงเธียเตอร์สแควร์ อยากให้คุณนานามิมาจริงๆ นะ
27-1070	pause_message	Yagami-san! Big trouble!! Huge trouble!!!	ยากามิซัง! เรื่องใหญ่แล้ว!! เรื่องใหญ่มากๆ เลย!!!
27-1071	pause_message	What's going on? Why are you panicking?	เกิดอะไรขึ้น? ทำไมถึงตื่นตระหนกขนาดนี้?
27-1072	pause_message	Something really, REALLY bad is happening!	มีเรื่องแย่มากๆๆ กำลังเกิดขึ้นค่ะ!
27-1073	pause_message	Can you calm down and tell me what's going on?	ใจเย็นๆ แล้วเล่าให้ผมฟังได้ไหมว่าเกิด อะไรขึ้น?
27-1074	pause_message	It's about Nanami!	เรื่องของนานามิค่ะ!
27-1075	pause_message	Nanami-san? What's happening?	คุณนานามิเหรอ? เกิดอะไรขึ้นกับเธอ?
27-1076	pause_message	A strange man is trying to take her somewhere!	มีผู้ชายแปลกหน้าพยายามจะพาเธอ ไปที่ไหนสักแห่ง!
27-1077	pause_message	I contacted the police, but they didn't come in time!	ฉันติดต่อตำรวจแล้ว แต่มาไม่ทันค่ะ!
27-1078	pause_message	Could it be... the stalker that tried to kidnap Nanami-san before?	จะเป็นไปได้ไหมว่า...คนที่แอบตามตื๊อจนพยายาม ลักพาตัวคุณนานามิเมื่อก่อนนั่น น่ะ?
27-1079	pause_message	But I thought he was arrested...	แต่ฉันนึกว่าเขาถูกจับไปแล้วซะอีก...
27-1080	pause_message	I don't know! It's a man I've never seen! The police won't even listen to me!	ไม่รู้เหมือนกันค่ะ! เป็นผู้ชายที่ฉันไม่เคยเห็นมาก่อนเลย! แล้วตำรวจก็ไม่ยอมฟังฉันเลยด้วย!
27-1081	pause_message	Where was it!?	อยู่ที่ไหน!?
27-1082	pause_message	Tenkaichi Alley! In the alleyway behind Jungle Boy!	ซอยเทนไคจิค่ะ! ในซอยหลังร้าน Jungle Boy!
27-1083	pause_message	Please! Come quickly!	ได้โปรดเถอะค่ะ! รีบมาเร็วๆ นะ!
27-1084	pause_message	(I need to get over there, and fast!)	(ผมต้องรีบไปที่นั่นให้เร็วที่สุด!)
27-1085	pause_message	Thanks for coming out today, Tsukino-chan. Let's do this again sometime.	ขอบคุณที่ออกมาเจอกันวันนี้นะ สึกิโนะจัง ไว้มาเที่ยวกันแบบนี้อีกนะ
27-1086	pause_message	Sure, thanks for taking me. Hope to see you soon!	ค่ะ ขอบคุณที่พาฉันมาเที่ยวนะคะ หวังว่าจะได้เจอกันอีกเร็วๆ นี้ค่ะ!
27-1087	pause_message	Tsukino-chan. You can tell me about that big important thing today, if you want.	สึกิโนะจัง ถ้าอยากเล่าเรื่องสำคัญที่ว่า วันนี้ให้ฟัง ก็เล่าได้เลยนะ
27-1088	pause_message	That should be fine.	แบบนั้นก็คงไม่เป็นไรนะ
27-1089	pause_message	Then I'll see you later tonight!	งั้นเจอกันคืนนี้นะ!
27-1090	pause_message	(Should I ask Tsukino-chan out on a date? ...No, now's not a good time.)	(ผมควรชวนสึกิโนะจังออกเดตไหมนะ? ...ไม่สิ ตอนนี้คงยังไม่ใช่เวลาที่ดี)
27-1091	pause_message	Hey, you got a minute?	นี่ มีเวลาสักครู่ไหม?
27-1092	pause_message	Sorry, nope.	โทษที ไม่มีเลยครับ
27-1093	pause_message	So you can't meet?	งั้นแปลว่านัดเจอกันไม่ได้สินะ?
27-1094	pause_message	Yeah, but no.	ใช่ครับ ไม่ได้จริงๆ
27-1095	pause_message	Wtf?	อะไรเนี่ย?
27-1096	pause_message	Come to the internet café.	มาที่ร้านเน็ตแทนก็ได้ครับ
27-1097	pause_message	Yagami-san. This is Amane.	ยากามิซัง นี่อามาเนะเองค่ะ
27-1098	pause_message	Hey, what's going on, Amane-san?	เฮ้ มีอะไรเหรอ อามาเนะซัง?
27-1099	pause_message	I merely wished to thank you. For going out of your way to believe me, not just once, but thrice.	ดิฉันเพียงแต่อยากขอบคุณค่ะ ที่ยากามิซังเลือกจะเชื่อดิฉัน ไม่ใช่แค่ครั้งเดียว แต่ถึงสามครั้ง
27-1100	pause_message	Well, you made the request, so I was just doing my job.	ก็คุณเป็นคนขอร้องมาเอง ผมแค่ทำหน้าที่ของผมเท่านั้นแหละ
27-1101	pause_message	No. Most people don't believe my predictions whatsoever, but you did. I'm very grateful for that.	ไม่ใช่ค่ะ คนส่วนใหญ่ไม่เชื่อคำทำนายของ ดิฉันเลยสักนิด แต่ยากามิซังเชื่อ ดิฉันซาบซึ้งใจมากจริงๆ
27-1102	pause_message	No one's ever done that much for me, so it filled my heart with joy.	ไม่เคยมีใครทำอะไรมากขนาดนี้ เพื่อดิฉันมาก่อนเลย มันทำให้หัวใจดิฉันเปี่ยมสุขจริงๆ ค่ะ
27-1103	pause_message	I believed you from the start	ผมเชื่อคุณมาตั้งแต่แรก
27-1104	pause_message	I was a bit skeptical at first	ตอนแรกผมก็ยังกึ่งเชื่อกึ่งไม่ เชื่ออยู่เหมือนกัน
27-1105	pause_message	Of course. I believed you from the very beginning.	แน่นอนอยู่แล้ว ผมเชื่อคุณมาตั้งแต่ต้นเลยล่ะ
27-1106	pause_message	Oh? Did you not mention how you were skeptical at first?	หืม? ยากามิซังไม่ได้บอกเหรอคะว่า ตอนแรกยังไม่ค่อยเชื่อ?
27-1107	pause_message	...Did I?	...ผมพูดแบบนั้นเหรอ?
27-1108	pause_message	To be honest, I was a bit skeptical at first.	บอกตามตรง ตอนแรกผมก็ยังกึ่งเชื่อกึ่งไม่ เชื่ออยู่เหมือนกัน
27-1109	pause_message	As I surmised...	สมดังที่ฉันคาดไว้...
27-1110	pause_message	But as I continued to investigate, I found that what you said had weight. So of course I couldn't refuse.	แต่พอผมสืบดูต่อ ก็พบว่าสิ่งที่คุณพูดมันมี น้ำหนักอยู่จริง เลยปฏิเสธไม่ได้
27-1111	pause_message	You're as honest as they come, Yagami-san.	คุณนี่ซื่อตรงที่สุดเท่าที่ฉัน เคยเจอเลยนะคะ ยากามิซัง
27-1112	pause_message	Even so, I'm happy you believed in me despite your suspicion.	ถึงอย่างนั้น ฉันก็ดีใจที่คุณเชื่อฉัน ทั้งที่คุณเองก็ยังกังขาอยู่
27-1113	pause_message	Well, put in a request if you ever need anything else.	เอาเถอะ ถ้าต้องการให้ช่วยอะไรอีกก็บอก มาได้เลยนะ
27-1114	pause_message	Certainly. We do make quite an excellent pair.	ได้เลยค่ะ พวกเราเข้าขากันดีจริงๆ นะคะ
27-1115	pause_message	I dunno about that...	ไม่ค่อยแน่ใจนะ...
27-1116	pause_message	...Are you saying we'll continue working together as the Kamurocho Calamity Busters!?	...หมายความว่าเราจะร่วมมือกันต่อไปในนาม 'หน่วยปราบลางร้ายคามุโรโจ' อย่างนั้นเหรอคะ!?
27-1117	pause_message	Whoa whoa, that's not quite what I meant lol	เดี๋ยวๆ ไม่ใช่แบบนั้นซะทีเดียวนะ 5555
27-1118	pause_message	Ah. Perhaps I let my emotions get the best of me.	อ้อ บางทีฉันอาจปล่อยให้อารมณ์เข้า ครอบงำไปหน่อย
27-1119	pause_message	Lol I dunno about that...	5555 ไม่ค่อยแน่ใจเหมือนกันนะ...
27-1120	pause_message	Are you sure? You don't want to form the Kamurocho Calamity Busters with me?	แน่ใจเหรอคะ? ไม่อยากตั้ง 'หน่วยปราบลางร้ายคามุโรโจ' ไปด้วยกันกับฉันจริงๆ เหรอ?
27-1121	pause_message	Well... I'll think about it =P	เอาน่า... ผมจะลองคิดดูนะ =P
27-1122	pause_message	Yagami-san. Do you have a moment?	ยากามิซังคะ ตอนนี้มีเวลาไหมคะ?
27-1123	pause_message	What's going on, Amane-san?	มีอะไรหรือเปล่า อามาเนะซัง?
27-1124	pause_message	I happened to pass by you on the street, and that's when I saw it. A calamity. It was written all over you.	เมื่อกี้ฉันเดินผ่านคุณบนถนนพอดี แล้วก็เห็นมันเข้า... ลางร้าย มันปรากฏอยู่ทั่วตัวคุณเลยค่ะ
27-1125	pause_message	What? On me? Seriously?	หา? บนตัวผมเนี่ยนะ? จริงเหรอ?
27-1126	pause_message	Yes, there's no doubt about it. It was... a cow calamity.	ใช่ค่ะ ไม่ผิดแน่นอน มันคือ... ลางร้ายรูปวัวค่ะ
27-1127	pause_message	A cow?	วัวเหรอ?
27-1128	pause_message	Indeed. Soon you will be confronted by a cow. You must defeat it promptly.	ถูกต้องค่ะ อีกไม่นานคุณจะต้องเผชิญหน้ากับ วัวตัวหนึ่ง คุณต้องปราบมันโดยเร็วที่สุด
27-1129	pause_message	So you're saying I'm going to be attacked by a cow? In Kamurocho?	หมายความว่าผมจะถูกวัวจู่โจมงั้นเหรอ? ในคามุโรโจเนี่ยนะ?
27-1130	pause_message	That is one way of interpreting it.	ก็นับเป็นการตีความแบบหนึ่งได้ค่ะ
27-1131	pause_message	Seriously? But how am I supposed to defeat it?	จริงจังดิ? แต่ผมจะปราบมันยังไงล่ะ?
27-1132	pause_message	In return for watching over me, so will I do the same for you. Once the calamity shows itself, we can tackle it immediately.	เป็นการตอบแทนที่คุณคอยดูแลฉัน ฉันก็จะคอยดูแลคุณเช่นกันค่ะ พอลางร้ายปรากฏตัวเมื่อไหร่ เราจะได้จัดการมันได้ทันที
27-1133	pause_message	There's no need to wait in fear until the calamity arrives. We must go on the offensive. Is that not what you would do?	ไม่จำเป็นต้องนั่งรอด้วย ความหวาดกลัวจนกว่าลางร้ายจะ มาถึงหรอกค่ะ เราต้องรุกก่อน คุณเองก็คงทำแบบนั้นไม่ใช่เหรอคะ?
27-1134	pause_message	Maybe...	อาจจะนะ...
27-1135	pause_message	Gotcha.	เข้าใจแล้ว
27-1136	pause_message	In other words, we're gonna lure out the calamity and defeat it?	พูดง่ายๆ ก็คือเราจะล่อลางร้ายออกมาแล้ว ปราบมันใช่ไหม?
27-1137	pause_message	Exactly. Instead of getting taken by surprise, we'll prepare our counterattack.	ใช่เลยค่ะ แทนที่จะโดนจู่โจมแบบไม่ทันตั้งตัว เราจะเตรียมโต้กลับไว้ก่อน
27-1138	pause_message	Therefore, we should go about the city in search of this burdensome beast. As long as your mind is clear, even calamities can be vanquished!	ดังนั้นเราควรออกตระเวนหา สัตว์ร้ายตัวนี้ทั่วเมืองค่ะ ตราบใดที่จิตใจคุณแจ่มใส แม้แต่ลางร้ายก็ยังปราบได้!
27-1139	pause_message	All right, then.	โอเค งั้น
27-1140	pause_message	If you say so...	ถ้าคุณว่าอย่างนั้นก็ได้...
27-1141	pause_message	Let's meet up somewhere. I guess Theater Square would be easiest.	ไปนัดเจอกันที่ไหนสักที่ดีกว่า คิดว่าเธียเตอร์สแควร์คงง่ายสุดนะ
27-1142	pause_message	Sure. I think there was a bowling alley in that location, so let's meet in front of it.	ได้ค่ะ ฉันจำได้ว่าแถวนั้นมีโบว์ลิ่งอยู่ ไปนัดเจอกันหน้าร้านนั้นแล้วกันนะคะ
27-1143	pause_message	(...Well, I guess I can consider this a date.)	(...เอาเถอะ ก็คงนับว่าเป็นเดตได้เหมือนกัน)
27-1144	pause_message	(A weird one, to be sure, but a date nonetheless.)	(เป็นเดตที่แปลกอยู่หน่อย แต่ก็ยังเป็นเดตอยู่ดี)
27-1145	pause_message	I appreciate you coming along with me today, Yagami-san. Though I am relieved nothing bad happened, please be aware that calamity still looms above you.	ขอบคุณที่มาด้วยกันวันนี้นะคะ ยากามิซัง ถึงจะโล่งใจที่ไม่มีอะไรเกิดขึ้น แต่ก็ขอให้รู้ไว้ด้วยนะคะว่า ลางร้ายยังคงคุกรุ่นอยู่ เหนือตัวคุณ
27-1146	pause_message	Yeah, I'll be careful.	อือ ผมจะระวังตัวไว้
27-1147	pause_message	I'll call you again soon.	เดี๋ยวฉันจะโทรหาอีกนะคะ
27-1148	pause_message	Let's go on a date again.	ไปเดตกันอีกนะ
27-1149	pause_message	Let's put an end to it soon.	รีบจัดการเรื่องนี้ให้จบๆ กันเถอะ
27-1150	pause_message	Certainly. Because watching for invisible cows is so romantic. Ahaha.	ได้เลยค่ะ เพราะการคอยระวังวัวที่ มองไม่เห็นมันโรแมนติกจริงๆ นะคะ อ้าฮ่าๆ
27-1151	pause_message	Yes, I hope to do so as well.	ค่ะ ฉันก็หวังว่าจะเป็นแบบนั้นเหมือนกัน
27-1152	pause_message	Hello there, Yagami-san.	สวัสดีค่ะ ยากามิซัง
27-1153	pause_message	Hey, what's up?	เฮ้ เป็นไงบ้าง?
27-1154	pause_message	Today, I saw an elderly man with a sign of calamity. I followed your advice from the other day, and I managed to get him to listen to my warning.	วันนี้ฉันเห็นชายชราคนหนึ่งมี ลางร้ายติดตัวอยู่ค่ะ ฉันทำตามคำแนะนำที่คุณให้ไว้ เมื่อวันก่อน เลยทำให้เขายอมฟังคำเตือนของฉัน ได้สำเร็จ
27-1155	pause_message	I'm glad it helped!	ดีใจที่ช่วยได้!
27-1156	pause_message	That was all you, Amane-san.	นั่นเป็นเพราะฝีมือคุณล้วนๆ เลยนะ อามาเนะซัง
27-1157	pause_message	I'm glad it helped.	ดีใจที่ช่วยได้
27-1158	pause_message	Yes, I can't thank you enough.	ค่ะ ฉันขอบคุณคุณมากจริงๆ
27-1159	pause_message	That was all you, Amane-san. I didn't say anything that useful.	นั่นเป็นเพราะฝีมือคุณล้วนๆ เลยนะ อามาเนะซัง ผมไม่ได้พูดอะไรที่เป็นประโยชน์ ขนาดนั้นหรอก
27-1160	pause_message	By the way, what kind of sign did you see?	อ้อ ว่าแต่คุณเห็นลางแบบไหนล่ะ?
27-1161	pause_message	An ominous "sign of the blades."	ลางร้ายที่เรียกว่า "ลางแห่งใบมีด" ค่ะ
27-1162	pause_message	I hope that he follows my warning and stays careful.	ฉันหวังว่าเขาจะทำตามคำเตือนของ ฉันแล้วระมัดระวังตัวไว้นะคะ
27-1163	pause_message	Did it seem like he believed you?	ดูเหมือนเขาจะเชื่อคุณไหม?
27-1164	pause_message	I'm not sure. He seemed half-convinced, but did say that he'll be careful.	ไม่แน่ใจเหมือนกันค่ะ เขาดูเหมือนจะเชื่อครึ่งไม่เชื่อครึ่ง แต่ก็บอกว่าจะระวังตัว
27-1165	pause_message	Let's hope he keeps his word.	หวังว่าเขาจะรักษาคำพูดนะ
27-1166	pause_message	Yagami-san. Has the calamity appeared since the last time we met?	ยากามิซังคะ ตั้งแต่เราเจอกันครั้งล่าสุด ลางร้ายปรากฏตัวอีกไหมคะ?
27-1167	pause_message	Nope, not at all. Not even the first letter "c" of it.	ไม่เลย ไม่มีแม้แต่เงาเลยด้วยซ้ำ
27-1168	pause_message	How strange. I wonder how long this drama will continue to drag out...	แปลกจริงนะคะ ไม่รู้ว่าเรื่องนี้จะลากยาวไป อีกนานแค่ไหน...
27-1169	pause_message	Well, as long as the calamity doesn't appear, it's all good, no?	ก็ตราบใดที่ลางร้ายไม่ปรากฏตัว ก็ถือว่าดีแล้วไม่ใช่เหรอ?
27-1170	pause_message	No. Bad luck accumulates over time, like filth.	ไม่ค่ะ เคราะห์ร้ายสะสมพอกพูนไปตามเวลา เหมือนกับสิ่งสกปรกนั่นแหละค่ะ
27-1171	pause_message	I don't like the sound of that.	ผมไม่ชอบเสียงนั้นเลย
27-1172	pause_message	Exactly. I think it's best to get rid of the bad luck before something terrible happens.	ใช่เลยค่ะ ฉันว่าเราควรกำจัดเคราะห์ร้าย ทิ้งซะก่อนที่จะ เกิดเรื่องร้ายแรงขึ้นมา
27-1173	pause_message	Yagami-san. Let's meet up again. Let's lure out that cow calamity.	ยากามิซังคะ มาเจอกันอีกครั้งเถอะค่ะ มาล่อลางร้ายรูปวัวตัวนั้นออกมา กันเถอะ
27-1174	pause_message	I'm busy right now.	ตอนนี้ผมไม่ว่างน่ะ
27-1175	pause_message	All right. Can we meet at Theater Square, then? In front of the bowling spot like last time?	ได้ งั้นเจอกันที่เธียเตอร์สแควร์ไหม? หน้าร้านโบว์ลิ่งเหมือนครั้งที่แล้ว?
27-1176	pause_message	Certainly. I'll head over there right now.	ได้เลยค่ะ เดี๋ยวฉันไปตอนนี้เลย
27-1177	pause_message	Sorry, I'm a little busy right now.	ขอโทษนะ ตอนนี้ยุ่งอยู่หน่อย
27-1178	pause_message	I see. In that case, please let me know when you're available.	เข้าใจแล้วค่ะ ถ้าอย่างนั้นพอคุณว่างเมื่อไหร่ ก็บอกฉันด้วยนะคะ
27-1179	pause_message	Hey, remember that outfit I got you? I was thinking, I'd love to see you in it...	เฮ้ จำชุดที่ผมซื้อให้ได้ไหม? ผมกำลังคิดอยู่ว่าอยากเห็นคุณ ใส่ชุดนั้นจัง...
27-1180	pause_message	Does this have something to do with the calamity?	เรื่องนี้เกี่ยวข้องกับลางร้าย ด้วยหรือเปล่าคะ?
27-1181	pause_message	Nah, I'm just super curious.	เปล่า แค่อยากรู้อยากเห็นสุดๆ น่ะ
27-1182	pause_message	Then I'll give it some thought.	งั้นฉันจะลองคิดดูนะคะ
27-1183	pause_message	(I hope she goes for it.)	(หวังว่าเธอจะยอมนะ)
27-1184	pause_message	Yagami-san. I had an excellent time thanks to you.	ยากามิซังคะ วันนี้ฉันสนุกมากเลยค่ะ ต้องขอบคุณคุณนะคะ
27-1185	pause_message	What about the cow calamity?	แล้วลางร้ายรูปวัวล่ะ?
27-1186	pause_message	Me too.	ฉันด้วย
27-1187	pause_message	I'm glad you had fun, but was it really okay to neglect the cow calamity?	ดีใจที่สนุกนะ แต่ปล่อยเรื่องลางร้ายรูปวัวไว้ แบบนี้จะไม่เป็นไรจริงเหรอ?
27-1188	pause_message	I made sure to watch out for that, too.	ฉันคอยระวังเรื่องนั้นด้วย เหมือนกันค่ะ
27-1189	pause_message	Me too. I had fun with you.	ผมก็สนุกเหมือนกันที่ได้อยู่กับคุณ
27-1190	pause_message	I'm relieved to hear that. It's all thanks to the cow, hm?	โล่งใจที่ได้ยินแบบนั้นค่ะ ต้องขอบคุณวัวตัวนั้นเลยเนอะ?
27-1191	pause_message	Hopefully nothing too bad happens.	หวังว่าจะไม่มีอะไรร้ายแรงเกิดขึ้นนะ
27-1192	pause_message	Well, as long as the calamity existed in the first place, it will most definitely happen. Please do not let your guard down.	อันที่จริง ตราบใดที่ลางร้ายมีอยู่จริงตั้งแต่แรก มันจะต้องเกิดขึ้นอย่างแน่นอนค่ะ อย่าเพิ่งการ์ดตกนะคะ
27-1193	pause_message	Okay. I'll be careful.	โอเค ผมจะระวังตัว
27-1194	pause_message	Yagami-san. Do you remember the elderly man who listened to my prophecy?	ยากามิซังคะ จำชายชราที่ยอมฟังคำทำนายของฉัน ได้ไหมคะ?
27-1195	pause_message	The "sign of the blades" guy?	คนที่มี "ลางแห่งใบมีด" น่ะเหรอ?
27-1196	pause_message	The arsonist?	คนวางเพลิงน่ะเหรอ?
27-1197	pause_message	Who again?	ใครนะ?
27-1198	pause_message	Sorry. Who was that again?	โทษที ใครนะ?
27-1199	pause_message	So you don't remember at all...	งั้นคุณก็จำไม่ได้เลยสินะคะ...
27-1200	pause_message	My bad. Who's this old man you're talking about?	ขอโทษที ชายชราที่คุณพูดถึงคือใครนะ?
27-1201	pause_message	As I mentioned before, he bore the "sign of the blades." He told me he'd be careful after hearing my advice.	อย่างที่บอกไปก่อนหน้านี้ค่ะ เขามี "ลางแห่งใบมีด" ติดตัวอยู่ เขาบอกว่าจะระมัดระวังตัว หลังจากได้ฟังคำแนะนำของฉัน
27-1202	pause_message	Oh, that guy. I remember now. What about him?	อ๋อ คนนั้นเอง นึกออกแล้ว แล้วเขาเป็นยังไง?
27-1203	pause_message	No, the arsonist wasn't elderly. Besides, he was little more than a criminal who refused to heed my warnings.	ไม่ใช่ค่ะ คนวางเพลิงไม่ใช่คนชรา แถมเขาก็แค่อาชญากรที่ไม่ยอมฟัง คำเตือนของฉันเลยด้วยซ้ำ
27-1204	pause_message	Oh, okay...	อ้อ โอเค...
27-1205	pause_message	I'm talking about the elderly man who bore the "sign of the blades." He told me he'd be careful after hearing my advice.	ฉันกำลังพูดถึงชายชราที่มี "ลางแห่งใบมีด" ติดตัวอยู่ค่ะ เขาบอกว่าจะระมัดระวังตัว หลังจากได้ฟังคำแนะนำของฉัน
27-1206	pause_message	It's that guy with the "sign of the blades," right? He told you he'd be careful even though he only seemed half-convinced.	คือคนที่มี "ลางแห่งใบมีด" ใช่ไหม? เขาบอกว่าจะระวังตัว ทั้งที่ดูเหมือนจะเชื่อครึ่งไม่ เชื่อครึ่งนั่นแหละ
27-1207	pause_message	Yes! That man actually came to thank me today.	ใช่ค่ะ! วันนี้เขามาขอบคุณฉันด้วยนะคะ
27-1208	pause_message	The calamity occurred as I predicted, and he escaped death because he stayed careful. He even requested that I read his fortune again.	ลางร้ายเกิดขึ้นจริงตามที่ฉันทำนายไว้ แต่เขารอดพ้นความตายมาได้เพราะ ระมัดระวังตัว เขาถึงกับขอให้ฉันดูดวงให้ อีกครั้งเลยค่ะ
27-1209	pause_message	Wow, that's amazing.	ว้าว สุดยอดไปเลย
27-1210	pause_message	This is the first time someone other than you acknowledged my power, so I'm extremely happy!	นี่เป็นครั้งแรกที่มีคนอื่น นอกจากคุณยอมรับพลังของฉัน ฉันเลยดีใจมากๆ เลยค่ะ!
27-1211	pause_message	Hopefully more people get their heads straight and take your advice from now on.	หวังว่าต่อไปนี้จะมีคนหัวใส มากขึ้นแล้วยอมฟังคำแนะนำของคุณ นะ
27-1212	pause_message	One can only hope!	ได้แต่หวังไว้แบบนั้นค่ะ!
27-1213	pause_message	Yagami-san. Has the cow calamity manifested itself to you?	ยากามิซังคะ ลางร้ายรูปวัวปรากฏตัวให้คุณ เห็นหรือยังคะ?
27-1214	pause_message	In that case, would you like to meet with me again?	ถ้าอย่างนั้น อยากมาเจอฉันอีกครั้งไหมคะ?
27-1215	pause_message	Are you asking me out on a date?	นี่คุณกำลังชวนผมไปเดตอยู่เหรอ?
27-1216	pause_message	Sorry, I'm busy right now.	ขอโทษนะ ตอนนี้ไม่ว่าง
27-1217	pause_message	I see. In that case, please get back to me when you're available.	เข้าใจแล้วค่ะ ถ้าอย่างนั้นพอคุณว่างแล้วก็ ติดต่อกลับมาด้วยนะคะ
27-1218	pause_message	Are you going to consider it as a date?	คุณจะนับว่านี่เป็นเดตไหมคะ?
27-1219	pause_message	Yeah, I have been since the beginning.	อือ ผมนับแบบนั้นมาตั้งแต่แรกแล้วล่ะ
27-1220	pause_message	Very well. Then I'll go with that intention in mind as well.	ดีค่ะ งั้นฉันก็จะไปด้วยความตั้งใจแบบ เดียวกันนี้เหมือนกัน
27-1221	pause_message	Sweet! Then I'll meet you in front of the bowling spot in Theater Square, as usual.	เยี่ยม! งั้นเจอกันหน้าร้านโบว์ลิ่งที่ เธียเตอร์สแควร์เหมือนเดิมนะ
27-1222	pause_message	Yagami-san. I'm back home from work.	ยากามิซังคะ ฉันเพิ่งเลิกงานกลับถึงบ้านค่ะ
27-1223	pause_message	You were telling the fortunes of all the yakuza members, right?	คุณไปดูดวงให้พวกยากูซ่าทั้งหมดใช่ไหม?
27-1224	pause_message	Yes. Everyone was haunted by some form of calamity or another.	ใช่ค่ะ ทุกคนมีลางร้ายบางอย่างติดตัว อยู่ไม่มากก็น้อย
27-1225	pause_message	Well, they are involved in organized crime, after all.	ก็แหงล่ะ พวกเขายุ่งเกี่ยวกับอาชญากรรม องค์กรอยู่แล้วนี่นา
27-1226	pause_message	I'm worried about your safety.	ผมเป็นห่วงความปลอดภัยของคุณนะ
27-1227	pause_message	Are you gonna to be okay dealing with those sorts of customers? It sounds kinda dangerous to me...	คุณจะไหวเหรอที่ต้องรับมือ กับลูกค้าแบบนั้น? ฟังดูอันตรายไม่ใช่เล่นเลยนะ...
27-1228	pause_message	I'll be fine. They're all good people.	ไม่เป็นไรหรอกค่ะ พวกเขาเป็นคนดีทุกคนเลย
27-1229	pause_message	But still.	แต่ก็เถอะนะ
27-1230	pause_message	I'm worried about your safety, especially being involved with those kinds of people.	ผมเป็นห่วงความปลอดภัยของคุณนะ โดยเฉพาะตอนที่ต้องไปยุ่ง เกี่ยวกับคนแบบนั้น
27-1231	pause_message	Besides, I saved their patriarch's life, so I'm sure the rest of them wouldn't lay a finger on me.	อีกอย่าง ฉันเคยช่วยชีวิตหัวหน้าใหญ่ของ พวกเขาไว้ ฉันเลยมั่นใจว่าคนที่เหลือคง ไม่มีใครกล้าแตะต้องฉันหรอกค่ะ
27-1232	pause_message	I see. But like you always say, you can never be too careful, right?	เข้าใจแล้ว แต่เหมือนที่คุณพูดเสมอนั่นแหละ ยังไงก็ต้องระวังไว้ก่อนใช่ไหม?
27-1233	pause_message	You're right. Thank you for your concern.	คุณพูดถูกค่ะ ขอบคุณที่เป็นห่วงนะคะ
27-1234	pause_message	I hope you continue to be careful with the cow calamity as well.	หวังว่าคุณจะยังคงระมัดระวัง เรื่องลางร้ายรูปวัวต่อไปด้วย นะคะ
27-1235	pause_message	Yeah, thanks for the warning.	อือ ขอบคุณที่เตือนนะ
27-1236	pause_message	Yagami-san, are you dating anyone right now?	ยากามิซังคะ ตอนนี้คุณคบใครอยู่หรือเปล่าคะ?
27-1237	pause_message	Huh? Why do you ask?	หา? ทำไมถึงถามล่ะ?
27-1238	pause_message	Well, since we see each other quite often, I'd feel bad for your girlfriend if you had one.	ก็เพราะเราเจอกันบ่อยขนาดนี้ ถ้าคุณมีแฟนอยู่แล้ว ฉันคงรู้สึกผิดกับเธอน่ะค่ะ
27-1239	pause_message	I'm single.	ผมโสดอยู่
27-1240	pause_message	I'm taken.	ผมมีคนคบอยู่แล้ว
27-1241	pause_message	Don't worry. I'm still single.	ไม่ต้องห่วงหรอก ผมยังโสดอยู่
27-1242	pause_message	Is that so? Well, that's certainly a relief.	งั้นเหรอคะ? นั่นก็โล่งใจไปทีนะคะ
27-1243	pause_message	(Why did I just lie?)	(ทำไมผมถึงเพิ่งโกหกไปแบบนั้นนะ?)
27-1244	pause_message	Actually, I am dating someone.	อันที่จริง ผมคบกับใครสักคนอยู่นะ
27-1245	pause_message	Oh, so you have a girlfriend, then.	อ๋อ งั้นคุณก็มีแฟนอยู่แล้วสินะคะ
27-1246	pause_message	I wouldn't worry, though. We have a business relationship, right?	แต่ผมคงไม่ต้องห่วงอะไรหรอก เพราะเราก็แค่มีความสัมพันธ์ทาง ธุรกิจกันใช่ไหม?
27-1247	pause_message	I suppose we do. Then I guess it's all right.	ก็คงงั้นแหละ ถ้างั้นก็คงไม่มีปัญหาอะไร
27-1248	pause_message	Yagami-san. Has the cow calamity appeared since we last spoke?	ยากามิซังคะ ตั้งแต่เราคุยกันครั้งล่าสุด ลางร้ายรูปวัวปรากฏตัวอีกไหมคะ?
27-1249	pause_message	Nope. Nothing as usual.	ไม่มีเลย เหมือนเดิมไม่มีอะไร
27-1250	pause_message	In that case, we should meet once more. This time I will surely lure out the calamity!	ถ้าอย่างนั้นเราควรเจอกันอีก สักครั้งค่ะ คราวนี้ฉันจะล่อลางร้ายออกมา ให้ได้แน่ๆ!
27-1251	pause_message	Okay.	ตกลง
27-1252	pause_message	Okay, let's meet up.	โอเค ไปเจอกันเถอะ
27-1253	pause_message	Does Theater Square work for you? You know, the usual bowling spot?	เธียเตอร์สแควร์สะดวกไหม? ก็ร้านโบว์ลิ่งที่เคยไปประจำน่ะ
27-1254	pause_message	Yes! I'll be waiting!	ค่ะ! ฉันจะรอนะคะ!
27-1255	pause_message	I see. In that case, please get back to me whenever you're available.	เข้าใจแล้วค่ะ ถ้าอย่างนั้นพอคุณว่างเมื่อไหร่ ก็ติดต่อกลับมาด้วยนะคะ
27-1256	pause_message	Oh hey, remember that outfit I got you? I'd love to see you in that.	อ้อ จำชุดที่ผมซื้อให้ได้ไหม? อยากเห็นคุณใส่ชุดนั้นจัง
27-1257	pause_message	It's not as though kimonos are easy to put on...	ชุดกิโมโนก็ไม่ใช่จะใส่ง่ายๆ นะคะ...
27-1258	pause_message	But... As I owe you a great debt, I shall indulge this request.	แต่... เพราะฉันติดหนี้บุญคุณคุณอยู่มาก ฉันก็จะยอมทำตามคำขอนี้ให้ก็ได้ค่ะ
27-1259	pause_message	Cool! You look great in it, by the way.	เจ๋งเลย! ว่าแต่คุณใส่แล้วสวยมากเลยนะ
27-1260	pause_message	(Her normal outfit is just fine.)	(ชุดปกติของเธอก็สวยดีอยู่แล้วนะ)
27-1261	pause_message	Yagami-san. Sorry to worry you today. At least our date was enjoyable!	ยากามิซังคะ ขอโทษที่ทำให้เป็นห่วงวันนี้นะคะ อย่างน้อยเดตของเราก็สนุกดี!
27-1262	pause_message	Let's go out again sometime.	ไปเที่ยวกันอีกสักวันนะ
27-1263	pause_message	Yes, let's!	ค่ะ ไปกันเลย!
27-1264	pause_message	Are you feeling any better?	รู้สึกดีขึ้นบ้างไหม?
27-1265	pause_message	I am, thanks to you.	ดีขึ้นแล้วค่ะ ต้องขอบคุณคุณเลย
27-1266	pause_message	Let me know if there's anything I can do for you, okay?	มีอะไรให้ผมช่วยก็บอกได้นะ โอเคไหม?
27-1267	pause_message	You have my thanks.	ขอบคุณจริงๆ ค่ะ
27-1268	pause_message	Spending time with you like this is quite enjoyable. I hope we can do it more often, Yagami-san.	การได้ใช้เวลาแบบนี้กับคุณมัน สนุกดีจริงๆ ค่ะ หวังว่าเราจะได้ทำแบบนี้บ่อยๆ นะคะ ยากามิซัง
27-1269	pause_message	Yeah, I agree. Let's see if this calamity decides to come back! =P	อือ เห็นด้วย มาดูกันว่าลางร้ายตัวนี้จะ กลับมาอีกไหม! =P
27-1270	pause_message	For sure!	ได้เลยค่ะ!
27-1271	pause_message	Yagami-san. Are you available to meet me right now?	ยากามิซังคะ ตอนนี้คุณว่างมาเจอฉันไหมคะ?
27-1272	pause_message	Nothing in particular. I just wanted to see you.	ไม่มีอะไรเป็นพิเศษหรอกค่ะ แค่อยากเจอคุณเฉยๆ
27-1273	pause_message	(I wonder what's going on? This is pretty unusual for her.)	(สงสัยจังว่าเกิดอะไรขึ้น? ผิดปกติสำหรับเธอเหมือนกันนะ)
27-1274	pause_message	Where should we meet up?	ไปเจอกันที่ไหนดี?
27-1275	pause_message	I feel bad for imposing on you, so why don't I head over to your office?	ฉันรู้สึกผิดที่มารบกวนคุณ ฉันไปที่ออฟฟิศคุณเลยดีไหมคะ?
27-1276	pause_message	Okay, I'll be waiting.	โอเค ผมจะรอนะ
27-1277	pause_message	Sorry, now's not a good time. I'll get back to you when I'm free.	ขอโทษนะ ตอนนี้ไม่สะดวก เดี๋ยวว่างแล้วจะติดต่อกลับไป
27-1278	pause_message	I see. I'll be waiting for your call, then.	เข้าใจแล้วค่ะ งั้นฉันจะรอโทรศัพท์จากคุณนะคะ
27-1279	pause_message	Did you get your powers back?	ได้พลังคืนมาแล้วเหรอ?
27-1280	pause_message	(No response...)	(ไม่มีคำตอบ...)
27-1281	pause_message	(I know she suggested that we stay away from each other, but... I'll try contacting her again later.)	(รู้ว่าเธอบอกให้เราห่างกันไว้ก่อน แต่... เดี๋ยวผมจะลองติดต่อเธออีกทีทีหลัง)
27-1282	pause_message	Amane-san. How's everything lately?	อามาเนะซัง ช่วงนี้เป็นยังไงบ้าง?
27-1283	pause_message	(Really? She still won't talk to me?)	(จริงเหรอเนี่ย? เธอยังไม่ยอมคุยกับผมอีกเหรอ?)
27-1284	pause_message	Amane-san?	อามาเนะซัง?
27-1285	pause_message	Is everything okay?	ทุกอย่างโอเคไหม?
27-1286	pause_message	I noticed you haven't said anything.	ผมสังเกตว่าคุณไม่พูดอะไรเลย
27-1287	pause_message	(Damn. She's really walled herself off...)	(บ้าเอ๊ย เธอปิดตัวเองจริงๆ ด้วย...)
27-1288	pause_message	I noticed you haven't been responding, and I understand why. All I want to know is that you're okay.	ผมสังเกตว่าคุณไม่ตอบกลับมาเลย ผมเข้าใจเหตุผลนะ แค่อยากรู้ว่าคุณสบายดีก็พอ
27-1289	pause_message	Please. I just want to make sure nothing bad's happened to you.	ขอร้องล่ะ ผมแค่อยากมั่นใจว่าไม่มีอะไรร้ายๆ เกิดขึ้นกับคุณ
27-1290	pause_message	I've been worried.	ผมเป็นห่วงมาตลอดเลยนะ
27-1291	pause_message	Amane-san!	อามาเนะซัง!
27-1292	pause_message	Are you okay?	เป็นอะไรมั้ย?
27-1293	pause_message	Can we talk now?	ตอนนี้คุยกันได้ไหม?
27-1294	pause_message	Meet me at the usual spot, then? The bowling place by Theater Square?	งั้นมาเจอกันที่เดิมไหม? ร้านโบว์ลิ่งแถวเธียเตอร์สแควร์น่ะ?
27-1295	pause_message	(I'm glad that I at least got something out of her. Hopefully she shows up...)	(ดีใจที่อย่างน้อยก็ได้คำตอบจากเธอบ้าง หวังว่าเธอจะมานะ...)
27-1296	pause_message	(Should I invite Tsumugi-san out on a date?)	(ควรชวนสึมุกิซังออกเดตดีไหมนะ?)
27-1297	pause_message	Tsumugi-san, are you free?	สึมุกิซัง ว่างไหม?
27-1298	pause_message	If it's for you, then certainly. <symbol=message_happy1>	ถ้าเป็นคุณล่ะก็ ได้เลยค่ะ <symbol=message_happy1>
27-1299	pause_message	Great. I'll meet you at Theater Square, then? In front of the bowling spot, as usual.	เยี่ยม งั้นเจอกันที่เธียเตอร์สแควร์นะ หน้าร้านโบว์ลิ่งเหมือนเดิม
27-1300	pause_message	Then I'll be there right away.	งั้นฉันจะไปที่นั่นเดี๋ยวนี้เลยค่ะ
27-1301	pause_message	(Oh, should I buy a present for Tsumugi-san before our date?)	(อ้อ ควรซื้อของขวัญให้สึมุกิซังก่อน เดตดีไหมนะ?)
27-1302	pause_message	I didn't realize you were so traditional. Very well, I shall wear it for you.	ไม่รู้เลยว่าคุณเป็นคนแบบ ดั้งเดิมขนาดนี้ ก็ได้ค่ะ ฉันจะใส่ให้คุณดูเอง
27-1303	pause_message	Thanks for coming out today, Amane-san. Let's hang out again soon.	ขอบคุณที่มาวันนี้นะ อามาเนะซัง ไว้มาเที่ยวด้วยกันอีกนะ
27-1304	pause_message	Hanging out, you say? Interesting. To me, it was all business.	เที่ยวด้วยกันเหรอคะ? น่าสนใจดีนะคะ สำหรับฉันแล้วมันคือเรื่องธุรกิจล้วนๆ ค่ะ
27-1305	pause_message	Ah. I'll keep that in mind.	อ้อ ผมจะจำไว้
27-1306	pause_message	Talk to you later, then.	แล้วคุยกันใหม่นะ
27-1307	pause_message	We talked about meeting up the other day, but are you available right now?	เมื่อวันก่อนเราคุยกันเรื่องนัดเจอกัน ตอนนี้คุณว่างไหม?
27-1308	pause_message	Yes! Absolutely.	ค่ะ! ว่างแน่นอนค่ะ
27-1309	pause_message	Cool. Then let's meet up at Theater Square.	เยี่ยม งั้นไปเจอกันที่เธียเตอร์สแควร์นะ
27-1310	pause_message	Sure, now's a good time!	ได้ค่ะ ตอนนี้เวลาดีเลยค่ะ!
27-1311	pause_message	Excellent! I look forward to seeing you.	เยี่ยมเลยค่ะ! รอเจอคุณอยู่นะคะ
27-1312	pause_message	You said you wanted to talk? I'm free now if you are.	คุณบอกว่าอยากคุยด้วยเหรอ? ตอนนี้ผมว่างถ้าคุณว่างเหมือนกัน
27-1313	pause_message	Nasugawa	นาสึกาวะ
27-1314	pause_message	Yagami-san, the route I took today was...	ยากามิซังครับ เส้นทางที่ผมเดินวันนี้คือ...
27-1315	pause_message	I started by walking all the way down Tenkaichi Street, and at the end I made a right...	ผมเริ่มเดินไปตามถนนเทนไคจิจนสุดทาง แล้วก็เลี้ยวขวาตรงปลายทาง...
27-1316	pause_message	Then I stopped at M Side Cafe. After that, I went down Theater Avenue, passed the Batting Center, and arrived at work.	จากนั้นผมแวะที่เอ็ม ไซด์ คาเฟ่ แล้วก็เดินลงไปตามเธียเตอร์อเวนิว ผ่านศูนย์ฝึกตี แล้วก็มาถึงที่ทำงาน
27-1317	pause_message	Got it. I'll go search that route.	เข้าใจแล้ว ผมจะไปตามหาเส้นทางนั้นดู
27-1318	pause_message	Hey, I got your package.	เฮ้ สึคุโมะ ผมได้พัสดุของนายมาแล้ว
27-1319	pause_message	Thanks a ton! Can you swing it by Mantai?	ขอบใจมากเลย! ช่วยเอาไปแวะที่มันไทให้หน่อยได้ไหม?
27-1320	pause_message	On my way.	กำลังไป
27-1321	pause_message	Bad news, Yagami-san! One of the Keihin Gang leaders is looking for you... and he brought his posse with him!	ข่าวร้ายเลยครับ ยากามิซัง! หัวหน้าคนหนึ่งของแก๊งเคฮิน ตามหาคุณอยู่... แล้วเขายังพาพรรคพวกมาด้วย!
27-1322	pause_message	Eventually they got fed up with waiting for you to appear, so they decided to rough up everyone in the vicinity instead! Please put a stop to their wanton violence!	สุดท้ายพวกเขาก็ทนรอคุณไม่ไหว เลยหันมาซัดทุกคนแถวนั้นแทน! ช่วยหยุดความรุนแรงที่ไม่เลือก หน้าของพวกเขาทีเถอะครับ!
27-1323	pause_message	Help! One of the Keihin Gang leaders rounded up a bunch of goons and started wreaking havoc in the streets!	ช่วยด้วยครับ! หัวหน้าคนหนึ่งของแก๊งเคฮินรวบ รวมพวกอันธพาลมา ก่อความวุ่นวายบนถนน!
27-1324	pause_message	None of them will quit until they find you, so please! Don't let any more people get hurt!	พวกเขาจะไม่มีทางเลิกจนกว่าจะเจอคุณ ขอร้องล่ะครับ! อย่าปล่อยให้มีคนบาดเจ็บเพิ่มอีกเลย!
27-1325	pause_message	Look out, Yagami-san! One of the leaders for the Keihin Gang brought his men to come after you!	ระวังตัวด้วยนะครับ ยากามิซัง! หัวหน้าคนหนึ่งของแก๊งเคฮินพา ลูกน้องมาตามล่าคุณ!
27-1326	pause_message	And you know what they did? They beat my friend black and blue, all because he said he might've seen you!	แล้วรู้ไหมครับว่าพวกเขาทำอะไร? พวกเขาซ้อมเพื่อนผมจนเขียวช้ำไปหมด แค่เพราะเขาบอกว่าอาจจะเคยเห็นคุณ!
27-1327	pause_message	Please, is there anything you can do to help!?	ได้โปรดเถอะครับ มีอะไรที่คุณพอจะช่วยได้บ้างไหม!?
27-1328	pause_message	Yagami-san, come quick! One of my friends got hurt really bad by a Keihin Gang leader who said he was looking for you!	ยากามิซัง มาเร็วเข้าครับ! เพื่อนผมคนหนึ่งโดนหัวหน้า แก๊งเคฮินทำร้ายสาหัส เขาบอกว่ากำลังตามหาคุณอยู่!
27-1329	pause_message	He's got his whole crew with him, so please be careful! But I believe in you! I believe you can save us!	เขาพาสมุนมาทั้งกลุ่มเลย ระวังตัวด้วยนะครับ! แต่ผมเชื่อในตัวคุณ! ผมเชื่อว่าคุณช่วยพวกเราได้ครับ!
27-1330	pause_message	Bad news, Yagami-san! The Keihin Gang is back to causing chaos in town!	ข่าวร้ายเลยครับ ยากามิซัง! แก๊งเคฮินกลับมาก่อความวุ่นวาย ในเมืองอีกแล้ว!
27-1331	pause_message	If you have the time, can you please help before someone gets hurt!?	ถ้ามีเวลา ช่วยไปจัดการก่อนที่จะมีใคร บาดเจ็บได้ไหมครับ!?
27-1332	pause_message	Good work, Yagami-san! Way to send those Keihin thugs packing!	เก่งมากครับ ยากามิซัง! ไล่พวกอันธพาลเคฮินกระเจิงไปได้เลย!
27-1333	pause_message	Everyone in town is practically cheering your name at this point.	ตอนนี้แทบทุกคนในเมืองเชียร์ ชื่อคุณกันเลยทีเดียวครับ
27-1334	pause_message	So, we decided to leave you a little token of our gratitude.	เราเลยตัดสินใจฝากของเล็กๆ น้อยๆ ไว้เป็นสัญลักษณ์ขอบคุณให้คุณครับ
27-1335	pause_message	Check the delivery box in front of your office! It should still be in there.	ลองเช็กกล่องรับพัสดุหน้าออฟฟิศ คุณดูสิครับ! น่าจะยังอยู่ในนั้น
27-1336	pause_message	Yagami-san, you made that Keihin leader look like a total sissy!	ยากามิซัง คุณทำให้หัวหน้าเคฮินคนนั้นดู ขี้ขลาดไปเลยครับ!
27-1337	pause_message	Now we finally can go about our business in peace. Thank you so much!	ในที่สุดพวกเราก็ได้ทำมาหากิน กันอย่างสงบสุขสักที ขอบคุณมากๆ เลยนะครับ!
27-1338	pause_message	By the way, I left you something in your delivery box right outside your office.	ว่าแต่ ผมฝากของบางอย่างไว้ในกล่องรับ พัสดุหน้าออฟฟิศคุณด้วยนะครับ
27-1339	pause_message	Please accept it along with my utmost gratitude!	รับไว้พร้อมกับความขอบคุณสุดใจ จากผมด้วยนะครับ!
27-1340	pause_message	Thanks for kicking those Keihin guys to the curb!	ขอบคุณที่ไล่พวกเคฮินให้พ้นทาง ไปเลยนะครับ!
27-1341	pause_message	You have no idea how grateful we are to see them gone...	คุณคงไม่รู้หรอกครับว่าพวกเรา ดีใจแค่ไหนที่เห็นพวกมัน ไปให้พ้น...
27-1342	pause_message	There should be a gift waiting for you in the delivery box right outside your office.	น่าจะมีของขวัญรออยู่ในกล่องรับ พัสดุหน้าออฟฟิศคุณนะครับ
27-1343	pause_message	I hope you find it useful!	หวังว่าจะเอาไปใช้ประโยชน์ได้นะครับ!
27-1344	pause_message	Way to go, Yagami-san! You practically made that Keihin Gang leader run away crying!	เก่งมากครับ ยากามิซัง! คุณแทบทำให้หัวหน้าแก๊งเคฮิน ร้องไห้หนีไปเลย!
27-1345	pause_message	It really feels good to have our old city back.	รู้สึกดีจริงๆ ครับที่ได้เมืองเก่าของเรากลับคืนมา
27-1346	pause_message	There should be something waiting for you in the delivery box right outside your office.	น่าจะมีอะไรบางอย่างรออยู่ใน กล่องรับพัสดุหน้าออฟฟิศคุณนะ ครับ
27-1347	pause_message	We all just felt the need to thank you for everything you've done for us!	พวกเราทุกคนแค่อยากขอบคุณสำหรับ ทุกอย่างที่คุณทำให้พวกเราครับ!
27-1348	pause_message	Apparently that Keihin Gang leader up and left town. But that doesn't change the fact that he injured a lot of good people. Including some of my dearest friends.	ได้ยินมาว่าหัวหน้าแก๊งเคฮินคน นั้นทิ้งเมืองไปแล้ว แต่นั่นก็ไม่ได้เปลี่ยนความจริง ที่ว่าเขาทำร้ายคนดีๆ ไปหลายคน รวมถึงเพื่อนสนิทของผมด้วยครับ
27-1349	pause_message	I thought you were gonna teach them a lesson. What gives?	นึกว่าคุณจะสั่งสอนพวกมันซะอีกครับ เกิดอะไรขึ้น?
27-1350	pause_message	So this Keihin leader just did whatever the hell he wanted and then decided to skip town. What a jackass.	สรุปหัวหน้าเคฮินคนนี้ทำตามใจ ตัวเองแล้วก็หนีออกจากเมืองไป เฉยๆ เนี่ยนะครับ ไอ้เวรจริงๆ
27-1351	pause_message	Wish I could've seen the look on his face when he realized the jig was up. Yagami-san, if you ever see him around again, make sure to show him who's boss!	อยากเห็นหน้าเขาตอนที่รู้ตัวว่า หมดเวลาแล้วจัง ยากามิซัง ถ้าเจอเขาอีกเมื่อไหร่ ต้องสั่งสอนให้รู้ว่าใคร เป็นใหญ่นะครับ!
27-1352	pause_message	So that Keihin leader and his cronies finally skipped town, but not before landing one of my friends in the hospital.	สุดท้ายหัวหน้าเคฮินกับพรรคพวก ก็หนีออกจากเมืองไปจนได้ แต่ก่อนหน้านั้นก็ทำให้เพื่อนผม คนหนึ่งต้องเข้าโรงพยาบาลครับ
27-1353	pause_message	No one had the courage or strength to stand up to them... but I believe you do.	ไม่มีใครกล้าหรือมีแรงพอจะ ลุกขึ้นสู้กับพวกมันเลยครับ... แต่ผมเชื่อว่าคุณทำได้
27-1354	pause_message	Guess that Keihin Gang leader went somewhere else to cause trouble. But at this point, the damage has already been done... Scores of innocent people are still left crying over their injuries as I send this.	คงจะเป็นว่าหัวหน้าแก๊งเคฮิน ย้ายไปก่อเรื่องที่อื่นแทน แต่ตอนนี้ความเสียหายก็เกิดขึ้นไปแล้ว... ผู้บริสุทธิ์อีกหลายคนยังคง ร้องไห้เพราะบาดแผล ของตัวเองอยู่ตอนที่ผมส่ง ข้อความนี้ครับ
27-1355	pause_message	Yagami-san, I think you should help out your fellow townspeople next time.	ยากามิซัง ผมว่าครั้งหน้าคุณน่าจะ ช่วยเหลือชาวเมืองด้วยกันบ้างนะ ครับ
27-1356	pause_message	Takayuki-san. Thank you so much for today. I had a wonderful time.	ทาคายูกิซังคะ ขอบคุณมากๆ สำหรับวันนี้นะคะ ฉันมีความสุขมากเลยค่ะ
27-1357	pause_message	I did too. Maybe we can hang out again soon?	ผมก็เหมือนกัน ว่างๆ มาเที่ยวด้วยกันอีกไหม?
27-1358	pause_message	That'd be great! There's so much I want to talk about with you...	เยี่ยมเลยค่ะ! มีเรื่องที่อยากคุยกับคุณเยอะเลย...
27-1359	pause_message	(Should I invite Sana-chan out?)	(ควรชวนซานะจังออกไปเที่ยวดีไหมนะ?)
27-1360	pause_message	(All right. Let's see what she says.)	(เอาล่ะ ลองดูว่าเธอจะว่ายังไง)
27-1361	pause_message	Sana-chan, are you free right now?	ซานะจัง ตอนนี้ว่างไหม?
27-1362	pause_message	I am! Wanna go somewhere?	ว่างค่ะ! ไปเที่ยวไหนกันดีคะ?
27-1363	pause_message	Yeah, let's meet up in front of Kamuro Theater.	ได้เลย ไปเจอกันหน้าโรงละครคามุโรนะ
27-1364	pause_message	(Hmm. Should I buy a present for Sana-chan before our date?)	(อืม ควรซื้อของขวัญให้ซานะจังก่อน เดตดีไหมนะ)
27-1365	pause_message	(I bet Le Marche has some good stuff.)	(เลอมาร์เช่คงมีของดี ๆ อยู่บ้างล่ะ)
27-1366	pause_message	We got cut off, but you all good?	สายหลุดไปเมื่อกี้ นายโอเคไหม?
27-1367	pause_message	I got in touch with Ayabe.	ฉันติดต่ออายาเบะได้แล้ว
27-1368	pause_message	He's scraping up what he can on the Mole thing.	เขากำลังพยายามขุดข้อมูลเรื่อง ไส้ศึกอยู่
27-1369	pause_message	Just sit tight 'til we hear back, cool?	รอเฉย ๆ ไปก่อนจนกว่าจะได้ข่าว โอเคไหม?
27-1370	pause_message	(Should I take Nanami out?)	(ควรชวนนานามิออกไปเที่ยวดีไหมนะ)
27-1371	pause_message	Take her out.	ชวนเธอออกไป
27-1372	pause_message	Take her nowhere.	ไม่ชวน
27-1373	pause_message	Hey, wanna meet up somewhere? That is, if you have time.	นี่ อยากไปเที่ยวด้วยกันไหม ถ้าคุณมีเวลานะ
27-1374	pause_message	I always have time for you.	ฉันมีเวลาให้คุณเสมอค่ะ
27-1375	pause_message	Then let's meet up at Theater Square. In front of our usual arcade.	งั้นไปเจอกันที่เธียเตอร์สแควร์นะ หน้าร้านเกมที่เราไปกันประจำ
27-1376	pause_message	Got it. I'll head over once I'm ready.	ได้ค่ะ เตรียมตัวเสร็จแล้วจะรีบไปเลย
27-1377	pause_message	(Oh, I know. I should buy her a present beforehand.)	(อ้อ ใช่สิ ควรซื้อของขวัญให้เธอไว้ก่อนดีกว่า)
27-1378	pause_message	(Le Marche should have just what I'm looking for.)	(เลอมาร์เช่น่าจะมีของที่กำลัง ตามหาอยู่พอดี)
27-1379	pause_message	Hey, remember that outfit I got you? Wanna wear that today?	นี่ จำชุดที่ผมซื้อให้ได้ไหม วันนี้อยากลองใส่ชุดนั้นไหม
27-1380	pause_message	Sure! I was struggling with my outfit today anyway.	ได้เลยค่ะ! เมื่อกี้กำลังคิดไม่ตกอยู่พอดี ว่าจะใส่ชุดไหนดี
27-1381	pause_message	Thanks for coming out with me today. I had a great time with you.	ขอบคุณที่ออกมาเที่ยวด้วยกันวันนี้นะ วันนี้สนุกมากเลย
27-1382	pause_message	As did I. Invite me out again sometime, okay?	ฉันก็เหมือนกันค่ะ ชวนออกไปเที่ยวอีกนะคะ
27-1383	pause_message	Sure. Let's keep in touch.	ได้เลย ไว้ติดต่อกันนะ
27-1384	pause_message	Definitely!	แน่นอน!
27-1385	pause_message	Nanami-san. Thanks for helping out with the investigation today.	นานามิซัง ขอบคุณที่ช่วยเรื่องสืบสวน วันนี้นะครับ
27-1386	pause_message	I did not.	ผมไม่ได้ทำ
27-1387	pause_message	Well, when you find out what happens, please let me know!	ถ้ารู้ผลเป็นยังไงแล้วบอกฉันด้วยนะคะ!
27-1388	pause_message	Yukko-san. About that plan we talked about...	ยุกโกะซัง เรื่องแผนที่เราคุยกันไว้...
27-1389	pause_message	Oh, the fake investigation? Are you finally up to the task?	อ๋อ เรื่องสืบสวนปลอม ๆ นั่นเหรอ ในที่สุดก็พร้อมลุยแล้วสินะ?
27-1390	pause_message	Yeah, let's do it.	เอาสิ ลุยเลย
27-1391	pause_message	Actually, no.	ที่จริงไม่ล่ะ
27-1392	pause_message	Yeah. That seems to be the only way to go about it.	ใช่ ดูเหมือนจะเป็นทางเดียวที่ทำได้จริง ๆ
27-1393	pause_message	Now that's what I'm talking about!	นั่นแหละ! ที่ฉันอยากได้ยิน!
27-1394	pause_message	All you have to do is invite Nanami out and let me know in advance!	แค่ชวนนานามิออกไปเที่ยว แล้วบอกฉันล่วงหน้าก็พอ!
27-1395	pause_message	Gosh, you're so indecisive!	โธ่ ทำไมตัดสินใจไม่ได้สักทีเลย!
27-1396	pause_message	Well, let me know if you ever change your mind.	เอาเถอะ ถ้าเปลี่ยนใจเมื่อไหร่บอกฉันด้วยนะ
27-1397	pause_message	(All right. Time to enact the plan.)	(เอาล่ะ ได้เวลาลงมือตามแผนแล้ว)
27-1398	pause_message	Hello there.	สวัสดี
27-1399	pause_message	Hello there yourself! How are you?	สวัสดีค่ะ เป็นไงบ้าง?
27-1400	pause_message	Listen to your conscience.	ฟังเสียงในใจตัวเอง
27-1401	pause_message	Hey, Nanami-san. If you're free right now, wanna meet up somewhere?	นี่ นานามิซัง ถ้าตอนนี้ว่างอยู่ อยากไปเจอกันไหม
27-1402	pause_message	Yes! Definitely!	ค่ะ! แน่นอน!
27-1403	pause_message	Where to?	จะไปไหนล่ะ?
27-1404	pause_message	I think Theater Square would be the easiest place.	คิดว่าเธียเตอร์สแควร์น่าจะสะดวกสุดนะ
27-1405	pause_message	You're right. Let's meet there, then.	จริงด้วยค่ะ งั้นไปเจอกันที่นั่นนะคะ
27-1406	pause_message	I'm looking forward to it.	ผมรอไม่ไหวแล้วนะ
27-1407	pause_message	Me too!	เหมือนกัน!
27-1408	pause_message	Hey, Nanami-san. Are you and Yukko free right now? I'd be down to hang out if you are.	นี่ นานามิซัง ตอนนี้คุณกับยุกโกะว่างไหม ถ้าว่างผมอยากไปเที่ยวด้วยนะ
27-1409	pause_message	Yeah, I am actually! I think Yukko should be as well.	ว่างค่ะพอดี! คิดว่ายุกโกะก็น่าจะว่างเหมือนกัน
27-1410	pause_message	Glad to hear that. Let's meet up at Theater Square then.	ดีเลย งั้นไปเจอกันที่เธียเตอร์สแควร์นะ
27-1411	pause_message	(Wait, this would be a bad time to call her.\nBetter wait until I'm alone in the office.)	(เดี๋ยวก่อน ตอนนี้คงไม่ใช่เวลาที่เหมาะจะโทรหาเธอ\nรอจนกว่าจะได้อยู่คนเดียวใน ออฟฟิศดีกว่า)
27-1412	pause_message	Really!? Me too! Can I head over to your office, then?	จริงเหรอ!? เหมือนกันเลย! งั้นขอไปที่ออฟฟิศได้ไหมคะ?
27-1413	pause_message	Yeah. I'll be here.	ได้เลย ผมอยู่ที่นี่แหละ
27-1414	pause_message	(Nah, sounds like has something important to talk about. Now's not the time to be making wardrobe requests.)	(ไม่สิ ท่าทางเหมือนเธอจะมีเรื่องสำคัญ จะคุยด้วย ตอนนี้ไม่ใช่เวลามาขอให้แต่งตัวหรอก)
27-1415	mission_mission_kind	Eliminate the Attackers	กำจัดผู้บุกโจมตี
27-1416	mission_mission_kind	Defend Yourself	ป้องกันตัวเอง
27-1417	mission_mission_kind	These guys are a real thorn in my side. Not much choice but to fight them, though.	พวกนี้เป็นหนามยอกอกผมจริงๆ แต่ก็ไม่มีทางเลือกอื่นนอกจาก ต้องสู้กับพวกมัน
27-1418	mission_mission_kind	Head to Club Amour	ไปที่คลับอามูร์
27-1419	mission_mission_kind	This is where Hamura abducted Kume on the night of the murder. It should be on Suppon Street.	ที่นี่คือจุดที่ฮามุระลักพาตัว คุเมะไปในคืนเกิดเหตุฆาตกรรม น่าจะอยู่แถวถนนซุปปอน
27-1420	mission_mission_kind	Capture the Horseplayer Detective	จับกุมนักสืบนักพนันม้า
27-1421	mission_mission_kind	Defeat the Horseplayer Detective	เอาชนะนักสืบนักพนันม้า
27-1422	mission_mission_kind	This guy doesn't give up, does he? Guess I'll have to twist his arm.	ไอ้นี่ไม่ยอมแพ้ง่ายๆ เลยสินะ ท่าทางต้องบีบให้มันยอมพูดซะแล้ว
27-1423	mission_mission_kind	Defeat the Thugs	เอาชนะพวกนักเลง
27-1424	mission_mission_kind	This is a lot of crap, huh? Fine, have it your way!	เยอะแยะไปหมดเลยนะเนี่ย งั้นก็ได้ เอาแบบนั้นก็เอา!
27-1425	mission_mission_kind	Defeat Murase	เอาชนะมุราเสะ
27-1426	mission_mission_kind	He's one of the few people who knows what really happened. I'm gonna talk to him, one way or another.	เขาเป็นหนึ่งในไม่กี่คนที่รู้ ว่าเกิดอะไรขึ้นจริงๆ ยังไงผมก็ต้องคุยกับเขาให้ได้
27-1427	mission_mission_kind	Chase the Masked Man	ไล่ตามชายสวมหน้ากาก
27-1428	mission_mission_kind	Hey asshole, that's my phone! I need it!	เฮ้ ไอ้เวร นั่นมือถือของผมนะ! ผมต้องใช้มัน!
27-1429	mission_mission_kind	I'm counting on you, Kaito-san...	ฝากด้วยนะครับ ไคโตะซัง...
27-1430	mission_mission_kind	Defeat the Clerk	เอาชนะพนักงาน
27-1431	mission_mission_kind	He has the nerve to punch a customer? I see why this place is dead.	กล้าชกลูกค้าเลยเหรอเนี่ย? เข้าใจแล้วว่าทำไมร้านนี้ถึงซบเซา
27-1432	mission_mission_kind	Defeat the Homeless Men	เอาชนะคนไร้บ้าน
27-1433	mission_mission_kind	Is there a reason for this!? What's he hiding about Red Nose!?	มันมีเหตุผลอะไรกันแน่!? เขาปิดบังอะไรเรื่องจมูกแดงกันแน่!?
27-1434	mission_mission_kind	Defeat Higashi	เอาชนะฮิงาชิ
27-1435	mission_mission_kind	Did Higashi really murder Red Nose? But if it's gotta come to this, then we're not gonna lie down and die!	ฮิงาชิฆ่าจมูกแดงจริงๆ เหรอ? แต่ถ้ามันต้องจบแบบนี้ ผมก็จะไม่ยอมนอนรอตายง่ายๆ หรอก!
27-1436	mission_mission_kind	Defeat Shioya	เอาชนะชิโอยะ
27-1437	mission_mission_kind	I didn't expect to reel in the Kyorei Clan's captain, but that was a tight spot. I'll get answers after I crush these guys.	ไม่คิดเลยว่าจะได้เจอ กัปตันตระกูลเคียวเรอิ แต่นั่นก็หวุดหวิดเอาเรื่องเหมือนกัน เดี๋ยวจัดการพวกนี้ให้เรียบร้อย ก่อนแล้วค่อยเอาคำตอบ
27-1438	mission_mission_kind	Chase the Mysterious Person	ไล่ตามบุคคลปริศนา
27-1439	mission_mission_kind	Why eavesdrop on me? I better chase after him!	แอบดักฟังผมทำไม? ต้องรีบไล่ตามไปดีกว่า!
27-1440	mission_mission_kind	Terasawa-san, a nurse from the ADDC? Why would she be eavesdropping!? But I'm not a groper, c'mon!	เทราซาวะซัง พยาบาลจาก ADDC เนี่ยนะ? ทำไมเธอถึงมาดักฟังผม!? แต่ผมไม่ใช่คนลวนลามนะ ไม่เอาน่า!
27-1441	mission_mission_kind	Defeat the Mysterious Men	เอาชนะกลุ่มบุคคลปริศนา
27-1442	mission_mission_kind	I don't know where these guys are from, but Mafuyu is in danger! Outta my way!	ไม่รู้ว่าพวกนี้มาจากไหน แต่มาฟุยุกำลังตกอยู่ในอันตราย! หลบไปให้พ้นทาง!
27-1443	mission_mission_kind	How dare he hit a woman!? I'm gonna hit him back for both of us!	กล้าดียังไงถึงตีผู้หญิง!? ผมจะตีกลับแทนทั้งสองคนเลย!
27-1444	mission_mission_kind	Raid Honmaruen	บุกฮนมารุเอ็น
27-1445	mission_mission_kind	I don't care if it's Murase or Shioya. I'll crush anyone here!	จะมุราเสะหรือชิโอยะผมก็ไม่สน จัดการทุกคนที่นี่ให้หมด!
27-1446	mission_mission_kind	Defeat the Matsugane Family	เอาชนะตระกูลมัตสึกาเนะ
27-1447	mission_mission_kind	Now that we know the Kyorei Clan and Kajihira are connected, of course the Matsugane Family wants me dead. It's too complicated!	ตอนนี้รู้แล้วว่า ตระกูลเคียวเรอิกับคาจิฮิระมี สายสัมพันธ์กัน แน่นอนว่าตระกูลมัตสึกาเนะต้อง อยากให้ผมตาย มันซับซ้อนเกินไปแล้ว!
27-1448	mission_mission_kind	Defeat the Yakuza	เอาชนะยากูซ่า
27-1449	mission_mission_kind	Running shakedowns in broad daylight? Pretty bold yakuza, if you ask me. I'll clear a path.	รีดไถกันกลางวันแสกๆ เลยเหรอ ยากูซ่าพวกนี้กล้าไม่เบาเลยนะ ถ้าถามผม เดี๋ยวเปิดทางให้เอง
27-1450	mission_mission_kind	Defeat Sakakiba	เอาชนะซากากิบะ
27-1451	mission_mission_kind	What a character. But I wonder if his belly gets cold, hanging out like that? Think I could bribe him to stop this with a meal?	ตัวประหลาดจริงๆ แต่สงสัยว่าเปิดพุงโล้นแบบนั้น จะไม่หนาวเหรอ คิดว่าถ้าติดสินบนด้วยมื้ออาหาร จะหยุดเรื่องนี้ได้ไหมนะ?
27-1452	mission_mission_kind	I appreciate the warning, Matsugane-san. But this is too important to quit now. Sorry!	ขอบคุณที่เตือนนะครับ มัตสึกาเนะซัง แต่เรื่องนี้สำคัญเกินกว่าจะ หยุดตอนนี้ ขอโทษด้วยครับ!
27-1453	mission_mission_kind	Defeat Hamura	เอาชนะฮามุระ
27-1454	mission_mission_kind	He's not getting away this time! He's gonna spill everything!	รอบนี้เขาหนีไปไม่ได้แน่! เขาต้องพูดทุกอย่างออกมา!
27-1455	mission_mission_kind	Defeat the Mysterious Assassin	เอาชนะนักฆ่าปริศนา
27-1456	mission_mission_kind	So he's coming straight at me, huh? He's different somehow!	งั้นเขาพุ่งเข้ามาหาผมตรงๆ เลยสินะ? เขาดูแปลกไปจากที่เจอมายังไงก็ไม่รู้!
27-1457	mission_mission_kind	Defeat the Guards	เอาชนะยาม
27-1458	mission_mission_kind	What's up with this thug? And here I was thinking I'd have to hold back.	ไอ้นักเลงนี่มันเป็นอะไรกันเนี่ย? นึกว่าต้องออมมือซะอีก
27-1459	mission_mission_kind	Capture Shono	จับกุมโชโนะ
27-1460	mission_mission_kind	Got you, Shono! You're gonna talk!	ได้ตัวแล้วนะ โชโนะ! นายต้องพูดออกมา!
27-1461	mission_mission_kind	Chase Higashi	ไล่ตามฮิงาชิ
27-1462	mission_mission_kind	He noticed me!? I can't lose sight of him, though!	เขาสังเกตเห็นผมแล้ว!? แต่ห้ามคลาดสายตาจากเขาเด็ดขาด!
27-1463	mission_mission_kind	Remind me why I had to be the bait if this was how it was going to turn out, Kaito-san? Oh well. These guys probably know where Hamura is!	ช่วยบอกทีว่าทำไมผมต้องเป็นเหยื่อล่อ ถ้าสุดท้ายมันจะจบแบบนี้ ไคโตะซัง? ช่างเถอะ พวกนี้น่าจะรู้ว่าฮามุระอยู่ไหน!
27-1464	mission_mission_kind	Break through the Matsugane Family	ฝ่าวงล้อมตระกูลมัตสึกาเนะ
27-1465	mission_mission_kind	They're not the family I knew anymore. I need to get Matsugane-san out of here before the place burns down!	พวกนี้ไม่ใช่ตระกูลที่ผมรู้จัก อีกต่อไปแล้ว ต้องรีบพามัตสึกาเนะซังออกไปจาก ที่นี่ก่อนที่ทุกอย่างจะพังราบ!
27-1466	mission_mission_kind	Defeat Koga	เอาชนะโคกะ
27-1467	mission_mission_kind	At least he's willing to listen to reason. But it's not like that stops him, so I guess I'll have to kick his ass.	อย่างน้อยเขาก็ยังฟังเหตุผลอยู่บ้าง แต่นั่นก็ไม่ได้แปลว่าจะหยุดเขาได้ ท่าทางต้องซัดให้เข็ดซะแล้ว
27-1468	mission_mission_kind	Defeat Kido	เอาชนะคิโดะ
27-1469	mission_mission_kind	I guess I should've expected that he'd have bodyguards. He's no fool. But I need him to be still be able to talk.	น่าจะเดาได้อยู่แล้วว่าเขา ต้องมีบอดี้การ์ด เขาไม่ใช่คนโง่ แต่ผมต้องการให้เขายังพูดได้อยู่
27-1470	mission_mission_kind	Defeat the Love Hotel Guards	เอาชนะยามเลิฟโฮเทล
27-1471	mission_mission_kind	Bingo. This is the place. Now to force my way through.	ใช่เลย ที่นี่แหละ ทีนี้ก็ฝ่าเข้าไปเท่านั้น
27-1472	mission_mission_kind	Find the Secret Lab	ตามหาห้องแล็บลับ
27-1473	mission_mission_kind	Shono's lab is in here somewhere, I know it! And that's gonna give me all the proof about human experimentation I need!	แล็บของโชโนะต้องอยู่แถวนี้แน่ๆ ผมรู้! และมันจะให้หลักฐานเรื่อง การทดลองกับมนุษย์ที่ผมต้องการ ทั้งหมด!
27-1474	mission_mission_kind	Head to the Children's Park	ไปที่สวนเด็ก
27-1475	mission_mission_kind	I can't believe we got attacked out in the open... These guys are getting desperate, huh?	ไม่อยากเชื่อเลยว่าเราจะโดน โจมตีแบบซึ่งๆ หน้า... พวกนี้เริ่มถังแตกกันแล้วสินะ?
27-1476	mission_mission_kind	I understand wanting to avenge Matsunage-san, but the Mole needs to be tried. The rest is on me!	ผมเข้าใจนะที่อยากแก้แค้นให้ มัตสึกาเนะซัง แต่ไส้ศึกต้องถูกนำตัวขึ้นศาล ที่เหลือปล่อยให้เป็นหน้าที่ผม!
27-1477	mission_mission_kind	Defeat Kuroiwa	เอาชนะคุโรอิวะ
27-1478	mission_mission_kind	I didn't figure he'd be this bold. But I've had enough, already. I'd be glad to kick ass here and then in court!	ไม่คิดเลยว่าเขาจะกล้าขนาดนี้ แต่ผมทนพอแล้ว ยินดีจะจัดการที่นี่ก่อน แล้วค่อยไปสู้กันในศาลต่อ!
27-1479	mission_mission_kind	Step into the Back Alley	ก้าวเข้าไปในตรอกหลังร้าน
27-1480	mission_mission_kind	Looks like the detective had money after all. Guess it's time to collect.	ดูเหมือนนักสืบคนนี้จะมีเงินจริงๆ ด้วย ได้เวลาเก็บเงินแล้วสินะ
27-1481	mission_mission_kind	Buy a Gift for the Office	ซื้อของฝากให้สำนักงาน
27-1482	mission_mission_kind	If I want Genda-sensei to give me some work, I better appeal to his sweet tooth. There's a convenience store right over on Tenkaichi Street.	ถ้าอยากให้อาจารย์เก็นดะยื่นงานให้ทำ ต้องเอาใจเรื่องของหวานของเขาก่อน มีร้านสะดวกซื้ออยู่แถว ถนนเทนไคจินี่เอง
27-1483	mission_mission_kind	Head to Genda Law Office	ไปที่สำนักงานกฎหมายเก็นดะ
27-1484	mission_mission_kind	Let's hit up the old office.	ไปแวะที่สำนักงานเก่ากันดีกว่า
27-1485	mission_mission_kind	Inquire About a Job	สอบถามเรื่องงาน
27-1486	mission_mission_kind	I can't believe how fast she... Oh well. I'll ask Genda-sensei if he's got any work.	ไม่อยากเชื่อเลยว่าเธอจะเร็วขนาดนั้น... ช่างเถอะ ไปถามอาจารย์เก็นดะดีกว่าว่ามี งานให้ทำไหม
27-1487	mission_mission_kind	Head to Tender	ไปที่เทนเดอร์
27-1488	mission_mission_kind	I haven't had to deal with a murder in a while. I'll meet Shintani at Tender.	ไม่ได้เจอคดีฆาตกรรมมาพักใหญ่แล้ว จะไปพบชินทานิที่เทนเดอร์
27-1489	mission_mission_kind	Head to the Kamurocho PD Station	ไปที่สถานีตำรวจคามุโรโจ
27-1490	mission_mission_kind	Captain Hamura got arrested? I better see what's up. I'll take a taxi to the station.	กัปตันฮามุระถูกจับเหรอ? ต้องไปดูให้รู้เรื่องซะหน่อย เรียกแท็กซี่ไปที่สถานีตำรวจดีกว่า
27-1491	mission_mission_kind	Investigate Sauna Goten	สืบสวนซาวน่าโกเท็น
27-1492	mission_mission_kind	Hamura says he was at Sauna Goten on the night of the murder. Let's see if his alibi holds water...	ฮามุระบอกว่าคืนเกิดเหตุฆาตกรรม เขาอยู่ที่ซาวน่าโกเท็น ลองดูกันว่าพยานที่อยู่ของเขาจะ ฟังขึ้นหรือเปล่า...
27-1493	mission_mission_kind	Rest up at Yagami Detective Agency	พักผ่อนที่สำนักงานนักสืบยากามิ
27-1494	mission_mission_kind	Whew, busy day. I should head back to my office.	โห วันนี้ยุ่งจริงๆ ต้องกลับไปที่สำนักงานแล้วล่ะ
27-1495	mission_mission_kind	Head to Café Mijore	ไปที่คาเฟ่มิโจเระ
27-1496	mission_mission_kind	Café Mijore is on the second floor of a building on Nakamichi Street. Shintani can get testy if you keep him waiting...	คาเฟ่มิโจเระอยู่ชั้นสองของตึก บนถนนนากามิจิ ชินทานิอาจหงุดหงิดได้ถ้าปล่อย ให้รอนาน...
27-1497	mission_mission_kind	Head to KJ Art	ไปที่ KJ Art
27-1498	mission_mission_kind	KJ Art is on Senryo Avenue? To think a Kansai operation would set up shop right under the Tojo Clan's nose... Hope it doesn't lead to war.	KJ Art อยู่บนถนนเซ็นเรียวเหรอ? ไม่คิดเลยว่าองค์กรจากคันไซจะ กล้ามาเปิดร้านอยู่ใต้ จมูกตระกูลโทโจขนาดนี้... หวังว่าจะไม่ลุกลามเป็นสงคราม
27-1499	mission_mission_kind	Destroy the Heater Unit	ทำลายเครื่องทำความร้อน
27-1500	mission_mission_kind	I've gotta destroy the heater so I can sneak in and repair it. When did I become such a scam artist?	ต้องทำลายเครื่องทำความร้อนก่อน จะได้แอบเข้าไปซ่อมได้ ตั้งแต่เมื่อไหร่กันที่ผม กลายเป็นนักต้มตุ๋นไปแล้วเนี่ย?
27-1501	mission_mission_kind	Meet Kaito	ไปพบไคโตะ
27-1502	mission_mission_kind	Great eye, Kaito. I should hurry to his position.	สายตาดีมากไคโตะ ต้องรีบไปที่จุดที่เขาอยู่แล้ว
27-1503	mission_mission_kind	Obtain a Handyman Disguise	หาชุดปลอมตัวเป็นช่างซ่อม
27-1504	mission_mission_kind	Don Quijote probably has some generic handyman clothes.	Don Quijote น่าจะมีชุดช่างซ่อมทั่วไปขาย
27-1505	mission_mission_kind	I've got everything I need. I'll meet up with Kaito-san on top of the building on Senryo Avenue.	ได้ของครบตามที่ต้องการแล้ว จะไปพบไคโตะซังบนดาดฟ้าตึกที่ ถนนเซ็นเรียว
27-1506	mission_mission_kind	Find the Man Who Posted	ตามหาชายที่โพสต์
27-1507	mission_mission_kind	The guy who posted about the owner of Amour is apparently on Tenkaichi Street. I better see this with my own eyes.	คนที่โพสต์เรื่องเจ้าของอามูร์ ดูเหมือนจะอยู่แถวถนนเทนไคจิ ต้องไปดูให้เห็นกับตาตัวเองซะหน่อย
27-1508	mission_mission_kind	Go to a Sushi Place on Taihei Boulevard	ไปที่ร้านซูชิบนถนนไทเฮ
27-1509	mission_mission_kind	He really was there... Amazing. The owner of Amour is apparently at a sushi restaurant on Taihei Boulevard. I better move it.	เขาอยู่ที่นั่นจริงๆ ด้วย... เหลือเชื่อ เจ้าของอามูร์ดูเหมือนจะอยู่ที่ ร้านซูชิบนถนนไทเฮ ต้องรีบไปแล้ว
27-1510	mission_mission_kind	Hamura wasn't at Amour when Kume was murdered. Now if I can prove his alibi that he was at the sauna... But that's for another day.	ฮามุระไม่ได้อยู่ที่อามูร์ ตอนที่คุเมะถูกฆ่า ทีนี้ถ้าผมพิสูจน์ได้ว่าเขาอยู่ ที่ซาวน่าจริงตามพยานที่อยู่... แต่นั่นก็ต้องไว้วันหลังแล้วล่ะ
27-1511	mission_mission_kind	Report to Shintani	รายงานต่อชินทานิ
27-1512	mission_mission_kind	I need to let Shintani know about Murase's statement. I'll meet him at Genda Law Office.	ต้องแจ้งให้ชินทานิรู้เรื่อง คำให้การของมุราเสะ จะไปพบเขาที่สำนักงานกฎหมายเก็นดะ
27-1513	mission_mission_kind	Defeat the Kyorei Clan	เอาชนะตระกูลเคียวเรอิ
27-1514	mission_mission_kind	Just when we were getting to the good part! And dude, the streets are no place for that katana!	เพิ่งจะเข้าเรื่องเข้มข้นแท้ๆ! แล้วนี่ ถนนแบบนี้ไม่ใช่ที่ที่จะแบกดาบ ซามูไรออกมาป้วนเปี้ยนนะ!
27-1515	mission_mission_kind	Why would the Kyorei Clan stoop this low!? I've gotta rescue Seiya's younger sister!	ทำไมตระกูลเคียวเรอิถึงต่ำช้า ได้ขนาดนี้!? ผมต้องไปช่วยน้องสาวของเซยะ!
27-1516	mission_mission_kind	Meet up with Kaito	ไปพบไคโตะ
27-1517	mission_mission_kind	The Kyorei Clan is probably expecting us. I should plan things out with Kaito-san.	ตระกูลเคียวเรอิคงคาดหวังว่าเรา จะไปแน่ๆ ผมควรวางแผนร่วมกับไคโตะซังก่อน
27-1518	mission_mission_kind	Find the Kyushu No. 1 Star Security Camera	ตามหากล้องวงจรปิดของ คิวชูนัมเบอร์วันสตาร์
27-1519	mission_mission_kind	When Kume was murdered, Hamura was assaulting Seiya in Pink Alley near Kyushu No. 1 Star. That's the proof I need!	ตอนที่คุเมะถูกฆ่า ฮามุระกำลังทำร้ายเซยะอยู่ใน ตรอกพิงก์ใกล้ คิวชูนัมเบอร์วันสตาร์ นั่นแหละคือหลักฐานที่ผมต้องการ!
27-1520	mission_mission_kind	Return to Yagami Detective Agency	กลับไปที่สำนักงานนักสืบยากามิ
27-1521	mission_mission_kind	Kaito-san called. He didn't say it was urgent, but I should see what's up at the office.	ไคโตะซังโทรมา เขาไม่ได้บอกว่าด่วน แต่ผมก็ควรไปดูว่ามีอะไร เกิดขึ้นที่สำนักงาน
27-1522	mission_mission_kind	Wait for Shintani to Call	รอสายจากชินทานิ
27-1523	mission_mission_kind	Shintani is making arrangements to visit Hamura. Guess I'll kill time till he calls...	ชินทานิกำลังจัดการเรื่องขอเข้า เยี่ยมฮามุระอยู่ เดี๋ยวฆ่าเวลาไปก่อนจนกว่าเขาจะโทรมา...
27-1524	mission_mission_kind	The meeting with Hamura is set. I'll catch a cab to the station.	นัดเข้าเยี่ยมฮามุระเรียบร้อยแล้ว จะเรียกแท็กซี่ไปที่สถานีตำรวจ
27-1525	mission_mission_kind	Damn, I've hit a wall here. But apparently a cop named Ayabe has been leaking intel? Maybe I'll find him at Tender.	บ้าเอ๊ย ตันตรงนี้แหละ แต่ดูเหมือนจะมีตำรวจชื่อ อายาเบะแอบขายข้อมูล? ลองไปหาที่เทนเดอร์ดูดีกว่า
27-1526	mission_mission_kind	Head to Stardust	ไปที่สตาร์ดัสต์
27-1527	mission_mission_kind	Hamura clocked some host on the night of the murder! Maybe he can prove Hamura's alibi. Stardust is on Tenkaichi Street.	คืนเกิดเหตุฆาตกรรม ฮามุระต่อยโฮสต์คนนึงไว้! บางทีเขาอาจพิสูจน์ พยานที่อยู่ของฮามุระได้ สตาร์ดัสต์อยู่บนถนนเทนไคจิ
27-1528	mission_mission_kind	Find the Woman Who Posted	ตามหาผู้หญิงที่โพสต์
27-1529	mission_mission_kind	Seiya is our host, but he's with a client. I'll have to find a woman who would go for Seiya.	เซยะคือโฮสต์ของเรา แต่ตอนนี้เขาติดลูกค้าอยู่ ต้องหาผู้หญิงที่จะไปหาเซยะให้เจอก่อน
27-1530	mission_mission_kind	Meet with Seiya	ไปพบเซยะ
27-1531	mission_mission_kind	He's at Kanrai on Shichifuku Street, huh? Just stay put, would you?	เขาอยู่ที่คันไรบนถนนชิจิฟุกุสินะ? อยู่เฉยๆ ตรงนั้นแหละนะ
27-1532	mission_mission_kind	Chase After Mafuyu	ไล่ตามมาฟุยุ
27-1533	mission_mission_kind	...I should walk Mafuyu back.	...ผมควรเดินไปส่งมาฟุยุ
27-1534	mission_mission_kind	Talk with Shintani	คุยกับชินทานิ
27-1535	mission_mission_kind	Hamura's been indicted... I should check with Shintani to see how he's going to proceed.	ฮามุระถูกฟ้องแล้ว... ผมควรไปคุยกับชินทานิว่าจะ ดำเนินการต่อยังไง
27-1536	mission_mission_kind	Head to Murase's Room	ไปที่ห้องของมุราเสะ
27-1537	mission_mission_kind	The disguise is perfect. I'll go in as a repairman and head for Murase's office.	ชุดปลอมตัวนี้เพอร์เฟกต์มาก จะเข้าไปในฐานะช่างซ่อมแล้ว มุ่งหน้าไปที่ห้องทำงานของ มุราเสะ
27-1538	mission_mission_kind	Rescue Seiya's Sister	ช่วยน้องสาวของเซยะ
27-1539	mission_mission_kind	Rescue Seiya's sister while Kaito distracts the Kyorei Clan!	ช่วยน้องสาวของเซยะออกมา ในขณะที่ไคโตะดึงความสนใจ ตระกูลเคียวเรอิ!
27-1540	mission_mission_kind	Test 1	ทดสอบ 1
27-1541	mission_mission_kind	Test Content 1	เนื้อหาทดสอบ 1
27-1542	mission_mission_kind	Test Explanation 1	คำอธิบายทดสอบ 1
27-1543	mission_mission_kind	Test 2	ทดสอบ 2
27-1544	mission_mission_kind	Test Content 2	เนื้อหาทดสอบ 2
27-1545	mission_mission_kind	Test Explanation 2	คำอธิบายทดสอบ 2
27-1546	mission_mission_kind	Test 3	ทดสอบ 3
27-1547	mission_mission_kind	Test Content 3	เนื้อหาทดสอบ 3
27-1548	mission_mission_kind	Test Explanation 3	คำอธิบายทดสอบ 3
27-1549	mission_mission_kind	Really, guys? I better get these fools out of my way.	จริงดิเนี่ย พวกนาย? ต้องเคลียร์ไอ้พวกโง่นี่ให้พ้น ทางซะหน่อยแล้ว
27-1550	mission_mission_kind	Defeat Kasai	เอาชนะคาไซ
27-1551	mission_mission_kind	What is the Keihin Gang? 	แก๊งเคฮินคืออะไร?
27-1552	mission_mission_kind	So Chairman Kajihira has suspicions about AD-9 beyond the land buyout. But that's for Hoshino-kun to look into. I've gotta crash.	งั้นประธานคาจิฮิระก็สงสัยเรื่อง AD-9 มากกว่าแค่การซื้อที่ดินสินะ แต่นั่นเป็นเรื่องให้โฮชิโนะคุง ไปสืบต่อ ผมต้องพักก่อนแล้ว
27-1553	mission_mission_kind	Meet Hoshino	ไปพบโฮชิโนะ
27-1554	mission_mission_kind	Six months back, the ADDC's vice director, Hashiki, was murdered. Does Hoshino-kun know anything yet?	เมื่อหกเดือนก่อน รองผู้อำนวยการ ADDC ฮาชิกิ ถูกฆาตกรรม โฮชิโนะคุงรู้อะไรมาบ้างหรือยัง?
27-1555	mission_mission_kind	Head to L'Amant	ไปที่ลามองต์
27-1556	mission_mission_kind	Surely the police have investigated Hashiki's murder. But who's going to be Ayabe's substitute?	ตำรวจต้องสืบคดีฆาตกรรมของ ฮาชิกิไปแล้วแน่ๆ แต่ใครจะมาแทนที่อายาเบะล่ะ?
27-1557	mission_mission_kind	Find Ayabe's Replacement	ตามหาคนแทนที่อายาเบะ
27-1558	mission_mission_kind	Ayabe's substitute should be at L'Amant. Guess I'll have to hope he finds me.	คนแทนอายาเบะน่าจะอยู่ที่ลามองต์ คงต้องหวังว่าเขาจะมาหาผมเองแล้วล่ะ
27-1559	mission_mission_kind	Investigate the Documents with Kaito	ตรวจสอบเอกสารร่วมกับไคโตะ
27-1560	mission_mission_kind	Whew, dodged a bullet there. I almost flirted with her. Credit where it's due, Mafuyu. Maybe you'd make it as a detective yourself. Anyway, I better check these documents.	โฮ้ รอดหวุดหวิดไปที เกือบจีบเธอเข้าให้แล้ว ต้องยกความดีให้มาฟุยุนะ เธออาจจะเป็นนักสืบได้เองเลยด้วยซ้ำ เอาล่ะ ต้องไปตรวจเอกสารพวกนี้ดีกว่า
27-1561	mission_mission_kind	He wants to give me a job? Sucks to be him, because I'm not taking it.	เขาอยากให้งานผมเหรอ? ซวยไปเลยนะ เพราะผมไม่รับหรอก
27-1562	mission_mission_kind	Looks like Seiya's little sister is safe... Now I just have to clean up the mess and get back to court!	ดูเหมือนน้องสาวของเซยะจะปลอดภัยแล้ว... ทีนี้ก็แค่ต้องเก็บกวาดเรื่องยุ่งๆ นี้แล้วกลับไปที่ศาล!
27-1563	mission_mission_kind	Go Into Queen Rouge	เข้าไปในควีนรูจ
27-1564	mission_mission_kind	Queen Rouge isn't open yet. Convenient. I'll ask around to see if anyone remembers what happened six months ago.	ควีนรูจยังไม่เปิดร้าน สะดวกดีเหมือนกัน จะถามไถ่ดูว่ามีใครจำเรื่องที่ เกิดขึ้นเมื่อหก เดือนก่อนได้บ้างไหม
27-1565	mission_mission_kind	Go to the Hashiki Murder Crime Scene	ไปที่สถานที่เกิดเหตุฆาตกรรมฮาชิกิ
27-1566	mission_mission_kind	I should check out where they found Hashiki's body, near a spot called Queen Rouge on Pink Street.	ผมควรไปดูจุดที่พบศพของฮาชิกิ ใกล้ๆ ร้านที่ชื่อควีนรูจบนถนนพิงก์สตรีท
27-1567	mission_mission_kind	Head to Queen Rouge	ไปที่ควีนรูจ
27-1568	mission_mission_kind	So Hashiki was drinking there with Shono before he died. It's six months cold, but people should probably still remember it.	งั้นฮาชิกิก็ดื่มอยู่ที่นั่นกับ โชโนะก่อนตาย ผ่านมาหกเดือนแล้วก็จริง แต่คนก็น่าจะยังจำได้อยู่บ้าง
27-1569	mission_mission_kind	Get Sweets for the Bribe	หาขนมไว้ติดสินบน
27-1570	mission_mission_kind	Saori-san's our only hope of getting into this cabaret club. Maybe if I bribe her with sweets from Takemitsu on Shichifuku Street...	ซาโอริซังคือความหวังเดียวที่จะ พาเราเข้าไปใน คลับคาบาเรต์แห่งนี้ได้ บางทีถ้าติดสินบนเธอด้วยขนมจาก ทาเคมิตสึบนถนนชิจิฟุกุ...
27-1571	mission_mission_kind	Bribe Saori	ติดสินบนซาโอริ
27-1572	mission_mission_kind	These are the most popular treats I could get my hands on. Saori-san will melt before them! ...I hope.	นี่คือขนมยอดฮิตที่สุดเท่าที่ผม หามาได้แล้ว ซาโอริซังต้องใจอ่อนแน่ๆ! ...หวังว่านะ
27-1573	mission_mission_kind	Warn Shintani	เตือนชินทานิ
27-1574	mission_mission_kind	The Kyorei Clan might go after Hamura's lawyer, which was Shintani. I should warn him.	ตระกูลเคียวเรอิอาจไปตามล่าทนาย ของฮามุระ ซึ่งก็คือชินทานิ ผมควรไปเตือนเขา
27-1575	mission_mission_kind	Leave Genda Law Office	ออกจากสำนักงานกฎหมายเก็นดะ
27-1576	mission_mission_kind	This isn't just a turf war? What more does Shintani know about the Mole?	นี่ไม่ใช่แค่สงครามแย่งพื้นที่ งั้นเหรอ? ชินทานิรู้อะไรเกี่ยวกับไส้ศึกอีกบ้าง?
27-1577	mission_mission_kind	So the Kyorei Clan has backing from the Kajihira Group, some construction company with connections between its president and the Ministry of Health. I need to look into this.	งั้นตระกูลเคียวเรอิก็มี กลุ่มคาจิฮิระหนุนหลังอยู่ บริษัทก่อสร้างที่ประธานมี สายสัมพันธ์กับกระทรวงสาธารณสุข ผมต้องสืบเรื่องนี้ให้ลึกกว่านี้
