id	bin	EN	TH
33-0001	evidence_item_to_update	His subordinate was being stalked, and now she's gone missing. I need to find her.	ลูกน้องของเขาถูกสะกดรอยตาม และตอนนี้ก็หายตัวไป ผมต้องตามหาเธอให้เจอ
33-0002	evidence_item_to_update	Inamoto Kazunari	อินาโมโตะ คาซึนาริ
33-0003	evidence_item_to_update	The man who impersonated her boss in hopes that I'd find the woman he was stalking.	ชายที่ปลอมตัวเป็นเจ้านายของเธอ หวังให้ผมช่วยตามหาผู้หญิงที่ เขาแอบสะกดรอยตาม
33-0004	evidence_item_to_update	Asami Morimiya	อาซามิ โมริมิยะ
33-0005	evidence_item_to_update	A woman who was being stalked and has now gone missing.	ผู้หญิงที่ถูกสะกดรอยตามและ ตอนนี้หายตัวไป
33-0006	evidence_item_to_update	A woman being stalked by Inamoto. She disappeared to avoid him, but now he's been arrested and she can go back to her real job.	ผู้หญิงที่ถูกอินาโมโตะสะกดรอยตาม เธอหายตัวไปเพื่อหลบเลี่ยงเขา แต่ตอนนี้เขาถูกจับกุมแล้ว เธอจึงกลับไปทำงานจริงของตัวเองได้
33-0007	evidence_item_to_update	A regular at Tender. Her real name, age, and job are a big mystery to everyone at the bar, yet everyone feels comfortable telling her their secrets. What an alluring woman.	ขาประจำที่บาร์เทนเดอร์ ชื่อจริง อายุ และอาชีพของเธอเป็นปริศนาสำหรับ ทุกคนในบาร์ แต่ทุกคนกลับรู้สึกสบายใจที่จะ เล่าความลับให้เธอฟัง ช่างเป็นผู้หญิงที่มีเสน่ห์เหลือเกิน
33-0008	evidence_item_to_update	A regular at Tender. Her real name, age, and job are a big mystery to everyone at the bar, yet everyone feels comfortable telling her their secrets. In truth, she's just a gambler with a lot of skill and a little luck.	ขาประจำที่บาร์เทนเดอร์ ชื่อจริง อายุ และอาชีพของเธอเป็นปริศนาสำหรับ ทุกคนในบาร์ แต่ทุกคนกลับรู้สึกสบายใจที่จะ เล่าความลับให้เธอฟัง แท้จริงแล้วเธอเป็นเพียงนักพนัน ที่มีทั้งฝีมือและ โชคช่วยอยู่บ้าง
33-0009	evidence_item_to_update	Here stands the accused; his whole life standing on the edge of a knife as I fight to discover the truth of what happened to Saori-san's cake. I'm pretty sure he's innocent.	นี่คือผู้ถูกกล่าวหา ชีวิตทั้งชีวิตของเขาแขวนอยู่บนคมมีด ขณะที่ผมต่อสู้เพื่อค้นหา ความจริงว่าเกิดอะไรขึ้นกับ เค้กของซาโอริซัง ผมค่อนข้างมั่นใจว่าเขาบริสุทธิ์
33-0010	evidence_item_to_update	Once accused of heinous crimes against a cake, I managed to clear his name of all charges. I knew he was innocent.	ครั้งหนึ่งเขาถูกกล่าวหาว่าก่อ อาชญากรรมโหดร้ายต่อเค้ก ก้อนหนึ่ง แต่ผมสามารถล้างข้อกล่าวหา ทั้งหมดให้เขาได้สำเร็จ ผมรู้อยู่แล้วว่าเขาบริสุทธิ์
33-0011	evidence_item_to_update	Asuka Hachitani	อาสึกะ ฮาจิทานิ
33-0012	evidence_item_to_update	A woman that lured Horny Hinata into a honey trap. I need to figure out how much truth there is to all this.	ผู้หญิงที่ล่อฮินาตะจอมกำหนัด เข้าฮันนีแทรป ผมต้องหาให้ได้ว่าเรื่องทั้งหมด นี้มีความจริงอยู่แค่ไหน
33-0013	evidence_item_to_update	A woman that lured Horny Hinata into a honey trap. But Hinata's friend, Kotatsu, was the real mastermind. He just can't catch a break.	ผู้หญิงที่ล่อฮินาตะจอมกำหนัด เข้าฮันนีแทรป แต่ที่จริงตัวการตัวจริงคือโคทัตสึ เพื่อนของฮินาตะ เขาซวยไม่เลิกจริงๆ
33-0014	evidence_item_to_update	Kiriko Kuwayama	คิริโกะ คุวายามะ
33-0015	evidence_item_to_update	Shizue-san's daughter in-law, who she suspects of trying to murder her son.	ลูกสะใภ้ของชิซึเอะซัง ที่เธอสงสัยว่าพยายามฆ่าลูกชาย ของตัวเอง
33-0016	evidence_item_to_update	Shizue-san's daughter in-law, who she thought might be trying to murder her son. But it was someone else.	ลูกสะใภ้ของชิซึเอะซัง ที่เธอสงสัยว่าพยายามฆ่าลูกชาย ของตัวเอง แต่ที่จริงเป็นคนอื่นต่างหาก
33-0017	map_place	Sewers	ท่อระบายน้ำ
33-0018	map_place	Public Park Three	สวนสาธารณะสาม
33-0019	map_place	A small, nondescript park on Tenkaichi Alley where homeless people gather around a bonfire at night to keep warm. Youngsters can sometimes be seen hopping the wall over on the far end as a shortcut to Showa Street.	สวนสาธารณะเล็ก ๆ ไม่มีอะไรโดดเด่นบนซอยเทนไคจิ ที่คนไร้บ้านมักมารวมตัวกัน ก่อไฟผิงคลายหนาวยามค่ำคืน บางครั้งอาจเห็นวัยรุ่นปีนกำแพง ด้านในสุดเป็นทางลัดไป ยังถนนโชวะ
33-0020	map_place	Children's Park	สวนเด็ก
33-0021	map_place	A somewhat lackluster park squeezed in between commercial buildings on West Shichifuku Street. Despite what its name suggests, homeless people are the only ones who gather here. A manhole toward the back of the park leads to the underground sewers.	สวนสาธารณะที่ดูจืดชืดไปสักหน่อย ถูกบีบตัวอยู่ระหว่างอาคาร พาณิชย์บนถนนชิจิฟุกุฝั่ง ตะวันตก ทั้งที่ชื่อฟังดูน่ารื่นรมย์ แต่มีเพียงคนไร้บ้านเท่านั้น ที่มารวมตัวกันที่นี่ ท่อระบายน้ำด้านหลังสวนเป็นทาง เชื่อมลงสู่ท่อระบายน้ำใต้ดิน
33-0022	map_place	Shichifuku Parking Lot	ลานจอดรถชิจิฟุกุ
33-0023	map_place	A 24-hour parking lot on Shichifuku Street made somewhat iconic by all the suggestive advertisements plastered all over the place. Their prices are fairly reasonable: only 250 yen per 15 minutes. Since it's hard to see what's going inside, it's occasionally used as a meeting spot for activities of a dubious nature.	ลานจอดรถเปิด 24 ชั่วโมงบนถนนชิจิฟุกุ ที่กลายเป็นจุดขึ้นชื่อจาก ป้ายโฆษณาแนวยั่วยวนที่แปะ เต็มไปหมด ราคาค่อนข้างเป็นมิตร แค่ 250 เยนต่อ 15 นาที เพราะมองเห็นด้านในได้ยาก บางครั้งจึงถูกใช้เป็นจุดนัดพบ สำหรับกิจกรรมที่ดูน่าสงสัย
33-0024	map_place	Millennium Tower	มิลเลนเนียมทาวเวอร์
33-0025	map_place	Hotel New Deborah 1F	โฮเทลนิวเดโบราห์ ชั้น 1
33-0026	map_place	Hotel New Deborah 2F	โฮเทลนิวเดโบราห์ ชั้น 2
33-0027	map_place	Hotel New Deborah 6F	โฮเทลนิวเดโบราห์ ชั้น 6
33-0028	map_place	Nakamichi Commerce Building 1F	อาคารพาณิชย์นากามิชิ ชั้น 1
33-0029	map_place	Nakamichi Commerce Building 2F	อาคารพาณิชย์นากามิชิ ชั้น 2
33-0030	map_place	Nakamichi Commerce Building 3F	อาคารพาณิชย์นากามิชิ ชั้น 3
33-0031	map_place	Nakamichi Commerce Building 4F	อาคารพาณิชย์นากามิชิ ชั้น 4
33-0032	map_place	Senryo Third Building 1F	อาคารเซ็นเรียวที่ 3 ชั้น 1
33-0033	map_place	Senryo Third Building 2F	อาคารเซ็นเรียวที่ 3 ชั้น 2
33-0034	map_place	Senryo Third Building 3F	อาคารเซ็นเรียวที่ 3 ชั้น 3
33-0035	map_place	Senryo Third Building 4F	อาคารเซ็นเรียวที่ 3 ชั้น 4
33-0036	map_place	Senryo Third Building Rooftop	อาคารเซ็นเรียวที่ 3 ดาดฟ้า
33-0037	map_place	Taihei Commerce Building 2F	อาคารพาณิชย์ไทเฮ ชั้น 2
33-0038	map_place	Tenkaichi First Building 1F	อาคารเทนไคจิเฟิร์สต์ ชั้น 1
33-0039	map_place	Tenkaichi First Building 2F	อาคารเทนไคจิเฟิร์สต์ ชั้น 2
33-0040	map_place	Tenkaichi First Building 3F	อาคารเทนไคจิเฟิร์สต์ ชั้น 3
33-0041	map_place	Tenkaichi First Building 4F	อาคารเทนไคจิเฟิร์สต์ ชั้น 4
33-0042	map_place	Tenkaichi First Building Rooftop	อาคารเทนไคจิเฟิร์สต์ ดาดฟ้า
33-0043	map_place	Millennium Tower 1F	มิลเลนเนียมทาวเวอร์ ชั้น 1
33-0044	map_place	Millennium Tower B1	มิลเลนเนียมทาวเวอร์ ชั้น B1
33-0045	map_place	New Serena	นิวเซเรน่า
33-0046	map_place	New Serena Rooftop	นิวเซเรน่า ดาดฟ้า
33-0047	map_place	The only batting center in Kamurocho. Each of their machines are fully customizable in terms of difficulty and pitching style.	ศูนย์ฝึกตีแห่งเดียวในคามุโรโจ ปรับระดับความยากและสไตล์ การขว้างของเครื่องได้เต็มที่ ทุกเครื่อง
33-0048	map_place	DARTSLIVE (Bantam)	DARTSLIVE (แบนตัม)
33-0049	map_place	A state-of-the art DARTSLIVE2 machine that features internet connectivity and records player data on a personal DARTSLIVE CARD.	เครื่อง DARTSLIVE2 ล้ำยุคที่เชื่อมต่ออินเทอร์เน็ตได้ และบันทึกข้อมูลผู้เล่นลงในบัตร DARTSLIVE CARD ส่วนตัว
33-0050	map_place	DARTSLIVE (Club SEGA Theater Square)	DARTSLIVE (Club SEGA เธียเตอร์สแควร์)
33-0051	map_place	Where top-tier mahjong players come to test their talent with tiles. The entry fee here is a bit steep, but the rewards are that much better.	สถานที่ที่นักเล่นมาจองระดับ หัวกะทิมาพิสูจน์ฝีมือกับมาจอง ค่าเข้าค่อนข้างสูง แต่ผลตอบแทนก็คุ้มค่ายิ่งกว่า
33-0052	map_place	A beginner-friendly mahjong parlor where you can enjoy a nice, casual game without emptying your wallet. But don't get lulled into a lullaby... there's a mysterious door near the back that gives off a strange aura.	ร้านมาจองที่เป็นมิตรกับมือใหม่ เล่นสนุก ๆ สบาย ๆ ได้โดยไม่ต้องควักกระเป๋าจนหมดตัว แต่อย่าเผลอใจเพลิน... เพราะมีประตูปริศนาอยู่ด้านหลัง ที่ส่งกลิ่นอายแปลกประหลาด
33-0053	map_place	A SEGA-run arcade where you can play all kinds of awesome games, including a legit UFO Catcher.	ร้านเกมของ SEGA ที่ให้เล่นเกมสุดเจ๋งได้สารพัดแบบ รวมถึง UFO Catcher ของแท้
33-0054	map_place	A SEGA-run arcade where you can play all kinds of awesome games.	ร้านเกมของ SEGA ที่ให้เล่นเกมสุดเจ๋งได้สารพัดแบบ
33-0055	map_place	A special booth at the bottom floor of the Millennium Tower where you can register for a drone race.	บูธพิเศษที่ชั้นล่างสุดของ มิลเลนเนียมทาวเวอร์ ใช้สมัครแข่งขันโดรนได้ที่นี่
33-0056	map_place	Akaushimaru (Hotel District)	อากะอุชิมารุ (ย่านโรงแรม)
33-0057	map_place	A somewhat conventional beef bowl restaurant that's been around since 1924. Their slogan is "fresh ingredients, fast service, fair prices." True to their word, their beef bowls are loaded to the brim with quality domestic beef.	ร้านข้าวหน้าเนื้อสไตล์คลาสสิก ที่เปิดมาตั้งแต่ปี 1924 สโลแกนของร้านคือ "วัตถุดิบสด บริการไว ราคายุติธรรม" และร้านก็ทำได้ตามสัญญาจริง ๆ ข้าวหน้าเนื้อแต่ละจานอัดแน่น ด้วยเนื้อในประเทศคุณภาพดี
33-0058	map_place	Akaushimaru (Tenkaichi St.)	อากะอุชิมารุ (ถนนเทนไคจิ)
33-0059	map_place	A refined yet rustic café established in 1971. Their menu, replete with exquisite beverages and delectable desserts, is a delight amongst all.	คาเฟ่สไตล์หรูแต่แฝงกลิ่นอายวินเทจ เปิดมาตั้งแต่ปี 1971 เมนูของร้านเต็มไปด้วย เครื่องดื่มสุดประณีตและของหวาน แสนอร่อยที่ถูกใจทุกคน
33-0060	map_place	Café Alps Alley	ตรอกคาเฟ่อัลป์ส
33-0061	map_place	An Irish pub that specializes in both foreign and domestic liquor. You can also play darts here.	ผับไอริชที่เชี่ยวชาญทั้งเหล้า นอกและเหล้าในประเทศ ที่นี่ยังเล่นปาเป้าได้ด้วย
33-0062	map_place	Japan's most famous discount chain lined wall-to-wall with every kind of consumer product imaginable. It really is a jungle in there.	เชนร้านดิสเคานต์ที่โด่งดัง ที่สุดในญี่ปุ่น เต็มไปด้วยสินค้าอุปโภคบริโภค ทุกชนิดเท่าที่จะนึกออก เข้าไปแล้วเหมือนหลงเข้าไปใน ป่าดงดิบจริง ๆ
33-0063	map_place	Ebisu Pawn	โรงจำนำเอบิสุ
33-0064	map_place	A pawn shop where you can buy and sell all manner of valuables, knickknacks, and more.	ร้านจำนำที่ซื้อขายของมีค่า ของกระจุกกระจิก และอื่น ๆ ได้สารพัด
33-0065	map_place	A soba venue located in the Tokyo metropolitan area where you eat standing up. The chef makes all his ingredients by hand, resulting in dishes that are both affordable and delicious.	ร้านโซบะยืนกินในย่านมหานครโตเกียว เชฟลงมือทำวัตถุดิบทุกอย่างด้วยมือเอง ทำให้ได้เมนูที่ทั้งราคาย่อมเยา และอร่อยถูกปาก
33-0066	map_place	A standing bar where you can down a refreshing whisky highball and follow it up with some piping-hot takoyaki.	บาร์ยืนดื่มที่ให้คุณดื่มวิสกี้ ไฮบอลสดชื่น ตามด้วยทาโกยากิร้อน ๆ
33-0067	map_place	A famous yakiniku place where big-shots go to wine and dine in luxury. Your date will be impressed with their superior cuts of meat that sizzle on the grill.	ร้านยากินิกุชื่อดังที่เหล่า คนใหญ่คนโตแวะมาดื่มกินหรูหรา คู่เดตของคุณต้องประทับใจกับ เนื้อคุณภาพเยี่ยมที่ ส่งเสียงจี๊ดจ๊าดบนเตาย่างแน่นอน
33-0068	map_place	Here you can enjoy authentic tonkotsu ramen made Kyushu-style—it packs quite the punch! Ramen-lovers go crazy over their thin-cut noodles and shimmering, savory broth.	ที่นี่คุณจะได้ลิ้มรสราเมนท งคตสึแบบคิวชูแท้ๆ ที่จัดเต็มไม่ยั้ง! คนรักราเมนคลั่งไคล้เส้นบะหมี่ เส้นเล็ก และน้ำซุปเข้มข้นเงางามของที่นี่
33-0069	map_place	A steakhouse known for its astoundingly generous prices and thick, caveman-sized portions. Each steak is cut immediately after being ordered to guarantee freshness and flavor.	ร้านสเต๊กที่ขึ้นชื่อเรื่องราคา สุดคุ้มและเนื้อชิ้นหนา ขนาดมนุษย์ถ้ำ สเต๊กแต่ละจานถูกตัดทันทีหลังสั่ง เพื่อการันตีความสดใหม่และ รสชาติเต็มคำ
33-0070	map_place	A tranquil open-terrace café with an earthy wood-laden design. It offers both PCs and power outlets, making it the choice of businessmen and students alike.	คาเฟ่ระเบียงเปิดที่เงียบสงบ ตกแต่งด้วยไม้ให้ความรู้สึก อบอุ่นเป็นธรรมชาติ มีทั้งคอมพิวเตอร์และปลั๊กไฟให้ใช้ เหมาะทั้งนักธุรกิจและนักเรียน นักศึกษา
33-0071	map_place	Poppo (E Shichifuku St.)	ป๊อปโป (ถนนชิจิฟุกุฝั่งตะวันออก)
33-0072	map_place	A helpful, handy convenience store that offers an assortment of food and daily life necessities. Each location has a slightly different inventory.	ร้านสะดวกซื้อสุดเป็นประโยชน์ ที่มีทั้งอาหารและของใช้ จำเป็นในชีวิตประจำวัน แต่ละสาขามีสินค้าต่างกันไปเล็กน้อย
33-0073	map_place	Poppo (W Shichifuku St.)	ป๊อปโป (ถนนชิจิฟุกุฝั่งตะวันตก)
33-0074	map_place	Poppo (Showa St.)	ป๊อปโป (ถนนโชวะ)
33-0075	map_place	Poppo (Tenkaichi St.)	ป๊อปโป (ถนนเทนไคจิ)
33-0076	map_place	A café inside a hotel. Their coffee uses only the finest imported Brazilian coffee beans.	คาเฟ่ในโรงแรม ใช้เมล็ดกาแฟนำเข้าจากบราซิล คุณภาพเยี่ยมเท่านั้น
33-0077	map_place	A store that specializes in Nagasaki Champon and aims to make it popular all over the world. The champon itself is chock-full of vegetables, and their saraudon is a veggie delight to behold.	ร้านที่เชี่ยวชาญจัมปงนางาซากิ ตั้งใจจะทำให้เมนูนี้โด่งดังไปทั่วโลก จัมปงของร้านอัดแน่นไปด้วยผัก ส่วนสาราอุด้งก็เต็มไปด้วยผักจน น่าตื่นตา
33-0078	map_place	Smile Burger (Nakamichi St.)	สไมล์เบอร์เกอร์ (ถนนนากามิชิ)
33-0079	map_place	A fast food chain that offers some of the best-tasting burgers in town. They even offer craft burgers made with amazing ingredients such as sushi-grade tuna or succulent braised pork.	เชนฟาสต์ฟู้ดที่มีเบอร์เกอร์ รสเด็ดติดอันดับต้น ๆ ของเมือง ยังมีคราฟต์เบอร์เกอร์ที่ใช้ วัตถุดิบสุดพิเศษ อย่างทูน่าเกรดซูชิหรือเนื้อหมู ตุ๋นนุ่มฉ่ำ
33-0080	map_place	Smile Burger (NW Theater Square)	สไมล์เบอร์เกอร์ (เธียเตอร์สแควร์ตะวันตกเฉียงเหนือ)
33-0081	map_place	A hole-in-the-wall sushi spot on West Showa Street. The chef carefully prepares his dishes using only the finest fish.	ร้านซูชิเล็ก ๆ ซ่อนตัวอยู่บนถนนโชวะฝั่งตะวันตก เชฟพิถีพิถันปรุงทุกจานด้วยปลา คุณภาพเยี่ยมเท่านั้น
33-0082	map_place	Satisfy your sushi cravings with a choice selection of fish imported from all over the world. They'll even carve their prized bluefin tuna right in front of the customer, which is something of a local attraction.	เติมเต็มความอยากซูชิด้วยปลา นำเข้าคัดพิเศษจากทั่วโลก ที่นี่ยังโชว์การแล่ปลาทูน่า ครีบน้ำเงินสุดหวงต่อหน้าลูกค้า กลายเป็นจุดดึงดูดขึ้นชื่อของ ท้องถิ่นไปแล้ว
33-0083	map_place	Wette Kitchen (W Taihei Blvd.)	Wette Kitchen (ถนนไทเฮฝั่งตะวันตก)
33-0084	map_place	A fast food joint that lets you create your very own burger masterpiece. They also offer a sizeable dessert selection.	ร้านฟาสต์ฟู้ดที่ให้คุณสร้าง เบอร์เกอร์สุดพิเศษในแบบ ของตัวเอง ยังมีของหวานให้เลือกหลากหลายด้วย
33-0085	map_place	Wild Jackson (E Millennium Tower St.)	ไวลด์แจ็คสัน (ถนนมิลเลนเนียมทาวเวอร์ตะวันออก)
33-0086	map_place	Their philosophy is that everything has to be "wild," so they make their sandwiches big, bold, and crispy. When it comes to fried chicken, these birds have always been at the top of the pecking order.	ปรัชญาของร้านคือทุกอย่างต้อง "wild" เต็มที่ จึงทำแซนด์วิชให้ใหญ่ เข้มข้น และกรอบเสมอ เรื่องไก่ทอด นกพวกนี้ครองอันดับหนึ่งมาตลอด
33-0087	map_place	Wild Jackson (Tenkaichi St.)	ไวลด์แจ็คสัน (ถนนเทนไคจิ)
33-0088	map_place	Ever since opening their first store in 1956, they've offered great variety at great prices. They've refined their yakitori menu over the years, so you may find some pleasant surprises that you'd never expect otherwise.	นับตั้งแต่เปิดร้านแรกในปี 1956 ที่นี่มอบความหลากหลายในราคาสุด คุ้มมาตลอด และปรับปรุงเมนูยากิโทริมาหลายปี จนอาจเจอเมนูเซอร์ไพรส์ที่คุณ คาดไม่ถึงก็ได้
33-0089	map_place	Little Asia	ลิตเติลเอเชีย
33-0090	map_place	NW Theater Square	เธียเตอร์สแควร์ตะวันตกเฉียงเหนือ
33-0091	map_place	Theater Avenue	ถนนเธียเตอร์
33-0092	map_place	Theater Square	เธียเตอร์สแควร์
33-0093	map_place	Theater Alley	ซอยเธียเตอร์
33-0094	map_place	Hotel District	ย่านโรงแรม
33-0095	map_place	E Millennium Tower St.	ถนนมิลเลนเนียมทาวเวอร์ตะวันออก
33-0096	map_place	Nakamichi St.	ถนนนากามิชิ
33-0097	map_place	Nakamichi St. Entrance	ทางเข้าถนนนากามิชิ
33-0098	map_place	Nakamichi Alley	ซอยนากามิชิ
33-0099	map_place	Pink Street	ถนนพิงก์สตรีท
33-0100	map_place	Pink Street Entrance	ทางเข้าถนนพิงก์สตรีท
33-0101	map_place	N Pink St.	ถนนพิงก์เหนือ
33-0102	map_place	Pink Alley	ซอยพิงก์
33-0103	map_place	Senryo Ave.	ถนนเซ็นเรียว
33-0104	map_place	N Senryo Ave.	ถนนเซ็นเรียวเหนือ
33-0105	map_place	Senryo Ave. Entrance	ทางเข้าถนนเซ็นเรียว
33-0106	map_place	New Serena Alley	ซอยนิวเซเรน่า
33-0107	map_place	Shichifuku St.	ถนนชิจิฟุกุ
33-0108	map_place	East Shichifuku Street	ถนนชิจิฟุกุฝั่งตะวันออก
33-0109	map_place	West Shichifuku Street	ถนนชิจิฟุกุฝั่งตะวันตก
33-0110	map_place	Showa St.	ถนนโชวะ
33-0111	map_place	E Showa St.	ถนนโชวะตะวันออก
33-0112	map_place	W Showa St.	ถนนโชวะตะวันตก
33-0113	map_place	Suppon St.	ถนนซุปปอน
33-0114	map_place	Taihei Blvd.	ถนนไทเฮ
33-0115	map_place	East Taihei Boulevard	ถนนไทเฮฝั่งตะวันออก
33-0116	map_place	West Taihei Boulevard	ถนนไทเฮฝั่งตะวันตก
33-0117	map_place	Tenkaichi Street	ถนนเทนไคจิ
33-0118	map_place	Tenkaichi Street Entrance	ทางเข้าถนนเทนไคจิ
33-0119	map_place	Tenkaichi Alley	ซอยเทนไคจิ
33-0120	map_place	Champion District	ย่านแชมเปี้ยน
33-0121	map_place	Park Boulevard	ถนนปาร์คบูเลอวาร์ด
33-0122	map_place	Park Blvd. Alley	ซอยปาร์คบูเลอวาร์ด
33-0123	map_place	Le Marche	เลอมาร์เช่
33-0124	map_place	A stylish fashion boutique that features clothing and accessories from all the top luxury brands.	บูติกแฟชั่นสไตล์เก๋ที่รวม เสื้อผ้าและเครื่องประดับจาก แบรนด์หรูชั้นนำทุกแบรนด์
33-0125	map_place	Part of a famous chain of coffeehouses established across Japan. They are known for their smooth, mellow roasts that anyone can enjoy. Apparently they're considering revamping their menu to cater to the younger crowd.	สาขาหนึ่งของเชนร้านกาแฟชื่อ ดังที่มีอยู่ทั่วญี่ปุ่น ขึ้นชื่อเรื่องกาแฟคั่วกลมกล่อมที่ใคร ๆ ก็ดื่มได้ ได้ยินว่ากำลังพิจารณาปรับเมนู ใหม่ให้ถูกใจคนรุ่นใหม่มากขึ้น
33-0126	map_place	A virtual reality arcade where you can play Dice & Cube, a sugoroku-based board game where the players themselves are the pieces. Offering the latest in cutting-edge VR technology, this place is an escapist's dream come true.	ร้านเกม VR ที่ให้เล่น Dice & Cube เกมกระดานแนวซุโกโรกุที่ผู้เล่น กลายเป็นตัวหมากเอง มาพร้อมเทคโนโลยี VR ล้ำสมัยที่สุด เป็นสวรรค์ของคนที่อยากหนี ความจริงไปสักพัก
33-0127	map_place	Tucked away in a back alley off Nakamichi Street, this tiny office is both the home base and workplace of ex-lawyer Takayuki Yagami. He'll investigate anything from missing persons to marital infidelity, but his services don't come cheap.	ซ่อนตัวอยู่ในตรอกเล็ก ๆ นอกถนนนากามิชิ สำนักงานจิ๋วแห่งนี้เป็นทั้ง บ้านและที่ทำงานของทาคายูกิ ยากามิ อดีตทนายความ เขารับสืบทุกเรื่องตั้งแต่คนหาย ไปจนถึงชู้สาว แต่ค่าบริการไม่ถูกเลย
33-0128	map_place	A prestigious law firm that rose to prominence after clearing a defendant of murder charges—a near-impossibility within the Japanese court system. Their business motto is self-descriptive: "Partners you can trust."	สำนักงานกฎหมายชื่อเสียงโด่งดัง หลังพลิกคดีให้จำเลย พ้นข้อหาฆาตกรรมได้สำเร็จ ซึ่งแทบเป็นไปไม่ได้ในระบบศาลญี่ปุ่น สโลแกนของสำนักงานบอกตัวตนได้ชัดเจน: "หุ้นส่วนที่คุณไว้ใจได้"
33-0129	map_place	Matsugane Family Office	สำนักงานตระกูลมัตสึกาเนะ
33-0130	map_place	What appears to be an unassuming corporate office from the outside is actually a den of quasi-legal criminals within. Although the Matsugane Family is part of the powerful Tojo Clan, the group itself is little more than a third-rate family. This might explain all the seedy looking henchmen shuffling in and out of the building day and night.	ภายนอกดูเหมือนสำนักงานบริษัท ทั่วไปที่ไม่มีอะไรโดดเด่น แต่ข้างในกลับเป็นรังของอาชญากร กึ่งถูกกฎหมาย แม้ตระกูลมัตสึกาเนะจะเป็น ส่วนหนึ่งของตระกูลโทโจอัน ทรงอิทธิพล แต่ตัวตระกูลเองก็เป็นได้แค่ ตระกูลระดับสามเท่านั้น อาจเป็นเหตุผลที่ทำให้มีลูกน้อง หน้าตาน่าสงสัยเดิน เข้าออกอาคารทั้งวันทั้งคืน
33-0131	map_place	Club Amour	คลับอามูร์
33-0132	map_place	A club and bar located on Suppon Street, said to have the finest girls at the finest rates in town. Its floor plan is designed to utilize the optimal amount of building space.	คลับและบาร์บนถนนซุปปอน ว่ากันว่ามีสาว ๆ ชั้นเลิศในราคาดีที่สุดในเมือง ผังพื้นถูกออกแบบให้ใช้พื้นที่ อาคารได้อย่างคุ้มค่าที่สุด
33-0133	map_place	Sauna Goten	ซาวน่าโกเท็น
33-0134	map_place	A sauna on Senryo Avenue where tired hostesses flock after hard day's work to revitalize mind and body. It even offers the ever-popular V-steam treatment.	ซาวน่าบนถนนเซ็นเรียว ที่เหล่าฮอสเตสแวะเวียนมาฟื้นฟู กายใจหลังทำงานหนักมาทั้งวัน ที่นี่ยังมีทรีตเมนต์ V-steam สุดฮิตให้บริการด้วย
33-0135	map_place	A building owned by the Kajihira Group, a large construction conglomerate. The fact that they effortlessly acquired an entire building just to open up their Kamurocho branch indicates their immense financial clout. They have their own unique methods for gathering real estate data, which is then provided to their clients on an individual basis.	อาคารของกลุ่มคาจิฮิระกลุ่ม บริษัทก่อสร้างยักษ์ใหญ่ การที่พวกเขาซื้ออาคารทั้งหลัง ได้อย่างง่ายดายเพียง เพื่อเปิดสาขาคามุโรโจ ก็บ่งบอกถึงกำลังทรัพย์มหาศาล ของพวกเขาแล้ว พวกเขามีวิธีเก็บข้อมูล อสังหาริมทรัพย์เฉพาะตัว ก่อนนำไปมอบให้ลูกค้าแต่ละราย เป็นการเฉพาะ
33-0136	map_place	Koi Bride	โคอิไบรด์
33-0137	map_place	A discreet indoor fishing pond on Shichifuku Street. They mainly have koi, but you might just find some crucian carp swimming around in there, too. It has a pretty depressing atmosphere, what with it being in the basement of a dilapidated old building.	บ่อตกปลาในร่มแบบเงียบ ๆ บนถนนชิจิฟุกุ ส่วนใหญ่จะมีปลาคาร์ปให้ตก แต่บางทีก็อาจเจอปลาตะเพียน แหวกว่ายอยู่บ้าง บรรยากาศออกแนวหม่นหมองพอสมควร เพราะตั้งอยู่ในชั้นใต้ดินของ อาคารเก่าทรุดโทรม
33-0138	map_place	Cabaret Honmaruen	คาบาเรต์ฮนมารุเอ็น
33-0139	map_place	One of the older, more established cabaret clubs on Park Boulevard where lavishly endowed dancers perform on an elegant stage. If you find yourself disillusioned with your regular nightlife entertainment, give this place a try.	หนึ่งในคาบาเรต์เก่าแก่ มีชื่อเสียงบน ถนนปาร์คบูเลอวาร์ด ที่นักเต้นรูปร่างอวบอิ่มโชว์ ลีลาบนเวทีสุดหรู หากเบื่อความบันเทิงยามค่ำคืนแบบเดิม ๆ ลองแวะมาที่นี่ดู
33-0140	map_place	The Queen Rouge	ควีนรูจ
33-0141	map_place	An upscale cabaret club designed to cater to the top of the social ladder. Their top-of-the-line service staff is individually hired by the owner himself. Here you can get treated like a king and live it up like a celebrity, provided you have the means to do so.	คาบาเรต์ระดับไฮเอนด์ที่ออกแบบ มาเพื่อรองรับคนชั้นสูง สุดของสังคม พนักงานบริการระดับท็อปทุกคนถูก คัดเลือกโดยเจ้าของร้านเอง ที่นี่คุณจะได้รับการต้อนรับดุจราชา และใช้ชีวิตหรูหราแบบเซเลบริตี้ ตราบใดที่มีกำลังทรัพย์มากพอ
33-0142	map_place	Cho-han Gambling Hall	บ่อนโจฮัง
33-0143	map_place	An underground gambling hall in the Champion District that features a traditional Japanese dice game. You'll need a password to get in, which only a select few know.	บ่อนใต้ดินในย่านแชมเปี้ยนที่มี เกมทอยลูกเต๋าแบบ ญี่ปุ่นดั้งเดิม ต้องรู้รหัสผ่านถึงจะเข้าได้ ซึ่งมีเพียงคนไม่กี่คนที่รู้
33-0144	map_place	Soleil Building	ตึกโซเลย์
33-0145	map_place	A vacated office building that was left in shambles after its owner was caught embezzling funds. It has since become a haunt for thugs and other undesirables.	อาคารสำนักงานร้างที่ถูกทิ้งไว้ ในสภาพทรุดโทรม หลังเจ้าของถูกจับได้ว่ายักยอกเงิน นับแต่นั้นมาก็กลายเป็นแหล่ง ซ่องสุมของนักเลงและคนไม่ ดีทั้งหลาย
33-0146	map_place	Monsieur Lee	มองซิเออร์ลี
33-0147	map_place	Once a glamorous love hotel, now just another abandoned building. Couples would often come here in secret, since the entrance is located directly inside the parking lot and out of the public eye.	ครั้งหนึ่งเคยเป็นเลิฟโฮเทลสุดหรู ตอนนี้กลายเป็นแค่อาคารร้างอีกแห่ง คู่รักมักแอบมาที่นี่ เพราะทางเข้าตั้งอยู่ในลานจอดรถโดยตรง พ้นจากสายตาคนภายนอก
33-0148	map_place	Game Center Charles	เกมเซ็นเตอร์ชาร์ลส์
33-0149	map_place	A gnarly old game center with only the raddest retro games! This place is stacked with blasts from the past that kids nowadays have probably never heard of (and probably never will). Despite how much the world has moved on from that era, students still come here to kick it from time to time.	ร้านเกมเก่าแก่สุดเก๋าที่มีแต่ เกมย้อนยุคสุดเจ๋ง! ที่นี่เต็มไปด้วยของเก่าจากอดีต ที่เด็กสมัยนี้คงไม่เคย ได้ยินชื่อ (และคงไม่มีวันได้ยิน) แม้โลกจะก้าวข้ามยุคนั้นไปไกลแค่ไหน นักเรียนก็ยังแวะเวียนมา สังสรรค์ที่นี่เป็นครั้งคราว
33-0150	map_place	A cozy little establishment on Taihei Boulevard, run by the one and only Jo Masuda. With an eye for trouble and an ear for listening, Masuda has created just the right atmosphere that turns customers into regulars within the first few drinks. Ask anyone and they'll tell you Bar Tender is the barhoney to the barfly.	ร้านเล็ก ๆ อบอุ่นบนถนนไทเฮ ดำเนินกิจการโดยโจ มาสึดะ คนเดียวเท่านั้น ด้วยสายตาที่มองเห็นปัญหาและหู ที่พร้อมรับฟัง มาสึดะสร้างบรรยากาศที่ทำให้ ลูกค้ากลายเป็นขาประจำได้ ตั้งแต่แก้วแรก ๆ ถามใครก็ตอบเหมือนกันว่า บาร์เทนเดอร์ คือที่พึ่งใจของนักดื่มขาประจำ
33-0151	map_place	A haven for shogi-lovers that formed over the years as the locals banded together to play their favorite game. The people here are friendly and receptive to even the newbiest of newcomers. Suitable for the leisurely shogi player.	แหล่งพักใจของคนรักโชกิ ที่ก่อตัวขึ้นมาหลายปีจากคนใน ย่านที่รวมตัวกันเล่นเกมโปรด ผู้คนที่นี่เป็นมิตรและต้อนรับ มือใหม่สุด ๆ ได้เป็นอย่างดี เหมาะกับคนที่อยากเล่นโชกิแบบชิล ๆ
33-0152	map_place	A members-only casino where you can play poker and blackjack. You could always come here solely to ogle the bunny girls, but that would just make you an asshole. Casual attire permitted but not preferred.	คาสิโนสมาชิกเท่านั้นที่เล่นได้ ทั้งโป๊กเกอร์และแบล็กแจ็ก จะแวะมาแค่เพื่อจ้องมองสาวบันนี่ก็ได้ แต่นั่นก็แค่ทำให้คุณดูเป็นไอ้งั่ง แต่งตัวลำลองเข้าได้ แต่ไม่แนะนำ
33-0153	map_place	A four-story building with a casino and gambling hall inside. Just as the name implies, you get the feeling of descending into a dark underworld the moment you set foot inside. Only certain people are allowed in.	อาคารสี่ชั้นที่มีทั้งคาสิโนและ บ่อนพนันอยู่ข้างใน สมชื่อจริง ๆ เพราะทันทีที่ก้าวเท้าเข้าไป คุณจะรู้สึกเหมือนดิ่งลงสู่โลก ใต้ดินอันมืดมิด มีเพียงบางคนเท่านั้นที่ ได้รับอนุญาตให้เข้า
33-0154	map_place	A family-friendly yakiniku place where you can get the most meat for your money. Also a refuge for starving students who can barely afford instant ramen, let alone food with actual nutrients. People are particularly fond of Beef Zone's homemade dipping sauce.	ร้านยากินิกุแนวครอบครัวที่ให้ เนื้อคุ้มราคาที่สุด ยังเป็นที่พึ่งของนักเรียน นักศึกษาท้องหิวที่แทบไม่ มีเงินซื้อบะหมี่กึ่งสำเร็จรูป นับประสาอะไรกับอาหารที่ มีคุณค่าทางโภชนาการจริง ๆ ผู้คนต่างชื่นชอบซอสจิ้มสูตร พิเศษของบีฟโซนเป็นพิเศษ
33-0155	map_place	A long-cherished bar where the owner serves drinks and listens to the romantic woes of lovelorn customers. Their alcohol selection is so good, you'll think you're in heaven on earth.	บาร์เก่าแก่ที่เจ้าของร้าน เสิร์ฟเครื่องดื่มพร้อม รับฟังความทุกข์เรื่องความรัก ของลูกค้าอกหัก เหล้าที่นี่คัดมาอย่างดีจนทำให้ รู้สึกเหมือนอยู่บนสวรรค์
33-0156	map_place	A sophisticated bar favored by those in the entertainment industry. It has a polished sort of vibe that helps you forget your problems at the door, or at least at the bottom of a glass. The owner is very picky about his wine, and his selection would impress even the snobbiest sommelier.	บาร์หรูที่คนในวงการบันเทิงชื่นชอบ มีบรรยากาศเรียบหรูที่ช่วยให้ คุณลืมปัญหาไว้ที่หน้าประตู หรืออย่างน้อยก็ที่ก้นแก้ว เจ้าของร้านพิถีพิถันเรื่องไวน์มาก คอลเลกชันไวน์ของเขาทำเอาซอมเมอ ลิเยร์เจ้ายศเจ้าอย่าง ยังต้องทึ่ง
33-0157	map_place	Mantai Internet Café (Theater Square)	ร้านอินเทอร์เน็ตคาเฟ่มันไท (เธียเตอร์สแควร์)
33-0158	map_place	A net café based in the Kanto area. Their aim is to provide a comfortable, private space, so their rooms are specifically tailored to accomodate one person. They also feature high-end PCs and a variety of meal options, making it a favorite among web surfers.	เน็ตคาเฟ่ในย่านคันโต ตั้งใจมอบพื้นที่ส่วนตัวที่สะดวกสบาย ห้องแต่ละห้องจึงออกแบบมาสำหรับ คนเดียวโดยเฉพาะ ยังมีคอมพิวเตอร์สเปกสูงและเมนู อาหารหลากหลาย จนกลายเป็นร้านโปรดของเหล่านัก ท่องเน็ต
33-0159	map_place	A black market store that lies in the bottom of the sewers. The owner will trade you some sketchy (but situationally useful) items in exchange for listening to you reminisce about your past. That's just the kinda guy he is.	ร้านตลาดมืดที่ซ่อนตัวอยู่ก้น ท่อระบายน้ำ เจ้าของร้านพร้อมแลกไอเทมแปลก ๆ (แต่ใช้งานได้จริงในบางสถานการณ์) กับการฟังคุณรำลึกความหลัง เขาเป็นคนแบบนั้นแหละ
33-0160	map_place	Senryo Third Building	อาคารเซ็นเรียวที่ 3
33-0161	map_place	Hills Garden	ฮิลส์การ์เดน
33-0162	map_place	Moroboshi Clinic	คลินิกโมโรโบชิ
33-0163	map_place	A man who acts as the local physician for Kamurocho's homeless community. Although his services normally cost an arm and a leg, he is sympathetic to those affected by the criminal underworld, and treats the kind of people that other clinics would reject.	ชายผู้ทำหน้าที่เป็นแพทย์ประจำ ชุมชนคนไร้บ้านแห่งคามุโรโจ แม้ค่ารักษาตามปกติจะแพงหูฉี่ แต่เขาก็เห็นใจผู้ที่ได้รับ ผลกระทบจากโลกใต้ดิน และรักษาคนที่คลินิกอื่นปฏิเสธ
33-0164	map_place	The largest yakiniku chain in all of Japan. They believe yakiniku has the magic to make people happy. As such, each of their restaurants has a lively atmosphere rarely found anywhere else.	เชนยากินิกุที่ใหญ่ที่สุดในญี่ปุ่น พวกเขาเชื่อว่ายากินิกุมี เวทมนตร์ที่ทำให้คนมีความสุขได้ ร้านแต่ละสาขาจึงมีบรรยากาศ คึกคักที่หาที่ไหนไม่ได้อีกแล้ว
33-0165	map_place	A brand-new mahjong parlor that just opened up in Kamurocho. You can play with high-risk, high-reward rules such as "wareme." If you claim to be a master of mahjong, this is the place to prove it.	ร้านมาจองใหม่เอี่ยมที่เพิ่ง เปิดในคามุโรโจ เล่นกติกาเสี่ยงสูงได้ผลตอบแทน สูงอย่าง "วาเระเมะ" ได้ที่นี่ ถ้าคุณอ้างว่าเป็นเซียนมาจอง นี่คือที่ที่จะได้พิสูจน์ฝีมือ
33-0166	map_place	Turtle Financing (Break Room)	เทอร์เทิลไฟแนนซิ่ง (ห้องพักผ่อน)
33-0167	map_place	The break room for Turtle Financing employees. Located on the third floor.	ห้องพักผ่อนสำหรับพนักงาน เทอร์เทิลไฟแนนซิ่ง อยู่ที่ชั้น 3
33-0168	map_place	Apple Pie (Break Room)	แอปเปิลพาย (ห้องพักผ่อน)
33-0169	map_place	The break room for Apple Pie employees. Located on the second floor.	ห้องพักผ่อนสำหรับพนักงานแอปเปิลพาย อยู่ที่ชั้น 2
33-0170	map_place	Kamuro Theater (Smoking Area)	โรงละครคามุโร (พื้นที่สูบบุหรี่)
33-0171	map_place	A smoking area inside of Kamuro Theater. Middle-aged men and club promoters can be found lounging around inside.	พื้นที่สูบบุหรี่ภายในโรงละครคามุโร มักพบผู้ชายวัยกลางคนและ โปรโมเตอร์คลับมานั่งพักผ่อน อยู่ที่นี่
33-0172	map_place	Café Alps (Break Area)	คาเฟ่อัลป์ส (พื้นที่พักผ่อน)
33-0173	map_place	A small area behind Café Alps where baristas go on break.	พื้นที่เล็ก ๆ ด้านหลังคาเฟ่อัลป์ส ที่บาริสต้าใช้พักระหว่างงาน
33-0174	map_place	Kanrai (Host's Hangout)	คันไร (มุมพักของโฮสต์)
33-0175	map_place	A space inside of Kanrai where hosts tend to gather regardless of the hour.	พื้นที่ภายในคันไร ที่เหล่าโฮสต์มักมารวมตัวกันไม่ ว่าจะเวลาไหนก็ตาม
33-0176	map_place	A facility that create new drone parts if you provide the necessary funding and materials. Located next to the drone race reception desk.	สถานที่ผลิตชิ้นส่วนโดรนใหม่ หากคุณมีทุนทรัพย์และวัตถุดิบ ที่จำเป็น อยู่ติดกับเคาน์เตอร์ลงทะเบียน แข่งขันโดรน
33-0177	map_place	North Hotel District	ย่านโรงแรมเหนือ
33-0178	map_place	Turtle Financing	เทอร์เทิลไฟแนนซิ่ง
33-0179	map_place	Dragon's Palace 1F	วังมังกร ชั้น 1
33-0180	map_place	Dragon's Palace 2F	วังมังกร ชั้น 2
33-0181	map_place	Dragon's Palace 3F	วังมังกร ชั้น 3
33-0182	map_place	Dragon's Palace 4F	วังมังกร ชั้น 4
33-0183	map_place	Gambling Hall (Dragon's Palace)	บ่อนพนัน (วังมังกร)
33-0184	map_place	Casino (Dragon's Palace)	คาสิโน (วังมังกร)
33-0185	map_place	KJ Art 1F	KJ Art ชั้น 1
33-0186	map_place	KJ Art 2F	KJ Art ชั้น 2
33-0187	map_place	KJ Art 3F	KJ Art ชั้น 3
33-0188	map_place	KJ Art 4F	KJ Art ชั้น 4
33-0189	map_place	KJ Art 5F	KJ Art ชั้น 5
33-0190	map_place	Matsugane Family Office 1F	สำนักงานตระกูลมัตสึกาเนะ ชั้น 1
33-0191	map_place	Matsugane Family Office 2F	สำนักงานตระกูลมัตสึกาเนะ ชั้น 2
33-0192	map_place	ADDC Main Building 1F	ADDC อาคารหลัก ชั้น 1
33-0193	map_place	ADDC Main Building 2F	ADDC อาคารหลัก ชั้น 2
33-0194	map_place	ADDC General Ward 4F	ADDC หอผู้ป่วยทั่วไป ชั้น 4
33-0195	map_place	ADDC Research Wing 4F	ADDC ปีกวิจัย ชั้น 4
33-0196	map_place	ADDC Skyway	ADDC สกายเวย์
33-0197	map_place	ADDC Underground Parking Lot	ADDC ลานจอดรถใต้ดิน
33-0198	map_place	Takumi Katagiri Press Conference Hall	หอแถลงข่าวทาคุมิ คาตากิริ
33-0199	map_place	Millennium Tower 2F	มิลเลนเนียมทาวเวอร์ ชั้น 2
33-0200	map_place	Millennium Tower 3F	มิลเลนเนียมทาวเวอร์ ชั้น 3
33-0201	map_place	KJ Art Rooftop	KJ Art ดาดฟ้า
33-0202	map_place	ADDC Parking Lot	ADDC ลานจอดรถ
33-0203	map_place	Soleil Building 1F	ตึกโซเลย์ ชั้น 1
33-0204	map_place	Soleil Building 2F	ตึกโซเลย์ ชั้น 2
33-0205	map_place	Soleil Building 3F	ตึกโซเลย์ ชั้น 3
33-0206	map_place	Soleil Building 4F	ตึกโซเลย์ ชั้น 4
33-0207	map_place	Soleil Building 5F	ตึกโซเลย์ ชั้น 5
33-0208	map_place	Soleil Building 6F	ตึกโซเลย์ ชั้น 6
33-0209	map_place	Cabaret Honmaruen 1F	คาบาเรต์ฮนมารุเอ็น ชั้น 1
33-0210	map_place	Cabaret Honmaruen 2F	คาบาเรต์ฮนมารุเอ็น ชั้น 2
33-0211	map_place	Cabaret Honmaruen 3F	คาบาเรต์ฮนมารุเอ็น ชั้น 3
33-0212	map_place	Monsieur Lee 1F	มองซิเออร์ลี ชั้น 1
33-0213	map_place	Monsieur Lee 2F	มองซิเออร์ลี ชั้น 2
33-0214	map_place	Monsieur Lee 3F	มองซิเออร์ลี ชั้น 3
33-0215	map_place	Kikunoya	คิคุโนยะ
33-0216	map_place	An erotic massage parlor near the Tenkaichi Street Entrance. If you've ever felt like having a wife all to yourself for the evening, this is the place to live out that awkward fantasy. Their staff is specially trained to handle soppy men as well as give men soppy handling.	ร้านนวดแนวอิโรติกใกล้ทางเข้า ถนนเทนไคจิ หากคุณเคยอยากมีภรรยาเป็น ของตัวเองสักคืน นี่คือที่ที่จะได้สัมผัส จินตนาการสุดพิลึกนั้น พนักงานผ่านการฝึกมาเป็นพิเศษ ทั้งรับมือกับผู้ชายขี้อ้อน และมอบการดูแลแบบขี้อ้อนให้ ผู้ชายด้วยเช่นกัน
33-0217	map_place	Kamuro Theater Garden	สวนโรงละครคามุโร
33-0218	map_place	Kamuro Lock & Key	คามุโร ล็อกแอนด์คีย์
33-0219	map_place	Kamurocho Hills	คามุโรโจฮิลส์
33-0220	map_place	Kamuro Theater	โรงละครคามุโร
33-0221	map_place	Kamuro Theater B1	โรงละครคามุโร ชั้น B1
33-0222	qsearch_result	Tamazo the Drunk @Tamazo	ทามาโซ่ขี้เมา @Tamazo
33-0223	qsearch_result	Well, looks like Serenade's totally gone to shit. Get rid of that bitchface Aragaki and I'll THINK about going back	เอาจริงดิ เซเรเนด พังไม่มีชิ้นดีแล้วอะ ไล่ไอ้หน้าตัวเมียอารากากิออกไปสิ แล้วกูจะลองคิดดูว่าจะกลับไปมั้ย
33-0224	qsearch_result	1m ago	1 นาทีที่แล้ว
33-0225	qsearch_result	Street Survivor @St_survivor	นักสู้ข้างถนน @St_survivor
33-0226	qsearch_result	Just saying, Devil Aragaki's new album is FIRE, y'all\n#devilaragaki #jrock #indietop100	บอกไว้เฉย ๆ นะ อัลบั้มใหม่ของ เดวิลอารากากิ เดือดมาก\n#devilaragaki #jrock #indietop100
33-0227	qsearch_result	3m ago	3 นาทีที่แล้ว
33-0228	qsearch_result	Idol Photoshoot Info @idol_info	ข่าวถ่ายแบบไอดอล @idol_info
33-0229	qsearch_result	Today's models: Ruri Tomoe, Setsuna Aragaki, Mrs. Malone	นางแบบวันนี้: รูริ โทโมเอะ, เซ็ตสึนะ อารากากิ, มิสซิสมาโลน
33-0230	qsearch_result	4m ago	4 นาทีที่แล้ว
33-0231	qsearch_result	Yamazaki (Open Beta Boyz) @zakiyama	ยามาซากิ (Open Beta Boyz) @zakiyama
33-0232	qsearch_result	Aragaki bout to get his ass WHOOPED over the money he ran off with! If u readin this u gonna get SHANKED!	อารากากิใกล้โดนอัดหนักแน่ เรื่องเงินที่มันชิ่งหนีไป! ถ้าอ่านอยู่นี่คือมึงจะโดนแทงว่ะ!
33-0233	qsearch_result	7m ago	7 นาทีที่แล้ว
33-0234	qsearch_result	Sharkbear @Sharkuma	ชาร์คแบร์ @Sharkuma
33-0235	qsearch_result	Omg Aragaki-chan u would be SUCH A GOOD hostess! Now go get that money honey! #ladyhustlers	โอ้โห อารากากิจัง เป็นโฮสเตสได้เก่งมากแน่ ๆ! ไปตะลุยหาเงินเลยจ้า! #สาวนักล่าเงิน
33-0236	qsearch_result	8m ago	8 นาทีที่แล้ว
33-0237	qsearch_result	A Humble Salaryman @blue_mountain	มนุษย์เงินเดือนถ่อมตัว @blue_mountain
33-0238	qsearch_result	Today's plan: drown myself in booze and women at Amour. Hope Aragaki-san can hook it up with some "extra special service."	แผนวันนี้: จมอยู่กับเหล้าและผู้หญิงที่ คลับอามูร์ หวังว่าอารากากิซังจะจัดให้ "บริการพิเศษสุด ๆ" ได้
33-0239	qsearch_result	24m ago	24 นาทีที่แล้ว
33-0240	qsearch_result	Jobless Takuya @takuchan	ทาคุยะตกงาน @takuchan
33-0241	qsearch_result	I can never seem to beat Aragaki-san at pachinko. Guess he ain't the manager of a ritzy joint like Amour for nothin'!	เอาชนะอารากากิซังที่ปาจิงโกะ ไม่ได้สักที ก็นะ เขาไม่ได้เป็นผู้จัดการร้านหรู อย่างอามูร์เพราะโชคช่วยหรอก!
33-0242	qsearch_result	25m ago	25 นาทีที่แล้ว
33-0243	qsearch_result	Minimalist Aoi @x_A_O_I_x	อาโออิสายมินิมอล @x_A_O_I_x
33-0244	qsearch_result	Aragaki said he was a manager of this huuuuuge club but he's actually just a pencil-pusher for a dinky little shithole LOL	อารากากิบอกว่าเป็นผู้จัดการ คลับใหญ่โตมโหฬาร แต่จริง ๆ แค่เสมียนกระจอกของร้านห่วย ๆ เล็ก ๆ 555
33-0245	qsearch_result	26m ago	26 นาทีที่แล้ว
33-0246	qsearch_result	25 Y.O. & Swole @Gentle_inoue	อายุ 25 กล้ามล่ำ @Gentle_inoue
33-0247	qsearch_result	Heard Aragaki-san from Club Amour got pissed today cause he lost at pachinko again...	ได้ยินว่าอารากากิซังจาก คลับอามูร์วันนี้อารมณ์เสีย เพราะแพ้ปาจิงโกะอีกแล้ว...
33-0248	qsearch_result	10m ago	10 นาทีที่แล้ว
33-0249	qsearch_result	Sexy Seiko @sei_love_sei	เซโกะสุดเซ็กซี่ @sei_love_sei
33-0250	qsearch_result	@mitsukitten Joke: Regulus and Yuto\nWoke: Stardust and Seiya	@mitsukitten มุกตลก: เรกูลุสกับยูโตะ\nมุกเจ๋ง: สตาร์ดัสต์กับเซยะ
33-0251	qsearch_result	2m ago	2 นาทีที่แล้ว
33-0252	qsearch_result	Soft & Salty @000salt000	อ่อนหวานแต่เค็ม @000salt000
33-0253	qsearch_result	Going out to eat with Seiya-kun from Stardust pretty soon. Where should we go?	อีกไม่นานจะไปกินข้าวกับเซยะคุง จากสตาร์ดัสต์ ควรไปร้านไหนดี?
33-0254	qsearch_result	16m ago	16 นาทีที่แล้ว
33-0255	qsearch_result	Artificial Intelligence @AI_chan	ปัญญาประดิษฐ์ @AI_chan
33-0256	qsearch_result	omg im so into seiya rn. been going to stardust everyday lol	โอ้โห ตอนนี้ตกหลุมรักเซยะเข้าอย่างจัง ไปสตาร์ดัสต์ทุกวันเลย 555
33-0257	qsearch_result	18m ago	18 นาทีที่แล้ว
33-0258	qsearch_result	Ah-Zoo-Sah @azuazu_sa_star	อาซึสะ @azuazu_sa_star
33-0259	qsearch_result	Gonna go play with Seiya over at Stardust today... Think I can get him to play with me?	วันนี้จะไปเล่นกับเซยะที่สตาร์ดัสต์... คิดว่าจะดึงตัวเขามาเล่นกับเราได้มั้ย?
33-0260	qsearch_result	Peach Loli @momocorori	พีชโลลิ @momocorori
33-0261	qsearch_result	I wanna see Seiya-kun too! You think Stardust's busy?	อยากไปเจอเซยะคุงด้วยอะ! คิดว่าสตาร์ดัสต์คนเยอะมั้ย?
33-0262	qsearch_result	Hero [Insert Status Ailment Here] @wizardseeker	ฮีโร่ [ใส่สเตตัสผิดปกติตรงนี้] @wizardseeker
33-0263	qsearch_result	Can't you all shut up about Stardust and Seiya? You know what they say about girls who need hosts!	หยุดพูดเรื่องสตาร์ดัสต์กับเซยะ ได้มั้ย? รู้ใช่มั้ยว่าเขาพูดกันยังไง เรื่องผู้หญิงที่ต้องพึ่งโฮสต์!
33-0264	qsearch_result	KAREN @JokerXJoker	คาเรน @JokerXJoker
33-0265	qsearch_result	I usually play elsewhere, but then this hot guy walked in and name-dropped Stardust. Ever heard of Seiya?	ปกติไปเล่นที่อื่น แต่จู่ ๆ หนุ่มหล่อคนนึงเดินเข้ามาแล้ว พูดถึงสตาร์ดัสต์ เคยได้ยินชื่อเซยะมั้ย?
33-0266	qsearch_result	22m ago	22 นาทีที่แล้ว
33-0267	qsearch_result	Desperate Housewife @seiya_kirakira	แม่บ้านสิ้นหวัง @seiya_kirakira
33-0268	qsearch_result	I'd prefer to play with Seiya all by myself. Maybe I should reserve the entire club sometime?	อยากเล่นกับเซยะคนเดียวมากกว่า สักวันน่าจะจองทั้งร้านเลยดีมั้ยนะ?
33-0269	qsearch_result	42m ago	42 นาทีที่แล้ว
33-0270	qsearch_result	Gossip Gal @a_n_o_k_o	สาวปากโป้ง @a_n_o_k_o
33-0271	qsearch_result	I like playing with host boys, but whenever I'm with Seiya from Stardust, it's like he's playing me.	ชอบเล่นกับโฮสต์หนุ่ม แต่ทุกครั้งที่อยู่กับเซยะจาก สตาร์ดัสต์ รู้สึกเหมือนโดนเล่นเสียเองมากกว่า
33-0272	qsearch_result	56m ago	56 นาทีที่แล้ว
33-0273	qsearch_result	S'more Kitten @calicomewmew	ลูกแมวเอสมอร์ @calicomewmew
33-0274	qsearch_result	Seiya mentioned some new gastropub opening up near Stardust. Think the food's any good?	เซยะพูดถึงแกสโตรพับใหม่ที่เปิด ใกล้สตาร์ดัสต์ คิดว่าอาหารอร่อยมั้ย?
33-0275	qsearch_result	21m ago	21 นาทีที่แล้ว
33-0276	qsearch_result	Speedy McRiverstone @ishikawaSP	สปีดี้ แม็คริเวอร์สโตน @ishikawaSP
33-0277	qsearch_result	Wait, what? Seiya hasn't been pulling in that much at Stardust lately? LOL, serves him right!	เดี๋ยวนะ อะไรนะ? เซยะทำยอดที่สตาร์ดัสต์ได้ไม่ดี ช่วงนี้เหรอ? 555 สมน้ำหน้า!
33-0278	qsearch_result	40m ago	40 นาทีที่แล้ว
33-0279	qsearch_result	Beansprout Babe @dark_moyashi	สาวถั่วงอก @dark_moyashi
33-0280	qsearch_result	I hope Seiya-kun wants to go out to eat! Stardust doesn't really have much food on their menu...	หวังว่าเซยะคุงจะอยากออกไปกินข้าวด้วย! เมนูที่สตาร์ดัสต์มีของกินไม่ เยอะเท่าไหร่...
33-0281	qsearch_result	Married with Children Maki @makkiiiiii	มากิแม่ลูกอ่อน @makkiiiiii
33-0282	qsearch_result	Seiya-kun from Stardust sure knows a lot about food and fine dining ♪ I swear he's making me fat xD	เซยะคุงจากสตาร์ดัสต์รู้เรื่อง อาหารและร้านหรูเยอะมากจริง ๆ สาบานเลยว่าทำให้อ้วนขึ้นแน่ ๆ 555
33-0283	qsearch_result	2h ago	2 ชั่วโมงที่แล้ว
33-0284	qsearch_result	Real Tokyo Sugar @makeitraincandy	สาวหวานโตเกียวตัวจริง @makeitraincandy
33-0285	qsearch_result	Time to go out with THE Seiya from Stardust! My gahd, I'm so nervous!!!	ได้เวลาออกเดตกับเซยะแห่งสตาร์ ดัสต์ตัวจริงแล้ว! โอ้พระเจ้า ตื่นเต้นสุด ๆ!!!
33-0286	qsearch_result	19m ago	19 นาทีที่แล้ว
33-0287	qsearch_result	Yukaringo @Apple_heart	ยูคาริงโกะ @Apple_heart
33-0288	qsearch_result	Seiya-kun said he wanted to meet me *outside* of Stardust... Is this what a date feels like!?	เซยะคุงบอกว่าอยากเจอกันนอก คลับสตาร์ดัสต์... นี่คือความรู้สึกตอนเดตใช่มั้ยเนี่ย!?
33-0289	qsearch_result	Chibi Cat @moenyan0908	แมวจิ๋ว @moenyan0908
33-0290	qsearch_result	Done with work. Off to meet Seiya-kun. Heading to Stardust. Would prefer a nice, secluded alley. Hot.	เลิกงานแล้ว กำลังจะไปเจอเซยะคุง มุ่งหน้าไปสตาร์ดัสต์ อยากได้ซอกซอยเงียบ ๆ หน่อยนะ ร้อนแรง
33-0291	qsearch_result	31m ago	31 นาทีที่แล้ว
33-0292	qsearch_result	Bootycall Mai @maydaymayday	ไมสายเรียกตอนดึก @maydaymayday
33-0293	qsearch_result	So I just met with Seiya-kun at Kanrai and GUUURRRL does he look DELICIOUS! Can't wait to start this DATE!	เพิ่งเจอเซยะคุงที่คันไรมา แง๊าา หล่อจนกินได้เลยอะ! รอเดตนี้ไม่ไหวแล้ว!
33-0294	qsearch_result	Spring Child @haruko_1125	เด็กหน้าใส @haruko_1125
33-0295	qsearch_result	Came all the way from Kyoto for some limited Japanese sweets. Anyone would do the same.	มาไกลจากเกียวโตแค่เพื่อขนมหวาน ญี่ปุ่นรุ่นลิมิเต็ด ใครก็คงทำแบบเดียวกัน
33-0296	qsearch_result	30s ago	30 วินาทีที่แล้ว
33-0297	qsearch_result	Ichi the Thriller @1chanchan	อิจิจอมตื่นเต้น @1chanchan
33-0298	qsearch_result	Are Japanese sweets making a comeback? There's been a huge line for some limited quantity thing.	ขนมหวานญี่ปุ่นกำลังกลับมาฮิต อีกครั้งเหรอ? มีคิวยาวเหยียดสำหรับของ ลิมิเต็ดจำนวนจำกัด
33-0299	qsearch_result	Poochy @happy_puchi	พูชี่ @happy_puchi
33-0300	qsearch_result	Japanese sweets are always good with matcha! Plus they taste better when they're limited hehe	ขนมหวานญี่ปุ่นเข้ากับมัทฉะเสมอ! แถมยิ่งเป็นรุ่นลิมิเต็ดยิ่ง อร่อยขึ้นอีก ฮิฮิ
33-0301	qsearch_result	Ayumi @ayumi_chan	อายุมิ @ayumi_chan
33-0302	qsearch_result	Tried the limited matcha soft serve. Does this count as traditional japanese sweets?	ลองไอศกรีมซอฟต์เสิร์ฟมัทฉะรุ่น ลิมิเต็ดมา นี่นับเป็นขนมหวานญี่ปุ่นแบบ ดั้งเดิมมั้ยนะ?
33-0303	qsearch_result	20m ago	20 นาทีที่แล้ว
33-0304	qsearch_result	MasaoDancedCrazy @mastermind_masao	มาซาโอะเต้นบ้าคลั่ง @mastermind_masao
33-0305	qsearch_result	Confectioneries HATE him! Click this limited link to make your matcha sweets earn BIG BUCKS!	ร้านขนมพากันเกลียดเขา! คลิกลิงก์ลิมิเต็ดนี้เพื่อทำ เงินก้อนโตจากขนมมัทฉะของคุณ!
33-0306	qsearch_result	1h ago	1 ชั่วโมงที่แล้ว
33-0307	qsearch_result	Benihana @akaihana	เบนิฮานะ @akaihana
33-0308	qsearch_result	Japan has limited matcha sweets everywhere, but for some reason I keep buying 'em whenever I see 'em	ญี่ปุ่นมีขนมมัทฉะรุ่นลิมิเต็ด อยู่ทุกที่ แต่ไม่รู้ทำไมเห็นทีไรเป็นต้อง ซื้อทุกที
33-0309	qsearch_result	3h ago	3 ชั่วโมงที่แล้ว
33-0310	qsearch_result	Kazu-kun the Traveler @kazu_and_yuiko	คาซึคุงนักเดินทาง @kazu_and_yuiko
33-0311	qsearch_result	I now know what souvenirs to get for my sweet-toothed friends: Limited matcha wafers! ♪	ตอนนี้รู้แล้วว่าจะซื้อของฝาก อะไรให้เพื่อนสายหวาน: เวเฟอร์มัทฉะรุ่นลิมิเต็ดไงล่ะ!
33-0312	qsearch_result	account has been changed or deleted @xxxx_xxxx	บัญชีนี้ถูกเปลี่ยนหรือลบไปแล้ว @xxxx_xxxx
33-0313	qsearch_result	I don't care if it's limited or popular or whatever. The only sweets I approve of are stuffed with red bean!	ไม่สนหรอกว่าจะลิมิเต็ดหรือฮิตแค่ไหน ขนมที่ยอมรับได้มีแค่ไส้ถั่วแดง เท่านั้น!
33-0314	qsearch_result	Anna @anna_bolic	แอนนา @anna_bolic
33-0315	qsearch_result	I want something with red bean... Ugh, shouldn't have read the article about the limited seasonal sweets.	อยากกินอะไรที่มีถั่วแดง... เชอะ ไม่น่าไปอ่านบทความเรื่องขนม ตามฤดูกาลรุ่นลิมิเต็ดเลย
33-0316	qsearch_result	35m ago	35 นาทีที่แล้ว
33-0317	qsearch_result	Universal Yuika @only_love_v5	ยูอิกะสากล @only_love_v5
33-0318	qsearch_result	Red bean's bad for dieting... said the girl who's currently stuffing her face with limited Japanese sweets!	ถั่วแดงไม่ดีต่อการลดน้ำหนักนะ... คนพูดคือสาวที่กำลังยัดขนมหวาน ญี่ปุ่นรุ่นลิมิเต็ดเข้า ปากอยู่นี่แหละ!
33-0319	qsearch_result	O RLY @oreoreore	จริงดิ @oreoreore
33-0320	qsearch_result	LET ME JUST SAY THAT IF IT HAS THAT SWEET RED BEAN PASTE, IM 1000% DOWN, LIMITED OR NOT	ขอบอกไว้เลยว่าถ้ามีไส้ถั่วแดงหวาน ๆ กูเอาด้วย 1000% ไม่ว่าจะลิมิเต็ดหรือไม่ก็ตาม
33-0321	qsearch_result	Carnivore @meatmuncher	สายกินเนื้อ @meatmuncher
33-0322	qsearch_result	Those limited red bean sweets were... Well, I could eat them until my stomach bursts open and I die :-)	ขนมถั่วแดงรุ่นลิมิเต็ดพวกนั้นน่ะ... กินได้จนท้องแตกตายเลยล่ะ :-)
33-0323	qsearch_result	5h ago	5 ชั่วโมงที่แล้ว
33-0324	qsearch_result	Issei @hoshino1 	อิสเซย์ @hoshino1
33-0325	qsearch_result	Seeing Saori-san nibble on limited sweets is the cutest thing ever. She's cute for lots of reasons, though.	เห็นซาโอริซังแทะขนมรุ่น ลิมิเต็ดคือน่ารักที่สุดในโลก แต่จริง ๆ เธอน่ารักด้วยเหตุผลอีกเยอะแยะนะ
33-0326	qsearch_result	8h ago	8 ชั่วโมงที่แล้ว
33-0327	qsearch_result	Tanuki-Do Sapporo @tanuki_hokkaido	ทานุกิโดซัปโปโร @tanuki_hokkaido
33-0328	qsearch_result	Try limited red-bean mochi at Tanuki-Do, a traditional Japanese sweets shop, at our new Sapporo location!	ลองโมจิถั่วแดงรุ่นลิมิเต็ดที่ ทานุกิโด ร้านขนมหวานญี่ปุ่นแบบดั้งเดิม ที่สาขาใหม่ในซัปโปโร!
33-0329	qsearch_result	Lisa Rivers @RisaKawa	ลิซ่า ริเวอร์ส @RisaKawa
33-0330	qsearch_result	I want the sticky bun from the sweets shop around the corner. It's limited, so I'm lining up before they open.	อยากได้ขนมปังเหนียวจากร้าน ขนมหวานหัวมุมถนน เป็นรุ่นลิมิเต็ด เลยมาต่อคิวตั้งแต่ร้านยังไม่เปิด
33-0331	qsearch_result	Imatake @imatakenomistake777	อิมาทาเกะ @imatakenomistake777
33-0332	qsearch_result	U have to be there as the doors open or u wont get anything good. That's just how limited sweets are fam	ต้องไปตั้งแต่ร้านเปิดประตูเลย ไม่งั้นไม่เหลือของดีแน่ ขนมลิมิเต็ดมันเป็นแบบนี้แหละเพื่อน
33-0333	qsearch_result	Mickey Motown @39mikimoto	มิกกี้ โมทาวน์ @39mikimoto
33-0334	qsearch_result	Dude, it has a crazy long line! They have limited quantity sweets, so people line up before they open	เพื่อน คิวยาวโคตร ๆ! เพราะมีขนมจำนวนจำกัด คนเลยมาต่อแถวก่อนร้านเปิดกันเลย
33-0335	qsearch_result	Wanton Watanabe @watanabesanpo	วาตานาเบะสายกิน @watanabesanpo
33-0336	qsearch_result	Went to the sweets shop everyone's been talking about & got their limited mochi for their grand opening	ไปร้านขนมที่ทุกคนพูดถึงกันมา แล้วได้โมจิรุ่นลิมิเต็ดสำหรับ วันเปิดร้านมาด้วย
33-0337	qsearch_result	Kobayashi @coldblood_yashi	โคบายาชิ @coldblood_yashi
33-0338	qsearch_result	Takemitsu opened in Kamurocho!? Heard they were the rage back in Kyoto, so I tried their limited warabimochi	ทาเคมิตสึมาเปิดที่คามุโรโจด้วยเหรอ!? ได้ยินว่าดังมากตอนอยู่เกียวโต เลยลองวาราบิโมจิรุ่นลิมิเต็ด ของร้านดู
33-0339	qsearch_result	Miss Yuki @snowsan	มิสยูกิ @snowsan
33-0340	qsearch_result	I went to Takemitsu right at opening but they were out of limited edition sweets! Goddammit Kamurocho!	ไปทาเคมิตสึตั้งแต่ร้านเปิดเลย แต่ขนมรุ่นลิมิเต็ดหมดซะแล้ว! เวรกรรมคามุโรโจ!
33-0341	qsearch_result	Friendly Motorist @tomomoto	นักขับมอเตอร์ไซค์ใจดี @tomomoto
33-0342	qsearch_result	I'm in Kamurocho and there's a huge line at Takemitsu. Heard they got limited edition sweets for the opening.	ตอนนี้อยู่คามุโรโจ คิวที่ทาเคมิตสึยาวมาก ได้ยินว่ามีขนมรุ่นลิมิเต็ด สำหรับวันเปิดร้าน
33-0343	qsearch_result	Ayummy @ultra_cute_ayami	อายามิแสนอร่อย @ultra_cute_ayami
33-0344	qsearch_result	I'm going to Kamurocho today, so of course I hit up Takemitsu! Glad one opened nearby ♪	วันนี้จะไปคามุโรโจ แน่นอนว่าต้องแวะทาเคมิตสึด้วย! ดีใจที่มีสาขาเปิดใกล้ ๆ
33-0345	qsearch_result	Basic Rei @zero123456789	เรย์ธรรมดา @zero123456789
33-0346	qsearch_result	Heard a new sweets shop opened in Kamurocho, so I slipped out to get some sugary limited goodness!	ได้ยินว่ามีร้านขนมใหม่เปิดที่ คามุโรโจ เลยแอบหนีออกมาซื้อของหวานรุ่น ลิมิเต็ดหน่อย!
33-0347	qsearch_result	Takuya @watchuknowboutakuya	ทาคุยะ @watchuknowboutakuya
33-0348	qsearch_result	lol @ Japan feeling blessed for having "limited sweets" even though they never actually buy it	555 คนญี่ปุ่นรู้สึกโชคดีที่มี "ขนมลิมิเต็ด" ทั้งที่ตัวเองไม่เคยซื้อจริงสักที
33-0349	qsearch_result	Yuzu @squareXO	ยูซึ @squareXO
33-0350	qsearch_result	How much does Wild Jackson pay per hour? I'm thinkin it would make a decent part time job.	ไวลด์แจ็คสันจ่ายค่าแรงชั่วโมง ละเท่าไหร่นะ? คิดว่าน่าจะเป็นงานพาร์ตไทม์ที่ดีอยู่
33-0351	qsearch_result	Pigeon Poop @popopopooooop	อึนกพิราบ @popopopooooop
33-0352	qsearch_result	Does Wild Jackson not exist anywhere else? No one's ever heard of it out here in the sticks...	ไวลด์แจ็คสันไม่มีสาขาที่อื่นเลยเหรอ? แถวบ้านนอกนี่ไม่มีใครรู้จักเลย...
33-0353	qsearch_result	Twenty-Ten Records @2010Re	ทเวนตี้เท็นเรคคอร์ดส์ @2010Re
33-0354	qsearch_result	It's been a cool minute since I had some good chicken, so I decided to spice it up with Wild Jackson. No regrets!	ไม่ได้กินไก่อร่อย ๆ มาสักพักแล้ว เลยตัดสินใจเพิ่มรสชาติด้วย ไวลด์แจ็คสัน ไม่เสียใจเลย!
33-0355	qsearch_result	13m ago	13 นาทีที่แล้ว
33-0356	qsearch_result	Felix Cane @catsndogs	เฟลิกซ์ เคน @catsndogs
33-0357	qsearch_result	I lick my fingers clean after a big bucket of Wild Jackson's fried chicken. Nom city biaaatch	เลียนิ้วจนสะอาดเกลี้ยงหลังกิน ไก่ทอดถังใหญ่จากไวลด์แจ็คสัน อร่อยจนต้องร้องขอชีวิต
33-0358	qsearch_result	Savannah @vannabanana0326	ซาวานนาห์ @vannabanana0326
33-0359	qsearch_result	If you want some finger-lickin chicken, Wild Jackson's where it's at #realtalk #GMOfree #junkfood	ถ้าอยากกินไก่อร่อยจนต้องเลียนิ้ว ต้องไวลด์แจ็คสันเลย #พูดจริง #ไร้จีเอ็มโอ #ขยะแคลอรี
33-0360	qsearch_result	4h ago	4 ชม.ที่แล้ว
33-0361	qsearch_result	Bright Barista Kaede @hana_kaede	บาริสต้าสดใส คาเอเดะ @hana_kaede
33-0362	qsearch_result	So where does Wild Jackson get their chickens? From a farm? Overseas? Manufactured in a secret lab?	แล้วไก่ของไวลด์แจ็คสันมาจากไหนกันนะ? จากฟาร์ม? นำเข้าจากต่างประเทศ? หรือผลิตในแล็บลับ?
33-0363	qsearch_result	23h ago	23 ชม.ที่แล้ว
33-0364	qsearch_result	Omochi @Game_navi	โอโมจิ @Game_navi
33-0365	qsearch_result	Who's the chick that always says "Eat more chicken!" in the Wild Jackson commercials? She's bae.	สาวที่พูดว่า "กินไก่เพิ่มอีกนะ!" ในโฆษณาไวลด์แจ็คสันคือใครกันนะ? สวยจนใจสั่น
33-0366	qsearch_result	1d ago	1 วันที่แล้ว
33-0367	qsearch_result	Imperial Knight @hailtotheking	อัศวินจักรพรรดิ @hailtotheking
33-0368	qsearch_result	@domacha Not trying to cause a scandal here, but I'm sick of Wild Jackson. 	@domacha ไม่ได้จะทำให้เป็นเรื่องอื้อฉาว อะไรหรอกนะ แต่ฉันเบื่อไวลด์แจ็คสันเต็มทีแล้ว 
33-0369	qsearch_result	32m ago	32 นาทีที่แล้ว
33-0370	qsearch_result	Miyu Miyu @star_krkr_miyu	มิยุ มิยุ @star_krkr_miyu
33-0371	qsearch_result	It's not just Wild Jackson that's terrible! All fast food is literally TOXIC to your body! It's a worldwide scandal!	ไม่ใช่แค่ไวลด์แจ็คสันที่แย่หรอกนะ! ฟาสต์ฟู้ดทุกเจ้ามันคือ "พิษ" ต่อร่างกายทั้งนั้น! นี่คือเรื่องอื้อฉาวระดับโลกเลยนะ!
33-0372	qsearch_result	Cheapsk8er @EdensMoney	จอมประหยัด @EdensMoney
33-0373	qsearch_result	Wild Jackson tastes fine, but their prices are scandalous! I'd get way more food at a diner for the same price!	ไวลด์แจ็คสันรสชาติก็โอเคนะ แต่ราคาโหดจนน่าอื้อฉาว! เงินเท่ากันไปกินที่ร้านอาหาร ทั่วไปยังได้เยอะกว่าเลย!
33-0374	qsearch_result	Miyabi Sakura @MIYASAKU	มิยาบิ ซากุระ @MIYASAKU
33-0375	qsearch_result	Wild Jackson is generally pretty good. I've had stuff at other places that would literally cause a scandal.	โดยรวมไวลด์แจ็คสันก็โอเคนะ เคยกินที่ร้านอื่นที่แย่จนน่าจะ กลายเป็นข่าวอื้อฉาวได้ เลยด้วยซ้ำ
33-0376	qsearch_result	Kajiki 3500 @KaJiKimaguro	คาจิกิ 3500 @KaJiKimaguro
33-0377	qsearch_result	Am I the only one who thinks Wild Jackson is scandalously disgusting?	มีแค่ฉันคนเดียวหรือเปล่าที่คิด ว่าไวลด์แจ็คสันมันแหวะ จนน่าอื้อฉาว?
33-0378	qsearch_result	HiNaKO @___HiNaKO	ฮินาโกะ @___HiNaKO
33-0379	qsearch_result	Why do people say Wild Jackson tastes like ass? I, for one, enjoy eating it... Wild Jackson, I mean.	ทำไมคนถึงชอบพูดกันว่า ไวลด์แจ็คสันรสชาติแย่มากนักนะ? อย่างน้อยฉันก็ชอบกินมันนะ... ไวลด์แจ็คสันน่ะ
33-0380	qsearch_result	El Genio Muy Sabio @VeritableGenius	เจ้าอัจฉริยะสุดปราดเปรื่อง @VeritableGenius
33-0381	qsearch_result	You think Wild Jackson tastes like ass? Lol what gourmet bullshit do you normally eat then?	คิดว่าไวลด์แจ็คสันรสชาติแย่เหรอ? 5555 แล้วปกติแกกินของหรูอะไรกันวะ?
33-0382	qsearch_result	Kamiya-san @kmy_san	คามิยะซัง @kmy_san
33-0383	qsearch_result	Smile Burger is way too expensive and totally tastes like ass... I'd much rather eat at Wild Jackson.	สไมล์เบอร์เกอร์ทั้งแพงทั้ง รสชาติแย่มาก... ขอกินไวลด์แจ็คสันดีกว่าเยอะ
33-0384	qsearch_result	Drinks Like a Fish @sakenosakana	นักดื่มตัวยง @sakenosakana
33-0385	qsearch_result	Wild Jackson does not pair well with alcohol. Trust me, it  tastes like ass and it's oily on the way out (true story)	ไวลด์แจ็คสันกินคู่กับเหล้าไม่ เข้ากันเลยนะ เชื่อฉันสิ รสชาติแย่แถมมันตอนออกด้วย (เรื่องจริง)
33-0386	qsearch_result	12h ago	12 ชม.ที่แล้ว
33-0387	qsearch_result	Li'l Miss Tipsy @catchmeimfallin4u	สาวน้อยเมาปลิ้น @catchmeimfallin4u
33-0388	qsearch_result	Studying at Wild Jackson with friends. We mixed drinks from the soda fountain and now it tastes like ass lmao	มานั่งอ่านหนังสือที่ ไวลด์แจ็คสันกับเพื่อน เอาน้ำอัดลมจากตู้กดมาผสมกัน ตอนนี้รสชาติแย่มาก 5555
33-0389	qsearch_result	20h ago	20 ชม.ที่แล้ว
33-0390	qsearch_result	Chi-chan @small_happiness	จิจัง @small_happiness
33-0391	qsearch_result	Has Wild Jackson ever come out with any specials? I mean, I'm glad their taste never changes, but...	ไวลด์แจ็คสันเคยออกเมนูพิเศษบ้างไหมนะ? คือดีใจนะที่รสชาติไม่เคยเปลี่ยน แต่ว่า...
33-0392	qsearch_result	45m ago	45 นาทีที่แล้ว
33-0393	qsearch_result	Alpha One @AAAAA11111	อัลฟาวัน @AAAAA11111
33-0394	qsearch_result	Literally every fast food place puts out specials left and right, but nope, not Wild Jackson. Their loss.	ร้านฟาสต์ฟู้ดที่ไหนก็ออกเมนู พิเศษกันทั้งนั้น แต่ไวลด์แจ็คสันไม่เคยเลยสักครั้ง พวกเขาพลาดเองนะ
33-0395	qsearch_result	Not Natane @natane0626	ไม่ใช่นาทาเนะ @natane0626
33-0396	qsearch_result	I'd go if they had any specials. Wild Jackson really doesn't have that many options to begin with.	ถ้ามีเมนูพิเศษฉันไปแน่ ไวลด์แจ็คสันมีตัวเลือกน้อยมาก ตั้งแต่แรกอยู่แล้ว
33-0397	qsearch_result	7h ago	7 ชม.ที่แล้ว
33-0398	qsearch_result	Come on Wild Jackson, I know you can make at least ONE new special within the next 10 years :-P	เอาน่าไวลด์แจ็คสัน รู้ทั้งรู้ว่าออกเมนูพิเศษใหม่ สักเมนูภายใน 10 ปีข้างหน้าได้อยู่แล้ว :-P
33-0399	qsearch_result	15h ago	15 ชม.ที่แล้ว
33-0400	qsearch_result	The Hungry Hipster @savagevegan	ฮิปสเตอร์สุดหิว @savagevegan
33-0401	qsearch_result	#WildJacksonVeganWHEN #SameMenuForever #NewSpecials2050 #WhyImprove	#ไวลด์แจ็คสันมังสวิรัติเมื่อไหร่ #เมนูเดิมตลอดกาล #เมนูใหม่2050 #จะปรับปรุงทำไม
33-0402	qsearch_result	J. Son @Jason_sun	เจ. ซัน @Jason_sun
33-0403	qsearch_result	I'm on a diet right now, but I've been craving fried chicken. Stop tempting me, Wild Jackson...	ตอนนี้กำลังลดน้ำหนักอยู่ แต่อยากกินไก่ทอดมาก หยุดยั่วยวนฉันเถอะนะ ไวลด์แจ็คสัน...
33-0404	qsearch_result	Confused Cartographer @whereaminow	นักทำแผนที่สับสน @whereaminow
33-0405	qsearch_result	Chicken from Wild Jackson that's cooled off. Not very appetizing.	ไก่จากไวลด์แจ็คสันที่เย็นชืดแล้ว ดูไม่น่ากินเลย
33-0406	qsearch_result	14h ago	14 ชม.ที่แล้ว
33-0407	qsearch_result	Tokunaga Family Member @expandyourmember	สมาชิกครอบครัวโทคุนางะ @expandyourmember
33-0408	qsearch_result	Stayed at Wild Jackson for like an hour. Now I have to haul ass over to the meeting or suffer the taste of failure.	อยู่ที่ไวลด์แจ็คสันมาเป็นชั่วโมงเลย ตอนนี้ต้องรีบวิ่งไปประชุม ไม่งั้นได้ลิ้มรสความล้มเหลวแน่
33-0409	qsearch_result	Mokomoko the Devourer @golem_3sou	โมโกะโมโกะจอมกลืนกิน @golem_3sou
33-0410	qsearch_result	At first I thought Wild Jackson came out with some specials but all they did was cut their prices and portions	ตอนแรกนึกว่าไวลด์แจ็คสันจะออก เมนูพิเศษซะอีก สรุปแค่ลดราคาแล้วก็ลดปริมาณลง
33-0411	qsearch_result	King Kazunoko @KingkazuT	คิงคาซึโนโกะ @KingkazuT
33-0412	qsearch_result	Whenever I'm at Wild Jackson, it's generally pretty quiet, so I go there when I need to write a paper.	เวลาไปไวลด์แจ็คสันมักจะเงียบสงบดี เลยชอบไปนั่งเขียนรายงานที่นั่น
33-0413	minigame_shogi_menu	Zenji Watanabe [Shogi King]	เซนจิ วาตานาเบะ [ราชาโชกิ]
33-0414	minigame_shogi_menu	Hiroshi Tsurugami [10th Dan]	ฮิโรชิ สึรุกามิ [ดั้ง 10]
33-0415	minigame_shogi_menu	Yasumitsu Izumi [9th Dan]	ยาสึมิสึ อิซึมิ [ดั้ง 9]
33-0416	minigame_shogi_menu	Toshiyuki Iwama [8th Dan]	โทชิยูกิ อิวามะ [ดั้ง 8]
33-0417	minigame_shogi_menu	Manabu Kubota [7th Dan]	มานาบุ คุโบตะ [ดั้ง 7]
33-0418	minigame_shogi_menu	Toshiaki Murakami [6th Dan]	โทชิอากิ มุราคามิ [ดั้ง 6]
33-0419	minigame_shogi_menu	Daichi Ogata [5th Dan]	ไดจิ โอกาตะ [ดั้ง 5]
33-0420	minigame_shogi_menu	Tatsuya Iguchi [4th Dan]	ทัตสึยะ อิกูจิ [ดั้ง 4]
33-0421	minigame_shogi_menu	Takahiko Shiomura [3rd Dan]	ทาคาฮิโกะ ชิโอมุระ [ดั้ง 3]
33-0422	minigame_shogi_menu	Akira Kawakami [2nd Dan]	อากิระ คาวาคามิ [ดั้ง 2]
33-0423	minigame_shogi_menu	Kazuki Koto [1st Dan]	คาซึกิ โคโตะ [ดั้ง 1]
33-0424	minigame_shogi_menu	Daisuke Koshimizu [1st Kyu]	ไดสุเกะ โคชิมิซึ [คิว 1]
33-0425	minigame_shogi_menu	Satoshi Yano [1st Kyu]	ซาโตชิ ยาโนะ [คิว 1]
33-0426	minigame_shogi_menu	Hiroyuki Tsuji [2nd Kyu]	ฮิโรยูกิ สึจิ [คิว 2]
33-0427	minigame_shogi_menu	Kenta Someya [2nd Kyu]	เค็นตะ โซเมยะ [คิว 2]
33-0428	minigame_shogi_menu	Kouichi Inada [3rd Kyu]	โคอิจิ อินาดะ [คิว 3]
33-0429	minigame_shogi_menu	Akira Kai [3rd Kyu]	อากิระ ไค [คิว 3]
33-0430	minigame_shogi_menu	Osamu Kikuchi [4th Kyu]	โอซามุ คิคุจิ [คิว 4]
33-0431	minigame_shogi_menu	Bungo Bando [4th Kyu]	บุงโกะ บันโด [คิว 4]
33-0432	minigame_shogi_menu	Nobuyuki Kobayashi [5th Kyu]	โนบุยูกิ โคบายาชิ [คิว 5]
33-0433	minigame_shogi_menu	Suguru Hanatani [5th Kyu]	ซุกุรุ ฮานาทานิ [คิว 5]
33-0434	minigame_shogi_menu	Kenji Kato [6th Kyu]	เค็นจิ คาโตะ [คิว 6]
33-0435	minigame_shogi_menu	Shinryu Utsunomiya [6th Kyu]	ชินริว อุสึโนมิยะ [คิว 6]
33-0436	minigame_shogi_menu	Tadahisa Yoshida [7th Kyu]	ทาดาฮิสะ โยชิดะ [คิว 7]
33-0437	minigame_shogi_menu	Yasuaki Onishi [7th Kyu]	ยาสึอากิ โอนิชิ [คิว 7]
33-0438	minigame_shogi_menu	Takeshi Hayashi [8th Kyu]	ทาเคชิ ฮายาชิ [คิว 8]
33-0439	minigame_shogi_menu	Torahiko Hyodo [8th Kyu]	โทราฮิโกะ เฮียวโด [คิว 8]
33-0440	minigame_shogi_menu	Teruichi Yuki [9th Kyu]	เทรุอิจิ ยูกิ [คิว 9]
33-0441	minigame_shogi_menu	Michio Inoue [9th Kyu]	มิชิโอะ อิโนอุเอะ [คิว 9]
33-0442	minigame_shogi_menu	Yoshikazu Saito [10th Kyu]	โยชิคาซึ ไซโตะ [คิว 10]
33-0443	minigame_shogi_menu	Seichou Kawaguchi [10th Kyu]	เซโช คาวากูจิ [คิว 10]
33-0444	minigame_shogi_menu	Toss pieces to determine who goes first.	โยนเบี้ยเพื่อตัดสินว่าใครเดินก่อน
33-0445	minigame_shogi_menu	Press <symbol=button_decide> to stop the pieces.	กด <symbol=button_decide> เพื่อหยุดหมาก
33-0446	minigame_shogi_menu	There are more <color=yellow>pawns</color>. You go <color=red>first</color>.	มี<color=yellow>เบี้ย</color>มากกว่า คุณ<color=red>เดินก่อน</color>
33-0447	minigame_shogi_menu	There are more <color=yellow>promoted pawns</color>. Your opponent goes <color=blue>first</color>.	มี<color=yellow>เบี้ยเลื่อนขั้น</color>มากกว่า คู่ต่อสู้<color=blue>เดินก่อน</color>
33-0448	minigame_shogi_menu	You go <color=red>first</color>.	คุณ<color=red>เดินก่อน</color>
33-0449	minigame_shogi_menu	Opponent goes <color=blue>first</color>.	คู่ต่อสู้<color=blue>เดินก่อน</color>
33-0450	minigame_shogi_menu	Wait until the turn order is decided.	รอจนกว่าลำดับการเดินจะถูกตัดสิน
33-0451	minigame_shogi_menu	10th Kyu	คิว 10
33-0452	minigame_shogi_menu	9th Kyu	คิว 9
33-0453	minigame_shogi_menu	8th Kyu	คิว 8
33-0454	minigame_shogi_menu	7th Kyu	คิว 7
33-0455	minigame_shogi_menu	6th Kyu	คิว 6
33-0456	minigame_shogi_menu	5th Kyu	คิว 5
33-0457	minigame_shogi_menu	4th Kyu	คิว 4
33-0458	minigame_shogi_menu	3rd Kyu	คิว 3
33-0459	minigame_shogi_menu	2nd Kyu	คิว 2
33-0460	minigame_shogi_menu	1st Kyu	คิว 1
33-0461	minigame_shogi_menu	1st Dan	ดั้ง 1
33-0462	minigame_shogi_menu	2nd Dan	ดั้ง 2
33-0463	minigame_shogi_menu	3rd Dan	ดั้ง 3
33-0464	minigame_shogi_menu	4th Dan	ดั้ง 4
33-0465	minigame_shogi_menu	5th Dan	ดั้ง 5
33-0466	minigame_shogi_menu	6th Dan	ดั้ง 6
33-0467	minigame_shogi_menu	7th Dan	ดั้ง 7
33-0468	minigame_shogi_menu	8th Dan	ดั้ง 8
33-0469	minigame_shogi_menu	9th Dan	ดั้ง 9
33-0470	minigame_shogi_menu	10th Dan	ดั้ง 10
33-0471	minigame_shogi_menu	Shogi King	ราชาโชกิ
33-0472	minigame_shogi_menu	Challenge [First]	ท้าทาย [รอบที่ 1]
33-0473	minigame_shogi_menu	Challenge [Second]	ท้าทาย [รอบที่ 2]
33-0474	minigame_shogi_menu	Challenge [Third]	ท้าทาย [รอบที่ 3]
33-0475	minigame_shogi_menu	Challenge [Fourth]	ท้าทาย [รอบที่ 4]
33-0476	minigame_shogi_menu	Challenge [Fifth]	ท้าทาย [รอบที่ 5]
33-0477	minigame_shogi_menu	Challenge [Sixth]	ท้าทาย [รอบที่ 6]
33-0478	minigame_shogi_menu	Challenge [Seventh]	ท้าทาย [รอบที่ 7]
33-0479	minigame_shogi_menu	Challenge [Eighth]	ท้าทาย [รอบที่ 8]
33-0480	minigame_shogi_menu	Challenge [Ninth]	ท้าทาย [รอบที่ 9]
33-0481	minigame_shogi_menu	Challenge [Tenth]	ท้าทาย [รอบที่ 10]
33-0482	minigame_shogi_menu	Final Challenge	ด่านท้าทายสุดท้าย
33-0483	minigame_shogi_menu	Seichou Kawaguchi	เซโช คาวากูจิ
33-0484	minigame_shogi_menu	Yoshikazu Saito	โยชิคาซึ ไซโตะ
33-0485	minigame_shogi_menu	Michio Inoue	มิชิโอะ อิโนอุเอะ
33-0486	minigame_shogi_menu	Teruichi Yuki	เทรุอิจิ ยูกิ
33-0487	minigame_shogi_menu	Torahiko Hyodo	โทราฮิโกะ เฮียวโด
33-0488	minigame_shogi_menu	Takeshi Hayashi	ทาเคชิ ฮายาชิ
33-0489	minigame_shogi_menu	Yasuaki Onishi	ยาสึอากิ โอนิชิ
33-0490	minigame_shogi_menu	Tadahisa Yoshida	ทาดาฮิสะ โยชิดะ
33-0491	minigame_shogi_menu	Shinryu Utsunomiya	ชินริว อุสึโนมิยะ
33-0492	minigame_shogi_menu	Kenji Kato	เค็นจิ คาโต
33-0493	minigame_shogi_menu	Suguru Hanatani	ซุกุรุ ฮานาทานิ
33-0494	minigame_shogi_menu	Nobuyuki Kobayashi	โนบุยูกิ โคบายาชิ
33-0495	minigame_shogi_menu	Bungo Bando	บุงโง บันโด
33-0496	minigame_shogi_menu	Osamu Kikuchi	โอซามุ คิคุจิ
33-0497	minigame_shogi_menu	Akira Kai	อากิระ ไค
33-0498	minigame_shogi_menu	Kouichi Inada	โคอิจิ อินาดะ
33-0499	minigame_shogi_menu	Kenta Someya	เค็นตะ โซเมยะ
33-0500	minigame_shogi_menu	Hiroyuki Tsuji	ฮิโรยูกิ สึจิ
33-0501	minigame_shogi_menu	Satoshi Yano	ซาโตชิ ยาโนะ
33-0502	minigame_shogi_menu	Daisuke Koshimizu	ไดสุเกะ โคชิมิซึ
33-0503	minigame_shogi_menu	Kazuki Koto	คาซึกิ โคโตะ
33-0504	minigame_shogi_menu	Akira Kawakami	อากิระ คาวาคามิ
33-0505	minigame_shogi_menu	Takahiko Shiomura	ทาคาฮิโกะ ชิโอมุระ
33-0506	minigame_shogi_menu	Tatsuya Iguchi	ทัตสึยะ อิกูจิ
33-0507	minigame_shogi_menu	Daichi Ogata	ไดจิ โอกาตะ
33-0508	minigame_shogi_menu	Toshiaki Murakami	โทชิอากิ มูราคามิ
33-0509	minigame_shogi_menu	Manabu Kubota	มานาบุ คุโบตะ
33-0510	minigame_shogi_menu	Toshiyuki Iwama	โทชิยูกิ อิวามะ
33-0511	minigame_shogi_menu	Yasumitsu Izumi	ยาสึมิตสึ อิซุมิ
33-0512	minigame_shogi_menu	Hiroshi Tsurugami	ฮิโรชิ สึรุกามิ
33-0513	minigame_shogi_menu	Zenji Watanabe	เซนจิ วาตานาเบะ
33-0514	minigame_shogi_menu	Slow Starter	เริ่มช้า
33-0515	minigame_shogi_menu	Slow Defense	รับช้า
33-0516	minigame_shogi_menu	Reckless	หุนหันพลันแล่น
33-0517	minigame_shogi_menu	Fortress	ป้อมปราการ
33-0518	minigame_shogi_menu	Breakthrough Center	ทะลวงกลาง
33-0519	minigame_shogi_menu	Defensive	เน้นรับ
33-0520	minigame_shogi_menu	Adaptable	ปรับตัวเก่ง
33-0521	minigame_shogi_menu	Drawn-out	ยืดเยื้อ
33-0522	minigame_shogi_menu	Temperamental	อารมณ์แปรปรวน
33-0523	minigame_shogi_menu	Relentless	ไม่ลดละ
33-0524	minigame_shogi_menu	Major Piece Lover	รักตัวหมากใหญ่
33-0525	minigame_shogi_menu	Rook User	ผู้ใช้เรือ
33-0526	minigame_shogi_menu	Counterattacker	ผู้เน้นสวนกลับ
33-0527	minigame_shogi_menu	Weak Point Striker	โจมตีจุดอ่อน
33-0528	minigame_shogi_menu	Berserker	นักบุกดุเดือด
33-0529	minigame_shogi_menu	Defensive Master	ปรมาจารย์การรับ
33-0530	minigame_shogi_menu	Tactician	นักวางแผน
33-0531	minigame_shogi_menu	Offensive Master	ปรมาจารย์การบุก
33-0532	minigame_shogi_menu	Speed Demon	ปีศาจความเร็ว
33-0533	minigame_shogi_menu	Defensive Demon	ปีศาจการรับ
33-0534	minigame_shogi_menu	Central Rook User	ผู้ใช้เรือกลาง
33-0535	minigame_shogi_menu	Well-rounded	รอบด้าน
33-0536	minigame_shogi_menu	Genius	อัจฉริยะ
33-0537	minigame_shogi_menu	Offensive Demon	ปีศาจการบุก
33-0538	minigame_shogi_menu	Old Man	ชายชรา
33-0539	minigame_shogi_menu	Promote	เลื่อนขั้น
33-0540	minigame_shogi_menu	Don't Promote	ไม่เลื่อนขั้น
33-0541	minigame_shogi_menu	Promote this piece?	เลื่อนขั้นตัวหมากนี้หรือไม่
33-0542	minigame_shogi_menu	Use a Take Back?	ใช้เอาคืนหรือไม่
33-0543	minigame_shogi_menu	Use a Super Take Back?	ใช้เอาคืนพิเศษหรือไม่
33-0544	minigame_shogi_menu	Checkmate. Use a Take Back?	รุกฆาต ใช้เอาคืนหรือไม่
33-0545	minigame_shogi_menu	Shogi Points	แต้มโชกิ
33-0546	minigame_shogi_menu	Take Backs Left: ${value}Times (${value} x 50)	เหลือเอาคืน: ${value}ครั้ง (${value} x 50)
33-0547	minigame_shogi_menu	Unused Super Take Backs	เอาคืนพิเศษที่ไม่ได้ใช้
33-0548	minigame_shogi_menu	Name: ${name}　　　Playing Style: ${kifu} \nPlay against this opponent?	ชื่อ: ${name}　　　สไตล์การเล่น: ${kifu} \nท้าดวลกับคู่ต่อสู้คนนี้หรือไม่
33-0549	minigame_shogi_menu	Assist Mode	โหมดช่วยเหลือ
33-0550	minigame_shogi_menu	Use The Basics of Shogi?	ใช้ "หลักพื้นฐานของโชกิ" หรือไม่?
33-0551	minigame_shogi_menu	Turn: ${num}	ตา: ${num}
33-0552	minigame_shogi_menu	Puzzle Shogi 1 (One Move Mate)	ปริศนาโชกิ 1 (รุกฆาตใน 1 ตา)
33-0553	minigame_shogi_menu	Puzzle Shogi 2 (One Move Mate)	ปริศนาโชกิ 2 (รุกฆาตใน 1 ตา)
33-0554	minigame_shogi_menu	Puzzle Shogi 3 (One Move Mate)	ปริศนาโชกิ 3 (รุกฆาตใน 1 ตา)
33-0555	minigame_shogi_menu	Puzzle Shogi 4 (One Move Mate)	ปริศนาโชกิ 4 (รุกฆาตใน 1 ตา)
33-0556	minigame_shogi_menu	Puzzle Shogi 5 (One Move Mate)	ปริศนาโชกิ 5 (รุกฆาตใน 1 ตา)
33-0557	minigame_shogi_menu	Puzzle Shogi 6 (Three Move Mate)	ปริศนาโชกิ 6 (รุกฆาตใน 3 ตา)
33-0558	minigame_shogi_menu	Puzzle Shogi 7 (Three Move Mate)	ปริศนาโชกิ 7 (รุกฆาตใน 3 ตา)
33-0559	minigame_shogi_menu	Puzzle Shogi 8 (Three Move Mate)	ปริศนาโชกิ 8 (รุกฆาตใน 3 ตา)
33-0560	minigame_shogi_menu	Puzzle Shogi 9 (Three Move Mate)	ปริศนาโชกิ 9 (รุกฆาตใน 3 ตา)
33-0561	minigame_shogi_menu	Puzzle Shogi 10 (Three Move Mate)	ปริศนาโชกิ 10 (รุกฆาตใน 3 ตา)
33-0562	minigame_shogi_menu	Could not checkmate opponent. Use a Take Back?	ไม่สามารถรุกฆาตคู่ต่อสู้ได้ ใช้เอาคืนหรือไม่
33-0563	option	Set the game difficulty.	ตั้งค่าระดับความยากของเกม
33-0564	option	A difficulty that lets you enjoy the story without having to worry about difficult gameplay.	ระดับความยากที่ให้คุณ เพลิดเพลินไปกับเนื้อเรื่องได้ โดยไม่ต้องกังวลกับความยากของเกมเพลย์
33-0565	option	This is the standard difficulty level.	นี่คือระดับความยากมาตรฐาน
33-0566	option	Hard	ยาก
33-0567	option	Recommended for players who are skilled at action games.	เหมาะสำหรับผู้เล่นที่ชำนาญเกมแอ็กชัน
33-0568	option	Legend	เลเจนด์
33-0569	option	The highest difficulty setting. Select this only if you're super confident as a gamer (or if you're just crazy).	ระดับความยากสูงสุด เลือกได้เฉพาะผู้ที่มั่นใจใน ฝีมือระดับเซียนเกม (หรือแค่บ้าบิ่น) เท่านั้น
33-0570	option	Camera Control (Vertical)	การควบคุมกล้อง (แนวตั้ง)
33-0571	option	Change how to move the camera vertically. Normal moves the camera in the direction you tilt the <input_device_not=KEYBOARD_AND_MOUSE>right ${platform.term.stick}<input_device=KEYBOARD_AND_MOUSE><input_device=KEYBOARD_AND_MOUSE><symbol=mouse_moveint></input_device>. Inverted moves the camera opposite to the direction you tilt.	เปลี่ยนวิธีเลื่อนกล้องในแนวตั้ง โหมดปกติจะเลื่อนกล้องไปตาม ทิศทางที่คุณเอียง<input_device_not=KEYBOARD_AND_MOUSE>${platform.term.stick}ด้านขวา<input_device=KEYBOARD_AND_MOUSE><input_device=KEYBOARD_AND_MOUSE><symbol=mouse_moveint></input_device> ส่วนโหมดกลับด้านจะเลื่อนกล้อง ไปในทิศทางตรงข้ามกับที่คุณ เอียง
33-0572	option	Camera Control (Horizontal)	การควบคุมกล้อง (แนวนอน)
33-0573	option	Change how to move the camera horizontally. Normal moves the camera in the direction you tilt the <input_device_not=KEYBOARD_AND_MOUSE>right ${platform.term.stick}<input_device=KEYBOARD_AND_MOUSE><input_device=KEYBOARD_AND_MOUSE><symbol=mouse_moveint></input_device>. Inverted moves the camera opposite to the direction you tilt.	เปลี่ยนวิธีเลื่อนกล้องในแนวนอน โหมดปกติจะเลื่อนกล้องไปตาม ทิศทางที่คุณเอียง<input_device_not=KEYBOARD_AND_MOUSE>${platform.term.stick}ด้านขวา<input_device=KEYBOARD_AND_MOUSE><input_device=KEYBOARD_AND_MOUSE><symbol=mouse_moveint></input_device> ส่วนโหมดกลับด้านจะเลื่อนกล้อง ไปในทิศทางตรงข้ามกับที่คุณ เอียง
33-0574	option	Camera Movement Speed	ความเร็วการเลื่อนกล้อง
33-0575	option	Set the speed the camera moves at. \nSlide the cursor to adjust the speed.	ตั้งค่าความเร็วในการเลื่อนกล้อง \nเลื่อนเคอร์เซอร์เพื่อปรับความเร็ว
33-0576	option	First-Person View (Vertical)	มุมมองบุคคลที่หนึ่ง (แนวตั้ง)
33-0577	option	Change how to move the first-person camera vertically. Normal moves the camera in the direction you tilt the <input_device_not=KEYBOARD_AND_MOUSE>right ${platform.term.stick}<input_device=KEYBOARD_AND_MOUSE><input_device=KEYBOARD_AND_MOUSE><symbol=mouse_moveint></input_device>. Inverted moves the camera opposite to the direction you tilt.	เปลี่ยนวิธีเลื่อนกล้องมุมมอง บุคคลที่หนึ่งในแนวตั้ง โหมดปกติจะเลื่อนกล้องไปตาม ทิศทางที่คุณเอียง<input_device_not=KEYBOARD_AND_MOUSE>${platform.term.stick}ด้านขวา<input_device=KEYBOARD_AND_MOUSE><input_device=KEYBOARD_AND_MOUSE><symbol=mouse_moveint></input_device> ส่วนโหมดกลับด้านจะเลื่อนกล้อง ไปในทิศทางตรงข้ามกับที่คุณ เอียง
33-0578	option	First-Person View (Horizontal)	มุมมองบุคคลที่หนึ่ง (แนวนอน)
33-0579	option	Change how to move the first-person camera horizontally. Normal moves the camera in the direction you tilt the <input_device_not=KEYBOARD_AND_MOUSE>right ${platform.term.stick}<input_device=KEYBOARD_AND_MOUSE><input_device=KEYBOARD_AND_MOUSE><symbol=mouse_moveint></input_device>. Inverted moves the camera opposite to the direction you tilt.	เปลี่ยนวิธีเลื่อนกล้องมุมมอง บุคคลที่หนึ่งในแนวนอน โหมดปกติจะเลื่อนกล้องไปตาม ทิศทางที่คุณเอียง<input_device_not=KEYBOARD_AND_MOUSE>${platform.term.stick}ด้านขวา<input_device=KEYBOARD_AND_MOUSE><input_device=KEYBOARD_AND_MOUSE><symbol=mouse_moveint></input_device> ส่วนโหมดกลับด้านจะเลื่อนกล้อง ไปในทิศทางตรงข้ามกับที่คุณ เอียง
33-0580	option	Minimap Display	การแสดงมินิแมป
33-0581	option	Switch on/off the minimap that appears in the lower left part of the screen.	เปิด/ปิดมินิแมปที่แสดงอยู่มุมล่าง ซ้ายของหน้าจอ
33-0582	option	Hide	ซ่อน
33-0583	option	Blood Level	ระดับเลือด
33-0584	option	Set the level of blood to display.	ตั้งค่าระดับการแสดงเลือด
33-0585	option	Mild	น้อย
33-0586	option	Subtitles	ซับไตเติล
33-0587	option	Switch on/off subtitles for movie scenes.	เปิด/ปิดคำบรรยายสำหรับฉากภาพยนตร์
33-0588	option	Headphone Volume	ระดับเสียงหูฟัง
33-0589	option	Adjust the volume for headphones plugged into the wireless controller. 	ปรับระดับเสียงหูฟังที่เสียบกับ คอนโทรลเลอร์ไร้สาย 
33-0590	option	Controller Speaker	ลำโพงจอยคอนโทรลเลอร์
33-0591	option	Turn on/off controller speaker.	เปิด/ปิดลำโพงจอยคอนโทรลเลอร์
33-0592	option	Controller Volume	ระดับเสียงจอยคอนโทรลเลอร์
33-0593	option	Adjust the controller speaker volume.	ปรับระดับเสียงลำโพงจอยคอนโทรลเลอร์
33-0594	option	Speaker Type	ประเภทลำโพง
33-0595	option	Select between stereo or surround sound.	เลือกระหว่างเสียงสเตอริโอหรือ เสียงรอบทิศทาง
33-0596	option	Stereo	สเตอริโอ
33-0597	option	Surround	เซอร์ราวด์
33-0598	option	Front	ด้านหน้า
33-0599	option	Adjust to your speakers' angle for optimal quality.	ปรับให้ตรงกับมุมลำโพงของคุณ เพื่อคุณภาพเสียงที่ดีที่สุด
33-0600	option	Smartphone Settings	การตั้งค่าสมาร์ทโฟน
33-0601	option	Change the settings on your smartphone. If you turn it on, the phone will vibrate instead of ringing.	เปลี่ยนการตั้งค่าสมาร์ทโฟนของคุณ หากเปิดใช้งาน โทรศัพท์จะสั่นแทนการส่งเสียง เรียกเข้า
33-0602	option	Autosave	บันทึกอัตโนมัติ
33-0603	option	Change settings for Autosave. \n<color=striking>If OFF is selected, your progress will not be saved automatically. \nPlease be careful.</color>	เปลี่ยนการตั้งค่าการบันทึกอัตโนมัติ \n<color=striking>หากเลือก OFF ความคืบหน้าของคุณจะไม่ถูก บันทึกโดยอัตโนมัติ \nโปรดระมัดระวัง</color>
33-0604	option	Up / Down Controls	การควบคุมขึ้น/ลง
33-0605	option	Change how to move the drone vertically.\nNormal sets the drone to move in the same direction of the input.\nInverted causes the drone to move in the opposite direction.	เปลี่ยนวิธีเลื่อนโดรนในแนวตั้ง\nโหมดปกติจะทำให้โดรนเคลื่อนที่ ไปในทิศทางเดียวกับการควบคุม\nโหมดกลับด้านจะทำให้โดรน เคลื่อนที่ไปในทิศทางตรงข้าม
33-0606	option	Left / Right Controls	การควบคุมซ้าย/ขวา
33-0607	option	Change how to move the drone horizontally. \nNormal sets the drone to move in the same direction of the input.\nInverted causes the drone to move in the opposite direction.	เปลี่ยนวิธีเลื่อนโดรนในแนวนอน \nโหมดปกติจะทำให้โดรนเคลื่อนที่ ไปในทิศทางเดียวกับการควบคุม\nโหมดกลับด้านจะทำให้โดรน เคลื่อนที่ไปในทิศทางตรงข้าม
33-0608	option	Motion Sensor Function	ฟังก์ชันเซ็นเซอร์ตรวจจับ การเคลื่อนไหว
33-0609	option	Choose whether to use motion sensor function. If you turn them on, you will be able to move the drone by tilting the controller (hold the controller flat when changing the setting).	เลือกว่าจะใช้ฟังก์ชันเซ็นเซอร์ ตรวจจับการเคลื่อนไหวหรือไม่ หากเปิดใช้งาน คุณจะสามารถบังคับโดรนได้ด้วย การเอียงคอนโทรลเลอร์ (ถือคอนโทรลเลอร์ให้ราบขณะ เปลี่ยนการตั้งค่านี้)
33-0610	option	Motion Sensor Sensitivity	ความไวของเซ็นเซอร์ตรวจจับ การเคลื่อนไหว
33-0611	option	Change the sensitivity of the motion sensor. The closer you have it to +, the more the drone will move with minimum tilting of the controller.	เปลี่ยนความไวของเซ็นเซอร์ ตรวจจับการเคลื่อนไหว ยิ่งตั้งใกล้ + มากเท่าไร โดรนก็จะยิ่งเคลื่อนที่ได้มาก แม้เอียงคอนโทรลเลอร์ เพียงเล็กน้อย
33-0612	option	Controls	การควบคุม
33-0613	option	Explanation of control types.	คำอธิบายประเภทการควบคุม
33-0614	option	Type A	ประเภท A
33-0615	option	Type B	ประเภท B
33-0616	option	Type C	ประเภท C
33-0617	option	Type D	ประเภท D
33-0618	option	Type E	ประเภท E
33-0619	option	Brightness Level	ระดับความสว่าง
33-0620	option	Subtitle Display	การแสดงซับไตเติล
33-0621	option	Adjust how the subtitles are displayed. You can choose whether subtitles appear letter by letter or all at once.\nNOTE: Subtitles were written specifically to accommodate the Japanese audio track and do not match the English dialog.	ปรับวิธีแสดงซับไตเติล คุณสามารถเลือกได้ว่าจะให้ซับไต เติลปรากฏทีละตัวอักษร หรือขึ้นพร้อมกันทั้งหมด\nหมายเหตุ: ซับไตเติลถูกเขียนขึ้นให้ สอดคล้องกับเสียงพากย์ภาษา ญี่ปุ่นโดยเฉพาะ และอาจไม่ตรงกับบทสนทนาภาษาอังกฤษ
33-0622	option	Instant	ทันที
33-0623	option	Letter by Letter	ทีละตัวอักษร
33-0624	option	Vibration	การสั่น
33-0625	option	Set controller vibration.	ตั้งค่าการสั่นของคอนโทรลเลอร์
33-0626	option	UI Display	การแสดงผล UI
33-0627	option	Toggle the display of the UI on/off.	เปิด/ปิดการแสดงผล UI
33-0628	option	Graphics Options	ตัวเลือกกราฟิก
33-0629	option	Configure the graphics options.	ตั้งค่าตัวเลือกกราฟิก
33-0630	option	Resolution Priority	เน้นความละเอียด
33-0631	option	Frame Rate Priority	เน้นเฟรมเรต
33-0632	option	Master Volume	ระดับเสียงหลัก
33-0633	option	Adjust master volume.	ปรับระดับเสียงหลัก
33-0634	option	BGM	เพลงประกอบ
33-0635	option	Adjust music volume.	ปรับระดับเสียงเพลง
33-0636	option	Sound Effects	เสียงเอฟเฟกต์
33-0637	option	Adjust sound effect volume.	ปรับระดับเสียงเอฟเฟกต์
33-0638	option	Voice	เสียงพากย์
33-0639	option	Adjust speaker voice volume.	ปรับระดับเสียงพากย์ลำโพง
33-0640	option	Movie	ภาพยนตร์
33-0641	option	Adjust movie volume.	ปรับระดับเสียงภาพยนตร์
33-0642	option	The video card currently in use.	การ์ดจอที่ใช้งานอยู่ในขณะนี้
33-0643	option	Screen Output	เอาต์พุตหน้าจอ
33-0644	option	Select the screen output.	เลือกเอาต์พุตหน้าจอ
33-0645	option	Display Mode	โหมดการแสดงผล
33-0646	option	Set the screen's display mode.	ตั้งค่าโหมดการแสดงผลของหน้าจอ
33-0647	option	Bordered	มีขอบ
33-0648	option	Fullscreen	เต็มจอ
33-0649	option	Borderless	ไร้ขอบ
33-0650	option	Resolution	ความละเอียด
33-0651	option	Change the screen resolution.	เปลี่ยนความละเอียดหน้าจอ
33-0652	option	Refresh Rate	อัตรารีเฟรช
33-0653	option	Set the screen refresh rate.	ตั้งค่าอัตรารีเฟรชหน้าจอ
33-0654	option	Vertical Sync	การซิงค์แนวตั้ง
33-0655	option	Set the screen's vertical sync.	ตั้งค่าการซิงค์แนวตั้งของหน้าจอ
33-0656	option	Graphics Quality	คุณภาพกราฟิก
33-0657	option	Adjust to a preset graphics quality setting.	ปรับตามค่าคุณภาพกราฟิกที่ตั้ง ไว้ล่วงหน้า
33-0658	option	Extra Low	ต่ำมาก
33-0659	option	Low	ต่ำ
33-0660	option	High	สูง
33-0661	option	Extra High	สูงมาก
33-0662	option	Custom	กำหนดเอง
33-0663	option	Field of View	มุมมองภาพ (FOV)
33-0664	option	Adjust the field of view.	ปรับมุมมองภาพ
33-0665	option	Set the FPS limit.	ตั้งค่าจำกัดเฟรมเรต
33-0666	option	Unlimited	ไม่จำกัด
33-0667	option	Texture Quality	คุณภาพพื้นผิว
33-0668	option	Set the texture quality.	ตั้งค่าคุณภาพพื้นผิว
33-0669	option	Texture Filtering	การกรองพื้นผิว
33-0670	option	Set texture filtering.	ตั้งค่าการกรองพื้นผิว
33-0671	option	Shadow Quality	คุณภาพเงา
33-0672	option	Set the shadow display quality.	ตั้งค่าคุณภาพการแสดงเงา
33-0673	option	Geometry Quality	คุณภาพเรขาคณิต
33-0674	option	Set geometry quality.	ตั้งค่าคุณภาพเรขาคณิต
33-0675	option	Ultra	อัลตรา
33-0676	option	Real Time Reflection	การสะท้อนแบบเรียลไทม์
33-0677	option	Toggle real time reflections on/off.	เปิด/ปิดการสะท้อนแบบเรียลไทม์
33-0678	option	Motion Blur	โมชั่นเบลอ
33-0679	option	Toggle motion blur on/off.	เปิด/ปิดโมชั่นเบลอ
33-0680	option	Toggle screen space ambient occlusion on/off.	เปิด/ปิด Screen Space Ambient Occlusion
33-0681	option	Subsurface Scattering	การกระเจิงแสงใต้ผิว
33-0682	option	Toggle subsurface scattering on/off.	เปิด/ปิดการกระเจิงแสงใต้ผิว
33-0683	option	Render Scale	สเกลการเรนเดอร์
33-0684	option	Set render scale.	ตั้งค่าสเกลการเรนเดอร์
33-0685	option	Detail Settings	การตั้งค่ารายละเอียด
33-0686	option	Display graphic detail settings.	แสดงการตั้งค่ารายละเอียดกราฟิก
33-0687	option	Set the type of anti-aliasing, or turn it off.	ตั้งค่าประเภท Anti-Aliasing หรือปิดการใช้งาน
33-0688	option	Default	ค่าเริ่มต้น
33-0689	option	Depth of Field	ระยะชัดลึก
33-0690	option	Toggle depth of field on/off.	เปิด/ปิดระยะชัดลึก
33-0691	option	Multisampling	มัลติแซมปลิง
33-0692	option	Toggle multisampling on/off.	เปิด/ปิดมัลติแซมปลิง
33-0693	option	AMD FidelityFX Super Resolution 1.0 is a cutting edge\nsuper-optimized spatial upscaling technology that produces\nimpressive image quality at fast framerates.	AMD FidelityFX Super Resolution 1.0 คือเทคโนโลยีอัปสเกลเชิงพื้นที่ ที่ล้ำสมัย\nได้รับการปรับแต่งขั้นสูง ให้คุณภาพภาพที่น่าประทับใจ\nที่อัตราเฟรมสูง
33-0694	option	Ultra Quality	คุณภาพสูงสุด
33-0695	option	Quality	คุณภาพ
33-0696	option	Performance	ประสิทธิภาพ
33-0697	option	Intel Xe Super Sampling (XeSS) technology uses machine\nlearning to deliver more performance with exceptional\nimage quality. Hardware accelerated XeSS is optimized\nfor Xe-HPG microarchitecturebased GPUs.\n\n\n*Available when the resolution is 1920 x 1080 or higher.	เทคโนโลยี Intel Xe Super Sampling (XeSS) ใช้แมชชีนเลิร์นนิง\nเพื่อเพิ่มประสิทธิภาพพร้อม คุณภาพภาพที่ยอดเยี่ยม\nระบบเร่งด้วยฮาร์ดแวร์ของ XeSS ได้รับการปรับแต่งให้เหมาะกับ\nGPU ที่ใช้สถาปัตยกรรมไมโคร Xe-HPG\n\n\n*ใช้งานได้เมื่อความละเอียดหน้าจอ 1920 x 1080 ขึ้นไป
33-0698	option	Volumetric Fog	หมอกเชิงปริมาตร
33-0699	option	Sets volumetric fog ON/OFF.	เปิด/ปิดหมอกเชิงปริมาตร
33-0700	option	AMD FSR 1.0 Sharpness	ความคมชัด AMD FSR 1.0
33-0701	option	AMD FidelityFX Super Resolution 1.0.\nSets the intensity of sharpness to be applied.	AMD FidelityFX Super Resolution 1.0\nตั้งค่าความเข้มของความคมชัดที่จะใช้
33-0702	option	AMD FidelityFX Super Resolution 2.1 is a cutting-edge\ntemporal upscaling algorithm that produces high resolution\nframes from lower resolution inputs.	AMD FidelityFX Super Resolution 2.1 คืออัลกอริทึม\nอัปสเกลเชิงเวลาที่ล้ำสมัย ซึ่งสร้างเฟรมความละเอียดสูง\nจากอินพุตความละเอียดต่ำ
33-0703	option	Ultra performance	ประสิทธิภาพสูงสุด
33-0704	option	AMD FSR 2.1 Sharpness	ความคมชัด AMD FSR 2.1
33-0705	option	AMD FidelityFX Super Resolution 2.1.\nSets the intensity of sharpness to be applied.	AMD FidelityFX Super Resolution 2.1\nตั้งค่าความเข้มของความคมชัดที่จะใช้
33-0706	option	Mute When Not in Focus	ปิดเสียงเมื่อไม่อยู่ในโฟกัส
33-0707	option	Set to automatically mute the application when not in focus.	ตั้งค่าให้ปิดเสียงแอปพลิเคชัน อัตโนมัติเมื่อไม่อยู่ในโฟกัส
33-0708	option	NVIDIA DLSS uses AI Super Resolution to provide the highest possible frame rates at maximum graphics settings. DLSS requires an NVIDIA RTX graphics card.	NVIDIA DLSS ใช้ AI Super Resolution เพื่อให้เฟรมเรตสูงสุดที่การ ตั้งค่ากราฟิกระดับสูงสุด DLSS ต้องใช้การ์ดจอ NVIDIA RTX
33-0709	option	Auto	อัตโนมัติ
33-0710	option	NVIDIA DLSS Sharpness	ความคมชัด NVIDIA DLSS
33-0711	option	NVIDIA DLSS.\nSets the intensity of sharpness to be applied.	NVIDIA DLSS\nตั้งค่าความเข้มของความคมชัดที่จะใช้
33-0712	scene_scenario_explanation	Chapter 1 (Test)	บทที่ 1 (ทดสอบ)
33-0713	scene_scenario_explanation	Chapter 1 (Text Main Text)	บทที่ 1 (ข้อความหลัก)
33-0714	scene_scenario_explanation	Chapter 1 (Test Text 2)	บทที่ 1 (ข้อความทดสอบ 2)
33-0715	scene_scenario_explanation	Chapter 1 (Test Text 3)	บทที่ 1 (ข้อความทดสอบ 3)
33-0716	scene_scenario_explanation	Chapter 1 (Test Text 4)	บทที่ 1 (ข้อความทดสอบ 4)
33-0717	scene_scenario_explanation	Chapter 1 (Test Text 5)	บทที่ 1 (ข้อความทดสอบ 5)
33-0718	scene_scenario_explanation	Chapter 1 (Test Text 6)	บทที่ 1 (ข้อความทดสอบ 6)
33-0719	scene_scenario_explanation	Chapter 1 (Test Text 7)	บทที่ 1 (ข้อความทดสอบ 7)
33-0720	scene_scenario_explanation	Chapter 1 (Test Text 8)	บทที่ 1 (ข้อความทดสอบ 8)
33-0721	scene_scenario_explanation	Chapter 1 (Test Text 9)	บทที่ 1 (ข้อความทดสอบ 9)
33-0722	scene_scenario_explanation	Chapter (Title)	บท (ชื่อเรื่อง)
33-0723	scene_scenario_explanation	Chapter (Main Text)	บท (ข้อความหลัก)
33-0724	scene_scenario_explanation	Kamurocho Serial Killing	คดีฆาตกรรมต่อเนื่องคามุโรโจ
33-0725	scene_scenario_explanation	Kyorei Clan Serial Killing	คดีฆาตกรรมต่อเนื่องตระกูลเคียวเรอิ
33-0726	scene_scenario_explanation	Matsugane Family Robbery	การปล้นตระกูลมัตสึกาเนะ
33-0727	scene_scenario_explanation	Masakazu Kurimoto Murder	คดีฆาตกรรมมาซาคาซึ คุริโมโตะ
33-0728	scene_scenario_explanation	Masamichi Shintani Murder	คดีฆาตกรรมมาซามิจิ ชินทานิ
33-0729	scene_scenario_explanation	Koichi Waku Murder	คดีฆาตกรรมโคอิจิ วาคุ
33-0730	scene_scenario_explanation	Toru Hashiki Murder	คดีฆาตกรรมโทรุ ฮาชิกิ
33-0731	scene_scenario_explanation	Emi Terasawa Murder	คดีฆาตกรรมเอมิ เทราซาวะ
33-0732	scene_scenario_explanation	A request from Yosuke-san concerning his sister, Tsukino. A pervert known as the "Panty Professor" has been stealing her panties with a drone. I've bought some panties that should lure out the pervert that we'll use to set a trap.	คำร้องจากโยสึเกะซังเรื่อง น้องสาวของเขา สึกิโนะ มีโรคจิตที่รู้จักกันในชื่อ "ศาสตราจารย์กางเกงใน" คอยขโมยกางเกงในของเธอด้วยโดรน ผมซื้อกางเกงในมาล่อโรคจิตตัว นี้ให้ติดกับดักแล้ว
33-0733	scene_scenario_explanation	A request from Yosuke-san concerning his sister, Tsukino. A pervert known as the "Panty Professor" has been stealing her panties with a drone. If I buy some panties, that should lure out the pervert.	คำร้องจากโยสึเกะซังเรื่อง น้องสาวของเขา สึกิโนะ มีโรคจิตที่รู้จักกันในชื่อ "ศาสตราจารย์กางเกงใน" คอยขโมยกางเกงในของเธอด้วยโดรน ถ้าผมซื้อกางเกงในมา น่าจะล่อโรคจิตตัวนี้ออกมาได้
33-0734	scene_scenario_explanation	A request from Yosuke-san concerning his sister, Tsukino. A pervert known as the "Panty Professor" had been stealing her panties with a drone. After we lured him out with some panties of our own, we found he was indeed a researcher of sorts, complete with lab coat and everything. No way he was an actual professor... Right? As long as he's gone, that's what matters.	คำร้องจากโยสึเกะซังเรื่อง น้องสาวของเขา สึกิโนะ มีโรคจิตที่รู้จักกันในชื่อ "ศาสตราจารย์กางเกงใน" คอยขโมยกางเกงในของเธอด้วยโดรน หลังจากล่อเขาออกมาด้วยกางเกงใน ของเราเอง ก็พบว่าเขาเป็นนักวิจัยจริง ๆ ครบชุดทั้งเสื้อกาวน์ ไม่น่าจะเป็นศาสตราจารย์ตัวจริง หรอกใช่ไหม... ยังไงก็เถอะ ขอแค่กำจัดเขาไปได้ก็พอ
33-0735	scene_scenario_explanation	Yosuke-san wants me to stop a pervert known as "Ass Catchem." It seems he already groped Tsukino-san, but since the culprit is professional athlete, he ran away with all speed. Tsukino-san has bravely volunteered to lure the pervert out. 	โยสึเกะซังอยากให้ผมช่วยหยุด โรคจิตที่รู้จักกันในชื่อ "จอมจับตูด" ดูเหมือนเขาจะลวนลามสึกิโนะซังไปแล้ว แต่เพราะคนร้ายเป็นนักกีฬาอาชีพ เลยวิ่งหนีไปได้เร็วมาก สึกิโนะซังอาสาเป็นเหยื่อล่อ โรคจิตตัวนี้ออกมาอย่างกล้าหาญ 
33-0736	scene_scenario_explanation	Yosuke-san wants me to stop a pervert known as "Ass Catchem." It seems he already groped Tsukino-san, but since the culprit is a professional athlete, he ran away with pure speed. Tsukino-san has bravely volunteered to lure the pervert out. 	โยสึเกะซังอยากให้ผมช่วยหยุด โรคจิตที่รู้จักกันในชื่อ "จอมจับตูด" ดูเหมือนเขาจะลวนลามสึกิโนะซังไปแล้ว แต่เพราะคนร้ายเป็นนักกีฬาอาชีพ เลยวิ่งหนีไปด้วยความเร็วเต็มสปีด สึกิโนะซังอาสาเป็นเหยื่อล่อ โรคจิตตัวนี้ออกมาอย่างกล้าหาญ 
33-0737	scene_scenario_explanation	Yosuke-san asked me to stop a pervert known as "Ass Catchem." It seems he already groped Tsukino-san, but since the culprit is a professional athlete, he ran away with pure speed. Tsukino-san bravely volunteered to lure the pervert out, but as luck would have it, the pervert mistook Yosuke-san for her with short hair and grabbed his ass instead. He'll have some emotional trauma to sort out, but Ass Catchem is off the streets.	โยสึเกะซังขอให้ผมช่วยหยุด โรคจิตที่รู้จักกันในชื่อ "จอมจับตูด" ดูเหมือนเขาจะลวนลามสึกิโนะซังไปแล้ว แต่เพราะคนร้ายเป็นนักกีฬาอาชีพ เลยวิ่งหนีไปด้วยความเร็วเต็มสปีด สึกิโนะซังอาสาเป็นเหยื่อล่อ อย่างกล้าหาญ แต่โชคชะตากลั่นแกล้ง โรคจิตตัวนี้ดันเข้าใจผิดคิดว่า โยสึเกะซังผมสั้นคือเธอ เลยไปจับก้นเขาแทน คงต้องใช้เวลาสะสางบาดแผลทางใจ กันสักหน่อย แต่อย่างน้อยจอมจับตูดก็ หมดฤทธิ์ไปแล้ว
33-0738	scene_scenario_explanation	I got a request from Kawada-san who works at a publishing company called "Cloudy Skies Publishing." He wants me to accompany him to this mystery solving event, solve the puzzle, and win him the publishing rights to Takumi Katagiri's new novel. Just because I'm a detective doesn't mean I can solve puzzles... Curious.	ผมได้รับคำร้องจากคาวาดะซัง ที่ทำงานอยู่ที่สำนักพิมพ์ "คลาวดีสกายส์" เขาอยากให้ผมไปด้วยกันในงานไขปริศนา ช่วยไขปริศนาให้ และคว้าลิขสิทธิ์ตีพิมพ์นิยาย เล่มใหม่ของทาคุมิ คาตากิริมาให้เขา แค่เป็นนักสืบไม่ได้แปลว่าจะไข ปริศนาเก่งซะหน่อย... น่าสนใจดี
33-0739	scene_scenario_explanation	I got a request from Kawada-san who works at a publishing company called "Cloudy Skies Publishing." He wanted me to accompany him to this mystery solving event, solve the puzzle, and win him the publishing rights to Takumi Katagiri's new novel. And okay, I solved it, but I still say detectives don't solve puzzles.	ผมได้รับคำร้องจากคาวาดะซัง ที่ทำงานอยู่ที่สำนักพิมพ์ "คลาวดีสกายส์" เขาอยากให้ผมไปด้วยกันในงานไขปริศนา ช่วยไขปริศนาให้ และคว้าลิขสิทธิ์ตีพิมพ์นิยาย เล่มใหม่ของทาคุมิ คาตากิริมาให้เขา และก็เอาล่ะ ผมไขได้จริง ๆ แต่ก็ยังยืนยันว่านักสืบไม่ควร ต้องมานั่งไขปริศนา
33-0740	scene_scenario_explanation	Another request from Kawada-san from Cloudy Skies Publishing. Turns out the author, Takumi Katagiri, has another puzzle to solve for the rights to a second book. Again with the puzzles...	คำร้องอีกครั้งจากคาวาดะซังแห่ง สำนักพิมพ์คลาวดีสกายส์ ปรากฏว่านักเขียน ทาคุมิ คาตากิริ มีปริศนาอีกข้อให้ไขเพื่อแลก ลิขสิทธิ์เล่มที่สอง ปริศนาอีกแล้วเหรอเนี่ย...
33-0741	scene_scenario_explanation	Another request from Kawada-san from Cloudy Skies Publishing. Turns out the author, Takumi Katagiri, had another puzzle to solve for the rights to a second book. I did it again. Maybe detectives <font_kind=yakuza_italic>are</font_kind> meant to solve puzzles...	คำร้องอีกครั้งจากคาวาดะซังแห่ง สำนักพิมพ์คลาวดีสกายส์ ปรากฏว่านักเขียน ทาคุมิ คาตากิริ มีปริศนาอีกข้อให้ไขเพื่อแลก ลิขสิทธิ์เล่มที่สอง ผมไขได้อีกครั้ง บางทีนักสืบ<font_kind=yakuza_italic>ก็</font_kind>เกิดมาเพื่อไขปริศนาจริง ๆ ก็ได้...
33-0742	scene_scenario_explanation	A final request from Kawada-san from Cloudy Skies Publishing. Katagiri's holding another mystery solving event where he'll award the rights to what is apparently the final book in a trilogy? I guess third time's the charm!	คำร้องสุดท้ายจากคาวาดะซังแห่ง สำนักพิมพ์คลาวดีสกายส์ คาตากิริจัดงานไขปริศนาอีกครั้ง คราวนี้จะมอบลิขสิทธิ์เล่ม สุดท้ายของไตรภาคเลยทีเดียว? คงเป็นไปตามคำที่ว่าครั้งที่สาม มักจะสำเร็จ!
33-0743	scene_scenario_explanation	A final request from Kawada-san from Cloudy Skies Publishing. Katagiri held another mystery solving event where he awarded the rights to what turned out to be the final book in his trilogy. The author has taken quite a shine to Cloudy Skies Publishing, so I think they both have a bright future ahead. As for me, I'm not cut out for the stress of puzzle solving, so I think I'll hang up my top hat.	คำร้องสุดท้ายจากคาวาดะซังแห่ง สำนักพิมพ์คลาวดีสกายส์ คาตากิริจัดงานไขปริศนาอีกครั้ง แล้วมอบลิขสิทธิ์เล่มสุดท้ายของ ไตรภาคไปตามคาด นักเขียนดูจะถูกใจ สำนักพิมพ์คลาวดีสกายส์มาก คิดว่าทั้งคู่คงมีอนาคตสดใสด้วยกัน ส่วนผมคงไม่เหมาะกับความเครียด จากการไขปริศนาเท่าไหร่ ขอแขวนหมวกทรงสูงไว้ตรงนี้ดีกว่า
33-0744	scene_scenario_explanation	A request from Noriko Taguchi who runs a café in Kamurocho. Her husband had been leaving the house a lot recently and she suspected that he might have been cheating on her. I guess I'll follow the husband and see where it leads.	คำร้องจากโนริโกะ ทากูจิ เจ้าของคาเฟ่ในคามุโรโจ สามีของเธอออกจากบ้านบ่อย ผิดปกติในช่วงนี้ เธอสงสัยว่าเขาอาจนอกใจ ผมคงต้องตามสามีดูว่าจะพาไปเจออะไร
33-0745	scene_scenario_explanation	A request from Noriko Taguchi who runs a café in Kamurocho. Her husband has been leaving the house a lot recently and she suspects that he might be cheating on her. I guess I'll follow the husband and see where it leads.	คำร้องจากโนริโกะ ทากูจิ เจ้าของคาเฟ่ในคามุโรโจ สามีของเธอออกจากบ้านบ่อย ผิดปกติในช่วงนี้ เธอสงสัยว่าเขาอาจกำลังนอกใจ ผมคงต้องตามสามีดูว่าจะพาไปเจออะไร
33-0746	scene_scenario_explanation	A request from Noriko Taguchi who runs a café in Kamurocho. Her husband had been leaving the house a lot recently and she suspected that he might have been cheating on her. Turns out, he was cheating on her with the lady who owned the bar above their café. It's always darkest under the lamppost.	คำร้องจากโนริโกะ ทากูจิ เจ้าของคาเฟ่ในคามุโรโจ สามีของเธอออกจากบ้านบ่อย ผิดปกติในช่วงนั้น เธอสงสัยว่าเขาอาจนอกใจ ปรากฏว่าเขานอกใจจริง ๆ กับเจ้าของบาร์ที่อยู่ชั้นบนของ คาเฟ่นั่นเอง สมกับสำนวนที่ว่าใต้ตะเกียงมัก มืดที่สุดเสมอ
33-0747	scene_scenario_explanation	A request from Rei Miyamoto-san, who is being sexually harassed at work. Sexual harassment is a delicate subject, and employers don't always make the right calls. That's where I come in. I need to sneak into Miyamoto-san's company and see what proof I can find.	คำร้องจากเรย์ มิยาโมโตะซัง ที่ถูกคุกคามทางเพศในที่ทำงาน การคุกคามทางเพศเป็นเรื่องละเอียดอ่อน และนายจ้างก็ไม่ได้ตัดสินใจ ถูกต้องเสมอไป ตรงนี้แหละที่ผมต้องเข้าไปช่วย ผมต้องแอบเข้าไปในบริษัทของ มิยาโมโตะซังเพื่อหาหลักฐาน ให้ได้
33-0748	scene_scenario_explanation	A request from Rei Miyamoto-san, who said she was being sexually harassed at work. Sexual harassment is a delicate subject, and employers don't always make the right calls. This case was especially iffy, because the whole thing was a trap set by Miyamoto-san in order to avoid getting transferred out of the office. She really pulled the wool over everyone's eyes, myself included.	คำร้องจากเรย์ มิยาโมโตะซัง ที่บอกว่าถูกคุกคามทางเพศในที่ทำงาน การคุกคามทางเพศเป็นเรื่องละเอียดอ่อน และนายจ้างก็ไม่ได้ตัดสินใจ ถูกต้องเสมอไป คดีนี้ค่อนข้างน่าสงสัยเป็นพิเศษ เพราะทั้งหมดเป็นกับดักที่ มิยาโมโตะซังวางไว้เองเพื่อ เลี่ยงการถูกย้ายออกจากออฟฟิศ เธอหลอกทุกคนได้มิดจริง ๆ รวมถึงผมด้วย
33-0749	scene_scenario_explanation	I was asked by Fumie Taniyama to find her nephew, Hideaki Deguchi. She says she hasn't been able to reach him since he left the house, claiming that he would become the number one host in Kamurocho. He also borrowed half a million yen from her, and it's time he paid her back. I'll find him and collect at the same time.	ฟุมิเอะ ทานิยามะขอให้ผมช่วยตามหา หลานชายของเธอ ฮิเดอากิ เดกุจิ เธอบอกว่าติดต่อเขาไม่ได้เลย ตั้งแต่เขาออกจากบ้านไป โดยอ้างว่าจะไปเป็นโฮสต์อันดับ หนึ่งของคามุโรโจ เขายังยืมเงินเธอไปครึ่งล้านเยนด้วย ถึงเวลาต้องคืนแล้ว ผมจะตามหาเขาแล้วเก็บเงินคืนไป พร้อมกันเลย
33-0750	scene_scenario_explanation	I was asked by Fumie Taniyama to find her nephew, Hideaki Deguchi. She says she hasn't been able to reach him since he left the house, claiming that he would become the number one host in Kamurocho. He also borrowed half a million yen from her, and the stupid kid tried to rob a convenience store in order to pay it back. I was able to stop him, but now he's going to end up working for his uncle on a tuna boat to pay them back. Justice is served, wrapped in seaweed and cucumber.	ฟุมิเอะ ทานิยามะขอให้ผมช่วยตามหา หลานชายของเธอ ฮิเดอากิ เดกุจิ เธอบอกว่าติดต่อเขาไม่ได้เลย ตั้งแต่เขาออกจากบ้านไป โดยอ้างว่าจะไปเป็นโฮสต์อันดับ หนึ่งของคามุโรโจ เขายังยืมเงินเธอไปครึ่งล้านเยนด้วย แล้วเจ้าเด็กโง่คนนี้ดันพยายาม ปล้นร้านสะดวกซื้อเพื่อ เอาเงินไปคืน ผมสกัดเขาไว้ได้ทัน แต่ตอนนี้เขาต้องไปทำงานบนเรือ จับปลาทูน่าของลุงเพื่อ ใช้หนี้แทน ความยุติธรรมมาถึงแล้ว ห่อด้วยสาหร่ายกับแตงกวา
33-0751	scene_scenario_explanation	An alien lifeform hovering in the skies... was actually a wig being blown in the wind. The owner of the wig asked me to chase it before the wind blows it who knows where.	สิ่งมีชีวิตต่างดาวที่ลอยอยู่กลางฟ้า... แท้จริงแล้วคือวิกผมที่ถูกลมพัดปลิว เจ้าของวิกขอให้ผมช่วยไล่ตาม ก่อนที่ลมจะพัดมันไปไม่รู้ ที่ไหน
33-0752	scene_scenario_explanation	An alien lifeform hovering in the skies... was actually a wig being blown in the wind. The owner of the wig asked me to chase it, and it turns out his name was Toya Tokunaga, a pop idol. It seems that his personality changes when he doesn't have his wig. Of course the fact that he even wears one is a secret to his fans.	สิ่งมีชีวิตต่างดาวที่ลอยอยู่กลางฟ้า... แท้จริงแล้วคือวิกผมที่ถูกลมพัดปลิว เจ้าของวิกขอให้ผมช่วยไล่ตาม แล้วก็พบว่าเขาคือโทยะ โทคุนางะ ไอดอลชื่อดัง ดูเหมือนบุคลิกของเขาจะ เปลี่ยนไปเวลาไม่มีวิก แน่นอนว่าเรื่องที่เขาใส่วิก เป็นความลับที่แฟนคลับไม่มีใคร รู้
33-0753	scene_scenario_explanation	I got a strange request from a man named Obayashi, but it was a trap to lure me out, and I got attacked. It seems that the Keihin Gang has put a bounty on me for 10 million yen, and now every thug in town is looking for me. I have to get out of this situation.	ผมได้รับคำร้องแปลก ๆ จากชายที่ชื่อโอบายาชิ แต่กลับกลายเป็นกับดักล่อผมออกมา แล้วผมก็ถูกซุ่มโจมตี ดูเหมือนแก๊งเคฮินจะตั้งค่าหัวผมไว้ 10 ล้านเยน ตอนนี้อันธพาลทั้งเมืองต่างตามล่าผม ผมต้องหาทางออกจากสถานการณ์นี้ให้ได้
33-0754	scene_scenario_explanation	I got a strange request from a man named Obayashi, but it was a trap to lure me out, and I got attacked. It seems that the Keihin Gang put a bounty on me for 10 million yen, and every thug in town was looking for me. I found the Keihin Gang's hideout and shutdown their whole operation. I was able to get rid of the bounty on my head, but I think the Keihin Gang isn't going anywhere.	ผมได้รับคำร้องแปลก ๆ จากชายที่ชื่อโอบายาชิ แต่กลับกลายเป็นกับดักล่อผมออกมา แล้วผมก็ถูกซุ่มโจมตี ดูเหมือนแก๊งเคฮินจะตั้งค่าหัวผมไว้ 10 ล้านเยน อันธพาลทั้งเมืองต่างตามล่าผม ผมตามหาที่ซ่อนของแก๊งเคฮินเจอ แล้วปิดปฏิบัติการของพวกมันทั้งหมด ผมกำจัดค่าหัวได้สำเร็จ แต่คิดว่าแก๊งเคฮินคงยังไม่หาย ไปไหนง่าย ๆ หรอก
33-0755	scene_scenario_explanation	I became acquainted with Kaito-san's old friend, Adachi-san. Adachi-san seems to run a real estate company in Kamurocho, and he wanted to recruit Kaito-san.	ผมได้รู้จักกับอาดาจิซัง เพื่อนเก่าของไคโตะซัง อาดาจิซังดูเหมือนจะเปิดบริษัท อสังหาริมทรัพย์ในคามุโรโจ และอยากดึงตัวไคโตะซังไปร่วมงานด้วย
33-0756	scene_scenario_explanation	I became acquainted with Kaito-san's old friend, Adachi-san. Adachi-san seems to run a real estate company in Kamurocho, and he wanted to recruit Kaito-san. But Adachi was a scumbag who was trying to use him. The rumors about his dirty tactics were true and even though I had to fight Kaito-san about it, we worked together in the end to make Adachi pay.	ผมได้รู้จักกับอาดาจิซัง เพื่อนเก่าของไคโตะซัง อาดาจิซังดูเหมือนจะเปิดบริษัท อสังหาริมทรัพย์ในคามุโรโจ และอยากดึงตัวไคโตะซังไปร่วมงานด้วย แต่อาดาจิเป็นคนเลวที่แค่พยายาม ใช้เขาเป็นเครื่องมือ ข่าวลือเรื่องกลโกงสกปรกของเขา เป็นเรื่องจริง แม้จะต้องทะเลาะกับไคโตะซังเรื่องนี้ แต่สุดท้ายเราก็ร่วมมือกัน จัดการให้อาดาจิได้รับผลกรรม
33-0757	scene_scenario_explanation	I received a strange request from Hayama-san, who works at a talent agency. He wants me to pretend to be the popular musician, "Bram-sama" and divert the media's attention. Apparently "Bram" did a lot of bad things when he was a human, and the tabloids want to cover it. Bram-sama himself is very arrogant and a little bit annoying, but it's for the client. I'll endure it.	ผมได้รับคำร้องแปลก ๆ จากฮายามะซัง ที่ทำงานอยู่ที่บริษัทจัดหาดารา เขาอยากให้ผมปลอมตัวเป็น นักดนตรีชื่อดัง "ท่านแบรม" เพื่อเบี่ยงเบนความสนใจสื่อ ดูเหมือน "แบรม" จะเคยทำเรื่องแย่ ๆ ไว้มากมายตอนยังเป็นมนุษย์ และสื่อแท็บลอยด์อยากขุดคุ้ยเรื่องนี้ ท่านแบรมเองก็หยิ่งยโสและ น่ารำคาญอยู่บ้าง แต่ก็เพื่อลูกความ ผมทนได้
33-0758	scene_scenario_explanation	I received a strange request from Hayama-san, who works at a talent agency. He wanted me to pretend to be the popular musician, "Bram-sama" and divert the media's attention. Apparently "Bram" did a lot of bad things when he was a human, and the tabloids want to cover it. I got our vampire friend in a little trouble, because now Shijima-san has to do community service work, like visiting the old people's home or picking up trash in Kamurocho. I hope he learns a lesson or two about the consequences of being immortal.	ผมได้รับคำร้องแปลก ๆ จากฮายามะซัง ที่ทำงานอยู่ที่บริษัทจัดหาดารา เขาอยากให้ผมปลอมตัวเป็น นักดนตรีชื่อดัง "ท่านแบรม" เพื่อเบี่ยงเบนความสนใจสื่อ ดูเหมือน "แบรม" จะเคยทำเรื่องแย่ ๆ ไว้มากมายตอนยังเป็นมนุษย์ และสื่อแท็บลอยด์อยากขุดคุ้ยเรื่องนี้ ผมทำให้เพื่อนแวมไพร์ของเราซวยไปหน่อย เพราะตอนนี้ชิจิมะซังต้องไปทำ งานบริการสังคม อย่างเยี่ยมบ้านคนชราหรือเก็บ ขยะในคามุโรโจ หวังว่าเขาจะได้บทเรียนสักหน่อย เรื่องผลของการเป็นอมตะ
33-0759	scene_scenario_explanation	A search request from Akagawa. He forgot his bag in the public bathroom, and it was gone when he returned for it. There was a jacket in there that was a gift from his brother, and he wants it back, no matter the cost.	คำร้องค้นหาจากอาคางาวะ เขาลืมกระเป๋าไว้ในห้องน้ำสาธารณะ พอกลับไปเอาก็หายไปแล้ว ในกระเป๋ามีแจ็กเก็ตที่เป็น ของขวัญจากพี่ชายของเขาอยู่ด้วย เขาอยากได้คืนไม่ว่าจะต้องแลกกับอะไร
33-0760	scene_scenario_explanation	A search request from Akagawa-san. He forgot his bag in the public bathroom, and it was gone when he returned for it. There was a jacket in there that was a gift from his brother, and he wants it back, no matter the cost.	คำร้องค้นหาจากอาคางาวะซัง เขาลืมกระเป๋าไว้ในห้องน้ำสาธารณะ พอกลับไปเอาก็หายไปแล้ว ในกระเป๋ามีแจ็กเก็ตที่เป็น ของขวัญจากพี่ชายของเขาอยู่ด้วย เขาอยากได้คืนไม่ว่าจะต้องแลกกับอะไร
33-0761	scene_scenario_explanation	A search request from Akagawa-san. He forgot his bag in the public bathroom, and it was gone when he returned for it. There was a jacket in there that was a gift from his brother, and he wanted it back, no matter the cost. The jacket ended up being thrown away by a hooligan who stole the bag and then picked up by a homeless man. We were able to get it back by giving him warm clothes, but I suggested that Akagawa-san wash it first...	คำร้องค้นหาจากอาคางาวะซัง เขาลืมกระเป๋าไว้ในห้องน้ำสาธารณะ พอกลับไปเอาก็หายไปแล้ว ในกระเป๋ามีแจ็กเก็ตที่เป็น ของขวัญจากพี่ชายของเขาอยู่ด้วย เขาอยากได้คืนไม่ว่าจะต้องแลกกับอะไร สุดท้ายแจ็กเก็ตถูกนักเลงที่ ขโมยกระเป๋าไปทิ้ง แล้วคนไร้บ้านคนหนึ่งเก็บไปได้ เราได้มันคืนมาด้วยการให้เสื้อผ้าอุ่น ๆ แลก แต่ผมแนะนำให้อาคางาวะซังซักมันก่อนนะ...
33-0762	scene_scenario_explanation	Yosuke-san asked me to catch a peeping tom known as "Judge Creep 'n Peep." He apparently takes photos of couples engaging in "immoral" sex acts and uploads them on the internet. Yosuke claimed Judge Creep 'n Peep had shots of Tsukino-san with her boyfriend. And I'm told he can crawl along the walls like a cockroach? I can think of a few demon hunting detectives who might be better at this...	โยสึเกะซังขอให้ผมช่วยจับแอบ ถ่ายที่รู้จักกันในชื่อ "ผู้พิพากษาจอมถ้ำมอง" ดูเหมือนเขาจะถ่ายรูปคู่รักที่ กำลังมีเพศสัมพันธ์ "ผิดศีลธรรม" แล้วเอาไปโพสต์บนอินเทอร์เน็ต โยสึเกะอ้างว่า ผู้พิพากษาจอมถ้ำมองมีรูปของ สึกิโนะซัง กับแฟนหนุ่มของเธอ แถมยังบอกว่าเจ้านี่ไต่กำแพงได้ เหมือนแมลงสาบอีก? ผมนึกถึงนักสืบล่าปีศาจบางคนที่ น่าจะถนัดงานแบบนี้มากกว่าผมนะ...
33-0763	scene_scenario_explanation	Yosuke-san asked me to catch a peeping tom known as "Judge Creep 'n Peep." He apparently takes photos of couples engaging in "immoral" sex acts and uploads them on the internet. Yosuke claims Judge Creep 'n Peep has shots of Tsukino-san with her boyfriend. And I'm told he can crawl along the walls like a cockroach? I can think of a few demon hunting detectives who might be better at this...	โยสึเกะซังขอให้ผมช่วยจับแอบ ถ่ายที่รู้จักกันในชื่อ "ผู้พิพากษาจอมถ้ำมอง" ดูเหมือนเขาจะถ่ายรูปคู่รักที่ กำลังมีเพศสัมพันธ์ "ผิดศีลธรรม" แล้วเอาไปโพสต์บนอินเทอร์เน็ต โยสึเกะอ้างว่า ผู้พิพากษาจอมถ้ำมองมีรูปของ สึกิโนะซัง กับแฟนหนุ่มของเธอ แถมยังบอกว่าเจ้านี่ไต่กำแพงได้ เหมือนแมลงสาบอีก? ผมนึกถึงนักสืบล่าปีศาจบางคนที่ น่าจะถนัดงานแบบนี้มากกว่าผมนะ...
33-0764	scene_scenario_explanation	Yosuke-san asked me to catch a peeping tom known as "Judge Creep 'n Peep." He apparently takes photos of couples engaging in "immoral" sex acts and uploads them on the internet. Yosuke claimed Judge Creep 'n Peep had shots of Tsukino-san with her boyfriend. And yep, he sure crawled like a cockroach, but nothing my drone wasn't able to sort out. More importantly, Yosuke-san lied about Tsukino-san having a boyfriend. Despite having a girlfriend studying abroad, it seems that he was getting it on with a different girl at a hotel. I almost can't blame the "judge" for finding him guilty...	โยสึเกะซังขอให้ผมช่วยจับแอบ ถ่ายที่รู้จักกันในชื่อ "ผู้พิพากษาจอมถ้ำมอง" ดูเหมือนเขาจะถ่ายรูปคู่รักที่ กำลังมีเพศสัมพันธ์ "ผิดศีลธรรม" แล้วเอาไปโพสต์บนอินเทอร์เน็ต โยสึเกะอ้างว่า ผู้พิพากษาจอมถ้ำมองมีรูปของ สึกิโนะซัง กับแฟนหนุ่มของเธอ แล้วก็จริงด้วย เขาไต่กำแพงเหมือนแมลงสาบจริง ๆ แต่โดรนของผมก็จัดการได้สบาย ที่สำคัญกว่านั้นคือโยสึเกะซัง โกหกเรื่องที่สึกิโนะซัง มีแฟนหนุ่ม ทั้งที่เขาเองมีแฟนสาวไปเรียน ต่างประเทศอยู่แล้ว แต่ดันไปเล่นชู้กับผู้หญิงอีกคน ที่โรงแรม แทบจะโทษ "ผู้พิพากษา" ที่ตัดสินว่าเขาผิดไม่ได้เลย...
33-0765	scene_scenario_explanation	Megumi Hashimoto-san requested me to investigate if her husband is cheating on her or not. She hired a detective before, but wasn't satisfied with the results, so I'm her second opinion. If the husband is cheating, he may be cautious of detectives, if the previous guy couldn't obtain any evidence. Looks like I'll have to put my own touch on this one.	เมกุมิ ฮาชิโมโตะซังขอให้ผมสืบว่าสามี ของเธอนอกใจหรือไม่ เธอเคยจ้างนักสืบมาก่อนแต่ไม่ พอใจผลลัพธ์ เลยมาหาผมเป็นความเห็นที่สอง ถ้าสามีนอกใจจริง เขาอาจระวังตัวเรื่องนักสืบอยู่แล้ว เพราะนักสืบคนก่อนหาหลักฐานไม่ได้เลย ดูท่าจะต้องใช้ลีลาเฉพาะตัวกับ คดีนี้สักหน่อย
33-0766	scene_scenario_explanation	Megumi Hashimoto-san requested me to investigate if her husband is cheating on her or not. She hired a detective before, but wasn't satisfied with the results, so I'm her second opinion. Turns out, the previous detective did get evidence, but he was a crook who sold the info back to the husband. He gives all detectives a bad name.	เมกุมิ ฮาชิโมโตะซังขอให้ผมสืบว่าสามี ของเธอนอกใจหรือไม่ เธอเคยจ้างนักสืบมาก่อนแต่ไม่ พอใจผลลัพธ์ เลยมาหาผมเป็นความเห็นที่สอง ปรากฏว่านักสืบคนก่อนหาหลักฐานได้จริง แต่ดันเป็นคนโกงที่ขายข้อมูล กลับให้สามี ทำให้วงการนักสืบเสียชื่อไปหมด
33-0767	scene_scenario_explanation	A request from Shoji Ohata. He wants me to find his son who loves to play hide-and-seek. The only clue is the picture sent to Ohata-san from Ayumu-kun. Where did Ayumu-kun hide?	คำร้องจากโชจิ โอฮาตะ เขาอยากให้ผมช่วยตามหาลูกชายที่ ชอบเล่นซ่อนแอบ เบาะแสเดียวที่มีคือรูปที่ อายุมุคุงส่งมาให้โอฮาตะซัง อายุมุคุงไปซ่อนอยู่ที่ไหนกันนะ?
33-0768	scene_scenario_explanation	A request from Shoji Ohata-san.  He wanted me to find his son who loves to play hide-and-seek. The only clue was the picture sent to Ohata-san from Ayumu-kun. I was able to find the kid, but Ohata-san never came to pick him up. I feel kinda bad for him.	คำร้องจากโชจิ โอฮาตะซัง เขาอยากให้ผมช่วยตามหาลูกชายที่ ชอบเล่นซ่อนแอบ เบาะแสเดียวที่มีคือรูปที่ อายุมุคุงส่งมาให้โอฮาตะซัง ผมตามหาเด็กเจอ แต่โอฮาตะซังไม่เคยมารับเขาเลย รู้สึกสงสารเด็กคนนี้อยู่เหมือนกัน
33-0769	scene_scenario_explanation	Another request from Shoji Ohata. He wants me to find his son who loves to play hide-and-seek again. Once again, the only clue is the picture sent by Ayumu-kun. Where did Ayumu-kun hide this time?	คำร้องอีกครั้งจากโชจิ โอฮาตะ เขาอยากให้ผมช่วยตามหาลูกชายที่ ชอบเล่นซ่อนแอบอีกครั้ง เบาะแสเดียวที่มีคือรูปที่ อายุมุคุงส่งมา คราวนี้อายุมุคุงไปซ่อนอยู่ ที่ไหนกันนะ?
33-0770	scene_scenario_explanation	Another request from Shoji Ohata-san.  He wants me to find his son who loves to play hide-and-seek again. Once again, the only clue is the picture sent by Ayumu-kun. Where did Ayumu-kun hide this time?	คำร้องอีกครั้งจากโชจิ โอฮาตะซัง เขาอยากให้ผมช่วยตามหาลูกชายที่ ชอบเล่นซ่อนแอบอีกครั้ง เบาะแสเดียวที่มีคือรูปที่ อายุมุคุงส่งมา คราวนี้อายุมุคุงไปซ่อนอยู่ ที่ไหนกันนะ?
33-0771	scene_scenario_explanation	Another request from Shoji Ohata-san. He wanted me to find his son who loves to play hide-and-seek. I was able to find him, but what he said has me concerned. Is he hiding in dangerous places on purpose?	คำร้องอีกครั้งจากโชจิ โอฮาตะซัง เขาอยากให้ผมช่วยตามหาลูกชายที่ ชอบเล่นซ่อนแอบ ผมตามหาเจอแล้ว แต่สิ่งที่เขาพูดทำให้ผมกังวล เขาตั้งใจไปซ่อนตัวในที่อันตราย หรือเปล่านะ?
33-0772	scene_scenario_explanation	Another request from Shoji Ohata to find his son. As usual, the only clue is the picture sent to Ohata-san from Ayumu-kun. I better find Ayumu-kun fast. 	คำร้องอีกครั้งจากโชจิ โอฮาตะให้ตามหาลูกชาย เหมือนเดิม เบาะแสเดียวที่มีคือรูปที่ อายุมุคุงส่งมาให้โอฮาตะซัง ผมต้องรีบตามหาอายุมุคุงให้เจอโดยเร็ว 
33-0773	scene_scenario_explanation	Another request from Shoji Ohata-san to find his son. As usual, the only clue is the picture sent to Ohata-san from Ayumu-kun. I better find Ayumu-kun fast. 	คำร้องอีกครั้งจากโชจิ โอฮาตะซังให้ตามหาลูกชาย เหมือนเดิม เบาะแสเดียวที่มีคือรูปที่ อายุมุคุงส่งมาให้โอฮาตะซัง ผมต้องรีบตามหาอายุมุคุงให้เจอโดยเร็ว 
33-0774	scene_scenario_explanation	Another request from Shoji Ohata-san to find his son. As usual, the only clue was the picture sent to Ohata-san from Ayumu-kun. In the end, the father came running because he was worried about Ayumu-kun. I'm glad he finally woke up.	คำร้องอีกครั้งจากโชจิ โอฮาตะซังให้ตามหาลูกชาย เหมือนเดิม เบาะแสเดียวที่มีคือรูปที่ อายุมุคุงส่งมาให้โอฮาตะซัง สุดท้ายพ่อก็วิ่งมาเองเพราะ เป็นห่วงอายุมุคุง ดีใจที่ในที่สุดเขาก็ได้สติซะที
33-0775	scene_scenario_explanation	I was asked to act as a news photographer for a night. The former professional wrestler-turned-politician, "Gengoro Miki" is suspected of demanding bribes. Is he gonna sneak a wad of cash into a confection box or something? Or is that just in the movies?	ผมได้รับคำขอให้ปลอมตัวเป็น ช่างภาพข่าวคืนหนึ่ง อดีตนักมวยปล้ำที่ผันตัวมาเป็น นักการเมือง "เก็นโกโร มิกิ" ถูกสงสัยว่าเรียกรับสินบน เขาจะแอบยัดเงินก้อนโตไว้ใน กล่องขนมหรือเปล่านะ? หรือว่านั่นมีแต่ในหนัง?
33-0776	scene_scenario_explanation	I was asked to act as a news photographer for a night. The former professional wrestler-turned-politician, "Gengoro Miki" is suspected of demanding bribes. The CEO that Miki was meeting didn't seem to understand that he was supposed to bribe Miki, so he brought him a regular confection box. This pissed Miki off enough to bust out his wrestling moves, which I was all too happy to photograph.	ผมได้รับคำขอให้ปลอมตัวเป็น ช่างภาพข่าวคืนหนึ่ง อดีตนักมวยปล้ำที่ผันตัวมาเป็น นักการเมือง "เก็นโกโร มิกิ" ถูกสงสัยว่าเรียกรับสินบน ซีอีโอที่มิกินัดเจอดูจะไม่ เข้าใจว่าต้องติดสินบนมิกิ เลยเอากล่องขนมธรรมดามาให้แทน เรื่องนี้ทำให้มิกิโมโหจนเอาท่า มวยปล้ำออกมาใช้ ซึ่งผมก็ยินดีถ่ายภาพเก็บไว้เต็มที่
33-0777	scene_scenario_explanation	A request from Fuyuhiko Tanaka. He told me that one of his subordinates, Asami Morimiya-san, who was being stalked, has disappeared. Could the stalker have done something to her? I have to find Morimiya-san quickly!	คำร้องจากฟุยุฮิโกะ ทานากะ เขาบอกผมว่าลูกน้องคนหนึ่งของเขา อาซามิ โมริมิยะซัง ที่ถูกตามสะกดรอย หายตัวไปแล้ว หรือว่าคนที่ตามสะกดรอยจะทำอะไรกับเธอ? ผมต้องรีบตามหาโมริมิยะซังให้ เจอโดยเร็ว!
33-0778	scene_scenario_explanation	A request from Fuyuhiko Tanaka. He told me that one of his subordinates, Asami Morimiya-san, who was being stalked, has disappeared, but I've been duped. Turns out the client wasn't the victim's former employer Fuyuhiko Tanaka, but instead was Inamoto, Morimiya's stalker. I really oughta start checking ID.	คำร้องจากฟุยุฮิโกะ ทานากะ เขาบอกผมว่าลูกน้องคนหนึ่งของเขา อาซามิ โมริมิยะซัง ที่ถูกตามสะกดรอย หายตัวไปแล้ว แต่ผมกลับถูกหลอกซะเอง ปรากฏว่าลูกความไม่ใช่นายจ้าง เก่าของเหยื่ออย่างฟุยุฮิโกะ ทานากะ แต่เป็นอินาโมโตะ คนที่ตามสะกดรอยโมริมิยะต่างหาก ผมควรเริ่มตรวจบัตรประชาชนคนซะ บ้างแล้ว
33-0779	scene_scenario_explanation	A request from Mamoru Shimazu-san. He wants me to investigate if the property he and his girlfriend are moving into is haunted. Some of the residents claim to have seen a woman with long hair floating around in a white dress. He wants to prove that the property is haunted so he can negotiate lower rent, which I can admire, but... if you take a haunted property, aren't there bigger problems?	คำร้องจากมาโมรุ ชิมาซึซัง เขาอยากให้ผมสืบว่า อสังหาริมทรัพย์ที่เขากับแฟนสาว กำลังจะย้ายเข้าไปอยู่นั้นมี ผีสิงหรือเปล่า ผู้อยู่อาศัยบางคนอ้างว่าเห็น ผู้หญิงผมยาวใส่ชุดขาวลอยไปมา เขาอยากพิสูจน์ว่าที่นี่มีผีสิง จริงเพื่อจะได้ต่อรองค่าเช่าลง ซึ่งผมก็ชื่นชมความคิดนี้นะ แต่... ถ้าเช่าบ้านที่มีผีสิงจริง มันจะมีปัญหาใหญ่กว่านี้หรือเปล่า?
33-0780	scene_scenario_explanation	A request from Mamoru Shimazu-san. He wants me to investigate if the property he and his girlfriend are moving into is haunted. Some of the residents claim to have seen a woman with long hair floating around in a white dress. He wants to prove that the property is haunted so he can negotiate lower rent, which I can admire, but... If you take a haunted property, aren't there bigger problems?	คำร้องจากมาโมรุ ชิมาซึซัง เขาอยากให้ผมสืบว่า อสังหาริมทรัพย์ที่เขากับแฟนสาว กำลังจะย้ายเข้าไปอยู่นั้นมี ผีสิงหรือเปล่า ผู้อยู่อาศัยบางคนอ้างว่าเห็น ผู้หญิงผมยาวใส่ชุดขาวลอยไปมา เขาอยากพิสูจน์ว่าที่นี่มีผีสิง จริงเพื่อจะได้ต่อรองค่าเช่าลง ซึ่งผมก็ชื่นชมความคิดนี้นะ แต่... ถ้าเช่าบ้านที่มีผีสิงจริง มันจะมีปัญหาใหญ่กว่านี้หรือเปล่า?
33-0781	scene_scenario_explanation	A request from Mamoru Shimazu-san. He wanted me to investigate if the property he and his girlfriend are moving into is haunted. Some of the residents claimed to have seen a woman with long hair floating around in a white dress. He was trying to prove that the property was haunted so he could negotiate lower rent, but it turns out that the "ghost" was Shimazu's own girlfriend, Yukako-san, who decided to take matters into her own hands. Shimazu-san was overcome with joy to find out his girlfriend went so far to help him, but the landlord was furious. They won't be renting in that building, that's for sure. Not that they seemed to mind. Personally, I just don't want to run into them ever again.	คำร้องจากมาโมรุ ชิมาซึซัง เขาอยากให้ผมสืบว่า อสังหาริมทรัพย์ที่เขากับแฟนสาว กำลังจะย้ายเข้าไปอยู่นั้นมี ผีสิงหรือเปล่า ผู้อยู่อาศัยบางคนอ้างว่าเห็น ผู้หญิงผมยาวใส่ชุดขาวลอยไปมา เขาพยายามพิสูจน์ว่าที่นี่มี ผีสิงจริงเพื่อจะได้ต่อรอง ค่าเช่าลง แต่ปรากฏว่า "ผี" ตัวนั้นคือยูกาโกะซัง แฟนสาวของชิมาซึเองที่ตัดสินใจ ลงมือช่วยด้วยตัวเอง ชิมาซึซังดีใจสุด ๆ ที่รู้ว่าแฟนสาวทุ่มเทขนาดนี้เพื่อเขา แต่เจ้าของตึกโกรธมาก แน่นอนว่าทั้งคู่คงไม่ได้เช่า ตึกนั้นแล้ว แต่ดูเหมือนพวกเขาจะไม่ค่อยแคร์ เท่าไหร่ ส่วนตัวผมแค่ไม่อยากเจอพวกเขาอีกก็พอ
33-0782	scene_scenario_explanation	A request from Hyuga Kotaro... aka Horny Hinata. He's a comedian who sprung a honeytrap that happened to land him in an article about him having a sexual encounter with an underaged girl, hence the nickname. Maybe it would even work as a comedian? But the sex with a minor allegations are serious, and I guess he wants to avoid jail time. We've got to prove that he's innocent. 	คำร้องจากโคทาโระ ฮิวกะ... หรือที่รู้จักกันในชื่อ ฮินาตะจอมกำหนัด เขาเป็นนักแสดงตลกที่ติดกับดัก ฮันนีแทรป จนกลายเป็นข่าวว่ามีเพศสัมพันธ์ กับเด็กสาวที่ยังไม่ บรรลุนิติภาวะ ที่มาของฉายานี้นั่นเอง อาจจะเข้าทางตลกด้วยซ้ำมั้ง? แต่ข้อกล่าวหาเรื่อง มีเพศสัมพันธ์กับผู้เยาว์ เป็นเรื่องร้ายแรง เขาคงอยากเลี่ยงติดคุก เราต้องพิสูจน์ว่าเขาบริสุทธิ์ให้ได้ 
33-0783	scene_scenario_explanation	A request from Hyuga Kotaro... aka Horny Hinata. He's a comedian who sprung a honeytrap that happened to land him in an article about him having a sexual encounter with an underaged girl, hence the nickname. Maybe it would even work as a comedian? But the sex with a minor allegations are serious, and I guess he wants to avoid jailtime. We've got to prove that he's innocent. 	คำร้องจากโคทาโระ ฮิวกะ... หรือที่รู้จักกันในชื่อ ฮินาตะจอมกำหนัด เขาเป็นนักแสดงตลกที่ติดกับดัก ฮันนีแทรป จนกลายเป็นข่าวว่ามีเพศสัมพันธ์ กับเด็กสาวที่ยังไม่ บรรลุนิติภาวะ ที่มาของฉายานี้นั่นเอง อาจจะเข้าทางตลกด้วยซ้ำมั้ง? แต่ข้อกล่าวหาเรื่อง มีเพศสัมพันธ์กับผู้เยาว์ เป็นเรื่องร้ายแรง เขาคงอยากเลี่ยงติดคุก เราต้องพิสูจน์ว่าเขาบริสุทธิ์ให้ได้ 
33-0784	scene_scenario_explanation	A request from Hyuga Kotaro... aka Horny Hinata. He's a comedian who sprung a honeytrap that happened to land him in an article about him having a sexual encounter with an underaged girl, hence the nickname. Maybe it would even work as a comedian? But the sex with a minor allegations are serious, which is why I managed to prove that it was a trap set up by his own friend, the comedian Kotatsu Higurashi. He even went so far as to get his own girlfriend to sleep with him over it... Money really does rule some hearts, doesn't it?	คำร้องจากโคทาโระ ฮิวกะ... หรือที่รู้จักกันในชื่อ ฮินาตะจอมกำหนัด เขาเป็นนักแสดงตลกที่ติดกับดัก ฮันนีแทรป จนกลายเป็นข่าวว่ามีเพศสัมพันธ์ กับเด็กสาวที่ยังไม่ บรรลุนิติภาวะ ที่มาของฉายานี้นั่นเอง อาจจะเข้าทางตลกด้วยซ้ำมั้ง? แต่ข้อกล่าวหาเรื่อง มีเพศสัมพันธ์กับผู้เยาว์ เป็นเรื่องร้ายแรง ผมเลยต้องพิสูจน์ให้ได้ว่านี่ คือกับดักที่เพื่อนของเขาเอง นักแสดงตลกโคทัตสึ ฮิกุราชิ วางไว้ ถึงขั้นให้แฟนสาวของตัวเองไปนอน กับฮินาตะเพื่อจุดประสงค์นี้... เงินทำให้คนบางคนใจดำได้ถึง เพียงนี้เชียวหรือ?
33-0785	scene_scenario_explanation	I got an odd request from the owner of Koi Bride. Overnight, some of the carp in the pond had been turned into sashimi. He wants me to find out who did it and why. I can't fathom why anyone would even want koi sashimi...	ผมได้รับคำร้องแปลก ๆ จากเจ้าของโคอิไบรด์ ชั่วข้ามคืน ปลาคาร์ฟในบ่อบางตัวถูกทำเป็นซาชิมิ เขาอยากให้ผมหาตัวคนทำและสาเหตุ ผมนึกไม่ออกเลยว่าทำไมใครถึง อยากกินซาชิมิปลาคาร์ฟ...
33-0786	scene_scenario_explanation	A request from a mysterious man named Shin Amon. He challenged me to a duel for reasons I still don't fully understand. I don't really feel like it, but he's persistent, so I guess I'll indulge him...	คำร้องจากชายลึกลับที่ชื่อชิน อามอน เขาท้าดวลผมด้วยเหตุผลที่ผม ยังไม่เข้าใจเต็มที่ ผมไม่ค่อยอยากทำเท่าไหร่ แต่เขาดื้อรั้นมาก เอาเถอะ ยอมตามใจเขาสักตั้งก็แล้วกัน...
33-0787	scene_scenario_explanation	A request from a mysterious name named Shin Amon. He challenged me to a duel for reasons I still don't fully understand. Amon talked about how he wants to become the strongest man in the city or something. He's a weird guy, but kind of tough all the same.	คำร้องจากชายลึกลับที่ชื่อชิน อามอน เขาท้าดวลผมด้วยเหตุผลที่ผม ยังไม่เข้าใจเต็มที่ อามอนพูดถึงเรื่องที่อยาก เป็นชายที่แข็งแกร่งที่สุดใน เมืองอะไรทำนองนั้น เขาเป็นคนแปลก แต่ก็ต้องยอมรับว่าฝีมือไม่ธรรมดา
33-0788	scene_scenario_explanation	I received a request to look for a cat named "Zhuang Shi" by Wang-san. It was a cat owned by the head of his organization who recently passed. The problem is that Zhuang Shi is a "very valuable" cat that someone else in the organization is desperately looking for. Is it a tortoiseshell or something? I guess not, but why is this cat so important?	ผมได้รับคำร้องให้ตามหาแมวชื่อ "จวง ซือ" จากหวังซัง มันเป็นแมวของหัวหน้าองค์กรของ เขาที่เพิ่งเสียชีวิตไป ปัญหาคือจวง ซือเป็นแมวที่ "มีค่ามาก" ที่คนอื่นในองค์กรกำลังตามหา อย่างสิ้นหวัง เป็นแมวลายกระดองเต่าหรือเปล่านะ? เดาว่าคงไม่ใช่ แต่ทำไมแมวตัวนี้ถึงสำคัญขนาดนั้น?
33-0789	scene_scenario_explanation	I received a request to look for a cat named "Zhuang Shi" by Wang-san. It was a cat owned by the head of his organization who recently passed. The problem is that Zhuang Shi isn't just a regular cat, it's a "very valuable" cat that someone else in the organization is desperately looking for. Is it a tortoiseshell or something? I guess not, but why is this cat so valuable?	ผมได้รับคำร้องให้ตามหาแมวชื่อ "จวง ซือ" จากหวังซัง มันเป็นแมวของหัวหน้าองค์กรของ เขาที่เพิ่งเสียชีวิตไป ปัญหาคือจวง ซือไม่ใช่แมวธรรมดา แต่เป็นแมวที่ "มีค่ามาก" ที่คนอื่นในองค์กรกำลังตามหา อย่างสิ้นหวัง เป็นแมวลายกระดองเต่าหรือเปล่านะ? เดาว่าคงไม่ใช่ แต่ทำไมแมวตัวนี้ถึงมีค่าขนาดนั้น?
33-0790	scene_scenario_explanation	I received a request to look for a cat named "Zhuang Shi" by Wang-san. It was a cat owned by the head of his organization who recently passed. The problem is that Zhuang Shi isn't just a regular cat, it's a "very valuable" cat that someone else in the organization was desperately looking for it. It seems they were after Zhuang Shi's homing instincts, which would lead them back to this dead leader's hideout, and within, his great fortune. But Wang-san didn't even know this, so I think Zhuang Shi and Wang-san will be happy together. If cats are ever truly happy, that is. Who can tell?	ผมได้รับคำร้องให้ตามหาแมวชื่อ "จวง ซือ" จากหวังซัง มันเป็นแมวของหัวหน้าองค์กรของ เขาที่เพิ่งเสียชีวิตไป ปัญหาคือจวง ซือไม่ใช่แมวธรรมดา แต่เป็นแมวที่ "มีค่ามาก" ที่คนอื่นในองค์กรกำลังตามหา อย่างสิ้นหวัง ดูเหมือนพวกเขาต้องการสัญชาตญาณ กลับรังของจวง ซือ ซึ่งจะนำพวกเขาไปยังที่ซ่อนของ อดีตหัวหน้าที่เสียชีวิตไป พร้อมกับสมบัติมหาศาลที่ซ่อน อยู่ในนั้น แต่หวังซังเองก็ไม่รู้เรื่องนี้เลย ผมเลยคิดว่าจวง ซือกับหวังซังคงมีความสุขด้วยกันได้ ถ้าแมวเคยมีความสุขจริง ๆ นะ ใครจะไปรู้
33-0791	scene_scenario_explanation	A request from Shizue Kuwayama-san. She's suspicious that her son's wife might be trying to kill her son. After he married his wife, Kiriko-san, he's had a series of misfortunes, like getting into suspicious accidents or feeling ill. It would almost comical if it weren't true, but I have to trust Shizue-san's instincts here and look into this woman.	คำร้องจากชิซึเอะ คุวายามะซัง เธอสงสัยว่าภรรยาของลูกชายอาจ พยายามฆ่าลูกชายของเธอ หลังจากแต่งงานกับภรรยา คิริโกะซัง ลูกชายของเธอก็เจอเรื่องโชคร้าย ต่อเนื่อง ทั้งอุบัติเหตุน่าสงสัยและ อาการป่วยแปลก ๆ เกือบจะขำได้เลยถ้าไม่ใช่เรื่องจริง แต่ผมต้องเชื่อสัญชาตญาณของ ชิซึเอะซังแล้วสืบดูผู้หญิง คนนี้ให้ละเอียด
33-0792	scene_scenario_explanation	A request from Shizue Kuwayama-san. She's suspicious that her son's wife might be trying to kill her son. After he married his wife, Kiriko-san, he's had a series of misfortunes, like getting into suspicious accidents or feeling ill. It would almost be comical if it weren't true, but I have to trust Shizue-san's instincts here and look into this woman.	คำร้องจากชิซึเอะ คุวายามะซัง เธอสงสัยว่าภรรยาของลูกชายอาจ พยายามฆ่าลูกชายของเธอ หลังจากแต่งงานกับภรรยา คิริโกะซัง ลูกชายของเธอก็เจอเรื่องโชคร้าย ต่อเนื่อง ทั้งอุบัติเหตุน่าสงสัยและ อาการป่วยแปลก ๆ เกือบจะขำได้เลยถ้าไม่ใช่เรื่องจริง แต่ผมต้องเชื่อสัญชาตญาณของ ชิซึเอะซังแล้วสืบดูผู้หญิง คนนี้ให้ละเอียด
33-0793	scene_scenario_explanation	A request from Shizue Kuwayama-san. She was suspicious that her son's wife might be trying to kill her son. After he married his wife, Kiriko-san, he's had a series of misfortunes, like getting into suspicious accidents or feeling ill. It would almost be comical if it weren't true, but it was, because Kiriko-san's co-worker, Minami, had unrequited feelings for her. So naturally, he tried to kill her husband. Naturally.	คำร้องจากชิซึเอะ คุวายามะซัง เธอสงสัยว่าภรรยาของลูกชายอาจ พยายามฆ่าลูกชายของเธอ หลังจากแต่งงานกับภรรยา คิริโกะซัง ลูกชายของเธอก็เจอเรื่องโชคร้าย ต่อเนื่อง ทั้งอุบัติเหตุน่าสงสัยและ อาการป่วยแปลก ๆ เกือบจะขำได้เลยถ้าไม่ใช่เรื่องจริง แต่มันเป็นเรื่องจริง เพราะมินามิ เพื่อนร่วมงานของคิริโกะซัง แอบรักเธอข้างเดียว เลยพยายามฆ่าสามีของเธอไปตาม ธรรมชาติของความหึงหวง ธรรมชาติจริง ๆ
33-0794	scene_scenario_explanation	Just when we thought the Twisted Trio was down for good, the king of perverts has taken the stage. He's known as "Giant Impact." He flashes his giant genitalia to women, and thus, the name follows. I suppose it's my duty to put him down. Not because I'm jealous or anything...	ตอนที่คิดว่าสามโรคจิตหมดฤทธิ์ไปแล้ว ราชาแห่งโรคจิตก็ปรากฏตัวขึ้นมาแทน เขาชื่อ "ไจแอนต์อิมแพ็กต์" ชอบเปิดอวัยวะเพศขนาดใหญ่ให้ผู้หญิงดู นั่นคือที่มาของชื่อนี้ คงเป็นหน้าที่ผมที่ต้องจัดการเขา ไม่ใช่เพราะอิจฉาอะไรหรอกนะ...
33-0795	scene_scenario_explanation	Just when we thought the Twisted Trio was down for good, the king of perverts has taken the stage. He's known as "Giant Impact." He flashes his giant genitalia to women, and thus, the name followed. Strangely enough, Giant Impact turned out to be a 78-year-old virgin, and being celibate that long apparently flipped a switch that was never meant to be flipped. Just because you have something impressive doesn't mean you need to show it off. It's how you use it that matters.	ตอนที่คิดว่าสามโรคจิตหมดฤทธิ์ไปแล้ว ราชาแห่งโรคจิตก็ปรากฏตัวขึ้นมาแทน เขาชื่อ "ไจแอนต์อิมแพ็กต์" ชอบเปิดอวัยวะเพศขนาดใหญ่ให้ผู้หญิงดู นั่นคือที่มาของชื่อนี้ แปลกที่สุดคือไจแอนต์อิมแพ็กต์ กลับเป็นชายโสดวัย 78 ปีที่ยังบริสุทธิ์ และการอดกลั้นมานานขนาดนั้นก็คง ไปกดสวิตช์บางอย่างที่ ไม่ควรถูกกดเข้า แค่มีของดีไม่ได้แปลว่าต้องเอา มาอวดกันนะ อยู่ที่ว่าจะใช้มันยังไงต่างหาก ที่สำคัญ
33-0796	scene_scenario_explanation	There's a bomb in Kamurocho! The bomber is toying with me, and their hint was "An angel in the warrior's maze." I have to stop this!	มีระเบิดอยู่ในคามุโรโจ! มือระเบิดกำลังเล่นเกมกับผม เบาะแสที่ทิ้งไว้คือ "นางฟ้าในเขาวงกตของนักรบ" ผมต้องหยุดมันให้ได้!
33-0797	scene_scenario_explanation	There's a bomb in Kamurocho! The bomber toyed with me, and their hint was "An angel in the warrior's maze." I managed to stop it, but I think they're far from finished...	มีระเบิดอยู่ในคามุโรโจ! มือระเบิดเล่นเกมกับผม เบาะแสที่ทิ้งไว้คือ "นางฟ้าในเขาวงกตของนักรบ" ผมหยุดมันได้ทัน แต่คิดว่าเรื่องนี้ยังไม่จบง่าย ๆ...
33-0798	scene_scenario_explanation	Another bomb! This time the hint is, "An ox in an inn." The bomb is gonna blow in five minutes!	ระเบิดอีกลูก! คราวนี้เบาะแสคือ "วัวในโรงเตี๊ยม" ระเบิดจะทำงานในอีกห้านาที!
33-0799	scene_scenario_explanation	Another bomb! This time the hint was, "An ox in an inn." The bomb was set for five minutes, but I got it. But the bomber is still out there...	ระเบิดอีกลูก! คราวนี้เบาะแสคือ "วัวในโรงเตี๊ยม" ระเบิดถูกตั้งเวลาไว้ห้านาที แต่ผมจัดการได้ทัน แต่มือระเบิดยังคงลอยนวลอยู่...
33-0800	scene_scenario_explanation	The bomber strikes again! The hint this time is, "The pigeon coos among the cherry blossoms." It's cryptic, but I've only got five minutes!	มือระเบิดลงมืออีกครั้ง! คราวนี้เบาะแสคือ "นกพิราบขันท่ามกลางดอกซากุระ" มันคลุมเครือมาก แต่ผมมีเวลาแค่ห้านาที!
33-0801	scene_scenario_explanation	I was able to stop the bomb in time, thanks to Tsukumo. I get where he's coming from about this city's security being so crappy. I mean, I get attacked just because I walk around. But the bombs were too much...	ผมหยุดระเบิดได้ทันเวลา ต้องขอบคุณสึคุโมะ ผมเข้าใจที่เขาบ่นเรื่องระบบ รักษาความปลอดภัยของเมือง นี้ห่วยแตกนะ คือแค่เดินไปเดินมาก็โดนโจมตีแล้ว แต่เรื่องระเบิดนี่มันเกินไปหน่อย...
33-0802	scene_scenario_explanation	I became friends with Sana Mihama-chan who came to Tokyo with a dream to become a singer-songwriter. She sings in Kamurocho in hopes of making her debut. She seems to have a fanbase so maybe it'll work out.	ผมได้เป็นเพื่อนกับซานะ มิฮามะจัง สาวน้อยที่มาโตเกียวด้วยความฝัน อยากเป็นนักร้องนักแต่งเพลง เธอร้องเพลงอยู่ที่คามุโรโจ เพื่อหวังเปิดตัวเป็นศิลปิน ดูเหมือนเธอจะมีแฟนคลับอยู่บ้างแล้ว บางทีอาจไปได้สวยก็ได้
33-0803	scene_scenario_explanation	I became friends with Sana Mihama-chan who came to Tokyo with a dream to become a singer-songwriter. She sings in Kamurocho in hopes of making her debut, but her producer, Saito, planned on forcing Sana-chan into sleeping with a client, all while filming it to sell as pornography. I was able to save her before she was assaulted, and while she was pretty depressed about the whole thing, her fans encouraged her to keep striving toward her dream.	ผมได้เป็นเพื่อนกับซานะ มิฮามะจัง สาวน้อยที่มาโตเกียวด้วยความฝัน อยากเป็นนักร้องนักแต่งเพลง เธอร้องเพลงอยู่ที่คามุโรโจ เพื่อหวังเปิดตัวเป็นศิลปิน แต่โปรดิวเซอร์ของเธอ ไซโตะ วางแผนบังคับให้ซานะจังไปนอนกับลูกค้า พร้อมแอบถ่ายไว้ขายเป็นสื่อลามก ผมช่วยเธอไว้ได้ทันก่อนถูกทำร้าย แม้เธอจะเสียใจมากกับเรื่องนี้ แต่แฟนคลับก็ให้กำลังใจให้เธอไป ต่อตามความฝัน
33-0804	scene_scenario_explanation	A request from Amane-san. She foresaw that a black calamity would befall a man named Meguro soon... Is this fortune teller the real deal or just a fraud? I'll follow Meguro and see what happens. 	คำร้องจากอามาเนะซัง เธอทำนายว่าลางร้ายสีดำกำลังจะ เกิดกับชายที่ชื่อ เมกุโระในไม่ช้า... หมอดูคนนี้เก่งจริงหรือแค่ ต้มตุ๋นกันแน่? ผมจะตามเมกุโระดูว่าจะเกิดอะไรขึ้น 
33-0805	scene_scenario_explanation	A request from Amane-san. She foresaw that a black calamity would befall a man named Meguro soon... And it was a rip-off of a bar called, "Black Alice." I mean, I guess it's black, but my verdict is still out on this fortuneteller.	คำร้องจากอามาเนะซัง เธอทำนายว่าลางร้ายสีดำกำลังจะ เกิดกับชายที่ชื่อ เมกุโระในไม่ช้า... สุดท้ายกลายเป็นบาร์เลียนแบบชื่อ "แบล็กอลิซ" ก็ดำจริงแหละนะ แต่ผมยังตัดสินใจไม่ได้ว่าหมอดู คนนี้เก่งจริงหรือเปล่า
33-0806	scene_scenario_explanation	Another request from Amane-san. She foresaw another calamity befall Meguro-san. This time it's a black and white calamity. What kind of calamity could that be? I guess I'll follow Meguro and see what happens...	คำร้องอีกครั้งจากอามาเนะซัง เธอทำนายลางร้ายอีกครั้งที่จะ เกิดกับเมกุโระซัง คราวนี้เป็นลางร้ายสีขาวดำ จะเป็นลางร้ายแบบไหนกันนะ? ผมคงต้องตามเมกุโระดูว่าจะเกิด อะไรขึ้น...
33-0807	scene_scenario_explanation	Another request from Amane-san. She foresaw another calamity would befall Meguro-san. This time it's a black and white calamity. What kind of calamity could that be? I guess I'll follow Meguro and see what happens...	คำร้องอีกครั้งจากอามาเนะซัง เธอทำนายลางร้ายอีกครั้งที่จะ เกิดกับเมกุโระซัง คราวนี้เป็นลางร้ายสีขาวดำ จะเป็นลางร้ายแบบไหนกันนะ? ผมคงต้องตามเมกุโระดูว่าจะเกิด อะไรขึ้น...
33-0808	scene_scenario_explanation	Another request from Amane-san. She foresaw another calamity would befall Meguro again. This time it was a black and white calamity that turned out to be a police car. Meguro thought Amane-san was causing the misfortunes and attacked her, and I can't help but wonder what would have happened if I hadn't been there to intervene. Or did she predict that too? Sort of chicken and egg, isn't it? I guess this is what you call a self-fulfilling prophecy.	คำร้องอีกครั้งจากอามาเนะซัง เธอทำนายลางร้ายอีกครั้งที่จะ เกิดกับเมกุโระอีกครา คราวนี้เป็นลางร้ายสีขาวดำที่ กลายเป็นรถตำรวจ เมกุโระคิดว่าอามาเนะซัง เป็นต้นเหตุของเคราะห์ร้าย ทั้งหมด เลยทำร้ายเธอ ผมอดคิดไม่ได้ว่าถ้าผมไม่เข้าไป ช่วยทัน จะเกิดอะไรขึ้น หรือว่าเธอทำนายเรื่องนี้ไว้ ด้วยเหมือนกัน? อะไรจะเกิดก่อนกันนะ ไก่หรือไข่? นี่คงเรียกว่าคำทำนายที่ สร้างตัวมันเองให้เป็นจริงล่ะ มั้ง
33-0809	scene_scenario_explanation	Amane-san asked me to protect Hiyama, a man who she foresaw a fire calamity befalling. She said the presence of the calamity has grown massive, and that this was the first time something like this happened. She said she doesn't know how horrible a calamity of this size could be. I'll follow him and hopefully prevent it...	อามาเนะซังขอให้ผมปกป้องฮิยามะ ชายที่เธอทำนายว่าจะเจอลางร้าย เรื่องไฟ เธอบอกว่าพลังของลางร้าย ครั้งนี้ใหญ่โตมาก และเป็นครั้งแรกที่เจอเรื่องแบบนี้ เธอบอกว่าไม่รู้เลยว่าลางร้าย ขนาดนี้จะร้ายแรงแค่ไหน ผมจะตามฮิยามะไปแล้วหวังว่าจะ ป้องกันมันได้ทัน...
33-0810	scene_scenario_explanation	Amane-san asked me to protect Hiyama, a man who she foresaw a fire calamity befalling. She said the presence of the calamity has grown massive, and that this was the first time something like this happened. But it turned out that the catalyst of the fire calamity was Hiyama himself, a wanted arsonist who planned on turning Kamurocho into a sea of of fire. I was able to stop it, but I'm not doubting Amane-san's powers as much anymore...	อามาเนะซังขอให้ผมช่วยปกป้องฮิยามะ ชายที่เธอทำนายว่าจะเจอภัยพิบัติจากไฟ เธอบอกว่าเงาของภัยพิบัตินี้ ขยายใหญ่ขึ้นมาก และไม่เคยมีเรื่องแบบนี้ เกิดขึ้นมาก่อน แต่สุดท้ายกลับพบว่าต้นเหตุของ ภัยพิบัติไฟนี้คือฮิยามะเอง นักวางเพลิงที่ตำรวจต้องการตัว ผู้วางแผนเผาคามุโรโจให้ กลายเป็นทะเลเพลิง ผมหยุดมันได้สำเร็จ แต่ตอนนี้ผมเริ่มไม่ค่อยสงสัย พลังของอามาเนะซังเหมือนก่อน แล้ว...
33-0811	scene_scenario_explanation	A request from Yukako Oki. Her boyfriend, Mamoru Shimazu, hasn't responded to her texts and she believes something must have happened to him. I think she's overreacting, but a job's a job.	คำขอจากยูกาโกะ โอกิ แฟนหนุ่มของเธอ มาโมรุ ชิมาซึ ไม่ตอบข้อความเลย เธอเชื่อว่าต้องมีอะไรเกิด ขึ้นกับเขาแน่ๆ ผมว่าเธอคิดมากไปเองมากกว่า แต่งานก็คืองาน
33-0812	scene_scenario_explanation	A request from Yukako Oki. Her boyfriend, Mamoru Shimazu, hasn't responded to her texts and she believes something must have happened to him. I thought she was overreacting, and I was right, because it turned out Shimazu-san wasn't missing, he was just making preparations for Yukako-san's birthday. Yukako-san's favorite pop idol, Toya Tokunaga was called in as a surprise but, as usual, the wind blew his wig away...	คำขอจากยูกาโกะ โอกิ แฟนหนุ่มของเธอ มาโมรุ ชิมาซึ ไม่ตอบข้อความเลย เธอเชื่อว่าต้องมีอะไรเกิด ขึ้นกับเขาแน่ๆ ผมคิดว่าเธอคิดมากไปเอง และก็เป็นแบบนั้นจริงๆ เพราะสุดท้ายชิมาซึซังไม่ได้ หายตัวไปไหน เขาแค่กำลังเตรียมงานวันเกิดให้ ยูกาโกะซัง ป็อปไอดอลคนโปรดของยูกาโกะซัง โทยะ โทคุนางะ ถูกเรียกมาเป็นเซอร์ไพรส์ แต่เหมือนเคย ลมพัดวิกของเขาปลิวหายไป...
33-0813	scene_scenario_explanation	Tokunaga's wig was blown away again. His career as an idol depends on it.	วิกของโทคุนางะถูกลมพัดปลิวหาย ไปอีกแล้ว อาชีพไอดอลของเขาขึ้นอยู่กับมัน เลยทีเดียว
33-0814	scene_scenario_explanation	Tokunaga's wig was blown away again. His career as an idol depends on it. I managed to get it back, but I'm really not interested in doing this again...	วิกของโทคุนางะถูกลมพัดปลิวหาย ไปอีกแล้ว อาชีพไอดอลของเขาขึ้นอยู่กับมัน เลยทีเดียว ผมเอามันกลับมาได้ แต่จริงๆ แล้วไม่อยากทำแบบนี้อีกเลย...
33-0815	scene_scenario_explanation	Tokunaga's wig was blown away for the third time. This is the worst wig ever. I have to get it back before it flies away again!	วิกของโทคุนางะถูกลมพัดปลิวหาย ไปเป็นครั้งที่สามแล้ว นี่คือวิกที่แย่ที่สุดเท่าที่เคยเจอมา ผมต้องเอามันกลับมาให้ได้ ก่อนที่มันจะปลิวหายไปอีก!
33-0816	scene_scenario_explanation	Apparently Tokunaga's wig was blown away again and some yakuza accidentally took it as his own. Can I get it back without causing a scene? Stay tuned...	ดูเหมือนวิกของโทคุนางะจะถูกลม พัดปลิวหายไปอีกแล้ว แล้วยากูซ่าคนหนึ่งก็หยิบมันไป โดยเข้าใจผิดว่าเป็นของตัวเอง ผมจะเอามันคืนมาได้โดยไม่ทำให้ เรื่องใหญ่โตไหมนะ โปรดติดตามตอนต่อไป...
33-0817	scene_scenario_explanation	Apparently Tokunaga's wig was blown away again and some yakuza accidentally took it as his own. The yakuza thought I wore a wig too, but what's important is that I got it back. And Tokunaga told me that he grew a single hair on his head. I guess where there's a will, there's a way...	ดูเหมือนวิกของโทคุนางะจะถูกลม พัดปลิวหายไปอีกแล้ว แล้วยากูซ่าคนหนึ่งก็หยิบมันไป โดยเข้าใจผิดว่าเป็นของตัวเอง ยากูซ่าคนนั้นคิดว่าผมใส่วิก ด้วยเหมือนกัน แต่เรื่องสำคัญคือผมเอามันคืนมา ได้แล้ว แล้วโทคุนางะก็บอกผมว่าเขามีผม งอกขึ้นมาเส้นหนึ่งแล้ว สมกับคำที่ว่าความพยายามอยู่ที่ไหน ความสำเร็จอยู่ที่นั่นจริงๆ...
33-0818	scene_scenario_explanation	The leader of the burglary ring that's been making the rounds in Kamurocho, Crow, asked me to find Jester, one of their members. Crow told me he's worried about Jester. I owe Jester, too. I'll go to where he appeared last time and look for clues.	หัวหน้าแก๊งโจรที่ป้วนเปี้ยน อยู่ในคามุโรโจ โครว์ ขอให้ผมช่วยตามหาเจสเตอร์ หนึ่งในสมาชิกแก๊ง โครว์บอกว่าเป็นห่วงเจสเตอร์มาก ผมเองก็เป็นหนี้บุญคุณเจสเตอร์ อยู่เหมือนกัน ผมจะไปที่ที่เขาปรากฏตัวครั้ง ล่าสุดเพื่อหาเบาะแส
33-0819	scene_scenario_explanation	The leader of the burglary ring that's been making the rounds in Kamurocho, Crow, asked me to find Jester, one of their members. Crow told me he's worried about Jester, but it was a lie, because Crow simply wanted Jester to come back to the thieves to make use of his talents for his vile schemes.	หัวหน้าแก๊งโจรที่ป้วนเปี้ยน อยู่ในคามุโรโจ โครว์ ขอให้ผมช่วยตามหาเจสเตอร์ หนึ่งในสมาชิกแก๊ง โครว์บอกว่าเป็นห่วงเจสเตอร์ แต่นั่นเป็นเรื่องโกหก เพราะจริงๆ แล้วโครว์แค่อยากให้เจสเตอร์ กลับมาอยู่กับแก๊งโจร เพื่อใช้ความสามารถของเขาทำแผน ชั่วร้ายต่อไป
33-0820	scene_scenario_explanation	The owner of Tender called me up because people at the bar are betting on who can guess Mari's occupation, and they want me to take a stab at it. Mari is a regular at Tender, but her life is shrouded in mystery. I don't even know her real name. I'm curious myself, so I decided to join in on the bet.	เจ้าของร้านเทนเดอร์โทรมาหาผม เพราะคนที่บาร์กำลังพนันกันว่า ใครจะทายอาชีพของมาริถูก แล้วพวกเขาอยากให้ผมลองทายดูบ้าง มาริเป็นลูกค้าประจำของเทนเดอร์ แต่ชีวิตของเธอเต็มไปด้วยปริศนา ผมยังไม่รู้ด้วยซ้ำว่าชื่อจริง ของเธอคืออะไร ผมเองก็อยากรู้เหมือนกัน เลยตัดสินใจร่วมวงพนันด้วย
33-0821	scene_scenario_explanation	The owner of Tender called me up because people at the bar are betting on who can guess Mari's occupation and they want me to take a stab at it. Mari is a regular at Tender, but her life is shrouded in mystery. I don't even know her real name. I'm curious myself, so I decided to join in on the bet.	เจ้าของร้านเทนเดอร์โทรมาหาผม เพราะคนที่บาร์กำลังพนันกันว่า ใครจะทายอาชีพของมาริถูก แล้วพวกเขาอยากให้ผมลองทายดูบ้าง มาริเป็นลูกค้าประจำของเทนเดอร์ แต่ชีวิตของเธอเต็มไปด้วยปริศนา ผมยังไม่รู้ด้วยซ้ำว่าชื่อจริง ของเธอคืออะไร ผมเองก็อยากรู้เหมือนกัน เลยตัดสินใจร่วมวงพนันด้วย
33-0822	scene_scenario_explanation	The owner of Tender called me up because people at the bar are betting on who can guess Mari's occupation and they want me to take a stab at it. Mari is a regular at Tender, but her life is shrouded in mystery. I don't even know her real name. I was curious myself, so I decided to join in on the bet, only to discover Mari was a gambler. We were gambling against a professional gambler. No wonder she was excited.	เจ้าของร้านเทนเดอร์โทรมาหาผม เพราะคนที่บาร์กำลังพนันกันว่า ใครจะทายอาชีพของมาริถูก แล้วพวกเขาอยากให้ผมลองทายดูบ้าง มาริเป็นลูกค้าประจำของเทนเดอร์ แต่ชีวิตของเธอเต็มไปด้วยปริศนา ผมยังไม่รู้ด้วยซ้ำว่าชื่อจริง ของเธอคืออะไร ผมเองก็อยากรู้เหมือนกัน เลยตัดสินใจร่วมวงพนันด้วย จนได้รู้ว่ามาริเป็นนักพนันตัวยง พวกเราพนันกับนักพนันมืออาชีพ กันมาตลอด ไม่แปลกใจเลยที่เธอตื่นเต้นขนาดนั้น
33-0823	scene_scenario_explanation	Kaito-san asked me to find Yusuke-kun's father. Apparently Kaito-san stopped a bunch of thugs from kidnapping him. Yusuke-kun thinks that Kaito is some kind of superhero and Kaito doesn't know what to do. I bet Yusuke-kun would be shocked if he finds out that Kaito used to be yakuza.	ไคโตะซังขอให้ผมช่วยตามหาพ่อของ ยูซึเกะคุง ดูเหมือนไคโตะซังจะช่วยหยุด กลุ่มอันธพาลที่พยายาม ลักพาตัวเขาไว้ได้ ยูซึเกะคุงคิดว่าไคโตะเป็น ซูเปอร์ฮีโร่บางอย่าง จนไคโตะเองก็ไม่รู้จะทำตัวยังไง ผมพนันได้เลยว่ายูซึเกะคุงต้อง ช็อกแน่ถ้ารู้ว่าไคโตะ เคยเป็นยากูซ่ามาก่อน
33-0824	scene_scenario_explanation	Kaito-san asked me to find Yusuke-kun's father. Apparently Kaito-san stopped a bunch of thugs from kidnapping him. Yusuke-kun thinks that Kaito is some kind of hero of justice and Kaito doesn't know what to do. I bet Yusuke-kun would be shocked if he finds out that Kaito used to be yakuza.	ไคโตะซังขอให้ผมช่วยตามหาพ่อของ ยูซึเกะคุง ดูเหมือนไคโตะซังจะช่วยหยุด กลุ่มอันธพาลที่พยายาม ลักพาตัวเขาไว้ได้ ยูซึเกะคุงคิดว่าไคโตะเป็นฮีโร่ แห่งความยุติธรรม จนไคโตะเองก็ไม่รู้จะทำตัวยังไง ผมพนันได้เลยว่ายูซึเกะคุงต้อง ช็อกแน่ถ้ารู้ว่าไคโตะ เคยเป็นยากูซ่ามาก่อน
33-0825	scene_scenario_explanation	Kaito-san asked me to find Yusuke-kun's father. Apparently Kaito-san stopped a bunch of thugs from kidnapping Yusuke-kun. Yusuke-kun thinks that Kaito is some kind of hero of justice and Kaito doesn't know what to do. Fortunately, we were able to find Yusuke-kun's father and managed to save them from the yakuza. Yusuke-kun thought Kaito was a hero until the very end.	ไคโตะซังขอให้ผมช่วยตามหาพ่อของ ยูซึเกะคุง ดูเหมือนไคโตะซังจะช่วยหยุด กลุ่มอันธพาลที่พยายาม ลักพาตัวยูซึเกะคุงไว้ได้ ยูซึเกะคุงคิดว่าไคโตะเป็นฮีโร่ แห่งความยุติธรรม จนไคโตะเองก็ไม่รู้จะทำตัวยังไง โชคดีที่พวกเราตามหาพ่อของ ยูซึเกะคุงเจอ และช่วยพวกเขาให้พ้นจากยากูซ่า ได้สำเร็จ ยูซึเกะคุงคิดว่าไคโตะเป็นฮีโร่ จนถึงวินาทีสุดท้าย
33-0826	scene_scenario_explanation	Genda-sensei asked me to be a bodyguard for one of his clients in a messy divorce case. The father is a former yakuza, and he's been desperately trying to get his daughter back. To make matters worse, the lawyer for the father is a man named Oikawa, a former student of Genda-sensei, who he fired. I've been told that Oikawa is a man who would do anything to win. I have to help Genda-sensei not as a lawyer, but as a detective.	อาจารย์เก็นดะขอให้ผมเป็น บอดี้การ์ดให้ลูกความคนหนึ่ง ของเขาในคดีหย่าร้างที่ยุ่งเหยิง ฝ่ายพ่อเคยเป็นยากูซ่ามาก่อน และพยายามอย่างสุดตัวที่จะเอา ลูกสาวคืนมา ที่แย่ไปกว่านั้นคือทนายของฝ่าย พ่อคือชายที่ชื่อโออิคาวะ อดีตลูกศิษย์ของอาจารย์เก็นดะ ที่เขาไล่ออกไปเอง ผมได้ยินมาว่าโออิคาวะเป็นคนที่ ทำได้ทุกอย่างเพื่อเอาชนะ ผมต้องช่วยอาจารย์เก็นดะ ไม่ใช่ในฐานะทนาย แต่ในฐานะนักสืบ
33-0827	scene_scenario_explanation	Genda-sensei asked me to be a bodyguard for one of his clients in a messy divorce case. The father is a former yakuza, and he's been desperately trying to get his daughter back. To make matters worse, the lawyer for the father is a man named Oikawa, a former student of Genda-sensei, who he fired. Oikawa tried to use fabricated evidence of an affair to win, but Genda-sensei's compassion dissolved the case itself. Trials aren't a game, and that's a valuable lesson we can all learn from Genda-sensei.	อาจารย์เก็นดะขอให้ผมเป็น บอดี้การ์ดให้ลูกความคนหนึ่ง ของเขาในคดีหย่าร้างที่ยุ่งเหยิง ฝ่ายพ่อเคยเป็นยากูซ่ามาก่อน และพยายามอย่างสุดตัวที่จะเอา ลูกสาวคืนมา ที่แย่ไปกว่านั้นคือทนายของฝ่าย พ่อคือชายที่ชื่อโออิคาวะ อดีตลูกศิษย์ของอาจารย์เก็นดะ ที่เขาไล่ออกไปเอง โออิคาวะพยายามใช้หลักฐานปลอม เรื่องชู้สาวเพื่อเอาชนะ แต่ความเมตตาของอาจารย์เก็นดะ กลับทำให้คดีถูกยกเลิกไปเอง การพิจารณาคดีไม่ใช่เกม และนั่นคือบทเรียนล้ำค่าที่ พวกเราทุกคนเรียนรู้ได้จาก อาจารย์เก็นดะ
33-0828	scene_scenario_explanation	The Pigeon Takes Flight	นกพิราบทะยานฟ้า
33-0829	scene_scenario_explanation	It seems that they started hosting drone races in Kamurocho. I should join sometime. It could be fun. But that guy Makihara must really love drones. If I ever have any drone problems, I know where to go.	ดูเหมือนพวกเขาจะเริ่มจัด การแข่งขันโดรนในคามุโรโจแล้ว สักวันผมน่าจะลองเข้าร่วมดูบ้าง คงสนุกไม่น้อย แต่มาคิฮาระคนนั้นต้องรักโดรนมากแน่ๆ ถ้าผมมีปัญหาเรื่องโดรนเมื่อไหร่ ผมรู้แล้วว่าต้องไปหาใคร
33-0830	scene_scenario_explanation	Paradise VR Unlocked	Paradise VR ปลดล็อกแล้ว
33-0831	scene_scenario_explanation	A homeless man with a bad leg gave me a play pass for "Dice & Cube." He wants me to go and play the game in exchange for him looking for someone who knows something about Red Nose. I need to clear the game and bring him the prize.	ชายไร้บ้านขาพิการคนหนึ่งให้เพลย์พาส "Dice & Cube" แก่ผม เขาอยากให้ผมไปเล่นเกมนั้น แลกกับที่เขาจะช่วยตามหาคนที่ รู้เรื่องเกี่ยวกับจมูกแดง ผมต้องเคลียร์เกมแล้วเอารางวัล ไปให้เขา
33-0832	scene_scenario_explanation	Tatsuro-san requested me to entertain his wife. His wife is very drunk and seems to think I'm her husband. I think she needs a doctor, not a detective, but what am I going to do? This is weird.	ทัตสึโรซังขอให้ผมช่วยดูแลภรรยาของเขา ภรรยาเขาเมามากและดูเหมือนจะคิด ว่าผมเป็นสามีของเธอ ผมว่าเธอต้องการหมอมากกว่านักสืบนะ แต่จะให้ผมทำยังไงได้ล่ะ เรื่องนี้แปลกจริงๆ
33-0833	scene_scenario_explanation	Tatsuro-san requested me to entertain his wife. His wife appeared to be very drunk and seemed to think I'm her husband. I think she needs a doctor, not a detective, especially considering Tatsuro-san jumped out at the end and she fainted.	ทัตสึโรซังขอให้ผมช่วยดูแลภรรยาของเขา ภรรยาเขาดูเหมือนจะเมามากและคิด ว่าผมเป็นสามีของเธอ ผมว่าเธอต้องการหมอมากกว่านักสืบนะ โดยเฉพาะตอนที่ทัตสึโรซัง โผล่ออกมาตอนท้ายแล้วเธอก็ เป็นลม
33-0834	scene_scenario_explanation	Damn it! I've been ripped off! A married couple, Tatsuo and Maki, pretended to be good people, but planned on ripping me off from the start. I lost 10,000 yen. I'm coming to get my money back!	ให้ตายสิ! ผมโดนโกงซะแล้ว! คู่สามีภรรยา ทัตสึโอะกับมากิ แสร้งทำเป็นคนดี แต่วางแผนโกงผมมาตั้งแต่แรก ผมเสียเงินไป 10,000 เยน ผมจะไปเอาเงินคืนให้ได้!
33-0835	scene_scenario_explanation	Damn it! I've been ripped off! A married couple, Tatsuo and Maki, pretended to be good people, but planned on ripping me off from the start. I lost 100,000 yen. I'm coming to get my money back!	ให้ตายสิ! ผมโดนโกงซะแล้ว! คู่สามีภรรยา ทัตสึโอะกับมากิ แสร้งทำเป็นคนดี แต่วางแผนโกงผมมาตั้งแต่แรก ผมเสียเงินไป 100,000 เยน ผมจะไปเอาเงินคืนให้ได้!
33-0836	scene_scenario_explanation	Damn it! I've been ripped off! A married couple, Tatsuo and Maki, pretended to be good people, but planned on ripping me off from the start. I was charged 100,000 yen, but I got it back. Despite her husband forbidding her, the woman who ripped me off was apparently going to a host club and had been spending all of the money there. All it took was proof.	ให้ตายสิ! ผมโดนโกงซะแล้ว! คู่สามีภรรยา ทัตสึโอะกับมากิ แสร้งทำเป็นคนดี แต่วางแผนโกงผมมาตั้งแต่แรก ผมถูกเรียกเก็บเงินไป 100,000 เยน แต่ผมเอามันคืนมาได้แล้ว แม้สามีจะห้ามไว้ แต่ผู้หญิงที่โกงผมกลับแอบไปโฮสต์คลับ แล้วผลาญเงินทั้งหมดที่นั่น แค่มีหลักฐานก็จบเรื่องแล้ว
33-0837	scene_scenario_explanation	Hoshino-kun called me to defend him in the mysterious disappearance of some cake that Saori-san had been protecting. Hoshino-kun is the prime suspect, and I have to prove his innocence. And yes, a bunch of grown-ass lawyers are holding a trial to determine his fate over this cake.	โฮชิโนะคุงโทรมาขอให้ผมช่วย แก้ต่างให้เขาในคดีเค้กหาย ปริศนา ที่ซาโอริซังคอยเฝ้าเอาไว้ โฮชิโนะคุงเป็นผู้ต้องสงสัยหลัก และผมต้องพิสูจน์ความบริสุทธิ์ ของเขาให้ได้ แล้วใช่ครับ ทนายตัวโตๆ กลุ่มหนึ่งกำลังจะจัด การพิจารณาคดีเพื่อตัดสิน ชะตากรรมของเขา เพราะเค้กก้อนเดียวแท้ๆ
33-0838	scene_scenario_explanation	Hoshino-kun called me to defend him in the mysterious disappearance of some cake that Saori-san had been protecting. Hoshino-kun was the prime suspect, and I had to prove his innocence. Saori-san transforms into a different person when it comes to sweets, and she couldn't remember that there was a planned power outage that caused Genda-sensei, who was on cleaning duty, to throw out the spoiled cake. Hoshino-kun, you've got your work cut out for you.	โฮชิโนะคุงโทรมาขอให้ผมช่วย แก้ต่างให้เขาในคดีเค้กหาย ปริศนา ที่ซาโอริซังคอยเฝ้าเอาไว้ โฮชิโนะคุงเป็นผู้ต้องสงสัยหลัก และผมต้องพิสูจน์ความบริสุทธิ์ของเขา ซาโอริซังกลายเป็นคนละคนไป เลยเวลาเจอของหวาน จนเธอจำไม่ได้ว่ามีแผนดับไฟฟ้า ที่ทำให้อาจารย์เก็นดะ ซึ่งเข้าเวรทำความสะอาดต้องทิ้ง เค้กที่เสียไปแล้ว โฮชิโนะคุง งานนี้หนักหนาสำหรับคุณจริงๆ นะ
33-0839	scene_scenario_explanation	Taeko Nakahara asked me to get back her stolen diamond ring. It's a special ring given to her by her husband, and she wants it back no matter what before their wedding anniversary this weekend. I only have the suspect's face sketch as a clue, but if I can deduce what the suspect did after he stole the ring I should be able to figure it out.	ทาเอโกะ นากาฮาระขอให้ผมช่วยตามแหวนเพชร ที่ถูกขโมยไปคืนมา มันเป็นแหวนพิเศษที่สามีมอบให้เธอ และเธอต้องการมันคืนไม่ว่าจะ ยังไงก่อนวันครบรอบแต่งงาน สุดสัปดาห์นี้ ผมมีแค่ภาพร่างใบหน้าของ ผู้ต้องสงสัยเป็นเบาะแส แต่ถ้าผมสามารถอนุมานได้ว่า ผู้ต้องสงสัยทำอะไรหลังขโมยแหวน ไป ผมก็น่าจะไขคดีนี้ได้
33-0840	scene_scenario_explanation	Taeko Nakahara asked me to get back her stolen diamond ring. It's a special ring given to her by her husband, and she wants it back no matter what before their wedding anniversary this weekend. I only have a sketch of the suspect as a clue, but if I can deduce what the suspect did after he stole the ring, I should be able to figure it out.	ทาเอโกะ นากาฮาระขอให้ผมช่วยตามแหวนเพชร ที่ถูกขโมยไปคืนมา มันเป็นแหวนพิเศษที่สามีมอบให้เธอ และเธอต้องการมันคืนไม่ว่าจะ ยังไงก่อนวันครบรอบแต่งงาน สุดสัปดาห์นี้ ผมมีแค่ภาพร่างของผู้ต้องสงสัย เป็นเบาะแส แต่ถ้าผมสามารถอนุมานได้ว่า ผู้ต้องสงสัยทำอะไรหลังขโมยแหวน ไป ผมก็น่าจะไขคดีนี้ได้
33-0841	scene_scenario_explanation	Turns out the same guy was behind the Koi Bride sashimi and the ring robbery. There's a high chance Wakahara sliced up the koi and stole the ring. I still don't know what links these two cases, but if I follow this thread I might solve the mystery of the koi sashimi.	ปรากฏว่าเป็นคนเดียวกันที่อยู่ เบื้องหลังทั้งเรื่องซา ชิมิที่โคอิไบรด์และการปล้นแหวน มีความเป็นไปได้สูงว่าวาคาฮาระ เป็นคนสับปลาคาร์ฟแล้วขโมยแหวน ไป ผมยังไม่รู้ว่าสองคดีนี้ เชื่อมโยงกันยังไง แต่ถ้าผมตามเบาะแสนี้ต่อไป ผมอาจไขปริศนาซาชิมิปลาคาร์ฟได้
33-0842	scene_scenario_explanation	It turns out the Koi Bride's sashimi case and the ring robbery were by the same suspect. There's a high chance Wakahara sliced up the carp and stole the ring. I still don't know what links these two cases, but if I continue with this investigation, I'll be able to figure out why the carps were turned into sashimi overnight.	ปรากฏว่าคดีซาชิมิของโคอิไบรด์ กับการปล้นแหวนเป็นฝีมือ ผู้ต้องสงสัยคนเดียวกัน มีความเป็นไปได้สูงว่าวาคาฮาระ เป็นคนสับปลาคาร์ฟแล้วขโมยแหวน ไป ผมยังไม่รู้ว่าสองคดีนี้ เชื่อมโยงกันยังไง แต่ถ้าผมสืบสวนต่อไป ผมจะรู้ในที่สุดว่าทำไมปลาคาร์ฟ ถึงถูกทำเป็นซาชิมิ ภายในคืนเดียว
33-0843	scene_scenario_explanation	It turns out the Koi Bride's sashimi case and the ring robbery were committed by the same suspect. I wasn't sure what linked these two cases but I later found out that the carp made the mistake of swallowing the stolen ring, leading to their untimely deaths. Wakahara admitted to the crime.	ปรากฏว่าคดีซาชิมิของโคอิไบรด์ กับการปล้นแหวนเป็นฝีมือ ผู้ต้องสงสัยคนเดียวกัน ผมไม่แน่ใจว่าสองคดีนี้ เชื่อมโยงกันยังไง แต่ภายหลังผมพบว่าปลาคาร์ฟพลาด ไปกลืนแหวนที่ถูกขโมยเข้า จนเป็นเหตุให้มันตายก่อนเวลาอันควร วาคาฮาระยอมรับสารภาพความผิด
33-0844	scene_scenario_explanation	Nanami Matsuoka was kidnapped by her stalker! I only have a few clues. She's in a car, I have to find her before they get too far!	นานามิ มัตสึโอกะถูกสตอล์กเกอร์ของเธอ ลักพาตัวไป! ผมมีเบาะแสอยู่แค่นิดเดียว เธออยู่ในรถ ผมต้องตามหาเธอให้เจอก่อนที่พวก มันจะไปไกลกว่านี้!
33-0845	scene_scenario_explanation	Nanami Matsuoka-san was kidnapped by her stalker! I only have a few clues. She's in a car, I have to find her before they get too far!	นานามิ มัตสึโอกะซังถูกสตอล์กเกอร์ของ เธอลักพาตัวไป! ผมมีเบาะแสอยู่แค่นิดเดียว เธออยู่ในรถ ผมต้องตามหาเธอให้เจอก่อนที่พวก มันจะไปไกลกว่านี้!
33-0846	scene_scenario_explanation	Nanami Matsuoka-san was kidnapped by her stalker! The stalker, Takeda, planned on kidnapping Nanami-san and imprisoning her. That was a close call, but I was able to save her.	นานามิ มัตสึโอกะซังถูกสตอล์กเกอร์ของ เธอลักพาตัวไป! สตอล์กเกอร์คนนั้นคือทาเคดะ ผู้วางแผนลักพาตัวนานามิซังไป กักขังไว้ นับว่าหวุดหวิดมาก แต่ผมก็ช่วยเธอไว้ได้ทัน
33-0847	scene_scenario_explanation	A request from Ono Michio's producer, Hironaka-san. Nishimura-kun, the part-timer who was wearing the costume, tossed it and ran away, and apparently someone picked up the costume and used it for a robbery.	คำขอจากฮิโรนากะซัง โปรดิวเซอร์ของโอโนะ มิชิโอะ นิชิมุระคุง พนักงานพาร์ตไทม์ที่สวมชุดตัว มาสคอตอยู่ ถอดชุดทิ้งแล้ววิ่งหนีไป แล้วดูเหมือนจะมีใครสักคนเก็บ ชุดนั้นไปใช้ก่อเหตุปล้น
33-0848	scene_scenario_explanation	Nishimura-kun, the part-timer who was wearing the Ono Michio costume, tossed it and ran away, and apparently someone picked up the costume and used it for a robbery.	นิชิมุระคุง พนักงานพาร์ตไทม์ที่สวมชุดตัว มาสคอตโอโนะ มิชิโอะอยู่ ถอดชุดทิ้งแล้ววิ่งหนีไป แล้วดูเหมือนจะมีใครสักคนเก็บ ชุดนั้นไปใช้ก่อเหตุปล้น
33-0849	scene_scenario_explanation	Nishimura-kun, the part-timer who was wearing the Ono Michio costume, tossed it and ran away, and apparently someone picked up the costume and used it for a robbery. He seems to be in trouble. The culprit was a man named Kaneda, who feigned ignorance. His loans were due today, but with no way of paying them back, he took it upon himself to don the Ono Michio costume and commit robbery of 500,000 yen. He then ran straight to Charles where he handed off the money. This case definitely had me saying, "oh no."	นิชิมุระคุง พนักงานพาร์ตไทม์ที่สวมชุดตัว มาสคอตโอโนะ มิชิโอะอยู่ ถอดชุดทิ้งแล้ววิ่งหนีไป แล้วดูเหมือนจะมีใครสักคนเก็บ ชุดนั้นไปใช้ก่อเหตุปล้น ดูเหมือนเขาจะมีปัญหาหนักเลย คนร้ายคือชายชื่อคาเนดะ ที่แสร้งทำเป็นไม่รู้เรื่อง หนี้ของเขาครบกำหนดในวันนั้นพอดี แต่ไม่มีทางหาเงินมาใช้คืนได้ เขาเลยตัดสินใจสวมชุดตัวมาสคอตโอโนะ มิชิโอะแล้วก่อเหตุปล้นเงิน 500,000 เยน จากนั้นก็วิ่งตรงไปที่ชาร์ลส์ เพื่อส่งมอบเงิน คดีนี้ทำให้ผมต้องอุทานว่า "โอ้ ไม่นะ" จริงๆ
33-0850	scene_scenario_explanation	I was asked by Sunada-san to conduct a infidelity investigation. Sunada-san is convinced that his girlfriend, Aoi-san, is cheating on him and he will commit suicide if his suspicions are true. It's a depressing investigation, but I guess I have no choice.	ซุนาดะซังขอให้ผมสืบเรื่องนอกใจ ซุนาดะซังเชื่อว่าแฟนสาวของเขา อาโออิซัง กำลังนอกใจเขาอยู่ และเขาจะฆ่าตัวตายถ้าสิ่งที่ สงสัยเป็นความจริง เป็นการสืบสวนที่หดหู่ใจ แต่ผมคงไม่มีทางเลือกอื่น
33-0851	scene_scenario_explanation	I was asked by Sunada-san to conduct a infidelity investigation. Sunada-san was convinced that his girlfriend, Aoi-san is cheating on him and he threatened to commit suicide if it was true. And it was, of course. It turns out that Aoi-san was cheating, but the problem...? Should we call this a problem? Anyway, it was that she was cheating with this playboy scam artist who only targets women... Aoi-san was about to be scammed, but as soon as Sunada-san found out that the guy was an infamous scam artist the police were after, he remembered his duty as a cop... Or maybe he just wanted to save his love. All's well that ends well...	ซุนาดะซังขอให้ผมสืบเรื่องนอกใจ ซุนาดะซังเชื่อว่าแฟนสาวของเขา อาโออิซัง กำลังนอกใจเขาอยู่ และขู่ว่าจะฆ่าตัวตายถ้าเป็น เรื่องจริง แล้วก็เป็นเรื่องจริงจริงๆ ด้วย ปรากฏว่าอาโออิซังนอกใจเขาจริง แต่ปัญหาคือ...? เราควรเรียกมันว่าปัญหาไหมนะ ยังไงก็ตาม เธอไปคบชายเจ้าชู้นักต้มตุ๋นที่ เล็งเป้าแต่ผู้หญิงเท่านั้น... อาโออิซังเกือบจะถูกหลอกแล้ว แต่ทันทีที่ซุนาดะซังรู้ว่าชาย คนนั้นคือนักต้มตุ๋นชื่อ ดังที่ตำรวจตามล่าตัวอยู่ เขาก็นึกถึงหน้าที่ตำรวจ ของตัวเองขึ้นมาได้... หรือบางทีเขาก็แค่อยากปกป้อง คนรักก็ได้ จบลงด้วยดีทุกฝ่าย...
33-0852	scene_scenario_explanation	Tatsuya Gamo, a prisoner who was kept in the Abashiri Prison for killing a gang member, recently escaped and is currently lurking somewhere in Kamurocho. I don't want anything to do with such a dangerous man but apparently there's a reward...	ทัตสึยะ กาโมะ นักโทษที่ถูกคุมขังอยู่ใน เรือนจำอาบาชิริจากคดีฆ่าสมาชิก แก๊ง เพิ่งหลบหนีออกมาและกำลังหลบ ซ่อนตัวอยู่ที่ไหนสักแห่ง ในคามุโรโจ ผมไม่อยากยุ่งเกี่ยวกับชาย อันตรายแบบนี้เลย แต่ดูเหมือนจะมีรางวัลนำจับด้วยนะ...
33-0853	scene_scenario_explanation	Tatsuya Gamo, a prisoner who was kept in the Abashiri Prison for killing a gang member, recently escaped and is currently lurking somewhere in Kamurocho. I didn't want anything to do with him, but guess who found him. Gamo was much stronger than I thought he'd be, but I was able to hand him over to the police. I'm actually tempted to send him a hamburger.	ทัตสึยะ กาโมะ นักโทษที่ถูกคุมขังอยู่ใน เรือนจำอาบาชิริจากคดีฆ่าสมาชิก แก๊ง เพิ่งหลบหนีออกมาและกำลังหลบ ซ่อนตัวอยู่ที่ไหนสักแห่ง ในคามุโรโจ ผมไม่อยากยุ่งเกี่ยวกับเขาเลย แต่เดาสิว่าใครหาเขาเจอ กาโมะแข็งแกร่งกว่าที่ผมคิดไว้มาก แต่ผมก็ส่งตัวเขาให้ตำรวจได้สำเร็จ อันที่จริงผมอยากส่ง แฮมเบอร์เกอร์ไปให้เขาสักชิ้น เลยด้วยซ้ำ
33-0854	minigame_picking_job_picking_job	Youta	โยตะ
33-0855	minigame_picking_job_picking_job	Reimi	เรมิ
33-0856	minigame_picking_job_picking_job	Hiroto	ฮิโรโตะ
33-0857	minigame_picking_job_picking_job	Junko	จุนโกะ
33-0858	minigame_picking_job_picking_job	Masato	มาซาโตะ
33-0859	minigame_picking_job_picking_job	Yuki	ยูกิ
33-0860	minigame_picking_job_picking_job	Yoshiki	โยชิกิ
33-0861	minigame_picking_job_picking_job	Kayoko	คาโยโกะ
33-0862	minigame_picking_job_picking_job	Keisuke	เคอิสึเกะ
33-0863	minigame_picking_job_picking_job	Sayumi	ซายูมิ
33-0864	minigame_picking_job_picking_job	Yoshiya	โยชิยะ
33-0865	minigame_picking_job_picking_job	Kaede	คาเอเดะ
33-0866	minigame_picking_job_picking_job	Tetsuro	เท็ตสึโร่
33-0867	minigame_picking_job_picking_job	Akari	อาคาริ
33-0868	minigame_picking_job_picking_job	Taiki	ไทกิ
33-0869	minigame_picking_job_picking_job	Miyako	มิยาโกะ
33-0870	minigame_picking_job_picking_job	Yuri	ยูริ
33-0871	minigame_picking_job_picking_job	Yoshiaki	โยชิอากิ
33-0872	minigame_picking_job_picking_job	Risa	ริสะ
33-0873	minigame_picking_job_picking_job	Masakazu	มาซาคาซึ
33-0874	minigame_picking_job_picking_job	Sho	โช
33-0875	minigame_picking_job_picking_job	Yoshihisa	โยชิฮิสะ
33-0876	minigame_picking_job_picking_job	Nami	นามิ
33-0877	minigame_picking_job_picking_job	Yuma	ยูมะ
33-0878	minigame_picking_job_picking_job	Ai	ไอ
33-0879	minigame_picking_job_picking_job	Michihiro	มิชิฮิโระ
33-0880	minigame_picking_job_picking_job	Moeka	โมเอกะ
33-0881	minigame_picking_job_picking_job	Ryotaro	เรียวทาโร่
33-0882	minigame_picking_job_picking_job	Kumiko	คุมิโกะ
33-0883	minigame_picking_job_picking_job	Toshiya	โทชิยะ
33-0884	minigame_picking_job_picking_job	Mako	มาโกะ
33-0885	minigame_picking_job_picking_job	Kouta	โคตะ
33-0886	minigame_picking_job_picking_job	Satsuki	ซัตสึกิ
33-0887	minigame_picking_job_picking_job	Kouki	โคกิ
33-0888	minigame_picking_job_picking_job	Reiko	เรโกะ
33-0889	minigame_picking_job_picking_job	Itsuki	อิสึกิ
33-0890	minigame_picking_job_picking_job	Akihiro	อากิฮิโร่
33-0891	minigame_picking_job_picking_job	Rin	ริน
33-0892	minigame_picking_job_picking_job	Nao	นาโอะ
33-0893	minigame_picking_job_picking_job	Saki	ซากิ
33-0894	minigame_picking_job_picking_job	Asahi	อาซาฮิ
33-0895	minigame_picking_job_picking_job	Chie	จิเอะ
33-0896	minigame_picking_job_picking_job	Haruki	ฮารุกิ
33-0897	minigame_picking_job_picking_job	Hikari	ฮิคาริ
33-0898	minigame_picking_job_picking_job	Takumi	ทาคุมิ
33-0899	minigame_picking_job_picking_job	Yuuka	ยูกะ
33-0900	minigame_picking_job_picking_job	Hiroki	ฮิโรกิ
33-0901	minigame_picking_job_picking_job	Nana	นานะ
33-0902	minigame_picking_job_picking_job	Katsuhiko	คัตสึฮิโกะ
33-0903	minigame_picking_job_picking_job	Fuko	ฟุโกะ
33-0904	minigame_picking_job_picking_job	Hiro	ฮิโร่
33-0905	minigame_picking_job_picking_job	Natsuko	นัตสึโกะ
33-0906	minigame_picking_job_picking_job	Eisuke	เอสึเกะ
33-0907	minigame_picking_job_picking_job	Haru	ฮารุ
33-0908	minigame_picking_job_picking_job	Tadanobu	ทาดะโนบุ
33-0909	minigame_picking_job_picking_job	Yuna	ยูนะ
33-0910	minigame_picking_job_picking_job	Yutaka	ยูทากะ
33-0911	minigame_picking_job_picking_job	Sakura	ซากุระ
33-0912	minigame_picking_job_picking_job	Jun	จุน
33-0913	minigame_picking_job_picking_job	Misaki	มิซากิ
33-0914	minigame_picking_job_picking_job	Norikazu	โนริคาซึ
33-0915	minigame_picking_job_picking_job	Yurie	ยูริเอะ
33-0916	minigame_picking_job_picking_job	Wataru	วาตารุ
33-0917	minigame_picking_job_picking_job	Tomie	โทมิเอะ
33-0918	minigame_picking_job_picking_job	Toma	โทมะ
33-0919	minigame_picking_job_picking_job	Yukihiro	ยูกิฮิโร่
33-0920	minigame_picking_job_picking_job	Nagisa	นางิสะ
33-0921	minigame_picking_job_picking_job	Takafumi	ทาคาฟุมิ
33-0922	minigame_picking_job_picking_job	Hitomi	ฮิโตมิ
33-0923	minigame_picking_job_picking_job	Shiro	ชิโร่
33-0924	minigame_picking_job_picking_job	Hanano	ฮานาโนะ
33-0925	minigame_picking_job_picking_job	Kei	เคย์
33-0926	minigame_picking_job_picking_job	Seiko	เซโกะ
33-0927	minigame_picking_job_picking_job	Kyoya	เคียวยะ
33-0928	minigame_picking_job_picking_job	Momoka	โมโมกะ
33-0929	minigame_picking_job_picking_job	Toshio	โทชิโอะ
33-0930	minigame_picking_job_picking_job	Yui	ยุย
33-0931	minigame_picking_job_picking_job	Seishi	เซชิ
33-0932	minigame_picking_job_picking_job	Mio	มิโอะ
33-0933	minigame_picking_job_picking_job	Satoshi	ซาโตชิ
33-0934	minigame_picking_job_picking_job	Ritsuko	ริตสึโกะ
33-0935	minigame_picking_job_picking_job	Hayato	ฮายาโตะ
33-0936	minigame_picking_job_picking_job	Nozomi	โนโซมิ
33-0937	minigame_picking_job_picking_job	Tadaomi	ทาดาโอมิ
33-0938	minigame_picking_job_picking_job	Kazuki	คาซึกิ
33-0939	minigame_picking_job_picking_job	Osamu	โอซามุ
33-0940	minigame_picking_job_picking_job	Karin	คาริน
33-0941	minigame_picking_job_picking_job	Shunichiro	ชุนอิจิโร่
33-0942	minigame_picking_job_picking_job	Chisa	จิสะ
33-0943	minigame_picking_job_picking_job	Akihiko	อากิฮิโกะ
33-0944	minigame_picking_job_picking_job	Hiromi	ฮิโรมิ
33-0945	minigame_picking_job_picking_job	Mamoru	มาโมรุ
33-0946	minigame_picking_job_picking_job	Riho	ริโฮะ
33-0947	minigame_picking_job_picking_job	Atsuhito	อัตสึฮิโตะ
33-0948	minigame_picking_job_picking_job	Masahiro	มาซาฮิโร่
33-0949	minigame_picking_job_picking_job	Kensuke	เคนสุเกะ
33-0950	minigame_picking_job_picking_job	Seina	เซอินะ
33-0951	minigame_picking_job_picking_job	Sudo	ซึโด
33-0952	minigame_picking_job_picking_job	Toyoshima	โทโยชิม่า
33-0953	minigame_picking_job_picking_job	Nishisato	นิชิซาโตะ
33-0954	minigame_picking_job_picking_job	Oyamada	โอยามาดะ
33-0955	minigame_picking_job_picking_job	Kodaira	โคไดระ
33-0956	minigame_picking_job_picking_job	Fukutomi	ฟุคุโทมิ
33-0957	minigame_picking_job_picking_job	Makigara	มาคิงาระ
33-0958	minigame_picking_job_picking_job	Aimoto	ไอโมโตะ
33-0959	minigame_picking_job_picking_job	Ashiro	อาชิโร่
33-0960	minigame_picking_job_picking_job	Murasaka	มุระซากะ
33-0961	minigame_picking_job_picking_job	Hashinaga	ฮาชินางะ
33-0962	minigame_picking_job_picking_job	Tochimoto	โทจิโมโตะ
33-0963	minigame_picking_job_picking_job	Haneyama	ฮาเนยามะ
33-0964	minigame_picking_job_picking_job	Hamasato	ฮามาซาโตะ
33-0965	minigame_picking_job_picking_job	Kawana	คาวานะ
33-0966	minigame_picking_job_picking_job	Kubokawa	คุโบคาวะ
33-0967	minigame_picking_job_picking_job	Kagaya	คากายะ
33-0968	minigame_picking_job_picking_job	Yukihira	ยูกิฮิระ
33-0969	minigame_picking_job_picking_job	Nakasone	นาคาโซเน่
33-0970	minigame_picking_job_picking_job	Tomioka	โทมิโอกะ
33-0971	minigame_picking_job_picking_job	Ino	อิโนะ
33-0972	minigame_picking_job_picking_job	Mayama	มายามะ
33-0973	minigame_picking_job_picking_job	Shimojo	ชิโมโจ
33-0974	minigame_picking_job_picking_job	Miyasaka	มิยาซากะ
33-0975	minigame_picking_job_picking_job	Fukasawa	ฟุคาซาว่า
33-0976	minigame_picking_job_picking_job	Sawayama	ซาวายามะ
33-0977	minigame_picking_job_picking_job	Hata	ฮาตะ
33-0978	minigame_picking_job_picking_job	Nishizono	นิชิโซโนะ
33-0979	minigame_picking_job_picking_job	Sumii	ซุมิอิ
33-0980	minigame_picking_job_picking_job	Odawara	โอดาวาระ
33-0981	minigame_picking_job_picking_job	Tokito	โทคิโตะ
33-0982	minigame_picking_job_picking_job	Tsukanaga	ซึคานางะ
33-0983	minigame_picking_job_picking_job	Komatsuzaki	โคมัตสึซากิ
33-0984	minigame_picking_job_picking_job	Kodaka	โคดากะ
33-0985	minigame_picking_job_picking_job	Kashimoto	คาชิโมโตะ
33-0986	minigame_picking_job_picking_job	Tonekura	โทเนคุระ
33-0987	minigame_picking_job_picking_job	Kajigaya	คาจิกายะ
33-0988	minigame_picking_job_picking_job	Tamagawa	ทามากาวะ
33-0989	minigame_picking_job_picking_job	Kawami	คาวามิ
33-0990	minigame_picking_job_picking_job	Mamiya	มามิยะ
33-0991	minigame_picking_job_picking_job	${first} ${last} (${pattern}): ${money} yen	${first} ${last} (${pattern}): ${money} เยน
33-0992	minigame_picking_job_picking_job	You have a job request.	มีงานมาให้ทำแล้ว
33-0993	minigame_picking_job_picking_job	Gained ${money} yen 	ได้รับ ${money} เยน
33-0994	minigame_picking_job_picking_job	Here's your payment for today.	นี่คือค่าจ้างของวันนี้
33-0995	asset_asset_name_judge	Amp	แอมป์
33-0996	asset_asset_name_judge	Bunny Plush	ตุ๊กตากระต่าย
33-0997	asset_asset_name_judge	Espresso Maker	เครื่องชงเอสเพรสโซ่
33-0998	asset_asset_name_judge	Towel Warmer	เครื่องอุ่นผ้าขนหนู
33-0999	asset_asset_name_judge	Gas Stove	เตาแก๊ส
33-1000	asset_asset_name_judge	Gas Canister	ถังแก๊ส
33-1001	asset_asset_name_judge	Capsule Toy	ของเล่นแคปซูล
33-1002	asset_asset_name_judge	Crash Cushion	เบาะกันกระแทก
33-1003	asset_asset_name_judge	Teddy Bear	ตุ๊กตาหมี
33-1004	asset_asset_name_judge	Coffee Pot	หม้อกาแฟ
33-1005	asset_asset_name_judge	Coffee Maker	เครื่องชงกาแฟ
33-1006	asset_asset_name_judge	Traffic Cone	กรวยจราจร
33-1007	asset_asset_name_judge	Trash Can	ถังขยะ
33-1008	asset_asset_name_judge	Concrete Block	แท่งคอนกรีต
33-1009	asset_asset_name_judge	Signpost	ป้ายบอกทาง
33-1010	asset_asset_name_judge	Soccer Ball	ลูกฟุตบอล
33-1011	asset_asset_name_judge	Submachine Gun	ปืนกลมือ
33-1012	asset_asset_name_judge	Cocktail Shaker	เชคเกอร์ค็อกเทล
33-1013	asset_asset_name_judge	Watering Can	บัวรดน้ำ
33-1014	asset_asset_name_judge	Stool	เก้าอี้สตูล
33-1015	asset_asset_name_judge	Speaker	ลำโพง
33-1016	asset_asset_name_judge	Sofa	โซฟา
33-1017	asset_asset_name_judge	Tire	ยางรถ
33-1018	asset_asset_name_judge	Cardboard Box	กล่องกระดาษ
33-1019	asset_asset_name_judge	Cooler	กระติกน้ำแข็ง
33-1020	asset_asset_name_judge	Table	โต๊ะ
33-1021	asset_asset_name_judge	TV	ทีวี
33-1022	asset_asset_name_judge	Steel Drum	ถังเหล็ก
33-1023	asset_asset_name_judge	Drink Dispenser	เครื่องจ่ายเครื่องดื่ม
33-1024	asset_asset_name_judge	Crowbar	ชะแลง
33-1025	asset_asset_name_judge	Basket	ตะกร้า
33-1026	asset_asset_name_judge	Computer	คอมพิวเตอร์
33-1027	asset_asset_name_judge	Hammer	ค้อน
33-1028	asset_asset_name_judge	Beer Keg	ถังเบียร์
33-1029	asset_asset_name_judge	Bottle	ขวด
33-1030	asset_asset_name_judge	Plastic Case	กล่องพลาสติก
33-1031	asset_asset_name_judge	Plate	จาน
33-1032	asset_asset_name_judge	Buoy	ทุ่นลอยน้ำ
33-1033	asset_asset_name_judge	Plastic Bottle	ขวดพลาสติก
33-1034	asset_asset_name_judge	Bench	ม้านั่ง
33-1035	asset_asset_name_judge	Pot	หม้อ
33-1036	asset_asset_name_judge	Monitor	จอมอนิเตอร์
33-1037	asset_asset_name_judge	Lamp	โคมไฟ
33-1038	asset_asset_name_judge	Lamp Stand	โคมไฟตั้งพื้น
33-1039	asset_asset_name_judge	Record Player	เครื่องเล่นแผ่นเสียง
33-1040	asset_asset_name_judge	Rocket Launcher	เครื่องยิงจรวด
33-1041	asset_asset_name_judge	Wagon	รถเข็น
33-1042	asset_asset_name_judge	Chair	เก้าอี้
33-1043	asset_asset_name_judge	Medical Equipment	อุปกรณ์การแพทย์
33-1044	asset_asset_name_judge	18 Liter Drum	ถัง 18 ลิตร
33-1045	asset_asset_name_judge	Ashtray	ที่เขี่ยบุหรี่
33-1046	asset_asset_name_judge	Signboard	ป้ายร้าน
33-1047	asset_asset_name_judge	Can	กระป๋อง
33-1048	asset_asset_name_judge	Plant	ต้นไม้กระถาง
33-1049	asset_asset_name_judge	Giant Cone	กรวยยักษ์
33-1050	asset_asset_name_judge	Metal Bat	ไม้เบสบอลเหล็ก
33-1051	asset_asset_name_judge	Construction Sign	ป้ายก่อสร้าง
33-1052	asset_asset_name_judge	Baseball	ลูกเบสบอล
33-1053	asset_asset_name_judge	Umbrella Stand	ที่วางร่ม
33-1054	asset_asset_name_judge	Child Seat	เบาะนั่งเด็ก
33-1055	asset_asset_name_judge	Office Supplies	อุปกรณ์สำนักงาน
33-1056	asset_asset_name_judge	Bicycle	จักรยาน
33-1057	asset_asset_name_judge	Wheelchair	วีลแชร์
33-1058	asset_asset_name_judge	Cask	ถังไม้
33-1059	asset_asset_name_judge	Sand Weight	ถุงทราย
33-1060	asset_asset_name_judge	Crutches	ไม้ค้ำยัน
33-1061	asset_asset_name_judge	Rice Cooker	หม้อหุงข้าว
33-1062	asset_asset_name_judge	Large Pot	หม้อใบใหญ่
33-1063	asset_asset_name_judge	Ice Machine	เครื่องทำน้ำแข็ง
33-1064	asset_asset_name_judge	Desk	โต๊ะทำงาน
33-1065	asset_asset_name_judge	Cart	รถเข็น
33-1066	asset_asset_name_judge	Shelf	ชั้นวางของ
33-1067	asset_asset_name_judge	Wok	กระทะจีน
33-1068	asset_asset_name_judge	Iron Pipe	ท่อเหล็ก
33-1069	asset_asset_name_judge	Steel Plate	เพลทเหล็ก
33-1070	asset_asset_name_judge	Electric Pot	กระติกน้ำร้อนไฟฟ้า
33-1071	asset_asset_name_judge	Generator	เครื่องปั่นไฟ
33-1072	asset_asset_name_judge	Ice Bucket	ถังน้ำแข็ง
33-1073	asset_asset_name_judge	Wooden Bucket	ถังไม้
33-1074	asset_asset_name_judge	Powder Bag	ถุงแป้ง
33-1075	asset_asset_name_judge	Directional Signboard	ป้ายบอกทาง
33-1076	asset_asset_name_judge	Wooden Katana	ดาบคาตานะไม้
33-1077	asset_asset_name_judge	Infusion Pump	เครื่องให้สารน้ำ
33-1078	asset_asset_name_judge	Traffic Wand	ไม้กำกับจราจร
33-1079	asset_asset_name_judge	Vase	แจกัน
33-1080	asset_asset_name_judge	Chopsticks	ตะเกียบ
33-1081	asset_asset_name_judge	Kali Sticks	ไม้คาลี
33-1082	asset_asset_name_judge	Shotgun	ปืนลูกซอง
33-1083	asset_asset_name_judge	Tonfa	ตองฟา
33-1084	asset_asset_name_judge	Steel Knuckles	สนับมือเหล็ก
33-1085	asset_asset_name_judge	Gun	ปืน
33-1086	asset_asset_name_judge	Pole	เสา
33-1087	asset_asset_name_judge	Nunchaku	นันชักกุ
33-1088	asset_asset_name_judge	*Enemy	*ศัตรู
33-1089	asset_asset_name_judge	*Infinite Weapon	*อาวุธไม่จำกัด
33-1090	asset_asset_name_judge	Golf Club	ไม้กอล์ฟ
33-1091	asset_asset_name_judge	Cane	ไม้เท้า
33-1092	asset_asset_name_judge	Tankard	เหยือกเบียร์
33-1093	asset_asset_name_judge	Massage Machine	เครื่องนวด
33-1094	asset_asset_name_judge	Lumber	ท่อนไม้
33-1095	asset_asset_name_judge	Special Police Baton	กระบองตำรวจพิเศษ
33-1096	asset_asset_name_judge	Burning Lumber	ท่อนไม้ลุกไหม้
33-1097	asset_asset_name_judge	Daruma	ดารุมะ
33-1098	asset_asset_name_judge	Bucket	ถัง
33-1099	asset_asset_name_judge	Candle	เทียน
33-1100	asset_asset_name_judge	Cow Statue	รูปปั้นวัว
33-1101	asset_asset_name_judge	Air Purifier	เครื่องฟอกอากาศ
33-1102	asset_asset_name_judge	Dish	จาน
33-1103	asset_asset_name_judge	Lighting	ไฟส่องสว่าง
33-1104	asset_asset_name_judge	Screen	ฉากกั้น
33-1105	asset_asset_name_judge	Desk Lamp	โคมไฟตั้งโต๊ะ
33-1106	asset_asset_name_judge	Special Chair	เก้าอี้พิเศษ
33-1107	asset_asset_name_judge	Styrofoam Case	กล่องโฟม
33-1108	asset_asset_name_judge	Bonsai	บอนไซ
33-1109	asset_asset_name_judge	*Unused	*ไม่ได้ใช้งาน
33-1110	asset_asset_name_judge	Bat	ไม้เบสบอล
33-1111	asset_asset_name_judge	Bike	มอเตอร์ไซค์
33-1112	asset_asset_name_judge	Mahjong Table	โต๊ะมาจอง
33-1113	asset_asset_name_judge	Golden Shaft Club	กระบองด้ามทอง
33-1114	asset_asset_name_judge	Stun Grenade	ระเบิดสตัน
33-1115	asset_asset_name_judge	Yinglong Tonfa	ทงฟาอิงหลง
33-1116	asset_asset_name_judge	Decorative Spear	หอกประดับ
33-1117	asset_asset_name_judge	Stun Gun	ปืนช็อตไฟฟ้า
33-1118	asset_asset_name_judge	Flash Bang	ระเบิดแสง
33-1119	asset_asset_name_judge	Long Iron Pipe	ท่อเหล็กยาว
33-1120	asset_asset_name_judge	Scooter	สกู๊ตเตอร์
33-1121	asset_asset_name_judge	Partition	ฉากกั้น
33-1122	asset_asset_name_judge	Scaffolding	นั่งร้าน
33-1123	asset_asset_name_judge	Lantern	ตะเกียง
33-1124	asset_asset_name_judge	Salt Shaker	ขวดเกลือ
33-1125	asset_asset_name_judge	War Fan	พัดศึก
33-1126	asset_asset_name_judge	Camera	กล้อง
33-1127	asset_asset_name_judge	Super Baseball	เบสบอลยักษ์
33-1128	asset_asset_name_judge	VR Sword	ดาบ VR
33-1129	asset_asset_name_judge	VR Dual Canes	ไม้เท้าคู่ VR
33-1130	asset_asset_name_judge	VR Rail Gun	ปืนรางแม่เหล็ก VR
33-1131	asset_asset_name_judge	Plunger	ที่ดูดส้วม
33-1132	asset_asset_name_judge	Bowling Ball	ลูกโบว์ลิ่ง
33-1133	complete_checklist	Taka-Arashi	ทากะ-อาราชิ
33-1134	complete_checklist	Akira Yuki	อากิระ ยูกิ
33-1135	complete_checklist	Pai Chan	ไป๋ ชาน
33-1136	complete_checklist	Lau Chan	เลา ชาน
33-1137	complete_checklist	Wolf Hawkfield	วูล์ฟ ฮอว์กฟิลด์
33-1138	complete_checklist	Jeffry McWild	เจฟฟรี่ แม็กไวลด์
33-1139	complete_checklist	Jean Kujo	ฌอง คูโจ
33-1140	complete_checklist	Eileen	ไอลีน
33-1141	complete_checklist	Kage Maru	คาเงะ มารุ
33-1142	complete_checklist	Sarah Bryant	ซาร่าห์ ไบรอันท์
33-1143	complete_checklist	Jacky Bryant	แจ็คกี้ ไบรอันท์
33-1144	complete_checklist	Shun Di	ชุน ตี้
33-1145	complete_checklist	Lion Rafale	ลีออน ราฟาล
33-1146	complete_checklist	El Blaze	เอล เบลซ
33-1147	complete_checklist	Aoi Umenokoji	อาโออิ อุเมโนะโคจิ
33-1148	complete_checklist	Lei-Fei	เหล่ยเฟย
33-1149	complete_checklist	Vanessa Lewis	วาเนสซา ลูอิส
33-1150	complete_checklist	Brad Burns	แบรด เบิร์นส์
33-1151	complete_checklist	Goh Hinogami	โก ฮิโนงามิ
33-1152	complete_checklist	Stage 1	ด่าน 1
33-1153	complete_checklist	Stage 2	ด่าน 2
33-1154	complete_checklist	Stage 3	ด่าน 3
33-1155	complete_checklist	Stage 4	ด่าน 4
33-1156	complete_checklist	Stage 5	ด่าน 5
33-1157	complete_checklist	Stage 6	ด่าน 6
33-1158	complete_checklist	Final Stage	ด่านสุดท้าย
33-1159	complete_checklist	Bonus Stage	ด่านโบนัส
33-1160	complete_checklist	Count-Up	เคานต์อัพ
33-1161	complete_checklist	Home Run Course: King of Kamurocho	คอร์สโฮมรัน: ราชาแห่งคามุโรโจ
33-1162	complete_checklist	Home Run Course: Titan of Tokyo	คอร์สโฮมรัน: ไททันแห่งโตเกียว
33-1163	complete_checklist	Home Run Course: Ace of Japan	คอร์สโฮมรัน: เอซแห่งญี่ปุ่น
33-1164	complete_checklist	Home Run Course: Global Goliath	คอร์สโฮมรัน: โกไลแอธระดับโลก
33-1165	complete_checklist	Home Run Hell Course	คอร์สโฮมรัน นรก
33-1166	complete_checklist	Challenge Course: King of Kamurocho Lv. 1	คอร์สท้าทาย: ราชาแห่งคามุโรโจ Lv. 1
33-1167	complete_checklist	Challenge Course: King of Kamurocho Lv. 2	คอร์สท้าทาย: ราชาแห่งคามุโรโจ Lv. 2
33-1168	complete_checklist	Challenge Course: King of Kamurocho Lv. 3	คอร์สท้าทาย: ราชาแห่งคามุโรโจ Lv. 3
33-1169	complete_checklist	Challenge Course: Titan of Tokyo Lv. 1	คอร์สท้าทาย: ไททันแห่งโตเกียว Lv. 1
33-1170	complete_checklist	Challenge Course: Titan of Tokyo Lv. 2	คอร์สท้าทาย: ไททันแห่งโตเกียว Lv. 2
33-1171	complete_checklist	Challenge Course: Titan of Tokyo Lv. 3	คอร์สท้าทาย: ไททันแห่งโตเกียว Lv. 3
33-1172	complete_checklist	Challenge Course: Ace of Japan Lv. 1	คอร์สท้าทาย: เอซแห่งญี่ปุ่น Lv. 1
33-1173	complete_checklist	Challenge Course: Ace of Japan Lv. 2	คอร์สท้าทาย: เอซแห่งญี่ปุ่น Lv. 2
33-1174	complete_checklist	Challenge Course: Ace of Japan Lv. 3	คอร์สท้าทาย: เอซแห่งญี่ปุ่น Lv. 3
33-1175	complete_checklist	Challenge Course: Global Goliath Lv. 1	คอร์สท้าทาย: โกไลแอธระดับโลก Lv. 1
33-1176	complete_checklist	Challenge Course: Global Goliath Lv. 2	คอร์สท้าทาย: โกไลแอธระดับโลก Lv. 2
33-1177	complete_checklist	Challenge Course: Global Goliath Lv. 3	คอร์สท้าทาย: โกไลแอธระดับโลก Lv. 3
33-1178	complete_checklist	Chaotic Challenge Course	คอร์สท้าทาย อลหม่าน
33-1179	complete_checklist	Place 1st at Modern Mahjong's hard table	ได้ที่ 1 ที่โต๊ะระดับยากของโมเดิร์นมาจอง
33-1180	complete_checklist	Place 1st at Modern Mahjong's medium table	ได้ที่ 1 ที่โต๊ะระดับกลางของโมเดิร์นมาจอง
33-1181	complete_checklist	Place 1st at Lullaby Mahjong's easy table	ได้ที่ 1 โต๊ะง่ายที่ลัลลาบายมาจอง
33-1182	complete_checklist	Place 1st at Lullaby Mahjong's medium table	ได้ที่ 1 โต๊ะปานกลางที่ลัลลาบายมาจอง
33-1183	complete_checklist	Place 1st at Lullaby Mahjong's hard table	ได้ที่ 1 โต๊ะยากที่ลัลลาบายมาจอง
33-1184	complete_checklist	The Twisted Trio: Panty Professor	สามโรคจิต: ศาสตราจารย์กางเกงใน
33-1185	complete_checklist	The Twisted Trio: Ass Catchem	สามโรคจิต: จอมจับตูด
33-1186	complete_checklist	The Twisted Trio: Judge Creep 'n Peep	สามโรคจิต: ผู้พิพากษาจอมถ้ำมอง
33-1187	complete_checklist	The Pervert King	ราชาลามก
33-1188	complete_checklist	Kamurocho's Mad Bomber	มือระเบิดบ้าคลั่งแห่งคามุโรโจ
33-1189	complete_checklist	The Mad Bomber Strikes Again	มือระเบิดบ้าคลั่งลงมืออีกครั้ง
33-1190	complete_checklist	Return of the Mad Bomber	มือระเบิดบ้าคลั่งหวนคืน
33-1191	complete_checklist	The Mystery Writer's Stratagem	กลยุทธ์ของนักเขียนนิยายสืบสวน
33-1192	complete_checklist	The Mystery Writer's Gambit	ชั้นเชิงของนักเขียนนิยายสืบสวน
33-1193	complete_checklist	The Mystery Writer's Masterstroke	หมากเด็ดของนักเขียนนิยายสืบสวน
33-1194	complete_checklist	The Darkest Place	จุดมืดมิดที่สุด
33-1195	complete_checklist	Under the Table Politics	การเมืองใต้โต๊ะ
33-1196	complete_checklist	Way of the Detective	วิถีแห่งนักสืบ
33-1197	complete_checklist	Morale and Morals	ขวัญกำลังใจและศีลธรรม
33-1198	complete_checklist	Amidst a Dream	ท่ามกลางความฝัน
33-1199	complete_checklist	Reckless Aspirations	ความทะเยอทะยานที่บ้าบิ่น
33-1200	complete_checklist	Queen of Hearts	ราชินีแห่งหัวใจ
33-1201	complete_checklist	The Black Calamity	ลางร้ายสีดำ
33-1202	complete_checklist	The Black and White Calamity	ลางร้ายขาวดำ
33-1203	complete_checklist	The Fire Calamity	ลางร้ายเพลิง
33-1204	complete_checklist	The Ghost Tenant	ผู้เช่าผี
33-1205	complete_checklist	Gone in 20 Minutes	หายไปใน 20 นาที
33-1206	complete_checklist	Gone with the Breeze	หายไปกับสายลม
33-1207	complete_checklist	Gone with the Gust	หายไปกับกระโชกลม
33-1208	complete_checklist	Gone with the Gale	หายไปกับพายุลม
33-1209	complete_checklist	Underneath the Mask	ใต้หน้ากาก
33-1210	complete_checklist	The Socialite's Secret	ความลับของสาวสังคม
33-1211	complete_checklist	The Circle of Law	วงเวียนกฎหมาย
33-1212	complete_checklist	The Bird Takes Flight	นกทะยานฟ้า
33-1213	complete_checklist	A VR Pair of Dice	คู่ลูกเต๋า VR
33-1214	complete_checklist	Revenge of the Keihin Gang	การแก้แค้นของแก๊งเคฮิน
33-1215	complete_checklist	Worst Birthday Ever	วันเกิดที่แย่ที่สุด
33-1216	complete_checklist	Partners	คู่หู
33-1217	complete_checklist	Interview with a Detective	บทสัมภาษณ์นักสืบ
33-1218	complete_checklist	Entrapment	การล่อกระทำผิด
33-1219	complete_checklist	Justice is Sweet	ยุติธรรมนั้นแสนหวาน
33-1220	complete_checklist	Dangerous Hide-and-seek	ซ่อนหาสุดอันตราย
33-1221	complete_checklist	Perilous Hide-and-seek	ซ่อนหาสุดเสี่ยงภัย
33-1222	complete_checklist	Treacherous Hide-and-seek	ซ่อนหาสุดหักหลัง
33-1223	complete_checklist	Honey Trap	กับดักน้ำผึ้ง
33-1224	complete_checklist	A Final Request	คำขอครั้งสุดท้าย
33-1225	complete_checklist	Secrets of Cats	ความลับของแมว
33-1226	complete_checklist	The Devil Wife	ภรรยาปีศาจ
33-1227	complete_checklist	Smart Watching	สอดแนมอย่างชาญฉลาด
33-1228	complete_checklist	Tiger Jacket	แจ็คเก็ตลายเสือ
33-1229	complete_checklist	The Ono Michio Bandit	โจรโอโนะ มิชิโอะ
33-1230	complete_checklist	Love and Madness	ความรักและความบ้าคลั่ง
33-1231	complete_checklist	Burger Fugitive	หนีคดีเบอร์เกอร์
33-1232	complete_checklist	Sashimi of the Fallen	ซาชิมิของผู้ล่วงลับ
33-1233	complete_checklist	The Hermit of the Dragon's Palace, Iyama	ฤๅษีแห่งวังมังกร อิยามะ
33-1234	complete_checklist	Sana Omura	ซานะ โอมุระ
33-1235	complete_checklist	Puzzle Shogi 1	พัซเซิลโชกิ 1
33-1236	complete_checklist	Puzzle Shogi 2	พัซเซิลโชกิ 2
33-1237	complete_checklist	Puzzle Shogi 3	พัซเซิลโชกิ 3
33-1238	complete_checklist	Puzzle Shogi 4	พัซเซิลโชกิ 4
33-1239	complete_checklist	Puzzle Shogi 5	พัซเซิลโชกิ 5
33-1240	complete_checklist	Puzzle Shogi 6	พัซเซิลโชกิ 6
33-1241	complete_checklist	Puzzle Shogi 7	พัซเซิลโชกิ 7
33-1242	complete_checklist	Puzzle Shogi 8	พัซเซิลโชกิ 8
33-1243	complete_checklist	Puzzle Shogi 9	พัซเซิลโชกิ 9
33-1244	complete_checklist	Puzzle Shogi 10	พัซเซิลโชกิ 10
33-1245	complete_checklist	Place 1st at Tachibana Mahjong's easy table	ได้อันดับ 1 ที่โต๊ะง่ายของทาชิบานะมาจอง
33-1246	complete_checklist	Place 1st at Tachibana Mahjong's medium table	ได้อันดับ 1 ที่โต๊ะปานกลางของทาชิบานะมาจอง
33-1247	complete_checklist	Place 1st at Tachibana Mahjong's hard table	ได้อันดับ 1 ที่โต๊ะยากของทาชิบานะมาจอง
33-1248	complete_checklist	Standard Rule: Short Course	กติกามาตรฐาน: คอร์สสั้น
33-1249	complete_checklist	Standard Rule: Middle Course	กติกามาตรฐาน: คอร์สกลาง
33-1250	complete_checklist	Standard Rule: Long Course	กติกามาตรฐาน: คอร์สยาว
33-1251	complete_checklist	Challenge Rule: Short Course	กติกาท้าทาย: คอร์สสั้น
33-1252	complete_checklist	Challenge Rule: Middle Course	กติกาท้าทาย: คอร์สกลาง
33-1253	complete_checklist	Challenge Rule: Long Course	กติกาท้าทาย: คอร์สยาว
33-1254	complete_checklist	Tuna	ปลาทูน่า
33-1255	complete_checklist	Fugu	ปลาฟุกุ
33-1256	complete_checklist	Red Snapper	เรดสแนปเปอร์
33-1257	complete_checklist	Salmon	ปลาแซลมอน
33-1258	complete_checklist	Blowfish	ปลาปักเป้า
33-1259	complete_checklist	Megalodon	เมกาโลดอน
33-1260	complete_checklist	Flounder	ปลาลิ้นหมา
33-1261	complete_checklist	Marlin	ปลากระโทงแทง
33-1262	complete_checklist	Crab	ปู
33-1263	complete_checklist	Goby	ปลาบู่
33-1264	complete_checklist	Squid	ปลาหมึกกล้วย
33-1265	complete_checklist	Coelacanth	ปลาซีลาแคนท์
33-1266	complete_checklist	Kage-Maru	คาเงะมารุ
33-1267	complete_checklist	Stage 7	ด่าน 7
33-1268	complete_checklist	Stage 8	สเตจ 8
33-1269	complete_checklist	Stage 9	ด่าน 9
33-1270	complete_checklist	Stage 10	ด่าน 10
33-1271	help	Basic Attacks <symbol=case_file_right_arrow><symbol=button_shikaku><symbol=button_sankaku>	โจมตีพื้นฐาน <symbol=case_file_right_arrow><symbol=button_shikaku><symbol=button_sankaku>
33-1272	help	Guard <symbol=case_file_right_arrow><symbol=button_l1>	ป้องกัน <symbol=case_file_right_arrow><symbol=button_l1>
33-1273	help	Fighting Stance / Lock Onto Target <symbol=case_file_right_arrow><symbol=button_r1>	ท่าต่อสู้ / ล็อกเป้าหมาย <symbol=case_file_right_arrow><symbol=button_r1>
33-1274	help	Evade <symbol=case_file_right_arrow><symbol=button_r1> + <symbol=button_batsu>	หลบหลีก <symbol=case_file_right_arrow><symbol=button_r1> + <symbol=button_batsu>
33-1275	help	Grab Enemies and Weapons <symbol=case_file_right_arrow><symbol=button_maru>	จับศัตรูและอาวุธ <symbol=case_file_right_arrow><symbol=button_maru>
33-1276	help	EX Actions <symbol=case_file_right_arrow><symbol=button_sankaku>	ท่า EX <symbol=case_file_right_arrow><symbol=button_sankaku>
33-1277	help	Change Styles <symbol=case_file_right_arrow><symbol=button_down>	เปลี่ยนสไตล์ <symbol=case_file_right_arrow><symbol=button_down>
33-1278	help	Wall Jump / Wall Strike <symbol=case_file_right_arrow><symbol=button_l_stick> + <symbol=button_batsu>	กระโดดกำแพง / โจมตีกำแพง <symbol=case_file_right_arrow><symbol=button_l_stick> + <symbol=button_batsu>
33-1279	help	Upgrade Abilities	อัปเกรดความสามารถ
33-1280	help	Deadly Attacks / Mortal Wounds	โจมตีร้ายแรง / บาดแผลสาหัส
33-1281	help	About Skills	เกี่ยวกับสกิล
33-1282	help	How to Learn Skills	วิธีเรียนรู้สกิล
33-1283	help	Earning SP	การได้รับ SP
33-1284	help	Unlocking Skills	การปลดล็อกสกิล
33-1285	help	Tailing <symbol=case_file_right_arrow> Basic Rules	การสะกดรอย <symbol=case_file_right_arrow> กฎพื้นฐาน
33-1286	help	Tailing <symbol=case_file_right_arrow> Taking Cover	การสะกดรอย <symbol=case_file_right_arrow> การหลบซ่อน
33-1287	help	Disguises	การปลอมตัว
33-1288	help	Drone	โดรน
33-1289	help	Chasing	การไล่ล่า
33-1290	help	Restaurants <symbol=case_file_right_arrow> The Importance of Regular Meals	ร้านอาหาร <symbol=case_file_right_arrow> ความสำคัญของมื้ออาหารสม่ำเสมอ
33-1291	help	Restaurants <symbol=case_file_right_arrow> Pros and Cons of Getting Drunk	ร้านอาหาร <symbol=case_file_right_arrow> ข้อดีข้อเสียของการเมา
33-1292	help	Shopping	การช้อปปิ้ง
33-1293	help	Taxi	แท็กซี่
33-1294	help	Hangout Spots	สถานที่พักผ่อน
33-1295	help	Map	แผนที่
33-1296	help	Save	บันทึก
33-1297	help	Onodera's Wares	สินค้าของโอโนเดระ
33-1298	help	Side Cases	ไซด์เคส
33-1299	help	Friends	เพื่อน
33-1300	help	Girlfriends	แฟนสาว
33-1301	help	Girlfriends <symbol=case_file_right_arrow> Dates	แฟนสาว <symbol=case_file_right_arrow> การออกเดต
33-1302	help	Yagami Detective Agency	สำนักงานนักสืบยากามิ
33-1303	help	Bar Tender	บาร์เทนเดอร์
33-1304	help	Genda Law Office	สำนักงานกฎหมายเก็นดะ
33-1305	help	Yoshida Batting Center	ศูนย์ฝึกตีโยชิดะ
33-1306	help	Unlocking <symbol=case_file_right_arrow> Keys	การปลดล็อก <symbol=case_file_right_arrow> กุญแจ
33-1307	help	Unlocking <symbol=case_file_right_arrow> Lock Picking	การปลดล็อก <symbol=case_file_right_arrow> การงัดกุญแจ
33-1308	help	Unlocking <symbol=case_file_right_arrow> Thumb Turn Bypass	การปลดล็อก <symbol=case_file_right_arrow> การเลี่ยงกลอนบิด
33-1309	help	Yagami Detective Agency: Side Cases	สำนักงานนักสืบยากามิ: ไซด์เคส
33-1310	help	Yagami Detective Agency: Records	สำนักงานนักสืบยากามิ: บันทึก
33-1311	help	Yagami Detective Agency: Out Run	สำนักงานนักสืบยากามิ: Out Run
33-1312	help	Yagami Detective Agency: Tomioka-san's Homemade Cooking	สำนักงานนักสืบยากามิ: อาหารทำเองของโทมิโอกะซัง
33-1313	help	Bonus Content	เนื้อหาโบนัส
33-1314	help	Girlfriends <symbol=case_file_right_arrow> Topic Talks	แฟนสาว <symbol=case_file_right_arrow> หัวข้อสนทนา
33-1315	help	Active Search Mode	โหมดค้นหาแอคทีฟ
33-1316	help	Selfie <symbol=case_file_right_arrow> How to Change Your Expression	เซลฟี่ <symbol=case_file_right_arrow> วิธีเปลี่ยนสีหน้า
33-1317	help	Selfie <symbol=case_file_right_arrow> Even More Expressions	เซลฟี่ <symbol=case_file_right_arrow> สีหน้าเพิ่มเติม
33-1318	help	EX Wall Acrobatics	EX กายกรรมกำแพง
33-1319	help	EX Leapfrog Destruction	EX กระโดดข้ามทำลาย
33-1320	help	EX Flying Blow	EX หมัดพุ่ง
33-1321	help	EX Mounting Punch	EX หมัดขย่ม
33-1322	help	EX Frontal Beatdown	EX ถล่มด้านหน้า
33-1323	help	EX Reverse Beatdown	EX ถล่มกลับหลัง
33-1324	help	EX Running Palm Strike	EX ตบวิ่ง
33-1325	help	EX Running Assault	EX พุ่งกระแทกวิ่ง
33-1326	help	EX Running Wall Smash	EX กระแทกกำแพงวิ่ง
33-1327	help	EX Waking Wrath	EX พิโรธผงาด
33-1328	help	EX Bind Reversal	EX พลิกกลับมัดตรึง
33-1329	help	EX Infuriating Counter	EX เคาน์เตอร์เดือดดาล
33-1330	help	EX Flowing Kick	EX เตะไหลลื่น
33-1331	help	EX Airborne Assault	EX พุ่งกระแทกกลางอากาศ
33-1332	help	EX Blasting Kick	EX เตะระเบิด
33-1333	help	EX Drunken Fist	EX หมัดเมา
33-1334	help	EX Playground Panic	EX ป่วนสนามเด็กเล่น
33-1335	help	EX Light Bullet	EX กระสุนแสง
33-1336	help	EX Finishing Blow	EX หมัดจบเกม
33-1337	help	EX Tiger Dances With Crane	EX เสือรำกับกระเรียน
33-1338	help	EX Knockout	EX น็อกดาวน์
33-1339	help	EX Pendulum Kick	EX เตะลูกตุ้ม
33-1340	help	EX Tragic Downfall	EX ล้มอนาถ
33-1341	help	EX Frontal Wall Crush	EX กระแทกกำแพงด้านหน้า
33-1342	help	EX Reverse Wall Crush	EX กระแทกกำแพงกลับหลัง
33-1343	help	EX Stand Crush	EX บดขยี้ท่ายืน
33-1344	help	EX Barrier Bash	EX ทุบสิ่งกีดขวาง
33-1345	help	EX Disposal	EX กำจัดทิ้ง
33-1346	help	EX Electromagnetic Torture	EX ทรมานแม่เหล็กไฟฟ้า
33-1347	help	EX Feeding Frenzy	EX ห้ำหั่นบ้าคลั่ง
33-1348	help	EX Traffic Safety	EX ปลอดภัยจราจร
33-1349	help	EX Dislocation	EX ข้อเคลื่อน
33-1350	help	EX Flying Press	EX ทุ่มบินทับ
33-1351	help	EX Sweeping Strike	EX โจมตีกวาด
33-1352	help	EX Hammer Head	EX หัวค้อน
33-1353	help	EX Solid Smash	EX ทุบหนักหน่วง
33-1354	help	EX Poleway to Heaven	EX บันไดพลองสู่สวรรค์
33-1355	help	EX Face Smash	EX ทุบหน้า
33-1356	help	EX Tonfa Flurry	EX พายุตองฟา
33-1357	help	EX Nunchaku Flurry	EX พายุนันชักคุ
33-1358	help	EX Home Run Spiral	EX โฮมรันหมุนติ้ว
33-1359	help	EX Chopstick Mastery	EX เซียนตะเกียบ
33-1360	help	EX Sucks to Be You	EX โชคร้ายไปนะ
33-1361	help	EX Bowling Strike	EX สไตรก์โบว์ลิ่ง
33-1362	help	EX Salt Shaker	EX เขย่ากระปุกเกลือ
33-1363	help	EX Battering Ram	EX เครื่องพังประตู
33-1364	help	EX Impulse Blade	EX ใบมีดกระแทก
33-1365	help	EX Tera Charge Shot	EX ยิงชาร์จเทระ
33-1366	help	EX Meteor Drop	EX ทุ่มอุกกาบาต
33-1367	help	EX Guts Piercer	EX เจาะกึ๋น
33-1368	help	EX Heavyweight Drop	EX ทุ่มน้ำหนักเต็มพิกัด
33-1369	help	EX Hammer Fall	EX ค้อนร่วง
33-1370	help	EX Pole Slam	EX กระแทกด้วยไม้พลอง
33-1371	help	EX Bat Appropriation	EX ริบไม้เบสบอล
33-1372	help	EX Cooperative Knee Kick	EX เตะเข่าคู่
33-1373	help	EX Cooperative Power Surge	EX พลังพุ่งคู่
33-1374	help	Yagami Detective Agency: Changing the Time of Day	สำนักงานนักสืบยากามิ: การเปลี่ยนเวลาของวัน
33-1375	help	Valuables	ของมีค่า
33-1376	help	Drone <symbol=case_file_right_arrow> Shooting	โดรน <symbol=case_file_right_arrow> การถ่ายภาพ
33-1377	help	Quick Search Mode	โหมดค้นหาด่วน
33-1378	help	Conversation: Chaining Correct Choices	บทสนทนา: การเลือกตัวเลือกถูกต้องต่อเนื่อง
33-1379	help	Drone Search Mode	โหมดค้นหาโดรน
33-1380	help	Girlfriend <symbol=case_file_right_arrow> Presents	แฟนสาว <symbol=case_file_right_arrow> ของขวัญ
33-1381	help	Girlfriend <symbol=case_file_right_arrow> Once It's Official	แฟนสาว <symbol=case_file_right_arrow> เมื่อคบกันอย่างเป็นทางการ
33-1382	help	EX Boost <symbol=case_file_right_arrow><symbol=button_r2>	EX บูสต์ <symbol=case_file_right_arrow><symbol=button_r2>
33-1383	help	Encountering the Keihin Gang	การเผชิญหน้ากับแก๊งเคฮิน
33-1384	help	Threat Level	ระดับภัยคุกคาม
33-1385	help	Maximum Threat Level	ระดับภัยคุกคามสูงสุด
33-1386	help	Cooperative EX Action	ท่า EX คู่
33-1387	help	EX Cooperative Jump Kick	EX เตะกระโดดคู่
33-1388	help	EX Cooperative Sucker Punch	EX หมัดจู่โจมคู่
33-1389	help	EX Cooperative Powerbomb	EX พาวเวอร์บอมบ์คู่
33-1390	help	EX Cooperative Sucker Kick	EX เตะจู่โจมคู่
33-1391	help	EX Cooperative Knee Bash	EX ทุบเข่าคู่
33-1392	help	EX Bond: Manager Yoshida	EX สายสัมพันธ์: ผู้จัดการโยชิดะ
33-1393	help	EX Bond: Kyushu No. 1 Star Owner	EX สายสัมพันธ์: เจ้าของร้านคิวชูนัมเบอร์วันสตาร์
33-1394	help	EX Bond: Haoyu Xiu	EX สายสัมพันธ์: เฮ่าอวี้ ซิว
33-1395	help	EX Bond: Hiroto Nasugawa	EX สายสัมพันธ์: ฮิโรโตะ นาสึกาวะ
33-1396	help	EX Bond: Kim Won-soon	EX สายสัมพันธ์: คิม วอนซุน
33-1397	help	EX Bond: Kenta Uozumi	EX สายสัมพันธ์: เค็นตะ อุโอซึมิ
33-1398	help	EX Bond: Yasuhiro Furuya	EX สายสัมพันธ์: ยาสึฮิโระ ฟุรุยะ
33-1399	help	EX Bond: Takeo Inose	สายสัมพันธ์ EX: ทาเคโอะ อิโนเสะ
33-1400	help	EX Bond: Alice Ino	สายสัมพันธ์ EX: อลิซ อิโนะ
33-1401	help	EX Bond: Sota Nonomura	สายสัมพันธ์ EX: โซตะ โนโนมุระ
33-1402	help	EX Bond: Kiyoshiro Asamura	สายสัมพันธ์ EX: คิโยชิโร อาซามุระ
33-1403	help	EX Bond: Dwayne Cruise	สายสัมพันธ์ EX: ดเวย์น ครูซ
33-1404	help	EX Bond: Hanae Ida	สายสัมพันธ์ EX: ฮานาเอะ อิดะ
33-1405	help	Extracts	สารสกัด
33-1406	help	Creating Extracts	การทำสารสกัด
33-1407	help	Extract Ingredients	วัตถุดิบสารสกัด
33-1408	help	Shortcuts	ทางลัด
33-1409	controller_guide	Mahjong	มาจอง
33-1410	controller_guide	Pause / Quit	หยุดเกม / ออก
33-1411	controller_guide	View Controls	ดูปุ่มควบคุม
33-1412	controller_guide	Select Tile	เลือกกระเบื้อง
33-1413	controller_guide	Check Discard	ดูไพ่ทิ้ง
33-1414	controller_guide	View Tutorial	ดูวิธีเล่น
33-1415	controller_guide	Toggle Command Display	สลับการแสดงคำสั่ง
33-1416	controller_guide	Confirm	ยืนยัน
33-1417	controller_guide	Cancel	ยกเลิก
33-1418	controller_guide	Move Swing Cursor	เลื่อนเคอร์เซอร์สวิง
33-1419	controller_guide	View Rules	ดูกติกา
33-1420	controller_guide	Swing Bat / Confirm	สวิงไม้ / ยืนยัน
33-1421	controller_guide	Darts	ปาเป้า
33-1422	controller_guide	Move Cursor	เลื่อนเคอร์เซอร์
33-1423	controller_guide	Confirm / Throw	ยืนยัน / ขว้าง
33-1424	controller_guide	Move Camera (On Opponent's Turn)	เลื่อนกล้อง (ตาคู่ต่อสู้)
33-1425	controller_guide	Karaoke (Singing)	คาราโอเกะ (ร้องเพลง)
33-1426	controller_guide	Karaoke (Backup)	คาราโอเกะ (ผู้ช่วยร้อง)
33-1427	controller_guide	Move Camera Left / Right	เลื่อนกล้องซ้าย / ขวา
33-1428	controller_guide	Insert 500 Yen	หยอดเหรียญ 500 เยน
33-1429	controller_guide	Move Crane	เคลื่อนเครน
33-1430	controller_guide	Quit	ออก
33-1431	controller_guide	Select Action / Change Bet	เลือกแอ็กชัน / เปลี่ยนเดิมพัน
33-1432	controller_guide	Use Item	ใช้ไอเทม
33-1433	controller_guide	Move Camera	เลื่อนกล้อง
33-1434	controller_guide	Select Action	เลือกแอ็กชัน
33-1435	controller_guide	Chase and Capture	ไล่จับ
33-1436	controller_guide	Move Left and Right / Evade	เลื่อนซ้ายขวา / หลบ
33-1437	controller_guide	Evade	หลบ
33-1438	controller_guide	Shogi	โชกิ
33-1439	controller_guide	Take Back	ถอยตาเดิน
33-1440	controller_guide	View Piece Details	ดูรายละเอียดชิ้นส่วน
33-1441	controller_guide	Super Take Back	ถอยตาเดินพิเศษ
33-1442	controller_guide	Oicho-kabu	โออิโช-คาบุ
33-1443	controller_guide	Hands	มือ
33-1444	controller_guide	Tailing	การสะกดรอย
33-1445	controller_guide	Hide / Emerge	ซ่อน / โผล่ออกมา
33-1446	controller_guide	Sprint	วิ่ง
33-1447	controller_guide	Fixed Camera	กล้องคงที่
33-1448	controller_guide	Map Display	แสดงแผนที่
33-1449	controller_guide	Reset Camera	รีเซ็ตกล้อง
33-1450	controller_guide	Check Items Obtained	ดูไอเทมที่ได้รับ
33-1451	controller_guide	Check Bonus Rewards	ตรวจสอบรางวัลโบนัส
33-1452	controller_guide	Roll Dice	ทอยลูกเต๋า
33-1453	controller_guide	Toggle Camera Height	สลับระดับความสูงกล้อง
33-1454	controller_guide	Sprint (Outside of Battle)	วิ่ง (นอกการต่อสู้)
33-1455	controller_guide	Reset Camera\n(Hold down) Fixed Camera	รีเซ็ตกล้อง\n(กดค้าง) ล็อกกล้อง
33-1456	controller_guide	Select / Sprint	เลือก / วิ่ง
33-1457	controller_guide	Confirm / Dash	ยืนยัน / พุ่ง
33-1458	controller_guide	Zoom In / Zoom Out (Minimap)	ซูมเข้า / ซูมออก (มินิแมป)
33-1459	controller_guide	First Person View	มุมมองบุคคลที่หนึ่ง
33-1460	controller_guide	Change Expression (Camera Mode)	เปลี่ยนสีหน้า (โหมดกล้อง)
33-1461	controller_guide	Reset Expression (Camera Mode)	รีเซ็ตสีหน้า (โหมดกล้อง)
33-1462	controller_guide	View Map	ดูแผนที่
33-1463	controller_guide	Pause Menu	เมนูหยุดชั่วคราว
33-1464	controller_guide	Reset Camera / Disable EX Actions	รีเซ็ตกล้อง / ปิดใช้งาน EX Action
33-1465	controller_guide	Guard	การ์ด
33-1466	controller_guide	Fighting Stance	ท่าต่อสู้
33-1467	controller_guide	Strong Attack / Finishing Blow\nEX Action	โจมตีหนัก / ท่าจบ\nEX Action
33-1468	controller_guide	Weak Attack / Rush Combo	โจมตีเบา / คอมโบรัว
33-1469	controller_guide	Grab / Throw	จับ / เหวี่ยง
