id	bin	EN	TH
08-0001	talk	Nothing to do but check it out.	ไม่มีทางอื่นนอกจากลงไปดูให้เห็นกับตา
08-0002	talk	Want me to tag along?	อยากให้ฉันตามไปด้วยไหม?
08-0003	talk	Nah, keep watch. Besides... An outfit like that'll stick out like a sore thumb.	ไม่ล่ะ อยู่คุ้มกันไว้ก่อน อีกอย่าง... ชุดแบบนั้นเดินไปไหนก็เตะตาสุด ๆ
08-0004	talk	Fine, have it your way. I didn't wanna mess my threads up anyway. But just shout if shit hits the fan.	ก็ได้ ตามใจแก ไหน ๆ ฉันก็ไม่อยากให้ชุดเปื้อนอยู่แล้ว แต่ถ้าเรื่องบานปลายก็ตะโกนเรียกนะ
08-0005	talk	This is a pretty good spot if you wanted to conduct shady business.	ที่ตรงนี้เหมาะกับการทำธุรกิจ สีเทาดีจริง ๆ
08-0006	talk	(There could be anything up ahead...)	(ข้างหน้าอาจมีอะไรก็ได้...)
08-0007	talk	(I better let the others know about this, just in case things go south.)	(ควรบอกให้คนอื่นรู้เรื่องนี้ไว้ก่อน เผื่อสถานการณ์พลิกผัน)
08-0008	talk	(There's that homeless guy from earlier. I think it's safe to say I'm on the right track.)	(นั่นไงคนไร้บ้านคนเมื่อกี้ ท่าทางมาถูกทางแล้วล่ะ)
08-0009	talk	(I bet the other homeless guys were freaked out because they know what the Keihin Gang is up to down here.)	(คงเป็นเพราะคนไร้บ้านคนอื่น ๆ รู้เรื่องที่แก๊งเคฮินทำอยู่ ข้างล่างนี้ เลยตกใจกลัวกันแบบนั้น)
08-0010	talk	Looks like we've got a rat.	ดูเหมือนจะมีหนูแอบเข้ามาซะแล้ว
08-0011	talk	Honda...	ฮอนดะ...
08-0012	talk	Seeking refuge from all the money-hungry cats, are you?	มาหลบพวกแมวบ้าเงินหรือไง?
08-0013	talk	Screw refuge. I'm here to pay you back for letting all the cats loose.	หลบบ้าอะไร ผมมาเพื่อเอาคืนเรื่องที่คุณ ปล่อยแมวพวกนั้นออกมาต่างหาก
08-0014	talk	Interesting. So the rat thinks he can bite back.	น่าสนใจนี่ หนูตัวนี้คิดว่ากัดกลับได้ด้วยสินะ
08-0015	talk	Your gun smuggling operation is up ahead, right? You use the sewers to get them through the city?	ที่ลักลอบขนปืนของคุณอยู่ ข้างหน้าใช่ไหม? ใช้ท่อระบายน้ำลำเลียงของ ผ่านเมืองสินะ?
08-0016	talk	Who can say? You're gonna have to fight me if you want to get any further. I'll even let you through if you win.	ใครจะไปรู้ล่ะ? แกต้องสู้กับฉันก่อนถึงจะไปต่อได้ ถ้าชนะฉันจะปล่อยให้ผ่านไปเลย
08-0017	talk	Heh, in that case, I accept the challenge.	ฮึ ถ้างั้นผมขอรับคำท้า
08-0018	talk	Hahaha! Good! Let's have a fun brawl!	ฮ่าฮ่าฮ่า! ดีมาก! มาต่อยกันให้สนุกไปเลย!
08-0019	talk	I've heard your whole dastardly plan, evil-doer!	ข้าได้ยินแผนชั่วร้ายของเจ้าหมดแล้ว ไอ้คนเลว!
08-0020	talk	Ryan? When did you get here?	ไรอัน? มาอยู่ตรงนี้ตั้งแต่เมื่อไหร่?
08-0021	talk	Where are you looking? I'm over here.	ท่านมองไปทางไหนกัน ข้าอยู่ตรงนี้ต่างหาก
08-0022	talk	Hoho... Behold, my secret ninja technique! Illusory deception art!	โฮโฮ... จงยลวิชานินจาลับของข้า! มายาลวงตา!
08-0023	talk	...Who's he?	...เขาเป็นใครกัน?
08-0024	talk	Oh, he's a homeless guy I met on my part time job.	อ๋อ เขาคือคนไร้บ้านที่ข้าเจอตอน ทำงานพาร์ตไทม์
08-0025	talk	...I'll stop asking questions.	...ผมเลิกถามดีกว่า
08-0026	talk	Your scheme ends here, villain! Prepare yourself!	แผนการของเจ้าจบแค่นี้แหละ ไอ้ตัวร้าย! เตรียมตัวไว้ให้ดี!
08-0027	talk	You said you'd be letting me through, I believe.	คุณบอกว่าจะปล่อยให้ผมผ่านไม่ใช่เหรอ
08-0028	talk	Do whatever you want, but...	จะทำอะไรก็ตามใจ แต่...
08-0029	talk	I'm not one for stepping into another man's quarrel.	ฉันไม่ใช่คนชอบไปยุ่งเรื่อง ทะเลาะของคนอื่นหรอกนะ
08-0030	talk	Yagami-san. You must enjoy getting in our way.	ยากามิซัง ท่าทางจะสนุกกับการมาขวางทาง พวกเรานักนะ
08-0031	talk	Koga...	โคกะ...
08-0032	talk	He's yours to deal with, Koga. I'm taking the loss today.	เขาเป็นหน้าที่นายแล้วล่ะ โคกะ วันนี้ฉันขอยอมแพ้ก่อน
08-0033	talk	You're the only one left standing. Maybe surrender would be the best option?	เหลือแค่คุณคนเดียวแล้ว จะยอมแพ้ไปเลยดีไหม?
08-0034	talk	Sorry, but business is booming right now. No way I'm backing down without a fight.	ขอโทษด้วยนะ แต่ตอนนี้ธุรกิจกำลังไปได้สวย ผมไม่มีทางถอยโดยไม่สู้หรอก
08-0035	talk	I admit, it wasn't easy tracing you. But guns aren't exactly a competitive market.	ยอมรับว่าตามรอยคุณไม่ง่ายเลย แต่ตลาดปืนก็ไม่ได้มีคู่แข่ง เยอะขนาดนั้นนี่
08-0036	talk	Yes, and they sell well if you price them for general consumption.	ใช่ แล้วถ้าตั้งราคาให้คนทั่วไป เข้าถึงได้ก็ขายดีเลยล่ะ
08-0037	talk	People have lost faith in public services in Kamurocho... They'd rather take security into their own hands.	คนคามุโรโจหมดศรัทธากับบริการ ของรัฐไปแล้ว... พวกเขาเลยอยากดูแลความปลอดภัย ของตัวเองมากกว่า
08-0038	talk	And you don't think that you Keihin Gang bastards are at least partially to blame?	แล้วคุณไม่คิดบ้างเหรอว่า แก๊งเคฮินของคุณเองก็มีส่วน ทำให้เป็นแบบนั้น?
08-0039	talk	Of course we are. In other words, we're finally seeing a return on investment.	แน่นอนอยู่แล้ว พูดง่าย ๆ ก็คือในที่สุดเราก็ได้ผลตอบแทน จากการลงทุนสักที
08-0040	talk	Returns? You're just escalating the situation and trying to take credit for solving it.	ผลตอบแทนงั้นเหรอ? คุณก็แค่ทำให้สถานการณ์แย่ลง แล้วอ้างว่าตัวเองช่วย แก้ปัญหาต่างหาก
08-0041	talk	Well, if it works, it works. After all, I can even offer ten million now for your capture.	ก็ถ้ามันเวิร์กก็คือเวิร์กแหละ ยังไงตอนนี้ผมก็ตั้งค่าหัวคุณ ไว้ถึงสิบล้านได้เลย
08-0042	talk	Right. In that case, I'll just have to sever the funds at the source.	งั้นเหรอ ถ้าอย่างนั้นผมก็แค่ต้องตัด เงินทุนตั้งแต่ต้นตอเลย
08-0043	talk	The only thing about to be severed here is your head from your neck.	สิ่งเดียวที่จะถูกตัดตรงนี้คือ หัวคุณกับคอต่างหาก
08-0044	talk	You'll regret ever disgracing the Keihin Gang name!	คุณจะต้องเสียใจที่ดูถูกชื่อแก๊งเคฮิน!
08-0045	talk	Hold up!	เดี๋ยวก่อน!
08-0046	talk	You guys...	พวกเธอนี่...
08-0047	talk	You all...	พวกคุณทุกคน...
08-0048	talk	I'm just gonna say, my little bro's tough, but I'm waaay tougher.	จะบอกไว้เฉย ๆ นะ น้องชายฉันน่ะแกร่งก็จริง แต่ฉันแกร่งกว่าเยอะเลย
08-0049	talk	Don't underestimate the power of the lazy and unemployed!	อย่าดูถูกพลังของคนขี้เกียจ ตกงานเชียวนะ!
08-0050	talk	And no quips about wearing sunglasses in the dark, please. Old and tired.	อีกอย่าง อย่ามาแซวเรื่องใส่แว่นกันแดดตอนมืด ๆ นะ มุกเก่าเก็บแล้ว
08-0051	talk	If this is what I've gotta do to wear it loud and proud...	ถ้านี่คือสิ่งที่ฉันต้องทำเพื่อ ใส่มันอย่างภาคภูมิใจ...
08-0052	talk	Then Tashiro-kun of the Matsugane Family is gonna represent!	งั้นทาชิโระคุงแห่ง ตระกูลมัตสึกาเนะจะขอโชว์ให้ดู!
08-0053	talk	I'll show you what it means to dress for the part, you Keihin Gang shitheads!	กูจะให้พวกมึงดูว่าแต่งตัวให้ เข้ากับบทบาทคืออะไร ไอ้พวกแก๊งเคฮินสารเลว!
08-0054	talk	They call me Mr. Try and Hit Me, but who says I can't try to hit people too?	คนเรียกผมว่ามิสเตอร์ตีไม่โดน แต่ใครบอกว่าผมต่อยคนอื่นไม่ได้ล่ะ?
08-0055	talk	Actually... those are my rules. So see if you can hit me, ya bastard!	อันที่จริง... นั่นคือกฎของผมเอง ลองมาต่อยผมให้ได้สิ ไอ้สารเลว!
08-0056	talk	Hoho... I was getting bored waiting for my turn.	โฮโฮ... ข้าเริ่มเบื่อที่ต้องรอตาตัวเองแล้ว
08-0057	talk	But surely you are aware of how deadly and precise a ninja's awakening strike can be!?	แต่เจ้าคงรู้ดีอยู่แล้วสิว่าท่า โจมตีตื่นวิญญาณของ นินจานั้นร้ายกาจและแม่นยำแค่ไหน!?
08-0058	talk	Wh-Who the hell are all these morons?	พ-พวกไอ้โง่พวกนี้เป็นใครกันวะ?
08-0059	talk	They're with me. They're my friends. And they're here to put you in your place.	พวกเขามากับผม เป็นเพื่อนผมเอง มาจัดการให้คุณรู้ที่รู้ทางกันนี่แหละ
08-0060	talk	Did you say they're your... friends? These lunatics?	คุณบอกว่าพวกนี้เป็น... เพื่อนคุณเหรอ? ไอ้พวกบ้านี่น่ะนะ?
08-0061	talk	So be it. You can all go to the afterlife as one big happy family!	ก็ได้ งั้นไปสู่ปรโลกด้วยกันทั้ง ครอบครัวใหญ่แสนสุขเลยแล้วกัน!
08-0062	talk	I've already given this location to the cops. Your whole operation is going down, one way or another.	ผมแจ้งตำแหน่งนี้ให้ตำรวจไปแล้ว ปฏิบัติการทั้งหมดของคุณจบแน่ ไม่ทางใดก็ทางหนึ่ง
08-0063	talk	Yagami-san, now that everybody knows they can't pay, you're off the hook for that ten million yen prize!	ยากามิซัง ตอนนี้ทุกคนรู้แล้วว่าพวกมัน จ่ายไม่ได้ คุณเลยพ้นจากค่าหัวสิบล้านเยน นั่นแล้วนะ!
08-0064	talk	The guns were the only way they could afford it, and those are all confiscated.	ปืนคือทางเดียวที่พวกเขาจะหาเงินได้ แล้วตอนนี้ก็ถูกยึดหมดแล้ว
08-0065	talk	But I heard the big four eluded the cops.	แต่ได้ยินว่าสี่เทพเคฮินหนี ตำรวจไปได้นะ
08-0066	talk	I wouldn't expect them to just leave you alone...	คงคาดหวังไม่ได้หรอกว่าพวกนั้น จะปล่อยคุณไว้เฉย ๆ...
08-0067	talk	When they pop back up, I'll just have to deal with them as I have every time, then.	ถ้าโผล่มาอีก ผมก็แค่จัดการเหมือนที่เคยทำ ทุกครั้งนั่นแหละ
08-0068	talk	Glad we got to put the beatdown on those Keihin assholes together, Yagami-san.	ดีใจที่ได้ร่วมอัดไอ้พวกเคฮิน สารเลวด้วยกันนะ ยากามิซัง
08-0069	talk	I guess we'll call that whole thing with robbing me of my clothes water under the bridge.	งั้นเรื่องที่แกขโมยเสื้อผ้าฉัน ไปก็ถือว่าน้ำท่วมทุ่ง ผ่านไปแล้วกันนะ
08-0070	talk	Heh, just don't change your mind and sue me later, okay?	ฮึ อย่าเปลี่ยนใจแล้วมาฟ้องผม ทีหลังก็แล้วกันนะ?
08-0071	talk	Damn, you sure know how to make a nuisance of yourself, little bro.	โห แกนี่เก่งเรื่องสร้างความวุ่นวายจริง ๆ นะ น้องชาย
08-0072	talk	Next time I'm gonna have to give ya a proper scolding.	คราวหน้าฉันคงต้องดุแกให้เข็ด สักหน่อยแล้วล่ะ
08-0073	talk	Heh, maybe I'll come around yet.	ฮึ เดี๋ยวคงได้แวะมาอีกแหละ
08-0074	talk	I feel like this was great training for me. I bet I could dodge bullets now!	รู้สึกว่าครั้งนี้เป็น การฝึกซ้อมที่ดีมากเลย เดี๋ยวนี้ผมคงหลบกระสุนได้สบาย!
08-0075	talk	Pistols, shotguns, maybe even a machine gun! Bring it all on!	ปืนพก ปืนลูกซอง หรือแม้แต่ปืนกล! มาให้หมดเลย!
08-0076	talk	I'll be all like, whoooooosh!	ผมจะเป็นแบบ วู้ววววช!
08-0077	talk	Haha, maybe you should move to America and change your name to "Mr. Try and Shoot Me."	ฮ่าฮ่า บางทีคุณควรย้ายไปอเมริกาแล้ว เปลี่ยนชื่อเป็น "มิสเตอร์ยิงไม่โดน" นะ
08-0078	talk	I think my ninjutsu has reached at least expert level thanks to you, Master Yagami. 	ข้าว่าวิชานินจาของข้าคงถึง ระดับผู้เชี่ยวชาญแล้วล่ะ ก็เพราะท่านนี่แหละ อาจารย์ยากามิ
08-0079	talk	I think I should start considering training my successors in a dojo here in Kamurocho!	ข้าว่าข้าน่าจะเริ่มคิดเปิด สำนักฝึกทายาทที่คามุโรโจ แห่งนี้ได้แล้วนะ!
08-0080	talk	We'll have to celebrate when it's open. Just let me know.	ถ้าเปิดเมื่อไหร่ต้องฉลองกันหน่อย บอกผมด้วยนะ
08-0081	talk	You guys... I just want you to know how much I appreciate it. I had no where else to turn, and you were there for me.	พวกคุณทุกคน... ผมแค่อยากให้รู้ว่าผมขอบคุณมากแค่ไหน ตอนที่ไม่รู้จะหันไปพึ่งใคร พวกคุณก็อยู่เคียงข้างผมเสมอ
08-0082	talk	Cheesy as it sounds... My friends really were my power.	ถึงจะฟังดูเชยไปหน่อย... แต่เพื่อน ๆ นี่แหละคือพลังของผมจริง ๆ
08-0083	talk	(I really should take the time to visit everyone who helped me and thank them in person.)	(ผมควรหาเวลาไปเยี่ยมทุกคนที่ ช่วยเหลือแล้วขอบคุณกัน ตัวต่อตัวสักหน่อย)
08-0084	talk	(My client said he'd be on the roof of Stardust. Odd.)	(ลูกความบอกว่าจะอยู่บนดาดฟ้า คลับสตาร์ดัสต์ แปลกจริง)
08-0085	talk	You remember who you're talking to? I'm Mr. Try and Hit Me!	จำได้ไหมว่ากำลังคุยกับใครอยู่? ผมคือมิสเตอร์ตีไม่โดนไง!
08-0086	talk	I'm not gonna get out. More like... get outta the way.	ผมไม่ได้จะ "หนี" หรอกนะ พูดง่าย ๆ ก็แค่... หลบไปให้พ้นทางเฉย ๆ
08-0087	talk	Phew. I think I'm in the clear for now, but I think I better lay low in the office for a while...	ฟื้อ คิดว่าตอนนี้คงปลอดภัยละ แต่คงต้องหลบอยู่ในออฟฟิศสักพักดีกว่า...
08-0088	talk	(If I go out there looking like this, I'm screwed.)	(ถ้าออกไปข้างนอกด้วยสภาพนี้ ผมซวยแน่)
08-0089	talk	(I've gotta figure out how to get by them...)	(ต้องหาทางผ่านพวกมันไปให้ได้...)
08-0090	talk	(Who'd know the most about the Keihin Gang? Probably Kim-san.)	(ใครจะรู้เรื่องแก๊งเคฮินมากที่สุดนะ คงเป็นคิมซังนี่แหละ)
08-0091	talk	(I've gotta get to Kim-san's restaurant for now.)	(ตอนนี้ต้องไปที่ร้านของคิมซังก่อนเลย)
08-0092	talk	Yagami-san, don't be a hero. Your friends would hope that you'd rely on them in times like this.	ยากามิซัง อย่าพยายามเป็นฮีโร่คนเดียวเลย เพื่อน ๆ ของคุณคงอยากให้คุณพึ่งพาพวกเขา ในเวลาแบบนี้นะ
08-0093	talk	You could at least talk to them about it?	อย่างน้อยก็ลองปรึกษาพวกเขาดูก่อนไหม?
08-0094	talk	(I should hit up anyone in the city who might be willing to help. Hopefully I can figure this out faster that way.)	(ผมควรลองติดต่อใครก็ได้ในเมือง ที่อาจช่วยได้ หวังว่าจะทำให้เรื่องนี้ คลี่คลายเร็วขึ้น)
08-0095	talk	(Maybe I'll check in on one of the city's hangout spots.)	(ลองไปดูตามแหล่งพบปะในเมืองสัก ที่ดีกว่า)
08-0096	talk	(I'll ask whoever's around. Beggars can't be choosers.)	(ถามใครก็ได้ที่อยู่แถวนั้นแหละ ตอนนี้ไม่มีสิทธิ์เลือก)
08-0097	talk	(Crap! They have someone on guard.)	(บ้าเอ๊ย! มีคนคอยเฝ้าอยู่ด้วย)
08-0098	talk	(I've gotta keep my face concealed for now.)	(ตอนนี้ต้องปิดหน้าไว้ก่อน)
08-0099	talk	(Nothing I can do about it. Let's hit up another location.)	(ทำอะไรไม่ได้แล้ว ไปที่อื่นดีกว่า)
08-0100	talk	It's me. Yagami.	ผมเอง ยากามิ
08-0101	talk	Eh? Why on earth are you dressed like that?	เอ๋? ทำไมแต่งตัวแบบนั้นล่ะเนี่ย?
08-0102	talk	Are you okay, by the way? The Keihin Gang seems to want your head on a pike.	ว่าแต่โอเคไหมเนี่ย? ท่าทางแก๊งเคฮินจะอยากได้หัวคุณ ไปเสียบประจานเลยนะ
08-0103	talk	Well, to tell you the truth...	เอาล่ะ พูดตามตรงนะ...
08-0104	talk	What!? You're trying to take out the Keihin Gang's operations!?	อะไรนะ!? คุณกำลังจะไปล้มปฏิบัติการของ แก๊งเคฮินเหรอ!?
08-0105	talk	You know how crazy that sounds!?	รู้ไหมว่ามันฟังดูบ้าแค่ไหน!?
08-0106	talk	And I could use some help. You know anything about their gun smuggling ring?	แล้วผมก็อยากได้ตัวช่วยด้วย พวกคุณรู้อะไรเกี่ยวกับขบวนการ ลักลอบขนปืนของพวกนั้นไหม?
08-0107	talk	Well, I don't know if this'll be much help, but I overheard one of them...	ก็ไม่รู้ว่าจะช่วยได้ไหมนะ แต่ฉันได้ยินคนหนึ่งในนั้นพูด...
08-0108	talk	Said something about young guys being interested in guns.	พูดอะไรทำนองว่าพวกวัยรุ่น ผู้ชายกำลังสนใจเรื่องปืนกัน อยู่
08-0109	talk	Young guys?	วัยรุ่นผู้ชายเหรอ?
08-0110	talk	Yeah. Maybe if you know any spots where punks like that hang out, you'll hear something.	ใช่ ถ้ารู้ว่าพวกวัยรุ่นแบบนั้นชอบ ไปรวมตัวกันที่ไหน อาจจะได้ยินอะไรบ้างนะ
08-0111	talk	Come to think of it...	ว่าไปแล้ว...
08-0112	talk	I saw some trouble with a gun in Theater Square earlier... Maybe that'd be a good place to start.	เมื่อกี้ผมเห็นเรื่องวุ่นวาย เกี่ยวกับปืนที่เธียเตอร์สแควร์... น่าจะเป็นจุดเริ่มต้นที่ดี
08-0113	talk	I'll give Theater Square a shot.	ลองไปดูที่เธียเตอร์สแควร์ก่อนดีกว่า
08-0114	talk	Huh? Who are you?	หือ? คุณเป็นใคร?
08-0115	talk	Really? Yagami-san!?	จริงเหรอ? ยากามิซัง!?
08-0116	talk	Hey, it's not a good time...	เฮ้ย ตอนนี้ไม่ใช่เวลาที่ดีเลย...
08-0117	talk	I'm really sorry, but I can't help you right now.	ขอโทษจริง ๆ นะ แต่ตอนนี้ช่วยไม่ได้เลย
08-0118	talk	It could get ugly if you stick around here too... So go!	ถ้าอยู่แถวนี้ต่ออาจจะแย่เอาได้นะ... ไปซะเถอะ!
08-0119	talk	(Why'd he kick me out?)	(ทำไมถึงไล่ผมไปแบบนั้นนะ?)
08-0120	talk	Yo, Kamaguchi-san.	โย่ คามากูจิซัง
08-0121	talk	Is that you, Yagami-san? What the heck?	นั่นคุณเหรอ ยากามิซัง? เกิดอะไรขึ้นเนี่ย?
08-0122	talk	It's the Keihin Gang. They've got a price on my head.	เป็นเพราะแก๊งเคฮิน พวกมันตั้งค่าหัวผมไว้
08-0123	talk	Yeah, I knew it was trouble when I saw them handing out flyers.	ใช่ พอเห็นพวกมันแจกใบปลิวก็รู้แล้ว ว่าต้องมีเรื่อง
08-0124	talk	I'm trying to figure out how they're smuggling guns in. You know anything?	ผมกำลังพยายามหาว่าพวกมันลักลอบ ขนปืนเข้ามายังไง รู้อะไรบ้างไหม?
08-0125	talk	Sorry, I don't. I cut my ties with those fools.	ขอโทษด้วย ไม่รู้เลย ตัดขาดกับไอ้พวกโง่นั่นไปนานแล้ว
08-0126	talk	Ah, damn.	อ้าว บ้าเอ๊ย
08-0127	talk	You're in pretty hot water this time, aren't you?	รอบนี้คุณเจอเรื่องหนักเลยนะ
08-0128	talk	I wish I could help you more, but here, take this with you.	อยากช่วยได้มากกว่านี้จริง ๆ นะ แต่เอานี่ไปด้วยแล้วกัน
08-0129	talk	Oh, thanks!	โอ้ ขอบใจนะ!
08-0130	talk	Wait... Yagami-san?	เดี๋ยวนะ... ยากามิซัง?
08-0131	talk	I had to go undercover when the Keihin Gang put a price on my head.	ผมต้องปลอมตัวหลบซ่อนตอนที่ แก๊งเคฮินตั้งค่าหัวผม
08-0132	talk	Yeah, I saw that flyer. You're in it deep, huh?	ใช่ครับ ผมเห็นใบปลิวนั่นด้วย เจอเรื่องหนักเลยนะครับเนี่ย
08-0133	talk	I'm trying to crush them by taking out their gun supply. You know anything about it?	ผมพยายามล้มพวกมันด้วยการตัด เส้นทางส่งปืน คุณรู้อะไรเกี่ยวกับเรื่องนี้บ้างไหม
08-0134	talk	Sorry, I've not heard a thing.	ขอโทษครับ ผมไม่เคยได้ยินอะไรเลย
08-0135	talk	Me neither.	ไม่ได้ยินเหมือนกัน
08-0136	talk	Sorry, I'm useless here too.	ขอโทษที ช่วยอะไรไม่ได้เหมือนกัน
08-0137	talk	Ah, thanks anyway.	อ้อ ยังไงก็ขอบใจนะ
08-0138	talk	Sorry we couldn't be more help, Yagami-san. Maybe this'll help you out, though.	ขอโทษด้วยนะครับที่ช่วยได้แค่นี้ ยากามิซัง แต่บางทีนี่อาจช่วยคุณได้บ้าง
08-0139	talk	Huh? Isn't this one of Iyama-san's extracts? Why do you have this?	เฮ้ นี่มันสารสกัดของอิยามะซังไม่ใช่เหรอ ทำไมถึงมีอันนี้อยู่กับคุณล่ะ
08-0140	talk	Heh, I've got connections, man.	เฮอะ ผมมีคอนเนกชันน่ะครับ
08-0141	talk	Those Keihin Gang guys looked pretty serious, Yagami-san. Don't get yourself killed, okay?	พวกแก๊งเคฮินดูจริงจังมากเลยนะครับ ยากามิซัง อย่าให้ตัวเองโดนฆ่าล่ะ
08-0142	talk	I'll be fine. Thanks Yosuke-kun.	ผมไม่เป็นไรหรอก ขอบใจนะ โยสึเกะคุง
08-0143	talk	Hey, Seiya. And Deguchi-san.	เฮ้ เซยะ แล้วก็เดกุจิซัง
08-0144	talk	Hm? Wait, what?	หืม? เดี๋ยวนะ อะไรนะ?
08-0145	talk	Is that you, Yagami? Why are you dressed like that?	นั่นนายเหรอ ยากามิ ทำไมแต่งตัวแบบนั้นล่ะ
08-0146	talk	Maybe you've heard about the 10 million yen price on my head?	คงเคยได้ยินเรื่องค่าหัวผม 10 ล้านเยนแล้วสินะ?
08-0147	talk	Oh yeah, I did see that! What a bunch of raging assholes!	อ๋อ ใช่ เห็นแล้วล่ะ! ไอ้พวกเวรนั่นบ้าไปแล้วจริงๆ!
08-0148	talk	What are you going to do, Yagami-san? You could really end up dead this time...	จะทำยังไงต่อล่ะครับ ยากามิซัง รอบนี้อาจถึงตายจริงๆ นะ...
08-0149	talk	Well, I'm trying to avoid that. My plan right now is to hit them before they hit me.	ก็พยายามเลี่ยงเรื่องนั้นอยู่ ตอนนี้แผนของผมคือถล่มพวกมัน ก่อนที่มันจะถล่มผม
08-0150	talk	I've got to find their hideout and take it down. That should cut off their funding.	ผมต้องหาที่ซ่อนของพวกมันแล้ว บุกถล่มมันซะ แบบนั้นน่าจะตัดเส้นทางเงินของ พวกมันได้
08-0151	talk	W-Wow. You've really given this some thought.	ว้าว จริงจังกับเรื่องนี้มากเลยนะ
08-0152	talk	I know they're smuggling guns, and that's the key. You haven't heard anything, have you?	ผมรู้ว่าพวกมันลักลอบขนปืน นั่นคือกุญแจสำคัญ คุณไม่เคยได้ยินอะไรเลยใช่ไหม
08-0153	talk	Sorry, I haven't...	ขอโทษนะ ผมไม่เคยได้ยินเลย...
08-0154	talk	Me either. I wish I could help...	ผมก็เหมือนกัน อยากช่วยได้มากกว่านี้จริงๆ...
08-0155	talk	It's fine. Just don't tell anyone you saw me, and that's plenty.	ไม่เป็นไรหรอก แค่อย่าบอกใครว่าเห็นผม แค่นี้ก็พอแล้ว
08-0156	talk	Well, at least take this with you! It'll help keep you on your feet and alert!	เอาน่า อย่างน้อยก็เอานี่ไปด้วยสิ! มันจะช่วยให้คุณยังไหวและตื่นตัวอยู่!
08-0157	talk	For you, of course. Stay safe out there!	ให้คุณโดยเฉพาะเลย ระวังตัวด้วยล่ะ!
08-0158	talk	And don't you die.	แล้วก็ห้ามตายด้วยนะ
08-0159	talk	Thanks guys. I plan on staying alive.	ขอบใจนะทุกคน ผมตั้งใจจะอยู่รอดอยู่แล้ว
08-0160	talk	Sagara-san. Do you have a sec?	ซาการะซัง มีเวลาสักครู่ไหมครับ
08-0161	talk	I know that voice... Is that you, Yagami-san?	เสียงนี้ผมรู้จักดี... นั่นยากามิซังใช่ไหมครับ
08-0162	talk	And what's with the outfit?	แล้วชุดนั่นมันอะไรกัน?
08-0163	talk	I see. I wish I knew something that could help...	อย่างนั้นเอง อยากรู้อะไรที่พอช่วยได้บ้างจริงๆ ครับ...
08-0164	talk	It's totally fine.	ไม่เป็นไรเลยครับ
08-0165	talk	Yagami-san, I think this is one of those times when you need to steel yourself with a perfect cup of coffee.	ยากามิซัง ผมว่านี่คือช่วงเวลาที่คุณต้อง ปลุกใจตัวเองด้วยกาแฟ ถ้วยเยี่ยมสักถ้วยนะครับ
08-0166	talk	Here, come inside, please. I won't take much of your time.	เชิญเข้ามาข้างในก่อนสิครับ ผมจะไม่ใช้เวลาคุณนานหรอก
08-0167	talk	How was the coffee? That was a certified wild-gathered kopi luwak coffee of the highest grade.	กาแฟเป็นยังไงบ้างครับ นั่นคือโกปี ลูวักแท้จากป่าเกรดสูงสุดเลยนะ
08-0168	talk	Best cup of coffee I've ever had, but if this stuff really costs 10,000 yen a cup, I suppose that's to be expected, right?	กาแฟที่อร่อยที่สุดเท่าที่เคย ดื่มมาเลย แต่ถ้าถ้วยนี้ราคาตั้ง 10,000 เยนจริงๆ ก็คงสมราคาแหละนะ
08-0169	talk	Well, hard times call for hard coffee!	ก็ยามยากต้องพึ่งกาแฟเข้มๆ ไงล่ะครับ!
08-0170	talk	Thank you so much, Sagara-san!	ขอบคุณมากเลยนะครับ ซาการะซัง!
08-0171	talk	I feel better already!	รู้สึกดีขึ้นเยอะเลย!
08-0172	talk	Be careful, Yagami-san. You can't enjoy coffee if you're dead.	ระวังตัวด้วยนะครับ ยากามิซัง ถ้าตายไปแล้วก็ดื่มกาแฟไม่ได้อีกนะ
08-0173	talk	I know. And I plan on enjoying a lot more of it, so don't worry.	รู้แล้ว แล้วผมก็ตั้งใจจะได้ดื่มมันอีกเยอะๆ ด้วย ไม่ต้องห่วงหรอก
08-0174	talk	(It's a long shot... But if I'm gonna get any more info, this is my best chance.)	(มันอาจจะริบหรี่... แต่ถ้าจะหาข้อมูลเพิ่มได้ นี่คือโอกาสที่ดีที่สุดของผมแล้ว)
08-0175	talk	(Apparently their main customers are young guys, so hopefully I'll pick something up if I listen in.)	(ดูเหมือนลูกค้าหลักของพวกมันจะ เป็นหนุ่มๆ หวังว่าถ้าผมแอบฟังดูคงได้อะไรมาบ้าง)
08-0176	talk	Hahaha... It's pointless, now.	ฮ่าฮ่าฮ่า... มันไร้ประโยชน์แล้วล่ะตอนนี้
08-0177	talk	Everyone's on the way.	ทุกคนกำลังมาแล้ว
08-0178	talk	Did he say Yagami?	เขาเพิ่งพูดว่ายากามิเหรอ?
08-0179	talk	Oh, it's really him!	โอ้ ใช่เขาจริงๆ ด้วย!
08-0180	talk	Ten milliooooooon!	สิบล้านนนนน!
08-0181	talk	Payday is here!	วันรับทรัพย์มาถึงแล้ว!
08-0182	talk	Leave this to us!	ปล่อยให้เป็นหน้าที่พวกเราเถอะ!
08-0183	talk	Anyone who'd harm Yagami-san... is gonna get some extra hot coffee!	ใครก็ตามที่คิดจะทำร้ายยากามิซัง... จะได้กาแฟร้อนพิเศษไปเต็มๆ!
08-0184	talk	Yosuke-kun and Deguchi... Even Sagara-san!	โยสึเกะคุงกับเดกุจิ... แม้แต่ซาการะซังด้วย!
08-0185	talk	You Keihin Gang shitheads... You're not getting away with this.	ไอ้พวกแก๊งเคฮินสารเลว... ฉันจะไม่ปล่อยให้พวกนายลอยนวลหรอก
08-0186	talk	Nothing we hand you guys ever comes back... Whether that be money or Yagami-san!	อะไรที่พวกฉันยื่นให้พวกนาย ไปแล้วไม่เคยได้คืน... จะเป็นเงินหรือยากามิซังก็ตาม!
08-0187	talk	Hey, boys! If I showed you some co-ed tits, think you'd forget about that little bounty?	เฮ้ พวกหนุ่มๆ! ถ้าฉันโชว์นมสาวมหาลัยให้ดูสักหน่อย พวกนายจะลืมค่าหัวก้อนจิ๋วนั่นไหมล่ะ?
08-0188	talk	Madoka-chan!? What are you doing!?	มาโดกะจัง!? ทำอะไรอยู่น่ะ!?
08-0189	talk	I heard you were in trouble, Yagami-san, but this doesn't look like anything some T&A can't solve! Just this once!	ได้ยินว่าคุณกำลังเดือดร้อนนะคะ ยากามิซัง แต่เรื่องนี้ก็ไม่เกิน ความสามารถของหุ่นสาวหรอก! แค่ครั้งนี้ครั้งเดียวนะ!
08-0190	talk	Heh, sounds like a lot of people are in debt to you, Yagami-san. Well here's the payback, with interest!	ฮึ ฟังดูเหมือนมีคนติดหนี้นายเยอะเลยนะ ยากามิซัง งั้นนี่คือการชดใช้ พร้อมดอกเบี้ยด้วย!
08-0191	talk	Stop messing with my prey, damn it! We'll take you all out!	หยุดมายุ่งกับเหยื่อของฉันซะที เวรเอ๊ย! เดี๋ยวจัดการพวกแกให้หมดเลย!
08-0192	talk	Sorry about this, guys!	ขอโทษด้วยนะทุกคน!
08-0193	talk	(For a while there, it felt like the whole city had turned against me...)	(ช่วงหนึ่งผมรู้สึกเหมือน ทั้งเมืองหันหลังให้ผมไปแล้ว...)
08-0194	talk	(But it turns out I had friends in Kamurocho the whole time. I just had to know where to look.)	(แต่สุดท้ายผมก็มีเพื่อนอยู่ ในคามุโรโจตลอดมา แค่ต้องรู้ว่าจะมองหาที่ไหน เท่านั้นเอง)
08-0195	talk	(And I won't let all this effort go to waste!)	(และผมจะไม่ปล่อยให้ความพยายาม ทั้งหมดนี้สูญเปล่า!)
08-0196	talk	(I know how to get in touch with the sellers now.)	(ตอนนี้ผมรู้วิธีติดต่อคนขายแล้ว)
08-0197	talk	(I have to go to a deserted area and post "bang bang business" to Chatter, with my location on.)	(ผมต้องไปยังพื้นที่เปลี่ยว แล้วโพสต์คำว่า "ธุรกิจปังปัง" ลง Chatter พร้อมเปิดตำแหน่งที่อยู่ไว้)
08-0198	talk	(And the seller's gonna be a guy in a red scarf.)	(แล้วคนขายจะเป็นผู้ชายที่พัน ผ้าพันคอสีแดง)
08-0199	talk	(All right, let's get this post up.)	(เอาล่ะ โพสต์กันเลย)
08-0200	talk	(Guess I should approach someone...)	(คงต้องเข้าไปคุยกับใครสักคนแล้วล่ะ...)
08-0201	talk	(But with a ten million yen price on my head... I should probably be cautious about who I talk to.)	(แต่มีค่าหัวสิบล้านเยนแบบนี้... ผมคงต้องระวังตัวว่าจะคุยกับใคร)
08-0202	talk	(Okay... let's be careful about this.)	(โอเค... ระวังตัวไว้ดีกว่า)
08-0203	talk	(Is he the seller?)	(คนนี้ใช่คนขายไหมนะ?)
08-0204	talk	(Nope, that's not him.)	(ไม่ใช่ ไม่ใช่คนนี้)
08-0205	talk	(Let's find someone else.)	(หาคนอื่นดีกว่า)
08-0206	talk	(That guy has a red scarf on his backpack, right?)	(คนนั้นมีผ้าพันคอสีแดงติดอยู่ ที่เป้ใช่ไหมนะ?)
08-0207	talk	(I assumed it'd be around his neck, but...)	(นึกว่าจะพันอยู่รอบคอซะอีก แต่...)
08-0208	talk	(It's probably this guy. He looks ordinary, but that's gotta be the ruse, right?)	(น่าจะเป็นคนนี้แหละ ดูธรรมดามาก แต่นั่นแหละคือกลอำพราง จริงไหม?)
08-0209	talk	What're you looking at?	มองอะไรอยู่?
08-0210	talk	Mind telling me what you're selling?	บอกหน่อยได้ไหมว่าคุณขายอะไร
08-0211	talk	Huh? Selling? Hold on, don't I know you from somewhere?	หา? ขายเหรอ? เดี๋ยวนะ ฉันรู้จักนายมาจากไหนสักที่รึเปล่า?
08-0212	talk	Oh, no, probably not. Sorry.	อ๋อ ไม่หรอก คงไม่ใช่ ขอโทษด้วย
08-0213	talk	(Whoops. I probably should have waited to find someone who had a red scarf on...)	(อุ๊ย ควรรอหาคนที่พันผ้าพันคอสีแดงจริงๆ ก่อนสินะ...)
08-0214	talk	(That's gotta be him. He probably brings his girlfriend to complete the disguise.)	(ต้องเป็นคนนี้แหละ คงพาแฟนมาด้วยเพื่อให้การ ปลอมตัวดูสมจริง)
08-0215	talk	You selling anything? I've gotta say, it's a convincing deception.	คุณขายอะไรอยู่หรือเปล่า ต้องบอกเลยว่าการปลอมตัวนี่ดูสมจริงดี
08-0216	talk	You're disguised as a couple?	ปลอมตัวเป็นคู่รักเหรอ?
08-0217	talk	Uh, maybe not. My bad.	เอ่อ คงไม่ใช่มั้ง ขอโทษที
08-0218	talk	(It's probably this guy. He's got the vibe.)	(น่าจะเป็นคนนี้แหละ ดูมีลับลมคมในดี)
08-0219	talk	You're the gun guy, right?	คุณคือคนขายปืนใช่ไหม
08-0220	talk	Oh, did I make a mistake?	เอ๊ะ ผมเข้าใจผิดรึเปล่านะ?
08-0221	talk	(That was close. Maybe I should try to find a guy with a red scarf.)	(หวุดหวิดไปหน่อย ลองหาคนที่มีผ้าพันคอสีแดงจริงๆ ดีกว่า)
08-0222	talk	I-It's none of your business! Are you gonna sell me one or not?	ไ-ไม่ใช่เรื่องของนายซะหน่อย! จะขายให้ฉันหรือเปล่าล่ะ?
08-0223	talk	Bullets are 10k a pop. You buyin'?	กระสุนนัดละหมื่นเยน จะซื้อไหมล่ะ?
08-0224	talk	I-I'll take a pair of the Chinese made and a single bullet. I'll pay cash.	ฉ-ฉันจะเอาปืนจีนสองกระบอกกับ กระสุนหนึ่งนัด จ่ายเงินสดเลย
08-0225	talk	Thanks for your business.	ขอบใจที่อุดหนุนนะ
08-0226	talk	Heh heh... I can see the blood draining from their faces already...	เฮอะ เฮอะ... เห็นหน้าซีดเผือดของพวกนั้นอยู่แล้วสิ...
08-0227	talk	What about you? You're in the market too, right?	แล้วนายล่ะ มาซื้อของเหมือนกันใช่ไหม?
08-0228	talk	Yeah? Suit yourself.	งั้นเหรอ ตามใจนายแล้วกัน
08-0229	talk	(But maybe if I follow this guy, he'll lead me back to his stash.)	(แต่ถ้าตามคนนี้ไป เขาอาจพาผมไปถึงคลังสินค้าของเขาก็ได้)
08-0230	talk	(I don't see him anywhere...)	(ไม่เห็นเขาที่ไหนเลย...)
08-0231	talk	(Crap! I lost him!)	(แย่แล้ว! ทำเขาหลุดไปซะแล้ว!)
08-0232	talk	(Is that him?)	(นั่นเขาใช่ไหมนะ?)
08-0233	talk	(Nah, not the guy. Doesn't match the profile.)	(ไม่ใช่ ไม่ตรงกับลักษณะเลย)
08-0234	talk	N-No, I haven't.	ไ-ไม่นะ ไม่เคยได้ยินเลย
08-0235	talk	Hey, now's not a good time, okay? Why don't you clear out? It's for your own good.	นี่ ตอนนี้ไม่ใช่เวลาที่เหมาะนะ ไปเถอะ เพื่อตัวเองด้วย
08-0236	talk	Eek!	กรี๊ด!
08-0237	talk	Ever heard the one about wielding scissors and fools with extreme caution?	เคยได้ยินสำนวนเรื่องถือกรรไกร กับคนโง่ต้องใช้ ความระมัดระวังสูงสุดไหม
08-0238	talk	You know what, forget it. I don't have time for this level of stupidity. Let's get this over with.	เอาเถอะ ช่างมันเถอะ ผมไม่มีเวลามาเสียกับความโง่ ระดับนี้หรอก จบๆ กันไปดีกว่า
08-0239	talk	Tashiro-kun...	ทาชิโระคุง...
08-0240	talk	Hey, you guys have a sec?	นี่ พวกคุณมีเวลาสักครู่ไหม
08-0241	talk	Y-Yagami-san. Everything okay?	ย-ยากามิซัง เป็นอะไรไหม
08-0242	talk	Yeah, I'm fine. But there's a problem. I think the Keihin Gang base might be right below us.	ใช่ ผมไม่เป็นไร แต่มีปัญหาอยู่ ผมคิดว่าฐานของแก๊งเคฮินอาจอยู่ ใต้เราตรงนี้เลย
08-0243	talk	You guys use these sewers too, right? Have you seen anything suspicious?	พวกคุณก็ใช้ท่อระบายน้ำพวกนี้ เหมือนกันใช่ไหม เห็นอะไรน่าสงสัยบ้างไหม
08-0244	talk	I'm sorry... But even if I knew, I couldn't tell you.	ขอโทษด้วยนะ... แต่ถึงจะรู้ก็คงบอกไม่ได้อยู่ดี
08-0245	talk	Wait... You were acting a little off earlier too... Are you being threatened?	เดี๋ยวนะ... เมื่อกี้ก็ท่าทางแปลกๆ ไปหน่อย... มีใครมาข่มขู่อยู่รึเปล่า?
08-0246	talk	Yagami-san... I wish I could help, but I can't. I'm sorry.	ยากามิซัง... อยากช่วยได้จริงๆ แต่ทำไม่ได้ ขอโทษด้วยนะ
08-0247	talk	All right. I get it.	โอเค เข้าใจแล้ว
08-0248	talk	If it'll help, take this with you.	ถ้าพอช่วยได้ เอานี่ไปด้วยเถอะ
08-0249	talk	Yeah, it's the least I can do, all things considered.	เออ อย่างน้อยก็ทำได้แค่นี้แหละ เมื่อคิดถึงทุกอย่างแล้ว
08-0250	talk	Thanks. Just watch. I'll have them out of here in no time.	ขอบใจนะ คอยดูเถอะ ผมจะจัดการไล่พวกมันออกไปในเวลาไม่นาน
08-0251	talk	...Ugh. Thank you, Yagami-san.	...โอ๊ย ขอบคุณนะ ยากามิซัง
08-0252	talk	Hm? What do you want?	หืม? อยากได้อะไร?
08-0253	talk	What're you talking about? But I'm getting a weird sensation here...	พูดเรื่องอะไรของคุณเนี่ย แต่รู้สึกแปลกๆ ตรงนี้จังเลย...
08-0254	talk	Huh? What do you want?	หา? มีอะไรเหรอ?
08-0255	talk	Say what now?	ว่าไงนะ?
08-0256	talk	You fucking with me, man?	มึงกำลังกวนตีนกูอยู่รึไง?
08-0257	talk	So you've got a friend this time, huh?	คราวนี้มีเพื่อนมาด้วยสินะ
08-0258	talk	Looks like I'll have to deal with you intruders. That's my job.	ดูท่าจะต้องจัดการพวกมึงที่บุกเข้ามา นั่นคืองานของกู
08-0259	talk	But if you think this is the end of the Keihin Gang, you're wrong!	แต่ถ้าคิดว่านี่คือจุดจบของ แก๊งเคฮินล่ะก็ คิดผิดถนัด!
08-0260	talk	(A mechanical door, huh...\nMaybe I can short-circuit it if I electrify this puddle.)	(ประตูกลไกเหรอเนี่ย...\nบางทีถ้าผมปล่อยกระแสไฟลงแอ่งน้ำนี้ อาจจะลัดวงจรมันได้)
08-0261	talk	(It's discharging electricity.\nThat could... really hurt.)	(มันกำลังปล่อยกระแสไฟฟ้าอยู่\nนั่นคง... เจ็บน่าดูเลย)
08-0262	talk	(I have to help Sugiura!)	(ผมต้องไปช่วยซุกิอุระ!)
08-0263	talk	(Shono's lab must be somewhere inside\nthis abandoned building. I have to find it.)	(แล็บของโชโนะต้องอยู่ที่ไหนสักแห่ง\nในตึกร้างนี้แน่ๆ ผมต้องหามันให้เจอ)
08-0264	talk	(I don't have time to turn back.\nGotta push forward.)	(ผมไม่มีเวลาถอยหลังแล้ว\nต้องลุยต่อไปข้างหน้า)
08-0265	talk	Man, I got absolutely destroyed last time. As did my liver. So I've been drinking my ass off since... Builds tolerance.	โอ๊ย รอบก่อนโดนเละเลย ตับก็โดนไปด้วย เลยดื่มหนักมาตลอดตั้งแต่นั้น... สร้างภูมิต้านทานไง
08-0266	talk	Don't think I'll go down easy like last time, all right?	อย่าคิดว่าผมจะแพ้ง่ายๆ เหมือนรอบก่อนนะ
08-0267	talk	You really want your free drinks that bad, huh? Maybe you should trick someone else for a change.	อยากได้เหล้าฟรีขนาดนั้นเลยเหรอ ลองไปหลอกคนอื่นดูบ้างสิ
08-0268	talk	Would if I could, but word about me's already spread throughout this entire area.	จะทำแบบนั้นก็อยากทำอยู่ แต่ข่าวเรื่องผมมันแพร่ไปทั่ว ย่านนี้หมดแล้ว
08-0269	talk	The moment anyone hears about the drinking champ of the Champion District, they freeze up like deer in the headlights!	แค่ได้ยินชื่อแชมป์นักดื่มแห่ง ย่านแชมเปี้ยน ทุกคนก็แข็งค้างเหมือนโดนไฟส่อง หน้าเลยล่ะ!
08-0270	talk	Now let's get down to business! Loser treats the winner, as you may already know.	เอาล่ะ เข้าเรื่องกันเลยดีกว่า! คนแพ้ต้องเลี้ยงคนชนะ อย่างที่คุณอาจจะรู้อยู่แล้ว
08-0271	talk	I see. Well, you know where to find me... Come back when you think you can drink!	งั้นเหรอ ก็รู้อยู่แล้วว่าจะหาผมเจอที่ไหน... กลับมาใหม่ตอนที่คิดว่าดื่มไหวแล้วนะ!
08-0272	talk	Well, look who it is. You feel like having a drink now? Remember, loser treats the winner. Those're the rules.	โอ้โห นี่ใครกันเนี่ย อยากดื่มสักหน่อยไหมตอนนี้? อย่าลืมนะ คนแพ้เลี้ยงคนชนะ นั่นคือกฎ
08-0273	talk	Now you're talkin'! Then let's get our drink on!	นั่นแหละที่ผมอยากได้ยิน! งั้นมาดื่มกันเลย!
08-0274	talk	More like freeloading champ of the Champion District...	จะว่าไปก็เหมือนแชมป์ขอกินฟรี แห่งย่านแชมเปี้ยนมากกว่า...
08-0275	talk	This... This is just the tip of the iceberg! It's drink or drown, Yagami! Bottoms up! 	นี่... นี่แค่น้ำจิ้มเท่านั้นเอง! จะดื่มหรือจะจม เลือกเอาเลย ยากามิ! ยกให้หมดแก้ว!
08-0276	talk	Nope. Not feeling it.	ไม่หรอก ยังไม่รู้สึกอะไรเลย
08-0277	talk	Still thirsty over here. Feels like I haven't had a drop to drink in weeks, am I right!? Keep 'em comin'!	ยังคอแห้งอยู่เลย รู้สึกเหมือนไม่ได้แตะเหล้าเลย มาเป็นอาทิตย์ ว่าไหม!? เอามาเรื่อยๆ เลย!
08-0278	talk	I guess I could drink for a bit.	คงดื่มได้สักหน่อยแหละ
08-0279	talk	Man, you are handlin' your <font_kind=yakuza_italic>business</font_kind> over there! Me, I'm doin' just fine!	โอ้โห คุณจัดการ<font_kind=yakuza_italic>เรื่องนั้น</font_kind>ได้ดีเลยนะ! ส่วนผมก็ยังสบายดีอยู่!
08-0280	talk	Ngh... No siree. I'm done. Throwin' in the towel here.	อึก... ไม่ไหวแล้วล่ะ พอแล้ว ยอมแพ้ดีกว่า
08-0281	talk	Damn... I can't believe I ended up losin' twice.	บ้าเอ๊ย... ไม่อยากเชื่อเลยว่าจะแพ้สองครั้งติด
08-0282	talk	You know... just seeing that face of yours makes me depressed. Y'oughta buy me a drink regardless of who wins.	รู้ไหม... แค่เห็นหน้าคุณก็ทำผมหดหู่แล้ว น่าจะเลี้ยงเหล้าผมสักแก้วไม่ ว่าใครจะชนะก็เถอะ
08-0283	talk	You can't just decide that on your own...	จะมาตัดสินใจเองแบบนั้นไม่ได้นะ...
08-0284	talk	As always, whoever gets too sauced gets slapped with today's bill. Whaddya say?	เหมือนเดิม ใครเมาก่อนต้องรับบิลวันนี้ไป ว่าไงล่ะ?
08-0285	talk	Ah, look who it is. You feel like havin' a drink now? Remember, loser buys for the winner. Those're the rules.	อ้าว นี่ใครกันเนี่ย อยากดื่มสักหน่อยไหมตอนนี้? อย่าลืมนะ คนแพ้เลี้ยงคนชนะ นั่นคือกฎ
08-0286	talk	Whoo, that's refreshin'! I really needed that. Did you feel anything? Not yet, right? 'Cause we're just gettin' started!	โอ้โห สดชื่นสุดๆ! ต้องการแบบนี้อยู่พอดี รู้สึกอะไรบ้างหรือยัง? ยังใช่ไหม? เพราะเราเพิ่งจะเริ่มกันเองนะ!
08-0287	talk	You still good? Of course you are! Keep 'em coming, then!	ยังไหวอยู่ไหม? ไหวอยู่แล้วสิ! งั้นเอามาเรื่อยๆ เลย!
08-0288	talk	That's funny. I actually feel less drunk than when I started. How 'bout you, Yagami? You're lookin' pretty red.	แปลกดีนะ ผมรู้สึกเมาน้อยลงกว่าตอนเริ่มอีก แล้วคุณล่ะ ยากามิ หน้าแดงเชียวนะ
08-0289	talk	Oh... Still goin', huh? Why don't we... order some more...	โอ้... ยังไปต่อไหวสินะ งั้นสั่งเพิ่มอีก... สักหน่อยดีไหม...
08-0290	talk	Y-You... can sill... I mean still... keep drinkin'?	คุ-คุณ... ยังดี๊ด... เอ๊ย ยังดื่ม... ต่อไหวอีกเหรอ?
08-0291	talk	All right. I guess I have time for a few drinks.	ก็ได้ คงพอมีเวลาดื่มอีกสักหน่อย
08-0292	talk	Grah! I still can't believe I got outdrinken... outdrank... outdrunk? Whatever! I can't believe I lost to you again!	แหะ! ยังไม่อยากเชื่อเลยว่าจะโดนดื่มเอาชนะ... เอ๊ย โดนเอาชนะดื่ม... โดนดื่มแซง? ช่างเถอะ! ไม่อยากเชื่อว่าจะแพ้คุณอีกแล้ว!
08-0293	talk	...Yagami, my man, it pains me to admit it, but you're the first person to ever drink me under the table.	...ยากามิ พี่ชาย ผมเจ็บใจที่ต้องยอมรับ แต่คุณคือคนแรกที่ดื่มเอาชนะผม ได้จริงๆ
08-0294	talk	Good thing the loser doesn't literally get slapped with the bill. You know, 'cause that might hurt.	โชคดีที่คนแพ้ไม่ได้โดนบิลตบหน้าจริงๆ นะ เพราะแบบนั้นมันคงเจ็บ
08-0295	talk	As a testament to your strength... consider me your new ally.	เพื่อเป็นสักขีพยานความ แข็งแกร่งของคุณ... ถือว่าผมเป็นพันธมิตรใหม่ของคุณ แล้วกัน
08-0296	talk	Come again?	ว่าไงนะ?
08-0297	talk	I hear a lot of rumors while I sit here drinkin' my ass off, y'know. Aren't you bein' targeted by the Keihin Gang?	ผมได้ยินข่าวลือเยอะแยะเลยตอน นั่งดื่มหนักอยู่แถวนี้ คุณกำลังโดนแก๊งเคฮินเล็งอยู่ ไม่ใช่เหรอ?
08-0298	talk	Oh... I guess that's cool. Thanks.	อ้อ... ก็เจ๋งดีนะ ขอบใจ
08-0299	talk	Well I can't just sit here while a bunch of lowlife punks are messin' with my ally! From now on, I'm gonna step in and help!	ผมนั่งเฉยไม่ได้หรอกในเมื่อไอ้พวกเลวๆ กำลังยุ่งกับพันธมิตรของผม! ตั้งแต่นี้ผมจะเข้ามาช่วยด้วย!
08-0300	talk	Then I'll see you on the battlefield!	งั้นแล้วเจอกันในสนามรบนะ!
08-0301	talk	Heh heh heh. Looks like it's your turn to get the drinks!	เฮอะ เฮอะ เฮอะ ดูเหมือนตาคุณแล้วที่ต้องเลี้ยงเหล้า!
08-0302	talk	What the...! What are <font_kind=yakuza_italic>you</font_kind> doing here!?	อะไรเนี่ย...! <font_kind=yakuza_italic>นาย</font_kind>มาทำอะไรที่นี่!?
08-0303	talk	What, no cane this time? Well, you're gonna be walking away with <font_kind=yakuza_italic>crutches</font_kind>!	อ้าว รอบนี้ไม่มีไม้เท้าเหรอ? งั้นคราวนี้เดินกลับไปด้วย<font_kind=yakuza_italic>ไม้ค้ำยัน</font_kind> แทนก็แล้วกัน!
08-0304	talk	Cane? Crutches? The heck...?	ไม้เท้า? ไม้ค้ำยัน? อะไรของแก...?
08-0305	talk	You must be Yagami! The one my little brother's been harping on about!	มึงต้องเป็นยากามิแน่ๆ! คนที่น้องชายกูบ่นถึงไม่หยุดเลยนี่นา!
08-0306	talk	...Little brother?	...น้องชายเหรอ?
08-0307	talk	Yeah! I'm Ryo Suzaki. And the guy you fought at the Soleil Building?	ใช่! ผมคือเรียว สึซากิ ส่วนคนที่คุณสู้ด้วยที่ ตึกโซเลย์น่ะเหรอ?
08-0308	talk	He's my twin brother! Though, I'm not a yakuza like him.	เขาเป็นพี่น้องฝาแฝดของผมเอง! แต่ผมไม่ได้เป็นยากูซ่าเหมือน เขาหรอกนะ
08-0309	talk	Ohhh... So that's what's going on. You almost had me for a minute there...	อ๋อ... เรื่องเป็นแบบนี้นี่เอง เกือบหลอกผมได้อยู่แล้วนะเนี่ย...
08-0310	talk	So, he even started copying my outfit? Hah... doesn't surprise me.	แล้วเขาถึงกับเลียนแบบชุดผมด้วยเหรอ? ฮ่า... ไม่แปลกใจเลย
08-0311	talk	But dang, you guys look so alike. You even wear the same clothes.	แต่เอาจริงนะ คุณสองคนหน้าเหมือนกันมากเลย แถมยังใส่ชุดแบบเดียวกันอีก
08-0312	talk	So he looks up to you, huh? I'll assume you're a respectable citizen then?	งั้นเขามองคุณเป็นแบบอย่างสินะ ผมคงพอเดาได้ว่าคุณเป็นพลเมือง น่านับถือ?
08-0313	talk	He's always been trying to one-up me ever since we were kids, the little turd.	เขาพยายามเอาชนะผมมาตลอดตั้งแต่เด็กๆ ไอ้เด็กเวรนั่น
08-0314	talk	Yeah right. My idea of a good day is waking up and drinking till I'm sick, then drowning out my thoughts with more alcohol till sundown!	แหงล่ะ วันดีๆ ของผมคือตื่นมาแล้วดื่มจนคลื่นไส้ แล้วก็ดื่มกลบความคิดตัวเองไป จนถึงพระอาทิตย์ตก!
08-0315	talk	So you're saying you're an alcoholic.	หมายความว่าคุณเป็นคนติดเหล้าสินะ
08-0316	talk	Aw, "alcoholic" is such a harsh term... I'm more what you'd call a free spirit... Someone who consumes spirits freely!	โธ่ คำว่า "คนติดเหล้า" มันโหดร้ายไปหน่อยนะ... ผมเป็นคนใจอิสระมากกว่า... คนที่ดื่มด่ำกับชีวิตอย่างอิสระไงล่ะ!
08-0317	talk	Wow. Guess you both have changed a lot since you were kids.	ว้าว ดูเหมือนทั้งคู่เปลี่ยนไปเยอะ เลยนะตั้งแต่เด็กๆ
08-0318	talk	Sure 'nuff. Now I tell you what, Yagami-san, drinks are on me today. To make up for all the trouble my little brother caused you.	แน่นอนอยู่แล้ว เอาล่ะบอกให้นะ ยากามิซัง วันนี้ผมเลี้ยงเหล้าเอง เพื่อชดใช้ความวุ่นวายที่ น้องชายผมก่อไว้กับคุณ
08-0319	talk	Oh yeah. But on only one condition: you gotta outdrink me to earn it! Loser treats the winner. Those're the rules.	อ๋อใช่ แต่มีเงื่อนไขเดียวนะ คุณต้องดื่มเอาชนะผมให้ได้ก่อน ถึงจะได้! คนแพ้เลี้ยงคนชนะ นั่นคือกฎ
08-0320	talk	Heh. Did I scare you away? You're free to run along if you can't take the pressure.	เฮอะ ผมทำให้คุณกลัวจนหนีไปเหรอ? จะวิ่งหนีก็ได้นะถ้ารับแรงกดดันไม่ไหว
08-0321	talk	Well, look who it is. You feel like having a drink now? Remember, loser buys for the winner. Those're the rules.	โอ้โห นี่ใครกันเนี่ย อยากดื่มสักหน่อยไหมตอนนี้? อย่าลืมนะ คนแพ้เลี้ยงคนชนะ นั่นคือกฎ
08-0322	talk	...So that's how you've been weaseling free drinks out of people? Nice try, but I'm not falling for it.	...นี่คือวิธีที่คุณใช้หลอกขอเหล้า ฟรีจากคนอื่นสินะ พยายามดีนะ แต่ผมไม่ตายใจง่ายๆ หรอก
08-0323	talk	Nope. Not even feeling it.	ไม่หรอก ยังไม่รู้สึกอะไรเลยสักนิด
08-0324	talk	Well, well. Looks like you can hang after all. Good, 'cause I'm just getting warmed up!	โอ้โห ดูเหมือนคุณจะดื่มไหวจริงๆ ด้วย ดีเลย เพราะผมเพิ่งอุ่นเครื่องเองนะ!
08-0325	talk	You talk like you're a pretty heavy drinker... but then again, so am I. Ready to start when you are.	ฟังดูเหมือนคุณดื่มหนักเหมือนกันนะ... แต่ผมก็เหมือนกันแหละ พร้อมเริ่มได้เมื่อคุณพร้อม
08-0326	talk	Huh... You sure can handle your liquor. But can you handle another round?	หืม... คุณกินเหล้าเก่งจริงๆ นะ แต่จะไหวอีกยกไหมล่ะ?
08-0327	talk	Hah! I guess you really weren't all talk! Why don't we call it a day?	ฮ่า! เห็นทีคุณจะไม่ได้พูดเล่นๆ จริงๆ ด้วย งั้นพอแค่นี้ดีไหม?
08-0328	talk	Damn. Never thought I'd lose when it comes to drinkin' booze... I gotta rebuild myself from scotch... er, scratch.	บ้าเอ๊ย ไม่คิดเลยว่าจะแพ้เรื่องดื่มเหล้า... ต้องกลับไปเริ่มใหม่จากสก็อต... เอ๊ย จากศูนย์สิ
08-0329	talk	Hehe. Cheers to you, then.	เฮอะ งั้นก็ชนแก้วให้คุณเลย
08-0330	talk	Guess today's drinks are on my dime, eh? Those're the rules.	งั้นวันนี้ผมต้องจ่ายค่าเหล้าเองสินะ นั่นคือกฎนี่นา
08-0331	talk	Agh... That's it. I'm wasted right now.	อุ๊ย... พอแล้ว ตอนนี้ผมเมาหนักเลย
08-0332	talk	What the hell was that? You were babysitting your drink the whole time!	อะไรกันเนี่ย? คุณแค่ถือแก้วเล่นอยู่ตลอดเวลาเลยนี่!
08-0333	talk	...Bleahh.	...เอือก
08-0334	talk	I guess the bill's on you today. Don't worry, you can leave the cash with me.	งั้นวันนี้คุณต้องจ่ายบิลแล้วล่ะ ไม่ต้องห่วง ฝากเงินไว้กับผมได้เลย
08-0335	talk	Yo. Yagami. You better stick around till the end today.	เฮ้ ยากามิ วันนี้อยู่จนจบเลยนะ
08-0336	talk	...Now let's get to drinkin'!	...เอาล่ะ มาดื่มกันเลย!
08-0337	talk	Guess drinks are on your dime today. "Those're the rules," right?	งั้นวันนี้คุณต้องจ่ายค่าเหล้าเองสินะ "นั่นคือกฎ" ใช่ไหมล่ะ?
08-0338	talk	Yeah, I suppose. After all, a man's word is his bond. But let it be known I'll get that free drink outta you someday!	ใช่ ก็คงงั้นแหละ ยังไงคำพูดของลูกผู้ชายก็คือ คำมั่นสัญญา แต่ขอบอกไว้เลยว่าสักวันผมจะได้ เหล้าฟรีจากคุณให้ได้!
08-0339	talk	Shoot... That's it for me.	แย่แล้ว... พอแค่นี้แหละสำหรับผม
08-0340	talk	Heh heh heh. Looks like the tab's on you, buddy!	เฮอะ เฮอะ เฮอะ ดูเหมือนบิลนี้เป็นของคุณแล้วนะเพื่อน!
08-0341	talk	You know I'm always here drinkin' the day away, so come back and challenge me again sometime.	รู้ใช่ไหมว่าผมอยู่ที่นี่ดื่มไปวันๆ ตลอด กลับมาท้าดวลกันใหม่สักวันนะ
08-0342	talk	Yo, Yagami. You better be able to hang this time around.	เฮ้ ยากามิ รอบนี้ต้องดื่มไหวกว่านี้หน่อยนะ
08-0343	talk	(Huh. From the bar to the battlefield, this guy just keeps on boozing. What a strange ally I've gained.)	(นี่แหละ จากบาร์ไปถึงสนามรบ เขาก็ยังดื่มไม่หยุดอยู่ดี พันธมิตรแปลกๆ ที่ผมได้มาจริงๆ)
08-0344	talk	I got myself another free drink today, thanks to you. Let's do this again, Yagami.	วันนี้ได้เหล้าฟรีอีกแก้วแล้ว ต้องขอบใจคุณเลย มาทำแบบนี้กันอีกนะ ยากามิ
08-0345	talk	Sorry, I'm a little strapped for cash right now.	ขอโทษที ตอนนี้ผมเงินฝืดนิดหน่อย
08-0346	talk	What gives? I thought you were supposed to be a working member of society.	อะไรกันเนี่ย? นึกว่าคุณเป็นสมาชิกสังคม ที่ทำงานหาเลี้ยงตัวเองซะอีก
08-0347	talk	I don't want to hear that from someone who doesn't even have a job. I'll be back.	ไม่อยากได้ยินคำนี้จากคน ที่ไม่มีงานทำเลยหรอกนะ เดี๋ยวผมมาใหม่
08-0348	talk	You'd better buy me a drink next time, then. Later!	งั้นครั้งหน้าเลี้ยงเหล้าผมด้วยล่ะ แล้วเจอกัน!
08-0349	talk	(Darts is 200 yen per play... Should I play?)	(เล่นปาเป้าครั้งละ 200 เยน... ควรเล่นดีไหมนะ)
08-0350	talk	(Nah, maybe not.)	(ไม่เอาดีกว่า)
08-0351	talk	(I'm too poor for even one go... This is rough.)	(จนขนาดเล่นสักตาก็ยังไม่ไหวเลย... นี่มันโหดร้ายจริงๆ)
08-0352	talk	Oh god. What do I do, what do I do... WHAT DO I DO!? Perhaps I should just leave this mortal shell behind!	โอ้พระเจ้า จะทำยังไงดี จะทำยังไงดี... จะทำยังไงดีล่ะ!? บางทีผมควรทิ้งร่างกายอันไร้ค่า นี้ไปซะเลยดีกว่า!
08-0353	talk	(Whoa... What's he trying to pull here?)	(โห... เขาจะทำอะไรของเขาเนี่ย?)
08-0354	talk	This is the only solution I have left! Getting hit by a car isn't the cleanest way out, but it's all I can think of at this point!	นี่คือทางออกเดียวที่ผมเหลืออยู่แล้ว! การโดนรถชนอาจไม่ใช่วิธีที่ สะอาดที่สุด แต่ตอนนี้ผมคิดอะไรไม่ออกอีกแล้ว!
08-0355	talk	Hey! Stop! What do you think you're doing!?	เฮ้! หยุดนะ! คิดจะทำอะไรน่ะ!?
08-0356	talk	Just let me eat pavement, okay!? I've already accepted becoming one with the universe, so bug off!	ปล่อยให้ผมกระโจนใส่ถนนเถอะนะ!? ผมยอมรับแล้วว่าจะกลาย เป็นหนึ่งเดียวกับจักรวาล ดังนั้นไปให้พ้น!
08-0357	talk	Get a hold of yourself, man!	ตั้งสติหน่อยสิ!
08-0358	talk	...Well? Now that you've calmed down a bit, mind telling me why you were so eager to turn yourself into roadkill?	...แล้วไงล่ะ ตอนนี้ใจเย็นลงหน่อยแล้ว บอกผมได้ไหมว่าทำไมถึงอยากเป็น ซากบนถนนขนาดนั้น?
08-0359	talk	*sigh* It... It all started with the company I work at.\nG.A. Labs.	*ถอนหายใจ* มัน... มันเริ่มมาจากบริษัทที่ผมทำงานอยู่\nจีเอ แล็บส์
08-0360	talk	G.A. Labs?	จีเอ แล็บส์เหรอ?
08-0361	talk	It's an IT company. We released a really popular app two years ago that's been blowing up ever since.	เป็นบริษัทไอที เราปล่อยแอปที่ดังมากเมื่อสองปีก่อน แล้วก็ฮิตต่อเนื่องมาตลอด
08-0362	talk	Since we rose to the top of the market, we've decided to build our own corporate office. And they put me in charge.	พอเราขึ้นเป็นเบอร์หนึ่งในตลาด เราก็ตัดสินใจสร้างสำนักงานของตัวเอง แล้วเขาก็ให้ผมรับผิดชอบเรื่องนี้
08-0363	talk	That's something to be proud of.	ก็เป็นเรื่องน่าภูมิใจอยู่นะ
08-0364	talk	It would be, if I hadn't miscalculated the budget. Because of my incompetence, we ended up short on construction funds.	มันน่าจะเป็นแบบนั้นถ้าผมไม่ คำนวณงบผิดพลาด เพราะความไร้ความสามารถของผม เราเลยขาดเงินก่อสร้างไป
08-0365	talk	Ouch.	โอ๊ย
08-0366	talk	I'm pretty sure I'll be fired once the president finds out. Before that happens... I'll be resting in the afterlife!	ผมมั่นใจว่าต้องโดนไล่ออกแน่ๆ ถ้าท่านประธานรู้เรื่องนี้ ก่อนที่มันจะเกิดขึ้น... ผมขอไปพักผ่อนในโลกหลังความตายดีกว่า!
08-0367	talk	Can you not think like that? I mean, it all just comes down to money, right?	อย่าคิดแบบนั้นได้ไหม พูดง่ายๆ มันก็แค่เรื่องเงินใช่ไหมล่ะ?
08-0368	talk	...Yes. But how am I supposed to gather that money!?	...ใช่ แต่ผมจะไปหาเงินก้อนนั้นมาจากไหนล่ะ!?
08-0369	talk	Ever heard of an app called Quickstarter? Why don't you start a fundraiser on there?	เคยได้ยินแอปที่ชื่อ Quickstarter ไหม ลองระดมทุนผ่านแอปนั้นดูสิ
08-0370	talk	Wait, what is that?	เดี๋ยวนะ นั่นมันคืออะไร?
08-0371	talk	It's a crowdfunding platform. One of the latest trends.	มันคือแพลตฟอร์มระดมทุน เทรนด์ล่าสุดเลยตอนนี้
08-0372	talk	You mean like... a public donation project? That... may just work!	หมายความว่า... โครงการรับบริจาคจากสาธารณะเหรอ? นั่น... อาจได้ผลจริงๆ ก็ได้!
08-0373	talk	Good. Now don't go doing anything reckless again, okay?	ดี ทีนี้อย่าทำอะไรบุ่มบ่ามอีกนะ
08-0374	talk	Okay! I definitely won't... Er, what's your name?	โอเค! ผมจะไม่ทำแน่นอน... เอ่อ แล้วคุณชื่ออะไรเหรอ?
08-0375	talk	I'm Takayuki Yagami.	ผมชื่อทาคายูกิ ยากามิ
08-0376	talk	Yagami-san, I am forever in your debt! You're a miracle worker!	ยากามิซัง ผมติดหนี้บุญคุณคุณไปตลอดกาลเลย! คุณนี่มันสุดยอดจริงๆ!
08-0377	talk	(...Sheesh. What a melodramatic guy.)	(...โธ่ ดราม่าอะไรขนาดนั้น)
08-0378	talk	(Maybe I'll donate every now and then to help his project along.)	(บางทีผมอาจจะบริจาคให้บ้าง เป็นครั้งคราวเพื่อช่วย โปรเจกต์ของเขาก็ได้)
08-0379	talk	Oh! Yagami-san! Thank you for helping me out that one time.	โอ้! ยากามิซัง! ขอบคุณมากที่ช่วยผมไว้ในตอนนั้นนะครับ
08-0380	talk	Oh yeah. How's that going, anyway?	อ๋อใช่ แล้วเรื่องนั้นเป็นยังไงบ้างล่ะ?
08-0381	talk	Great! I started up a Quickstarter campaign, and I managed to reach my first donation milestone!	เยี่ยมเลยครับ! ผมเปิดแคมเปญ Quickstarter แล้วก็ไปถึงเป้าหมายการระดมทุน รอบแรกได้แล้ว!
08-0382	talk	If you look over there in the distance, you may notice that construction is already happening as we speak!	ถ้าคุณมองไปทางโน้นไกลๆ จะเห็นว่าตอนนี้งานก่อสร้าง เริ่มขึ้นแล้วนะครับ!
08-0383	talk	Wow! So far, so good.	โห! ดูท่าจะไปได้สวยนี่
08-0384	talk	I noticed your donation too, Yagami-san! Honestly, I cannot thank you enough...	ผมเห็นเงินบริจาคของคุณด้วยนะครับ ยากามิซัง! พูดตรงๆ ผมขอบคุณคุณไม่หวาดไม่ไหวเลยจริงๆ...
08-0385	talk	For a while, I thought that nothing would ever go right for me again. But you changed all that. You... touched my life.	มีช่วงหนึ่งผมคิดว่าชีวิตนี้คง ไม่มีอะไรดีขึ้นอีกแล้ว แต่คุณเปลี่ยนทุกอย่างนั้น คุณ... เปลี่ยนชีวิตผมเลยครับ
08-0386	talk	Not sure if I'd put it like that...	ผมว่าไม่ถึงขนาดนั้นหรอกมั้ง...
08-0387	talk	Anyway, I do still need to keep on gathering funds. It is a 50-story building, after all.	ยังไงก็เถอะ ผมก็ยังต้องระดมทุนต่อไปเรื่อยๆ ครับ เพราะมันคือตึก 50 ชั้นนะ
08-0388	talk	50 floors!? Goddamn!	50 ชั้นเลยเหรอ!? บ้าไปแล้ว!
08-0389	talk	Slow and steady wins the race, I suppose. We're gathering donations little by little, so please contribute if you can!	ช้าๆ ได้พร้าเล่มงามน่ะครับ ผมเก็บเงินบริจาคไปทีละนิดทีละหน่อย ถ้าช่วยได้ก็ขอความกรุณาด้วยนะครับ!
08-0390	talk	...Sure.	...ได้
08-0391	talk	(50 floors, though? What kind of estimate did he even make in the first place?)	(50 ชั้นเนี่ยนะ? เขาคำนวณแบบไหนกันตั้งแต่แรกวะ)
08-0392	talk	Hello there, Yagami-san!	สวัสดีครับ ยากามิซัง!
08-0393	talk	Hey, how's everything?	ไง เป็นไงบ้าง?
08-0394	talk	Actually, we managed to reach our second donation milestone! Would you look at that!	จริงๆ แล้วผมไปถึงเป้าระดมทุนรอบสอง แล้วนะครับ! ดูสิเนี่ย!
08-0395	talk	Wow... It's starting to look like a real corporate office.	โห... เริ่มดูเป็นตึกสำนักงานจริงจัง แล้วนะเนี่ย
08-0396	talk	It's all thanks to you and your excellent knowledge!	ทั้งหมดนี้ต้องขอบคุณคุณกับ ความรู้เจ๋งๆ ของคุณเลยครับ!
08-0397	talk	No, it's thanks to the people that funded it.	เปล่า ต้องขอบคุณคนที่ลงเงินมาต่างหาก
08-0398	talk	Haha, true enough!	ฮ่าๆ ก็จริงนะครับ!
08-0399	talk	Oh, I know! Yagami-san, would you like to take a picture with that building in the background?	อ้อ ผมรู้แล้ว! ยากามิซัง อยากถ่ายรูปกับตึกหลังนั้นเป็น ฉากหลังไหมครับ?
08-0400	talk	Huh? What for?	หา? เพื่ออะไร?
08-0401	talk	It's not every day you get to see a building built by crowdfunding. I think that's pretty neat.	มันไม่ใช่ทุกวันที่จะได้เห็นตึก ที่สร้างจากเงินระดมทุนนะครับ ผมว่ามันเจ๋งดี
08-0402	talk	Do I really need to be in there?	จำเป็นต้องมีผมอยู่ในรูปด้วยเหรอ?
08-0403	talk	C'mon, just a single picture wouldn't hurt! Right?	น่า แค่รูปเดียวไม่เจ็บตัวหรอกครับ! จริงไหม?
08-0404	talk	Well, if you insist...	ก็ได้... ถ้ายืนยันขนาดนั้น
08-0405	talk	Hey, that turned out great! Feel free to share it with anyone and everyone.	เฮ้ รูปออกมาดีเลยครับ! เอาไปแชร์ให้ใครต่อใครได้ตามสบายเลยนะ
08-0406	talk	Well, all that's left to do now is keep moving forward! Rather, moving on up!	เอาล่ะ สิ่งที่เหลือตอนนี้ก็คือเดินหน้าต่อไป! หรือจะพูดว่าไต่ระดับขึ้นไปก็ได้ครับ!
08-0407	talk	Fifty floors is still a long way away, but I'm sure you'll make it eventually.	50 ชั้นยังอีกไกลอยู่นะ แต่ผมว่าคุณต้องไปถึงได้สักวัน
08-0408	talk	I know I will. You've been such a big help, Yagami-san. Again, I can't thank you enough!	ผมรู้ว่าต้องไปถึงแน่นอนครับ คุณช่วยผมไว้เยอะมาก ยากามิซัง ขอบคุณอีกครั้งจริงๆ นะครับ ขอบคุณไม่มีที่สิ้นสุดเลย!
08-0409	talk	Please come and visit us as soon as the building is done.	พอตึกสร้างเสร็จแล้วแวะมาเยี่ยม กันด้วยนะครับ
08-0410	talk	Sure. I'll be looking forward to that.	ได้เลย ผมรอวันนั้นอยู่
08-0411	talk	In the meantime, I'll be formulating better strategies to get the rest of the funds. I hope we meet again, Yagami-san!	ระหว่างนี้ผมจะคิดแผนที่ดีขึ้น เพื่อระดมทุนที่เหลือครับ หวังว่าจะได้เจอกันอีก ยากามิซัง!
08-0412	talk	...In this life, of course!	...ในชาตินี้แน่นอนครับ!
08-0413	talk	I'm sure we will.	คงได้เจอกันแน่
08-0414	talk	(Seems like he's doing a lot better than back when we first met. Good for him.)	(ดูท่าเขาจะดีขึ้นเยอะเลยนะ เมื่อเทียบกับตอนที่เจอกันครั้งแรก ดีใจด้วยนะ)
08-0415	talk	(Though I never would've guessed his fundraiser would take off so fast... Maybe I should start one for my rent!)	(แต่ไม่คิดเลยว่าแคมเปญระดมทุน ของเขาจะปังขนาดนี้... เอ๊ะ หรือผมควรเปิดแคมเปญระดมค่าเช่า ห้องของตัวเองบ้างดี!)
08-0416	talk	(I think the drone went down this way...)	(โดรนน่าจะตกลงมาทางนี้แหละ...)
08-0417	talk	Eh? Whoa, whoa, whoa!	เอ๊ะ? โว้ว โว้ว โว้ว!
08-0418	talk	Ouch... What gives...?	โอ๊ย... อะไรกันเนี่ย...?
08-0419	talk	S-So sorry!	ข-ขอโทษจริงๆ ครับ!
08-0420	talk	*huff* *huff* A-Are you all right? Are you hurt?	*หอบ* *หอบ* ค-คุณโอเคไหม? เจ็บตรงไหนหรือเปล่า?
08-0421	talk	Yeah, I'm fine, I guess.	อือ คงไม่เป็นไรมั้ง
08-0422	talk	O-Oh, what a relief.	อ๋อ โล่งอกไปที
08-0423	talk	Hmm, but I guess my customization was all wrong. I need to put more of a focus on speed...	อืม แต่การปรับแต่งของผมคงผิดหมดเลย ต้องเน้นความเร็วให้มากกว่านี้...
08-0424	talk	(Now what's he babbling about?)	(นี่มันพูดเรื่องอะไรของมันวะ)
08-0425	talk	I don't think speed is the point, man. You need to be careful when you're flying drones in a crowded city.	ผมว่าประเด็นมันไม่ใช่ความเร็วหรอกนะ คุณต้องระวังหน่อยเวลาบินโดรนใน เมืองที่คนพลุกพล่านแบบนี้
08-0426	talk	O-Oh, yes, you're right! Sorry, this little guy goes pretty wild sometimes. Haha.	อ๋อ ใช่ คุณพูดถูกครับ! ขอโทษที ไอ้ตัวนี้บางทีมันก็บ้าพลังไปหน่อย ฮ่าๆ
08-0427	talk	It's not funny, if you ask me. I'd say you're just a bad pilot.	ผมว่ามันไม่ตลกเลยนะ ผมว่าคุณแค่บังคับไม่เก่งเองมากกว่า
08-0428	talk	Ugh, can't argue with you there...	อุ๊ย เถียงไม่ออกเลย...
08-0429	talk	B-But flying drones is pretty hard, you know?	แ-แต่บินโดรนมันยากนะรู้ไหม?
08-0430	talk	I know, I have one myself.	รู้สิ ผมเองก็มีตัวหนึ่ง
08-0431	talk	Oh, you do!? That makes us rivals, then!	โห มีด้วยเหรอ!? งั้นเราก็เป็นคู่แข่งกันสิเนี่ย!
08-0432	talk	Excuse me? Rivals?	ว่าไงนะ? คู่แข่ง?
08-0433	talk	Yeah, you're probably on your way to register now, aren't you?	ใช่ คุณกำลังจะไปสมัครแข่งอยู่ใช่ไหมล่ะ?
08-0434	talk	Uh, back it up. Register for what?	เดี๋ยวๆ ย้อนกลับไปหน่อย สมัครอะไร?
08-0435	talk	Wha!? How do you not know? The drone races, man!	หา!? ไม่รู้ได้ไงเนี่ย! ก็การแข่งโดรนไงล่ะ!
08-0436	talk	...There's a race?	...มีการแข่งด้วยเหรอ?
08-0437	talk	Sure is. It's today!	ใช่แล้ว แล้วก็จัดวันนี้ด้วย!
08-0438	talk	In fact, when my drone came at you, I was in the middle of a test flight!	จริงๆ ตอนที่โดรนผมพุ่งเข้าใส่คุณ ผมกำลังทดสอบบินอยู่พอดีเลย!
08-0439	talk	So I see. But is it even legal to fly that fast in the city?	อ๋อ เข้าใจละ แต่บินเร็วขนาดนั้นในเมืองมัน ถูกกฎหมายเหรอ?
08-0440	talk	Of course it is for a race! You've gotta go fast to win!	ถูกกฎหมายสิ ก็มันแข่งกันนี่! จะชนะได้ก็ต้องเร็วเข้าไว้!
08-0441	talk	In fact, the sign up area is just ahead! Why don't you enter?	จริงๆ จุดสมัครก็อยู่ข้างหน้านี่เอง! ลองสมัครดูไหมล่ะ?
08-0442	talk	Come on! Right over here! Get a move on!	มาเร็ว! ตรงนี้เลย! เร็วเข้า!
08-0443	talk	Hey...!	เฮ้ย...!
08-0444	talk	This is where you sign up!	ตรงนี้แหละที่ให้สมัคร!
08-0445	talk	Looks like you've got a pretty lively little community.	ดูท่าจะมีชุมชนเล็กๆ ที่คึกคักดีนะเนี่ย
08-0446	talk	Yeah, everyone's doing last minute mods for the race!	ใช่ ทุกคนกำลังปรับแต่งโดรน โค้งสุดท้ายก่อนแข่งกันอยู่!
08-0447	talk	Customs, huh?	แต่งเองเหรอ?
08-0448	talk	Yeah, tweaking it for maximum speed is the only way you're gonna win!	ใช่ ปรับให้เร็วที่สุดเป็นทางเดียว ที่จะชนะได้!
08-0449	talk	Hey, I know! Show me your drone!	เฮ้ ผมรู้แล้ว! ขอดูโดรนของคุณหน่อยสิ!
08-0450	talk	Hm? Okay...	หืม? ได้สิ...
08-0451	talk	Hmm, this could be a little rough, but...	อืม อันนี้อาจจะหยาบไปหน่อยนะ แต่...
08-0452	talk	I need to borrow your drone!	ขอยืมโดรนคุณแป๊บนึงนะ!
08-0453	talk	Fine, but, what are you planning on doing?	ได้ แต่คุณจะทำอะไรกับมัน?
08-0454	talk	Heh, don't worry. This'll make up for crashing into you earlier. Just this once.	เฮ่อ ไม่ต้องห่วงหรอก ถือว่าชดใช้เรื่องที่พุ่งชนคุณ ก่อนหน้านี้แล้วกัน แค่ครั้งนี้ครั้งเดียวนะ
08-0455	talk	There, you're good to go!	เอาล่ะ ใช้งานได้แล้ว!
08-0456	talk	What did you do?	คุณทำอะไรลงไป?
08-0457	talk	I modified it so it'd be faster!	ผมปรับแต่งให้มันเร็วขึ้นไงล่ะ!
08-0458	talk	You did? I don't see a difference.	จริงเหรอ? ผมไม่เห็นมันต่างจากเดิมเลย
08-0459	talk	I only modded the guts. But when you see it in the race, your jaw's gonna hit the floor.	ผมแค่แต่งข้างในน่ะ แต่พอเห็นมันในสนามแข่งเมื่อไหร่ คุณต้องอ้าปากค้างแน่
08-0460	talk	Really...?	จริงเหรอ...?
08-0461	talk	Just make sure not to fly too fast outside the race, okay?	แค่อย่าบินเร็วเกินไปนอกสนาม แข่งก็พอนะ โอเคไหม?
08-0462	talk	They've been cracking down on us because of a few bad apples.	พวกเขากวดขันหนักขึ้นก็เพราะมี พวกทำตัวไม่ดีไม่กี่คนนั่นแหละ
08-0463	talk	(How does a guy who crash landed right into my face give me a speed lecture?)	(ไอ้คนที่เพิ่งพุ่งชนหน้าผมยังจะ มาสอนเรื่องความเร็วให้ อีกเนี่ยนะ?)
08-0464	talk	Hm? What's going on over there?	หืม? ตรงนั้นมีอะไรกัน?
08-0465	talk	Oh, that's the drone lab.	อ๋อ นั่นแล็บโดรนน่ะ
08-0466	talk	...Lab?	...แล็บ?
08-0467	talk	To put it simply, they make drone parts.	พูดง่ายๆ ก็คือที่นั่นทำชิ้นส่วนโดรนน่ะ
08-0468	talk	If you're ever struggling with a race, you can hit them up to improve your machine.	ถ้าคุณแข่งแล้วไม่ค่อยไหว จะไปให้พวกเขาช่วยอัปเกรด เครื่องก็ได้นะ
08-0469	talk	(Ah, so the goal is to customize it yourself...)	(อ้อ งั้นเป้าหมายคือต้องแต่งเองสินะ...)
08-0470	talk	All right, I think that does it for me. Next time we meet, it'll be on the race track!	เอาล่ะ ผมว่าเท่านี้ก่อนแล้วกัน เจอกันครั้งหน้าที่สนามแข่งนะ!
08-0471	talk	Oh, I never gave you my name, did I? It's Makihara.	อ้อ ผมยังไม่ได้บอกชื่อเลยสินะ ผมชื่อมากิฮาระ
08-0472	talk	If you ever have any questions about drone racing, just let me know!	ถ้ามีคำถามอะไรเกี่ยวกับการแข่งโดรน บอกผมได้เลยนะ!
08-0473	talk	(...Drone racing, huh? Well, it does sound fun.)	(...แข่งโดรนเหรอ... ก็ฟังดูสนุกดีนะ)
08-0474	talk	Hey, who was she?	เฮ้ เมื่อกี้ใครน่ะ?
08-0475	talk	Oh, one of my regulars. She was asking about a customer who was trying to hit on her.	อ๋อ ลูกค้าประจำคนหนึ่งน่ะ เธอมาถามเรื่องลูกค้าคนหนึ่งที่ พยายามจีบเธอ
08-0476	talk	Hitting on her? What would she want with him?	จีบเหรอ? แล้วเธอจะเอาเรื่องอะไรกับเขา?
08-0477	talk	Apparently, the guy turned out to be a con artist. She said he tricked her into buying something really expensive.	เห็นว่าไอ้หมอนั่นดันเป็นนักต้มตุ๋น เธอบอกว่ามันหลอกให้เธอซื้อของแพงมาก
08-0478	talk	So she was trying to figure out if he came around here often, figure out where he works, all that.	เธอเลยพยายามหาว่ามันแวะเวียนมา ที่นี่บ่อยไหม ทำงานที่ไหน อะไรพวกนั้น
08-0479	talk	And I guess I should let her know if I ever see him again.	แล้วก็คงต้องบอกเธอด้วยถ้าเจอมันอีก
08-0480	talk	All kinds of cons in this town... Which type was he?	เมืองนี้มีมิจฉาชีพทุกแบบจริงๆ... แล้วไอ้นี่เป็นแบบไหน?
08-0481	talk	Apparently he's a real friendly, eloquent type who gets a woman comfy and then sells her on something worthless.	เห็นว่าเป็นประเภทปากหวานเป็นกันเอง ทำให้ผู้หญิงวางใจ แล้วก็ยัดเยียดของไร้ค่าให้ซื้อ
08-0482	talk	There's even a reward for him. What's his name...	ถึงขั้นมีค่าหัวเลยนะ ชื่ออะไรนะ...
08-0483	talk	Ah, I forgot. But I'll remember his face if I see it.	อ้อ ลืมไปแล้ว แต่ถ้าเจอหน้าฉันจำได้แน่
08-0484	talk	Hm. I could keep an eye out for him too if I knew what he looked like.	อืม ถ้ารู้ว่าหน้าตาเป็นยังไง ผมก็ช่วยสอดส่องให้ได้เหมือนกันนะ
08-0485	talk	Want me to send you a photo if I ever get my hands on one?	อยากให้ฉันส่งรูปให้ไหมล่ะ ถ้าได้รูปมันมาสักรูป?
08-0486	talk	Yeah, that'd be great.	เอาสิ ดีเลย
08-0487	talk	Oh, Yagami-kun! Good timing! It's terrible!	อ้าว ยากามิคุง! มาถูกจังหวะเลยค่ะ! แย่แล้ว!
08-0488	talk	What's wrong, Tomioka-san?	เกิดอะไรขึ้นครับ โทมิโอกะซัง?
08-0489	talk	I just called the police, but there's a man threatening to jump off the roof of the building!	ฉันเพิ่งโทรแจ้งตำรวจไป แต่มีผู้ชายคนหนึ่งขู่จะกระโดด จากดาดฟ้าตึกนี้ค่ะ!
08-0490	talk	If he jumps and dies, heaven forbid, the building will bear that stigma for years! Can you try to stop him?	ถ้าเขากระโดดแล้วตายขึ้นมาจริงๆ ตึกนี้จะแบกรับชื่อเสียงแย่ๆ ไปอีกหลายปีเลยนะคะ! ช่วยไปห้ามเขาหน่อยได้ไหม?
08-0491	talk	I-I can try!	ผ-ผมจะลองดูครับ!
08-0492	talk	Wh-Who are you!?	ค-คุณเป็นใครกันแน่!?
08-0493	talk	Just a tenant here in the building, man. You know it would hurt us all if you died here, right?	ก็แค่คนเช่าตึกนี้คนหนึ่งน่ะ รู้ไหมว่าถ้าคุณตายที่นี่มันจะ กระทบพวกเราทุกคน?
08-0494	talk	Then maybe you shouldn't have kept the roof unlocked!	งั้นก็ไม่ควรปล่อยให้ดาดฟ้าไม่ ล็อกไว้สิ!
08-0495	talk	You know there's lots of taller buildings around here, right? Why did you have to pick this one?	รู้ไหมว่าแถวนี้มีตึกสูงกว่านี้ เยอะแยะ ทำไมต้องเลือกตึกนี้ด้วยล่ะ?
08-0496	talk	Y-Yagami-kun! This is no time for jokes!	ย-ยากามิคุง! นี่ไม่ใช่เวลามาพูดเล่นนะคะ!
08-0497	talk	Um, right. I'm Yagami, a local detective. What's your name?	อ้อ ใช่สิ ผมยากามิ นักสืบแถวนี้ครับ คุณชื่ออะไร?
08-0498	talk	It's Sunada. Kenji Sunada. I'm a police officer.	ผมชื่อซุนาดะครับ เค็นจิ ซุนาดะ ผมเป็นตำรวจ
08-0499	talk	You're a cop and you're considering suicide?	เป็นตำรวจแต่จะฆ่าตัวตายเนี่ยนะ?
08-0500	talk	What's so wrong with that!? Even cops get depressed, you know!	มันผิดตรงไหน!? ตำรวจก็ซึมเศร้าเป็นเหมือนกันนะ!
08-0501	talk	That's true, that's true...	ก็จริงอยู่ จริงอยู่...
08-0502	talk	Sunada-san... Why would you want to kill yourself, anyway?	ซุนาดะซัง... ทำไมถึงอยากฆ่าตัวตายกันแน่ครับ?
08-0503	talk	I've been betrayed! Aoi betrayed me!	ผมถูกทรยศ! อาโออิทรยศผม!
08-0504	talk	Aoi? That your girlfriend or something?	อาโออิ? แฟนคุณเหรอ?
08-0505	talk	Yes! She cheated on me with another man!	ใช่! เธอนอกใจผมไปมีผู้ชายอื่น!
08-0506	talk	If she dumps me, I couldn't go on living!	ถ้าเธอทิ้งผมไป ผมอยู่ต่อไม่ไหวแน่!
08-0507	talk	(So this was all brought about by a relationship going sour...)	(สรุปทั้งหมดนี้มาจาก ความสัมพันธ์ที่พังนี่เอง...)
08-0508	talk	Well, are you <font_kind=yakuza_italic>sure</font_kind> Aoi-san is cheating on you?	แล้วคุณ<font_kind=yakuza_italic>แน่ใจ</font_kind> เหรอครับว่าอาโออิซังนอกใจคุณจริงๆ?
08-0509	talk	I'm sure! I smelled another man's hair products all over her!	แน่ใจสิ! ผมได้กลิ่นผลิตภัณฑ์แต่งผมของ ผู้ชายอื่นติดตัวเธอทั้งตัวเลย!
08-0510	talk	You smelled hair products and immediately jumped to the conclusion that she's cheating?	แค่ได้กลิ่นผลิตภัณฑ์แต่งผมก็ ด่วนสรุปว่าเธอนอกใจเลยเหรอ?
08-0511	talk	It was enough! She wouldn't answer me when I confronted her about it!	แค่นั้นก็พอแล้ว! พอผมถามตรงๆ เธอก็ไม่ยอมตอบผมด้วย!
08-0512	talk	Couldn't it be a misunderstanding, and she's upset that you accused her?	มันอาจจะเป็นความเข้าใจผิดก็ได้นะคะ แล้วเธอก็โกรธที่คุณกล่าวหาเธอ
08-0513	talk	Yeah, maybe she was on a crowded train...	ใช่ บางทีเธออาจจะไปเบียดกันมาบน รถไฟที่คนแน่นๆ...
08-0514	talk	Y-You think so?	จ-จริงเหรอครับ?
08-0515	talk	Yeah, it happens all the time.	ใช่ มันเกิดขึ้นได้บ่อยๆ
08-0516	talk	Besides, if you died over a misunderstanding, you'd never find happiness in the next life.	อีกอย่าง ถ้าคุณตายเพราะความเข้าใจผิด ชาติหน้าก็คงหาความสุขไม่เจอหรอกนะ
08-0517	talk	Th-Then...	ถ-ถ้างั้น...
08-0518	talk	You have to prove it!	คุณต้องพิสูจน์ให้ผมเห็น!
08-0519	talk	Huh? I do?	หา? ผมเหรอ?
08-0520	talk	Yeah! You're a detective, right!? And based on what you find, I'll decide whether I die or not!	ใช่! คุณเป็นนักสืบไม่ใช่เหรอ!? แล้วผมจะตัดสินใจว่าจะตาย หรือไม่ตายจากสิ่งที่คุณเจอ!
08-0521	talk	(Is this guy for real right now...?)	(ไอ้นี่จริงจังรึเปล่าเนี่ย...?)
08-0522	talk	He's got a point, Yagami-san. An infidelity case should be a normal day at the office for you, right?	เขาก็มีเหตุผลนะคะ ยากามิซัง คดีชู้สาวก็เป็นงานประจำของคุณ อยู่แล้วไม่ใช่เหรอ?
08-0523	talk	Y-Yeah, but... I'm pretty busy right now...	ใ-ใช่ครับ แต่... ตอนนี้ผมก็ค่อนข้างยุ่งอยู่นะ...
08-0524	talk	Then I'll just jump! I swear, I'll do it!	งั้นผมกระโดดเลยดีกว่า! สาบานได้ว่าผมทำจริง!
08-0525	talk	Come on. At this rate, he'll eventually work up the courage.	เอาน่า ปล่อยแบบนี้ไปเรื่อยๆ เดี๋ยวเขาก็รวบรวมความกล้าได้จริงๆ หรอกค่ะ
08-0526	talk	F-Fine.	ก-ก็ได้
08-0527	talk	I'll do it, Sunada-san. Where can I find your Aoi?	ผมจะช่วยครับ ซุนาดะซัง อาโออิของคุณอยู่ที่ไหน?
08-0528	talk	She works at Smile Burger on Nakamichi Street. She'll probably be there.	เธอทำงานที่สไมล์เบอร์เกอร์ ถนนนากามิจิ น่าจะอยู่ที่นั่นแหละ
08-0529	talk	What does she look like?	เธอหน้าตายังไง?
08-0530	talk	...Okay, I get it. I'll get started, then.	...โอเค เข้าใจแล้ว งั้นผมจะเริ่มลงมือเลย
08-0531	talk	But don't even think about jumping until I get back!	แต่อย่าได้คิดจะกระโดดจนกว่าผม จะกลับมานะ!
08-0532	talk	Fine! But I'm still going to jump if she's cheating on me!	ก็ได้! แต่ถ้าเธอนอกใจผมจริงๆ ผมกระโดดแน่!
08-0533	talk	(Is Aoi-san here? She should have short hair and glasses.)	(อาโออิซังอยู่แถวนี้ไหมนะ เป็นผู้หญิงผมสั้นใส่แว่นน่ะ)
08-0534	talk	(Is that her?)	(คนนั้นใช่ไหมนะ?)
08-0535	talk	Hey, Aoi-chan. I'm back.	เฮ้ อาโออิจัง กลับมาแล้วนะ
08-0536	talk	Oh, Fujinaga-san?	อ้าว ฟูจินางะซัง?
08-0537	talk	(Maybe that's a friend?)	(เพื่อนกันหรือเปล่านะ?)
08-0538	talk	Yeah, I was just in the area. What time are you off?	ใช่ ผมแค่แวะมาแถวนี้พอดี คุณเลิกงานกี่โมงเหรอ?
08-0539	talk	In a few minutes, actually.	อีกไม่กี่นาทีค่ะ
08-0540	talk	Ah, beautiful. Keep smiling, then.	โอ้ เยี่ยมเลย งั้นยิ้มสวยๆ แบบนี้ต่อไปนะ
08-0541	talk	(Her shift ends in a few minutes, huh? I can wait it out.)	(กะเธอจะหมดในอีกไม่กี่นาทีสินะ รอได้)
08-0542	talk	Hey, Aoi-chan!	เฮ้ อาโออิจัง!
08-0543	talk	I thought maybe you'd have some time after you got off. Wanna grab a drink?	ผมคิดว่าคุณอาจจะมีเวลาหลังเลิกงาน ไปดื่มอะไรกันไหม?
08-0544	talk	I saw a cute café I wanted to try, but no self-respecting man would buy sweets without a beautiful lady to taste them.	ผมเห็นคาเฟ่น่ารักๆ ที่อยากลองอยู่ร้านหนึ่ง แต่ผู้ชายที่มีศักดิ์ศรีจะไป ซื้อของหวานคนเดียวโดย ไม่มีสาวสวยไปชิมด้วยได้ยังไงล่ะ
08-0545	talk	I won't take much of your time, honest!	ผมจะไม่แย่งเวลาคุณนานหรอก จริงๆ นะ!
08-0546	talk	Okay, fine. I could go for some sweets right about now, anyway.	ก็ได้ค่ะ ตอนนี้ก็อยากกินของหวานอยู่พอดี
08-0547	talk	(Is she heading off with that guy? They look pretty close...)	(เธอจะไปกับผู้ชายคนนั้นเหรอ ดูสนิทกันดีนะ...)
08-0548	talk	(This isn't going so well... I better follow them to make sure, though.)	(ท่าจะไม่ดีเลยนะเนี่ย... แต่ผมควรตามไปดูให้แน่ใจดีกว่า)
08-0549	talk	Your boyfriend works odd hours, huh? You must be so lonely.	แฟนคุณทำงานเวลาแปลกๆ สินะ คงเหงาน่าดูเลยนะ
08-0550	talk	Yeah, sometimes...	ค่ะ บางทีก็เหงาเหมือนกัน...
08-0551	talk	So why waste your time on a man who can't give you the time of day?	งั้นจะเสียเวลาไปกับผู้ชาย ที่ไม่มีเวลาให้คุณด้วยซ้ำทำไม ล่ะ?
08-0552	talk	You know, if I was your boyfriend, I would <font_kind=yakuza_italic>always</font_kind> make time for you, Aoi-chan.	รู้ไหม ถ้าผมเป็นแฟนคุณ ผมจะมีเวลาให้คุณ<font_kind=yakuza_italic>เสมอ</font_kind>เลยนะ อาโออิจัง
08-0553	talk	That, I promise you.	อันนี้ผมสัญญาได้เลย
08-0554	talk	What are you getting at...?	คุณจะสื่ออะไร...?
08-0555	talk	Aoi-chan, I like you.	อาโออิจัง ผมชอบคุณนะ
08-0556	talk	F-Fujinaga-san?	ฟ-ฟูจินางะซัง?
08-0557	talk	I'm serious, Aoi-chan. Do you feel the same way, though?	ผมพูดจริงนะ อาโออิจัง แล้วคุณล่ะ รู้สึกแบบเดียวกันไหม?
08-0558	talk	I do... like you a lot, Fujinaga-san...	ฉันก็... ชอบคุณมากเหมือนกันค่ะ ฟูจินางะซัง...
08-0559	talk	Crap! She's totally guilty!	แย่แล้ว! เธอผิดจริงชัดๆ!
08-0560	talk	Hope you know you signed a death warrant today, Aoi-san. But I better get a picture as proof...	หวังว่าคุณจะรู้ตัวนะว่าวันนี้ เซ็นใบมรณะให้ตัวเองแล้ว อาโออิซัง แต่ผมควรถ่ายรูปเก็บไว้เป็น หลักฐานก่อนดีกว่า...
08-0561	talk	(Well, time to go report the results. This is going to suck...)	(เอาล่ะ ได้เวลาไปรายงานผลแล้ว งานนี้แย่แน่ๆ...)
08-0562	talk	Yagami-kun! What's the verdict?	ยากามิคุง! ผลเป็นยังไงคะ?
08-0563	talk	Aoi was really cheating on me, wasn't she!?	อาโออินอกใจผมจริงๆ ใช่ไหม!?
08-0564	talk	O-Oh, well...	อ-อ่า เอ่อ...
08-0565	talk	This isn't easy for me to say, but...	เรื่องนี้พูดยากสำหรับผมนะ แต่...
08-0566	talk	Well... Uh... I couldn't find any concrete evidence.	เอ่อ... นั่นก็คือ... ผมหาหลักฐานที่แน่ชัดไม่ได้เลย
08-0567	talk	Maybe you should put this whole suicide thing on hold, Sunada-san. I can keep working on it tomorrow.	บางทีคุณน่าจะพักเรื่อง ฆ่าตัวตายนี้ไว้ก่อนนะครับ ซุนาดะซัง พรุ่งนี้ผมจะสืบต่อให้
08-0568	talk	I can't wait another day! Today is the anniversary of the day I met Aoi!	ผมรออีกวันไม่ได้! วันนี้เป็นวันครบรอบที่ผมเจอ อาโออิครั้งแรกนะ!
08-0569	talk	It's too poetic to pass up!	มันโรแมนติกเกินกว่าจะปล่อยผ่านไปได้!
08-0570	talk	If you can't bring me a conclusive result, I'm not budging!	ถ้าคุณหาคำตอบที่ชัดเจนมาให้ไม่ได้ ผมไม่เปลี่ยนใจแน่!
08-0571	talk	(Guess I've got no choice...)	(ดูท่าไม่มีทางเลือกอื่นแล้วสิ...)
08-0572	talk	Actually, I lied. I did manage to get some proof...	จริงๆ แล้วผมโกหกครับ ผมหาหลักฐานมาได้แล้ว...
08-0573	talk	Wh-What?	อ-อะไรนะ?
08-0574	talk	In conclusion... Yes, Aoi-san is guilty.	สรุปแล้ว... ใช่ครับ อาโออิซังผิดจริง
08-0575	talk	What!? Then...	อะไรนะ!? ถ้างั้น...
08-0576	talk	It's true. She's cheating on you.	เรื่องจริงครับ เธอนอกใจคุณ
08-0577	talk	A-Aoi... I can't believe it...	อ-อาโออิ... ไม่อยากเชื่อเลย...
08-0578	talk	That's it! I'm going to kill myself! This is where I die!	พอกันที! ผมจะฆ่าตัวตาย! ผมจะตายที่นี่แหละ!
08-0579	talk	Sunada-san, let's not do anything drastic!	ซุนาดะซัง อย่าเพิ่งทำอะไรบุ่มบ่ามสิครับ!
08-0580	talk	He's right! There are so many other fish in the sea! But you need to be alive to catch them!	เขาพูดถูกนะ! ผู้หญิงดีๆ ยังมีอีกเยอะ! แต่คุณต้องมีชีวิตอยู่ก่อนถึงจะ ไปหาได้ค่ะ!
08-0581	talk	I don't want to catch them! If Aoi is going to dump me, I'd rather be dead!	ผมไม่อยากไปหาใครทั้งนั้น! ถ้าอาโออิจะทิ้งผม ผมขอตายซะดีกว่า!
08-0582	talk	W-Wait! Don't do this!	เ-เดี๋ยวก่อน! อย่าทำแบบนี้!
08-0583	talk	Damn, who's calling me right now of all times!? The bartender?	บ้าเอ๊ย ใครโทรมาตอนนี้เนี่ย!? บาร์เทนเดอร์เหรอ?
08-0584	talk	(I shouldn't be taking calls right now... I've got to stop him from doing this!)	(ตอนนี้ไม่ควรรับสายเลย... ผมต้องห้ามเขาไว้ให้ได้!)
08-0585	talk	This is it! The final moments! Are you ready, cruel world!?	ถึงเวลาแล้ว! ช่วงเวลาสุดท้าย! โลกใบโหดร้าย พร้อมรับผมหรือยัง!?
08-0586	talk	No, stop! What about us! We're not ready at all!	ไม่นะ หยุดก่อน! แล้วพวกเราล่ะ! เรายังไม่พร้อมกันเลยนะ!
08-0587	talk	He's right! There's so much more to live for... Isn't there!?	เขาพูดถูกนะ! ยังมีอะไรอีกเยอะให้มีชีวิตอยู่ เพื่อมัน... จริงไหมล่ะ!?
08-0588	talk	Shut up! Without Aoi, I have nothing to live for! Nothing!	หุบปาก! ถ้าไม่มีอาโออิ ผมก็ไม่มีอะไรให้อยู่เพื่อแล้ว! ไม่มีเลย!
08-0589	talk	(Damn, I'm out of ideas!)	(บ้าเอ๊ย หมดมุกแล้ว!)
08-0590	talk	Why is he trying to reach me so bad...	ทำไมเขาถึงพยายามติดต่อผมขนาดนี้...
08-0591	talk	(Wait, he's a bartender! He probably has all kinds of ways to talk people out of suicide!)	(เดี๋ยวนะ เขาเป็นบาร์เทนเดอร์! เขาน่าจะมีวิธีเกลี้ยกล่อมคนไม่ ให้ฆ่าตัวตายสารพัดแบบแน่ๆ!)
08-0592	talk	Hey, great timing!	เฮ้ มาถูกจังหวะเลย!
08-0593	talk	You finally picked up! I have some good news, Tak.	ในที่สุดก็รับสายซะที! ฉันมีข่าวดีมาบอก ทาคุ
08-0594	talk	Good news? I'm not sure now's a good time, though...	ข่าวดีเหรอ? ตอนนี้อาจจะไม่ใช่เวลาที่ดีเท่าไหร่นะ...
08-0595	talk	No, it's about that con artist I was telling you about. I saw him in town!	เปล่า มันเรื่องนักต้มตุ๋นที่ฉันเคย เล่าให้ฟังน่ะ ฉันเห็นมันในเมืองด้วย!
08-0596	talk	Wait, the con artist?	เดี๋ยว นักต้มตุ๋นคนนั้นเหรอ?
08-0597	talk	I lost sight of him pretty quickly, but not before I snapped his picture!	ฉันคลาดสายตามันไปเร็วเหมือนกัน แต่ก่อนหน้านั้นถ่ายรูปมันไว้ได้แล้ว!
08-0598	talk	I'll send it to you.	เดี๋ยวส่งให้นะ
08-0599	talk	Yeah, that's great, but hey, you have any tips for talking someone out of committing suicide!? It's important!	อือ ดีเลย แต่เฮ้ นายมีเคล็ดลับเกลี้ยกล่อมคนไม่ ให้ฆ่าตัวตายบ้างไหม!? เรื่องด่วนเลยนะ!
08-0600	talk	Hahaha, you're kidding right? This isn't a TV show, man. If someone wants to die, they're gonna do it.	ฮ่าๆๆ ล้อเล่นใช่ไหมเนี่ย นี่ไม่ใช่ในละครนะพวก ถ้าใครอยากตาย เขาก็ตายอยู่ดี
08-0601	talk	Hey! Why are you taking phone calls when I'm about to die!? Is it a girl!? Are you calling your girlfriend!?	เฮ้ย! ทำไมมารับโทรศัพท์ตอนที่ผม กำลังจะตายแบบนี้!? เป็นผู้หญิงเหรอ!? โทรหาแฟนอยู่รึไง!?
08-0602	talk	How could you do this to me!?	คุณทำแบบนี้กับผมได้ยังไง!?
08-0603	talk	(We're totally out of options!)	(หมดทางเลือกจริงๆ แล้ว!)
08-0604	talk	All right, for real this time! One... Two...	เอาล่ะ คราวนี้จริงจังแน่! หนึ่ง... สอง...
08-0605	talk	W-Wait a minute! There's something else!	เ-เดี๋ยวก่อน! มีอย่างอื่นด้วย!
08-0606	talk	Why won't you just let me die!?	ทำไมไม่ปล่อยให้ผมตายซะทีล่ะ!?
08-0607	talk	No, look at this guy!	ไม่ใช่ ดูผู้ชายคนนี้สิ!
08-0608	talk	Who's that?	ใครเหรอ?
08-0609	talk	Hey, why would you show me the face of the man Aoi is cheating on with right before I die!? That's just cruel!	เฮ้ย จะมาให้ผมดูหน้าผู้ชายที่อาโออิ ไปนอกใจด้วยตอนที่ผม กำลังจะตายทำไม!? โหดร้ายชัดๆ!
08-0610	talk	You're a cop, right!? Haven't you heard the name Junichi Fujinaga before? He's a wanted con artist!	คุณเป็นตำรวจไม่ใช่เหรอ!? เคยได้ยินชื่อจุนอิจิ ฟูจินางะไหม? มันเป็นนักต้มตุ๋นที่ถูกตามล่าตัวอยู่!
08-0611	talk	Yeah, I think so. He targets vulnerable women, right?	อือ คิดว่าเคยนะ เป็นคนที่เล็งเป้าผู้หญิงที่ จิตใจอ่อนแออยู่ใช่ไหม?
08-0612	talk	Yeah, and get this... The man in this photo, that's him. Junichi Fujinaga.	ใช่ แล้วฟังนี่นะ... ผู้ชายในรูปนี้ก็คือมัน จุนอิจิ ฟูจินางะ
08-0613	talk	Wh-What...	อ-อะไรนะ...
08-0614	talk	What did you say!?	เมื่อกี้พูดว่าอะไรนะ!?
08-0615	talk	What's all this about a con artist now!?	นักต้มตุ๋นอะไรกันเนี่ย!?
08-0616	talk	He's this bastard who befriends women and tries to sell them expensive pieces of junk.	มันคือไอ้สารเลวที่คบผู้หญิง แล้วพยายามยัดเยียดของขยะ ราคาแพงให้ซื้อ
08-0617	talk	S-So you're saying...	ห-หมายความว่า...
08-0618	talk	Yeah! Sunada-san, you can't die now! Your beautiful Aoi-chan is being conned!	ใช่ครับ! ซุนาดะซัง ตอนนี้คุณตายไม่ได้! อาโออิจังคนสวยของคุณกำลังโดนหลอกอยู่!
08-0619	talk	Y-You're right! I've gotta go save her! Where is she, Yagami-san!?	ค-คุณพูดถูก! ผมต้องไปช่วยเธอ! เธออยู่ไหน ยากามิซัง!?
08-0620	talk	On the rooftop of Kamuro Theater!	ที่ดาดฟ้าโรงละครคามุโร!
08-0621	talk	Ahhhhhh! Aoi, I'm coming, sweeheart!	อาโออิ! ผมมาแล้วนะที่รัก!
08-0622	talk	Wait for me, Aoi!	รอผมด้วยนะ อาโออิ!
08-0623	talk	Guess he won't be dying today...	ดูท่าวันนี้เขาคงไม่ตายแล้วล่ะ...
08-0624	talk	Amazing. That must be the power of love...	สุดยอดไปเลยค่ะ นั่นคงเป็นพลังของความรักสินะ...
08-0625	talk	I'm sorry, Kenji! I had you all this time, but...	ขอโทษนะคะ เค็นจิ! ฉันมีคุณอยู่ข้างๆ มาตลอด แต่...
08-0626	talk	It's okay. I know I've been so busy lately... You must have felt so ignored!	ไม่เป็นไร ผมรู้ว่าช่วงนี้ผมยุ่งมากจริงๆ... คุณคงรู้สึกเหมือนถูกทิ้งขว้างเลยสินะ!
08-0627	talk	I'm so sorry.	ผมขอโทษจริงๆ ครับ
08-0628	talk	Why are you so kind to me, Kenji?	ทำไมคุณถึงใจดีกับฉันขนาดนี้ล่ะ เค็นจิ?
08-0629	talk	Why? Because without you, I'd...	ทำไมเหรอ? ก็เพราะถ้าไม่มีคุณ ผมคง...
08-0630	talk	I couldn't go on living.	อยู่ต่อไปไม่ได้
08-0631	talk	Oh, Kenji... Wahhh...	โธ่ เค็นจิ... วาาาา...
08-0632	talk	That was a close call, huh?	หวุดหวิดจริง ๆ เลยนะ
08-0633	talk	I'll say. I was really at the end of my rope. Heh.	นั่นสินะครับ ผมเกือบหมดปัญญาจริง ๆ ฮึ่ม
08-0634	talk	(Tomioka-san is looking a little frazzled. What happened?)	(โทมิโอกะซังดูยุ่งเหยิงไปหน่อยนะ เกิดอะไรขึ้น)
08-0635	talk	(What the hell kinda logic is that? Oh well, guess this is going to get tricky...)	(อะไรกันวะ ตรรกะบ้าอะไรเนี่ย ช่างเถอะ ท่าทางจะยุ่งยากแล้วสิ...)
08-0636	talk	You know your mother would be heartbroken, right?	คุณก็รู้ใช่ไหมว่าถ้าคุณตาย แม่คุณคงจะเสียใจแทบขาดใจ
08-0637	talk	My mother died a year ago! I can finally see her again!	แม่ผมตายไปตั้งปีนึงแล้ว! ในที่สุดผมก็จะได้เจอแม่อีกครั้ง!
08-0638	talk	O-Oh, my bad. Sorry to hear that...	อ้อ ขอโทษที เสียใจด้วยจริง ๆ...
08-0639	talk	(She's right. I need to find out more about him first.)	(เธอพูดถูก ผมต้องหาข้อมูลเกี่ยวกับเขาเพิ่มก่อน)
08-0640	talk	You know if you fall from here it'll be really painful, right?	รู้ใช่ไหมว่าถ้าตกลงไปจากตรงนี้ มันเจ็บสุด ๆ เลยนะ
08-0641	talk	It would be nothing compared to the pain in my heart right now!	มันไม่เจ็บเท่าความเจ็บปวดในใจ ผมตอนนี้หรอก!
08-0642	talk	(Okay, what in the world happened to this guy?)	(เอาล่ะ เกิดบ้าอะไรขึ้นกับผู้ชายคนนี้เนี่ย)
08-0643	talk	All right, this is it... One... Two...	เอาล่ะ ได้เวลาแล้ว... หนึ่ง... สอง...
08-0644	talk	My office is right here in this building! If you die here, it'll be really bad for business!	สำนักงานของผมอยู่ในตึกนี้เลยนะ! ถ้าคุณตายตรงนี้ มันจะกระทบธุรกิจผมมากเลย!
08-0645	talk	If you have to do this, can't you pick a different building?	ถ้าจำเป็นต้องทำจริง ๆ เลือกตึกอื่นไม่ได้เหรอ?
08-0646	talk	Oh, I'm sorry my death would be an inconvenience! Maybe I should just die, then!	อ้อ ขอโทษด้วยนะที่การตายของผม จะสร้างความลำบากให้คุณ! งั้นตายไปเลยดีกว่า!
08-0647	talk	No, no, but... Isn't there a better way to do this? Have you considered... drowning, maybe?	ไม่ ไม่ใช่แบบนั้น แต่... มีวิธีที่ดีกว่านี้ไหม? ลองคิดถึง... การจมน้ำดูไหมล่ะ?
08-0648	talk	That's enough, Yagami-kun! Stop that before I kick <font_kind=yakuza_italic>you</font_kind> off this building!	พอได้แล้ว ยากามิคุง! หยุดพูดแบบนั้นซะทีก่อนฉันจะเตะ<font_kind=yakuza_italic>คุณ</font_kind> ตกตึกนี้ซะเอง!
08-0649	talk	My bad...	ขอโทษที...
08-0650	talk	(Better head up to the roof. I feel like an angel of death right now...)	(รีบขึ้นไปที่ดาดฟ้าดีกว่า ตอนนี้ผมรู้สึกเหมือนทูตมรณะเลย...)
08-0651	talk	(Great, at this distance, their faces are perfectly clear!)	(เยี่ยม ระยะนี้เห็นหน้าทั้งคู่ชัดเจนเลย!)
08-0652	talk	(It's a pretty perfect shot.)	(เป็นภาพที่เกือบสมบูรณ์แบบเลยล่ะ)
08-0653	talk	(Hm, their faces are a little small... But I'm sure it's good enough for that cop.)	(อืม หน้าทั้งคู่เล็กไปนิด... แต่คิดว่าน่าจะพอสำหรับตำรวจคน นั้นแล้วล่ะ)
08-0654	talk	She's petite with short hair and glasses.	เธอตัวเล็ก ผมสั้น ใส่แว่น
08-0655	talk	And listen! If she's cheating on me, I want photographic proof! I want to see this man's face, clear as day!	แล้วฟังนะ! ถ้าเธอนอกใจผมจริง ผมอยากได้หลักฐานเป็นภาพถ่าย! อยากเห็นหน้าผู้ชายคนนั้นชัด ๆ เลย!
08-0656	talk	...So that after I die, I can haunt him!	...เพื่อที่หลังจากผมตายไปแล้ว จะได้ไปหลอกหลอนมันซะ!
08-0657	talk	Be careful, Yagami-san! Tread lightly when it comes to family!	ระวังตัวด้วยนะ ยากามิซัง! เรื่องครอบครัวคนอื่นต้องระวังให้ดี!
08-0658	talk	Ah, Yagami. I appreciate you coming.	อ้อ ยากามิ ขอบคุณที่มานะ
08-0659	talk	No problem. Let's hear about this job.	ไม่มีปัญหาครับ เล่าเรื่องงานนี้มาได้เลย
08-0660	talk	Why don't you take a seat first?	นั่งก่อนสิ
08-0661	talk	So. What can I do for you?	เอาล่ะ มีอะไรให้ผมช่วยครับ?
08-0662	talk	I've got another photo surveillance request, actually.  But this one's a little sticky.	จริง ๆ แล้วผมมีงานถ่ายภาพสอดแนมอีกงาน หนึ่งน่ะ แต่งานนี้มันค่อนข้างยุ่งยากหน่อย
08-0663	talk	In other words, it's big. News cycle big.	พูดง่าย ๆ คือเรื่องใหญ่ ใหญ่ระดับข่าวพาดหัวเลยล่ะ
08-0664	talk	How big are we talking here?	ใหญ่ขนาดไหนกันครับ?
08-0665	talk	Actually, why don't you start at the beginning?	เอาจริง ๆ เริ่มเล่าตั้งแต่ต้นเลยดีกว่าไหมครับ?
08-0666	talk	Well, I'm chasing a political scandal.	คือผมกำลังตามข่าวอื้อฉาว ทางการเมืองอยู่น่ะ
08-0667	talk	Trust me, if we can get a lens on this, those pictures are gonna be on the front page of every paper.	เชื่อผมเถอะ ถ้าเราถ่ายภาพนี้ได้ ภาพพวกนั้นจะได้ขึ้นหน้าหนึ่ง หนังสือพิมพ์ทุกฉบับแน่นอน
08-0668	talk	All right, I'm intrigued. What kind of scandal are we talking about?	โอเค น่าสนใจนะครับ เรื่องอื้อฉาวแบบไหนกันครับ?
08-0669	talk	Just business as usual in politics. This politician has been having backroom conversations he shouldn't be.	ก็เรื่องปกติของวงการการเมืองน่ะแหละ นักการเมืองคนนี้แอบเจรจา ลับหลังในเรื่องที่ไม่ควรทำ
08-0670	talk	The guy's an ex-pro wrestler, so of course he's been working to set up this massive sporting event of some sort.	หมอนี่เป็นอดีตนักมวยปล้ำอาชีพ เลยกำลังจัดงานกีฬาใหญ่โตอะไร สักอย่างอยู่
08-0671	talk	And guess who's winning the bids for the job? The guys paying him up front, that's who.	แล้วลองทายสิว่าใครได้งานประมูลไป? ก็พวกที่จ่ายเงินให้เขาล่วงหน้าไงล่ะ
08-0672	talk	So you're saying he's taking bribes.	หมายความว่าเขารับสินบนสินะครับ
08-0673	talk	Yup. And I'm guessing based on that, you know we're talking about Miki, right?	ใช่แล้ว แล้วเดาว่าคุณคงรู้แล้วสินะว่า เรากำลังพูดถึงมิกิ
08-0674	talk	Well, how many wrestlers go into politics? Of course I've heard of him.	ก็มีนักมวยปล้ำกี่คนกันที่ผัน ตัวมาเล่นการเมือง? ผมเคยได้ยินชื่อเขาอยู่แล้วครับ
08-0675	talk	Good. I've been on Miki's trail for quite a while now.	ดี ผมสะกดรอยมิกิมาสักพักใหญ่แล้ว
08-0676	talk	He's got this big dinner coming up tonight, and I'd be willing to bet that some money changes hands under the table.	คืนนี้เขามีงานเลี้ยงใหญ่ ผมพนันได้เลยว่าต้องมีเงิน ใต้โต๊ะเปลี่ยนมือแน่ ๆ
08-0677	talk	That your reporter's intuition talking?	สัญชาตญาณนักข่าวบอกงั้นเหรอครับ?
08-0678	talk	Yeah. But the problem is, I'm already made.	ใช่ แต่ปัญหาคือ หน้าผมถูกจับได้ไปแล้ว
08-0679	talk	Miki has all his big meetings at a restaurant called Kikunoya, but I can't get in there anymore.	มิกินัดพบสำคัญ ๆ ทุกครั้งที่ร้านอาหารชื่อคิคุโนยะ แต่ผมเข้าไปที่นั่นไม่ได้อีกแล้ว
08-0680	talk	Did he catch you tailing him or something? And what do you mean that you "can't get in"?	เขาจับได้ว่าคุณสะกดรอยตามหรือไง? แล้วที่ว่า "เข้าไปไม่ได้" หมายความว่ายังไงครับ?
08-0681	talk	I'm not that stupid. But I do think he's onto me, and he probably has this restaurant by the balls.	ผมไม่ได้โง่ขนาดนั้นหรอก แต่คิดว่าเขาคงจับพิรุธผมได้ แล้วก็คงกำคอร้านนี้ไว้ในกำมือด้วย
08-0682	talk	They'd turn me away at the door if I tried to get in there that night.	ถ้าผมพยายามเข้าไปคืนนั้น พวกเขาคงไล่ผมกลับตั้งแต่หน้าประตูแน่
08-0683	talk	I think I'm getting the picture. If you can't get in, you need an unknown face to get the shot.	พอเข้าใจภาพแล้วล่ะครับ ถ้าคุณเข้าไปไม่ได้ ก็ต้องใช้คนหน้าใหม่ที่ไม่มีใคร รู้จักไปถ่ายแทน
08-0684	talk	Exactly. You've just gotta get into that restaurant and catch the money transfer.	ใช่เลย คุณแค่ต้องเข้าไปในร้านนั้นแล้ว จับภาพตอนเงินเปลี่ยนมือ
08-0685	talk	I see. Well, at least it's clear now.	เข้าใจแล้วครับ อย่างน้อยตอนนี้ก็ชัดเจนขึ้นเยอะ
08-0686	talk	I'll even make your reservation for you. You'll take the job, right?	ผมจะจองโต๊ะให้คุณเลยด้วยซ้ำ รับงานนี้ใช่ไหม?
08-0687	talk	I will. And as far as payment goes...	รับครับ แล้วเรื่องค่าจ้างล่ะ...
08-0688	talk	I'm betting big on this, so I'll make it 150,000 yen. That's enough, I hope?	ผมทุ่มหนักกับเรื่องนี้ ก็เลยจะให้ 150,000 เยน หวังว่าจะพอนะ?
08-0689	talk	Yeaaah. That's enough.	อื้อออ พอเลยครับ
08-0690	talk	I thought you might like the number. Just don't let me down, okay?	คิดแล้วว่าคุณต้องชอบตัวเลขนี้แน่ ๆ อย่าทำให้ผมผิดหวังล่ะ โอเคนะ?
08-0691	talk	All right. I'll let you know when I've got something.	ได้ครับ ถ้าได้อะไรมาจะแจ้งให้ทราบ
08-0692	talk	Looking forward to it, Yagami-san.	รอฟังข่าวดีอยู่นะ ยากามิซัง
08-0693	talk	(All right. Let's go check out this restaurant.)	(เอาล่ะ ไปสำรวจร้านอาหารนี้กันดีกว่า)
08-0694	talk	(Getting the reservation gets me in, but how do I know where this politician's gonna be seated?)	(มีการจองก็เข้าไปได้แล้ว แต่จะรู้ได้ยังไงว่านักการเมือง คนนี้จะนั่งตรงไหน?)
08-0695	talk	Our bottle's empty, dumbass! What's it gonna take to get you idiots to pay attention to my table!?	ขวดเหล้ากูหมดแล้วโว้ย ไอ้โง่! ต้องทำยังไงมึงถึงจะสนใจโต๊ะกูบ้างวะ!?
08-0696	talk	M-My apologies, sir! I'll bring another right away!	ข-ขออภัยด้วย จะรีบนำมาให้ใหม่ทันที!
08-0697	talk	How am I supposed to focus on steering this country when I've gotta yell at the waitstaff to keep my table stocked!?	จะให้กูมีสมาธิบริหารบ้านเมือง ได้ยังไง ในเมื่อต้องมาตะโกนไล่ พนักงานเสิร์ฟให้เติมเหล้าโต๊ะ กูอยู่นี่!?
08-0698	talk	You've got a rowdy crowd tonight.	คืนนี้มีลูกค้าเสียงดังจังนะครับ
08-0699	talk	I apologize for the inconvenience, sir.	ดิฉันต้องขออภัยในความไม่สะดวกด้วยค่ะ
08-0700	talk	Sounds like your guy over there has a drinking problem. He a yakuza or something?	ฟังดูเหมือนคนตรงนั้นจะมีปัญหา เรื่องเหล้านะครับ เป็นยากูซ่ารึเปล่าครับ?
08-0701	talk	No, no, sir. Nothing of the sort.	เปล่าค่ะ ไม่ใช่แบบนั้นเลยค่ะ
08-0702	talk	That's funny, he was talking about steering the country. Maybe politics, then?	แปลกนะครับ เขาพูดเรื่องบริหารบ้านเมืองอยู่เลย งั้นนักการเมืองมั้งครับ?
08-0703	talk	I could swear I recognized that voice. Isn't he the pro wrestler who turned politician?	ผมกล้าพูดเลยว่าจำเสียงนั้นได้ นั่นอดีตนักมวยปล้ำที่ผันตัวมา เป็นนักการเมืองไม่ใช่เหรอครับ?
08-0704	talk	A-Ahaha. Well... I suppose it's hard to mistake his voice.	อ-อาฮ่าๆ ก็... เสียงแบบนั้นคงจำผิดยากจริง ๆ ค่ะ
08-0705	talk	Where's the goddamn owner? Do I really gotta pour my own drinks?	เจ้าของร้านบ้านี่หายหัวไปไหนวะ? กูต้องรินเหล้าเองเลยหรือไง?
08-0706	talk	And is that customer the prime minister or something? Do I have to wait until you're done serving the peasants!?	แล้วลูกค้าคนนั้นเป็น นายกรัฐมนตรีหรือไงวะ? กูต้องรอจนกว่ามึงจะเสิร์ฟไอ้ พวกไพร่นั่นเสร็จก่อนเลยเหรอ!?
08-0707	talk	He's a class act, huh?	หมอนั่นชั้นเลิศจริง ๆ นะเนี่ย
08-0708	talk	I'm terribly sorry, sir...	ดิฉันต้องขออภัยเป็นอย่างสูงค่ะ...
08-0709	talk	Nah, don't worry about me. You should probably check on him before he blows a gasket.	ไม่เป็นไรครับ ไม่ต้องห่วงผมหรอก ไปดูเขาดีกว่ามั้งครับ ก่อนที่เขาจะระเบิดอารมณ์
08-0710	talk	I do apologize, sir. If you'll excuse me.	ดิฉันต้องขอตัวก่อนนะคะ ขออภัยด้วยค่ะ
08-0711	talk	(I can't complain. The guy being a raging asshole pointed me right to him.)	(บ่นไม่ได้หรอก การที่หมอนั่นทำตัวเฮงซวยสุด ๆ นี่แหละที่ชี้ทางให้ผมเจอตัวเขา)
08-0712	talk	(I should get in position, myself.)	(ผมควรไปหาตำแหน่งที่เหมาะได้แล้ว)
08-0713	talk	Hohashi-san, I couldn't help but notice the gift you seem to have brought with you.	โฮฮาชิซัง กูอดสังเกตไม่ได้เลยว่ามึงหิ้ว ของขวัญอะไรมาด้วย
08-0714	talk	Yes, I believe this "snack" should meet your expectations, Miki-san...	คิดว่า "ของว่าง" ชิ้นนี้น่าจะถูกใจมิกิซังนะ...
08-0715	talk	(Wait, did he really put his cash in a confection box? That's the oldest trick in the book...)	(เดี๋ยวนะ เขาเอาเงินสดยัดใส่กล่องขนมจริง ๆ เหรอ? นี่มันกลลวงเก่าแก่สุด ๆ เลย...)
08-0716	talk	Yes, I've been looking forward to seeing the extent of your effort...	ใช่ กูรอดูอยู่เลยว่ามึงจะทุ่มเทได้ มากแค่ไหน...
08-0717	talk	Eh? What's this?	เอ๊ะ? นี่อะไรวะ?
08-0718	talk	Oh, it's a popular treat from my hometown. Very tasty, sir.	อ๋อ เป็นขนมขึ้นชื่อจากบ้านเกิดน่ะ อร่อยมากเลยล่ะ
08-0719	talk	Oh, I see. So what I'm after is...	อ๋อ เข้าใจละ งั้นสิ่งที่กูต้องการคือ...
08-0720	talk	Not... underneath?	ไม่ได้...ซ่อนอยู่ข้างใต้เหรอ?
08-0721	talk	(No way... If there's no bribe, a photo is useless...)	(ไม่จริงน่า... ถ้าไม่มีสินบน ภาพถ่ายก็ไร้ประโยชน์...)
08-0722	talk	Hohashi-san. Wasn't I clear when I told you I expected a "gift" in exchange for the contract?	โฮฮาชิซัง กูพูดไม่ชัดเจนหรือไงวะ ตอนที่บอกว่าอยากได้ "ของกำนัล" แลกกับสัญญานี่?
08-0723	talk	Yes, of course. That's why I brought you the confection box, sir.	แน่นอน ก็เลยเอากล่องขนมนี้มาให้ไงล่ะ
08-0724	talk	Hohashi! Are you that dense!? You have to know that wasn't what I meant, don't you!?	โฮฮาชิ! มึงโง่ขนาดนั้นเลยเหรอ!? มึงต้องรู้อยู่แล้วว่ากูไม่ได้ หมายความแบบนั้น ใช่ไหมวะ!?
08-0725	talk	I told you I wanted to see just how "sincere" you were about this! Can't you take a hint!?	กูบอกแล้วไงว่าอยากเห็นว่ามึง "จริงใจ" แค่ไหนกับเรื่องนี้! มึงไม่รู้จักกะพริบตาบ้างเลยเหรอ!?
08-0726	talk	Y-You're not a fan, I take it? I didn't know, sir! I'm so sorry!	ท่านไม่ชอบขนมนี้เหรอ...? ไม่รู้จริง ๆ! ขอโทษด้วย!
08-0727	talk	Y-You still don't get it?	ยังไม่เก็ตอีกเหรอวะ?
08-0728	talk	...Get what, sir?	...เก็ตอะไรเหรอ?
08-0729	talk	It's execution time!	ได้เวลาประหารแล้ว!
08-0730	talk	Wah...	ว้าาา...
08-0731	talk	Aghhhhhhh!	อ๊าาาาาาา!
08-0732	talk	(Woah!)	(โว้ว!)
08-0733	talk	You got it through your thick skull, yet!? Huh, Hohashi!?	มึงเข้าใจรึยังวะ หัวหนาขนาดนี้!? ฮึ! โฮฮาชิ!?
08-0734	talk	Ahhhh! No! I don't know what you're talking about!	อ๊าาา! ไม่นะ! ไม่รู้เรื่องที่พูดถึงเลยจริง ๆ!
08-0735	talk	(I should probably get a picture of this. It may not be a bribe, but it's a scandal, all right. I need to find a position where I can get a clear shot of Miki's face.)	(ควรถ่ายภาพนี้ไว้ดีกว่า ต่อให้ไม่ใช่สินบนแต่ก็เป็น เรื่องอื้อฉาวชัวร์ ๆ ผมต้องหาตำแหน่งที่ถ่ายหน้ามิกิได้ชัด ๆ)
08-0736	talk	(I can't even tell who's assaulting who from this angle...)	(มุมนี้แยกไม่ออกเลยว่าใครทำร้าย ใครกันแน่...)
08-0737	talk	(Hmm. Miki isn't looking at the camera, but I guess you can still tell it's him.)	(อืม มิกิไม่ได้มองกล้องอยู่ แต่คิดว่ายังไงก็ดูออกว่าเป็นเขา)
08-0738	talk	Look at all this dirt! I better clean this up...	ดูสิ เลอะเทอะไปหมดเลย! รีบทำความสะอาดดีกว่า...
08-0739	talk	Shhhhhit.	ฉิบหายแล้ว...
08-0740	talk	H-Hey! What are you doing, sir!?	เ-เฮ้! คุณกำลังทำอะไรอยู่คะ!?
08-0741	talk	Who's there!?	ใครน่ะ!?
08-0742	talk	Damn, cover's blown. Better make a break for it!	แย่แล้ว ตัวตนแตกซะแล้ว รีบหนีดีกว่า!
08-0743	talk	Security! Don't let this man escape!	ยาม! อย่าปล่อยให้ไอ้นี่หนีไปได้!
08-0744	talk	(Shit. I guess there's no avoiding this...)	(บ้าเอ๊ย คงเลี่ยงไม่ได้แล้วสินะ...)
08-0745	talk	You a reporter from one of those magazines? I've had enough of you flies buzzing around me!	มึงเป็นนักข่าวนิตยสารพวกนั้นสินะ? กูทนพวกแมลงวันบินป้วนเปี้ยน รอบตัวกูมามากพอแล้ว!
08-0746	talk	...Tch. If you're attracting flies, it's probably because you're rotten.	...เชอะ ถ้าดึงดูดแมลงวันได้ขนาดนี้ ก็คงเพราะเน่าเฟะจนได้กลิ่นไป ไกลนั่นแหละ
08-0747	talk	Gahaha! That's cute. But did you forget I used to be a pro wrestler? Might wanna watch your mouth.	กะฮ่าฮ่า! น่ารักดีนี่ แต่มึงลืมไปแล้วเหรอวะว่ากูเคย เป็นนักมวยปล้ำอาชีพมาก่อน? ระวังปากไว้บ้างก็ดีนะ
08-0748	talk	Oh, I didn't forget. I guess I'm just not cheesy enough to play along with your shitty wrestler act.	อ๋อ ผมไม่ลืมหรอกครับ แค่คงไม่เก๋พอที่จะเล่นตามบทนัก มวยปล้ำกาก ๆ ของคุณน่ะ
08-0749	talk	You little punk. The next time you wake up, you'll be in a hospital bed!	ไอ้เด็กบ้า ตื่นขึ้นมาครั้งหน้ามึงจะไปนอน อยู่บนเตียงโรงพยาบาลแทน!
08-0750	talk	Get him, boys!	จัดการมัน ลูกน้อง!
08-0751	talk	What... How did this happen...?	อะไร... เกิดอะไรขึ้นวะเนี่ย...?
08-0752	talk	Anyone else you wanna tag in, or are you done siccing your goons at me?	จะส่งใครมาเพิ่มอีกไหมครับ หรือว่าปล่อยลูกน้องมาซัดผมพอ แค่นี้แล้ว?
08-0753	talk	I admit... You're pretty good. You know, I could use a guy like you on my staff. What do you say?	ยอมรับว่า...มึงเก่งใช้ได้ กูอยากได้คนแบบมึงมาอยู่ทีมกู เหมือนกันนะ ว่าไง?
08-0754	talk	What, and end up unemployed when this scandal sends you straight to jail?	แล้วให้ตกงานทันทีที่ เรื่องอื้อฉาวนี้ส่งคุณเข้าคุก งั้นเหรอครับ?
08-0755	talk	L-Listen, just get rid of that photo! I can pay!	ฟ-ฟังนะ เอาภาพนั้นไปทำลายซะ! กูจ่ายให้ได้!
08-0756	talk	Not a chance. If you're rotten enough to attract flies, I'm sure your money smells like shit too.	ไม่มีทางครับ ถ้าเน่าเฟะขนาดดึงดูดแมลงวันได้ เงินของคุณก็คงเหม็นไม่ต่างกันหรอก
08-0757	talk	When this photo goes public, I suggest you clean up your life. Maybe the flies'll move onto the next shit stain.	พอภาพนี้เผยแพร่ออกไป แนะนำให้เก็บกวาดชีวิตตัวเองซะ บ้างนะครับ เดี๋ยวแมลงวันพวกนั้นก็คงย้าย ไปหาของเน่าเหม็นชิ้นใหม่เอง
08-0758	talk	Urghhh...	อึ้ก...
08-0759	talk	Good work, Yagami-san! Looks like I'm gonna be able to write quite a piece on this guy.	เยี่ยมมากเลย ยากามิซัง! ดูท่าผมจะได้เขียนข่าวเด็ด เกี่ยวกับหมอนี่แน่ ๆ
08-0760	talk	I didn't get any shots of the bribe you wanted, but I guess it still turned out?	ผมไม่ได้ภาพสินบนที่คุณอยากได้ หรอกนะครับ แต่ผลลัพธ์ก็ยังออกมาดีอยู่ใช่ไหม?
08-0761	talk	Oh, for sure! This beats a bribe any day!	แน่นอนอยู่แล้ว! นี่เหนือกว่าสินบนตั้งเยอะ!
08-0762	talk	I'm actually pretty impressed you were able to improvise like that. Maybe you've got a future as a news photographer?	จริง ๆ ผมทึ่งเลยนะที่คุณแก้สถานการณ์ แบบนั้นได้ บางทีคุณอาจมีอนาคตเป็นช่างภาพ ข่าวก็ได้นะ
08-0763	talk	Haha, I wonder.	ฮ่าๆ ก็ไม่แน่ครับ
08-0764	talk	Well, you ever feel like a career change, just drop me a line.	เอาเถอะ ถ้าเมื่อไหร่อยากเปลี่ยนอาชีพ ติดต่อผมได้เลยนะ
08-0765	talk	If the detective thing doesn't pan out, maybe I'll take you up on that.	ถ้างานนักสืบไปไม่รอด ผมอาจจะขอรับข้อเสนอนั้นก็ได้ครับ
08-0766	talk	I'm sorry, she's with another customer at the moment, sir...	ขออภัยด้วย ตอนนี้เธอกำลังดูแลลูกค้าท่านอื่นอยู่...
08-0767	talk	(I better get it from an angle that proves Miki is the aggressor, before the president gets destroyed...)	(ต้องรีบถ่ายมุมที่พิสูจน์ได้ว่า มิกิเป็นฝ่ายเริ่มก่อน ก่อนที่ท่านประธานจะโดนซัดจนพัง...)
08-0768	talk	(I need to get a photo of the money changing hands so it's clear evidence of a bribe. Just need the right timing.)	(ผมต้องถ่ายภาพตอนเงินเปลี่ยนมือ ให้เป็นหลักฐานสินบนที่ชัดเจน แค่ต้องรอจังหวะที่เหมาะ)
08-0769	talk	(All right! No doubt that's Miki in this shot.)	(เยี่ยม! ภาพนี้ชัดเจนว่าเป็นมิกิแน่นอน)
08-0770	talk	(Councillor assaults business partner at high-end restaurant... The headline writes itself.)	(สมาชิกสภาทำร้ายคู่ค้าธุรกิจใน ร้านอาหารหรู... พาดหัวข่าวเขียนเองได้เลยแบบนี้)
08-0771	talk	Fuckin' dieeeeeeeeeeeee!	ตายซะเลยไป โว้ยยยยยยยย!
08-0772	talk	Ahhhhhhhhhhhh!	อ๊าาาาาาาาาาาา!
08-0773	talk	(S-Shit! It was too late!)	(บ-บ้าเอ๊ย! สายไปแล้ว!)
08-0774	talk	(This position won't work... Is there a different angle I could take a photo from?)	(ตำแหน่งนี้ใช้ไม่ได้... มีมุมอื่นที่ถ่ายได้ไหมนะ?)
08-0775	talk	(Maybe I could take a photo from between that gap...?)	(ลองถ่ายผ่านช่องว่างตรงนั้นดูไหมนะ...?)
08-0776	talk	Hey, man! I'm Tatsuo, and I own the bar just over there. You look thirsty, my friend.	เฮ้ พี่ชาย! ผมชื่อทัตสึโอะ เจ้าของบาร์ตรงนั้นเองครับ ดูท่าจะคอแห้งนะเนี่ย เพื่อน
08-0777	talk	Do I?	งั้นเหรอ?
08-0778	talk	Only 2,000 yen for a drink, what do you say?	แค่ 2,000 เยนต่อแก้วเองนะ ว่าไงครับ?
08-0779	talk	(Oh, he's a barker.)	(อ้อ นี่มันพนักงานเรียกแขกนี่เอง)
08-0780	talk	H-Hey, come on, man! I'm in serious trouble right now!	เ-เฮ้ อย่าเพิ่งไปสิพี่! ตอนนี้ผมกำลังเดือดร้อนหนักเลยนะ!
08-0781	talk	A big party just cancelled on me and I'm so screwed if I don't fill some tables!	ลูกค้ากลุ่มใหญ่เพิ่งยกเลิกไป ถ้าไม่มีคนมานั่งเติมโต๊ะบ้าง ผมซวยแน่!
08-0782	talk	So, please! Can't you hear me out?	เพราะงั้นได้โปรดเถอะ! ฟังผมสักหน่อยได้ไหม?
08-0783	talk	Like I said, I run that bar over there with my wife. It's got a real nice vibe, and pretty good food, if I do say so myself.	อย่างที่บอกไป ผมเปิดบาร์ตรงนั้นกับภรรยาน่ะ บรรยากาศดีเลยนะ แล้วก็อาหารก็อร่อยด้วย ถ้าให้ผมพูดเองนะ
08-0784	talk	But losing customers like this has put us in a real pinch. If you have a drink, you'll really be helping us out!	แต่การเสียลูกค้าแบบนี้ทำให้เรา ลำบากมากเลย ถ้าคุณดื่มสักแก้ว จะช่วยเราได้เยอะเลยนะครับ!
08-0785	talk	(Damn, this guy's not giving up, is he?)	(บ้าเอ๊ย หมอนี่ไม่ยอมถอยเลยสินะ)
08-0786	talk	Just 2,000 yen, right?	แค่ 2,000 เยนใช่ไหม?
08-0787	talk	Totally! It's a panic sale! You won't regret it!	ใช่เลยครับ! ลดราคาแบบตื่นตระหนกเลยล่ะ! ไม่มีเสียใจแน่นอน!
08-0788	talk	Sorry, but I've got places to be.	ขอโทษนะ แต่ผมมีธุระต้องไป
08-0789	talk	Oh come on, don't be like that!	โธ่เอ๊ย อย่าทำแบบนี้สิ!
08-0790	talk	Aw, wait!	เดี๋ยวก่อนสิ!
08-0791	talk	Fine. Just one drink.	ก็ได้ แค่แก้วเดียวนะ
08-0792	talk	Now we're talking! Please, right this way.	นี่สิถึงจะพูดกันรู้เรื่อง! เชิญทางนี้เลยครับ
08-0793	talk	(If anything about this turns sketchy, I'm walking right out the door.)	(ถ้ามีอะไรน่าสงสัยขึ้นมา ผมเดินออกไปทันทีแน่นอน)
08-0794	talk	Oh, what's this? A customer?	อ้าว นี่อะไรกันเนี่ย? ลูกค้าเหรอคะ?
08-0795	talk	You're darn right, Maki. Caught this guy wandering right outside, and offered him a drink.	ใช่แล้วล่ะ มากิ เจอหมอนี่เดินอยู่ข้างนอกพอดี เลยชวนมาดื่มสักแก้ว
08-0796	talk	Honey, don't tell me...	ที่รักคะ อย่าบอกนะว่า...
08-0797	talk	Were you out there harassing people again!? Didn't I tell you it's against the law!? 	ไปก่อกวนคนอื่นข้างนอกอีกแล้วใช่ไหม!? บอกแล้วไงว่ามันผิดกฎหมาย!?
08-0798	talk	Sh-Shut up, woman! It's my bar, and I'll do what I want!	ห-หุบปากน่า! บาร์นี้เป็นของผม ผมจะทำอะไรก็เรื่องของผม!
08-0799	talk	Oh it's your bar, is it? What if I stop helping you with it, then!?	อ๋อ บาร์คุณเหรอ? ถ้างั้นฉันเลิกช่วยคุณทำบาร์นี่ เลยดีไหมล่ะ!?
08-0800	talk	Oh really!? You're the one who needs the cash to fund your host club addiction!	อ๋อ งั้นเหรอ!? ก็คุณนี่แหละที่ต้องการเงินไป เลี้ยงนิสัยติดโฮสต์คลับ!
08-0801	talk	I haven't gone to a host club in forever! And I've worked more than enough to make up for it!	ฉันไม่ได้ไปโฮสต์คลับมานานแล้วนะ! แล้วก็ทำงานหนักพอจะชดเชยมันได้ อยู่แล้วด้วย!
08-0802	talk	(How did I manage to walk into a marital spat...)	(ผมเดินมาเจอศึกผัวเมียได้ยังไง กันเนี่ย...)
08-0803	talk	You're ridiculous! I'm going to go have a drink!	ไร้สาระสิ้นดี! ผมจะไปดื่มเองแล้ว!
08-0804	talk	O-Oh, I'm sorry, sir!	อ๊ะ ขอโทษด้วยนะคะ!
08-0805	talk	That must have been terribly awkward for you. I don't want to keep you...	คงอึดอัดน่าดูเลยนะคะ ฉันไม่อยากรั้งคุณไว้หรอก...
08-0806	talk	No, it's fine. I don't mind ordering the drink I said I would.	ไม่เป็นไรครับ ผมไม่ว่าอะไรที่จะสั่ง เครื่องดื่มตามที่พูดไว้
08-0807	talk	What would you like, sir?	รับอะไรดีคะ?
08-0808	talk	You have any recommendations?	มีอะไรแนะนำไหมครับ?
08-0809	talk	We actually just restocked some top shelf whisky today. We can barely keep this stuff in the house.	จริง ๆ วันนี้เพิ่งเติมวิสกี้เกรด เยี่ยมเข้ามาใหม่เลยค่ะ แทบเก็บไว้ในร้านไม่ทันเลย
08-0810	talk	Seems like it's a good bargain for a great taste, if you ask me.	ถ้าถามฉันนะ คิดว่าคุ้มค่ากับรสชาติดีเยี่ยม แบบนี้เลยล่ะ
08-0811	talk	Sounds right up my alley.	ฟังดูถูกใจผมเลยครับ
08-0812	talk	Okay. Coming right up.	ได้ค่ะ เดี๋ยวจัดมาให้เลย
08-0813	talk	Thanks for the drink. It was nice.	ขอบคุณสำหรับเครื่องดื่มนะครับ อร่อยดี
08-0814	talk	I'm glad you enjoyed yourself. Come back any time.	ดีใจที่ถูกใจนะคะ แวะมาได้ทุกเมื่อเลย
08-0815	talk	Oh yeah, I'm sorry, but we don't take cards. Can I ask you to pay in cash?	อ้อ ใช่แล้ว ขอโทษด้วยนะคะ ที่นี่ไม่รับบัตร ขอเป็นเงินสดได้ไหมคะ?
08-0816	talk	Sure, I've got 2,000 yen on me.	ได้ครับ ผมมี 2,000 เยนติดตัวอยู่
08-0817	talk	W-Wait, why is this bill for 100,000 yen!?	เ-เดี๋ยวนะ ทำไมบิลนี้ถึงเป็น 100,000 เยน!?
08-0818	talk	You sure that's right?	แน่ใจนะว่าถูกต้อง?
08-0819	talk	Really? Did I put the wrong price?	จริงเหรอคะ? ฉันใส่ราคาผิดหรือเปล่านะ?
08-0820	talk	Oh, I'm afraid not, sir. Everything looks correct to me.	อ๋อ ไม่ผิดหรอกค่ะ ทุกอย่างถูกต้องแล้วสำหรับฉันนะ
08-0821	talk	100,000 yen. In cash please.	100,000 เยนค่ะ ขอเป็นเงินสดด้วยนะคะ
08-0822	talk	(Th-They got me... These conniving...)	(พ-พวกนี้หลอกผมซะแล้ว... ไอ้พวกเจ้าเล่ห์...)
08-0823	talk	(They ripped me off!)	(พวกมันโกงผม!)
08-0824	talk	Oh, sir, are you unable to pay?	อ้าว คุณคะ จ่ายไม่ไหวเหรอคะ?
08-0825	talk	Back it up a sec! Any way you slice it, 100,000 for a shot of whisky is ridiculous!	เดี๋ยวก่อนนะ! ยังไงก็ตาม 100,000 สำหรับวิสกี้แก้วเดียวมัน ไร้สาระเกินไปแล้ว!
08-0826	talk	Your husband said the prices were reasonable!	สามีคุณบอกว่าราคามันสมเหตุสมผลนะ!
08-0827	talk	They are reasonable, sir. But I've included the service fee for my world-class bartending.	มันสมเหตุสมผลจริง ๆ นะคะ แต่ฉันรวมค่าบริการฝีมือ บาร์เทนเดอร์ระดับโลกของฉัน เข้าไปด้วย
08-0828	talk	Are you listening to me? Your husband said it was a 2,000 yen drink!	ฟังผมอยู่รึเปล่า? สามีคุณบอกว่าแค่ 2,000 เยนนะ!
08-0829	talk	Oh, my husband has no idea what we charge. I keep telling him to stop quoting prices.	อ๋อ สามีฉันไม่รู้หรอกค่ะว่าเรา คิดราคาเท่าไหร่ ฉันบอกเขาตลอดให้เลิกบอกราคาเอง
08-0830	talk	That stupid man... Look at him, causing such misunderstandings.	ไอ้คนโง่นั่น... ดูสิ ทำให้เกิดความเข้าใจผิดแบบนี้
08-0831	talk	You're shameless. That fight earlier was just to lower my guard, wasn't it?	หน้าด้านจริง ๆ เมื่อกี้ที่ทะเลาะกันก็แค่หลอก ให้ผมตายใจใช่ไหม?
08-0832	talk	I don't know what you're talking about.	ไม่รู้เรื่องที่คุณพูดเลยค่ะ
08-0833	talk	Now, if you would, the check, sir.	เอาล่ะค่ะ ถ้าไม่ว่าอะไร ขอบิลด้วยนะคะ
08-0834	talk	The police are going to catch on to this, you know.	ตำรวจจะจับได้เรื่องนี้แน่นะ
08-0835	talk	Please. The police don't have time to deal with civil affairs in this town. They wouldn't come if you reported me.	ไม่เอาน่า ตำรวจแถวนี้ไม่มีเวลามายุ่งกับ เรื่องแพ่งหรอกค่ะ ต่อให้คุณแจ้งความ พวกเขาก็ไม่มาหรอก
08-0836	talk	(She knows the game too well... Damn it.)	(เธอรู้เกมนี้ดีเกินไปหน่อย... บ้าเอ๊ย)
08-0837	talk	Sir, I have plans after this, so if you don't mind, can you please close your tab?	คุณคะ ฉันมีนัดต่อหลังจากนี้ ถ้าไม่ว่าอะไร ช่วยจ่ายบิลให้เรียบร้อยได้ไหมคะ?
08-0838	talk	You think I'm just going to cough up that kind of money?	คิดว่าผมจะยอมควักเงินขนาดนั้นง่าย ๆ เหรอ?
08-0839	talk	Eh!?	เห!?
08-0840	talk	If you don't pay, I'll stab myself. And who do you think they'll blame?	ถ้าคุณไม่จ่าย ฉันจะแทงตัวเองเลยนะคะ แล้วคิดว่าใครจะโดนโทษล่ะคะ?
08-0841	talk	Are you really ready to pay the price for stabbing a poor, defenseless woman?	คุณพร้อมจะรับผิดชอบข้อหาทำร้าย ผู้หญิงตัวเปล่าเปลี่ยว ไร้ทางสู้จริง ๆ เหรอคะ?
08-0842	talk	Y-You wouldn't...	คุณ...คุณไม่กล้าทำหรอกน่า...
08-0843	talk	Oh, but I would. I'll scream, and then stab myself, right here.	อ๋อ ฉันกล้าค่ะ ฉันจะกรี๊ด แล้วก็แทงตัวเองตรงนี้เลย
08-0844	talk	I'm not paying!	ผมไม่จ่าย!
08-0845	talk	Fine. You asked for it.	ก็ได้ค่ะ คุณเป็นคนขอเองนะคะ
08-0846	talk	W-Wait just a minute!	เ-เดี๋ยวก่อนนะ!
08-0847	talk	(Gah, shit. What do I do now?)	(อ้าก บ้าเอ๊ย จะทำยังไงดีวะเนี่ย?)
08-0848	talk	F-Fine, I'll pay! Just lower the knife!	ก-ก็ได้ ผมจ่ายก็ได้! วางมีดลงก่อนเถอะ!
08-0849	talk	100,000. Not a yen less.	100,000 ค่ะ ลดสักเยนก็ไม่ได้
08-0850	talk	(I've got to buy some time...)	(ผมต้องซื้อเวลาไว้ก่อน...)
08-0851	talk	(Is there no other way? Nothing I can see?)	(ไม่มีทางอื่นแล้วเหรอ? ไม่เห็นช่องทางเลย?)
08-0852	talk	(Hm, there's a tan line on her finger. Does that mean her wedding ring is usually on?)	(อืม มีรอยผิวไม่เท่ากันที่นิ้วเธอ หมายความว่าปกติเธอใส่แหวน แต่งงานตลอดใช่ไหม?)
08-0853	talk	(If so, that would mean she's taken it off specifically for tonight...)	(ถ้าใช่ ก็แปลว่าเธอถอดมันออกเป็นพิเศษ สำหรับคืนนี้...)
08-0854	talk	(Maybe this woman really is about to go have an affair?)	(หรือว่าผู้หญิงคนนี้กำลังจะไป มีชู้จริง ๆ?)
08-0855	talk	Hey! How long are you going to stare into space? Pay up already!	เฮ้! จะเหม่อลอยไปถึงเมื่อไหร่กัน? จ่ายเงินซะทีสิ!
08-0856	talk	(It pisses me off to no end, but I think I should just pay her... For now.)	(หงุดหงิดสุด ๆ เลย แต่คิดว่าคงต้องจ่ายไปก่อน... เอาไว้ก่อนแล้วกัน)
08-0857	talk	(Crap. It's that same barker.)	(บ้าเอ๊ย พนักงานเรียกแขกคนเดิมอีกแล้ว)
08-0858	talk	Yo! You feelin' like a drink, my man?	โย่! อยากดื่มสักแก้วไหมพี่?
08-0859	talk	Only 2,000 yen! It's a big ol' sale!	แค่ 2,000 เยนเอง! ลดราคาก้อนใหญ่เลยนะ!
08-0860	talk	(She's sure wearing a lot of makeup tonight. And it's immaculate. She couldn't do this every day, could she?)	(คืนนี้เธอแต่งหน้าเยอะจริง ๆ แล้วก็เป๊ะมากด้วย คงไม่ได้แต่งขนาดนี้ทุกวันหรอกใช่ไหม?)
08-0861	talk	I see you sizing me up, pretty boy. I'm quite a catch, huh? You caught me on a good night.	เห็นมองฉันจากหัวจรดเท้าเลยนะ หนุ่มหล่อ ฉันเป็นของดีเลยใช่ไหมล่ะ เจอฉันในคืนที่ดีพอดีเลย
08-0862	talk	(So she did go the extra mile tonight...)	(งั้นคืนนี้เธอก็ทุ่มเป็นพิเศษจริง ๆ ด้วย...)
08-0863	talk	If you keep staring, I'm going to add it to your tab.	ถ้ายังจ้องแบบนี้ ฉันจะบวกเข้าบิลคุณเลยนะ
08-0864	talk	What, you think I'll give you even more?	อะไรกัน คิดว่าผมจะให้เพิ่มอีกเหรอ?
08-0865	talk	Even beauty has its price, sweetie!	ต่อให้เป็นความสวย ก็มีราคาของมันนะ ที่รัก!
08-0866	talk	In fact, now that I look at you... You're handsome, in a rugged sort of way. Would you like to pay... physically?	อันที่จริง พอมองดูตอนนี้... คุณก็หล่อแบบดิบ ๆ เหมือนกันนะ อยากจ่ายด้วย...ตัวเองไหมล่ะ?
08-0867	talk	No, no! I'll give you your money!	ไม่ ไม่เอา! ผมจะให้เงินคุณก็ได้!
08-0868	talk	(This woman is something else...)	(ผู้หญิงคนนี้มันสุดจริง ๆ...)
08-0869	talk	(She's pretty dressed up tonight.)	(คืนนี้เธอแต่งตัวจัดเต็มจริง ๆ)
08-0870	talk	Hmhm, are you eyeing my necklace? I like to wear this one on special occasions.	ฮึ่มฮึ่ม มองสร้อยคอฉันอยู่เหรอ? ฉันชอบใส่เส้นนี้ในโอกาสพิเศษน่ะ
08-0871	talk	Special occasions?	โอกาสพิเศษเหรอ?
08-0872	talk	Oh, don't worry, it's got nothing to do with you.	อ๋อ ไม่ต้องห่วงหรอก มันไม่เกี่ยวกับคุณหรอก
08-0873	talk	But if you want to fantasize about my body and my necklace later tonight, you're welcome to it!	แต่ถ้าคืนนี้อยากจะจินตนาการถึง ร่างกายฉันกับสร้อยเส้นนี้ต่อ ก็ตามสบายเลยนะ!
08-0874	talk	(A special occasion tonight, huh? That must mean she's meeting someone...)	(โอกาสพิเศษคืนนี้เหรอ? นั่นแปลว่าเธอต้องไปเจอใครสักคนแน่ ๆ...)
08-0875	talk	(Is she meeting her husband? Or someone else? Maybe this'll be my lucky break.)	(เธอจะไปเจอสามีเหรอ? หรือคนอื่น? นี่อาจเป็นโอกาสทองของผมก็ได้)
08-0876	talk	(It could be completely harmless, but if it's not... I'll have my bargaining chip. I'm desperate here.)	(อาจจะไม่มีอะไรเลยก็ได้ แต่ถ้ามีจริง... ผมจะได้ไพ่ต่อรองไว้ในมือ ตอนนี้ผมสิ้นหวังสุด ๆ แล้ว)
08-0877	talk	So the service fee is 40,000 yen, and then there's a pouring fee of 50,000!?	ค่าบริการ 40,000 เยน แล้วยังมีค่ารินเหล้าอีก 50,000!?
08-0878	talk	When we sell everything at 2,000 yen a drink, we have to make the money somehow. Why complain?	ในเมื่อเราขายทุกแก้วแค่ 2,000 เยน ก็ต้องหาเงินจากที่อื่นสิคะ จะบ่นทำไมล่ะ?
08-0879	talk	Because it's robbery, that's why!	ก็เพราะมันคือการปล้นชัด ๆ ไงล่ะ!
08-0880	talk	Why come to a bar if all you're going to do is complain!?	จะมาบาร์ทำไมถ้าจะมาบ่นอย่างเดียว!?
08-0881	talk	Hey, I got dragged in here by a barker!	เฮ้ ผมโดนคนเรียกแขกลากเข้ามาในนี้นะเนี่ย!
08-0882	talk	Hmph. You young folks will nitpick anything these days. Degenerates, all of you.	ฮึ่ย เด็กสมัยนี้ชอบจับผิดไปทุกเรื่องจริงๆ เสื่อมทรามกันทั้งนั้น
08-0883	talk	Your whole generation is a bunch of degenerate goblins.	คนรุ่นพวกแกนี่มันปีศาจ เสื่อมทรามกันทั้งรุ่นเลยนะ
08-0884	talk	(The only degenerate in here is you, lady.)	(คนเสื่อมทรามคนเดียวในนี้ก็คือ ยายคนนั้นแหละ)
08-0885	talk	(So that's where the money goes that she rips off the customers.)	(อ้อ เงินที่ยายรีดจากลูกค้าไปลง ที่นี่นี่เอง)
08-0886	talk	(Pisses me off that my money's about to go there too.)	(หงุดหงิดจริงๆ ที่เงินของผมก็กำลังจะไปลงที่นั่นด้วย)
08-0887	talk	(That's a helluva lot of cigarette butts. Does she smoke that much?)	(ก้นบุหรี่เยอะขนาดนี้เลยเหรอ ยายสูบขนาดนั้นเชียวหรือไง)
08-0888	talk	(Maybe it's a customer, or maybe it's her barker husband?)	(หรือจะเป็นของลูกค้า หรือของสามีที่เป็นคนเรียกแขก ของยายกันนะ)
08-0889	talk	(Either way, maybe I can break out of this...)	(ไม่ว่าจะยังไง บางทีผมอาจจะหนีออกจากตรงนี้ได้นะ...)
08-0890	talk	(They must have a bathroom... Maybe I can get out that way.)	(ต้องมีห้องน้ำแน่ๆ... บางทีผมอาจจะหนีออกทางนั้นได้)
08-0891	talk	Hey... You mind if I use the bathroom real quick?	เฮ้... ขอใช้ห้องน้ำแป๊บนึงได้ไหม?
08-0892	talk	If you pay first.	ถ้าจ่ายเงินมาก่อนนะ
08-0893	talk	I'm leaking here, lady.	จะแตกอยู่แล้วนะยาย
08-0894	talk	If your plan is to escape from the bathroom, don't even think about it.	ถ้าคิดจะหนีออกทางห้องน้ำ อย่าได้คิดเชียวนะ
08-0895	talk	Do that in the bathroom!	จะทำอะไรก็ไปทำในห้องน้ำนู่นสิ!
08-0896	talk	That's not what I meant!	เปล่า ไม่ใช่แบบนั้นสักหน่อย!
08-0897	talk	Shit! You got me, lady...	เวรกรรม! โดนยายจับได้ซะแล้ว...
08-0898	talk	But don't think for a second that this is over.	แต่อย่าคิดนะว่าเรื่องนี้จะจบง่ายๆ
08-0899	talk	I'll get my money back. In my own way.	ผมจะเอาเงินคืนมาให้ได้ ด้วยวิธีของผมเอง
08-0900	talk	(She's right that the police would never bother with fraud like this... So I guess I'll have to stoop to her level.)	(ยายพูดถูกที่ตำรวจไม่มีทางมา ยุ่งกับการโกงแบบนี้หรอก... งั้นผมคงต้องเล่นเกมแบบเดียวกับ ยายบ้างแล้ว)
08-0901	talk	(If I catch her in the middle of an affair, that'll be all the bargaining chips I need.)	(ถ้าจับได้คาหนังคาเขาว่ายายกำลังนอกใจ นั่นแหละจะเป็นไพ่ต่อรองที่ผม ต้องการพอดี)
08-0902	talk	Mmhm. I just got off work, darling.	อื้ม เพิ่งเลิกงานมาค่ะที่รัก
08-0903	talk	Yup, I'm good! I'll see you soon... Hehe.	ค่ะ ฉันโอเคดี! เดี๋ยวไปหานะ... ฮิฮิ
08-0904	talk	(She was laying the charm on thick... That had to have been a guy on the other end.)	(ยายเล่นมุกหวานเยิ้มเลยนี่... ปลายสายต้องเป็นผู้ชายแน่ๆ)
08-0905	talk	(This is looking more and more like I might just get the affair I'm after.)	(ท่าทางเรื่องนอกใจที่ผมตามหา อยู่จะยิ่งชัดเจนขึ้นเรื่อยๆ แล้วสิ)
08-0906	talk	(Heh, yep, trailing this lady is the right call.)	(ฮึ ใช่เลย สะกดรอยตามยายคนนี้มาถูกทางจริงๆ)
08-0907	talk	(I'll get my money back... And she'll pay for taking it!)	(ผมจะเอาเงินคืนมา... แล้วยายจะต้องชดใช้ที่เอาไปด้วย!)
08-0908	talk	(All right. Just gotta follow her without getting seen.)	(เอาล่ะ แค่ตามยายไปโดยไม่ให้จับได้ก็พอ)
08-0909	talk	Were you waiting long, baby?	รอนานหรือเปล่าที่รัก?
08-0910	talk	Oh no, I just got here!	เปล่าค่ะ เพิ่งมาถึงเอง!
08-0911	talk	It's been sooo long, hasn't it, Tsubasa? So... Do you have anything <font_kind=yakuza_italic>long</font_kind> you want to give me?	ไม่เจอกันตั้งนานเลยนะ ทซึบาสะ... ว่าแต่ มีอะไร<font_kind=yakuza_italic>ยาวๆ</font_kind>จะเอามาให้ฉันไหม?
08-0912	talk	Damn, Maki. It's only been three days, hasn't it?	โอ้โห มากิ เพิ่งจะสามวันเองนะเนี่ย
08-0913	talk	(Ah, she's seeing that host. No wonder she needed 100,000 yen... These guys aren't cheap.)	(อ้อ ยายคบหนุ่มโฮสต์อยู่นี่เอง มิน่าถึงต้องการเงินตั้ง 100,000 เยน... หนุ่มพวกนี้ไม่ถูกเลยสักนิด)
08-0914	talk	I see you took off your ring. I'm proud of you.	เห็นว่าถอดแหวนออกมาแล้วนี่ ผมภูมิใจในตัวคุณนะ
08-0915	talk	Oh, Tsubasa... I'm a virgin every night for you.	โธ่ ทซึบาสะ... ฉันบริสุทธิ์ทุกคืนเพื่อคุณเลยนะ
08-0916	talk	Really? That mean you want me to pop that cherry tonight?	จริงเหรอ? นั่นแปลว่าอยากให้ผมเก็บดอกไม้ คืนนี้เลยไหม?
08-0917	talk	Mhmm. I'll give you every part of me...	อื้ม ฉันจะมอบทุกส่วนของตัวเองให้คุณเลย...
08-0918	talk	(Haha, wow, dude. He's just doing his job, but he keeps up with her like it's nothing.)	(ฮ่าๆ โห นี่มัน... หนุ่มคนนี้แค่ทำงานแท้ๆ แต่เล่นไปกับยายได้เนียนขนาดนี้ เลยเหรอ)
08-0919	talk	Hello, ma'am. Did I catch you feeling thirsty?	สวัสดีครับคุณผู้หญิง หิวน้ำอยู่พอดีเลยใช่ไหมครับ?
08-0920	talk	Y-You...! What are you doing here!?	แ-แกมาทำอะไรที่นี่!?
08-0921	talk	What do you think of this pic? Your face came out really nice, I think.	คิดว่ารูปนี้เป็นไงบ้างครับ? หน้าคุณออกมาสวยดีเลยนะผมว่า
08-0922	talk	Didn't you tell your husband you'd quit the host club thing? I wonder what he'd think about this photo?	ไม่ได้บอกสามีไปเหรอครับว่าจะ เลิกไปคลับโฮสต์แล้ว? ไม่รู้เขาจะคิดยังไงกับรูปนี้นะ
08-0923	talk	H-Hand that over!	เ-เอามันมานี่!
08-0924	talk	Woah, let's not get grabby.	โว้ว ใจเย็นๆ อย่าเพิ่งรีบคว้าสิ
08-0925	talk	Hey! Who the hell are you!?	เฮ้! นายเป็นใครวะ!?
08-0926	talk	Nobody in particular, cougar bait. Or would you say this is just part of the job?	ก็ไม่ใช่ใครหรอก ไอ้หนุ่มขายตัวให้แม่ยก หรือนายจะบอกว่านี่ก็เป็น ส่วนหนึ่งของงานเหมือนกันล่ะ?
08-0927	talk	Tsubasa loves me, you moron!	ทซึบาสะรักฉันนะ ไอ้โง่!
08-0928	talk	Y-Yeah, totally, Maki.	อ-อือ ใช่เลย มากิ
08-0929	talk	Then won't you kick this guy's ass for me? You said you work out, didn't you?	งั้นช่วยจัดการไอ้นี่ให้ฉัน หน่อยได้ไหม? บอกว่าออกกำลังกายอยู่ไม่ใช่เหรอ?
08-0930	talk	I'll give you 50,000! Er, no! Make it 100,000!	ฉันจะให้ 50,000! เอ๊ะ ไม่สิ! เอา 100,000 ก็แล้วกัน!
08-0931	talk	Sounds like a good deal to me!	ฟังดูคุ้มดีนี่!
08-0932	talk	(So he's in it for the paycheck after all.)	(สรุปแล้วก็ทำเพื่อเงินอยู่ดีสินะ)
08-0933	talk	Let's go, asshole! You think you can step up to my lady like that!? I'll go easy on you if you don't hit my face!	มาสิไอ้สารเลว! คิดว่าจะมาทำแบบนี้กับผู้หญิง ของฉันได้เหรอ!? ถ้าไม่ตีหน้าฉันละก็ ฉันจะปล่อยมือให้!
08-0934	talk	Ow... I told you not to touch my face...	โอ๊ย... บอกแล้วไงว่าอย่าแตะหน้าฉัน...
08-0935	talk	T-Tsubasa! Are you okay!?	ท-ทซึบาสะ! เป็นอะไรไหม!?
08-0936	talk	Well, ma'am, what's next on your list?	เอาล่ะครับคุณผู้หญิง ต่อไปจะเอายังไงดี?
08-0937	talk	I-I'll give you 50,000! Just delete that picture!	ฉ-ฉันจะให้ 50,000! แค่ลบรูปนั้นทิ้งซะ!
08-0938	talk	I say we make it 100,000.	ผมว่าเอา 100,000 ดีกว่า
08-0939	talk	Th-That much!? It's just a picture!	ตั้งเยอะขนาดนั้นเลยเหรอ!? มันก็แค่รูปเดียวเอง!
08-0940	talk	Sure, the picture comes cheap, but there's a service fee for deleting it... And my world class photography.	ก็จริงที่รูปมันไม่แพง แต่มีค่าบริการสำหรับการลบด้วยนะ... แถมยังต้องรวมฝีมือถ่ายภาพ ระดับโลกของผมเข้าไปด้วย
08-0941	talk	What's with that stare!? Are you sizing me up, you creep!?	มองอะไรของแก!? กำลังประเมินฉันอยู่เหรอ ไอ้โรคจิต!?
08-0942	talk	Just thinking that you must still have the money you ripped off me, right? Why not just return that?	ก็แค่คิดว่าคุณคงยังมีเงินที่ โกงไปจากผมอยู่ใช่ไหม? ทำไมไม่คืนมาซะเลยล่ะ?
08-0943	talk	F-Fine! I'll give it back! Just don't tell my husband about this!	ก-ก็ได้! ฉันจะคืนให้! แค่อย่าบอกเรื่องนี้กับสามีฉันก็พอ!
08-0944	talk	Yo! You look like you need a drink, man.	เฮ้! ท่าทางนายต้องการเครื่องดื่มสัก แก้วนะเพื่อน
08-0945	talk	Maki... What were you doing with that guy?	มากิ... เธอไปทำอะไรกับผู้ชายคนนั้นมา?
08-0946	talk	O-Oh, nothing...	อ-อ๋อ เปล่าอะไรหรอก...
08-0947	talk	Don't tell me you were at that host club again!?	อย่าบอกนะว่าไปคลับโฮสต์นั่นอีกแล้ว!?
08-0948	talk	N-No, why would I...	เ-เปล่านะ ทำไมฉันจะ...
08-0949	talk	What is it then, huh!?	งั้นมันคืออะไรกันล่ะ!?
08-0950	talk	I'm sorrrrrrrrrrry!	ขอโทษษษษษษ นะ!
08-0951	talk	I'm glad I got my money back... But I'm annoyed for getting conned in the first place. More at myself than anything.	ผมดีใจที่ได้เงินคืนมา... แต่ก็หงุดหงิดที่โดนหลอกตั้งแต่แรก โดยเฉพาะหงุดหงิดตัวเองมากกว่าใคร
08-0952	talk	Just goes to show, you can't let your guard down in Kamurocho, no matter how well you think you know it...	เป็นการเตือนใจว่าห้ามประมาท ในคามุโรโจเด็ดขาด ไม่ว่าจะคิดว่ารู้จักที่นี่ดี แค่ไหนก็ตาม...
08-0953	talk	(If I could just get evidence of that...)	(ถ้าผมหาหลักฐานเรื่องนั้นได้ล่ะก็...)
08-0954	talk	(I could use it to "negotiate" the return of my money...)	(ผมคงเอามัน"ต่อรอง"ให้ยายคืนเงินให้ได้...)
08-0955	talk	(No ring that I can see... But then again, it's her right hand, so...)	(ไม่เห็นแหวนเลย... แต่นี่มันมือขวาของยายนี่นา...)
08-0956	talk	(Maybe if I check her left though...)	(ลองดูมือซ้ายของยายดูดีกว่า...)
08-0957	talk	(If she's having an affair, she'd take off her ring for sure...)	(ถ้ายายนอกใจจริง ต้องถอดแหวนออกแน่ๆ...)
08-0958	talk	(This could be worth looking into.)	(เรื่องนี้น่าจะคุ้มค่าที่จะสืบดูนะ)
08-0959	talk	(Nice. She's not gonna be able to deny anything when it's this close.)	(เยี่ยม ใกล้ขนาดนี้ยายคงเถียงไม่ออกแน่)
08-0960	talk	(She told her husband she'd stopped going to the host clubs... I think I've got the perfect angle for this.)	(ยายบอกสามีว่าเลิกไปคลับโฮสต์แล้ว... ผมว่าผมเจอมุมที่เหมาะเจาะสุดๆ แล้วล่ะ)
08-0961	talk	(And the photo is just icing on the cake.)	(แล้วรูปนี้ก็เป็นแค่ของแถม ชั้นเยี่ยมเท่านั้นเอง)
08-0962	talk	(Hmm, I could've gotten closer I think, but this should still be fine.)	(อืม ผมน่าจะเข้าไปใกล้กว่านี้ได้นะ แต่แค่นี้ก็น่าจะโอเคแล้วล่ะ)
08-0963	talk	(All right, I need a good pic of this. Something she can't talk her way out of.)	(เอาล่ะ ผมต้องถ่ายรูปนี้ให้ดีๆ ให้เป็นอะไรที่ยายเถียงไม่ออก)
08-0964	talk	(That necklace is the star of the ensemble, too.)	(สร้อยคอเส้นนั้นก็เป็นพระเอกของ ชุดนี้เหมือนกันนะ)
08-0965	talk	What the hell, how come I keep missing! Are you some kind of mutant?	อะไรวะเนี่ย ทำไมพลาดตลอดเลย! แกเป็นมนุษย์กลายพันธุ์รึไง?
08-0966	talk	Hahaha, you mad? You can try again any time you like... I could use some extra pocket change!	ฮ่าๆๆ โกรธเหรอ? จะลองใหม่กี่ครั้งก็ได้นะ... ผมเก็บตังค์ค่าขนมเพิ่มได้ อีกหน่อยพอดี!
08-0967	talk	Hey, you mind telling me what's going on here?	เฮ้ ช่วยบอกหน่อยได้ไหมว่าเกิดอะไร ขึ้นที่นี่?
08-0968	talk	What, you don't know? Then let me introduce myself. The name's Tanago, but you can call me... Mr. Try and Hit Me!	หา ไม่รู้เหรอ? งั้นขอแนะนำตัวหน่อยนะ ผมชื่อทานาโกะ แต่นายเรียกผมว่า... มิสเตอร์ตีไม่โดน ก็ได้!
08-0969	talk	...Are you serious?	...พูดจริงเหรอเนี่ย?
08-0970	talk	I'm dead serious. If you can hit me even once within a thirty-second time limit, I'll give you 50,000 yen.	จริงจังสุดๆ ถ้านายตีโดนผมสักครั้งภายในเวลา สามสิบวินาที ผมจะให้เงิน 50,000 เยนเลย
08-0971	talk	I gotta warn you though! Out of all my 200 matches, I haven't lost a single one. Think you can break that record?	แต่ต้องเตือนไว้ก่อนนะ! ผมชกมาแล้ว 200 แมตช์ ไม่เคยแพ้สักครั้งเดียว คิดว่าจะทำลายสถิตินี้ได้ไหมล่ะ?
08-0972	talk	All I need to do is hit you, right? Sounds easy enough.	แค่ต้องตีให้โดนใช่ไหม? ฟังดูง่ายนี่นา
08-0973	talk	Heh. You say that now, but I bet you'll end up sprawled out on the ground like everyone else who challenged me!	ฮึ พูดได้ตอนนี้แหละ แต่ผมพนันได้เลยว่านายจะจบลง ด้วยการนอนแผละกับพื้น เหมือนคนอื่นๆ ที่เคยท้าผมมาแล้ว!
08-0974	talk	Heh heh heh. And you know what I love seeing more than anything else? Embarrassing arrogant pricks like you!	ฮึ่ ฮึ่ ฮึ่ แล้วรู้ไหมว่าอะไรที่ผมชอบเห็นที่สุด? การทำให้ไอ้พวกหยิ่งยโสอย่างนาย ขายหน้าไงล่ะ!
08-0975	talk	So. If you think you got what it takes, then put your money where your mouth is! It's 5,000 yen per try.	เอาล่ะ ถ้าคิดว่ามีของจริง ก็เอาเงินมาพิสูจน์สิ! ครั้งละ 5,000 เยน
08-0976	talk	Oh, I don't have that much...	อ้อ ผมไม่มีเงินมากขนาดนั้น...
08-0977	talk	Hey, you gotta pay to play! Actually bring your wallet next time!	เฮ้ อยากเล่นก็ต้องจ่ายสิ! คราวหน้าพกกระเป๋าเงินมาด้วยนะ!
08-0978	talk	Nope, not today.	ไม่ล่ะ วันนี้ไม่เอา
08-0979	talk	Weak! Whatever though. I can keep myself occupied.	อ่อนจัง! ช่างเถอะ ผมหาอะไรทำเองได้
08-0980	talk	Hah, I thought I might see you around! 5,000 yen, same as always. You ready for the challenge of a lifetime?	ฮ่า คิดอยู่แล้วว่าต้องเจอนายอีก! 5,000 เยนเหมือนเดิม พร้อมรับความท้าทายครั้ง ใหญ่ที่สุดในชีวิตหรือยัง?
08-0981	talk	I'll take you on.	งั้นมาสิ จะเล่นด้วย
08-0982	talk	Hahaha, that's more like it! Let's do this!	ฮ่าฮ่าฮ่า อย่างนี้สิ! มาลุยกันเลย!
08-0983	talk	I, The Great Tanago, prophesy that you won't land a single hit on me, and you'll end up hitting the pavement instead!	ผม ทานาโกะผู้ยิ่งใหญ่ ขอทำนายว่านายจะแตะตัวผมไม่ได้ เลยสักที แล้วจะได้จูบพื้นถนนแทน!
08-0984	talk	Interesting. Then I'll just have to shatter that prophecy of yours.	น่าสนใจ งั้นผมคงต้องทำลายคำทำนายนั่นซะ แล้วล่ะ
08-0985	talk	Hah... Can't touch this!	ฮะ... แตะผมไม่ได้หรอก!
08-0986	talk	Not really. More like I can see through all your slow-ass moves!	ไม่จริงหรอก ผมแค่มองทะลุมูฟช้าๆ ของนายออกหมดต่างหาก!
08-0987	talk	Damn... You're fast.	บ้าเอ๊ย... นายเร็วจริงๆ
08-0988	talk	Oof... Hah... Man... You got me... Me, of all people! ...How?	โอ๊ย... ฮะ... เฮ้ย... นายตีโดนผมได้จริงๆ... ผมแท้ๆ นะเนี่ย! ...ทำได้ยังไง?
08-0989	talk	I simply aimed my punches wherever I thought you would dodge. No prophecies needed.	ผมแค่เล็งหมัดไปยังจุดที่คิดว่า นายจะหลบเท่านั้นเอง ไม่ต้องทำนายอะไรเลย
08-0990	talk	Whoa, that guy actually hit him? No friggin' way! It's like he was doing some crazy kung fu shit!	โห ไอ้หมอนี่ตีโดนจริงเหรอ? ไม่มีทาง! เหมือนเล่นกังฟูบ้าอะไรสักอย่างเลย!
08-0991	talk	Yeah, he was fast as lightning! ...It was even a little bit frightening.	ใช่ เร็วเหมือนสายฟ้าเลย! ...น่ากลัวไปหน่อยด้วยซ้ำ
08-0992	talk	Man, you're fast. You've got the moves all right—I've never seen anything like 'em! Here. You earned this.	โห นายเร็วจริงๆ ลีลาการเคลื่อนไหวเจ๋งสุดๆ—ไม่เคยเห็นแบบนี้มาก่อนเลย! เอ้า นี่ของนาย นายสมควรได้รับมัน
08-0993	talk	But damn... This feeling in my chest... It hurts... So this is the pain of defeat! Who... Who are you, man?	แต่บ้าเอ๊ย... ความรู้สึกในอกนี่มัน... เจ็บจัง... นี่แหละความเจ็บปวดของการพ่ายแพ้! นาย... นายเป็นใครกันแน่?
08-0994	talk	I'm Yagami. Sorry I didn't pull any punches. You were actually pretty hard to hit.	ผมยากามิ ขอโทษที่ไม่ยั้งมือเลย นายตีโดนยากจริงๆ นะ
08-0995	talk	That's a real nice way of saying I'm a loser. But I get it. I couldn't make the cut.	พูดสวยๆ ว่าผมเป็นผู้แพ้นี่เอง แต่ก็เข้าใจล่ะ ผมยังไม่ถึงมาตรฐาน
08-0996	talk	Don't be so hard on yourself. It must've taken a ton of work just to get to where you are today. Not many can do that.	อย่าโทษตัวเองมากไปเลย กว่าจะมาถึงจุดนี้ได้ต้องใช้ ความพยายามมากขนาดไหน ไม่ใช่ทุกคนที่จะทำได้นะ
08-0997	talk	Well... I did have a pretty strict teacher.	ก็... ผมมีครูที่เข้มงวดมากอยู่คนหนึ่ง
08-0998	talk	Someone actually taught you to be like this?	มีคนสอนให้นายเป็นแบบนี้ด้วยเหรอ?
08-0999	talk	Damn straight. He was the previous Mr. Try and Hit Me before I took up his mantle. I admired his way of thinking...	แน่นอนอยู่แล้ว เขาคือมิสเตอร์ตีไม่โดนคนก่อนหน้าผม ก่อนที่ผมจะรับช่วงต่อ ผมชื่นชมแนวคิดของเขามาก...
08-1000	talk	Back in the day, I was just another punk, trying to hit whatever and whoever I could. But I could never hit him.	สมัยก่อน ผมก็แค่เด็กเกเรธรรมดาที่พยายาม ชกใครก็ได้ที่เจอ แต่ไม่เคยตีโดนเขาได้สักครั้ง
08-1001	talk	I see. He must've been quite strong.	เข้าใจแล้ว เขาต้องแข็งแกร่งมากทีเดียวสินะ
08-1002	talk	He was. And thanks to you, Yagami-san, his memory's been rekindled in my heart. I owe you one.	ใช่เลย แล้วเพราะนาย ยากามิซัง ความทรงจำเกี่ยวกับเขากลับมา สว่างไสวในใจผมอีกครั้ง ผมติดหนี้บุญคุณนายนะ
08-1003	talk	Now I have a new goal in mind. I'm gonna train. Over and over. And then I'm gonna dodge every punch you throw at me!	ตอนนี้ผมมีเป้าหมายใหม่แล้ว ผมจะฝึกซ้อม แล้วฝึกซ้อม แล้วก็จะหลบหมัดทุกหมัดที่นาย ส่งมาให้ได้!
08-1004	talk	All right! I'll be stepping up my game from here on out, so you better watch yourself next time!	เอาล่ะ! ต่อจากนี้ผมจะพัฒนาฝีมือให้มากขึ้น ระวังตัวไว้ให้ดีคราวหน้าล่ะ!
08-1005	talk	That's the spirit. Then I'll try and hit you with everything I've got.	นั่นแหละถึงจะใช่ งั้นผมจะทุ่มสุดตัวเพื่อตีนาย ให้โดนบ้าง
08-1006	talk	(You sure picked one hell of a job, Tanago...)	(นายเลือกอาชีพเจ๋งจริงๆ นะ ทานาโกะ...)
08-1007	talk	(At least I know who to visit next time I feel like hitting someone.)	(อย่างน้อยผมก็รู้แล้วว่า คราวหน้าถ้าอยากต่อยใครสักคน ต้องไปหาใคร)
08-1008	talk	Man, I lost again... Is there really anyone out there who can hit this guy?	เฮ้อ แพ้อีกแล้ว... มีใครที่ตีโดนไอ้หมอนี่ได้จริงๆ บ้างไหมเนี่ย?
08-1009	talk	Oh, there is. And I won't be losing to anyone until I face him again.	อ้อ มีอยู่นะ แล้วผมจะไม่แพ้ใครทั้งนั้น จนกว่าจะได้เจอเขาอีกครั้ง
08-1010	talk	H-Hey, aren't you—!?	เ-เฮ้ นายไม่ใช่...!?
08-1011	talk	Yo. It's been a while.	โย่ ไม่ได้เจอกันนานเลยนะ
08-1012	talk	So we meet again at last. I've been looking forward to a rematch. Ready to punch some air?	ในที่สุดก็ได้เจอกันอีกครั้ง ผมรอคอยการแข่งรีแมตช์นี้มานานแล้ว พร้อมชกลมเปล่าๆ หรือยัง?
08-1013	talk	Well aren't you all fired up.	โห ไฟลุกเชียวนะเนี่ย
08-1014	talk	Oh yeah, I've been training day in and day out for this moment. I'm practically untouchable now!	ใช่แล้ว ผมฝึกซ้อมทุกวันไม่มีวันหยุด เพื่อโมเมนต์นี้ ตอนนี้ผมแทบจะแตะตัวไม่ได้แล้ว!
08-1015	talk	Still costs 5,000 yen per round, though. So are you gonna try and hit me or what?	แต่ยังคิดค่าเล่น 5,000 เยนต่อรอบเหมือนเดิมนะ แล้วจะลองตีผมดูไหมล่ะ?
08-1016	talk	Hey, you gotta pay to play. Actually bring your wallet next time!	เฮ้ อยากเล่นก็ต้องจ่ายสิ คราวหน้าพกกระเป๋าเงินมาด้วยนะ!
08-1017	talk	Hah, I thought I might see you around! 5,000 yen, same as always. Ready to eat pavement?	ฮ่า คิดอยู่แล้วว่าต้องเจอนายอีก! 5,000 เยนเหมือนเดิม พร้อมจูบพื้นถนนหรือยัง?
08-1018	talk	Heheh. Oh, I am <font_kind=yakuza_italic>so</font_kind> looking forward to this!	เฮ่อๆ โอ้ ผมรอคอยเรื่องนี้<font_kind=yakuza_italic>มาก</font_kind>จริงๆ เลยนะ!
08-1019	talk	Allow me a brief divination. I see with my mind's eye... a challenger... But what's this? He's on his knees in defeat!?	ขอทำนายสักหน่อยนะ ผมเห็นด้วยตาในใจ... ผู้ท้าชิงคนหนึ่ง... แต่เดี๋ยวนะ นี่มันอะไรกัน เขาคุกเข่ายอมแพ้อยู่นี่!?
08-1020	talk	You need to take your mind's eye to an optometrist... because I see a much different future.	ตาในใจของนายคงต้องไปตรวจกับหมอ ตาแล้วล่ะ... เพราะผมเห็นอนาคตที่ต่างออกไปมากเลยนะ
08-1021	talk	Woo-haa! Can't touch this, baby!	วู้ฮ่า! แตะผมไม่ได้หรอกที่รัก!
08-1022	talk	Dang... I didn't think I'd lose.	เวรกรรม... ไม่คิดว่าจะแพ้
08-1023	talk	Don't feel too bad, you've got moves too... I just happen to have much more! Ahaha yeah...	อย่าเสียใจไปเลย นายก็มีลีลาเก่งอยู่นะ... แค่ผมมีเยอะกว่าเท่านั้นเอง! ฮ่าฮ่า ใช่เลย...
08-1024	talk	Tch... Next time for sure...	เชอะ... คราวหน้าเอาให้ได้แน่...
08-1025	talk	(There's nothing I can do right now. I'll need to come back when I'm faster.)	(ตอนนี้ทำอะไรไม่ได้แล้ว ต้องกลับมาใหม่ตอนที่เร็วกว่านี้)
08-1026	talk	Holy... *gasp* ...shit! Can't believe you beat me... twice!	โห... *หอบ* ...บ้าไปแล้ว! ไม่อยากเชื่อเลยว่านายเอาชนะผมได้... สองครั้งแล้ว!
08-1027	talk	But, a deal's a deal. Take the money!	แต่ตกลงกันแล้วก็ต้องเป็นไปตามนั้น เอาเงินไปเลย!
08-1028	talk	I must say, you are quite something. Take it from someone who's always running into one knucklehead after another...	ต้องบอกเลยว่านายไม่ธรรมดาจริงๆ เชื่อคนที่เจอแต่หัวหมูหัวแมวมา ตลอดคนนี้เถอะ...
08-1029	talk	I still have yet to see a guy who can dodge like you.	ผมยังไม่เคยเจอใครที่หลบเก่ง ขนาดนายเลย
08-1030	talk	...Heh, what can I say? The previous Mr. Try and Hit Me taught me well.	...ฮึ จะให้พูดว่าไงดีล่ะ มิสเตอร์ตีไม่โดนคนก่อนสอนผมมาดีจริงๆ
08-1031	talk	He was like a god among men. His feet could move mountains if they wanted to... 	เขาเปรียบเสมือนเทพเจ้าท่ามกลาง มนุษย์เลยล่ะ เท้าของเขาเคลื่อนภูเขาได้ถ้าอยากทำ...
08-1032	talk	But I'm nowhere near his level...	แต่ผมยังห่างชั้นเขามากนัก...
08-1033	talk	Tell me. What can a man do to push himself past his limits?	บอกผมหน่อยสิ คนเราต้องทำยังไงถึงจะผลักดัน ตัวเองให้ข้ามขีดจำกัดไปได้?
08-1034	talk	...Hmm, the only thing I can say is practice. Not just dodging, though.	...อืม สิ่งเดียวที่ผมพูดได้คือฝึกฝน แต่ไม่ใช่แค่การหลบอย่างเดียวนะ
08-1035	talk	You mean, I need to practice throwing punches too?	หมายความว่าผมต้องฝึกชกหมัดด้วยเหรอ?
08-1036	talk	Yeah. Wouldn't it be easier to predict your enemy's movements if you knew how they would attack?	ใช่ ถ้ารู้ว่าศัตรูจะโจมตียังไง จะทำนายการเคลื่อนไหวของเขาได้ ง่ายขึ้นไม่ใช่เหรอ?
08-1037	talk	Huh. Maybe. All I've really been doing is focusing on my footwork...	หืม อาจจะจริง ที่ผ่านมาผมโฟกัสแค่การเคลื่อน เท้าเท่านั้นเลย...
08-1038	talk	But if I also learn the mindset of the attacker... Yeah, that might just be the paradigm shift I need!	แต่ถ้าผมเรียนรู้ความคิดของฝ่าย โจมตีด้วยล่ะก็... ใช่เลย นั่นอาจจะเป็นจุดเปลี่ยนที่ผม ต้องการก็ได้!
08-1039	talk	No doubt. Being able to read your opponent will boost your evasion tenfold.	แน่นอนอยู่แล้ว การอ่านเกมคู่ต่อสู้ออกจะช่วย ให้การหลบของนายดีขึ้นสิบ เท่าเลยนะ
08-1040	talk	For example, whenever someone gets difficult with me, the first thing I do is visualize how I want to strike.	อย่างเช่น เวลามีใครมาป่วนผม สิ่งแรกที่ผมทำคือจินตนาการว่า จะโจมตีแบบไหน
08-1041	talk	Word...	จริงด้วย...
08-1042	talk	Then what you're saying is... I need to get in fights more often? Haha, I can do that! Yeah! I'm gonna bust some heads!	งั้นที่นายพูดคือ... ผมต้องไปมีเรื่องชกต่อยบ่อยๆ ใช่ไหม? ฮ่าฮ่า ทำได้อยู่แล้ว! เย่! ผมจะไปซัดหัวใครสักคนแล้ว!
08-1043	talk	Yeah, I don't think so. Randomly picking fights with people is exactly what I <font_kind=yakuza_italic>don't</font_kind> want to see you doing.	เปล่าเลย ไปหาเรื่องชกต่อยมั่วซั่ว นี่แหละคือสิ่งที่ผม<font_kind=yakuza_italic>ไม่</font_kind> อยากให้นายทำเลยนะ
08-1044	talk	You'd be no different from a street punk. And then I'd have to lay the smackdown on you.	แบบนั้นนายก็ไม่ต่างอะไรกับเด็ก เกเรข้างถนนหรอก แล้วผมก็คงต้องซัดนายซะเองด้วย
08-1045	talk	I... I guess you're right. But then... what should I do?	ผม... ผมว่านายพูดถูก แต่งั้น... ผมควรทำยังไงดี?
08-1046	talk	...Why don't you be my backup? There are plenty of punks in town who seem to have it out for me, so I could use the help.	...ทำไมนายไม่มาช่วยผมล่ะ? มีเด็กเกเรในเมืองเยอะแยะที่ ดูจะมีเรื่องกับผม ช่วยไว้ก็คงดี
08-1047	talk	You want me to help you... throw down? I can dig that.	นายอยากให้ผมช่วย... ต่อยกับพวกนั้นเหรอ? ได้เลย ถูกใจ
08-1048	talk	Yeah! I'll be busting up the bad guys <font_kind=yakuza_italic>and</font_kind> busting out some slick evasive maneuvers. Count me in!	ใช่เลย! ผมจะจัดการพวกคนร้าย<font_kind=yakuza_italic>และ</font_kind> โชว์มูฟหลบเจ๋งๆ ไปด้วยเลย นับผมด้วยนะ!
08-1049	talk	Good, 'cause dealing with the Keihin Gang on my own is getting to be a headache.	ดี เพราะจัดการแก๊งเคฮินคนเดียว เริ่มปวดหัวแล้วล่ะ
08-1050	talk	No worries man, I got you! If I see anyone tryna step to you, I'll swoop down on them with the quickness!	ไม่ต้องห่วงนะ ผมคุ้มกันให้เอง! ถ้าเห็นใครมาแหยมนาย ผมจะพุ่งเข้าจัดการทันที!
08-1051	talk	One word of caution, though. These are real gangsters we're talking about here. They might even pull out some weapons.	แต่ต้องเตือนไว้อย่างนึงนะ พวกนี้คือแก๊งอันธพาลตัวจริง อาจจะควักอาวุธออกมาด้วยซ้ำ
08-1052	talk	Heh, no worries. Knives and bats are nothing compared to your terrifying fists of fury!	ฮึ ไม่ต้องห่วงหรอก มีดกับไม้เบสบอลไม่มีความหมาย อะไรเลยเมื่อเทียบกับหมัด สยองขวัญของนาย!
08-1053	talk	Well, as long as you don't get hit, huh.	ก็แล้วแต่ว่านายจะโดนตีหรือเปล่าล่ะนะ
08-1054	talk	Hah, they can try all they want, but people don't call me Mr. Try and Hit Me for nothing! Let's see what they got!	ฮ่า จะลองยังไงก็ได้ แต่คนไม่เรียกผมว่ามิสเตอร์ตี ไม่โดนเล่นๆ นะ! มาดูกันว่าพวกนั้นมีของแค่ไหน!
08-1055	talk	Hey, Yagami-san! Fighting scrubs actually makes me miss getting hit by you. Catch you later!	เฮ้ ยากามิซัง! การชกกับพวกกากๆ ทำให้ผมคิดถึงเวลาโดนนายตีเลยนะ ไว้เจอกันใหม่!
08-1056	talk	(It's 300 yen a go. Which course should I choose?)	(ครั้งละ 300 เยน จะเลือกคอร์สไหนดีนะ?)
08-1057	talk	(I'm too poor to even hit a few balls... This is my life, I guess.)	(จนเกินกว่าจะตีลูกสักไม่กี่ลูกด้วยซ้ำ... ชีวิตผมก็ประมาณนี้แหละมั้ง)
08-1058	talk	(...Eh, another time.)	(...เอาไว้คราวหน้าก็แล้วกัน)
08-1059	talk	Yo, how 'bout a bit of mahjong? As you can probably tell, we're not really the greatest players in the world.	นี่ มาเล่นมาจองกันไหม? เห็นได้ชัดเลยว่าพวกเราไม่ใช่ นักเล่นระดับเทพหรอกนะ
08-1060	talk	If you wanna play, it'll cost ya 12,500 yen.	ถ้าอยากเล่นก็จ่ายมา 12,500 เยน
08-1061	talk	Mkay, then. Fork up that cool 12,500.	โอเค งั้นควักมา 12,500 เลยเพื่อน
08-1062	talk	Damn shame... I guess just come back when you wanna play with us.	น่าเสียดายจริง... งั้นกลับมาใหม่เวลาที่อยากเล่น กับพวกเรานะ
08-1063	talk	Hey, you wanna play mahjong with us? It'll run ya 12,500 yen if you do.	เฮ้ อยากเล่นมาจองกับพวกเราไหม? ถ้าเล่นต้องเสีย 12,500 เยนนะ
08-1064	talk	That was a real hoot. Come back sometime, ya hear?	สนุกชะมัดเลยว่ะ ไว้กลับมาอีกนะ เข้าใจไหม?
08-1065	talk	You up for some mahjong? We're kinda good, if I do say so myself.	อยากเล่นมาจองไหม? พวกเราเก่งเอาเรื่องเลยนะถ้าจะ ให้พูดเอง
08-1066	talk	If you're looking to jump in, you'll have to pay the 25,000 yen entry fee.	ถ้าอยากร่วมวงก็ต้องจ่ายค่าเข้าร่วม 25,000 เยนนะ
08-1067	talk	All righty. Just hand over that 25,000 and we'll be ready to go.	ได้เลย แค่ส่งเงิน 25,000 มา แล้วเราพร้อมเริ่มกันได้
08-1068	talk	Well that's a downer... Let me know if you ever wanna play, okay?	โธ่ น่าเสียดาย... ถ้าอยากเล่นเมื่อไหร่บอกได้นะ
08-1069	talk	You down to throw down, mahjong style? It'll cost you 25,000 to play at this table.	อยากลองดวลฝีมือแบบมาจองไหมล่ะ? โต๊ะนี้เล่นต้องจ่าย 25,000
08-1070	talk	They say luck changes with the tides... Well, let's give it another go sometime.	เขาว่าโชคเปลี่ยนได้ตามกระแสน้ำ... เอาน่า ไว้มาลองกันใหม่นะ
08-1071	talk	No, never mind.	ไม่ล่ะ ไม่เอาดีกว่า
08-1072	talk	Sure, let's see what it's all about.	เอาสิ ขอลองดูหน่อยว่าเป็นยังไง
08-1073	talk	Next time...	ไว้คราวหน้า...
08-1074	talk	Sure, I'll give it a shot.	ได้ ผมจะลองดู
08-1075	talk	Nah, I'll pass.	ไม่ล่ะ ผมขอผ่าน
08-1076	talk	Are you interested in some mahjong? We're all pretty decent players.	สนใจเล่นมาจองไหม? พวกเราเล่นกันได้ดีทีเดียวนะ
08-1077	talk	If you'd like to join us, we only ask that you put up 25,000 yen.	ถ้าอยากร่วมด้วย ขอแค่ 25,000 เยนก็พอ
08-1078	talk	Wonderful. I'll be taking that 25,000 then.	เยี่ยมเลย งั้นขอรับ 25,000 นั้นเลยนะ
08-1079	talk	Oh, I see... Well then, come speak to us again if you're ever interested.	อ๋อ เข้าใจแล้ว... งั้นถ้าสนใจเมื่อไหร่ค่อยมาคุย กับพวกเราใหม่นะ
08-1080	talk	Do you want to play with us? You'll just need to put in 25,000 yen to join.	อยากเล่นกับพวกเราไหม? แค่จ่าย 25,000 เยนก็เข้าร่วมได้แล้ว
08-1081	talk	That was a good match. Let's play together again sometime.	แมตช์นี้ดีมากเลย มาเล่นด้วยกันอีกนะสักวัน
08-1082	talk	Could I interest you in a round of mahjong? Though I must warn you, we're pros.	สนใจเล่นมาจองสักตากับเราไหม? แต่ต้องเตือนไว้ก่อนว่าพวกเรา คือมืออาชีพนะ
08-1083	talk	If you wish to participate, we require that you place a 50,000 yen bet.	ถ้าอยากร่วมเล่น ต้องวางเดิมพัน 50,000 เยนนะ
08-1084	talk	Splendid. Now the 50,000, please.	วิเศษมาก ขอรับ 50,000 ได้เลย
08-1085	talk	How unfortunate. If you ever wish to put your mahjong mettle to the test, please return to us.	น่าเสียดายจริงๆ ถ้าอยากพิสูจน์ฝีมือมาจอง เมื่อไหร่ก็กลับมาหาพวกเราได้นะ
08-1086	talk	Has our table piqued your interest? You'll need to place a 50,000 yen bet to join us.	โต๊ะของเราถูกใจไหมล่ะ? ต้องวางเดิมพัน 50,000 เยนถึงจะร่วมวงได้นะ
08-1087	talk	My word... That result was quite unexpected. Let's play again in the near future.	โอ้โห... ผลลัพธ์นี้ไม่คาดคิดจริงๆ ไว้มาเล่นกันใหม่เร็วๆ นี้นะ
08-1088	talk	...You want to join us? ...You better know what you're getting into.	...อยากร่วมวงกับเราเหรอ? ...รู้ตัวไว้ดีๆ ว่ากำลังเจอกับอะไรอยู่นะ
08-1089	talk	...Hand over 250,000 if you're gonna join.	...ถ้าจะเข้าร่วมก็เอา 250,000 มา
08-1090	talk	Alright, pay up 250,000.	โอเค จ่ายมา 250,000
08-1091	talk	Got cold feet, huh? ...Come back where you're ready.	ขี้กลัวไปแล้วสินะ? ...กลับมาใหม่ตอนพร้อมแล้วนะ
08-1092	talk	...You want to join our game? ...Come back with 250,000.	...อยากร่วมเล่นด้วยเหรอ? ...กลับมาพร้อมเงิน 250,000 นะ
08-1093	talk	...Leave if you had enough.	...ถ้าพอแล้วก็ไปได้เลย
08-1094	talk	Oh, you want to join our game of wareme rules mahjong? We're pretty weak, just so you know.	โอ้ อยากร่วมเล่นมาจองกติกาวาเระเมะ กับเราเหรอ? บอกไว้ก่อนว่าพวกเราอ่อนอยู่นะ
08-1095	talk	Huh? You're not joining? Talk to us whenever you feel like playing.	หา? ไม่เล่นเหรอ? อยากเล่นเมื่อไหร่มาคุยกับเราได้นะ
08-1096	talk	Oh, you want to join our game of wareme rules mahjong? Then make sure that you have 12,500.	โอ้ อยากร่วมเล่นมาจองกติกาวาเระเมะ กับเราเหรอ? งั้นเตรียมเงิน 12,500 มาให้พร้อม
08-1097	talk	How was the wareme rule? Join us again.	กติกาวาเระเมะเป็นยังไงบ้าง? มาเล่นกับเราอีกนะ
08-1098	talk	Wanna play wareme rules mahjong? We're pretty average.	อยากเล่นมาจองกติกาวาเระเมะไหม? พวกเราฝีมือกลางๆ นะ
08-1099	talk	Pay 25,000 if you want to join.	จ่าย 25,000 ถ้าอยากร่วมวง
08-1100	talk	All right, I'll take the 25,000 then.	โอเค งั้นขอรับ 25,000 เลย
08-1101	talk	What, you don't wanna play? Come back anytime you want.	หา ไม่อยากเล่นเหรอ? กลับมาใหม่เมื่อไหร่ก็ได้นะ
08-1102	talk	You wanna play wareme rules mahjong? Then you'll need to bring 25,000.	อยากเล่นมาจองกติกาวาเระเมะไหม? งั้นต้องพก 25,000 มาด้วยนะ
08-1103	talk	The wareme rule is pretty wild, right? Let's play again.	กติกาวาเระเมะดุเดือดดีใช่ไหมล่ะ? มาเล่นกันใหม่นะ
08-1104	talk	Wanna play wareme rules mahjong? Just to let you know, we're good.	อยากเล่นมาจองกติกาวาเระเมะไหม? บอกไว้ก่อนว่าพวกเราฝีมือดีนะ
08-1105	talk	Pay 50,000 if you wanna join.	จ่าย 50,000 ถ้าอยากร่วมวง
08-1106	talk	All right, I'll be taking the 50,000 then.	โอเค งั้นขอรับ 50,000 เลย
08-1107	talk	I see. Well, we're always here so come back anytime.	เข้าใจแล้ว พวกเราอยู่ที่นี่ตลอด กลับมาได้ทุกเมื่อนะ
08-1108	talk	You wanna play wareme rules mahjong? Then you'll need to have 50,000.	อยากเล่นมาจองกติกาวาเระเมะไหม? งั้นต้องมีเงิน 50,000 นะ
08-1109	talk	Thanks. Let us know when you want to play with skilled players.	ขอบคุณนะ อยากเล่นกับมือโปรเมื่อไหร่บอกได้เลย
08-1110	talk	(It's locked. It would be hard to try and pick the lock with no lights.)	(มันล็อกอยู่ คงยากที่จะงัดกุญแจตอนไม่มีไฟ ส่องแบบนี้)
08-1111	talk	(Right now, it's important that I help Kaito-san.)	(ตอนนี้สิ่งสำคัญคือต้องไปช่วยไคโตะซัง)
08-1112	talk	(Shit... It's too dark for me to aim...)	(เวรกรรม... มืดเกินกว่าจะเล็งได้เลย...)
08-1113	talk	(All right, work can wait!)	(เอาล่ะ งานรอได้!)
08-1114	talk	(Fighting Vipers is 100 yen per play... Should I play?)	(Fighting Vipers ครั้งละ 100 เยน... จะเล่นดีไหมนะ?)
08-1115	talk	(Motor Raid is 100 yen per play... Should I play?)	(Motor Raid ครั้งละ 100 เยน... จะเล่นดีไหมนะ?)
08-1116	talk	(Kamuro of the Dead is 500 yen per play? Wow. Should I, though?)	(Kamuro of the Dead ครั้งละ 500 เยนเลยเหรอ? โห จะเล่นดีไหมนะ?)
08-1117	talk	(Fantasy Zone is 100 yen per play... Should I play?)	(Fantasy Zone ครั้งละ 100 เยน... จะเล่นดีไหมนะ?)
08-1118	talk	(Space Harrier is 100 yen per play... Should I play?)	(Space Harrier ครั้งละ 100 เยน... จะเล่นดีไหมนะ?)
08-1119	talk	(Virtua Fighter 5 Final Showdown is 100 yen per play... Should I play?)	(Virtua Fighter 5 Final Showdown ครั้งละ 100 เยน... จะเล่นดีไหมนะ?)
08-1120	talk	(Puyo Puyo is 100 yen per play... Should I play?)	(Puyo Puyo ครั้งละ 100 เยน... จะเล่นดีไหมนะ?)
08-1121	talk	(Virtua Fighter 2 is 100 yen per play... Should I play?)	(Virtua Fighter 2 ครั้งละ 100 เยน... จะเล่นดีไหมนะ?)
08-1122	talk	(Virtua Fighter 2.1 is 100 yen per play... Should I play?)	(Virtua Fighter 2.1 ครั้งละ 100 เยน... จะเล่นดีไหมนะ?)
08-1123	talk	(Should I play some Out Run?)	(จะลองเล่น Out Run ดีไหมนะ?)
08-1124	talk	Hey, pal! You up for some koi-koi?	เฮ้ เพื่อน! อยากเล่นโคอิโคอิไหม?
08-1125	talk	Sure, let's play.	เอาสิ เล่นก็เล่น
08-1126	talk	Hm? Looks like you don't have the points. Need at least 200 points for koi-koi.	อืม? ดูเหมือนแต้มไม่พอนะ ต้องมีอย่างน้อย 200 แต้มถึงจะเล่นโคอิโคอิได้
08-1127	talk	Come back again.	แวะมาอีกนะ
08-1128	talk	All right, step this way!	เอาล่ะ เชิญทางนี้เลย!
08-1129	talk	Nah, I'm gonna pass.	ไม่ล่ะ ผมขอผ่านก่อน
08-1130	talk	That so? Come back later then, y'hear?	งั้นเหรอ? ไว้ค่อยกลับมาใหม่ล่ะ ได้ยินไหม?
08-1131	talk	You used the Lucky Hanafuda Card.	ใช้ไพ่ฮานาฟุดะนำโชคแล้ว
08-1132	talk	What difficulty do you wanna play on?	อยากเล่นระดับความยากไหน?
08-1133	talk	Use the Lucky Hanafuda Card?	ใช้ไพ่ฮานาฟุดะนำโชคไหม?
08-1134	talk	Hm? Looks like you don't have enough wooden tags.	อืม? ดูท่าแท็กไม้จะไม่พอนะ
08-1135	talk	You need at least 200 points for koi-koi. Go buy some points from the exchange area.	ต้องมีอย่างน้อย 200 แต้มถึงจะเล่นโคอิ-โคอิได้ ไปซื้อแต้มที่จุดแลกเปลี่ยนก่อนนะ
08-1136	talk	This here's where you can play oicho-kabu. You down?	ตรงนี้เป็นที่เล่นโออิโช-คาบุนะ สนใจไหม?
08-1137	talk	Sorry, pal. You gotta have 100 points if you wanna play oicho-kabu.	ขอโทษทีนะเพื่อน ต้องมี 100 แต้มถึงจะเล่นโออิโช-คาบุได้
08-1138	talk	Sounds good. Let's get goin'.	ดีเลย งั้นเริ่มกันเลย
08-1139	talk	I feel you, man. Maybe later, yeah?	เข้าใจนะพวก งั้นไว้คราวหน้าก็ได้ เนอะ?
08-1140	talk	You used the Trips Yokan.	ใช้โยกังสามชั้นแล้ว
08-1141	talk	You used the 10-10-1 Charm.	ใช้เครื่องรางสิบสิบหนึ่งแล้ว
08-1142	talk	Use the Trips Yokan?	ใช้โยกังสามชั้นไหม?
08-1143	talk	Use the 10-10-1 Charm?	ใช้เครื่องรางสิบสิบหนึ่งไหม?
08-1144	talk	(I won't use it just yet...)	(ยังไม่ใช้ตอนนี้ดีกว่า...)
08-1145	talk	Which item do you want to use?	อยากใช้ไอเทมชิ้นไหน?
08-1146	talk	Looks like you don't have the points. Need at least 1 point for oicho-kabu.	ดูเหมือนแต้มไม่พอนะ ต้องมีอย่างน้อย 1 แต้มถึงจะเล่นโออิโช-คาบุได้
08-1147	talk	Go buy some points from the exchange area.	ไปซื้อแต้มที่จุดแลกเปลี่ยนก่อนนะ
08-1148	talk	Hey, pal. You need wooden tags? Or are you lookin' to exchange for prizes?	เฮ้ เพื่อน ต้องการแท็กไม้เหรอ? หรือว่ามาแลกของรางวัล?
08-1149	talk	What prize you want?	อยากได้ของรางวัลอะไรล่ะ?
08-1150	talk	There ya go. Come back when you're done rackin' up more points.	นั่นไง ไว้สะสมแต้มได้อีกแล้วค่อย กลับมาใหม่นะ
08-1151	talk	How much you need? It's 100 yen a point.	ต้องการเท่าไหร่ล่ะ? แต้มละ 100 เยนนะ
08-1152	talk	Go have a blast, buddy.	ไปสนุกให้เต็มที่เลยเพื่อน
08-1153	talk	No skin off my back. Just come back n' buy some later, yeah?	ไม่เดือดร้อนอะไรฉันหรอก กลับมาซื้อทีหลังก็ได้นะ?
08-1154	talk	Hey, pal...? You don't got the cash.	เฮ้ เพื่อน...? นายไม่มีเงินนี่
08-1155	talk	Gotcha. Come back later.	เข้าใจแล้ว กลับมาใหม่นะ
08-1156	talk	I'll take 50 points.	เอา 50 แต้มนะ
08-1157	talk	I'll take 100 points.	เอา 100 แต้มนะ
08-1158	talk	I'll take 1,000 points.	เอา 1,000 แต้มนะ
08-1159	talk	(I'm too poor... Maybe gambling isn't the best idea...)	(ผมจนขนาดนี้... เล่นพนันอาจไม่ใช่ความคิดที่ดีก็ได้...)
08-1160	talk	Welcome, sir. You can exchange money for chips at this desk. 	ยินดีต้อนรับ ที่เคาน์เตอร์นี้แลกเงินเป็นชิปได้
08-1161	talk	How many would you like, sir? 	ต้องการกี่ชิปดีล่ะ?
08-1162	talk	Wonderful. Here are your chips. 	เยี่ยมเลย นี่ชิปของท่าน
08-1163	talk	Thank you, sir. Here are your 50 chips.	ขอบคุณ นี่ชิป 50 ชิปของท่าน
08-1164	talk	Thank you, sir. Here are your 100 chips.	ขอบคุณ นี่ชิป 100 ชิปของท่าน
08-1165	talk	Thank you, sir. Here are your 500 chips.	ขอบคุณ นี่ชิป 500 ชิปของท่าน
08-1166	talk	Thank you, sir. Here are your 1,000 chips.	ขอบคุณ นี่ชิป 1,000 ชิปของท่าน
08-1167	talk	Thank you, sir. Here are your 10,000 chips.	ขอบคุณ นี่ชิป 10,000 ชิปของท่าน
08-1168	talk	I'm afraid you lack the funds, sir. 	เกรงว่าเงินของท่านจะไม่พอนะ
08-1169	talk	Come back soon, sir. 	กลับมาใหม่เร็ว ๆ นี้นะ
08-1170	talk	Would you like to purchase chips, sir? Or perhaps exchange chips for prizes?	ท่านต้องการซื้อชิปไหม? หรือจะแลกชิปเป็นของรางวัลดี?
08-1171	talk	Which prize catches your eye?	ของรางวัลชิ้นไหนถูกใจล่ะ?
08-1172	talk	Very well, sir. We eagerly await your return.	ได้เลย เรารอคอยการกลับมาของท่านอยู่นะ
08-1173	talk	Purchasing chips? 1 chip will be 100 yen.	จะซื้อชิปเหรอ? ชิปละ 100 เยนนะ
08-1174	talk	Much appreciated, sir. Please enjoy.	ขอบคุณมากนะท่าน ขอให้สนุก
08-1175	talk	Very well, sir. Please come again.	ได้เลย กลับมาใหม่นะ
08-1176	talk	I'm afraid you lack the funds, sir.	เกรงว่าเงินของท่านจะไม่พอนะ
08-1177	talk	I'll take 50.	เอา 50 อันนะ
08-1178	talk	I'll take 100.	เอา 100 อันนะ
08-1179	talk	I'll take 1,000.	เอา 1,000 อันนะ
08-1180	talk	Sorry, not right now.	ขอโทษที ตอนนี้ยังก่อน
08-1181	talk	(I'm too poor to be gambling, I guess.)	(คงจนเกินกว่าจะเล่นพนันแล้วมั้ง)
08-1182	talk	This is the poker table. Will you be playing with us today?	นี่คือโต๊ะโป๊กเกอร์ วันนี้จะร่วมเล่นกับเราไหม?
08-1183	talk	Sure, if you have the room.	ได้สิ ถ้ามีที่นั่งพอนะ
08-1184	talk	Very good, sir.	ยอดเยี่ยมเลยท่าน
08-1185	talk	Wonderful. The starting bets are as follows: 5 chips for rounds one and two, then 10 chips on rounds three and four.	ยอดเยี่ยม เดิมพันเริ่มต้นมีดังนี้: 5 ชิปสำหรับรอบหนึ่งและสอง จากนั้น 10 ชิปในรอบสามและสี่
08-1186	talk	Wonderful. The starting bets are as follows: 50 chips for rounds one and two, then 100 chips on rounds three and four.	ยอดเยี่ยม เดิมพันเริ่มต้นมีดังนี้: 50 ชิปสำหรับรอบหนึ่งและสอง จากนั้น 100 ชิปในรอบสามและสี่
08-1187	talk	I'm sorry, sir. You will need at least 100 chips to play at the low rate table. 	ขอโทษด้วยนะ ต้องมีชิปอย่างน้อย 100 อันถึงจะเล่นโต๊ะเรทต่ำได้
08-1188	talk	I'm sorry, sir. You will need at least 1,000 chips to play at the high rate table. 	ขอโทษด้วยนะ ต้องมีชิปอย่างน้อย 1,000 อันถึงจะเล่นโต๊ะเรทสูงได้
08-1189	talk	Please buy additional chips.	กรุณาซื้อชิปเพิ่มด้วยนะ
08-1190	talk	Please take a seat, sir.	เชิญนั่งได้เลยท่าน
08-1191	talk	Sorry, I'm good for now.	ขอบคุณ แต่ตอนนี้ยังก่อน
08-1192	talk	Very well, sir. Please come back.	ได้เลย กลับมาใหม่นะ
08-1193	talk	This is the blackjack table. Will you be playing with us today?	นี่คือโต๊ะแบล็กแจ็ก วันนี้จะร่วมเล่นกับเราไหม?
08-1194	talk	Low rate games start from 10 chips a game.	เกมเรทต่ำเริ่มต้นที่ 10 ชิปต่อเกมนะ
08-1195	talk	High rate games start from 100 chips a game.	เกมเรทสูงเริ่มต้นที่ 100 ชิปต่อเกมนะ
08-1196	talk	I'm sorry, sir. You will need at least 10 chips to play at the low rate blackjack table. 	ขอโทษด้วยนะ ต้องมีชิปอย่างน้อย 10 อันถึงจะเล่นโต๊ะแบล็กแจ็กเรทต่ำได้
08-1197	talk	I'm sorry, sir. You will need at least 100 chips to play at the high rate blackjack table. 	ขอโทษด้วยนะ ต้องมีชิปอย่างน้อย 100 อันถึงจะเล่นโต๊ะแบล็กแจ็กเรทสูงได้
08-1198	talk	Welcome. You can trade in your cash for chips here.	ยินดีต้อนรับ ที่นี่แลกเงินเป็นชิปได้นะ
08-1199	talk	Want to buy some chips?	อยากซื้อชิปไหม?
08-1200	talk	Alright. Hold on a sec. 	ได้เลย รอสักครู่นะ
08-1201	talk	Here you go, 50 chips. Thanks, have fun.	นี่เลย ชิป 50 อัน ขอบคุณนะ ขอให้สนุก
08-1202	talk	Here you go, 100 chips. Thanks, have fun.	นี่เลย ชิป 100 อัน ขอบคุณนะ ขอให้สนุก
08-1203	talk	Here you go, 500 chips. Thanks, have fun.	นี่เลย ชิป 500 อัน ขอบคุณนะ ขอให้สนุก
08-1204	talk	Here you go, 1000 chips. Thanks, have fun.	นี่เลย ชิป 1000 อัน ขอบคุณนะ ขอให้สนุก
08-1205	talk	Here you go, 10000 chips. Thanks, have fun.	นี่เลย ชิป 10000 อัน ขอบคุณนะ ขอให้สนุก
08-1206	talk	Hey, looks like you don't have enough cash. 	เฮ้ ดูเหมือนเงินสดไม่พอนะ
08-1207	talk	Come back later.	กลับมาใหม่นะ
08-1208	talk	Hm? Are you here to buy some chips? Or do you want to trade them in for prizes?	อืม? มาซื้อชิปเหรอ? หรือจะแลกเป็นของรางวัลดี?
08-1209	talk	What do you want to trade them for?	อยากแลกเป็นอะไร?
08-1210	talk	All right. Come back again.	โอเค กลับมาใหม่นะ
08-1211	talk	Buying chips? That'll be 100 yen for each chip.	จะซื้อชิปเหรอ? ชิปละ 100 เยนนะ
08-1212	talk	Thanks. It's not everyday you get to come to the Dragon's Palace. Have fun.	ขอบคุณนะ ไม่ใช่ทุกวันที่จะได้มาที่ปราสาทมังกร ขอให้สนุก
08-1213	talk	I see. Come back again sometime.	เข้าใจแล้ว กลับมาใหม่สักวันนะ
08-1214	talk	Hey, it looks like you don't have enough money.	เฮ้ ดูเหมือนเงินไม่พอนะ
08-1215	talk	All right. Another time.	โอเค ไว้โอกาสหน้านะ
08-1216	talk	You can play poker here. Wanna join?	เล่นโป๊กเกอร์ได้ที่นี่นะ จะร่วมเล่นไหม?
08-1217	talk	The starting bets are as follows: 50 chips for rounds one and two, then 100 chips on rounds three and four.	เดิมพันเริ่มต้นมีดังนี้: 50 ชิปสำหรับรอบหนึ่งและสอง จากนั้น 100 ชิปในรอบสามและสี่
08-1218	talk	Hey, you need at least 100 chips to participate in the low rate poker table.	เฮ้ ต้องมีชิปอย่างน้อย 100 อันถึงจะร่วมเล่นโต๊ะโป๊กเกอร์ เรทต่ำได้นะ
08-1219	talk	Hey, you need at least 1000 chips to participate in the high rate poker table.	เฮ้ ต้องมีชิปอย่างน้อย 1000 อันถึงจะร่วมเล่นโต๊ะโป๊กเกอร์ เรทสูงได้นะ
08-1220	talk	Sorry, but can you come back with some chips?	ขอโทษด้วยนะ กลับมาพร้อมชิปก่อนได้ไหม?
08-1221	talk	Have a seat.	เชิญนั่งเลย
08-1222	talk	I see. Come back again.	เข้าใจแล้ว กลับมาใหม่นะ
08-1223	talk	You can play blackjack here. Wanna join us?	เล่นแบล็กแจ็กได้ที่นี่นะ จะร่วมเล่นกับเราไหม?
08-1224	talk	That's what I'm talking about.	นี่แหละที่พูดถึงเลย
08-1225	talk	Low rate games start from 10 chips per game.	เกมเรทต่ำเริ่มต้นที่ 10 ชิปต่อเกมนะ
08-1226	talk	High rate games start from 100 chips per game.	เกมเรทสูงเริ่มต้นที่ 100 ชิปต่อเกมนะ
08-1227	talk	Hey, you need at least 10 chips to play low rate blackjack.	เฮ้ ต้องมีชิปอย่างน้อย 10 อันถึงจะเล่นแบล็กแจ็กเรทต่ำได้นะ
08-1228	talk	Hey, you need at least 100 chips to play high rate blackjack.	เฮ้ ต้องมีชิปอย่างน้อย 100 อันถึงจะเล่นแบล็กแจ็กเรทสูงได้นะ
08-1229	talk	Sorry but come back when you have additional chips.	ขอโทษด้วยนะ กลับมาใหม่ตอนมีชิปเพิ่มนะ
08-1230	talk	Al lright, have a seat.	ได้เลย เชิญนั่ง
08-1231	talk	Oh yeah? Another time then.	อ้อ เหรอ? งั้นไว้โอกาสหน้า
08-1232	talk	You down for shogi?	เล่นโชกิด้วยกันไหมพวก?
08-1233	talk	If you say so. Well, lemme know if you ever change your mind.	ถ้านายว่าอย่างนั้นก็ตามใจ แต่ถ้าเปลี่ยนใจเมื่อไหร่บอกได้นะ
08-1234	talk	Hm? Well if it isn't the shogi king himself. Down for some shogi?	หืม? นี่ไม่ใช่ราชาโชกิเองเหรอเนี่ย เล่นโชกิด้วยกันไหม?
08-1235	talk	Come back again. I'll be around.	แวะมาใหม่นะ ฉันอยู่แถวนี้แหละ
08-1236	talk	Oh. Is Shintani-sensei not here?	อ้าว อาจารย์ชินทานิไม่อยู่เหรอครับ?
08-1237	talk	Beats me. What do you need him for?	ก็ไม่รู้เหมือนกัน มีธุระอะไรกับเขาเหรอ?
08-1238	talk	Just wanted to ask him about something. I'll try back later.	แค่อยากถามอะไรหน่อยน่ะครับ เดี๋ยวผมมาใหม่ทีหลัง
08-1239	talk	Hold on a sec...	เดี๋ยวก่อนนะ...
08-1240	talk	You plan on twiddling your thumbs until Shintani comes back? Are you bored?	จะนั่งตบยุงรอชินทานิกลับมา อย่างนั้นเหรอ? เบื่อหรือไง?
08-1241	talk	Well... I can't say I'm busy.	ก็... จะว่าไม่ว่างก็ไม่เชิงครับ
08-1242	talk	Good. Then I've got the perfect job for you.	ดี งั้นผมมีงานที่เหมาะกับนายพอดี
08-1243	talk	I have a client who needs a bodyguard, and I want you to fill the post, Yagami.	ผมมีลูกความที่ต้องการบอดี้การ์ด อยากให้นายรับหน้าที่นี้ ยากามิ
08-1244	talk	A bodyguard? What kind of clients are you taking these days?	บอดี้การ์ดเหรอครับ? ช่วงนี้อาจารย์เก็นดะรับลูกความ แบบไหนกันแน่?
08-1245	talk	Oh, it's just a messy custody battle that's going to court. I'm representing the mother.	อ๋อ ก็แค่คดีแย่งสิทธิ์ปกครองบุตร ที่วุ่นวายซึ่งกำลังจะขึ้นศาล ผมเป็นทนายฝ่ายแม่
08-1246	talk	Her name's Azusa Otaki, and her daughter is Karin.	เธอชื่ออาซึสะ โอทากิ ส่วนลูกสาวชื่อคาริน
08-1247	talk	They're set to appear in domestic affairs court today, and I'd like you to protect them until they get there.	วันนี้ทั้งคู่มีนัดขึ้นศาลครอบครัว อยากให้นายคุ้มกันพวกเขาจนกว่าจะไปถึง
08-1248	talk	Who do they need protection <font_kind=yakuza_italic>from</font_kind>?	ต้องคุ้มกัน<font_kind=yakuza_italic>จาก</font_kind>ใครล่ะครับ?
08-1249	talk	Apparently the father was yakuza until very recently.	ได้ยินว่าฝ่ายพ่อเพิ่งเลิกเป็น ยากูซ่าไปไม่นานนี้เอง
08-1250	talk	The way she tells it, she got into a huge fight with him and had to flee with her daughter.	ตามที่เธอเล่า เธอทะเลาะกับเขาอย่างหนักจนต้อง พาลูกสาวหนีออกมา
08-1251	talk	So you're giving her a bodyguard just because he's ex-yakuza? Isn't that kind of an overreaction?	ให้บอดี้การ์ดเพราะเขาเป็นอดีต ยากูซ่าเฉย ๆ เหรอครับ? มันดูจะตื่นตูมไปหน่อยไหม?
08-1252	talk	This poor woman doesn't seem to think so. She said her husband would do anything to get his daughter back.	ผู้หญิงน่าสงสารคนนี้ไม่คิดอย่างนั้น เธอบอกว่าสามีของเธอจะทำ ทุกอย่างเพื่อเอาลูกสาวคืนไป
08-1253	talk	Her husband's name is Jin Otaki. It might not even come to it, but can you protect them from him if it does?	สามีของเธอชื่อจิน โอทากิ อาจไม่ถึงขั้นนั้นก็ได้ แต่ถ้าเกิดขึ้นจริง ช่วยคุ้มกันพวกเขาจากเขาได้ไหม?
08-1254	talk	All right, seems pretty clear. Who knows when Shintani-sensei will be back anyway, so I guess I'll help.	ได้ครับ เข้าใจชัดเจนดี ยังไงก็ไม่รู้อาจารย์ชินทานิจะ กลับมาเมื่อไหร่ งั้นผมช่วยแล้วกัน
08-1255	talk	Sorry. I'll pay you.	ขอโทษด้วยนะ ผมจะจ่ายค่าจ้างให้
08-1256	talk	By the way... Ever heard of Shunei Oikawa, the lawyer?	ว่าแต่... เคยได้ยินชื่อชุนเอย์ โออิคาวะ ทนายความคนนั้นไหม?
08-1257	talk	Oikawa? No, don't think I have.	โออิคาวะเหรอครับ? ไม่คิดว่าเคยได้ยินนะ
08-1258	talk	He's representing the father. But he's formerly one of mine.	เขาเป็นทนายฝ่ายพ่อ แต่ก่อนเคยทำงานให้ผม
08-1259	talk	Huh? He worked here?	หา? เขาเคยทำงานที่นี่เหรอครับ?
08-1260	talk	Yeah, he was gone before you started. One of those elite types who passed the Bar real early in life.	ใช่ เขาออกไปก่อนที่นายจะเข้ามา เป็นพวกหัวกะทิที่สอบเนติบัณฑิต ผ่านตั้งแต่อายุยังน้อยมาก
08-1261	talk	But he wanted to win his cases by any means necessary... Even bribery or blackmail.	แต่เขาอยากชนะคดีด้วยทุกวิถีทาง... แม้แต่การติดสินบนหรือแบล็กเมล์
08-1262	talk	Yeah? I'm surprised I haven't heard of him, then.	งั้นเหรอครับ? แปลกใจนะที่ผมไม่เคยได้ยินชื่อ เขามาก่อน
08-1263	talk	He was good. Had some real potential.	เขาเก่งนะ มีแววจริง ๆ
08-1264	talk	That's why I came down hard on him about changing his ways... But he didn't give a damn.	เพราะแบบนั้นผมถึงเข้มงวดกับเขา ให้เปลี่ยนนิสัย... แต่เขาไม่สนใจเลยสักนิด
08-1265	talk	In the end, I had no choice. I fired him. I thought maybe that would be the wake-up call he needed.	สุดท้ายผมก็ไม่มีทางเลือก ต้องไล่เขาออก คิดว่าอาจจะเป็นสิ่งที่ทำให้เขา ได้สติบ้าง
08-1266	talk	But all it did was give him a chip on his shoulder. I swear, the man only lives to beat me now.	แต่กลับกลายเป็นว่าเขายิ่งแค้นฝังใจ ผมว่าตอนนี้เขามีชีวิตอยู่เพื่อ เอาชนะผมเท่านั้นแหละ
08-1267	talk	Out of revenge for firing him or something?	เพราะแค้นที่ไล่ออกอะไรแบบนั้น เหรอครับ?
08-1268	talk	Yeah, but living for revenge just makes you sloppy. He'll probably never learn.	ใช่ แต่การอยู่เพื่อแก้แค้นมีแต่จะ ทำให้พลาดง่าย เขาคงไม่มีวันเรียนรู้หรอก
08-1269	talk	...Anyway. Do you know where this mother and her daughter are now?	...ยังไงก็เถอะครับ ตอนนี้แม่ลูกคู่นี้อยู่ที่ไหน รู้ไหมครับ?
08-1270	talk	They were here not long ago, actually. She said they had some shopping to do, and I couldn't stop her.	จริง ๆ เมื่อกี้ยังอยู่ที่นี่เลย เธอบอกว่ามีของต้องไปซื้อ ผมเลยห้ามไม่ได้
08-1271	talk	For being her legal council, she doesn't seem to want to take my advice.	ทั้งที่ผมเป็นที่ปรึกษา ทางกฎหมายให้เธอ แต่ดูเหมือนเธอจะไม่ค่อยฟัง คำแนะนำของผมเลย
08-1272	talk	Sounds like a lovely family. Any idea where they might've gone?	ฟังดูเป็นครอบครัวที่น่ารักดีนะครับ พอจะเดาได้ไหมว่าไปที่ไหน?
08-1273	talk	She said something about getting some clothes to make themselves presentable in court...	เธอพูดอะไรทำนองว่าจะไปซื้อ เสื้อผ้าให้ดูดีตอนขึ้นศาล...
08-1274	talk	So somewhere with clothes, huh? All right, I'll go find her.	งั้นก็แถวร้านขายเสื้อผ้าสินะ ได้ครับ ผมจะไปตามหาเธอ
08-1275	talk	(Is the wife I'm supposed to be protecting here?)	(ภรรยาที่ผมต้องคุ้มกันอยู่ แถวนี้หรือเปล่านะ?)
08-1276	talk	(Oh. That must be her.)	(อ้อ นั่นต้องเป็นเธอแน่ ๆ)
08-1277	talk	Excuse me, Ma'am. Are you Azusa Otaki?	ขอโทษนะครับคุณผู้หญิง คุณคืออาซึสะ โอทากิใช่ไหมครับ?
08-1278	talk	I'm Yagami. Genda-sensei asked me to look after you today.	ผมชื่อยากามิครับ อาจารย์เก็นดะให้ผมมาดูแลคุณวันนี้
08-1279	talk	Is your daughter around?	ลูกสาวคุณอยู่แถวนี้ไหมครับ?
08-1280	talk	No. I didn't.	ไม่ครับ ไม่เห็นเลย
08-1281	talk	(Is she lost? That's not good. She's an easy target for the husband if she's alone.)	(หลงทางหรือเปล่านะ? แย่แล้ว ถ้าอยู่คนเดียวจะตกเป็นเป้าง่าย จากฝ่ายสามี)
08-1282	talk	I'll go look for her. Stay here, in case she comes back.	ผมจะไปตามหาเธอเอง คุณอยู่ตรงนี้ก่อนเผื่อเธอกลับมา
08-1283	talk	(Maybe someone around here saw something. I should ask around.)	(อาจมีใครแถวนี้เห็นอะไรบ้าง ผมควรถามคนดู)
08-1284	talk	(Her... She looks like Karin-chan in this photo.)	(เธอคนนั้น... หน้าตาเหมือนคารินจังในรูปนี้เลย)
08-1285	talk	You're Karin Otaki, aren't you?	หนูคือคาริน โอทากิใช่ไหม?
08-1286	talk	Who are you, mister?	ลุงเป็นใครเหรอ?
08-1287	talk	My name's Yagami. Genda-sensei hired me to look after you and your mother, and she lost track of you.	ผมชื่อยากามิ อาจารย์เก็นดะจ้างผมมาดูแลหนูกับแม่ แล้วแม่หนูก็คลาดกับหนูไป
08-1288	talk	So Mom suddenly cares about me? I'm big enough to do what I want, so leave me alone.	อยู่ ๆ แม่ก็มาห่วงหนูเนี่ยนะ? หนูโตพอจะทำอะไรตามใจตัวเองได้แล้ว อย่ามายุ่งเลย
08-1289	talk	Uh, I can't do that...	เอ่อ... ผมทำอย่างนั้นไม่ได้หรอกนะ...
08-1290	talk	If Mom and Dad want to get divorced, fine. I wish I could just go live by myself.	ถ้าพ่อกับแม่จะหย่ากันก็เชิญ หนูอยากไปอยู่คนเดียวเองด้วยซ้ำ
08-1291	talk	(Is she really that nonchalant about the divorce...?)	(เธอไม่แคร์เรื่องหย่าร้างขนาด นี้เลยเหรอ...?)
08-1292	talk	Karin? What are you doing here?	คาริน? มาทำอะไรตรงนี้?
08-1293	talk	Oh, Daddy. I was looking for you.	อ้อ พ่อ หนูกำลังตามหาพ่ออยู่
08-1294	talk	You were? You sure you should be doing that? Your mother would be pretty upset if she found out.	งั้นเหรอ? แน่ใจนะว่าควรทำแบบนั้น? ถ้าแม่รู้เข้าคงโมโหน่าดู
08-1295	talk	Hmph. I don't care.	ฮึ่ม ไม่สนหรอก
08-1296	talk	(Hm, for a former yakuza who'd "do anything" to get his daughter back, he doesn't seem too desperate.)	(อืม สำหรับอดีตยากูซ่าที่บอกว่าจะ "ทำทุกอย่าง" เพื่อเอาลูกสาวคืน ท่าทางเขาดูไม่ค่อยสิ้นหวังเท่าไหร่นะ)
08-1297	talk	Um, Dad... I wanted to give you something.	เอ่อ พ่อ... หนูอยากให้อะไรพ่อหน่อย
08-1298	talk	Karin, stop! What do you think you're doing, wandering off like that!?	คาริน หยุดนะ! คิดว่ากำลังทำอะไรอยู่ ถึงเดินเพ่นพ่านแบบนี้!?
08-1299	talk	Huh? I told you I was going for a walk, and you said okay!	หา? หนูบอกแล้วว่าจะไปเดินเล่น แล้วแม่ก็บอกว่าโอเคเอง!
08-1300	talk	W-Well, I must not have heard you right!	ก-ก็แม่คงฟังผิดไปน่ะสิ!
08-1301	talk	Come on, Azusa. You really want to go through with taking full custody of Karin in this divorce?	ไม่เอาน่า อาซึสะ เธอจริงจังจะเอาสิทธิ์ปกครอง คารินแบบเต็ม ๆ ในการหย่าครั้งนี้จริง ๆ เหรอ?
08-1302	talk	I couldn't be more serious. Karin would never reach her full potential with you around. I'm going to raise her right.	ฉันจริงจังที่สุดแล้ว คารินไม่มีวันไปได้ไกลกว่านี้ ถ้ามีคุณอยู่ใกล้ ๆ ฉันจะเลี้ยงเธอให้ดีเอง
08-1303	talk	L-Like you have any right to say that! I'm her father, and I—	แ-แล้วคุณมีสิทธิ์อะไรมาว่าแบบนั้น! ผมเป็นพ่อของเธอ แล้วผม—
08-1304	talk	Come on, Karin. We need to be getting back to Genda-sensei.	ไปกันเถอะคาริน เราต้องกลับไปหาอาจารย์เก็นดะแล้ว
08-1305	talk	I told you... Get a divorce for all I care.	บอกแล้วไง... จะหย่าก็หย่าไป หนูไม่สนหรอก
08-1306	talk	What do you think you're doing, young lady!? I said, let's go!	คิดว่ากำลังทำอะไรอยู่หนู!? บอกว่าไปกันเถอะไง!
08-1307	talk	She sure as hell doesn't hold anything back.	ลูกสาวไม่เกรงใจใครเลยจริง ๆ
08-1308	talk	(Karin-chan threw something away, didn't she?)	(คารินจังทิ้งอะไรไปใช่ไหมนะ?)
08-1309	talk	(A ticket... to a circus? Was this what she was trying to give her father?)	(ตั๋ว... เข้าละครสัตว์เหรอ? นี่คือสิ่งที่เธอพยายามจะให้พ่อ หรือเปล่านะ?)
08-1310	talk	(I'm going to hold onto this for her until she's calmed down.)	(ผมจะเก็บอันนี้ไว้ให้เธอก่อน จนกว่าเธอจะใจเย็นลง)
08-1311	talk	(They're going back to the office, I think. I better get after them.)	(คิดว่าพวกเขาคงกลับไปที่ สำนักงานแล้วละ ผมรีบตามไปดีกว่า)
08-1312	talk	Excuse me... Have you seen this child? I can't seem to find her.	ขอโทษนะครับ... เห็นเด็กคนนี้ไหมครับ? ผมหาเธอไม่เจอเลย
08-1313	talk	Hm? Oh, I think I saw her earlier.	อืม? อ้อ เมื่อกี้เห็นเธออยู่นะคะ
08-1314	talk	You did!?	จริงเหรอครับ!?
08-1315	talk	Yeah, she was strolling toward Nakamichi Street.	ใช่ค่ะ เธอเดินเล่นไปทางถนนนากามิจินะ
08-1316	talk	Toward Nakamichi Street. Thank you!	ไปทางถนนนากามิจิสินะ ขอบคุณครับ!
08-1317	talk	I think this is the wrong direction.	ท่าทางนี่จะผิดทางนะ
08-1318	talk	Huh? You...	หา? นาย...
08-1319	talk	Aren't you Karin-chan's father? Why are you here?	คุณคือพ่อของคารินจังไม่ใช่เหรอครับ? มาทำอะไรตรงนี้?
08-1320	talk	Hm. This place hasn't changed at all. Still in desperate need of a cleaning crew.	อืม ที่นี่ไม่เปลี่ยนไปเลยสักนิด ยังต้องการทีมทำความสะอาดอย่าง จริงจังเหมือนเดิม
08-1321	talk	Oikawa... What the hell do you want?	โออิคาวะ... นายต้องการอะไรกันแน่?
08-1322	talk	(Oikawa? That's the father's attorney, if I recall. And Genda-sensei's former apprentice.)	(โออิคาวะ? ทนายฝ่ายพ่อ ถ้าผมจำไม่ผิด แล้วก็เป็นอดีตลูกศิษย์ของ อาจารย์เก็นดะด้วย)
08-1323	talk	No need to be prickly, Genda-sensei. I'm only here to put an offer on the table.	ไม่ต้องหงุดหงิดขนาดนั้นก็ได้ อาจารย์เก็นดะ ผมแค่มาเสนอข้อตกลงเฉย ๆ
08-1324	talk	An offer?	ข้อตกลงเหรอ?
08-1325	talk	A settlement. Don't you think these two are capable of an amicable custody decision outside the courts?	การประนีประนอม ไม่คิดเหรอว่าทั้งสองฝ่ายน่าจะ ตกลงเรื่อง สิทธิ์ปกครองบุตรกันได้อย่าง สันติโดยไม่ต้องขึ้นศาล?
08-1326	talk	Of course, that would be to everyone's benefit, but...	แน่นอนว่านั่นเป็นผลดีกับทุกฝ่าย แต่...
08-1327	talk	Hey, I have no intention of handing my daughter over to him!	เดี๋ยวนะ ฉันไม่มีทางยกลูกสาวให้เขาแน่นอน!
08-1328	talk	Oh really? Perhaps you'll reconsider after you see this.	อ๋อ เหรอ? บางทีคุณอาจจะคิดใหม่หลังจาก เห็นสิ่งนี้
08-1329	talk	And this.	แล้วก็อันนี้ด้วย
08-1330	talk	How did you get these photos, Oikawa?	นายได้รูปพวกนี้มาจากไหน โออิคาวะ?
08-1331	talk	My client suspected his wife might be cheating on him, and hired a private investigator.	ลูกความของผมสงสัยว่าภรรยาอาจนอกใจ เลยจ้างนักสืบเอกชนมาสืบ
08-1332	talk	Cheating!? That guy was just a salesman. It was nothing lurid.	นอกใจ!? ผู้ชายคนนั้นแค่เซลส์แมนเอง ไม่มีอะไรแบบที่คุณคิดหรอก
08-1333	talk	He offered to buy me a drink, and I accepted. It was completely innocent.	เขาชวนซื้อเครื่องดื่มให้ ฉันก็รับ แค่นั้นเอง ไม่มีอะไรเลย
08-1334	talk	I'm afraid lies don't hold much weight in court, Ma'am.	เกรงว่าคำโกหกจะไม่มีน้ำหนัก อะไรในศาลนะครับคุณผู้หญิง
08-1335	talk	Here's a slightly more... decisive photo.	นี่รูปที่... ชัดเจนกว่านั้นอีกหน่อย
08-1336	talk	W-What... What's going, Otaki-san?	อ-อะไร... มันเกิดอะไรขึ้น โอทากิซัง?
08-1337	talk	What is this!? I-I don't know anything about this! I went home after a few drinks, I swear!	นี่มันอะไรกัน!? ฉ-ฉันไม่รู้เรื่องอะไรแบบนี้เลย! ฉันกลับบ้านหลังดื่มไม่กี่แก้ว เท่านั้น สาบานได้!
08-1338	talk	I'm afraid the photo is a clear contradiction of that, Ma'am. Is your memory foggy?	เกรงว่ารูปนี้จะขัดแย้งกับคำพูด นั้นชัดเจนนะครับ ความจำคุณเลือนลางไปหรือเปล่า?
08-1339	talk	According to the PI, you were rather drunk.	ตามที่นักสืบเอกชนบอก คุณเมามากทีเดียว
08-1340	talk	Damn... I admit, I wasn't expecting pictures like this to turn up.	บ้าเอ๊ย... ผมยอมรับว่าไม่คาดคิดว่าจะมีรูป แบบนี้โผล่มา
08-1341	talk	N-No! This is a setup! It has to be!	ไ-ไม่! นี่มันเป็นกับดัก! ต้องใช่แน่ ๆ!
08-1342	talk	A setup?	กับดักเหรอ?
08-1343	talk	It couldn't be a coincidence that this man appeared right before my trial! And I'm sure his contact info is bogus too! 	มันคงไม่ใช่เรื่องบังเอิญหรอก ที่ผู้ชายคนนี้โผล่มาก่อน การพิจารณาคดีของฉันพอดี! แล้วฉันมั่นใจด้วยว่าข้อมูล ติดต่อของเขาก็ปลอมด้วย!
08-1344	talk	Besides, I can hold my liquor just fine, and I found it strange that I felt so drunk that night!	อีกอย่าง ฉันดื่มเก่งอยู่แล้ว แล้วก็รู้สึกแปลก ๆ ที่คืนนั้นเมาขนาดนั้น!
08-1345	talk	I can only imagine that I was drugged! This is some kind of elaborate trap!	ฉันคิดได้แค่ว่าต้องมีคนวางยาฉันแน่ ๆ! นี่มันกับดักที่วางแผนมาอย่างดี!
08-1346	talk	(That's a typical scheme to pull on a guy, but I suppose it would work on a woman, too. Would Oikawa stoop this low?)	(นั่นเป็นกลลวงตามแบบฉบับที่มัก ใช้กับผู้ชาย แต่ก็คงใช้ได้กับผู้หญิงเหมือนกัน โออิคาวะจะลดตัวต่ำขนาดนั้นเลยเหรอ?)
08-1347	talk	Again, it's just an option on the table that you may want to consider before we go to trial.	ผมแค่เสนอทางเลือกไว้บนโต๊ะ เผื่อคุณจะพิจารณาก่อน ขึ้นศาลเท่านั้นแหละครับ
08-1348	talk	With evidence like this, I have my doubts your client would win the custody battle.	ด้วยหลักฐานแบบนี้ ผมสงสัยว่าลูกความของคุณจะ ชนะคดีแย่งสิทธิ์ปกครองบุตร ได้หรือเปล่านะ
08-1349	talk	And if we can prove infidelity, we could even end up asking for damages.	แล้วถ้าเราพิสูจน์เรื่องนอกใจได้ เราอาจจะเรียกร้องค่าเสียหาย เพิ่มด้วยซ้ำ
08-1350	talk	What are you getting at? Spit it out.	นายจะพูดอะไรกันแน่? พูดมาตรง ๆ เลย
08-1351	talk	My client is not heartless, Genda-sensei. Give him full custody, and there won't be any damages to pay.	ลูกความของผมไม่ใช่คนไร้หัวใจหรอกนะ อาจารย์เก็นดะ ถ้ายกสิทธิ์ปกครองเต็มให้เขา ก็ไม่ต้องจ่ายค่าเสียหายอะไรทั้งนั้น
08-1352	talk	You're as dirty as you've always been, Oikawa. I'm going to guess the "salesman" was your plant?	นายยังสกปรกเหมือนเดิมเลยนะ โออิคาวะ ผมเดาว่า "เซลส์แมน" คนนั้นเป็นคนที่นายวางไว้สินะ?
08-1353	talk	Just give my client custody. All she needs to do is sign the newest draft of the divorce papers.	แค่ยกสิทธิ์ปกครองให้ลูกความผม เธอแค่เซ็นเอกสารหย่าฉบับล่าสุดก็จบ
08-1354	talk	Don't you understand, Genda-sensei? You've already lost. Checkmate.	ไม่เข้าใจเหรอ อาจารย์เก็นดะ? คุณแพ้ไปแล้ว รุกฆาต
08-1355	talk	Lost? Trials aren't conducted by pieces on a board, Oikawa.	แพ้เหรอ? การพิจารณาคดีไม่ได้เดินหมาก เหมือนกระดานหมากรุกนะ โออิคาวะ
08-1356	talk	Tch. So says the king about to be toppled. What's the point of a battle if you aren't out to win?	ชิ! ก็แหงละ พูดแบบนี้ได้ก็ราชาที่ใกล้จะถูก ล้มอยู่แล้ว จะสู้ไปทำไมถ้าไม่ได้ตั้งใจจะชนะ?
08-1357	talk	Please, Genda-sensei! I didn't do this! You believe me, don't you!?	ได้โปรดเถอะค่ะ อาจารย์เก็นดะ! ฉันไม่ได้ทำแบบนี้! คุณเชื่อฉันใช่ไหม!?
08-1358	talk	I want to, but...	ผมก็อยากเชื่อนะ แต่...
08-1359	talk	(If this was a setup, maybe I could trace it back to some evidence.)	(ถ้านี่เป็นกับดักจริง บางทีผมอาจสืบย้อนกลับไปหาหลักฐานได้)
08-1360	talk	(...Seems like it's worth putting in the time.)	(...ดูจะคุ้มค่าที่จะลงมือสืบดูนะ)
08-1361	talk	I'm stepping out for a bit, Genda-sensei. Don't let anyone sign any papers just yet.	ผมขอออกไปข้างนอกสักครู่นะครับ อาจารย์เก็นดะ อย่าเพิ่งให้ใครเซ็นเอกสารอะไร ทั้งนั้น
08-1362	talk	...Yagami? All right.	...ยากามิ? ได้
08-1363	talk	(I should start with the love hotel this woman claims she never went to.)	(ผมควรเริ่มจากโรงแรมม่านรูดที่ เธออ้างว่าไม่เคยไปก่อน)
08-1364	talk	This is the love hotel where that picture was supposedly taken.	นี่คือโรงแรมม่านรูดที่ว่ากัน ว่าถ่ายรูปนั้นไว้
08-1365	talk	Can I help you, sir? Are you here alone?	มีอะไรให้ช่วยไหมครับ? มาคนเดียวเหรอ?
08-1366	talk	Oh, yeah. You work here?	อ้อ ใช่ ทำงานที่นี่เหรอครับ?
08-1367	talk	Yeah, I'm the receptionist. Oh, I see. You're the contact, right?	ใช่ ผมเป็นพนักงานต้อนรับ อ้อ เข้าใจแล้ว นายคือคนติดต่อสินะ?
08-1368	talk	The contact?	คนติดต่อ?
08-1369	talk	Well, it doesn't matter who you are. Give me 100,000 yen and I'll delete the footage.	เอาเถอะ นายเป็นใครก็ไม่สำคัญหรอก จ่ายมา 100,000 เยน แล้วฉันจะลบภาพจากกล้องวงจรปิดให้
08-1370	talk	Uh, I think you must have the wrong guy. I'm Yagami, from Yagami Detective Agency.	เอ่อ ผมว่าคุณคงเข้าใจผิดคนแล้วละครับ ผมยากามิ จากสำนักงานนักสืบยากามิ
08-1371	talk	You're a detective?	นักสืบเหรอ?
08-1372	talk	Yeah, I'm on a case right now, and I'd like to ask a few questions, if I could.	ใช่ครับ ตอนนี้ผมกำลังสืบคดีอยู่ อยากขอถามอะไรหน่อยได้ไหมครับ
08-1373	talk	Dammit. Forget I said anything. I gotta hurry.	บ้าเอ๊ย ลืมที่พูดไปซะ ฉันต้องรีบไปแล้ว
08-1374	talk	Hey, old geezer!	เฮ้ ไอ้ตาแก่!
08-1375	talk	Oh, there you are! You're late.	อ้อ มาแล้วเหรอ! มาช้าน่ะ
08-1376	talk	(Wait... This guy...)	(เดี๋ยวนะ... เจ้านี่มัน...)
08-1377	talk	(The man in the picture...)	(ผู้ชายในรูปนั่นไง...)
08-1378	talk	What do you mean you haven't deleted the security footage yet!?	หมายความว่าไงที่ยังไม่ลบภาพจาก กล้องวงจรปิด!?
08-1379	talk	I already paid you! You said you would delete it if I gave you the money!	ก็จ่ายเงินไปแล้วไง! มึงบอกเองว่าจะลบให้ถ้ากูจ่ายเงิน!
08-1380	talk	Heh, sorry, but my pockets seem to have holes in 'em. Better make it double.	เฮอะ ขอโทษที แต่กระเป๋าฉันมันรั่วน่ะ เพิ่มเป็นสองเท่าดีกว่า
08-1381	talk	D-Don't fuck with me, old man! You delete that shit right now, or I'll fuckin' kill you!	อ-อย่ามาเล่นตลกกับกูนะไอ้แก่! ลบเดี๋ยวนี้เลยนะโว้ย ไม่งั้นกูฆ่ามึงแน่!
08-1382	talk	Hey! You know Azusa Otaki, don't you?	เฮ้! นายรู้จักอาซึสะ โอทากิใช่ไหม?
08-1383	talk	Just tell me if you were really here with Azusa Otaki.	แค่บอกผมมาว่านายเคยมาที่นี่กับอาซึสะ โอทากิจริงหรือเปล่า
08-1384	talk	Is this business about the security footage related, by any chance?	เรื่องนี้เกี่ยวกับภาพจาก กล้องวงจรปิดใช่ไหม
08-1385	talk	W-Who could say...?	ก-ก็ไม่รู้สิ...?
08-1386	talk	You can, and judging by the way you're panicking, I'd say that footage has some incriminating evidence on you.	รู้สิ ดูจากท่าทางตื่นตระหนกของนายแล้ว ผมว่าในภาพนั้นมีหลักฐานมัดตัวนายอยู่
08-1387	talk	Grgh...	อึก...
08-1388	talk	Oikawa told you to make sure it got deleted, but the deal with this old man started falling through.	โออิคาวะสั่งให้นายลบมันทิ้งให้ เกลี้ยง แต่ดีลกับตาแก่คนนี้ดันไปไม่รอด
08-1389	talk	That about the sum of things?	ประมาณนี้ใช่ไหม
08-1390	talk	Sh-Shut up! If you're gonna get in my way, I'll kill you!	หุ-หุบปากซะ! ถ้ามึงมาขวางทางกู กูฆ่ามึงทิ้งแน่!
08-1391	talk	Gahhh...	โอ๊ย!
08-1392	talk	Hey. You said you hadn't deleted the footage yet, right?	นี่ คุณบอกว่ายังไม่ได้ลบภาพนั้นไปใช่ไหม
08-1393	talk	Heh, that's right. I figured it would be worth a nice chunk of change, and I was right.	เฮ่อ ใช่แล้ว ฉันว่ามันน่าจะขายได้ราคาดี แล้วก็จริงอย่างที่คิด
08-1394	talk	Fine. Let me buy it off you then.	ได้ งั้นผมขอซื้อจากคุณ
08-1395	talk	Huh!? You mean it? How much you offering?	หา!? จริงเหรอ? จะให้เท่าไหร่ล่ะ
08-1396	talk	Depends on the content. If what I need is on there, I'll pay you the full 100k.	แล้วแต่เนื้อหา ถ้ามีสิ่งที่ผมต้องการอยู่ในนั้น ผมจ่ายเต็ม 100,000 เยน
08-1397	talk	Oh, then we have a deal! Lemme get it for ya!	โอ้ งั้นตกลง! เดี๋ยวฉันไปหยิบมาให้
08-1398	talk	The coast is clear?	ไม่มีใครเห็นใช่ไหม
08-1399	talk	We're fine. I want to see about ten minutes of footage from 8:27 PM. You have that?	ปลอดภัยดี ผมอยากดูภาพช่วงประมาณสิบนาที จากเวลาสองทุ่ม 27 นาที มีไหม
08-1400	talk	Yeah, it's all here. Hmm...	ใช่ อยู่ครบเลย เอ่อ...
08-1401	talk	And the timestamps line up... So how does a shot taken at the same time seem to have two different women?	แล้วเวลาก็ตรงกันเป๊ะ... งั้นทำไมภาพที่ถ่าย ในเวลาเดียวกันถึงมีผู้หญิงสอง คน ต่างกันได้ล่ะ
08-1402	talk	Was the photo digitally altered? If the woman wore the same clothes, they'd just need to swap out her face...	ภาพนั้นถูกตัดต่อด้วยดิจิทัลหรือเปล่า ถ้าผู้หญิงใส่ชุดเดียวกัน แค่สลับหน้าก็พอ...
08-1403	talk	Yeah, this is pretty clear proof that Oikawa is using dirty evidence!	ใช่ นี่คือหลักฐานชัดเจนว่าโออิคาวะ ใช้หลักฐานสกปรก!
08-1404	talk	Grahhhh!	กรรรรร้าาา!
08-1405	talk	Ha!	ฮา!
08-1406	talk	Damn it...! I think the hard drive is toast!	บ้าเอ๊ย...! ฮาร์ดดิสก์พังไปแล้วมั้ง!
08-1407	talk	That's what you get for fucking with me, old man!	นั่นแหละที่มึงได้จากการมาแหยมกับกู ไอ้เฒ่า!
08-1408	talk	There are no copies, right!? If I find out you copied this, I really will kill you!	ไม่มีสำเนาใช่ไหม!? ถ้ากูรู้ว่ามึงแอบก็อปไว้ กูฆ่ามึงจริงๆ แน่!
08-1409	talk	N-N-No, that was the only copy!	ไ-ไม่มี นั่นเป็นชุดเดียวเท่านั้น!
08-1410	talk	Ha... Looks like I win. That tape'll never see the light of day!	ฮะ... ดูเหมือนกูจะชนะนะ เทปนั่นจะไม่มีวันได้เห็นแสงตะวันหรอก!
08-1411	talk	Damn you, Oikawa...	โออิคาวะ ให้ตายเถอะ...
08-1412	talk	Yagami! Anything to report?	ยากามิ! มีอะไรจะรายงานไหม
08-1413	talk	The photo of your client going into the hotel with that man... It was fabricated.	ภาพที่ลูกความของอาจารย์เดิน เข้าโรงแรมกับผู้ชายคนนั้น... มันถูกปลอมขึ้นมา
08-1414	talk	W-What!? Oikawa, you...	อ-อะไรนะ!? โออิคาวะ นาย...
08-1415	talk	...I won't take these baseless accusations lying down. Do you have any proof?	...ผมจะไม่ยอมรับข้อกล่าวหาที่ไร้ มูลแบบนี้เฉยๆ หรอก มีหลักฐานอะไรไหมล่ะ
08-1416	talk	...No. The PC it was on got destroyed. <font_kind=yakuza_italic>Someone</font_kind> went to some pretty extreme measures to eliminate it.	...ยังไม่มี พีซีที่เก็บมันไว้ถูกทำลายไปแล้ว <font_kind=yakuza_italic>ใครบางคน</font_kind> ใช้วิธีที่ค่อนข้างสุดโต่งเพื่อ กำจัดมันทิ้ง
08-1417	talk	Hmph. Then this isn't even worth discussing.	ฮึ่ม ถ้างั้นก็ไม่มีอะไรน่าคุยต่อ
08-1418	talk	Oikawa... Did you bring this photo here in advance of the trial because you were afraid it could be proven false?	โออิคาวะ... นายเอาภาพนี้มาก่อนถึงวันไต่สวน เพราะกลัวว่ามันจะถูกพิสูจน์ว่า เป็นของปลอมใช่ไหม
08-1419	talk	Haha... Please. Listen to yourself.	ฮ่าฮ่า... เถอะน่า ฟังตัวเองพูดสิ
08-1420	talk	Paired with your client's... hazy memory, this photo is both valid and decisive.	เมื่อรวมกับความทรงจำอันเลือนลาง...ของลูกความคุณแล้ว ภาพนี้ทั้งน่าเชื่อถือและชี้ขาดได้เลย
08-1421	talk	And no judge in his right mind would take your client's side with photo evidence like this in my hands.	และไม่มีผู้พิพากษาคนไหนที่สติ ดีจะเข้าข้างลูกความของคุณ ในเมื่อผมมีหลักฐานภาพขนาดนี้ อยู่ในมือ
08-1422	talk	Grr...	กรรรร...
08-1423	talk	So, Otaki-san, what will it be? Pay for damages as well as let this photo drag you through the mud in court?	แล้วไงล่ะ โอทากิซัง จะจ่ายค่าเสียหาย แล้วปล่อยให้ภาพนี้ลากชื่อคุณลง โคลนในศาลด้วยเลยไหม?
08-1424	talk	Otaki-san, please, you need to consider this carefully!	โอทากิซัง ขอร้องล่ะครับ คุณต้องพิจารณาเรื่องนี้ให้ดีก่อนนะ!
08-1425	talk	There's no way I can win, right?	ยังไงฉันก็ไม่มีทางชนะใช่ไหมล่ะ
08-1426	talk	If I'm going to get hit with "damages" and become a tabloid laughing-stock, I'd rather just sign the paperwork now!	ถ้าต้องโดน "เรียกค่าเสียหาย" แล้วกลายเป็นตัวตลกให้สื่อ ซุบซิบเอาไปเล่น ฉันเซ็นเอกสารตอนนี้เลยดีกว่า!
08-1427	talk	Ma'am! Let's not be rash! We should at least discuss your options first!	คุณโอทากิ! อย่าเพิ่งใจร้อนไปสิครับ! อย่างน้อยเราควรคุยถึงทางเลือกกันก่อน!
08-1428	talk	Enough, Genda-sensei. I've had enough. In the end, you couldn't help me.	พอเถอะค่ะ อาจารย์เก็นดะ ฉันพอแล้ว สุดท้ายอาจารย์ก็ช่วยฉันไม่ได้
08-1429	talk	I've already made up my mind.	ฉันตัดสินใจแล้วล่ะ
08-1430	talk	Hah... And now my client will have full custody. Looks like I win, Genda-sensei!	ฮะ... ตอนนี้ลูกความของผมจะได้ สิทธิ์ปกครองบุตรเต็มตัวแล้ว ดูเหมือนผมจะชนะนะ อาจารย์เก็นดะ!
08-1431	talk	Ha... Hahaha! I've finally beaten you!	ฮ่า... ฮ่าฮ่าฮ่า! ในที่สุดผมก็เอาชนะอาจารย์ได้แล้ว!
08-1432	talk	Put whatever you want on the stupid paper.	จะเขียนอะไรลงในเอกสารบ้าๆ นั่นก็เชิญตามสบาย
08-1433	talk	I'm gonna move out on my own. You two can fight all you want.	หนูจะย้ายออกไปอยู่เองคนเดียว พ่อกับแม่จะทะเลาะกันแค่ไหนก็เชิญ
08-1434	talk	Karin, you'll do no such thing. Don't you want to live with your father?	คาริน ลูกจะทำแบบนั้นไม่ได้นะ ลูกไม่อยากอยู่กับพ่อเหรอ
