id	bin	EN	TH
11-0001	talk	To hear what I've had to say from the beginning and even take action upon it.	คนเดียวที่รับฟังสิ่งที่ฉันพูด ตั้งแต่ต้น แล้วยังลงมือทำตามด้วย
11-0002	talk	And you did it not only for my sake, but also for the sake of others.	แล้วคุณก็ไม่ได้ทำเพื่อฉันคนเดียว แต่ทำเพื่อคนอื่นด้วย
11-0003	talk	Well, of course. I want to use my abilities to help people too.	ก็แหงล่ะ ผมก็อยากใช้ความสามารถของตัวเอง ช่วยคนอื่นเหมือนกัน
11-0004	talk	Truly? You do?	จริงเหรอคะ? คุณก็เป็นแบบนั้นด้วย?
11-0005	talk	Yeah. Knowing there's something only you can do to make the world a better place is one of the best feelings in the world.	ใช่ การรู้ว่ามีบางอย่างที่มีแต่เรา เท่านั้นที่ทำได้เพื่อ ทำให้โลกนี้ดีขึ้น มันเป็นความรู้สึกที่ดีที่สุด อย่างหนึ่งเลยนะ
11-0006	talk	I agree! That's how I feel when we're working together.	เห็นด้วยเลยค่ะ! นั่นคือความรู้สึกของฉันตอนที่ เราทำงานด้วยกัน
11-0007	talk	Although, I do have to charge for compensation, since it is my job and all. A guy's gotta eat too.	แต่ผมก็ต้องคิดค่าจ้างนะ เพราะมันคืองานของผม ยังไงคนเราก็ต้องกินต้องใช้
11-0008	talk	Ahaha. Well I doubt a glutton like you would starve.	อาฮ่าฮ่า ฉันว่าคนตะกละอย่างคุณคงไม่มี วันอดตายหรอกค่ะ
11-0009	talk	Regardless, my wish is to continue helping the people of Kamurocho.	ยังไงก็ตาม ความปรารถนาของฉันคืออยาก ช่วยเหลือผู้คนในคามุโรโจต่อไป ค่ะ
11-0010	talk	Aghhh... S-Starving...	อ๊าาา... ห-หิวจะตายอยู่แล้ว...
11-0011	talk	Oh, crap. That's...	แย่แล้ว นั่นมัน...
11-0012	talk	Welcome to the Beef Zone! Oh my...	ยินดีต้อนรับสู่บีฟโซนครับ! คุณพระช่วย...
11-0013	talk	Hngh?	หืม?
11-0014	talk	Grah! At this rate, I could eat a whole cow! Scratch that—I could eat an entire herd of 'em!	โกรก! แบบนี้กูกินวัวได้ทั้งตัวเลยวะ! ไม่ใช่สิ กูกินได้ทั้งฝูงเลยวะ!
11-0015	talk	(Is he prioritizing his appetite over me? Or did he just not notice?)	(เขาให้ความสำคัญกับความหิวมากกว่าผม หรือแค่ไม่ทันสังเกตกันแน่?)
11-0016	talk	(Either way, I should just go about my business.)	(ยังไงก็เถอะ ผมควรทำธุระของตัวเองต่อดีกว่า)
11-0017	talk	Hey, you! Gimme one of everything on the menu. Scratch that—gimme everything you got in the restaurant!	เฮ้ย มึง! เอาเมนูมาให้กูอย่างละหนึ่งที่ ไม่ใช่สิ เอาทุกอย่างที่มีในร้านมาให้กูเลยวะ!
11-0018	talk	I hate to ask, but would you mind settling your tab first?	ไม่อยากพูดเลยนะครับ แต่รบกวนจ่ายค่าที่ค้างไว้ก่อน ได้ไหมครับ?
11-0019	talk	I don't wanna!	กูไม่เอาว่ะ!
11-0020	talk	C-Come again?	อ-อะไรนะครับ?
11-0021	talk	I'm saying... that unless you bring me food right now... I'm gonna wreck the shit outta this place, starting with you!	กูพูดว่า... ถ้ามึงไม่เอาอาหารมาให้กูเดี๋ยวนี้... กูจะพังร้านมึงให้ยับ เริ่มจากตัวมึงนี่แหละ!
11-0022	talk	P-Please don't...!	ข-ขอร้องอย่านะครับ...!
11-0023	talk	Feed me! Feed me!! FEEEEEEEEEEEEEEEED MEEEEEEEEEEEEEEEEEE!!!	ป้อนกู! ป้อนกู!! ป้ออออออออออออนกูสิวะะะะะะะะ!!!
11-0024	talk	(Shit! Is this what the cow calamity is?)	(บ้าเอ๊ย! นี่หรือคือภัยพิบัติวัวที่ว่า?)
11-0025	talk	(...Well, he does eat like a cow. Maybe I should intervene.)	(...ก็เขากินเหมือนวัวจริง ๆ นั่นแหละ บางทีผมอาจต้องเข้าไปช่วย)
11-0026	talk	(Then again, I would be plunging headfirst into calamity...)	(แต่ถ้าทำแบบนั้น ผมก็เท่ากับพุ่งหัวเข้าใส่ ภัยพิบัติเต็ม ๆ...)
11-0027	talk	(No. I can't just leave Kim-san hanging!)	(ไม่ได้ ผมทิ้งคิมซังไว้แบบนี้ไม่ได้!)
11-0028	talk	You better pay your bill if you plan on eating here.	จ่ายเงินซะดี ๆ ถ้าจะกินที่นี่
11-0029	talk	...Oh, I've seen you before.	...เฮ้ กูเคยเห็นมึงมาก่อนนี่
11-0030	talk	You're... Kasai's friend, aren't you?	มึงคือ... เพื่อนคาไซใช่ไหม?
11-0031	talk	Wrong. Definitely wrong. 	ผิดคน เข้าใจผิดถนัด
11-0032	talk	Now listen close. If you don't pay, you can't eat. And if you wanna eat, you gotta pay. Get that through your thick head.	ฟังให้ดีนะ ไม่จ่ายก็ไม่ได้กิน อยากกินก็ต้องจ่าย จำเข้าไปในหัวทึบ ๆ นั่นซะ
11-0033	talk	You getting in the way of my grub session? If so, I'm gonna hafta let loose on you! Kasai's friend or not!	มึงจะมาขวางมื้ออาหารกูเหรอ? ถ้างั้นกูต้องเอากูฟัดมึงหน่อยแล้ว! เพื่อนคาไซหรือไม่ก็ช่างมัน!
11-0034	talk	Then step outside.	งั้นออกไปข้างนอกกัน
11-0035	talk	My friend works hard to run this business. And if you can't respect that, then I can't let you leave.	เพื่อนผมตั้งใจทำร้านนี้ ถ้านายไม่ให้เกียรติเรื่องนั้น ผมก็ปล่อยนายไปเฉย ๆ ไม่ได้
11-0036	talk	...What a bunch of baloney.	...พูดจาเหลวไหลชะมัด
11-0037	talk	Fine then. I could use a little appetizer before the main course arrives!	ก็ได้! กูขอออกกำลังก่อนมื้อหลักหน่อย แล้วกันวะ!
11-0038	talk	I'LL GNASH YA TO PIECES!!!	กูจะฉีกมึงเป็นชิ้น ๆ เลยวะ!!!
11-0039	talk	You know you'll get punished by the food god, right?	รู้ไหมว่านายจะโดนเทพเจ้าแห่ง อาหารลงโทษนะ?
11-0040	talk	...There's a food god?	...มีเทพเจ้าแห่งอาหารด้วยเหรอวะ?
11-0041	talk	Oh yes. The food god's job is to bless whoever pays for their food and curse those who don't.	มีสิ หน้าที่ของเทพเจ้าแห่งอาหารคือ อวยพรคนที่จ่ายค่าอาหาร แล้วสาปแช่งคนที่ไม่จ่าย
11-0042	talk	As the proverb goes: "He who does not work, neither shall he eat." Do you really want to lose your ability to eat forever!?	อย่างที่สุภาษิตว่าไว้ 'ใครไม่ทำงาน ก็ไม่มีสิทธิ์กิน' นายอยากเสียความสามารถในการกิน ไปตลอดกาลจริง ๆ เหรอ!?
11-0043	talk	Y-You're lying! There's no such thing!	ม-มึงโกหก! ไม่มีเรื่องแบบนั้นหรอกวะ!
11-0044	talk	It is exactly as he says.	เป็นอย่างที่เขาพูดจริง ๆ ค่ะ
11-0045	talk	I am a divine soothsayer. My predictions are absolute.	ฉันคือผู้ทำนายศักดิ์สิทธิ์ คำทำนายของฉันไม่มีวันผิดพลาด
11-0046	talk	A divine soothsayer!? That don't sound good...	ผู้ทำนายศักดิ์สิทธิ์งั้นเหรอ!? ฟังดูไม่ดีเลยวะ...
11-0047	talk	Wh-Why're you lookin' at me like that?	ท-ทำไมมองกูแบบนั้นวะ?
11-0048	talk	As I thought. I see the sign of the hunger calamity rising before you.	อย่างที่คิดไว้ ฉันเห็นลางภัยพิบัติความหิวโหย ก่อตัวขึ้นตรงหน้าคุณเลยค่ะ
11-0049	talk	What!? ...What's a hunger calamity?	อะไรนะ!? ...ภัยพิบัติความหิวโหยคืออะไรวะ?
11-0050	talk	You have enraged the deity that presides over all edible food. At this rate, you will succumb to hunger... and die.	คุณทำให้เทพผู้ปกครองอาหาร ทุกชนิดพิโรธเข้าแล้ว ถ้าเป็นแบบนี้ต่อไป คุณจะพ่ายแพ้แก่ความหิวโหย... แล้วตายในที่สุดค่ะ
11-0051	talk	No! Say it ain't so!	ไม่นะ! บอกว่าไม่จริงสิวะ!
11-0052	talk	And then... as punishment for your gluttony, you shall descend into the lowest circle of hell!	แล้วจากนั้น... เป็นการลงโทษความตะกละของคุณ คุณจะต้องดิ่งลงสู่นรกขุมที่ลึกที่สุด!
11-0053	talk	A-Aiyeeeeeeeeeeeee!!!	อ-อ๊าาาาาาาาาาาาา!!!
11-0054	talk	Now, make your decision! Pay your bill and atone for your sins, or descend into the netherworld!	เอาล่ะ ตัดสินใจซะ! จะจ่ายเงินไถ่บาปของตัวเอง หรือจะดิ่งลงยมโลก!
11-0055	talk	It looks like...	ดูเหมือนว่า...
11-0056	talk	I bit off... more than I could chew...	ดูเหมือนกู... จะกัดคำใหญ่เกินกว่าที่จะเคี้ยว ไหวซะแล้ว...
11-0057	talk	Thank you for your business!	ขอบคุณที่มาอุดหนุนครับ!
11-0058	talk	Yagami-san. Fortune-teller lady. Thank you for driving away that thief.	ยากามิซัง คุณหมอดู ขอบคุณมากครับที่ช่วยไล่หัวขโมยไป
11-0059	talk	You two are incredible.	คุณสองคนนี่สุดยอดจริง ๆ ครับ
11-0060	talk	Nah, we were just doing our thing.	เปล่าหรอก เราแค่ทำในสิ่งที่ควรทำน่ะ
11-0061	talk	But... does this mean my cow calamity is gone?	แต่... นี่แปลว่าภัยพิบัติวัวของผมหาย ไปแล้วเหรอ?
11-0062	talk	I mean, Sakakiba is more of a cow than most actual cows, so...	ก็ ซาคาคิบะมันดูเป็นวัวยิ่งกว่าวัวจริง ๆ ซะอีกนี่...
11-0063	talk	Your calamity still remains.	ภัยพิบัติของคุณยังคงอยู่ค่ะ
11-0064	talk	The sign of the cow calamity hasn't disappeared. If anything...	ลางภัยพิบัติวัวยังไม่หายไปเลยนะคะ ถ้าจะว่าไป...
11-0065	talk	It's gotten bigger.	มันใหญ่ขึ้นด้วยซ้ำค่ะ
11-0066	talk	...What could this possibly mean?	...นี่มันหมายความว่ายังไงกันแน่?
11-0067	talk	...It would seem that the cow calamity continues to elude us.	...ดูเหมือนภัยพิบัติวัวจะยังคง หลบเลี่ยงเราต่อไปค่ะ
11-0068	talk	I guess we just gotta be patient.	งั้นก็คงต้องอดทนรอต่อไป
11-0069	talk	Nevertheless... You never cease to amaze me.	ถึงอย่างนั้น... คุณก็ทำให้ฉันทึ่งไม่หยุดจริง ๆ นะคะ
11-0070	talk	I can't believe you decided to help your friend despite the calamity at hand.	ไม่อยากเชื่อเลยว่าคุณจะ ตัดสินใจช่วยเพื่อนทั้งที่มี ภัยพิบัติรออยู่ตรงหน้า
11-0071	talk	I guess I'm the same as you, Amane-san.	ผมก็คงไม่ต่างจากคุณหรอก อามาเนะซัง
11-0072	talk	I had the power to fix the situation, so I did whatever I could. Simple as that.	ผมมีความสามารถที่จะแก้ สถานการณ์นั้นได้ ก็เลยทำเท่าที่ทำได้ แค่นั้นเอง
11-0073	talk	...You truly are a splendid individual.	...คุณนี่เป็นคนที่ยอดเยี่ยมจริง ๆ ค่ะ
11-0074	talk	Right back at you.	คุณก็เหมือนกันนั่นแหละ
11-0075	talk	...Yagami-san. There is something I must ask.	...ยากามิซัง มีเรื่องหนึ่งที่ฉันต้องถามค่ะ
11-0076	talk	...Well...	...คือว่า...
11-0077	talk	Would you still consider going out with me, even after your calamity is repelled?	คุณยังจะพิจารณาคบกับฉันไหมคะ ถึงแม้ว่าภัยพิบัติของคุณจะถูก ขับไล่ไปแล้วก็ตาม?
11-0078	talk	Whenever we're together, I find myself having a wonderful time.	เวลาที่เราอยู่ด้วยกัน ฉันมักจะรู้สึกมีความสุขเสมอเลยค่ะ
11-0079	talk	And... I also feel more positive. About who I am.	แล้ว... ฉันก็รู้สึกมั่นใจในตัวเอง มากขึ้นด้วยค่ะ
11-0080	talk	...Okay then. Sure. We can go out anytime.	...ก็ได้ ตกลง เราไปเที่ยวด้วยกันได้ทุกเมื่อเลย
11-0081	talk	*chuckle* Would you also consider working as my full-time partner from now on?	*ยิ้ม* แล้วคุณจะพิจารณามาเป็นหุ้นส่วน เต็มเวลาของฉันไหมคะ นับจากนี้ไป?
11-0082	talk	Let's... save that discussion for another time.	เรื่องนั้น... ไว้คุยกันอีกทีเถอะ
11-0083	talk	Today was quite enjoyable, Yagami-san.	วันนี้สนุกมากเลยค่ะ ยากามิซัง
11-0084	talk	Yeah. It was a solid date.	ใช่ เดตนี้เยี่ยมไปเลย
11-0085	talk	*chuckle* If only the calamity hadn't bothered us...	*ยิ้ม* ถ้าภัยพิบัตินั่นไม่มากวนใจเรา ก็คงดีนะคะ...
11-0086	talk	I suppose I should say farewell for now.	ฉันคงต้องขอตัวลาก่อนตอนนี้แล้วล่ะค่ะ
11-0087	talk	That's it for today.	วันนี้พอแค่นี้ค่ะ
11-0088	talk	...Don't you feel drained? Watching out for the cow this whole time has left me... <font_kind=yakuza_italic>udder</font_kind>-ly exhausted.	...คุณไม่รู้สึกอ่อนล้าบ้างเหรอคะ? การคอยเฝ้าระวังเรื่องวัวมา ทั้งวันทำเอาฉันเหนื่อย<font_kind=yakuza_italic>เป็นวัว</font_kind>เลยล่ะ
11-0089	talk	(Was she on edge during the entire date? If that's the case, then I screwed up...)	(เธอเครียดมาตลอดทั้งเดตเลยเหรอ? ถ้าเป็นแบบนั้นจริง ผมพลาดไปแล้ว...)
11-0090	talk	Please remain vigilant, Yagami-san. Farewell...	โปรดระวังตัวด้วยนะคะ ยากามิซัง ลาก่อน...
11-0091	talk	Whoa. Nice dress.	โห ชุดสวยนี่
11-0092	talk	Thank you. One of my customers bought this for me back when I was a hostess.	ขอบคุณค่ะ ลูกค้าคนหนึ่งซื้อให้ตอนที่ฉัน ยังเป็นโฮสเตสอยู่
11-0093	talk	Whoa! You were a hostess, too...?	โห! คุณเคยเป็นโฮสเตสด้วยเหรอ...?
11-0094	talk	Yes. I figured it was an ideal position for observing customer interactions.	ค่ะ ฉันคิดว่ามันเป็นตำแหน่งที่ เหมาะกับการสังเกต ปฏิสัมพันธ์ของลูกค้า
11-0095	talk	However, I ended up getting fired after accusing a client of theft.	แต่สุดท้ายก็ถูกไล่ออก หลังจากที่ฉันกล่าวหาลูกค้าคน หนึ่งว่าขโมยของ
11-0096	talk	Wow. You really have been through a lot.	โห คุณผ่านอะไรมาเยอะจริง ๆ นะ
11-0097	talk	Aside from all that...	นอกเรื่องนั้นไปแล้ว...
11-0098	talk	I made sure to dress appropriately for our date.	ฉันตั้งใจแต่งตัวให้เหมาะกับเดต ของเราวันนี้ค่ะ
11-0099	talk	(This is more like an escort than a date.)	(นี่มันดูเหมือนเอสคอร์ตมากกว่าเดตนะ)
11-0100	talk	Don't you feel a little out of place?	ไม่รู้สึกแปลกแยกนิดๆเหรอ?
11-0101	talk	Not at all. It's common to see hostesses escorting people in Kamurocho.	ไม่เลยค่ะ มันเป็นเรื่องปกติที่จะเห็น โฮสเตสพาคนเดินเที่ยวในคามุโรโจ
11-0102	talk	That's not the point...	นั่นไม่ใช่ประเด็น...
11-0103	talk	I think... You're beautiful.	ผมว่า... คุณสวยนะ
11-0104	talk	*chuckle* Flattery will get you nowhere.	*ยิ้ม* คำเยินยอแบบนี้ไม่ได้ทำให้ฉัน หลงกลไปไหนหรอกค่ะ
11-0105	talk	Hey, I was just being honest.	เฮ้ ผมแค่พูดตรง ๆ เท่านั้น
11-0106	talk	Then thank you.	งั้นก็ขอบคุณค่ะ
11-0107	talk	I took a chance by putting this on, but the look on your face tells me it paid off.	ฉันเสี่ยงใส่ชุดนี้มา แต่สีหน้าของคุณบอกฉันว่ามัน คุ้มค่าค่ะ
11-0108	talk	All right, where should we go today?	เอาล่ะ วันนี้เราจะไปไหนกันดี?
11-0109	talk	Then how about trying your luck? Who knows, you might have a talent for it.	งั้นลองเสี่ยงดวงดูไหมล่ะ ใครจะรู้ คุณอาจมีพรสวรรค์ด้านนี้ก็ได้
11-0110	talk	Perhaps that may be the case.	บางทีอาจเป็นแบบนั้นก็ได้ค่ะ
11-0111	talk	How about we sit down somewhere and chat for a while?	หรือเราจะไปนั่งคุยกันสักที่ดี?
11-0112	talk	Yes, good idea.	ค่ะ ความคิดดีนะ
11-0113	talk	Yagami-san, it's almost time for my appointment.	ยากามิซัง ใกล้ถึงเวลานัดของฉันแล้วค่ะ
11-0114	talk	Oh, right. Your patron awaits, huh?	อ้อ จริงด้วย ลูกค้าประจำของคุณกำลังรออยู่สินะ
11-0115	talk	Then let's head out.	งั้นไปกันเถอะ
11-0116	talk	This cow sure is taking its sweet time, isn't it? Wonder what's keeping it.	วัวตัวนี้ใช้เวลานานจริง ๆ นะ สงสัยจังว่าอะไรทำให้มันช้าขนาดนี้
11-0117	talk	Uh. Amane-san?	เอ่อ อามาเนะซัง?
11-0118	talk	Yagami-san... I'm not sure how to convey this to you... But as soon as you looked at me, I noticed it got bigger. As if it were engorged.	ยากามิซัง... ฉันไม่แน่ใจว่าจะบอกคุณยังไงดี... แต่พอคุณมองมาที่ฉันปุ๊บ ฉันสังเกตว่ามันใหญ่ขึ้นทันที เหมือนกับพองโตขึ้นมาเลยค่ะ
11-0119	talk	Could you be talking about...	คุณกำลังพูดถึง...
11-0120	talk	...My calamity sign?	...ลางภัยพิบัติของผมเหรอ?
11-0121	talk	Indeed. It swells with a curious negative energy, the likes of which I've never seen before.	ใช่ค่ะ มันบวมขึ้นด้วยพลังงานลบประหลาด ที่ฉันไม่เคยเห็นมาก่อนเลย
11-0122	talk	There must be some mistake. I haven't gotten any bigger at all.	ต้องมีอะไรผิดพลาดแน่ ๆ ผมไม่ได้ใหญ่ขึ้นเลยสักนิด
11-0123	talk	You? What I speak of is your calamity sign. It shudders and throbs with an aggressive negative energy...	คุณเหรอ? สิ่งที่ฉันพูดถึงคือลาง ภัยพิบัติของคุณต่างหาก มันสั่นและเต้นตุบ ๆ ด้วยพลังงานลบที่ดุดันมาก...
11-0124	talk	...Oh. That's what you meant.	...อ้อ นั่นคือสิ่งที่คุณหมายถึงสินะ
11-0125	talk	...What else would I mean?	...แล้วฉันจะหมายถึงอะไรได้อีกล่ะคะ?
11-0126	talk	Nothing. Forget it.	ไม่มีอะไร ลืมไปเถอะ
11-0127	talk	Now that you mention it, something does feel kinda off...	พอคุณพูดแบบนี้ ผมก็รู้สึกแปลก ๆ อยู่เหมือนกัน...
11-0128	talk	Indeed. Your misfortune seems to be amassing... waiting for the fated moment.	ใช่ค่ะ เคราะห์ร้ายของคุณดูเหมือนจะสะ สมตัวขึ้นเรื่อย ๆ... รอคอยช่วงเวลาที่ถูกลิขิตไว้
11-0129	talk	Well, Yagami-san? Did you have a good time today?	แล้วยังไงคะ ยากามิซัง? วันนี้สนุกไหม?
11-0130	talk	Yeah. I actually forgot about my cow problems for maybe a minute or two.	ใช่ จริง ๆ แล้วผมลืมเรื่องปัญหาวัวไปได้ สักนาทีสองนาทีเลยนะ
11-0131	talk	Wonderful. Still, don't let your guard down.	ยอดเยี่ยมค่ะ แต่ก็อย่าเพิ่งวางใจนะคะ
11-0132	talk	Anyway, let's stay in touch, yes?	ยังไงก็ตาม เราติดต่อกันไว้นะคะ?
11-0133	talk	Good. Attempting to foresee your calamity has left me quite drained.	ดีค่ะ การพยายามหยั่งรู้ภัยพิบัติของ คุณทำเอาฉันเหนื่อยล้าไป พอสมควรเลย
11-0134	talk	(Was she anxious the entire time? If so, then I haven't been doing my job...)	(เธอกังวลอยู่ตลอดเวลาเลยเหรอ? ถ้าเป็นแบบนั้น ผมก็ยังทำหน้าที่ได้ไม่ดีพอ...)
11-0135	talk	Farewell...	ลาก่อน...
11-0136	talk	Yo, Tsumugi-san! Ready to get this show on the road?	เฮ้ย สึมุกิซัง! พร้อมเริ่มงานหรือยัง?
11-0137	talk	Ah, yes. Thank you for coming all this way... I'll speak with you later, Yagami-san.	อ้อ ค่ะ ขอบคุณที่มาไกลขนาดนี้... เดี๋ยวฉันค่อยคุยกับคุณทีหลังนะคะ ยากามิซัง
11-0138	talk	All right. See you.	ได้ แล้วเจอกัน
11-0139	talk	Wait a second...	เดี๋ยวก่อนนะ...
11-0140	talk	You datin' this guy, Tsumugi-san?	แกคบกับหมอนี่เหรอ สึมุกิซัง?
11-0141	talk	Oh... No... He is a merely an acquaintance.	อ้อ... เปล่าค่ะ... เขาก็แค่คนรู้จักกันเฉย ๆ
11-0142	talk	Huh. Wouldn't have figured that, seein' the way you two are lookin' at each other.	หืม นึกไม่ถึงเลย ดูจากสายตาที่มองกันแบบนั้น
11-0143	talk	Come now. Yagami-san is more like...	ไม่เอาน่า ยากามิซังก็แค่เหมือน...
11-0144	talk	...A friend.	...เพื่อนสินะ
11-0145	talk	Right...?	ใช่ไหมคะ...?
11-0146	talk	(Amane-san... Are you really going along with this criminal?)	(อามาเนะซัง... เธอเอาจริงกับพวกอาชญากรพวกนี้เหรอ?)
11-0147	talk	Sorry to keep you waiting, Yagami-san.	ขอโทษที่ให้รอนะคะ ยากามิซัง
11-0148	talk	It's fine... Let's get going, huh?	ไม่เป็นไร... ไปกันเถอะ
11-0149	talk	What's going on with you, Amane-san?	เป็นอะไรไปเหรอ อามาเนะซัง?
11-0150	talk	The sign of the cow calamity...	ลางภัยพิบัติวัว...
11-0151	talk	...Has vanished.	...หายไปแล้วค่ะ
11-0152	talk	It has?	หายไปแล้วเหรอ?
11-0153	talk	Like, completely?	หมายถึงหายไปเกลี้ยงเลยเหรอ?
11-0154	talk	Huh. Guess that means we're done watching out for cows.	หืม งั้นก็แปลว่าเราเลิกคอยระวังวัว ได้แล้วสินะ
11-0155	talk	This is troubling indeed.	นี่มันน่าเป็นห่วงจริง ๆ ค่ะ
11-0156	talk	What's wrong now?	มีอะไรอีกล่ะ?
11-0157	talk	...O-Oh, that was merely a slip of the tongue.	...อ๊ะ อ๋อ แค่เผลอหลุดปากไปน่ะค่ะ
11-0158	talk	Okay... So what are your plans now that the calamity's over and done with?	โอเค... แล้วคุณมีแผนอะไรต่อ ตอนนี้ภัยพิบัติจบไปแล้ว?
11-0159	talk	...Well, I'm certainly not ready to go home, if that's what you're asking.	...ก็นะ ฉันยังไม่พร้อมกลับบ้านหรอกค่ะ ถ้าคุณถามแบบนั้น
11-0160	talk	Yes! Let's do that!	ค่ะ! ไปกันเถอะ!
11-0161	talk	How about we kill some time for a bit? Ever played darts before?	ฆ่าเวลาสักหน่อยดีไหม? เคยเล่นปาลูกดอกไหม?
11-0162	talk	How about we take a rest somewhere?	หรือเราจะไปพักที่ไหนสักที่ดี?
11-0163	talk	We should.	ควรทำแบบนั้นค่ะ
11-0164	talk	So. My calamity's really gone?	งั้น ภัยพิบัติของผมหายไปจริง ๆ เหรอ?
11-0165	talk	Yes. I see no trace of it whatsoever.	ค่ะ ฉันมองไม่เห็นร่องรอยของมันเลยสักนิด
11-0166	talk	(She seems kinda down for some reason...)	(เธอดูเหมือนหดหู่ยังไงไม่รู้...)
11-0167	talk	Amane-san. If my calamity sign is gone, does that mean I'm in the clear?	อามาเนะซัง ถ้าลางภัยพิบัติของผมหายไปแล้ว หมายความว่าผมปลอดภัยแล้วใช่ไหม?
11-0168	talk	Ah. Well. About that...	อ้อ ก็... เรื่องนั้นน่ะค่ะ...
11-0169	talk	I believe you shouldn't let your guard down just yet.	ฉันว่าคุณยังไม่ควรวางใจตอนนี้หรอกค่ะ
11-0170	talk	Because...	ก็เพราะว่า...
11-0171	talk	Well, you never know when your calamity might return! Vigilance is of the utmost importance!	ก็เพราะไม่มีใครรู้ว่าภัยพิบัติ ของคุณจะกลับมาเมื่อไหร่! ความระมัดระวังสำคัญที่สุดเลยค่ะ!
11-0172	talk	(What is she talking about?)	(เธอกำลังพูดถึงอะไรกันแน่?)
11-0173	talk	(I should probably dig deeper into this.)	(ผมน่าจะขุดคุ้ยเรื่องนี้ต่อดู)
11-0174	talk	Amane-san, would you mind clarifying something? I thought my calamity was gone for good.	อามาเนะซัง ช่วยอธิบายให้ชัดหน่อยได้ไหม? ผมนึกว่าภัยพิบัติของผมหายไปแล้วซะอีก
11-0175	talk	...No. It is merely beyond my comprehension at the moment.	...เปล่าค่ะ แค่ตอนนี้มันอยู่เหนือ ความเข้าใจของฉันเท่านั้นเอง
11-0176	talk	You mean you can't tell?	หมายความว่าคุณบอกไม่ได้เหรอ?
11-0177	talk	Mm. It is as I feared. Not only did your sign of calamity vanish...	อืม เป็นอย่างที่ฉันกลัวไว้จริง ๆ ไม่ใช่แค่ลางภัยพิบัติของคุณที่หายไป...
11-0178	talk	...But everyone else's has, too. Their signs have all disappeared.	...แต่ของคนอื่น ๆ ก็หายไปด้วยเหมือนกัน ลางของทุกคนหายไปหมดเลยค่ะ
11-0179	talk	Earlier, I took a look at the patriarch and the rest of his group, yet witnessed nothing out of the ordinary.	เมื่อกี้ฉันลองดูหัวหน้าตระกูล กับพวกของเขา ก็ไม่เห็นอะไรผิดปกติเลยค่ะ
11-0180	talk	But not long afterward...	แต่ไม่นานหลังจากนั้น...
11-0181	talk	I received word that one of his subordinates was stabbed by an enemy.	ฉันก็ได้รับข่าวว่าลูกน้องคน หนึ่งของเขาถูกศัตรูแทงค่ะ
11-0182	talk	Well, to say that the calamity signs went away would be slightly incorrect.	อันที่จริง การจะบอกว่าลางร้ายหายไปเฉย ๆ ก็คงไม่ถูกต้องเสียทีเดียวค่ะ
11-0183	talk	...It's that I no longer have the ability see them.	...ที่จริงคือฉันไม่มีความสามารถ มองเห็นมันได้อีกต่างหากค่ะ
11-0184	talk	Wait... you lost your powers?	เดี๋ยวนะ... พลังของคุณหายไปเหรอ?
11-0185	talk	Not permanently. This has happened occasionally in the past...	ไม่ใช่ถาวรหรอกค่ะ เรื่องแบบนี้เคยเกิดขึ้น เป็นครั้งคราวในอดีต...
11-0186	talk	And it always seemed to occur when I was faced with a major obstacle.	และดูเหมือนจะเกิดขึ้น ทุกครั้งที่ฉันเผชิญกับอุปสรรค ใหญ่ ๆ ค่ะ
11-0187	talk	Hmm. Any idea what that is?	อืม มีไอเดียไหมว่าคืออะไร?
11-0188	talk	I'm afraid not. Work is going well, and my personal life...	เกรงว่าจะไม่มีค่ะ งานก็ไปได้สวย แล้วเรื่องส่วนตัวก็...
11-0189	talk	...My personal life is also very fulfilling.	...เรื่องส่วนตัวของฉันก็เติมเต็ม มากเช่นกันค่ะ
11-0190	talk	So nothing's weighing on your mind?	งั้นก็ไม่มีอะไรค้างคาใจเลยเหรอ?
11-0191	talk	Correct.	ถูกต้องค่ะ
11-0192	talk	Yet you still can't see the signs. I wonder what's causing this.	แต่คุณก็ยังมองไม่เห็นลางพวก นั้นอยู่ดี สงสัยจังว่าอะไรเป็นสาเหตุ
11-0193	talk	...It seems I cannot discern that either.	...ดูเหมือนฉันจะแยกแยะเรื่องนั้น ไม่ออกเช่นกันค่ะ
11-0194	talk	What are you gonna do from here on out?	แล้วจากนี้ไปคุณจะทำยังไงต่อ?
11-0195	talk	...I think it would be best to wait and observe how things develop.	...ฉันคิดว่าทางที่ดีที่สุดคือรอดู สถานการณ์ต่อไปก่อนค่ะ
11-0196	talk	But is there really anything to observe at the moment?	แต่ตอนนี้มีอะไรให้ดูจริง ๆ เหรอ?
11-0197	talk	...W-Well, that is true... However, I...	...ก-ก็จริงอยู่ค่ะ... แต่ว่าฉัน...
11-0198	talk	(She's acting kind of odd.)	(ท่าทางเธอแปลก ๆ ไปนะ)
11-0199	talk	What do you want to do, Yagami-san?	แล้วยากามิซังอยากให้เป็นยังไงคะ?
11-0200	talk	Personally, I want to keep seeing you.	ส่วนตัวผมนะ อยากเจอคุณต่อไปเรื่อย ๆ
11-0201	talk	T-Truly!? That would be... wonderful.	จ-จริงเหรอคะ!? นั่นคง... วิเศษมากเลยค่ะ
11-0202	talk	We should see how this plays out.	เรามาดูกันว่าจะเป็นยังไงต่อไปดีกว่า
11-0203	talk	I'm glad you understand.	ดีใจที่คุณเข้าใจนะคะ
11-0204	talk	Are things going okay with that patron of yours?	เรื่องผู้อุปถัมภ์ของคุณเป็นยังไงบ้าง ไปได้สวยไหม?
11-0205	talk	...He seems rather pleased with me. I imagine he wants to continue using my services.	...ดูเหมือนเขาจะพอใจฉันพอสมควรค่ะ คิดว่าเขาคงอยากใช้บริการฉันต่อไป
11-0206	talk	Well, you do have a certain charm about you.	ก็นะ คุณมีเสน่ห์บางอย่างอยู่ในตัวจริง ๆ
11-0207	talk	I do? Because I'm certainly not aware of it...	งั้นเหรอคะ? เพราะฉันไม่เคยรู้ตัวเลยสักนิด...
11-0208	talk	Yeah. You give off this mysterious... <font_kind=yakuza_italic>bewitching</font_kind> sort of vibe.	ใช่ คุณมีบรรยากาศลึกลับ... <font_kind=yakuza_italic>ต้องมนตร์</font_kind> แบบนั้นน่ะ
11-0209	talk	He's still the head of a yakuza family, though. I'm kinda worried.	แต่เขาก็ยังเป็นหัวหน้า ตระกูลยากูซ่าอยู่ดีนะ ผมค่อนข้างเป็นห่วงอยู่
11-0210	talk	Oh, I don't think there's anything to be concerned about. Besides, they're depending on me right now.	โอ๊ะ ฉันว่าไม่มีอะไรต้องเป็นห่วงหรอกค่ะ อีกอย่าง ตอนนี้พวกเขาก็กำลังพึ่งพาฉันอยู่
11-0211	talk	I see. Just be careful.	เข้าใจแล้ว ระวังตัวด้วยก็แล้วกัน
11-0212	talk	Well, Yagami-san, the time has come for me to depart. There is still much work to be done...	เอาล่ะค่ะ ยากามิซัง ได้เวลาที่ฉันต้องไปแล้ว ยังมีงานอีกเยอะที่ต้องทำ...
11-0213	talk	Okay. But I thought you couldn't see the calamity signs anymore? Can you still work like that?	โอเค แต่ผมนึกว่าคุณมองไม่เห็น ลางร้ายแล้วนี่? แบบนั้นยังทำงานได้อยู่เหรอ?
11-0214	talk	...I suppose you have a point.	...ก็นะคะ คุณพูดมีเหตุผลอยู่
11-0215	talk	...Well, in any case, I'll walk you to your meeting spot.	...เอาเถอะ ยังไงผมจะไปส่งคุณที่จุดนัดพบเอง
11-0216	talk	Thank you for spending time with me today, Yagami-san. I had a wonderful time.	ขอบคุณที่สละเวลาให้ฉันวันนี้นะคะ ยากามิซัง วันนี้ฉันมีความสุขมากค่ะ
11-0217	talk	Glad to hear it. I hope you feel better soon.	ดีใจที่ได้ยินแบบนั้น หวังว่าคุณจะรู้สึกดีขึ้นเร็ว ๆ นี้
11-0218	talk	Conversing with you certainly helps. It's strangely relaxing.	การได้คุยกับคุณช่วยได้จริง ๆ ค่ะ มันผ่อนคลายอย่างประหลาด
11-0219	talk	Well, I'm here for you anytime.	ก็นะ ผมพร้อมอยู่ข้าง ๆ คุณเสมอแหละ
11-0220	talk	I must apologize, Yagami-san. For constantly making you worry.	ฉันต้องขอโทษด้วยนะคะ ยากามิซัง ที่ทำให้คุณเป็นห่วงอยู่ตลอด
11-0221	talk	No, I'm glad we talked. You feeling any better?	ไม่หรอก ผมดีใจที่ได้คุยกัน คุณรู้สึกดีขึ้นบ้างไหม?
11-0222	talk	Hmm... On the contrary, I'm feeling rather... dispirited.	อืม... กลับกันเลยค่ะ ฉันรู้สึก... หดหู่เสียมากกว่า
11-0223	talk	(Damn. I guess I couldn't cheer her up.)	(บ้าเอ๊ย ท่าทางผมจะปลอบใจเธอไม่สำเร็จซะแล้ว)
11-0224	talk	All right, Tsumugi-san, let's get this show on the road!	เอาล่ะ สึมุกิซัง ไปกันได้แล้ว!
11-0225	talk	Hey. You.	เฮ้ แก
11-0226	talk	...That's what I'd like to know.	...นั่นสิ ฉันเองก็อยากรู้เหมือนกัน
11-0227	talk	Anyway. You ready, Tsumugi-san?	เอาล่ะ พร้อมหรือยัง สึมุกิซัง?
11-0228	talk	I am. Farewell, Yagami-san...	พร้อมค่ะ ลาก่อนนะคะ ยากามิซัง...
11-0229	talk	(Is that guy... watching me?)	(ไอ้นั่น... กำลังจับตาดูผมอยู่หรือเปล่า?)
11-0230	talk	I apologize for being so late... and for failing to respond on top of that.	ฉันต้องขอโทษที่มาสายขนาดนี้... แล้วยังไม่ได้ตอบกลับไปอีกค่ะ
11-0231	talk	It's okay. I'm just glad to see you, Amane-san.	ไม่เป็นไรหรอก ผมแค่ดีใจที่ได้เจอคุณนะ อามาเนะซัง
11-0232	talk	How about we find somewhere to sit down and talk for a bit?	ไปหาที่นั่งคุยกันสักหน่อยไหม?
11-0233	talk	Well, want to get going? I'll walk you halfway.	เอาล่ะ ไปกันไหม? ผมจะไปส่งคุณครึ่งทาง
11-0234	talk	All right. If anything weird happens from here on out, you be sure to let me know.	โอเค ถ้ามีอะไรแปลก ๆ เกิดขึ้นหลังจากนี้ บอกผมด้วยนะ
11-0235	talk	Um. Amane-san?	เอ่อ... อามาเนะซัง?
11-0236	talk	...I realized something while talking with you today.	...ฉันเพิ่งนึกอะไรบางอย่างออกตอน คุยกับคุณวันนี้ค่ะ
11-0237	talk	Perhaps there is a... shortcut, if you will, to solving this matter.	บางที อาจจะมี... ทางลัด ถ้าจะเรียกแบบนั้น ในการแก้ปัญหานี้ก็ได้ค่ะ
11-0238	talk	Something that should solve all my concerns at once. But it requires... determination.	บางสิ่งที่น่าจะแก้ความกังวลของ ฉันได้ทั้งหมดในคราวเดียว แต่มันต้องอาศัย... ความมุ่งมั่นค่ะ
11-0239	talk	All right. But promise me you'll listen all the way through!	ได้ค่ะ แต่สัญญานะคะว่าจะฟังจนจบ!
11-0240	talk	You want me to be your... <font_kind=yakuza_italic>special</font_kind> partner?	คุณอยากให้ผมเป็น...คู่ชีวิต<font_kind=yakuza_italic>พิเศษ</font_kind>ของคุณเหรอ?
11-0241	talk	Yes. And I don't mean that in the workplace aspect, either.	ใช่ค่ะ และฉันไม่ได้หมายถึงในแง่ของงาน ด้วยนะคะ
11-0242	talk	(I figured as much.)	(นึกแล้วเชียว)
11-0243	talk	I'm sorry. But I don't think I can return those feelings.	ขอโทษนะ แต่ผมคงตอบรับความรู้สึกนั้นไม่ได้
11-0244	talk	Your confession makes me happy and all, don't get me wrong... I'm just not in a position to be your full-time man.	คำสารภาพของคุณทำให้ผมดีใจนะ อย่าเข้าใจผิด... แค่ผมไม่ได้อยู่ในสถานะที่จะ เป็นผู้ชายของคุณแบบเต็มตัวได้
11-0245	talk	Then I suppose I should say no more.	งั้นฉันคงไม่ต้องพูดอะไรอีกแล้วค่ะ
11-0246	talk	Hope you're not too disappointed.	หวังว่าคุณจะไม่ผิดหวังมากนะ
11-0247	talk	No. I'm not. In fact, I think my concern is finally resolved.	ไม่ค่ะ ไม่ผิดหวังเลย อันที่จริง ฉันคิดว่าความกังวลของฉัน คลี่คลายลงแล้วในที่สุด
11-0248	talk	I'll no longer be troubled by you, so...	ฉันจะไม่ถูกคุณรบกวนใจอีกต่อไปแล้ว ดังนั้น...
11-0249	talk	Farewell. For good.	ลาก่อนค่ะ ตลอดไป
11-0250	talk	(Yeah... Unfortunately, this is how it's supposed to be.)	(ใช่... น่าเสียดายที่มันต้องเป็นแบบนี้)
11-0251	talk	Let's be partners, then. No contracts, no paperwork. Just love.	งั้นเรามาเป็นคู่ชีวิตกันเถอะ ไม่มีสัญญา ไม่มีเอกสาร มีแค่ความรัก
11-0252	talk	You set my heart aflutter every time.	คุณทำให้หัวใจฉันเต้นระริก ทุกครั้งเลยค่ะ
11-0253	talk	Tell me. Were you able to foresee this when you first met me?	บอกผมหน่อยสิ ตอนที่เจอผมครั้งแรก คุณมองเห็นเรื่องนี้ล่วงหน้าไหม?
11-0254	talk	No, not at all. I can only see the fate of other people... Whereas my own remains a mystery.	ไม่เลยค่ะ ฉันมองเห็นได้แค่โชคชะตาของคนอื่น... ส่วนของตัวเองยังคงเป็นปริศนาอยู่
11-0255	talk	Heh. I guess that'd spoil all the fun, huh?	เฮ้อ ถ้ารู้ล่วงหน้าคงหมดสนุกน่ะสิ
11-0256	talk	*chuckle* I suppose you're right.	*หัวเราะคิก* ก็คงจริงอย่างที่คุณว่านั่นแหละค่ะ
11-0257	talk	...What's this?	...นี่มันคืออะไร?
11-0258	talk	I can see.	ฉันมองเห็นแล้ว
11-0259	talk	You can see? Does that mean...?	มองเห็นเหรอ? หมายความว่า...?
11-0260	talk	Yes! I can see... the signs of calamity!	ใช่ค่ะ! ฉันมองเห็น... ลางร้ายแล้ว!
11-0261	talk	Whoa. So your powers have returned?	โห พลังของคุณกลับมาแล้วเหรอ?
11-0262	talk	Yes! And furthermore...	ใช่ค่ะ! แล้วยิ่งไปกว่านั้น...
11-0263	talk	Yours has disappeared.	ของคุณหายไปแล้วค่ะ
11-0264	talk	This really was the shortcut after all.	นี่คือทางลัดจริง ๆ ด้วยค่ะ
11-0265	talk	Well, we're the ultimate pair. There's nothing for us to fear as long as we stay together.	ถ้าอย่างนั้น เราก็คือคู่ที่สมบูรณ์แบบที่สุด แล้วค่ะ ตราบใดที่เรายังอยู่ด้วยกัน ก็ไม่มีอะไรต้องกลัวเลย
11-0266	talk	I truly believe that no calamity, no disaster—not even fate itself—can break the power of our bonds.	ฉันเชื่อจริง ๆ ว่าไม่ว่าลางร้าย ภัยพิบัติ—หรือแม้แต่โชคชะตาเอง—ก็ไม่อาจทำลายพลังแห่ง สายสัมพันธ์ของเราได้
11-0267	talk	You know what? You're right. I feel like nothing can faze me now.	รู้อะไรไหม? คุณพูดถูก ตอนนี้ผมรู้สึกเหมือนไม่มีอะไร ทำให้ผมหวั่นไหวได้อีกแล้ว
11-0268	talk	I'm glad I could muster the courage to take this final step. Being close to your heart means everything to me.	ดีใจที่ฉันรวบรวมความกล้าก้าว ข้ามขั้นสุดท้ายนี้ได้สำเร็จค่ะ การได้อยู่ใกล้หัวใจของคุณคือ ทุกสิ่งสำหรับฉันเลย
11-0269	talk	Amane-san...	อามาเนะซัง...
11-0270	talk	I'm sure that Ushimata-san won't hold anything against you, now that my powers have returned.	ฉันมั่นใจว่าอุชิมาตะซังคงไม่มี อะไรค้างคาใจกับคุณอีกแล้ว ตอนนี้ที่พลังของฉันกลับมาแล้ว
11-0271	talk	Yeah. I'm no longer in the way of a good reading, I guess.	ใช่ ผมคงไม่ใช่ตัวขวางการทำนายของ คุณอีกต่อไปแล้วสินะ
11-0272	talk	But if you run into any trouble with him, you make sure to call me. I'll be there.	แต่ถ้าคุณมีปัญหาอะไรกับเขา โทรหาผมได้เลยนะ ผมจะไปหาทันที
11-0273	talk	Then... I'll be counting on you.	งั้น... ฉันขอฝากตัวไว้ด้วยนะคะ
11-0274	talk	(So, Tsumugi-san and I are now the ultimate pair... I like the sound of that.)	(เอาล่ะ ตอนนี้ผมกับสึมุกิซังกลายเป็น คู่ที่สมบูรณ์แบบกันแล้ว... ฟังดูดีจัง)
11-0275	talk	So do you think that guy you mentioned believes in your abilities now?	แล้วคุณว่าไอ้หมอนั่นที่พูดถึง เชื่อในความสามารถของคุณ แล้วหรือยัง?
11-0276	talk	Yes. If anything, he was deeply impressed.	ค่ะ ถ้าจะว่าไป เขาประทับใจมากเลยล่ะ
11-0277	talk	In fact, he asked me to keep reading his fortune from now on.	อันที่จริง เขาขอให้ฉันทำนายดวงให้เขาต่อไปเรื่อย ๆ เลยค่ะ
11-0278	talk	Wow, so you got yourself a regular. Nice going.	โห ได้ลูกค้าประจำแล้วเหรอ เยี่ยมไปเลย
11-0279	talk	Yes. He even paid me for my services. I declined at first, of course, but he kept on insisting.	ค่ะ เขายังจ่ายค่าบริการให้ฉันด้วย ตอนแรกฉันก็ปฏิเสธนะคะ แต่เขายืนกรานไม่เลิก
11-0280	talk	It was... quite a handsome reward.	มันเป็น... ค่าตอบแทนที่งามพอสมควรเลยค่ะ
11-0281	talk	How much was it?	แล้วมันราคาเท่าไหร่?
11-0282	talk	About... 500,000 yen.	ประมาณ... 500,000 เยนค่ะ
11-0283	talk	He said that was only a trifle, considering I saved his life.	เขาบอกว่านั่นเป็นแค่เศษเงินเล็กน้อย เมื่อเทียบกับที่ฉันช่วยชีวิตเขาไว้
11-0284	talk	He even wants to bring me in as one of his advisors. Similar to a court magician, I suppose...	เขายังอยากดึงฉันเข้าไปเป็น ที่ปรึกษาคนหนึ่งด้วย คล้าย ๆ กับโหรประจำสำนักก็ว่าได้...
11-0285	talk	So he's gonna be your patron, huh? That's amazing.	งั้นเขาจะเป็นผู้อุปถัมภ์ของคุณสินะ สุดยอดไปเลย
11-0286	talk	Indeed. I'm actually supposed to meet him afterward. He wants me to take a reading of everyone who works for him.	ใช่ค่ะ อันที่จริงฉันมีนัดเจอเขา หลังจากนี้ด้วย เขาอยากให้ฉันทำนายดวงให้ทุกคน ที่ทำงานให้เขา
11-0287	talk	You're going by yourself? Do you even know him that well?	จะไปคนเดียวเหรอ? คุณรู้จักเขาดีขนาดนั้นเลยเหรอ?
11-0288	talk	Believe me, I appreciate your concern. But I'll be fine.	เชื่อฉันเถอะค่ะ ฉันซาบซึ้งที่คุณเป็นห่วง แต่ฉันไม่เป็นไรหรอกค่ะ
11-0289	talk	I'm used to such situations by now.	ตอนนี้ฉันคุ้นเคยกับสถานการณ์ แบบนี้แล้วค่ะ
11-0290	talk	I see. Be careful then.	เข้าใจแล้ว งั้นก็ระวังตัวด้วยนะ
11-0291	talk	Hmm. I'm kinda jealous.	อืม ผมอิจฉานิดหน่อยนะเนี่ย
11-0292	talk	...You are?	...จริงเหรอคะ?
11-0293	talk	Just a little.	แค่นิดเดียวแหละ
11-0294	talk	Ahaha. Worry not, Yagami-san. This man is far out of my age range.	อ่าฮ่าฮ่า ไม่ต้องเป็นห่วงหรอกค่ะ ยากามิซัง ผู้ชายคนนั้นอายุห่างจากฉัน เกินไปมากค่ะ
11-0295	talk	It feels a lot like we've been dating lately, rather than trying to lure out a cow.	ช่วงนี้รู้สึกเหมือนเรากำลังเดต กันมากกว่าจะพยายามล่อ ลางร้ายรูปวัวออกมาซะอีก
11-0296	talk	However... if we keep dropping our guard like this, the cow might choose to manifest itself.	แต่ว่า... ถ้าเราปล่อยการ์ดตกแบบนี้ต่อไป วัวตัวนั้นอาจเลือกปรากฏตัวขึ้น มาก็ได้ค่ะ
11-0297	talk	Then let's put on our cowboy hats and wrangle the sucker in.	งั้นก็สวมหมวกคาวบอยแล้วรวบวัว ตัวนั้นซะเลยสิ
11-0298	talk	*chuckle* Let's do that.	*หัวเราะคิก* งั้นมาทำแบบนั้นกันค่ะ
11-0299	talk	...Yagami-san, do you... find my company enjoyable?	...ยากามิซัง คุณ... สนุกที่ได้อยู่กับฉันบ้างไหมคะ?
11-0300	talk	Oh yeah. I always have fun hanging out with you.	แน่นอน ผมสนุกทุกครั้งที่ได้อยู่กับคุณ
11-0301	talk	Do you speak the truth?	พูดจริงใช่ไหมคะ?
11-0302	talk	Yep. Cross my heart.	จริงสิ สาบานได้เลย
11-0303	talk	I never would have imagined...	ฉันไม่เคยคาดคิดมาก่อนเลยว่า...
11-0304	talk	Absolutely. What about you, Amane-san?	แน่นอน แล้วคุณล่ะ อามาเนะซัง?
11-0305	talk	Well, I certainly appreciate your company...	ก็... ฉันซาบซึ้งที่ได้อยู่กับคุณจริง ๆ ค่ะ...
11-0306	talk	Do you mean that in terms of work? Or...	หมายถึงในแง่งานหรือเปล่า หรือว่า...?
11-0307	talk	...It was like that at first. But now... I appreciate you in general.	...ตอนแรกก็เป็นแบบนั้นจริงค่ะ แต่ตอนนี้... ฉันซาบซึ้งในตัวคุณโดยรวมแล้วค่ะ
11-0308	talk	How about I guess the occupation of that patron of yours?	ผมลองทายอาชีพของผู้อุปถัมภ์คุณ ดูไหมล่ะ?
11-0309	talk	You can really do that?	คุณทำแบบนั้นได้จริง ๆ เหรอคะ?
11-0310	talk	Sure. All it takes is a simple game.	ได้สิ แค่เล่นเกมง่าย ๆ เกมหนึ่งเท่านั้นแหละ
11-0311	talk	Of what game do you speak?	เกมแบบไหนกันคะ?
11-0312	talk	I'm just gonna ask you a few questions, and all you need to do is think about the answers. That's pretty much it.	ผมแค่จะถามคำถามคุณสองสามข้อ แล้วคุณก็แค่นึกถึงคำตอบในใจ แค่นั้นเลย
11-0313	talk	You don't require any verbal response at all?	ฉันไม่ต้องพูดตอบอะไรออกมาเลยเหรอคะ?
11-0314	talk	Nope. Just think carefully.	ไม่ต้อง แค่นึกให้ดี ๆ
11-0315	talk	(People generally make unconscious gestures when they're lying...)	(ปกติแล้วคนเรามักมีท่าทางที่ แสดงออกโดยไม่รู้ตัวเวลาโกหก...)
11-0316	talk	(I bet I can throw a few questions out there and gauge her responses that way.)	(ผมเดิมพันได้เลยว่าถ้าถามคำถาม ไปสองสามข้อ ก็คงอ่านปฏิกิริยาของเธอได้)
11-0317	talk	So, this gentleman's occupation...	เอาล่ะ อาชีพของผู้ชายคนนี้...
11-0318	talk	Could he be a businessman?	เขาอาจจะเป็นนักธุรกิจหรือเปล่านะ?
11-0319	talk	I think I'll remain silent.	ฉันว่าจะขอนิ่งเงียบไว้ค่ะ
11-0320	talk	So he isn't a businessman, then?	งั้นเขาไม่ใช่นักธุรกิจสินะ?
11-0321	talk	Oh? Did I see you waver a bit just now?	อ้าว? เมื่อกี้ผมเห็นคุณสั่นนิดหน่อยใช่ไหม?
11-0322	talk	S-Surely you're mistaken!	ค-คุณคงเข้าใจผิดแน่ ๆ ค่ะ!
11-0323	talk	(Got her. Heh, she's not so hard to read.)	(จับได้แล้ว เฮ้อ เธออ่านไม่ยากเลยนี่)
11-0324	talk	I wonder if I can guess the first letter of his occupation.	สงสัยจังว่าผมจะทายตัวอักษรแรก ของอาชีพเขาได้ไหมนะ
11-0325	talk	Is it A?	เป็นตัว A ใช่ไหม?
11-0326	talk	You tell me.	คุณสิบอกฉันมา
11-0327	talk	So it's not A? Then maybe...	งั้นไม่ใช่ A สินะ? ถ้างั้น...
11-0328	talk	(I see.)	(เข้าใจแล้ว)
11-0329	talk	Can you really tell from just that?	คุณบอกได้จริง ๆ เหรอคะจากแค่นั้น?
11-0330	talk	Oh, you'll see.	โอ้ เดี๋ยวก็รู้
11-0331	talk	I'm gonna throw out some general characteristics here, based on what he does.	ผมจะลองพูดถึงลักษณะทั่วไปบางอย่าง จากสิ่งที่เขาทำดูนะ
11-0332	talk	Don't expect an answer.	อย่าคาดหวังคำตอบเลยนะคะ
11-0333	talk	This guy's an intellectual.	หมอนี่เป็นคนที่ใช้สมองเยอะ
11-0334	talk	Maybe someone who sits all day.	หรืออาจจะเป็นคนที่นั่งทำงานทั้งวัน
11-0335	talk	Or could he be someone who moves around a lot?	หรือเขาอาจเป็นคนที่เคลื่อนไหวตัวเยอะ ๆ ก็ได้
11-0336	talk	Perhaps he's good with his hands.	บางทีเขาอาจใช้มือเก่งก็ได้
11-0337	talk	A generally cheerful fellow.	เป็นคนร่าเริงโดยทั่วไป
11-0338	talk	Or maybe he's a little more on the shady side.	หรือไม่ก็อาจจะออกแนวลึกลับ ๆ หน่อย
11-0339	talk	He could be a creator.	เขาอาจเป็นนักสร้างสรรค์คนหนึ่งก็ได้
11-0340	talk	Heck, he could be something anyone would know.	หรือไม่เขาก็อาจเป็นอาชีพที่ใคร ๆ ก็รู้จักดี
11-0341	talk	Okay, I got it.	โอเค เข้าใจแล้ว
11-0342	talk	What!	อะไรนะ!
11-0343	talk	That patron of yours... is...	ผู้อุปถัมภ์ของคุณคนนั้น... คือ...
11-0344	talk	The head of a yakuza family.	หัวหน้าตระกูลยากูซ่า
11-0345	talk	Whaaat!? H-How did you know?	อะไรนะคะ!? ค-คุณรู้ได้ยังไง?
11-0346	talk	Simple observation, my dear Amane-san.	แค่ช่างสังเกตธรรมดา ๆ นี่แหละ อามาเนะซังที่รัก
11-0347	talk	...Although, all I really did was copy what I saw on a TV drama the other day.	...แม้ว่าจริง ๆ แล้ว ผมแค่เลียนแบบสิ่งที่เห็นใน ละครทีวีเมื่อวันก่อนเท่า นั้นแหละ
11-0348	talk	Either way, being able to pull that off takes a considerable amount of skill.	ยังไงก็ตาม การทำแบบนั้นได้ต้องใช้ฝีมือไม่ น้อยเลยนะคะ
11-0349	talk	A yoga instructor?	ครูสอนโยคะ?
11-0350	talk	Ahaha, that would be pretty interesting.	อ่าฮ่าฮ่า นั่นก็น่าสนใจดีเหมือนกันนะคะ
11-0351	talk	Okay, hold on. I know I got this...	โอเค เดี๋ยวนะ ผมรู้ว่าต้องทายถูกแน่ ๆ...
11-0352	talk	A yacht broker?	นายหน้าขายเรือยอชท์?
11-0353	talk	Hmm. He is quite wealthy...	อืม เขาค่อนข้างร่ำรวยอยู่นะคะ...
11-0354	talk	But dang, a yakuza patriarch, huh?	แต่โห หัวหน้าตระกูลยากูซ่าเลยเหรอเนี่ย?
11-0355	talk	Yes. That is why he seems to attract danger quite frequently.	ค่ะ นั่นแหละคือเหตุผลที่เขาดูจะ ดึงดูดอันตรายเข้ามาบ่อยครั้ง
11-0356	talk	Yeah. Now it all adds up.	ใช่ ตอนนี้ทุกอย่างเข้าเค้าหมดเลย
11-0357	talk	His organization seems to be involved with some sort of conflict as of late...	องค์กรของเขาดูเหมือนจะพัวพัน กับความขัดแย้งบางอย่างใน ช่วงนี้ค่ะ...
11-0358	talk	So having me predict his misfortunes is proving to be quite an asset.	งั้นการที่เขาได้คุณมาช่วยทำนาย เคราะห์ร้ายให้ ก็คุ้มค่าจริง ๆ สินะ
11-0359	talk	No wonder he wants to keep such a reliable person around.	ไม่แปลกใจเลยที่เขาอยากเก็บคน ที่ไว้ใจได้แบบนี้ไว้ใกล้ตัว
11-0360	talk	How are you doing with the calamity signs and all?	เรื่องลางร้ายเป็นยังไงบ้าง?
11-0361	talk	...Nothing has changed. I am still unable to perceive them.	...ไม่มีอะไรเปลี่ยนแปลงเลยค่ะ ฉันยังคงมองไม่เห็นมันอยู่ดี
11-0362	talk	Which means you're still worried about something.	นั่นแปลว่าคุณยังกังวลเรื่อง อะไรบางอย่างอยู่สินะ
11-0363	talk	I just don't understand...	ฉันแค่ไม่เข้าใจเลยค่ะ...
11-0364	talk	I thought everything would go back to normal if I cut all contact with you.	ฉันคิดว่าทุกอย่างจะกลับมาเป็นปกติ ถ้าฉันตัดขาดการติดต่อกับคุณไปเลย
11-0365	talk	I guess it wasn't that easy.	คงไม่ง่ายขนาดนั้นสินะ
11-0366	talk	Yagami-san. You know if we continue to meet like this... your life might be forfeit once again.	ยากามิซังคะ คุณก็รู้ใช่ไหมคะว่าถ้าเรายัง พบกันแบบนี้ต่อไป... ชีวิตของคุณอาจตกอยู่ในอันตราย อีกครั้ง
11-0367	talk	That would be problematic.	แบบนั้นคงเป็นปัญหาน่าดู
11-0368	talk	Then it's best that we don't—	ถ้าอย่างนั้น ทางที่ดีที่สุดคือเราไม่ควร—
11-0369	talk	But it'd be even more problematic if I never saw you again.	แต่มันจะเป็นปัญหายิ่งกว่า ถ้าผมไม่ได้เจอคุณอีกเลย
11-0370	talk	If a calamity does appear, I'll just have to find a way around it. Like I always do.	ถ้าลางร้ายปรากฏขึ้นจริง ผมก็แค่ต้องหาทางรับมือมันเอา เหมือนที่ผมทำมาตลอด
11-0371	talk	But this is not a matter you can simply leave to fate...	แต่นี่ไม่ใช่เรื่องที่จะปล่อย ให้เป็นไปตามโชคชะตาได้ง่าย ๆ นะคะ...
11-0372	talk	Right. It's my job to put these kinds of problems to rest. So rest assured, I'll be just fine.	ใช่ นี่เป็นงานของผมที่จะจัดการ ปัญหาแบบนี้ให้จบลง วางใจได้เลย ผมไม่เป็นไรแน่นอน
11-0373	talk	Yeah. I'll just have to take the bull by the horns on this one.	ใช่ ผมก็แค่ต้องจับเขาวัวตัวนี้ไว้ ให้มั่นเท่านั้นแหละ
11-0374	talk	So... "The Obstinate Ox of Kamurocho" was the calamity this whole time. How appropriate.	งั้น... "วัวดื้อแห่งคามุโรโจ" คือลางร้ายมาตลอดเลยสินะ เหมาะเจาะจริง ๆ
11-0375	talk	...Yes. And I'm the one who brought him to your doorstep.	...ใช่ค่ะ แล้วฉันก็เป็นคนพาเขามาถึงหน้า ประตูบ้านคุณเองด้วย
11-0376	talk	Ridiculous, is it not? How I would keep meeting you, hoping to repel your calamity, or at least a portion of it...	ไร้สาระใช่ไหมล่ะคะ ที่ฉันคอยมาพบคุณซ้ำแล้วซ้ำเล่า หวังจะขับไล่ลางร้ายของคุณ หรืออย่างน้อยก็ส่วนหนึ่งของมัน...
11-0377	talk	Yet, because of my selfish actions, I ended up bringing him right to you.	แต่เพราะการกระทำที่เห็นแก่ตัว ของฉันเอง สุดท้ายกลับพาเขามาถึงตัวคุณ
11-0378	talk	But if it weren't for your predictions, we never would've met in the first place.	แต่ถ้าไม่ใช่เพราะคำทำนายของคุณ เราคงไม่มีวันได้เจอกันตั้งแต่แรก
11-0379	talk	...That may be so.	...ก็อาจจะจริงค่ะ
11-0380	talk	Come to think of it... this cow calamity's been keeping us together this whole time, hasn't it?	พอมาคิดดูแล้ว... ลางร้ายรูปวัวนี่แหละที่คอย เชื่อมเราไว้ด้วยกันมาตลอด ใช่ไหมล่ะ?
11-0381	talk	I'll have to shake it's hand when I meet it. Or... hoof, I guess.	เดี๋ยวเจอมันคงต้องจับมือทักทาย สักหน่อย หรือ... กีบ ก็ว่าได้มั้ง
11-0382	talk	You're so positive, Yagami-san.	คุณคิดบวกจังเลยนะคะ ยากามิซัง
11-0383	talk	But still, this cow's been nothing but a pain in the ass. Too bad we can't just lasso him in.	แต่ถึงยังไง วัวตัวนี้ก็สร้างความปวดหัวมาตลอด น่าเสียดายที่เราจับมันด้วย เชือกบ่วงไม่ได้
11-0384	talk	I don't think ropes will do the trick on this one...	ฉันว่าเชือกคงใช้ไม่ได้ผลกับตัว นี้หรอกค่ะ...
11-0385	talk	Then there goes my chance to be a cowboy.	งั้นก็หมดโอกาสได้เป็นคาวบอยไปเลยสิ
11-0386	talk	Hey. When you said we shouldn't see each other anymore... Were you serious?	นี่ ตอนที่คุณบอกว่าเราไม่ควรเจอกัน อีกแล้ว... คุณพูดจริงหรือเปล่า?
11-0387	talk	I was.	จริงค่ะ
11-0388	talk	As our paths intertwine, so does your misfortune draw near.	ยิ่งเส้นทางของเราไขว้กันมากเท่าไหร่ เคราะห์ร้ายของคุณก็ยิ่งใกล้ เข้ามามากเท่านั้น
11-0389	talk	At this rate, I cannot guarantee the safety of your life. That is why I suggest such drastic measures.	ถ้าเป็นแบบนี้ต่อไป ฉันไม่อาจรับประกันความปลอดภัย ในชีวิตของคุณได้ นั่นจึงเป็นเหตุผลที่ฉันเสนอ มาตรการที่รุนแรงขนาดนั้น
11-0390	talk	But if your powers come back, Ushimata won't have anything to complain about. Right?	แต่ถ้าพลังของคุณกลับมา อุชิมาตะก็ไม่มีอะไรต้องบ่นแล้วนี่ ใช่ไหม?
11-0391	talk	I'm sure if that was the case, then yes, he'd be fine...	ฉันมั่นใจว่าถ้าเป็นแบบนั้นจริง เขาคงไม่มีปัญหาอะไรค่ะ...
11-0392	talk	But... what if my visions never return? Then what would I do...?	แต่... ถ้าพลังการมองเห็นของฉันไม่ กลับมาอีกเลยล่ะคะ? แล้วฉันจะทำยังไงดี...?
11-0393	talk	(She seems really stressed over this...)	(ดูเธอเครียดกับเรื่องนี้มากจริง ๆ...)
11-0394	talk	Would your concern really go away if we stopped seeing each other?	ความกังวลของคุณจะหายไปจริง ๆ เหรอ ถ้าเราเลิกเจอกัน?
11-0395	talk	...Perhaps, if given enough time. But I cannot say for sure.	...บางที ถ้าให้เวลามากพอ แต่ฉันก็ไม่อาจพูดได้อย่างแน่ชัดค่ะ
11-0396	talk	Is that really what you want, though?	แต่นั่นคือสิ่งที่คุณต้องการจริง ๆ เหรอ?
11-0397	talk	That's... difficult to answer...	นั่น... เป็นคำถามที่ตอบยากค่ะ...
11-0398	talk	So you're not sure.	งั้นเธอก็ไม่แน่ใจสินะ
11-0399	talk	...That's correct.	...ถูกต้องค่ะ
11-0400	talk	Do you not feel similarly?	คุณไม่รู้สึกแบบเดียวกันเหรอคะ?
11-0401	talk	Well... to put it bluntly, it sucks not being able to see you.	เอ่อ... พูดตรง ๆ เลยนะ มันแย่มากที่ไม่ได้เจอคุณ
11-0402	talk	...Why do you say that?	...ทำไมถึงพูดแบบนั้นล่ะคะ?
11-0403	talk	Well, that's just how I feel right now.	ก็... นั่นคือสิ่งที่ผมรู้สึกอยู่ตอนนี้แหละ
11-0404	talk	Think about it. We've spent all this time opening up to each other, learning about each other... having fun...	ลองคิดดูสิ เราใช้เวลาทั้งหมดนี้เปิดใจให้กัน เรียนรู้ซึ่งกันและกัน... สนุกด้วยกัน...
11-0405	talk	Losing that all of a sudden would really hurt.	ถ้าต้องเสียมันไปดื้อ ๆ แบบนี้ คงเจ็บปวดน่าดู
11-0406	talk	But then... what should we do?	แต่ถ้าอย่างนั้น... เราควรทำยังไงดีคะ?
11-0407	talk	Why not what we've been doing: We encounter a calamity, we deal with it, we move on.	ก็ทำแบบที่เราทำมาตลอดนั่นแหละ เจอลางร้าย จัดการมัน แล้วก็เดินหน้าต่อ
11-0408	talk	So far that's been a pretty good system for us.	จนถึงตอนนี้มันก็เป็นระบบที่ใช้ ได้ดีสำหรับเราแล้วนี่
11-0409	talk	But... surely you realize what we're dealing with...	แต่... คุณคงรู้ดีนะคะว่าเรากำลังเผชิญ กับอะไรอยู่...
11-0410	talk	Yeah, and it's nothing we can't handle. After all... we're partners.	ใช่ แล้วมันก็ไม่ใช่เรื่องที่เรา รับมือไม่ได้ ยังไงซะ... เราก็เป็นคู่ชีวิตกันนี่
11-0411	talk	A cow's got nothing on us.	วัวตัวเดียวไม่มีทางเอาชนะเราได้หรอก
11-0412	talk	Or do you not trust me?	หรือว่าคุณไม่เชื่อใจผม?
11-0413	talk	Oh, come now! You know I do.	โธ่ อย่าพูดแบบนั้นสิคะ! คุณก็รู้ว่าฉันเชื่อใจคุณ
11-0414	talk	In any case, now that you understand the source of your troubles, you shouldn't have to worry any longer.	ยังไงก็ตาม ตอนนี้คุณรู้แล้วว่าต้นตอของ ปัญหาคืออะไร คุณก็ไม่ต้องกังวลอีกต่อไปแล้ว
11-0415	talk	Instead, you can finally have some Amane time. Focus on being yourself and doing what you want to do. You know?	แทนที่จะเป็นแบบนั้น คุณก็ใช้เวลาเป็นตัวของอามาเนะ เองบ้างสิ โฟกัสที่การเป็นตัวเองและทำใน สิ่งที่คุณอยากทำ เข้าใจไหม?
11-0416	talk	...You're amazing, Yagami-san.	...คุณนี่สุดยอดจริง ๆ นะคะ ยากามิซัง
11-0417	talk	I don't know how you do it, but you are. Truly.	ฉันไม่รู้เหมือนกันว่าคุณทำได้ยังไง แต่คุณก็เป็นแบบนั้นจริง ๆ ค่ะ
11-0418	talk	Nah, I'm always like this. Stressing's bad for your health.	เปล่าหรอก ผมเป็นแบบนี้อยู่แล้ว เครียดมากไปก็ไม่ดีต่อสุขภาพ
11-0419	talk	I see nothing that resembles a cow here.	ฉันไม่เห็นอะไรที่คล้ายวัวอยู่ ตรงนี้เลยค่ะ
11-0420	talk	Ah, I'm sure there's nothing to be worried about regardless.	อ้อ ไม่ว่ายังไงผมก็มั่นใจว่าไม่มี อะไรต้องกังวลหรอก
11-0421	talk	Well then, let's get started.	งั้นเริ่มกันเลย
11-0422	talk	I shall put my heart and soul into this match.	ฉันจะทุ่มสุดหัวใจให้กับ การแข่งขันนี้ค่ะ
11-0423	talk	Good. Show me what you got.	ดี โชว์ฝีมือให้ดูหน่อยสิ
11-0424	talk	Want to play against me?	อยากเล่นกับผมไหม?
11-0425	talk	...Oh, I don't consider it playing. This is war.	...โธ่ ฉันไม่ได้มองว่านี่คือการเล่นนะคะ นี่คือสงคราม
11-0426	talk	All right, then let the battle begin.	โอเค งั้นเริ่มการต่อสู้กันเลย
11-0427	talk	Nice! I won!	เยส! ผมชนะ!
11-0428	talk	And I... surrender.	แล้วฉันก็... ยอมแพ้ค่ะ
11-0429	talk	I'm impressed, Yagami-san. I'm usually quite dominant on the shogi board.	ฉันทึ่งเลยค่ะ ยากามิซัง ปกติแล้วฉันเก่งกระดานโชกิมากนะ
11-0430	talk	Perhaps you have a power of your own... the power of observation.	บางที คุณก็คงมีพลังของตัวเองเหมือนกัน... พลังแห่งการสังเกต
11-0431	talk	Well, I'm not a detective for nothing.	ก็นะ ผมเป็นนักสืบเปล่า ๆ ไม่ได้หรอกนะ
11-0432	talk	Then it appears I've underestimated you.	งั้นดูเหมือนฉันจะประเมินคุณต่ำ เกินไปค่ะ
11-0433	talk	It appears as though I've won.	ดูเหมือนฉันจะเป็นฝ่ายชนะนะคะ
11-0434	talk	Man... you routed me.	เฮ้อ... คุณเอาชนะผมขาดลอยเลย
11-0435	talk	I may have told you this already, but I'm usually quite dominant on the shogi board.	ฉันอาจเคยบอกคุณไปแล้วนะคะ แต่ปกติแล้วฉันเก่งกระดานโชกิ มากเลยล่ะ
11-0436	talk	Perhaps we fortune tellers have the greatest observation powers of all.	บางทีพวกหมอดูอย่างฉันอาจมีพลัง สังเกตการณ์เหนือใครก็ได้นะคะ
11-0437	talk	Then I shouldn't have underestimated you.	งั้นก็ไม่ควรประมาทคุณไปแบบนั้นสินะ
11-0438	talk	Yes. All I have to do is throw them at you, right?	ใช่ค่ะ แค่ปาลูกดอกพวกนี้ใส่คุณก็พอสิ ใช่ไหมคะ?
11-0439	talk	Yeah, that's all there is to it.	ใช่ ก็แค่นั้นแหละ
11-0440	talk	Er... No, no, no! You throw them at the board, not me!	เอ่อ... ไม่ใช่ ไม่ใช่ ไม่ใช่นะ! ต้องปาใส่กระดานสิ ไม่ใช่ปาใส่ผม!
11-0441	talk	Relax! I've played darts plenty of times, so I know what I'm doing.	ใจเย็นน่า! ฉันเล่นปาลูกดอกมาเยอะแล้ว รู้ว่าตัวเองกำลังทำอะไรอยู่ค่ะ
11-0442	talk	For crying out loud... You got me with that one.	ให้ตายสิ... โดนคุณเล่นงานเข้าให้แล้ว
11-0443	talk	Shall we have a little competition?	มาแข่งกันสักหน่อยไหมคะ?
11-0444	talk	Sure. Sounds fun.	ได้เลย ฟังดูสนุกดี
11-0445	talk	How about we play some darts again?	ไปเล่นปาลูกดอกกันอีกรอบไหม?
11-0446	talk	Very well. Do not hold back...	ได้เลยค่ะ ไม่ต้องออมมือนะคะ...
11-0447	talk	All right! I won!	เยี่ยม! ผมชนะ!
11-0448	talk	You truly have impeccable aim... and control.	ฝีมือเล็งของคุณไร้ที่ติจริง ๆ ค่ะ... ทั้งแม่นทั้งคุมจังหวะได้ดี
11-0449	talk	Heh. Damn straight I do.	ฮึ่ม แน่นอนอยู่แล้ว
11-0450	talk	Tch. I guess it's a tie.	เชอะ คงเสมอกันสินะ
11-0451	talk	That was certainly intense...	เมื่อกี้เข้มข้นจริง ๆ ค่ะ...
11-0452	talk	Dang! I can't believe I lost!	บ้าเอ๊ย! ไม่อยากเชื่อเลยว่าจะแพ้!
11-0453	talk	Fwahaha. I like that frustrated expression. Looks good on you.	ฟั่วะฮ่าฮ่า หน้าหงุดหงิดแบบนั้นก็ดูดีนะคะ ฉันชอบ
11-0454	talk	Graghhh... My stomach... It huuurts...	โกร๊าาา... ท้องฉัน... มันเจ็บจริง ๆ...
11-0455	talk	Now pay what you owe and get outta here.	จ่ายหนี้ที่ติดไว้แล้วรีบไปซะ
11-0456	talk	I-I don't wanna! I'm not movin' till I get a mountain of food on my plate!	ไ-ไม่เอาอ่ะ! ฉันจะไม่ไปไหนทั้งนั้นจนกว่าจะ ได้อาหารกองเป็นภูเขาใส่ จานมาก่อน!
11-0457	talk	You know you're gonna get punished by the food god, right?	รู้ใช่ไหมว่าเดี๋ยวเทพเจ้าแห่ง อาหารจะลงโทษนาย?
11-0458	talk	Now! Make your decision: Atone for your sins by paying what you owe, or prepare to face the netherworld!	เอาล่ะ! ตัดสินใจซะ: จะไถ่บาปด้วยการจ่ายหนี้ที่ติดไว้ หรือเตรียมตัวไปเผชิญยมโลกก็เลือกเอา!
11-0459	talk	It... looks like...	มัน... ดูเหมือนว่า...
11-0460	talk	Yagami-san. Fortune teller lady. Thank you for driving away that thief.	ยากามิซังครับ คุณหมอดูครับ ขอบคุณมากที่ช่วยไล่ขโมยไปให้นะครับ
11-0461	talk	But... could this mean that my cow calamity is gone?	แต่... นี่หมายความว่าลางร้ายรูปวัวของ ผมหายไปแล้วเหรอ?
11-0462	talk	(Should I invite Tsumugi-san out? ...Maybe now's not such a good time.)	(ควรชวนสึมุกิซังออกไปข้างนอกดีไหมนะ? ...หรือตอนนี้อาจจะไม่ใช่เวลาที่เหมาะ)
11-0463	talk	Did I keep you waiting?	ให้คุณรอนานไหมคะ?
11-0464	talk	Oh no, I just got here myself.	เปล่าเลย ผมเพิ่งมาถึงเหมือนกัน
11-0465	talk	(Should I give Tsumugi-san a present?)	(ควรให้ของขวัญสึมุกิซังดีไหมนะ?)
11-0466	talk	So I actually have something for you...	จริง ๆ แล้วผมมีอะไรจะให้คุณนะ...
11-0467	talk	Oh, is this for me?	โอ้ นี่สำหรับฉันเหรอคะ?
11-0468	talk	Yeah. I thought it'd look good on you.	ใช่ ผมว่ามันน่าจะเข้ากับคุณดี
11-0469	talk	Wow! It looks so... refined! I love it!	ว้าว! ดูหรูหราจริง ๆ ค่ะ! ฉันชอบมากเลย!
11-0470	talk	It seemed like it would match your tastes.	ผมว่ามันน่าจะถูกใจคุณ
11-0471	talk	Absolutely, I love this sort of thing. Thank you!	แน่นอนค่ะ ฉันชอบของแบบนี้มาก ขอบคุณนะคะ!
11-0472	talk	I'll try this on right away.	ฉันจะลองใส่ดูเลยค่ะ
11-0473	talk	Yeah. Can't wait to see you in it.	ใช่ อยากเห็นคุณใส่แล้วเป็นยังไงเร็ว ๆ
11-0474	talk	Well? I don't look strange at all?	เป็นไงคะ? ฉันดูแปลก ๆ ไปไหมคะ?
11-0475	talk	Nope. In fact, you look great!	ไม่เลย จริง ๆ แล้วคุณดูดีมากเลยล่ะ!
11-0476	talk	*chuckle* That makes me happy.	*หัวเราะเบา ๆ* แค่นี้ก็ทำให้ฉันมีความสุขแล้วค่ะ
11-0477	talk	Hey, Tsumugi-san. I got you something.	นี่ สึมุกิซัง ผมมีอะไรจะให้คุณนะ
11-0478	talk	My goodness! Was this not in your budget?	คุณพระช่วย! นี่ไม่เกินงบของคุณไปหน่อยเหรอคะ?
11-0479	talk	Well, I admit I splurged a little.	เอาจริง ๆ ก็ยอมรับว่าจัดหนักไปหน่อย
11-0480	talk	I feel bad now.	รู้สึกผิดขึ้นมาเลย
11-0481	talk	Don't go pawning it off somewhere, okay?	อย่าเอาไปจำนำทิ้งที่ไหนล่ะ นะ?
11-0482	talk	Of course I wouldn't... as long as my finances are stable.	ฉันไม่ทำแบบนั้นหรอกค่ะ... ตราบใดที่การเงินฉันยังมั่นคงอยู่นะ
11-0483	talk	(Damn, I think I scared her off. Maybe it was too expensive?)	(บ้าเอ๊ย ผมว่าผมทำให้เธอตกใจซะแล้ว อาจจะแพงไปหน่อยมั้ง?)
11-0484	talk	You did? Are you sure? My, thank you so much.	ให้เหรอคะ? แน่ใจนะคะ? โอ้ ขอบคุณมากเลยค่ะ
11-0485	talk	Sure thing. Check this out.	ได้เลย ดูนี่สิ
11-0486	talk	O-Oh...	อ๋อ...
11-0487	talk	Truthfully speaking, I doubt I'd look good in it. It's a bit too stylish for me.	พูดตามตรงนะคะ ฉันว่าใส่แล้วคงไม่สวยเท่าไหร่ มันดูทันสมัยเกินไปสำหรับฉัน
11-0488	talk	Hmm, I wonder.	อืม ก็ไม่แน่ใจเหมือนกันนะคะ
11-0489	talk	Well, maybe try it on sometime.	งั้นลองใส่ดูสักวันก็ได้นะ
11-0490	talk	I will consider it.	เดี๋ยวฉันจะลองพิจารณาดูค่ะ
11-0491	talk	(Maybe I should choose something more appropriate next time...)	(คราวหน้าคงต้องเลือกอะไรที่ เหมาะกว่านี้สินะ...)
11-0492	talk	Oh my! Are you sure this is okay?	โอ้โห! แน่ใจเหรอคะว่าให้แบบนี้ได้จริง ๆ?
11-0493	talk	Of course. Now check this out...	แน่นอน เอาล่ะ ดูนี่สิ...
11-0494	talk	This is beautiful! I promise to take good care of it!	สวยมากเลยค่ะ! ฉันสัญญาว่าจะถนอมมันอย่างดี!
11-0495	talk	(That seemed to go pretty well. I'm glad she's happy.)	(ดูเหมือนจะไปได้สวยนะ ดีใจที่เธอมีความสุข)
11-0496	talk	Takayuki-san. Where shall we go today?	ทาคายูกิซังคะ วันนี้เราจะไปไหนกันดีคะ?
11-0497	talk	(What should we do...)	(จะทำอะไรกันดีนะ...)
11-0498	talk	How about the casino? Spend some cash, blow off some steam...	ไปคาสิโนกันไหม? ใช้เงินสักหน่อย ผ่อนคลายความเครียด...
11-0499	talk	How very eloquent of you. *chuckle* Sounds like a pleasant date to me.	พูดจาไพเราะจังนะคะ *หัวเราะเบา ๆ* ฟังดูเป็นเดตที่น่ารื่นรมย์ดีค่ะ
11-0500	talk	Great. Then let's go.	เยี่ยม งั้นไปกันเลย
11-0501	talk	Very well. Challenge accepted.	ได้เลยค่ะ รับคำท้า
11-0502	talk	Wanna go play shogi?	ไปเล่นโชกิกันไหม?
11-0503	talk	Very well. Prepare yourself.	ได้เลยค่ะ เตรียมตัวให้ดีนะคะ
11-0504	talk	You showed me a wonderful time today, Takayuki-san. Thank you.	วันนี้คุณทำให้ฉันมีเวลาที่ ดีมากเลยค่ะ ทาคายูกิซัง ขอบคุณนะคะ
11-0505	talk	Yeah, I had a good time too. Thanks for coming with.	ใช่ ผมก็สนุกเหมือนกัน ขอบคุณที่มาด้วยกันนะ
11-0506	talk	Invite me out again sometime, okay? Until then... I'll be thinking of you.	ชวนฉันออกไปเที่ยวอีกนะคะ จนกว่าจะถึงตอนนั้น... ฉันจะคิดถึงคุณอยู่นะคะ
11-0507	talk	(Tsumugi-san has this amazing energy about her... it's infectious in a good way.)	(สึมุกิซังมีพลังงานบางอย่างที่ น่าทึ่งจริง ๆ... เป็นพลังบวกที่แพร่ไปถึงคน รอบข้างได้ดี)
11-0508	talk	I'm impressed, Takayuki-san. I'm usually quite dominant on the shogi board.	ประทับใจจังค่ะ ทาคายูกิซัง ปกติแล้วฉันค่อนข้างเป็นต่อบน กระดานโชกินะคะ
11-0509	talk	*chuckle* I'm usually quite dominant on the shogi board.	*หัวเราะเบา ๆ* ปกติแล้วฉันค่อนข้างเป็นต่อบน กระดานโชกินะคะ
11-0510	talk	Let's play some darts, Tsumugi-san.	ไปเล่นปาลูกดอกกันเถอะ สึมุกิซัง
11-0511	talk	Very well... Hold nothing back from me!	ได้เลยค่ะ... อย่าออมมือให้ฉันนะคะ!
11-0512	talk	You truly don't hold back, do you?	คุณนี่ไม่ยั้งมือเลยจริง ๆ นะคะ?
11-0513	talk	Nope. That's my policy, after all.	ไม่เลย นั่นแหละหลักการของผม
11-0514	talk	*chuckle* It's interesting to know you have such a competitive side.	*หัวเราะเบา ๆ* น่าสนใจนะคะที่รู้ว่าคุณมีด้าน ที่ชอบแข่งขันด้วย
11-0515	talk	Splendid! That was quite a thrilling match, don't you think?	ยอดเยี่ยมค่ะ! เมื่อกี้เป็นแมตช์ที่น่าตื่นเต้นจริง ๆ ว่าไหมคะ?
11-0516	talk	I do. You've really improved, Tsumugi-san.	ใช่เลย คุณเก่งขึ้นเยอะนะ สึมุกิซัง
11-0517	talk	So you've noticed. I'm glad I practiced, then.	สังเกตเห็นด้วยเหรอคะ ดีใจจังที่ซ้อมมา
11-0518	talk	Oh? Is the game over already?	อ้าว? จบเกมแล้วเหรอคะ?
11-0519	talk	Not bad, Tsumugi-san.	ไม่เลวเลยนะ สึมุกิซัง
11-0520	talk	*chuckle* Perhaps fate was on my side today.	*หัวเราะเบา ๆ* วันนี้บางทีโชคชะตาอาจเข้าข้าง ฉันก็ได้ค่ะ
11-0521	talk	(I'll win for sure next time...)	(รอบหน้าต้องชนะให้ได้แน่...)
11-0522	talk	Well? Do you see anything? Can you tell when someone's about to lose?	แล้วไง? เห็นอะไรบ้างไหม? บอกได้ไหมว่าใครกำลังจะแพ้?
11-0523	talk	No, my powers don't exactly work like that...	เปล่าค่ะ พลังของฉันไม่ได้ทำงานแบบนั้นเป๊ะ ๆ หรอกนะคะ...
11-0524	talk	Mm. I guess that would make you pretty overpowered.	อืม คงทำให้คุณโกงเกินไปแหละถ้าทำได้จริง
11-0525	talk	Well, let's just have fun anyway.	เอาเถอะ สนุกกันไปเลยดีกว่า
11-0526	talk	Hmm... What's something we would both enjoy... I guess poker would be our best bet.	อืม... มีอะไรที่เราสองคนจะสนุกด้วยกันได้นะ... คงเป็นโป๊กเกอร์นี่แหละที่ เข้าท่าที่สุด
11-0527	talk	Poker... That does sound interesting, but I'm not too clear on the rules.	โป๊กเกอร์เหรอคะ... ฟังดูน่าสนใจนะคะ แต่ฉันยังไม่ค่อยเข้าใจกติกาเท่าไหร่
11-0528	talk	Then I'll be happy to teach you.	งั้นผมยินดีสอนให้เลย
11-0529	talk	Do you want to play poker again?	อยากเล่นโป๊กเกอร์อีกรอบไหม?
11-0530	talk	Why not. It can be quite entertaining to put our fate in the hands of the cards.	ทำไมจะไม่ล่ะคะ การฝากโชคชะตาไว้กับไพ่ก็สนุกไป อีกแบบนะคะ
11-0531	talk	I'll provide the betting money, so play to your heart's content.	ผมออกเงินเดิมพันให้เอง เล่นให้สนุกไปเลย
11-0532	talk	I apologize for making you pay for me each time.	ขอโทษนะคะที่ให้คุณจ่ายให้ฉัน ทุกครั้งเลย
11-0533	talk	It's not a problem. Just don't hold back once the game starts, okay?	ไม่เป็นไรหรอก แค่พอเริ่มเล่นแล้วอย่าออมมือก็พอ โอเคนะ?
11-0534	talk	I feel like there's no need to... I doubt I could defeat you in the first place!	ฉันว่าไม่จำเป็นต้องออมมือหรอกค่ะ... ยังไงฉันก็คงเอาชนะคุณไม่ได้อยู่ดี!
11-0535	talk	Very impressive, Yagami-san. I had no idea your luck sign was so strong...	น่าประทับใจมากเลยค่ะ ยากามิซัง ไม่นึกเลยว่าดวงโชคของคุณจะแรงขนาดนี้...
11-0536	talk	I'd say it's more pluck than luck... and maybe a little bit of bluffing.	ผมว่ามันเป็นความกล้ามากกว่าดวงนะ... แล้วก็อาจมีการบลัฟนิดหน่อยด้วย
11-0537	talk	Looks like fortune is on my side.	ดูเหมือนโชคจะเข้าข้างฉันนะคะ
11-0538	talk	Of course it is. You're a fortune teller.	แน่นอนอยู่แล้ว คุณเป็นหมอดูนี่นา
11-0539	talk	*chuckle* Looks like fate smiles upon me again.	*หัวเราะเบา ๆ* ดูเหมือนโชคชะตาจะยิ้มให้ฉัน อีกครั้งแล้วค่ะ
11-0540	talk	Damn. I guess we both lost.	บ้าเอ๊ย ดูเหมือนเราจะแพ้กันทั้งคู่เลย
11-0541	talk	As fate would have it.	ก็เป็นไปตามโชคชะตาแหละค่ะ
11-0542	talk	Takayuki-san, that was amazing!	ทาคายูกิซัง เมื่อกี้สุดยอดไปเลยค่ะ!
11-0543	talk	No one stands a chance against you even in gambling!	ต่อให้เป็นการพนัน ก็ไม่มีใครสู้คุณได้เลยนะคะ!
11-0544	talk	Oh? Did I win?	อ้าว? ฉันชนะเหรอคะ?
11-0545	talk	Whoa, way to go Tsumugi-san!	โห เก่งมากเลย สึมุกิซัง!
11-0546	talk	"Fortune favors the bold." Or so the saying goes.	"โชคเข้าข้างคนกล้า" ว่ากันอย่างนั้นนะคะ
11-0547	talk	Dang. Neither of us could pull it off.	บ้าเอ๊ย ทั้งคู่ทำไม่สำเร็จเลย
11-0548	talk	It would seem that luck wasn't on our side today.	ดูเหมือนวันนี้โชคจะไม่เข้าข้าง เราทั้งคู่เลยค่ะ
11-0549	talk	(Oh, should I buy a present for Amane-san before our date?)	(อ้อ ควรซื้อของขวัญให้อามาเนะซัง ก่อนเดตดีไหมนะ?)
11-0550	talk	(Doesn't seem like she has anything more to say.)	(ดูเหมือนเธอจะไม่มีอะไรจะพูด เพิ่มแล้วนะ)
11-0551	talk	(Well. I guess I'll wait till Amane-san gets here.)	(เอาล่ะ คงต้องรอจนกว่าอามาเนะซังจะ มาถึงแล้วล่ะ)
11-0552	talk	Don't mean to barge in on ya, but...	ไม่ได้ตั้งใจจะบุกรุกอะไรหรอกนะ แต่...
11-0553	talk	Hmph. You'll have to excuse my abruptness, but I need to speak with you for a moment.	หึ ต้องขออภัยที่มาแบบไม่ทันตั้งตัวนะ แต่ผมมีเรื่องอยากคุยกับคุณสักครู่
11-0554	talk	...Is this work-related? Did you set up an appointment?	...นี่เรื่องงานเหรอ? นัดหมายไว้หรือเปล่า?
11-0555	talk	No, I didn't feel that was necessary. I noticed you from outside, so I thought I'd come in for a quick chat.	เปล่า ผมว่าไม่จำเป็นต้องนัดหรอก เห็นคุณจากข้างนอกก็เลยคิดว่าจะ แวะเข้ามาคุยด้วยสักหน่อย
11-0556	talk	(...Wait. I think I know this guy.)	(...เดี๋ยวนะ ผมรู้จักคนนี้)
11-0557	talk	(That's Amane-san's patron, if I'm not mistaken...)	(นั่นลูกค้าประจำของอามาเนะซัง ถ้าผมจำไม่ผิด...)
11-0558	talk	What, is this a bad time?	ไง เป็นจังหวะที่ไม่ดีเหรอ?
11-0559	talk	Well. I do have some very important matters to attend to.	ก็... ผมมีเรื่องสำคัญมากที่ต้อง จัดการอยู่นะ
11-0560	talk	Then I'll make this as quick and painless as possible...	งั้นผมจะทำให้เรื่องนี้จบไวและ เจ็บน้อยที่สุด...
11-0561	talk	Provided you take a moment to clean out your ears and listen.	ก็แค่ขอให้คุณเปิดหูฟังดี ๆ สักหน่อย
11-0562	talk	Fine. What do you want?	ก็ได้ ต้องการอะไร?
11-0563	talk	First off, let me introduce myself. I'm Takero Ushimata, also known as the Obstinate Ox of Kamurocho.	อย่างแรก ขอแนะนำตัวก่อน ผมชื่อทาเคโระ อุชิมาตะ หรือที่รู้จักกันในนาม 'วัวดื้อแห่งคามุโรโจ'
11-0564	talk	(...Unless I'm totally mistaken, an ox is pretty much a cow. Right?)	(...ถ้าผมไม่เข้าใจผิด วัวตัวผู้ก็คือวัวธรรมดา ๆ นี่แหละใช่ไหม?)
11-0565	talk	Um. This might sound irrelevant, but would you happen to have a cow tattoo on your back?	เอ่อ... อาจจะฟังดูไม่เกี่ยวกันเลย แต่คุณมีรอยสักรูปวัวที่หลังหรือเปล่า?
11-0566	talk	Oh, yeah, I do. It's a magnificent one, in fact.	อ๋อ ใช่ มีสิ แถมยังเป็นรอยสักที่งดงามมากด้วยนะ
11-0567	talk	Haha... Of course you would...	ฮ่าฮ่า... ก็แหงอยู่แล้วสินะ...
11-0568	talk	Anyway. What do you want with me?	เอาล่ะ คุณต้องการอะไรจากผม?
11-0569	talk	You need to stop seeing Amane-san.	คุณต้องเลิกพบกับอามาเนะซังได้แล้ว
11-0570	talk	We're currently engaged in a minor scuffle, you see. Yet my men have suffered countless setbacks and injuries.	ตอนนี้เรากำลังพัวพันกับเรื่อง ทะเลาะเบาะแว้งเล็ก ๆ น้อย ๆ อยู่ แต่ลูกน้องของผมกลับเจ็บตัวและ พ่ายแพ้มานับไม่ถ้วน
11-0571	talk	Now Amane-san's abilities have certainly helped us a great deal...	ความสามารถของอามาเนะซังช่วย พวกเราไว้เยอะจริง ๆ นะ...
11-0572	talk	But since she hasn't been able to see anything lately, we've been experiencing quite a bit of trouble.	แต่ช่วงนี้เธอมองไม่เห็นอะไรเลย พวกเราเลยเจอปัญหาเยอะพอสมควร
11-0573	talk	I'm aware of that. Now why do you want to keep me away from her?	ผมรู้เรื่องนั้นดี แล้วทำไมถึงอยากกันผมออกห่างจากเธอล่ะ?
11-0574	talk	Didn't she tell you? About how she can't give readings whenever she's deeply concerned?	เธอไม่ได้บอกคุณเหรอ? เรื่องที่เธอทำนายไม่ได้เวลา กังวลใจหนัก ๆ น่ะ
11-0575	talk	Yeah, she did. But she doesn't seem to know what the root of it is, though.	ใช่ เธอบอกแล้ว แต่ดูเหมือนเธอจะไม่รู้ว่า สาเหตุที่แท้จริงคืออะไร
11-0576	talk	Well, I would think it's fairly obvious.	ผมว่ามันค่อนข้างชัดเจนอยู่แล้วนะ
11-0577	talk	It's you, buddy.	ก็คุณนั่นแหละ เพื่อนยาก
11-0578	talk	That girl's started falling for you, but she just don't realize it yet. That's what's got her thrown for a loop.	ผู้หญิงคนนั้นเริ่มตกหลุมรักคุณ เข้าแล้ว แต่เธอยังไม่รู้ตัวเองหรอก นั่นแหละที่ทำให้เธอสับสนวุ่นวายไปหมด
11-0579	talk	...No, that can't be it...	...ไม่นะ มันไม่ใช่แบบนั้นหรอก...
11-0580	talk	I need her to get her powers back immediately. Otherwise we might not have a future left to read.	ผมต้องการให้เธอได้พลังคืนมาโดยด่วน ไม่งั้นพวกเราอาจไม่เหลืออนาคต ให้ทำนายอีกต่อไป
11-0581	talk	And while I understand she's having love issues, this is a matter of life and death. At least to us.	และถึงผมจะเข้าใจว่าเธอมีปัญหา เรื่องความรัก แต่นี่เป็นเรื่องเป็นตายเลยนะ อย่างน้อยก็สำหรับพวกเรา
11-0582	talk	So could you, uh, stop seeing her from now on?	ฉะนั้นคุณช่วย เอ่อ เลิกพบกับเธอตั้งแต่นี้ไปได้ไหม?
11-0583	talk	We'll pay you, of course. Two million yen. I have it all in cash.	แน่นอนว่าเราจะจ่ายให้คุณ 2 ล้านเยน ผมมีเงินสดพร้อมอยู่แล้ว
11-0584	talk	(...Wait. Should I really be doing this? Taking a bribe from a yakuza...)	(...เดี๋ยวนะ ผมควรทำแบบนี้จริง ๆ เหรอ รับสินบนจากยากูซ่า...)
11-0585	talk	Heh. Need some time to mull it over?	ฮึ ต้องการเวลาคิดทบทวนหน่อยไหม?
11-0586	talk	...No, there's no need for that.	...ไม่ ไม่จำเป็นหรอก
11-0587	talk	So what's your answer?	แล้วคำตอบของคุณคืออะไร?
11-0588	talk	I understand the conditions. But unfortunately for you, I can't agree to those terms.	ผมเข้าใจเงื่อนไขที่คุณเสนอมา แต่โชคร้ายสำหรับคุณ ผมไม่สามารถตกลงตามนั้นได้
11-0589	talk	...Oh?	...โอ้?
11-0590	talk	Now if that's all, I'd like you to leave.	เอาล่ะ ถ้าไม่มีอะไรแล้ว ผมอยากให้คุณออกไปได้แล้ว
11-0591	talk	(What!?)	(อะไรนะ!?)
11-0592	talk	You know. I'm not sure if you caught the <font_kind=yakuza_italic>subtext</font_kind>, but this is an offer you can't refuse.	รู้อะไรไหม ผมไม่แน่ใจว่าคุณจับ<font_kind=yakuza_italic>นัยแฝง</font_kind> ได้หรือเปล่า แต่นี่คือข้อเสนอที่คุณปฏิเสธ ไม่ได้หรอกนะ
11-0593	talk	Considering how many lives are on the line... I won't be holding back.	เมื่อคำนึงถึงชีวิตคนมากมายที่ แขวนอยู่บนเส้นด้าย... ผมจะไม่ยั้งมือแล้วนะ
11-0594	talk	Now say goodbye to Amane-san for good!	ร่ำลาอามาเนะซังไปตลอดกาลซะเถอะ!
11-0595	talk	Ugh.	โอ๊ย...
11-0596	talk	A... Amane-san...	อ... อามาเนะซัง...
11-0597	talk	What happened to you!?	เกิดอะไรขึ้นกับคุณ!?
11-0598	talk	Why are you all...	ทำไมตัวคุณถึง...
11-0599	talk	Let's just say your patron has a problem with me.	พูดง่าย ๆ ก็คือลูกค้าประจำของคุณมีเรื่อง กับผมน่ะ
11-0600	talk	He thinks I'm making you lose your powers.	เขาคิดว่าผมเป็นสาเหตุที่ทำให้ พลังของคุณหายไป
11-0601	talk	Yeah. He's saying I'm the major obstacle that's blocking your third eye.	ใช่ เขาบอกว่าผมเป็นอุปสรรคตัวใหญ่ ที่ปิดกั้นตาที่สามของคุณ
11-0602	talk	And apparently this guy Ushimata? He's nicknamed after a freaking cow!	แล้วเจ้าอุชิมาตะคนนี้เนี่ยนะ? ได้ฉายาตามชื่อวัวซะด้วย!
11-0603	talk	...I am aware of that.	...ฉันรู้เรื่องนั้นดีค่ะ
11-0604	talk	Then... you mind if we talk for a bit?	งั้น... คุณจะว่าอะไรไหมถ้าเราคุยกันสักหน่อย?
11-0605	talk	Amane-san, you knew about the patriarch's name this whole time, didn't you?	อามาเนะซัง คุณรู้ชื่อของหัวหน้าคนนั้นมา ตลอดใช่ไหม?
11-0606	talk	I did. And I apologize.	รู้ค่ะ แล้วก็ขอโทษด้วยนะคะ
11-0607	talk	Did it never cross your mind that he could be the cow calamity?	ไม่เคยคิดเลยเหรอว่าเขาอาจเป็น ลางร้ายรูปวัว?
11-0608	talk	Actually, I had been considering that...	จริง ๆ แล้วฉันคิดเรื่องนั้นอยู่เหมือนกันค่ะ...
11-0609	talk	And I came to such a conclusion fairly early on.	แล้วก็ได้ข้อสรุปแบบนั้นตั้งแต่ ช่วงต้น ๆ แล้วค่ะ
11-0610	talk	Then...	แล้ว...
11-0611	talk	Why didn't you tell me?	ทำไมไม่บอกผมล่ะ?
11-0612	talk	I wanted to, but...	ฉันอยากจะบอกนะคะ แต่...
11-0613	talk	But you just didn't want to admit it?	แต่เธอแค่ไม่อยากยอมรับใช่ไหม?
11-0614	talk	Don't worry. I get it.	ไม่ต้องห่วง ผมเข้าใจ
11-0615	talk	This is your first regular, after all.	ก็เขาเป็นลูกค้าประจำคนแรกของคุณนี่นา
11-0616	talk	You couldn't risk losing such an important customer over some calamity that couldn't even be verified.	คุณคงเสี่ยงเสียลูกค้าคนสำคัญ ขนาดนั้นไปเพราะลางร้าย ที่ยังพิสูจน์ไม่ได้ด้วยซ้ำไม่ได้หรอก
11-0617	talk	That's not it!	ไม่ใช่แบบนั้นค่ะ!
11-0618	talk	Well, it is true that I wanted to take good care of my very first patron...	ก็จริงอยู่ที่ฉันอยากดูแล ลูกค้าประจำคนแรกให้ดี...
11-0619	talk	However... if he truly is the cow calamity...	แต่ว่า... ถ้าเขาเป็นลางร้ายรูปวัวจริง ๆ...
11-0620	talk	Then it means I was the one who brought this disaster into your life.	งั้นก็แปลว่าฉันเองที่เป็นคนนำ หายนะนี้มาสู่ชีวิตคุณ
11-0621	talk	Well, when you put it like that...	เอ่อ... พอพูดแบบนั้นแล้วก็...
11-0622	talk	That's why as long as you and I continue to meet, the calamity will never go away.	เพราะแบบนี้แหละค่ะ ตราบใดที่คุณกับฉันยังพบกันต่อไป ลางร้ายจะไม่มีวันหายไป
11-0623	talk	If anything, it'll grow even worse. The closer we get, the more dangerous your situation will be.	ยิ่งไปกว่านั้น มันจะยิ่งเลวร้ายลงไปอีก ยิ่งเราสนิทกันมากเท่าไหร่ สถานการณ์ของคุณก็ยิ่งอันตราย มากขึ้นเท่านั้น
11-0624	talk	So that's why you kept saying the calamity was getting bigger...	งั้นนี่แหละคือเหตุผลที่คุณพูด ตลอดว่าลางร้ายมันใหญ่ขึ้น เรื่อย ๆ...
11-0625	talk	But I didn't want to admit that. I just... couldn't.	แต่ฉันไม่อยากยอมรับเรื่องนั้น ฉันแค่... ทำไม่ได้ค่ะ
11-0626	talk	Before I knew it, you'd... become such a huge part of my life.	ก่อนที่ฉันจะรู้ตัว คุณก็... กลายเป็นส่วนสำคัญของชีวิตฉันไปแล้ว
11-0627	talk	I want to keep seeing you. Truly, I do. But... doing so will only bring you more misfortune.	ฉันอยากพบคุณต่อไปนะคะ จริง ๆ นะ แต่... การทำแบบนั้นจะยิ่งนำโชคร้าย มาสู่คุณมากขึ้นเท่านั้น
11-0628	talk	That... is the source of my troubles. And thus, the reason my power has dwindled down to nothing.	นั่น... คือต้นตอของปัญหาทั้งหมดของฉัน และเป็นเหตุผลที่พลังของฉันค่อย ๆ เหือดหายไปจนแทบไม่เหลืออะไรเลย
11-0629	talk	I had no idea.	ไม่เคยรู้เลย
11-0630	talk	...I'm so sorry, Yagami-san.	...ฉันขอโทษจริง ๆ ค่ะ ยากามิซัง
11-0631	talk	It turns out the real calamity...	สุดท้ายแล้วลางร้ายตัวจริง...
11-0632	talk	...Was me.	...ก็คือฉันเองค่ะ
11-0633	talk	Please excuse me. I'll be heading home now.	ขอตัวก่อนนะคะ ฉันจะกลับบ้านแล้ว
11-0634	talk	We should probably stop seeing each other... for good.	เราคงต้องเลิกพบกัน... ตลอดไปแล้วล่ะค่ะ
11-0635	talk	You can't be serious...	ไม่เอาน่า จริงจังรึเปล่าเนี่ย...
11-0636	talk	(Am I really going to let it end like this?)	(ผมจะปล่อยให้มันจบแบบนี้จริง ๆ เหรอ?)
11-0637	talk	(I know. Maybe I'll give Amane-san a gift?)	(ใช่แล้ว ลองให้ของขวัญอามาเนะซังดูดีไหมนะ?)
11-0638	talk	Oh? You actually went out and bought something?	อ้าว? คุณออกไปซื้อของมาจริง ๆ เหรอคะ?
11-0639	talk	Yeah... I thought it'd look good on you.	ใช่... ผมว่ามันน่าจะเข้ากับคุณดี
11-0640	talk	I bet you'd look really good in it.	ผมว่าคุณใส่แล้วต้องดูดีมากแน่ ๆ
11-0641	talk	Amane-san. I have something for you.	อามาเนะซัง ผมมีของมาให้คุณนะ
11-0642	talk	You do? Are you sure? My, thank you so much.	ให้เหรอคะ? แน่ใจนะคะ? โอ้ ขอบคุณมากเลยค่ะ
11-0643	talk	By the way, that guy who hired you sounds pretty well off. What's he do for a living?	ว่าแต่ ผู้ชายที่จ้างคุณคนนั้นดูท่าทาง จะรวยเอาเรื่องเลยนะ เขาทำงานอะไรกันแน่?
11-0644	talk	Well... that would be...	เอ่อ... นั่นก็คือ...
11-0645	talk	...A business secret.	...ความลับทางธุรกิจค่ะ
11-0646	talk	Now I wanna know even more...	ยิ่งอยากรู้เข้าไปใหญ่เลยสิ...
11-0647	talk	Then why don't we go have some fun?	งั้นไปสนุกกันดีกว่าไหม?
11-0648	talk	Please dispense with that.	ช่วยเลิกเรียกแบบนั้นทีนะคะ
11-0649	talk	With what?	ด้วยอะไรเหรอ?
11-0650	talk	Amane is my last name.	อามาเนะเป็นนามสกุลของฉันค่ะ
11-0651	talk	Ohh. Okay. Got it.	อ๋อ โอเค เข้าใจแล้ว
11-0652	talk	Then, let's be together, Tsumugi-san. Always.	งั้น เรามาอยู่ด้วยกันเถอะนะ สึมุกิซัง ตลอดไป
11-0653	talk	Yes. I'd like that... Takayuki-san.	ค่ะ ฉันก็อยากแบบนั้นเหมือนกัน... ทาคายูกิซัง
11-0654	talk	Ahaha... Then I'll be sure to keep an eye out.	ฮ่าฮ่า... งั้นผมจะคอยระวังให้แน่ ๆ เลย
11-0655	talk	Could he be...	เขาอาจจะเป็น...
11-0656	talk	Did you feel this was necessary for me to do my job?	คุณคิดว่านี่จำเป็นสำหรับ การทำงานของฉันจริง ๆ เหรอคะ?
11-0657	talk	C'mon, it looks great on you, so why worry about it?	ไม่เอาน่า ใส่แล้วดูดีออก จะกังวลไปทำไม?
11-0658	talk	What sort of logic is that...?	นั่นมันตรรกะอะไรกันคะเนี่ย...?
11-0659	talk	I had a feeling you'd look good in a kimono, Tsumugi-san.	ผมมีลางสังหรณ์อยู่แล้วว่าคุณ ใส่กิโมโนแล้วต้องดูดี สึมุกิซัง
11-0660	talk	People were staring and moving out of my way on the street...	คนบนถนนต่างจ้องมองแล้วก็ หลีกทางให้ฉันเลย...
11-0661	talk	Maybe they thought you were a yakuza's wife. Haha. Or who knows, maybe they were just totally captivated by your beauty.	อาจจะคิดว่าคุณเป็นเมียยากูซ่าก็ได้นะ ฮ่าฮ่า หรือไม่ก็อาจจะหลงใหลในความสวย ของคุณจนตะลึงไปเลยก็ได้
11-0662	talk	*sigh* Somehow I doubt it.	*ถอนหายใจ* ฉันว่าไม่ใช่หรอกค่ะ
11-0663	talk	I actually have a present for you, Tsumugi-san.	จริง ๆ แล้วผมมีของขวัญให้คุณนะ สึมุกิซัง
11-0664	talk	Huh!? A kimono?	หา!? กิโมโนเหรอคะ?
11-0665	talk	I saw it and I said, wow, that would be perfect for you, so I bought it on the spot. What do you say you give it a shot next time we meet up?	พอเห็นปุ๊บก็คิดเลยว่า โห อันนี้เหมาะกับคุณสุด ๆ เลยซื้อมาทันที ลองใส่ดูตอนเจอกันครั้งหน้าไหม?
11-0666	talk	I was not expecting a gift, so I'm happy. Although...	ไม่คิดว่าจะได้ของขวัญเลย ดีใจมากค่ะ แต่ว่า...
11-0667	talk	If I walk around Kamurocho wearing this, won't people assume I'm some kind of yakuza wife?	ถ้าฉันเดินอยู่แถวคามุโรโจใส่ชุดนี้ คนจะไม่คิดว่าฉันเป็นเมีย ยากูซ่าไปเหรอคะ?
11-0668	talk	Ha, maybe, but on the plus side, nobody's gonna bother you at least.	ฮ่า อาจจะนะ แต่ข้อดีคืออย่างน้อยก็ไม่มีใคร กล้ามายุ่งกับคุณ
11-0669	talk	I actually have a present for you, Amane-san.	จริง ๆ แล้วผมมีของขวัญให้คุณนะ อามาเนะซัง
11-0670	talk	Here, it's a kimono. I thought it would fit your image.	นี่ไง กิโมโน ผมว่ามันน่าจะเข้ากับภาพลักษณ์ ของคุณดี
11-0671	talk	Thank you! I'm happy, but...	ขอบคุณค่ะ! ดีใจมากเลย แต่ว่า...
11-0672	talk	If I walk next to you wearing this, won't I look like a yakuza wife?	ถ้าฉันเดินอยู่ข้าง ๆ คุณโดยใส่ชุดนี้ จะไม่ดูเหมือนเมียยากูซ่าไปเหรอคะ?
11-0673	talk	Hey, who would take one look at me and think I'm yakuza? Besides, it's only punks who give anyone any trouble out there.	เฮ้ ใครจะมองผมแล้วคิดว่าผมเป็น ยากูซ่ากันล่ะ แล้วก็มีแต่พวกอันธพาลกระจอก เท่านั้นแหละที่ก่อเรื่อง วุ่นวาย
11-0674	talk	It wouldn't be so far-fetched that I would be a yakuza wife under the escort of the family muscle... But that might be fun.	ก็ไม่ใช่เรื่องเพ้อฝันเกินไปนัก หรอกนะคะที่ฉันจะเป็น เมียยากูซ่าที่มีมือปืนของ ตระกูลคอยคุ้มกัน... แต่นั่นอาจจะสนุกดีก็ได้ค่ะ
11-0675	talk	I will try wearing it next time we meet.	ฉันจะลองใส่ดูตอนที่เราเจอกัน ครั้งหน้าค่ะ
11-0676	talk	Hey, Yagami-san. Did I keep you waiting?	เฮ้ ยากามิซัง ให้รอนานไหมคะ?
11-0677	talk	Nah, you're totally fine. You said you wanted to take me out somewhere?	เปล่า ไม่ต้องห่วง คุณบอกว่าอยากพาผมไปเที่ยวไหน สักที่ใช่ไหม?
11-0678	talk	That's right. It's the least I could do for someone who saved my life.	ใช่ค่ะ อย่างน้อยก็แค่นี้แหละที่ฉัน ทำได้ให้กับคนที่ช่วยชีวิตฉัน ไว้
11-0679	talk	Eh, it woulda felt weird to show up empty-handed.	เอ่อ ถ้ามามือเปล่าก็คงรู้สึกแปลก ๆ นะ
11-0680	talk	Why don't we go unwind somewhere for a bit? That way we can work up an appetite.	ไปผ่อนคลายกันสักที่ดีไหม? จะได้เจริญอาหารด้วย
11-0681	talk	Anywhere you want to go?	มีที่ไหนอยากไปเป็นพิเศษไหม?
11-0682	talk	Oh, I know! How about we check out the drone races?	อ้อ รู้แล้วค่ะ! ไปดูการแข่งโดรนกันไหมคะ?
11-0683	talk	I've been researching drones for one of my projects at work, and before I knew it, I found myself totally hooked.	ฉันวิจัยเรื่องโดรนสำหรับ โปรเจกต์หนึ่งที่ทำงานอยู่ พอรู้ตัวอีกทีก็ติดใจไปซะแล้ว
11-0684	talk	Oh yeah? I have a drone, if you're interested. I've even been in a few races.	งั้นเหรอ? ผมมีโดรนอยู่เหมือนกันนะ ถ้าสนใจ ผมเคยลงแข่งมาบ้างแล้วด้วย
11-0685	talk	Wow, you're into drones too? I never would've guessed!	ว้าว คุณก็ชอบโดรนเหมือนกันเหรอคะ? ไม่คิดเลยจริง ๆ!
11-0686	talk	I can only imagine how exciting a race can be...	นึกภาพไม่ออกเลยว่าการแข่งจะ ตื่นเต้นแค่ไหน...
11-0687	talk	Is that the only thing you wanted to do?	นั่นเป็นสิ่งเดียวที่คุณอยากทำเหรอ?
11-0688	talk	Well... I could always go for some exercise. Maybe we could go to the batting cages...	เอ่อ... ออกกำลังกายก็ได้นะคะ ไปกรงตีลูกกันไหมคะ...
11-0689	talk	Or maybe we could play some darts?	หรือไม่เราไปเล่นปาลูกดอกกันดีไหม?
11-0690	talk	(Those are some good options. Now which one should we go with?)	(ตัวเลือกดีทั้งคู่เลย เอาไงดีนะ จะไปทางไหนกันแน่)
11-0691	talk	Oh, that'd be great! I can't wait to check it out!	โอ้ เยี่ยมเลยค่ะ! อยากไปดูใจจะขาดแล้ว!
11-0692	talk	Why don't we hit the batting cages? I could use a little exercise myself.	ไปตีเบสบอลที่กรงตีลูกกันไหม? ผมเองก็อยากออกกำลังกายสักหน่อย เหมือนกัน
11-0693	talk	Great! I haven't been in quite a while.	เยี่ยมเลยค่ะ! ไม่ได้ไปนานแล้วด้วย
11-0694	talk	I'm feeling more like darts today.	วันนี้ผมอยากเล่นปาลูกดอกมากกว่านะ
11-0695	talk	Sounds good to me. Will we take turns or play against each other?	โอเคค่ะ จะผลัดกันเล่นหรือแข่งกันดีคะ?
11-0696	talk	Let's play each other. I hope you don't mind a challenge.	แข่งกันเลยดีกว่า หวังว่าคุณจะไม่ถือนะถ้าโดนท้าทาย
11-0697	talk	Not at all. I just hope you give me one!	ไม่ถือหรอกค่ะ แค่หวังว่าคุณจะท้าทายฉันได้จริงก็พอ!
11-0698	talk	Ahh... Now that was what I call a good time.	อาห์... นี่แหละที่เรียกว่าสนุกจริง ๆ
11-0699	talk	Maybe we could sit down somewhere and chat for a bit?	เราไปนั่งคุยกันสักที่ดีไหม?
11-0700	talk	Yeah, that sounds good. We have been standing all day.	เออ ฟังดูดีเลย ยืนกันมาทั้งวันแล้วด้วย
11-0701	talk	That, and I promised I'd take you out. You currently have one free meal remaining.	แล้วก็ฉันสัญญาไว้ว่าจะพาคุณไป กินด้วยนะคะ ตอนนี้คุณยังมีมื้อฟรีเหลืออยู่ หนึ่งมื้อนะ
11-0702	talk	Haha, all right then. Where should we go?	ฮ่าๆ งั้นก็ได้ ไปที่ไหนกันดี?
11-0703	talk	(I wonder how she feels about drinking on the first date... Maybe I should just go for it?)	(ไม่รู้เหมือนกันว่าเธอจะรู้สึก ยังไงกับการดื่มในเดตแรก... หรือผมควรจะลองดูสักตั้งดี?)
11-0704	talk	I'm thinking we should drink. What do you say?	ผมว่าเราไปดื่มกันดีไหม คุณว่ายังไง?
11-0705	talk	Wow, you totally read my mind! Let's do it!	ว้าว อ่านใจฉันได้เป๊ะเลยค่ะ! ไปกันเลย!
11-0706	talk	(Why is it that my mind always wanders to alcohol when it comes to having a good time...)	(ทำไมพอนึกถึงการมีช่วงเวลาดี ๆ หัวผมต้องเลี้ยวไปทางเหล้าทุกทีนะ...)
11-0707	talk	Call me crazy, but I kinda feel like having a drink right now.	จะบ้าไปหรือเปล่าไม่รู้ค่ะ แต่ตอนนี้ฉันอยากดื่มอะไรสักหน่อย
11-0708	talk	A drink? Right now? Honestly, Nanami-san... I could go for that.	ดื่มเหรอ? ตอนนี้เลยเหรอ? พูดตรง ๆ นะ นานามิซัง... ผมก็อยากดื่มอยู่เหมือนกัน
11-0709	talk	Oh, so you're a drinker then?	อ้อ งั้นคุณเป็นสายดื่มสินะ?
11-0710	talk	About as much as anyone else.	ก็พอ ๆ กับคนทั่วไปแหละ
11-0711	talk	(Hah! I'm a genius.)	(ฮ่ะ! ผมนี่มันอัจฉริยะจริง ๆ)
11-0712	talk	How about we try this place out?	ลองที่นี่ดูไหม?
11-0713	talk	Sure! Let's do it!	ได้เลยค่ะ! ไปกันเลย!
11-0714	talk	So, Nanami-san. Tell me a little about yourself.	เอาล่ะ นานามิซัง เล่าเรื่องตัวเองให้ฟังหน่อยสิ
11-0715	talk	Okay, what would you like to know?	ได้ค่ะ อยากรู้เรื่องอะไรคะ?
11-0716	talk	You said you were researching drones for work. What exactly do you do?	คุณบอกว่ากำลังหาข้อมูลเรื่อง โดรนเพื่องานใช่ไหม จริง ๆ แล้วคุณทำงานอะไรกันแน่?
11-0717	talk	Well, I work at an online advertising agency. It's actually a startup company.	ก็คือฉันทำงานที่เอเจนซี่โฆษณา ออนไลน์ค่ะ จริง ๆ แล้วเป็นบริษัทสตาร์ทอัพด้วยนะ
11-0718	talk	Wow, that sounds intense. I wonder what that's like.	โห ฟังดูโหดเอาเรื่องเลยนะ สงสัยจังว่ามันเป็นยังไง
11-0719	talk	Haha, I get that a lot.	ฮ่าๆ มีคนพูดแบบนี้บ่อยเลยค่ะ
11-0720	talk	I will say we're pretty prolific, mostly because of our work environment. We've even been on TV a few times.	บอกได้เลยว่าเราทำผลงานได้เยอะมาก ส่วนหนึ่งเพราะสภาพแวดล้อม การทำงานด้วย เราเคยออกทีวีมาแล้วหลายครั้งนะคะ
11-0721	talk	It's nice because they let us work at our own pace. Plus our office is really modern... and you should see the cafeteria!	ดีตรงที่เขาให้เราทำงานตาม จังหวะของตัวเองได้ค่ะ แล้วออฟฟิศก็ทันสมัยมาก... แล้วก็ต้องไปดูโรงอาหารเลยนะ!
11-0722	talk	As someone who works out of a dingy little hole in the wall... I'm officially jealous.	สำหรับคนที่ทำงานในห้องแคบ ๆ ทรุดโทรมอย่างผม... ต้องบอกว่าอิจฉาเต็มที่เลย
11-0723	talk	Anyway, what kind of work do you do?	ว่าแต่ คุณทำงานแบบไหนกันแน่?
11-0724	talk	Hmm. Mostly writing articles and blogs, as well as event coordinating. I'm basically an advertising director.	อืม ส่วนใหญ่ก็เขียนบทความกับบล็อก แล้วก็ประสานงานอีเวนต์ค่ะ พูดง่าย ๆ ก็คือเป็นผู้อำนวยการฝ่ายโฆษณา
11-0725	talk	I bet that keeps you pretty busy.	นั่นคงทำให้เธอยุ่งน่าดูเลยสินะ
11-0726	talk	Haha, you got that right. And frankly, it can be a little draining.	ฮ่าๆ พูดถูกเลยค่ะ แล้วพูดตรง ๆ นะ มันก็เหนื่อยเหมือนกัน
11-0727	talk	Do you have to work a lot of overtime?	ต้องทำโอทีเยอะไหม?
11-0728	talk	The question is, do I ever <font_kind=yakuza_italic>not</font_kind> have to work overtime... I can rarely finish all my tasks within a single day.	คำถามคือฉันมีวันไหนที่<font_kind=yakuza_italic>ไม่ต้อง</font_kind> ทำโอทีบ้างมากกว่าค่ะ... แทบจะไม่เคยทำงานเสร็จภายในวัน เดียวเลย
11-0729	talk	If only I worked more efficiently, I wouldn't have to stay so late all the time.	ถ้าฉันทำงานได้มีประสิทธิภาพกว่านี้ คงไม่ต้องอยู่ดึกตลอดแบบนี้หรอกค่ะ
11-0730	talk	Don't work too hard, now. Otherwise you'll get sick, and then you can't work at all.	อย่าหักโหมเกินไปนักล่ะ ไม่งั้นจะป่วยเอา แล้วจะทำงานอะไรไม่ได้เลยนะ
11-0731	talk	I appreciate your concern, but I'll be just fine.	ขอบคุณที่ห่วงนะคะ แต่ฉันไม่เป็นไรหรอก
11-0732	talk	So you're a workaholic, then?	งั้นเธอเป็นบ้างานสินะ?
11-0733	talk	Yeah... Pretty much...	อือ... ก็ประมาณนั้นแหละค่ะ...
11-0734	talk	All in all, it sounds like a pretty cool position. I'd say it fits your image.	โดยรวมแล้วมันฟังดูเป็นตำแหน่ง ที่เจ๋งดีนะ ผมว่ามันเข้ากับภาพลักษณ์ของคุณเลย
11-0735	talk	Oh? And what image would that be?	อ้อ? แล้วภาพลักษณ์แบบไหนล่ะคะ?
11-0736	talk	Well... stylish, for starters. Someone who cares about both their appearance and their job. Basically the ideal worker.	ก็... มีสไตล์เป็นอันดับแรกเลย เป็นคนที่ใส่ใจทั้งรูปลักษณ์และ หน้าที่การงาน พูดง่าย ๆ ก็คือพนักงานในอุดมคติเลยล่ะ
11-0737	talk	Hah, you flatter me... not that I mind in the least.	ฮะ ปากหวานจังเลยนะคะ... แต่ก็ไม่ได้รังเกียจอะไรหรอก
11-0738	talk	While we're still on this topic, I'd like to know more about your career. You're the first detective I've met, after all.	ในเมื่อยังอยู่ในหัวข้อนี้ ฉันอยากรู้เรื่องงานของคุณเพิ่ม อีกหน่อยค่ะ เพราะคุณเป็นนักสืบคนแรกที่ฉัน เคยเจอเลย
11-0739	talk	Well, there are plenty of us detectives out there. Cases, on the other hand, are not as easy to come by.	ก็นักสืบแบบผมมีเยอะแยะนะ แต่คดีต่างหากที่หายากกว่า
11-0740	talk	Have you ever dealt with any cases that were... a little out of the norm?	เคยเจอคดีที่... แปลกไปจากปกติบ้างไหมคะ?
11-0741	talk	Oh, I've had my fair share.	อ้อ ผมเจอมาไม่น้อยเลยล่ะ
11-0742	talk	Let's see. For example...	เอ่อ ขอนึกดูก่อน อย่างเช่น...
11-0743	talk	It was about a year ago. Someone asked me to find a cat. The thing is, it was already supposed to have died.	เมื่อประมาณปีก่อน มีคนมาขอให้ผมช่วยตามหาแมว ปัญหาคือแมวตัวนั้นควรจะตายไปแล้ว
11-0744	talk	What? You were tasked with finding a dead cat? I don't get it.	หา? ให้คุณตามหาแมวที่ตายไปแล้วเนี่ยนะ? ฉันไม่เข้าใจเลยค่ะ
11-0745	talk	Apparently, my client saw a cat that looked just like the one they used to own. So they called me in to investigate.	เขาบอกว่าเห็นแมวตัวหนึ่งที่ หน้าตาเหมือนแมวที่เขาเคย เลี้ยงเป๊ะเลย เลยเรียกผมมาสืบให้
11-0746	talk	Eventually, I found the cat they described. It had this unique sort of fur pattern and it liked to be chased around.	สุดท้ายผมก็เจอแมวตามที่เขาบรรยาย มันมีลายขนแปลกตาเฉพาะตัว แล้วก็ชอบให้ไล่จับด้วย
11-0747	talk	So, after chasing it around for what felt like hours, I discovered it was actually the very same cat.	หลังจากไล่จับมันอยู่นานราวกับ เป็นชั่วโมง ผมถึงได้รู้ว่ามันคือแมว ตัวเดียวกันนั้นจริง ๆ
11-0748	talk	What happened was that it wandered into an old lady's house and, thinking it was hers, she kept it and raised it as her own.	เรื่องมีอยู่ว่ามันหลงเข้าไปใน บ้านของคุณยายคนหนึ่ง แล้วคุณยายก็คิดว่ามันเป็นแมว ของตัวเอง เลยเลี้ยงมันไว้
11-0749	talk	Wow, so the cat wasn't dead after all? Your client just lost track of it?	ว้าว งั้นแมวไม่ได้ตายจริง ๆ สินะ? ลูกความของคุณแค่หามันไม่เจอเองเหรอคะ?
11-0750	talk	Yup. Imagine how he felt after finding out his supposedly deceased pet was actually alive and well.	ใช่เลย ลองคิดดูสิว่าเขาจะรู้สึกยังไง ตอนรู้ว่าสัตว์เลี้ยงที่ คิดว่าตายไปแล้ว จริง ๆ ยังมีชีวิตอยู่สบายดี
11-0751	talk	Yeah, alive and well in someone else's house. But still, that must've been a relief.	ใช่ค่ะ มีชีวิตอยู่สบายดีในบ้านคนอื่นซะด้วย แต่ยังไงก็คงโล่งใจไปเยอะเลยนะ
11-0752	talk	More or less. However, there was no way to prove whose cat it actually was.	ก็ประมาณนั้น แต่ปัญหาคือไม่มีทางพิสูจน์ได้ เลยว่าจริง ๆ แล้วแมวเป็นของใคร
11-0753	talk	So my client and the old lady were at odds with each other.	เลยกลายเป็นว่าลูกความของผมกับ คุณยายขัดแย้งกันเอง
11-0754	talk	Then... how did they decide to settle it?	แล้ว... สุดท้ายตกลงกันยังไงคะ?
11-0755	talk	With a handshake. You see, the cat knew how to shake hands.	ด้วยการจับมือ คือแมวตัวนี้มันจับมือเป็นน่ะ
11-0756	talk	No way! Cats can do that?	ไม่จริงน่า! แมวทำแบบนั้นได้ด้วยเหรอคะ?
11-0757	talk	Apparently my client taught it how, so yeah. And when he asked the cat to shake, it did—confirming it was his.	เขาบอกว่าเป็นคนสอนมันเองตั้งแต่แรก ก็เลยใช่ แล้วพอเขาขอให้แมวจับมือ มันก็ทำจริง ๆ นั่นแหละที่ยืนยันว่าเป็นแมวของเขา
11-0758	talk	Problem was, the old lady had gotten too attached to it. After all, she once had a cat that looked just like it herself.	ปัญหาคือคุณยายผูกพันกับมัน มากเกินไปแล้ว เพราะท่านเองก็เคยมีแมวหน้าตา เหมือนกันเป๊ะมาก่อน
11-0759	talk	To make matters worse, that cat was the only family she had left. Taking it away from her would've left her devastated.	ที่แย่ไปกว่านั้น แมวตัวนี้คือครอบครัวเดียวที่ คุณยายเหลืออยู่ ถ้าเอามันไปจากท่านคงทำให้ท่าน ใจสลายแน่ ๆ
11-0760	talk	...Poor lady. That's really sad...	...น่าสงสารคุณยายจังเลย เศร้าจริง ๆ...
11-0761	talk	Yeah, but you know what? The cat seemed to be aware of this, having spent so much time with her.	ใช่ แต่รู้อะไรไหม แมวเหมือนจะรู้เรื่องนี้ด้วยนะ เพราะอยู่กับคุณยายมานานมาก
11-0762	talk	So when it came time for its owner to take it back, the cat wouldn't budge! It just sat there purring on the lady's lap!	พอถึงเวลาที่เจ้าของจะพามันกลับไป แมวกลับไม่ยอมขยับเลย! มันนั่งครางอยู่บนตักคุณยายเฉย ๆ!
11-0763	talk	Really!	จริงเหรอคะ!
11-0764	talk	So it was the one taking care of the old lady, not the other way around... How sweet.	งั้นมันก็เป็นฝ่ายดูแลคุณยาย ไม่ใช่คุณยายดูแลมันสินะ... น่ารักจังเลยค่ะ
11-0765	talk	My client seemed to think so.	ลูกความของผมก็คิดแบบนั้นเหมือนกัน
11-0766	talk	And in the end, he parted ways with his pet on her behalf.	สุดท้ายเขาก็ยอมสละแมวของตัวเอง ให้คุณยายไป
11-0767	talk	Yeah, I never saw that coming. But he had a lot of sympathy for her. Maybe it was a cat lover's connection.	ใช่เลย ไม่คิดว่าจะจบแบบนี้เลย แต่เขาคงเห็นใจคุณยายมากจริง ๆ บางทีอาจเป็นสายสัมพันธ์ของ คนรักแมวก็ได้
11-0768	talk	Sure sounds like it. And their arrangement worked out okay?	ฟังดูก็เป็นแบบนั้นแหละค่ะ แล้วข้อตกลงของพวกเขาเรียบร้อยดีไหม?
11-0769	talk	Oh yeah. It was an outdoors cat to begin with, so my client guessed the cat would come visit him every now and then anyway.	อ้อ เรียบร้อยดี เพราะแต่แรกมันก็เป็นแมวจรอยู่แล้ว ลูกความผมเลยคาดว่ามันคงแวะมา เยี่ยมเขาบ้างเป็นครั้งคราว
11-0770	talk	Turns out he was right. I hear the cat spends time at both houses now.	ปรากฏว่าเขาคิดถูก ได้ยินมาว่าตอนนี้แมวใช้เวลา อยู่ทั้งสองบ้านเลย
11-0771	talk	Wow... Your life is a lot more eventful than I expected. Even when it comes to lost pets!	ว้าว... ชีวิตคุณมีเรื่องราวเยอะกว่าที่ ฉันคิดไว้เยอะเลยนะคะ ขนาดเรื่องสัตว์เลี้ยงหายยังมี มุมสนุกขนาดนี้!
11-0772	talk	So, what are your hobbies, Nanami-san?	แล้วคุณมีงานอดิเรกอะไรบ้าง นานามิซัง?
11-0773	talk	Hmm... I really don't have any time for hobbies.	อืม... จริง ๆ ฉันไม่ค่อยมีเวลาทำงานอดิเรกเลยค่ะ
11-0774	talk	The moment I get off work, I go straight home and crash out.	พอเลิกงานปุ๊บ ก็รีบกลับบ้านแล้วล้มตัวลงนอนทันทีเลย
11-0775	talk	Dang. Sounds like you get pretty exhausted.	โห ฟังดูเหนื่อยมากเลยนะ
11-0776	talk	I do. So to answer your question, I guess you could say that work is my hobby.	ใช่เลยค่ะ เพราะงั้นตอบคำถามคุณก็คือ ก็คงพูดได้ว่างานคืองานอดิเรก ของฉันนั่นแหละ
11-0777	talk	Hey, as long as you're happy.	เอาน่า ขอแค่เธอมีความสุขก็พอ
11-0778	talk	...I must sound like a terribly boring person, don't I...	...ฉันคงฟังดูเป็นคนน่าเบื่อสุด ๆ เลยใช่ไหม...
11-0779	talk	I wouldn't say that. I mean, you can pretty much pick up a hobby any time you want. It's never too late.	ผมว่าไม่ถึงขนาดนั้นหรอก คือคุณจะหางานอดิเรกเมื่อไหร่ก็ได้นี่ ไม่มีคำว่าสายเกินไปหรอก
11-0780	talk	The idea has crossed my mind, but... nothing ever seems to stick.	ความคิดนี้ผ่านหัวฉันมาบ้างเหมือนกัน แต่... ไม่เคยมีอะไรที่ติดใจสักอย่างเลยค่ะ
11-0781	talk	Well, I guess if you're that busy, you shouldn't really worry about it.	ก็ถ้าคุณยุ่งขนาดนั้นจริง ๆ ผมว่าไม่ต้องกังวลเรื่องนี้มากก็ได้นะ
11-0782	talk	Actually, same here. What a funny coincidence.	อันที่จริงผมก็เหมือนกันนะ บังเอิญตลกดีเนอะ
11-0783	talk	You mean work is your hobby too?	หมายความว่างานเป็นงานอดิเรกของ คุณด้วยเหรอคะ?
11-0784	talk	Yep. I even work on the weekends, although that's partially because I need to stay open seven days a week to pay rent.	ใช่เลย ผมทำงานแม้แต่วันเสาร์อาทิตย์เลย แม้จะเป็นเพราะต้องเปิดทำการ ทุกวันตลอดสัปดาห์เพื่อ เอาไว้จ่ายค่าเช่าก็ตาม
11-0785	talk	...But even though it might seem like my mind's always occupied by work, I'm actually okay with that.	...แต่แม้จะดูเหมือนหัวผมจะยุ่ง อยู่กับงานตลอดเวลา จริง ๆ แล้วผมก็โอเคกับมันนะ
11-0786	talk	That's because detective work is something I enjoy. So I think that qualifies as a hobby.	เพราะงานนักสืบเป็นสิ่งที่ผมชอบทำ เลยคิดว่ามันนับเป็นงานอดิเรก ได้เหมือนกัน
11-0787	talk	Yeah! I know exactly what you mean!	ใช่เลยค่ะ! ฉันเข้าใจที่คุณพูดดีเลย!
11-0788	talk	You feel satisfied with life because you're consumed with something that has meaning. Isn't that the best?	คุณรู้สึกพึงพอใจกับชีวิตเพราะ ได้ทุ่มเทให้กับสิ่งที่ มีความหมาย มันเยี่ยมที่สุดแล้วไม่ใช่เหรอคะ?
11-0789	talk	I think an actual hobby might be good for you. You know, to help take your mind off work every now and then.	ผมว่าคุณน่าจะมีงานอดิเรกจริง ๆ จัง ๆ สักอย่างนะ จะได้ช่วยให้หายจากงานได้บ้าง เป็นครั้งคราว
11-0790	talk	Well... I understand that, but... I really don't have that kind of time.	ก็... ฉันเข้าใจนะคะ แต่... ฉันไม่มีเวลาแบบนั้นจริง ๆ
11-0791	talk	Not even on the weekends?	ขนาดวันเสาร์อาทิตย์ก็ไม่มีเลยเหรอ?
11-0792	talk	Nope. I sleep the entire weekend to recover my energy for the next week. That's just how the cycle goes.	ไม่มีเลยค่ะ ฉันนอนทั้งเสาร์อาทิตย์เพื่อ ฟื้นพลังไว้สู้สัปดาห์หน้า วนเป็นแบบนี้ตลอดเลย
11-0793	talk	Guess you're pretty busy then. My mistake.	งั้นก็แปลว่าคุณยุ่งจริง ๆ สินะ ขอโทษที
11-0794	talk	Yagami-san, do you... find your job enjoyable?	ยากามิซัง คุณ... สนุกกับงานของคุณไหมคะ?
11-0795	talk	I'm glad I chose to be a detective.	ผมดีใจนะที่เลือกเป็นนักสืบ
11-0796	talk	I see. It's important to find satisfaction in your job... as long as you're not overworking yourself 24/7.	เข้าใจแล้วค่ะ การหาความพึงพอใจในงานเป็นเรื่องสำคัญ... ตราบใดที่ไม่หักโหมทำงานตลอด ยี่สิบสี่ชั่วโมงเจ็ดวันนะคะ
11-0797	talk	I can understand that. Sometimes it's healthier to just take it easy.	ผมเข้าใจนะ บางทีการผ่อนคลายบ้างก็ดีต่อ สุขภาพกว่า
11-0798	talk	Not sure. It's more of something I do to pay the bills, so... I haven't really given it much thought.	ไม่แน่ใจเหมือนกัน มันเป็นแค่สิ่งที่ผมทำเพื่อ หาเลี้ยงชีพมากกว่า... เลยไม่ค่อยได้คิดอะไรมากกับมัน
11-0799	talk	I see. I think I understand how you feel.	เข้าใจแล้วค่ะ คิดว่าฉันเข้าใจความรู้สึกคุณนะ
11-0800	talk	Mind if I ask how old you are?	ขอถามอายุคุณหน่อยได้ไหม?
11-0801	talk	You're asking my age? Just like that?	จะถามอายุฉันตรง ๆ แบบนี้เลยเหรอคะ?
11-0802	talk	I can't tell you.	บอกไม่ได้หรอกค่ะ
11-0803	talk	Aww. Why not?	โธ่ ทำไมล่ะ?
11-0804	talk	You can't just ask a lady her age and expect to get an answer. It doesn't work like that.	จะไปถามอายุผู้หญิงตรง ๆ แล้วหวังว่าจะได้คำตอบไม่ได้หรอกค่ะ มันไม่ใช่แบบนั้น
11-0805	talk	Ouch. Am I being scolded right now?	โอ๊ะ นี่ผมกำลังโดนดุอยู่หรือเปล่าเนี่ย?
11-0806	talk	You're darn right you are! Hehe, but you know what? I wouldn't mind revealing it to a man I trust.	ใช่แล้วล่ะ! เฮ่อๆ แต่รู้อะไรไหม ฉันไม่รังเกียจจะบอกให้ผู้ชาย ที่ฉันไว้ใจรู้หรอกนะ
11-0807	talk	(So she's saying she doesn't trust me... yet.)	(งั้นก็หมายความว่าเธอยังไม่ไว้ใจผม... ในตอนนี้)
11-0808	talk	I'm gonna take a wild guess and say you're in your twenties?	งั้นผมขอเดาสุ่มละกัน คุณอายุอยู่ในช่วงยี่สิบกว่า ๆ ใช่ไหม?
11-0809	talk	...Well, yeah.	...ก็... ใช่ค่ะ
11-0810	talk	Your late twenties?	ปลายยี่สิบกว่า ๆ เหรอ?
11-0811	talk	You... really want to know my age, don't you?	คุณ... อยากรู้อายุฉันจริง ๆ ใช่ไหมล่ะ?
11-0812	talk	Then, I'm 29.	งั้นก็บอกเลยละกัน ฉันอายุ 29 ค่ะ
11-0813	talk	Oh, wow.	โอ้ ว้าว
11-0814	talk	You look so young for your age.	ดูอ่อนกว่าอายุจริงมากเลยนะ
11-0815	talk	Haha, why thank you. Even if you are just flattering me.	ฮ่าๆ ขอบคุณนะคะ ถึงจะรู้ว่าคุณแค่ประจบก็ตาม
11-0816	talk	Hey now, I was being honest.	เดี๋ยวก่อนนะ ผมพูดจริงนะ
11-0817	talk	I thought you might be around that age.	ผมว่าเธอน่าจะประมาณวัยนั้นแหละ
11-0818	talk	You're always so well-spoken, and you give off a pretty confident vibe.	คุณพูดจาดีมีชั้นเชิงตลอดเลยนะ แล้วก็ให้ความรู้สึก มั่นใจในตัวเองมากด้วย
11-0819	talk	Well, I am a grown woman.	ก็ ฉันเป็นผู้หญิงที่โตเต็มตัวแล้ว นี่นะคะ
11-0820	talk	What about you, Yagami-san? I'd say you're in your early thirties?	แล้วคุณล่ะคะ ยากามิซัง ฉันว่าคุณน่าจะอายุประมาณต้น สามสิบใช่ไหม?
11-0821	talk	Close enough. I'm 35.	ใกล้เคียงเลยล่ะ ผมอายุ 35 นะ
11-0822	talk	Hmm. You look pretty young yourself.	อืม คุณเองก็ดูอ่อนกว่าวัยเหมือนกันนะคะ
11-0823	talk	Why thank you. Even if you are just flattering me.	ขอบคุณนะ ถึงจะรู้ว่าคุณแค่ประจบก็ตาม
11-0824	talk	*giggle* What can I say? I was being honest.	*หัวเราะคิกคัก* จะให้พูดว่าไงดีล่ะคะ ฉันพูดจริงนะ
11-0825	talk	I'm glad that stalker of yours is finally out of the picture.	ผมดีใจนะที่ในที่สุด สตอล์กเกอร์คนนั้นก็หายไปจาก ชีวิตคุณแล้ว
11-0826	talk	Yeah, thanks to you. I almost thought he'd never go away...	ใช่ค่ะ ต้องขอบคุณคุณเลย เกือบคิดไปแล้วว่าเขาจะไม่มีวัน ไปไหนซะที...
11-0827	talk	That just tells you how long he'd been bothering me.	นั่นแหละค่ะที่บอกได้เลยว่าเขา กวนใจฉันมานานแค่ไหน
11-0828	talk	Sounds like he was really obsessed.	ฟังดูเหมือนเขาหมกมุ่นหนักมากเลยนะ
11-0829	talk	Obsessed is a mild way to put it. He was downright crazy.	หมกมุ่นยังพูดเบาไปค่ะ เขาบ้าไปเลยต่างหาก
11-0830	talk	He would keep asking me out no matter how many times I turned him down... He'd even wait outside my front door...	เขาชวนฉันออกไปเที่ยวไม่หยุดไม่ ว่าฉันจะปฏิเสธไปกี่ครั้งก็ตาม... ถึงขั้นไปยืนรออยู่หน้าประตู บ้านฉันเลย...
11-0831	talk	It's like nothing I said ever went through to him!	เหมือนไม่ว่าฉันจะพูดอะไรก็ไม่ เข้าหูเขาเลยสักนิด!
11-0832	talk	What an awful experience.	นั่นมันประสบการณ์ที่แย่มากเลยนะ
11-0833	talk	And when I told the police, you know what they said? "We can't help you because he hasn't actually done anything."	แล้วพอฉันไปแจ้งตำรวจ รู้ไหมคะว่าเขาว่ายังไง? "เราช่วยอะไรไม่ได้หรอก เพราะเขายังไม่ได้ทำอะไรจริงจัง"
11-0834	talk	Can you believe that? Yagami-san, I was scared for so long...	เชื่อไหมล่ะคะ? ยากามิซัง ฉันกลัวอยู่นานมากเลย...
11-0835	talk	Then I'm glad he's behind bars where he belongs.	งั้นผมก็ดีใจที่เขาถูกขังอยู่ หลังลูกกรงตามที่ควรจะเป็น
11-0836	talk	...So am I. That's why I really mean it when I say you saved my life.	...ฉันก็เหมือนกันค่ะ เพราะงั้นที่บอกว่าคุณช่วยชีวิต ฉันไว้นี่พูดจากใจจริงเลยนะ
11-0837	talk	I didn't think you'd do so much for me... someone you'd only met once.	ไม่คิดเลยว่าคุณจะทำขนาดนี้เพื่อฉัน... คนที่เพิ่งเจอกันแค่ครั้งเดียว
11-0838	talk	That actually got me thinking. About what lengths a person should go to help a stranger in need.	นั่นแหละที่ทำให้ฉันได้คิด เหมือนกันนะคะ ว่าคนเราควรจะทำได้แค่ไหนเพื่อ ช่วยคนแปลกหน้าที่กำลัง เดือดร้อน
11-0839	talk	Ah, I only did what came naturally to me.	อ้อ ผมก็แค่ทำในสิ่งที่รู้สึกว่าควร ทำเองน่ะ
11-0840	talk	You mean you acted purely on instinct? ...Are you trying to be some kind of superhero or something?	หมายความว่าคุณทำไปตามสัญชาตญาณเฉย ๆ เหรอคะ? ...หรือว่าคุณพยายามจะเป็นซูเปอร์ ฮีโร่อะไรสักอย่างกันแน่?
11-0841	talk	Haha, me, a superhero? I guess I'll take that as a compliment.	ฮ่าๆ ผมเป็นซูเปอร์ฮีโร่เหรอ ถือว่าเป็นคำชมก็แล้วกันนะ
11-0842	talk	I wonder though... is that stalker the only guy you've had trouble getting rid of?	แต่ผมสงสัยอยู่นะ... สตอล์กเกอร์คนนั้นเป็นผู้ชาย คนเดียวที่คุณเคยเจอปัญหา แบบนี้หรือเปล่า?
11-0843	talk	Well... There have been other instances I'd rather not discuss.	ก็... มีเรื่องอื่นอยู่บ้างที่ฉันไม่ อยากพูดถึงเท่าไหร่ค่ะ
11-0844	talk	But I should tell you this right now: I'm not the type who falls in love easily. To me, work is far more rewarding than romance.	แต่ขอบอกตอนนี้เลยนะคะ ฉันไม่ใช่คนที่ตกหลุมรักง่าย ๆ สำหรับฉัน งานให้ผลตอบแทนที่คุ้มค่ากว่า ความรักเยอะเลย
11-0845	talk	Yeah. So playing the whole relationship game doesn't really fit my lifestyle... Just thought I'd get that out there.	ใช่ค่ะ เพราะงั้นเรื่องเล่นเกม ความสัมพันธ์อะไรพวกนี้มันไม่ เข้ากับไลฟ์สไตล์ฉันเลย... แค่อยากพูดให้ชัดไว้ก่อนน่ะ
11-0846	talk	I'm curious, Nanami-san. What's your philosophy on love?	ผมอยากรู้นะ นานามิซัง ปรัชญาเรื่องความรักของคุณเป็นยังไง?
11-0847	talk	I wouldn't quite call it a philosophy, but...	จะเรียกว่าปรัชญาก็คงไม่เชิงหรอกค่ะ แต่...
11-0848	talk	Well, I just think it's all so manufactured. People are always falling in love on TV or in real life, only to break up days later.	ก็ฉันแค่รู้สึกว่ามันดูปั้นแต่ง ไปหมดค่ะ คนเราตกหลุมรักกันในทีวีหรือใน ชีวิตจริงอยู่ตลอด แล้วก็เลิกกันในไม่กี่วันถัดมา
11-0849	talk	Everyone talks about romance like it's the number one thing to live for, yet there's so much more to life than just that.	ทุกคนพูดถึงความรักเหมือนมัน เป็นสิ่งสำคัญที่สุดในชีวิต ทั้งที่จริง ๆ แล้วชีวิตยังมีอะไรมากกว่านั้นเยอะ
11-0850	talk	Besides, who wants to depend on someone else to make them happy when you can do that on your own? It's unhealthy.	อีกอย่าง ใครจะอยากพึ่งพาคนอื่นให้มา ทำให้ตัวเองมีความสุข ในเมื่อตัวเองก็ทำเองได้ มันไม่ดีต่อใจเลยค่ะ
11-0851	talk	I'd have to agree. There's a lot more to life than romance.	ผมก็เห็นด้วยนะ ชีวิตมันมีอะไรมากกว่าความรักเยอะจริง ๆ
11-0852	talk	So you understand me then?	งั้นคุณก็เข้าใจฉันสินะคะ?
11-0853	talk	Yeah. I think it's important to have some fun and excitement in life, but that doesn't mean it has to come from love.	ใช่ ผมว่าการมีความสนุกและ ความตื่นเต้นในชีวิตเป็น เรื่องสำคัญนะ แต่ไม่ได้แปลว่ามันต้องมาจาก ความรักเสมอไป
11-0854	talk	There are plenty of other things that can give you satisfaction, like your hobbies or your career.	มีอะไรอีกเยอะแยะที่ให้ ความพึงพอใจกับเราได้ อย่างงานอดิเรกหรือหน้าที่การงานก็ได้
11-0855	talk	My thoughts exactly!	คิดเหมือนกันเป๊ะเลยค่ะ!
11-0856	talk	I get where you're coming from, Nanami-san, but I still think romance has its place.	ผมเข้าใจมุมมองของคุณนะ นานามิซัง แต่ผมก็ยังคิดว่าความรักก็มี ที่ทางของมันอยู่เหมือนกัน
11-0857	talk	Well, I'm not trying to reject the notion of romance completely...	ก็ฉันไม่ได้พยายามจะปฏิเสธ เรื่องความรักไปซะทั้งหมดหรอก นะคะ...
11-0858	talk	I just don't think it's a necessity. You can live perfectly fine without it.	แค่ไม่คิดว่ามันจำเป็นเท่านั้นเอง จะไม่มีมันก็ใช้ชีวิตได้ดีอยู่แล้ว
11-0859	talk	That makes sense. It's not like you need it to breathe or anything.	ก็มีเหตุผลนะ มันไม่ใช่ว่าต้องมีเพื่อจะหายใจ ได้สักหน่อย
11-0860	talk	But society seems to think otherwise. No matter who I talk to, I'm always being pressured into finding some guy...	แต่สังคมดูจะคิดตรงกันข้ามนะคะ ไม่ว่าฉันจะคุยกับใคร ก็มักโดนกดดันให้ไปหาผู้ชายสักคนตลอด...
11-0861	talk	And whenever I tell people I'm happy without a man, they look at me like I have a couple screws loose upstairs.	แล้วทุกครั้งที่บอกใครว่าฉัน มีความสุขดีโดยไม่มีผู้ชาย พวกเขาก็มองฉันเหมือนหัวฉัน มีปัญหาอะไรสักอย่าง
11-0862	talk	I just want to tell them, "So what! I have plenty of other things to live for!"	ก็แค่อยากบอกพวกเขาว่า "แล้วไงล่ะ! ฉันยังมีอะไรอีกเยอะแยะให้ ใช้ชีวิตอยู่เพื่อมันนะ!"
11-0863	talk	Even compared to someone who's in a happy relationship, I still think I have it pretty good. I'm satisfied with me.	ต่อให้เทียบกับคนที่มี ความสัมพันธ์ที่มีความสุขอยู่ ฉันก็ยังคิดว่าตัวเองไปได้สวย อยู่ดีค่ะ ฉันพอใจกับตัวเองแล้ว
11-0864	talk	Well said. As long as you're content with your life, you shouldn't put any extra pressure on yourself.	พูดได้ดีมากเลย ตราบใดที่คุณพอใจกับชีวิตตัวเอง ก็ไม่จำเป็นต้องกดดันตัวเองเพิ่มหรอก
11-0865	talk	Exactly! Besides, what you decide to do with yourself is the important thing. How you feel comes second.	ใช่เลยค่ะ! อีกอย่าง สิ่งสำคัญคือสิ่งที่เราตัดสินใจ ทำกับชีวิตตัวเอง ส่วนความรู้สึกเป็นเรื่องรองลงมา
11-0866	talk	And I second that notion.	แล้วผมก็เห็นด้วยกับความคิดนั้น เต็มที่เลย
11-0867	talk	What's the point of pushing someone into a relationship they don't even need? No one should be that presumptuous.	จะกดดันให้ใครไปมีความสัมพันธ์ ที่เขาไม่ได้ต้องการไปทำไม ไม่มีใครควรจะเสือกขนาดนั้นเลย
11-0868	talk	Ahh, I'm so glad you understand! I feel like you're the only one who gets me.	อาห์ ดีใจจังที่คุณเข้าใจ! รู้สึกเหมือนคุณเป็นคนเดียวที่ เข้าใจฉันจริง ๆ เลย
11-0869	talk	If that's really how you think, then I'm in deep trouble.	ถ้าคุณคิดแบบนั้นจริง ๆ งั้นผมมีปัญหาใหญ่เลยล่ะ
11-0870	talk	Trouble? How so?	ปัญหาเหรอคะ? ยังไงล่ะ?
11-0871	talk	Well... that means I can't date you.	ก็... หมายความว่าผมคบกับคุณไม่ได้น่ะสิ
11-0872	talk	I'm... I'm sorry?	ฉัน... ฉันขอโทษนะคะ?
11-0873	talk	...Oh, I get it. You're teasing me, aren't you?	...อ้อ เข้าใจแล้ว คุณกำลังแกล้งฉันเล่นสินะ?
11-0874	talk	Haha, just a bit. But seriously, Nanami-san. I know what you mean.	ฮ่าๆ แกล้งนิดหน่อยเอง แต่พูดจริงนะ นานามิซัง ผมเข้าใจที่คุณพูดนะ
11-0875	talk	Yeah. I feel the same way.	เออ ผมก็รู้สึกเหมือนกันนะ
11-0876	talk	The idea that there's this void in your life unless you "find your other half" is really contrived and overdone.	แนวคิดที่ว่าชีวิตเราจะมี ช่องว่างถ้าไม่ "เจอเนื้อคู่" มันดูปั้นแต่งจนเกร่อไปหมดจริง ๆ
11-0877	talk	I'm honestly quite shocked. I never thought I'd actually meet someone—let alone a guy—who thinks the same as me!	พูดตรง ๆ ฉันแปลกใจมากเลยค่ะ ไม่คิดเลยว่าจะได้เจอใครสักคน—แถมเป็นผู้ชายด้วย—ที่คิดเหมือนฉัน!
11-0878	talk	Yeah! Yagami-san, you and I are definitely on the same wavelength!	ใช่เลยค่ะ! ยากามิซัง คุณกับฉันคลื่นความคิดตรงกันแน่ ๆ เลย!
11-0879	talk	(Well, that's great... But given that we're kind of out on a date, that might not be the greatest wavelength to be on.)	(ก็ดีนะ... แต่ในเมื่อเรากำลังออกเดตกันอยู่ คลื่นแบบนี้อาจไม่ใช่คลื่นที่ดี ที่สุดก็ได้)
11-0880	talk	Oh yeah. While we're at it, why don't we take a picture together?	อ้อ จริงด้วย ในเมื่อมาถึงตรงนี้แล้ว ถ่ายรูปด้วยกันสักรูปดีไหม?
11-0881	talk	For old time's sake? Haha, sure, why not.	เพื่อเป็นที่ระลึกเหรอคะ? ฮ่าๆ ได้เลยค่ะ ทำไมจะไม่ได้
11-0882	talk	Okay... Let's see how it turned out.	โอเค... มาดูกันว่าออกมาเป็นยังไง
11-0883	talk	(Mm, looks good. I'll send this to her later.)	(อืม ออกมาดีนะ เดี๋ยวส่งให้เธอทีหลัง)
11-0884	talk	Hmm, I think we can do better than this. Mind if we try again?	อืม ผมว่าเราถ่ายให้ดีกว่านี้ได้อีกนะ ขอถ่ายใหม่ได้ไหม?
11-0885	talk	Well. Shall we get going?	เอาล่ะ ไปกันต่อดีไหม?
11-0886	talk	Yeah, I think so. Look at the time already!	ค่ะ ไปกันเถอะ ดูเวลาสิ ดึกป่านนี้แล้ว!
11-0887	talk	Thank you for taking me out today, Yagami-san.	ขอบคุณที่พาฉันออกมาเที่ยววันนี้นะคะ ยากามิซัง
11-0888	talk	It was my pleasure. Thanks for coming with.	ยินดีเลย ขอบคุณที่มาด้วยกันนะ
11-0889	talk	Did you have fun with me today?	วันนี้สนุกกับฉันไหมคะ?
11-0890	talk	The most I've had in a long time, Nanami-san.	สนุกที่สุดในรอบหลายปีเลยล่ะ นานามิซัง
11-0891	talk	Haha, then I'm glad we went out.	ฮ่าๆ งั้นก็ดีใจจังที่เราได้ออกมา เที่ยวกันค่ะ
11-0892	talk	Huh? Nanami, is that you...?	เอ๊ะ? นานามิใช่ไหมเนี่ย...?
11-0893	talk	Hmm?	หือ?
11-0894	talk	I knew it! Nanami, I haven't seen you in forever!	รู้แล้วเชียว! นานามิ ไม่เจอกันนานมากเลยนะเธอ!
11-0895	talk	Wait... Yukko? Is that you?	เดี๋ยวนะ... ยุกโกะ ใช่เธอหรือเปล่า?
11-0896	talk	Who else!? Gosh, it's been what... since we graduated college? Feels like that was <font_kind=yakuza_italic>ages</font_kind> ago!	ใครล่ะจะไม่ใช่! โอ๊ย ตั้งแต่จบมหาวิทยาลัยเลยใช่ไหมเนี่ย รู้สึกเหมือนมันผ่านมา<font_kind=yakuza_italic>หลายปี</font_kind>แล้วนะ!
11-0897	talk	I know, right? What brings you to Kamurocho, anyway?	ใช่เลยเนอะ? ว่าแต่มาทำอะไรที่คามุโรโจล่ะ?
11-0898	talk	Oh, I actually work nearby!	อ๋อ จริง ๆ ฉันทำงานอยู่แถวนี้แหละ!
11-0899	talk	Who's your friend, Nanami-san?	เพื่อนคุณเหรอ นานามิซัง?
11-0900	talk	Oh, this is Yukko. We've known each other since middle school.	อ้อ นี่ยุกโกะค่ะ เรารู้จักกันมาตั้งแต่มัธยมต้นแล้ว
11-0901	talk	Hey, Yukko? Do you remember that time when we...	นี่ ยุกโกะ จำได้ไหมตอนที่เรา...
11-0902	talk	Uh. Yukko?	เอ่อ ยุกโกะ?
11-0903	talk	So... handsome...	ช่าง... หล่อ...
11-0904	talk	Forget handsome—this guy's <font_kind=yakuza_italic>hot</font_kind>! Like, 110 degrees!	ลืมคำว่าหล่อไปได้เลย หนุ่มคนนี้<font_kind=yakuza_italic>ร้อนแรง</font_kind>สุด ๆ! เหมือนอุณหภูมิ 110 องศาเลยนะเนี่ย!
11-0905	talk	In fact, just looking at him is burning me up inside... Ahh, what should I do!? ❤	อันที่จริงแค่มองเขาก็รู้สึก ร้อนวูบวาบข้างในแล้ว... อ๊าา ทำไงดีเนี่ย!? ❤
11-0906	talk	H-Hey, Yukko! Get a hold of yourself!	น-นี่ ยุกโกะ! ตั้งสติหน่อยสิ!
11-0907	talk	Wait, don't tell me... is this fine specimen of a man right here your boyfriend!?	เดี๋ยวนะ อย่าบอกนะว่า... หนุ่มชั้นเลิศคนนี้เป็นแฟนเธอเหรอ!?
11-0908	talk	...Boyfriend? I have no idea what you're talking about.	...แฟนเหรอ? ไม่รู้เรื่องเลยว่าเธอพูดถึงอะไร
11-0909	talk	Nanami... I'm so proud of you. You finally decided to move on...	นานามิ... ฉันภูมิใจในตัวเธอจริง ๆ ในที่สุดเธอก็ตัดสินใจก้าวต่อไปสักที...
11-0910	talk	Move on from what? Is there something I should know about?	ก้าวต่อไปจากอะไรกัน? มีอะไรที่ผมควรรู้หรือเปล่า?
11-0911	talk	Don't listen to her, Yagami-san! She's just a little... confused.	อย่าไปฟังเธอเลยค่ะ ยากามิซัง! เธอแค่... สับสนนิดหน่อยน่ะ
11-0912	talk	Now listen here, Yukko. He and I are nothing more than—	ฟังนะ ยุกโกะ ฉันกับเขาไม่ได้เป็นอะไรมากไปกว่า—
11-0913	talk	Oh, no, I understand! I wouldn't want to get in the way of your <font_kind=yakuza_italic>private time</font_kind>!	โอ๊ย ไม่ต้องพูดต่อหรอก เข้าใจแล้ว! ฉันไม่อยากไปขัดจังหวะ<font_kind=yakuza_italic>เวลาส่วนตัว</font_kind> ของพวกเธอหรอกนะ!
11-0914	talk	Well then, Mr. Handsome. You be sure to treat Nanami right, okay? 'Cause if you don't, you'll be facing some serious trouble!	งั้นก็ได้ค่ะ คุณหนุ่มหล่อ ต้องดูแลนานามิให้ดีนะ เพราะถ้าไม่ทำแบบนั้น เจอปัญหาใหญ่แน่นอน!
11-0915	talk	Got it... I think.	รับทราบ... คิดว่านะ
11-0916	talk	Good. Now I'll see you two lovebirds later!	ดีมาก งั้นเดี๋ยวเจอกันใหม่นะ สองคู่รัก!
11-0917	talk	Huh. Interesting friend you got there.	โห เพื่อนคุณนี่มีสีสันดีจริง ๆ
11-0918	talk	Sorry. She's always been a little on the <font_kind=yakuza_italic>eccentric</font_kind> side.	ขอโทษด้วยนะคะ เธอเป็นคนที่<font_kind=yakuza_italic>แปลกแหวกแนว</font_kind>มาตลอดแหละ
11-0919	talk	It's been a while since I last saw her... and she hasn't changed one bit.	ไม่ได้เจอเธอนานเลย... แล้วก็ยังไม่เปลี่ยนไปเลยสักนิด
11-0920	talk	Thank you for today, Yagami-san. I hope you had a good time.	ขอบคุณสำหรับวันนี้นะคะ ยากามิซัง หวังว่าคุณจะสนุกนะ
11-0921	talk	As for me, I actually really enjoyed myself.	ส่วนฉันนะคะ สนุกมากจริง ๆ เลยล่ะ
11-0922	talk	Yeah! I hope you'll share more stories with me in the future.	ค่ะ! หวังว่าคุณจะเล่าเรื่องราวอื่น ๆ ให้ฉันฟังอีกในอนาคตนะ
11-0923	talk	I'd be happy to.	ยินดีเลย
11-0924	talk	Thank you for today, Yagami-san. I hope you had fun...	ขอบคุณสำหรับวันนี้นะคะ ยากามิซัง หวังว่าคุณจะสนุกนะ...
11-0925	talk	Did you have fun, Nanami-san?	แล้วคุณล่ะ สนุกไหม นานามิซัง?
11-0926	talk	Oh! Well...	อ้อ! ก็...
11-0927	talk	Uh, of course I did!	เอ่อ แน่นอนอยู่แล้วค่ะ!
11-0928	talk	I've never talked to a detective before. So I guess we had a... stimulating conversation?	ฉันไม่เคยคุยกับนักสืบมาก่อนเลย เพราะงั้นก็คงพูดได้ว่าเราคุยกันได้... กระตุ้นความคิดดีมั้งคะ?
11-0929	talk	(She doesn't sound very enthusiastic... Maybe it wasn't that much fun for her?)	(ฟังดูเธอไม่ค่อยกระตือรือร้น เท่าไหร่นะ... บางทีอาจไม่สนุกสำหรับเธอ เท่าไหร่ก็ได้)
11-0930	talk	*giggle* Hello there, Mr. Handsome. I'm back! ❤	*หัวเราะคิกคัก* สวัสดีค่ะ คุณหนุ่มหล่อ ฉันกลับมาแล้ว! ❤
11-0931	talk	Hey there, ladies.	หวัดดีครับ สาว ๆ
11-0932	talk	Let me give you a proper introduction this time. This is Yukiko Tonegawa, but you can call her Yukko for short.	ให้ฉันแนะนำให้เป็นทางการหน่อย นะคะรอบนี้ นี่คือยูกิโกะ โทเนกาวะ แต่เรียกสั้น ๆ ว่ายุกโกะก็ได้ค่ะ
11-0933	talk	Nice to officially meet you! Let's see... so I work at an office in Tokyo...	ยินดีที่ได้รู้จักกันอย่าง เป็นทางการนะคะ! เอ่อ ฉันทำงานอยู่ที่ออฟฟิศในโตเกียว...
11-0934	talk	I'm 29 years old... and currently on the hunt for a nice, good-looking boyfriend!	อายุ 29 ปี... แล้วตอนนี้กำลังตามหาแฟนหนุ่มหล่อดี ๆ สักคนอยู่เลยนะ!
11-0935	talk	And this here's Yagami-san. He's a detective in Kamurocho.	แล้วนี่ก็ยากามิซังค่ะ เขาเป็นนักสืบอยู่ที่คามุโรโจ
11-0936	talk	Nice to meet you. First name's Takayuki, and I'm 35.	ยินดีที่ได้รู้จักครับ ชื่อจริงทาคายูกิ อายุ 35 ครับ
11-0937	talk	...W-What is it?	...ม-มีอะไรเหรอ?
11-0938	talk	Oh, nothing! I was just thinking you're a real feast for the eyes!	อ๋อ ไม่มีอะไรหรอก! แค่คิดอยู่ว่าคุณสวยจนตาแทบไม่ กะพริบเลยล่ะ!
11-0939	talk	Uh... thank you?	เอ่อ... ขอบคุณครับ?
11-0940	talk	In case you didn't catch it earlier, Yukko's currently single.	เผื่อคุณไม่ทันได้ยินก่อนหน้านี้ ตอนนี้ยุกโกะยังโสดอยู่นะคะ
11-0941	talk	She's also pretty cute, isn't she?	แล้วเธอก็น่ารักดีด้วยใช่ไหมล่ะคะ?
11-0942	talk	...Uh-huh...	...อื้อ...
11-0943	talk	There's just something about you... It's like you stepped right out of a romance drama and into my life...	มีอะไรบางอย่างในตัวคุณนะ... เหมือนคุณเดินออกมาจากละคร โรแมนติกแล้วก้าวเข้ามาในชีวิต ฉันเลย...
11-0944	talk	Ahaha... that's hilarious.	ฮ่าฮ่า... ตลกจังเลยครับ
11-0945	talk	So... shall we get going?	เอาล่ะ... ไปกันเลยไหมครับ
11-0946	talk	Ooh, where to?	โอ้ ไปไหนกันคะ
11-0947	talk	I thought I'd ask you ladies.	ผมว่าจะถามสาว ๆ ดูก่อนน่ะครับ
11-0948	talk	Hmm, I really don't mind, as long as we can all have fun together!	อืม ฉันไม่ว่าอะไรหรอกค่ะ ขอแค่ได้สนุกด้วยกันทุกคนก็พอ!
11-0949	talk	How about darts? That'd be good for three people.	ลองดาร์ทดูไหม เล่นกันสามคนได้พอดี
11-0950	talk	Sounds like a plan.	ฟังดูเข้าท่าดี
11-0951	talk	Have you ever played darts before, Yukko-san?	ยุกโกะซังเคยเล่นดาร์ทมาก่อนไหมครับ
11-0952	talk	No, it's actually my very first time! I can't wait for you to teach me!	ไม่เคยเลยค่ะ! ครั้งแรกจริง ๆ! รอไม่ไหวแล้วที่จะให้คุณสอนเลย!
11-0953	talk	Lucky you, Yukko. You've got yourself a handsome coach now.	โชคดีนะยุกโกะ ได้โค้ชหล่อ ๆ มาสอนซะด้วย
11-0954	talk	I sure do! Thanks for bringing him along, Nanami!	ใช่เลยค่ะ! ขอบคุณที่พาเขามาด้วยนะนานามิ!
11-0955	talk	Well, let's start with the basics.	เอาล่ะ เริ่มจากพื้นฐานกันก่อนครับ
11-0956	talk	Did you get all that?	เข้าใจที่พูดไปทั้งหมดไหมครับ
11-0957	talk	Got it! Not only are you easy on the eyes, but you're easy to learn from, too!	เข้าใจค่ะ! คุณไม่ใช่แค่หล่อเฉย ๆ นะ แต่ยังสอนเข้าใจง่ายด้วย!
11-0958	talk	Haha, really? Good, then let's get started.	ฮ่าฮ่า จริงเหรอครับ ถ้างั้นเริ่มกันเลย
11-0959	talk	You win, Yagami-san!	ยากามิซังชนะค่ะ!
11-0960	talk	Sorry. I thought I was going soft on you...	ขอโทษนะครับ นึกว่าผมจะยั้งมือให้อยู่แล้วนะเนี่ย...
11-0961	talk	Oh, Yagami-san... Soft or hard, you can go on me <font_kind=yakuza_italic>any</font_kind> time...	โธ่ ยากามิซัง... จะยั้งมือหรือจะเต็มที่ ยังไงก็จัดการกับฉันได้<font_kind=yakuza_italic>ทุกเมื่อ</font_kind>เลยค่ะ...
11-0962	talk	I gotta say, Yagami-san, that was pretty impressive.	ต้องยอมเลยค่ะยากามิซัง เมื่อกี้น่าประทับใจจริง ๆ
11-0963	talk	Wasn't it!?	ใช่ไหมล่ะ!?
11-0964	talk	A tie...	เสมอกันซะงั้น...
11-0965	talk	I didn't know something like this could even happen.	ไม่นึกเลยว่าจะเกิดเรื่องแบบนี้ ขึ้นได้
11-0966	talk	I bet it's 'cause we think alike! Right!?	ต้องเป็นเพราะเราคิดตรงกันแน่ ๆ เลย! ใช่ไหม!?
11-0967	talk	Huh? Did I actually... win?	เอ๊ะ? ฉันชนะจริง ๆ เหรอเนี่ย?
11-0968	talk	Yukko, you said this was your first time, right?	ยุกโกะ เธอบอกว่านี่เป็นครั้งแรกใช่ไหม?
11-0969	talk	Ahahaha! Maybe I'm a darts prodigy!	อ่าฮ่าฮ่า! บางทีฉันอาจจะเป็นอัจฉริยะดาร์ท ก็ได้นะ!
11-0970	talk	Now that we had our fun, why don't we sit down and talk for a while?	เล่นกันสนุกแล้ว ไปนั่งคุยกันสักหน่อยดีไหมครับ
11-0971	talk	Yes, definitely! Let's pour out our hearts to each other!	ค่ะ แน่นอน! มาเปิดใจคุยกันให้เต็มที่เลย!
11-0972	talk	Eeeeeeee, you guys don't know how <font_kind=yakuza_italic>excited</font_kind> I am right now! This is totally like a matchmaking session!	กรี๊ดดดด ไม่รู้เลยใช่ไหมว่าตอนนี้ฉัน<font_kind=yakuza_italic>ตื่นเต้น</font_kind> ขนาดไหน! นี่มันเหมือนงานจับคู่เดตเลยนะเนี่ย!
11-0973	talk	Then why don't I play the role of matchmaker. Show him what you got, Yukko.	งั้นฉันขอรับบทแม่สื่อเองแล้วกัน โชว์ของให้เขาดูเลยยุกโกะ
11-0974	talk	Oooooh, I'll show him everything I have to offer!	โอ้โฮ งั้นฉันจะโชว์ทุกอย่างที่มีให้ เขาดูเลย!
11-0975	talk	(I guess Nanami-san doesn't consider herself dating material... Or maybe she thinks that way about me...?)	(นานามิซังคงไม่คิดว่าตัวเองเป็น ตัวเลือกในการเดตสินะ... หรือว่าเธอมองผมแบบนั้นกันแน่...?)
11-0976	talk	(Now what should I talk about with these two?)	(เอาล่ะ ทีนี้ควรคุยอะไรกับสองคนนี้ดี?)
11-0977	talk	Yukko-san, you said you work at an office here in Tokyo?	ยุกโกะซังบอกว่าทำงานออฟฟิศที่ โตเกียวใช่ไหมครับ?
11-0978	talk	I do! I'm a secretary at a stationery company!	ใช่ค่ะ! ฉันเป็นเลขาที่บริษัทเครื่องเขียน!
11-0979	talk	Stationery, huh? That's neat.	เครื่องเขียนเหรอครับ เท่ดีนะ
11-0980	talk	Isn't it!? What's your favorite kind?	ใช่ไหมล่ะ!? คุณชอบแบบไหนที่สุดคะ?
11-0981	talk	Of stationery? Now there's a question...	เครื่องเขียนเหรอครับ นี่เป็นคำถามที่ตอบยากจริง ๆ...
11-0982	talk	Come on, Yukko. Do you really think he's into stuff like that?	ยุกโกะ เธอคิดจริง ๆ เหรอว่าเขาจะสนใจเรื่องแบบนั้น
11-0983	talk	Ahahaha, you're right. I guess I'm just so into stationery, I automatically assume everyone else is too!	อ่าฮ่าฮ่า จริงด้วย คงเพราะฉันคลั่งเครื่องเขียนมาก จนคิดว่าใคร ๆ ก็ต้องชอบเหมือนกันมั้ง!
11-0984	talk	But you know... my true passion... is theater! Theatrical arts, to be precise.	แต่รู้ไหม... สิ่งที่ฉันหลงใหลจริง ๆ... คือละครเวทีต่างหาก! พูดให้ชัดคือศิลปะการแสดงเลยล่ะ
11-0985	talk	Theater, huh?	ละครเวทีเหรอครับ
11-0986	talk	Yup. Yukko's been a stage performer ever since we went to college.	ใช่ ยุกโกะเป็นนักแสดงละครเวทีมา ตั้งแต่สมัยเรียนมหาวิทยาลัย แล้ว
11-0987	talk	Wow, so you're an actor?	ว้าว งั้นคุณเป็นนักแสดงเหรอครับ?
11-0988	talk	Yeah. It's a shame Nanami doesn't come to any of my shows, though.	ใช่เลย น่าเสียดายที่นานามิไม่เคยมาดู การแสดงของฉันสักครั้งเลย
11-0989	talk	I told you, I've been very busy lately!	บอกแล้วไงว่าช่วงนี้ฉันยุ่งมาก!
11-0990	talk	You say that every time, but I know you're just not interested.	เธอพูดแบบนี้ทุกทีเลย แต่ฉันรู้ว่าเธอแค่ไม่สนใจต่างหาก
11-0991	talk	Come on, that's not true at all.	ไม่เอาน่า ไม่จริงสักหน่อย
11-0992	talk	By the way, Yukko-san. You said you two have been friends for how long?	ว่าแต่ ยุกโกะซัง เป็นเพื่อนกันมานานแค่ไหนแล้วครับ?
11-0993	talk	Since middle school!	ตั้งแต่สมัยมัธยมต้นเลยค่ะ!
11-0994	talk	I knew from the very day we met, we'd end up being besties for life!	รู้เลยตั้งแต่วันแรกที่เจอกัน ว่าเราจะเป็นเพื่อนซี้กัน ไปตลอดชีวิต!
11-0995	talk	Hmm. And what was it about her that made you think that?	อืม แล้วอะไรที่ทำให้คิดแบบนั้นล่ะครับ?
11-0996	talk	Well, as soon as I saw her, I just had this feeling... It was like being hit by lightning. Have you ever felt that way?	ก็แค่พอเห็นเธอปุ๊บ ฉันก็รู้สึกได้เลย... เหมือนโดนฟ้าผ่ายังไงยังงั้น เคยรู้สึกแบบนี้บ้างไหมคะ?
11-0997	talk	Just recently, as a matter of fact. It was when I first laid eyes on Nanami-san.	เพิ่ง ๆ นี่เองครับ ตอนที่ผมเห็นนานามิซังเป็นครั้งแรก
11-0998	talk	What!? <font_kind=yakuza_italic>Me</font_kind>?	อะไรนะ!? <font_kind=yakuza_italic>ฉัน</font_kind>เหรอ?
11-0999	talk	Yup. It felt like a high-voltage current coursing through my body.	ใช่ครับ รู้สึกเหมือนกระแสไฟแรงสูงวิ่ง พล่านไปทั่วร่างเลย
11-1000	talk	You sure it wasn't just static electricity?	แน่ใจเหรอว่าไม่ใช่แค่ไฟฟ้าสถิต?
11-1001	talk	Uh.	เอ่อ...
11-1002	talk	Oh... huh. Maybe it was. No wonder it felt so shocking!	อ้อ... เอ่อ อาจจะใช่นะครับ ไม่แปลกใจเลยที่มันช็อตขนาดนั้น!
11-1003	talk	Oh. My. God. That was <font_kind=yakuza_italic>too</font_kind> cute, Yagami-san!	โอ้ พระเจ้า นั่นน่ารัก<font_kind=yakuza_italic>เกินไป</font_kind>แล้วค่ะ ยากามิซัง!
11-1004	talk	I'm serious. Static electricity really does build up around this time of year.	ฉันพูดจริงนะ ช่วงนี้ของปีไฟฟ้าสถิตสะสมได้ง่ายจริง ๆ
11-1005	talk	But Nanami. I bet you felt a nice little zing the moment you saw Yagami-san, right?	แต่นานามิ ฉันว่าเธอต้องรู้สึกซ่า ๆ นิด ๆ ตอนเห็นยากามิซังครั้งแรกแน่ ๆ ใช่ไหม?
11-1006	talk	Just what are you implying?	เธอจะสื่ออะไรเนี่ย?
11-1007	talk	I actually have felt something like that. It was when I first saw you, Yukko-san.	จริง ๆ แล้วผมก็เคยรู้สึกแบบนั้น เหมือนกันครับ ตอนที่เห็นยุกโกะซังครั้งแรก
11-1008	talk	<font_kind=yakuza_italic>Really</font_kind>!? So did I! It was like a powerful jolt of electricity was running rampant through my body...	<font_kind=yakuza_italic>จริงเหรอ</font_kind>!? ฉันก็เหมือนกัน! เหมือนมีกระแสไฟฟ้าแรง ๆ วิ่งพล่านไปทั่วร่างเลยล่ะ...
11-1009	talk	You always say that whenever there's a nice-looking guy around.	เธอพูดแบบนี้ทุกทีเวลามีผู้ชาย หน้าตาดีอยู่ใกล้ ๆ
11-1010	talk	Ahahaha, don't I know it! But Yagami-san's something special. Looking at him was more like a... a megavolt!	อ่าฮ่าฮ่า ก็รู้ตัวอยู่แหละ! แต่ยากามิซังมันพิเศษกว่าคนอื่นนะ แค่มองก็เหมือน... เมกะโวลต์เลยล่ะ!
11-1011	talk	You'd be dead if that were true.	ถ้าจริงเธอคงตายไปแล้วมั้ง
11-1012	talk	Well, my heart did skip a few beats, that's for sure!	ก็หัวใจมันเต้นรัวไปหลายจังหวะจริง ๆ นะ!
11-1013	talk	But I'm sure you felt the same way, right? I saw it in your eyes!	แต่ฉันมั่นใจว่าเธอก็รู้สึก เหมือนกันใช่ไหม ฉันเห็นมันในสายตาเธอเลยนะ!
11-1014	talk	Oh? Is that true?	โอ้? จริงเหรอครับ?
11-1015	talk	Yeah! The way she looked at you... it was like a flower opening up to blossom! Like she was asking to be pollinated!	ใช่เลย! ท่าทางที่เธอมองคุณเนี่ย... เหมือนดอกไม้ที่กำลังผลิบาน! เหมือนกำลังขอให้ผสมเกสรเลยล่ะ!
11-1016	talk	<font_kind=yakuza_italic>P-Pollinated</font_kind>!?	<font_kind=yakuza_italic>ผ-ผสมเกสร</font_kind>!?
11-1017	talk	Hey! I am <font_kind=yakuza_italic>not</font_kind> a flower, and I <font_kind=yakuza_italic>definitely</font_kind> don't need to be "pollinated"!	นี่! ฉัน<font_kind=yakuza_italic>ไม่ใช่</font_kind>ดอกไม้สักหน่อย แล้วฉัน<font_kind=yakuza_italic>ไม่มีทาง</font_kind>ต้องการให้ใคร "ผสมเกสร" ด้วย!
11-1018	talk	And Yukko, you need to stop giving this guy the wrong impression!	แล้วยุกโกะ เลิกทำให้เขาเข้าใจผิดได้แล้วนะ!
11-1019	talk	But Nanami, you said it yourself... that you finally met a guy who amazed you.	แต่นานามิ เธอพูดเองนะ... ว่าในที่สุดก็เจอผู้ชายที่ทำให้ เธอทึ่งสักที
11-1020	talk	Wait, that's not what I...	เดี๋ยวนะ ฉันไม่ได้หมายความ...
11-1021	talk	I think it was just after the first time you two met.	ฉันว่ามันเป็นช่วงหลังจากที่พวก เธอเจอกันครั้งแรกนี่แหละ
11-1022	talk	Nanami said you were amazing, reliable, and someone she could actually respect.	นานามิบอกว่าคุณทั้งเจ๋ง ทั้งไว้ใจได้ แล้วก็เป็นคนที่เธอนับถือได้จริง ๆ
11-1023	talk	Oh wow... I'm honored.	โอ้โฮ... ผมรู้สึกเป็นเกียรติมากเลยครับ
11-1024	talk	Geez, Yukko! You really can't keep a secret, can you!	จริงจังยุกโกะ! เก็บความลับไม่เป็นเลยนะเนี่ย!
11-1025	talk	Well, I'm glad she said what she did. That makes me really happy.	ผมดีใจนะครับที่เธอพูดแบบนั้น มันทำให้ผมมีความสุขจริง ๆ
11-1026	talk	Oh come on... I said that purely out of gratitude... I mean, I do respect certain aspects of you...	โธ่... ฉันพูดไปเพราะรู้สึกขอบคุณล้วน ๆ นะ... คือฉันก็นับถือบางแง่มุมของคุณจริง ๆ...
11-1027	talk	Girl, you would not stop raving about this guy. "He's got this unique perspective, does everything his own way"—	นี่ เธอชมผู้ชายคนนี้ไม่หยุดเลยนะ "เขามีมุมมองที่ไม่เหมือนใคร ทำอะไรตามสไตล์ตัวเอง" ว่าไปนั่น—
11-1028	talk	Hey! Did I not just tell you to stop saying things like that!?	นี่! ฉันเพิ่งบอกให้เลิกพูดแบบนั้น ไม่ใช่เหรอ!?
11-1029	talk	What, I'm trying to help you out here! Besides, you both look like a perfectly natural couple. Bet you'd make some real cute babies!	อะไรล่ะ ฉันแค่พยายามช่วยเธออยู่นะ! อีกอย่างสองคนนี้ดูเข้ากันเป็น คู่ธรรมชาติมากเลย เดาว่าถ้ามีลูกด้วยกันต้องน่ารักแน่ ๆ!
11-1030	talk	Gosh, Yukko. You still get attached to the wrong idea and run with it as far as it can go. You haven't changed a bit.	โอ้โห ยุกโกะ เธอยังชอบยึดติดความคิดผิด ๆ แล้วลากยาวไปเรื่อยเหมือนเดิมเลยนะ ไม่เปลี่ยนไปเลยสักนิด
11-1031	talk	And I'm saying that you have. When was the last time you ever complimented a guy, if at all? You used to hate men.	แล้วฉันจะบอกว่าเธอเปลี่ยน ไปแล้วต่างหาก ครั้งสุดท้ายที่เธอชมผู้ชายสัก คนคือเมื่อไหร่กัน ถ้ามีนะ เมื่อก่อนเธอเกลียดผู้ชายด้วยซ้ำ
11-1032	talk	Whoa, really?	โห จริงเหรอ?
11-1033	talk	That's... a rather extreme way of putting it.	นั่นมัน... เป็นการพูดที่ค่อนข้างสุดโต่งไป หน่อยนะ
11-1034	talk	I guess you're just a really special guy, Yagami-san.	ฉันว่ายากามิซังคงเป็นผู้ชายที่ พิเศษจริง ๆ ล่ะค่ะ
11-1035	talk	...Don't take her too seriously, okay? This girl <font_kind=yakuza_italic>loves</font_kind> to talk.	...อย่าไปซีเรียสกับเธอมากนักเลยนะ คนนี้<font_kind=yakuza_italic>ชอบ</font_kind>พูดจัง
11-1036	talk	(Seems like these two really know each other. I wonder what other secrets Yukko-san will let slip...)	(ดูเหมือนสองคนนี้จะรู้ใจกันดีจริง ๆ ไม่รู้ว่ายุกโกะซังจะหลุด ความลับอะไรออกมาอีก...)
11-1037	talk	Hey, I know. Since we're all sitting here together, I wanted to ask you both... What's your ideal kind of guy?	เอาล่ะ ในเมื่อนั่งอยู่ด้วยกันทั้งคู่แล้ว ผมอยากถามหน่อยครับ... ผู้ชายในอุดมคติของทั้งสองคน เป็นแบบไหน?
11-1038	talk	You're asking me, too?	ถามฉันด้วยเหรอ?
11-1039	talk	Well, I'm pretty sure you're the embodiment of Nanami's perfect man.	ก็ฉันค่อนข้างมั่นใจว่าคุณคือ ภาพจำลองผู้ชายในอุดมคติ ของนานามินั่นแหละค่ะ
11-1040	talk	You said you'd only get with a man you could respect, right?	เธอเคยบอกว่าจะคบก็ต่อเมื่อเป็น ผู้ชายที่เธอนับถือได้เท่านั้น ใช่ไหม?
11-1041	talk	Why are you focusing on me all of a sudden?	ทำไมจู่ ๆ มาโฟกัสที่ฉันแบบนี้ล่ะ?
11-1042	talk	Because you already know my answer, don't you?	ก็เพราะเธอรู้คำตอบของฉันอยู่แล้วนี่ ใช่ไหม?
11-1043	talk	"As long as he's good-looking, he's good to go."	"แค่หน้าตาดีก็ผ่านแล้ว"
11-1044	talk	Took the words right out of my mouth.	พูดแทนใจฉันเลย
11-1045	talk	(Is that seriously her only criteria?)	(นั่นคือเกณฑ์เดียวของเธอจริง ๆ เหรอเนี่ย?)
11-1046	talk	So you like someone you can respect? That's a good place to start.	งั้นคุณชอบคนที่นับถือได้สินะครับ นั่นเป็นจุดเริ่มต้นที่ดีเลยนะ
11-1047	talk	It's also a tough place to start, given how few have earned it.	แต่ก็เป็นจุดเริ่มต้นที่ยากเหมือนกัน เพราะมีน้อยคนนักที่จะได้รับ ความนับถือแบบนั้น
11-1048	talk	True. Respect isn't something that can be handed out to just anyone. That's why it's so valuable.	จริงครับ ความนับถือไม่ใช่สิ่งที่จะยกให้ ใครก็ได้ ก็เพราะแบบนั้นมันถึงมีค่ามาก
11-1049	talk	Sounds like you know a lot about that. Is there someone you admire in particular?	ฟังดูเหมือนคุณรู้เรื่องนี้ดีเลยนะ มีใครสักคนที่คุณชื่นชมเป็นพิเศษไหม?
11-1050	talk	Hmm... it's kinda hard to say.	อืม... ตอบยากเหมือนกันนะครับ
11-1051	talk	Hmm, I can think of several people I can respect.	อืม ผมนึกถึงหลายคนที่นับถือได้ เหมือนกันนะครับ
11-1052	talk	Yeah. As long as you're not expecting perfection, I think there's something to respect in just about anyone.	ใช่ครับ ถ้าไม่คาดหวังความสมบูรณ์แบบ ผมว่าทุกคนมีบางอย่างที่ น่านับถือทั้งนั้นแหละ
11-1053	talk	...Hmm. I suppose that's one way of looking at it. Interesting.	...อืม ก็เป็นมุมมองแบบหนึ่งนะ น่าสนใจดี
11-1054	talk	Better watch out, Yagami-san. As you may have noticed, Nanami's looks can kill, but her heart is even deadlier.	ระวังตัวไว้ให้ดีนะคะยากามิซัง อย่างที่อาจสังเกตได้ ใบหน้านานามิน่ะฆ่าคนได้ แต่หัวใจของเธอยิ่งอันตรายกว่าอีก
11-1055	talk	Should I be scared?	ควรจะกลัวไหมนี่
11-1056	talk	Hey, just what are you trying to say here?	นี่ เธอพยายามจะสื่ออะไรกันแน่?
11-1057	talk	Only that you're really good at attracting men without realizing it and then pushing them away once you do.	แค่จะบอกว่าเธอเก่งเรื่องดึงดูด ผู้ชายโดยไม่รู้ตัว แล้วก็ผลักไสพวกเขาออกไป ทันทีที่รู้ตัวนั่นแหละ
11-1058	talk	You see, Nanami's incredibly capable on her own, plus she's super smart. So she never gives guys any leeway.	คือนานามิเก่งด้วยตัวเองสุด ๆ แถมยังฉลาดมากด้วย เลยไม่เคยให้โอกาสผู้ชายเลยสักนิด
11-1059	talk	Come on, that's totally not how it is.	ไม่เอาน่า มันไม่ใช่แบบนั้นเลย
11-1060	talk	You sure? What about all those guys you rejected back in high school? And in college? And after you started working?	แน่ใจเหรอ แล้วผู้ชายทุกคนที่เธอปฏิเสธตอน มัธยมล่ะ แล้วตอนมหาวิทยาลัยล่ะ แล้วตอนเริ่มทำงานล่ะ?
11-1061	talk	You even brushed off that really sexy hunk back in our senior year. I still can't believe you did that!	เธอยังปัดผู้ชายหล่อเซ็กซี่คน นั้นตอนปีสุดท้ายทิ้งไปเลย ด้วยซ้ำ ฉันยังไม่อยากเชื่อเลยว่าเธอทำแบบนั้น!
11-1062	talk	Well, I wasn't into him. What else should I have done?	ก็ฉันไม่ได้ชอบเขาซะหน่อย แล้วจะให้ทำยังไงล่ะ?
11-1063	talk	Were you always that independent, Nanami-san?	นานามิซังเป็นคนที่พึ่งพาตัวเอง แบบนี้มาตลอดเลยเหรอครับ?
11-1064	talk	...Maybe so.	...ก็อาจจะใช่
11-1065	talk	What about the last guy you dated?	แล้วผู้ชายคนล่าสุดที่เธอคบล่ะ?
11-1066	talk	You're asking what he was like?	จะถามว่าเขาเป็นคนยังไงเหรอ?
11-1067	talk	...I choose not to remember.	...ฉันเลือกที่จะไม่จำมันไว้
11-1068	talk	Yagami-san, that's the one thing you can't bring up around Nanami!	ยากามิซัง นั่นคือเรื่องเดียวที่ห้ามพูด ต่อหน้านานามิเลยนะคะ!
11-1069	talk	Oh? Is that so?	โอ้? งั้นเหรอครับ?
11-1070	talk	Please disregard that. Yukko's just being her usual overdramatic self.	อย่าไปสนใจเลยค่ะ ยุกโกะแค่ดราม่าเกินจริงตาม นิสัยของเธอเฉย ๆ
11-1071	talk	Do you not like the concept of dating?	เธอไม่ชอบเรื่องการออกเดตเหรอ?
11-1072	talk	Not necessarily. I just happen to have a really amazing job that I enjoy more than anything.	ไม่เชิงหรอกค่ะ แค่บังเอิญฉันมีงานที่วิเศษมาก เป็นสิ่งที่ฉันชอบมากกว่าอะไรทั้งหมด
11-1073	talk	But isn't that kind of an excuse not to try? What if all your opportunities disappear?	แต่นั่นมันก็เหมือนข้ออ้างไม่ ยอมลองไม่ใช่เหรอ ถ้าโอกาสทั้งหมดหายไปล่ะจะทำยังไง?
11-1074	talk	Then let them. I'm perfectly fine with how things are.	ก็ปล่อยให้หายไปสิ ฉันโอเคกับสิ่งที่เป็นอยู่ ตอนนี้เต็มที่แล้ว
11-1075	talk	Are you really okay with losing your shot at happiness?	เธอโอเคจริง ๆ เหรอกับการเสียโอกาสที่จะมีความสุข?
11-1076	talk	My <font_kind=yakuza_italic>career</font_kind> is how I define my happiness.	<font_kind=yakuza_italic>อาชีพ</font_kind>ของฉันน่ะแหละคือตัวกำหนด ความสุขของฉัน
11-1077	talk	Oh? Then what about the saying, "A woman's happiness is love and marriage"?	โอ้? แล้วคำพูดที่ว่า "ความสุขของผู้หญิงคือความรักและ การแต่งงาน" ล่ะ?
11-1078	talk	Yet another antiquated ideology manufactured by the mass media.	ก็แค่แนวคิดโบราณล้าสมัยอีกอัน ที่สื่อมวลชนสร้างขึ้นมา เท่านั้นเอง
11-1079	talk	What does that even mean!?	มันหมายความว่าไงกันเนี่ย!?
11-1080	talk	Hey, no need to get upset over it. It's okay to agree to disagree about something.	เฮ้ ไม่ต้องหงุดหงิดขนาดนั้นก็ได้ครับ บางเรื่องเห็นไม่ตรงกันก็ไม่เป็นไรนี่
11-1081	talk	Yukko-san, if you only had a couple words to describe Nanami-san, what would those be?	ยุกโกะซัง ถ้าให้ใช้แค่สองสามคำอธิบายนานามิซัง จะบอกว่ายังไงครับ?
11-1082	talk	Hmm. As a fellow woman, I would say... Cool yet cute, stylish yet smart, and... I guess very hard-working.	อืม ในฐานะผู้หญิงด้วยกัน ฉันคงบอกว่า... เท่แต่น่ารัก มีสไตล์แต่ฉลาด แล้วก็... ขยันมากด้วยล่ะค่ะ
11-1083	talk	Wow. Those are some good compliments.	ว้าว คำชมดี ๆ เลยนะครับเนี่ย
11-1084	talk	Oh, she's just trying to make you like me.	โธ่ เธอแค่พยายามทำให้คุณชอบฉันเฉย ๆ
11-1085	talk	No, I was totally being serious. You've always had the best grades out of all us girls. Plus you're still the prettiest.	เปล่านะ ฉันพูดจริงจังสุด ๆ เธอเกรดดีที่สุดในกลุ่มสาว ๆ พวกเรามาตลอด แถมยังสวยที่สุดอยู่ด้วย
11-1086	talk	...Are you even interested in hearing this nonsense, Yagami-san?	...ยากามิซังสนใจจะฟัง เรื่องไร้สาระพวกนี้จริง ๆ เหรอคะ?
11-1087	talk	Oh yes. I'm very interested.	อ๋อ สนใจมากเลยครับ
11-1088	talk	...Why?	...ทำไมล่ะ?
11-1089	talk	Why wouldn't I be?	ทำไมผมจะไม่เป็นล่ะ?
11-1090	talk	I've always been the curious type. Especially about people I'm getting to know.	ผมเป็นคนขี้สงสัยมาตลอดครับ โดยเฉพาะเรื่องของคนที่กำลัง ทำความรู้จักด้วย
11-1091	talk	What about you, Nanami-san?	แล้วนานามิซังล่ะครับ?
11-1092	talk	What about me?	แล้วเราล่ะ?
11-1093	talk	Are you asking... if I'm interested in you?	จะถามว่า... ฉันสนใจคุณหรือเปล่าเหรอ?
11-1094	talk	I know for a fact she is!	รู้แหละว่าใช่แน่ ๆ!
11-1095	talk	Y-Yukko...	ย-ยุกโกะ...
11-1096	talk	I'd like to think I understand Nanami pretty well by now.	ฉันว่าตอนนี้ฉันเข้าใจนานามิดี พอสมควรแล้วล่ะ
11-1097	talk	Are you actually interested in me, Nanami-san?	นานามิซังสนใจผมจริง ๆ เหรอครับ?
11-1098	talk	...Well, I think you're a very interesting person...	...ก็... ฉันคิดว่าคุณเป็นคนที่น่าสนใจมากนะ...
11-1099	talk	I suppose I should be glad to hear that.	งั้นผมคงต้องดีใจที่ได้ยินแบบ นั้นสินะครับ
11-1100	talk	Now then. Maybe we should start heading out?	เอาล่ะ เราน่าจะเริ่มออกไปกันได้แล้วมั้งครับ
11-1101	talk	Hey, Yagami-san, why don't you exchange numbers with Yukko?	นี่ ยากามิซัง ทำไมไม่แลกเบอร์กับยุกโกะดูล่ะ?
11-1102	talk	Sure, that's a good idea.	ครับ เป็นความคิดที่ดีนะ
11-1103	talk	...Hey, Nanami.	...นี่นานามิ
11-1104	talk	Me being friendly with Yagami-san doesn't bother you at all?	ฉันสนิทกับยากามิซังแบบนี้เธอ ไม่รู้สึกอะไรเลยเหรอ?
11-1105	talk	Why would it?	ทำไมต้องรู้สึกอะไรด้วยล่ะ?
11-1106	talk	...Well, as long as it's all right with you, I guess it's fine.	...ก็ ถ้าเธอโอเคก็ถือว่าไม่มีปัญหาแล้วกัน
11-1107	talk	...Okay then?	...งั้นก็ตกลงนะ?
11-1108	talk	C'mon Yagami-san, let's see that smartphone.	มาเลยค่ะยากามิซัง ขอดูสมาร์ตโฟนหน่อย
11-1109	talk	So, Yukko. Did you enjoy yourself today?	เอาล่ะ ยุกโกะ วันนี้สนุกไหม?
11-1110	talk	Oh yeah! And I'm assuming you did, too?	สนุกมากเลยล่ะ! แล้วเธอก็สนุกด้วยใช่ไหม?
11-1111	talk	I sure hope she did.	หวังว่าจะสนุกนะครับ
11-1112	talk	Don't worry, I had fun.	ไม่ต้องห่วง ฉันสนุกดี
11-1113	talk	Why don't you go on a date next time, just the two of you?	คราวหน้าลองไปเดตกันแค่สองคนดูไหมล่ะ?
11-1114	talk	You don't have to be so blunt, Yukko.	ไม่ต้องพูดตรง ๆ ขนาดนั้นก็ได้ ยุกโกะ
11-1115	talk	Well, thanks for coming out today.	เอาล่ะ ขอบคุณที่ออกมาด้วยกันวันนี้นะครับ
11-1116	talk	No, thank you for taking us.	เปล่าค่ะ ต้องขอบคุณที่พาพวกเรามาต่างหาก
11-1117	talk	Let's keep in touch, okay?	ติดต่อกันไว้นะคะ?
11-1118	talk	Yukko, did you have a good time today?	ยุกโกะ วันนี้สนุกไหม?
11-1119	talk	I sure did. But... I can't quite say the same for you, Nanami.	สนุกมากเลยล่ะ แต่... เธอดูจะไม่ค่อยสนุกเท่าไหร่เลย นะนานามิ
11-1120	talk	Oh? Is that right?	อ้อ จริงเหรอ?
11-1121	talk	That's not true, I was just a little... tired.	ไม่จริงหรอก ฉันแค่เหนื่อยนิดหน่อยเท่านั้นเอง
11-1122	talk	I figured...	คิดไว้แล้วครับ...
11-1123	talk	Hehe, I bet you were just nervous being around the only guy you've liked in years.	เฮ้อ เดาว่าคงตื่นเต้นเพราะได้อยู่ ใกล้ผู้ชายคนเดียวที่ชอบ มาหลายปีมากกว่ามั้ง
11-1124	talk	Hey, stop making things up.	นี่ เลิกกุเรื่องได้แล้ว
11-1125	talk	...Hey there. Sorry to drag you out like this.	...นี่ครับ ขอโทษที่ลากคุณออกมาแบบนี้
11-1126	talk	Actually, I'm happy to help! I mean, we're going on a real detective case here... There's no way I'd pass that up!	ไม่เลยค่ะ ยินดีช่วยเต็มที่! คือเราจะได้ไปทำคดีสืบสวนจริง ๆ เลยนะ... ฉันจะพลาดโอกาสแบบนี้ได้ยังไง!
11-1127	talk	Do you have any problem acting like a couple?	คุณมีปัญหาอะไรกับการแกล้ง ทำเป็นคู่รักไหมครับ?
11-1128	talk	Not at all! In fact, I've been doing extensive mental preparation just for this!	ไม่มีเลยค่ะ! อันที่จริงฉันเตรียมใจมาอย่าง เต็มที่เพื่องานนี้โดยเฉพาะเลย!
11-1129	talk	You sure seem excited.	ดูตื่นเต้นมากเลยนะครับ
11-1130	talk	Well, an opportunity like this only comes around once in a blue moon... Is the target here yet?	ก็โอกาสแบบนี้นาน ๆ จะมีสักครั้งนี่คะ... เป้าหมายมาถึงหรือยัง?
11-1131	talk	She should be showing up any minute now...	เธอน่าจะมาถึงอีกไม่กี่นาที นี้แหละครับ...
11-1132	talk	Ah, there she is.	อ้อ นั่นไงเธอ
11-1133	talk	That's who we're looking for?	นั่นคือคนที่เราตามหาเหรอคะ?
11-1134	talk	Wow, she sticks out like a sore thumb.	ว้าว เธอเด่นจนใคร ๆ ก็สังเกตเห็นเลยนะ
11-1135	talk	Huh? I feel like I've seen her around before...	เอ๊ะ? รู้สึกเหมือนเคยเห็นเธอมาก่อนนะ...
11-1136	talk	...Maybe that's just your imagination?	...หรือแค่คุณคิดไปเองครับ?
11-1137	talk	Yeah, you're probably right.	ค่ะ คุณคงพูดถูก
11-1138	talk	Uh. I wouldn't stare too much at the target if I were you. Otherwise she might catch on to us.	เอ่อ ถ้าเป็นผมนะ จะไม่จ้องเป้าหมายมากขนาดนั้นครับ ไม่งั้นเธออาจจับพิรุธเราได้
11-1139	talk	Oh, you're right. I'm sorry.	อ้อ จริงด้วย ขอโทษค่ะ
11-1140	talk	Avoid unneccessary eye contact. That's one of the basics of investigation.	หลีกเลี่ยงการสบตาโดยไม่จำเป็น นั่นคือพื้นฐานอย่างหนึ่งของงาน สืบสวนครับ
11-1141	talk	Roger that, sir!	รับทราบค่ะ ท่านหัวหน้า!
11-1142	talk	(Nanami knows Yukko so well, she might be able to recognize her even at a subconscious level...)	(นานามิรู้จักยุกโกะดีขนาดนี้ เธออาจจำได้แม้จะเป็นแค่ระดับ จิตใต้สำนึกก็ได้...)
11-1143	talk	(We should definitely keep our distance.)	(เราควรจะรักษาระยะห่างไว้ให้ดีที่สุด)
11-1144	talk	All right. So we're gonna do our best to follow her around without being noticed.	เอาล่ะ เราจะพยายามตามเธอไปโดยไม่ให้ จับได้ให้ดีที่สุด
11-1145	talk	Is this what you call tailing?	นี่คือสิ่งที่เรียกว่า การสะกดรอยใช่ไหมคะ?
11-1146	talk	Yep. Whatever actions we take from here on out, we need to be absolutely sure not to raise her suspicion.	ใช่ครับ ไม่ว่าเราจะทำอะไรต่อจากนี้ ต้องมั่นใจให้ได้ว่าจะไม่ทำให้ เธอสงสัย
11-1147	talk	Looking at her face is especially off-limits.	โดยเฉพาะการมองหน้าเธอตรง ๆ ห้ามเด็ดขาด
11-1148	talk	Understood! I'll be careful not to mess things up!	เข้าใจแล้วค่ะ! จะระวังไม่ให้พลาดแน่นอน!
11-1149	talk	Ooh, I wonder what she's up to...	โอ้ ไม่รู้ว่าเธอกำลังทำอะไรอยู่นะ...
11-1150	talk	Uh-oh! I think she's starting to notice us!	อุ๊ยตาย! คิดว่าเธอเริ่มสังเกตเห็นเราแล้ว!
11-1151	talk	(I didn't ask her to go over the top like that...)	(ผมไม่ได้ขอให้เธอทำเวอร์ขนาดนั้นเลยนะ...)
11-1152	talk	You know... she really does remind me of someone. Who could that be...?	รู้ไหม... เธอทำให้ฉันนึกถึงใครสักคนจริง ๆ เลย ใครกันนะ...?
11-1153	talk	(Ahh... This is not good!)	(แย่แล้ว... นี่ไม่ดีเลยนะ!)
11-1154	talk	Wait, is that... a UFO up there!?	เดี๋ยวนะ นั่นมัน... ยูเอฟโอเหรอ อยู่ข้างบนนั่น!?
11-1155	talk	What? Where!?	อะไรนะ? อยู่ไหน!?
11-1156	talk	Hey, is this even the time to be worrying about something like that?	นี่ นี่มันเวลาที่จะมากังวลเรื่อง แบบนั้นเหรอ?
11-1157	talk	Sorry. Must've been my imagination.	ขอโทษครับ คงเป็นแค่จินตนาการผมไปเอง
11-1158	talk	Geez, keep it together. Besides, I'm almost positive I know her from somewhere...	จริงจังหน่อย ตั้งสติไว้ อีกอย่างฉันเกือบมั่นใจแล้วนะ ว่าเคยรู้จักเธอมาจาก ที่ไหนสักแห่ง...
11-1159	talk	(Dang. Looks like this is my only way out...)	(บ้าจริง ดูเหมือนนี่จะเป็นทางออกเดียวที่มี...)
11-1160	talk	Ahh! What are you doing?	อ๊ะ! คุณจะทำอะไรน่ะ?
11-1161	talk	Shh. We need to pretend like we're a couple.	ชู่ว์ เราต้องแกล้งทำเป็นคู่รักครับ
11-1162	talk	R-Right.	ถ-ถูกต้อง
11-1163	talk	(Why do you keep looking this way...)	(ทำไมยังมองมาทางนี้อยู่เรื่อยเลยนะ...)
11-1164	talk	This is getting kinda embarrassing...	นี่มันเริ่มน่าอายแล้วนะ...
11-1165	talk	(Are you gonna be staring at us this whole time?)	(จะจ้องมองพวกเราแบบนี้ตลอดเลยเหรอ?)
11-1166	talk	(Give... her... a... big... wet... kiss...?)	(จูบ... เธอ... ให้... ฉ่ำ ๆ... เลยเหรอ...?)
11-1167	talk	(Is that what she's trying to tell me?)	(นั่นคือสิ่งที่เธอพยายามจะสื่อ กับผมเหรอ?)
11-1168	talk	(Be... fore... it's... too... late...)	(ก่อน... ที่... จะ... สาย... เกินไป...)
11-1169	talk	Man. For a second there, I thought it was all over.	โอ้โห แป๊บนึงนึกว่าจบเห่แล้วครับ
11-1170	talk	Yeah. Our cover was almost blown, huh?	ใช่ เกือบถูกจับได้ว่าเราปลอมตัว อยู่แล้วเนอะ?
11-1171	talk	R-Right. That's what I meant.	ถ-ถูกครับ นั่นแหละที่ผมหมายถึง
11-1172	talk	All right. Let's go see what she's up to.	เอาล่ะ ไปดูกันว่าเธอกำลังทำอะไรอยู่
11-1173	talk	You think she's having a little rendezvous with her secret lover inside?	คิดว่าเธอกำลังนัดพบกับชู้รักลับ ๆ อยู่ข้างในหรือเปล่า?
11-1174	talk	Only one way to find out.	มีทางเดียวที่จะรู้ได้
11-1175	talk	Guess we'll have to play the waiting game.	งั้นคงต้องเล่นเกมรอคอยกันแล้วล่ะ
11-1176	talk	(All right. Now's my chance to talk to her.)	(เอาล่ะ นี่คือโอกาสของผมที่จะคุยกับเธอ)
11-1177	talk	...Well, instead of just waiting around, we might as well talk about something. That's what a normal couple would do.	...เอาล่ะ แทนที่จะนั่งรอเฉย ๆ เราคุยอะไรกันดีกว่า คู่รักทั่วไปเขาก็ทำแบบนี้กัน
11-1178	talk	I wanted to say this earlier, but thanks for helping me out today.	ผมอยากพูดตั้งแต่เมื่อกี้แล้วครับ ขอบคุณที่ช่วยผมวันนี้นะ
11-1179	talk	No problem. I've always wondered how detectives do their jobs, so I'm glad you let me tag along.	ไม่เป็นไรค่ะ ฉันสงสัยมาตลอดว่านักสืบทำงานกันยังไง เลยดีใจที่ได้ให้ฉันมาด้วย
11-1180	talk	And besides. People who cheat should be punished.	แล้วก็อีกอย่าง คนที่นอกใจควรได้รับการลงโทษ
11-1181	talk	It's pretty disrespectful, I'll say that much. Sad thing is, I see it happen over and over again in this line of work.	มันไม่ให้เกียรติกันเลยจริง ๆ ครับ พูดได้แค่นั้น ที่น่าเศร้าคือผมเจอเรื่อง แบบนี้ซ้ำแล้วซ้ำเล่าในสายงาน นี้
11-1182	talk	Why... do you think that is?	ทำไม... คุณถึงคิดว่าเป็นแบบนั้น?
11-1183	talk	Simple. It's the trappings of the male sex drive.	ง่ายมากครับ มันคือกับดักของสัญชาตญาณทางเพศ ของผู้ชาย
11-1184	talk	Your <font_kind=yakuza_italic>sex drive</font_kind>!?	<font_kind=yakuza_italic>สัญชาตญาณทางเพศ</font_kind>ของคุณเหรอ!?
11-1185	talk	Yeah. I'm talking about our survival instinct. The more we procreate, the greater our chances of passing down our DNA.	ใช่ครับ ผมกำลังพูดถึงสัญชาตญาณเอาชีวิตรอด ยิ่งสืบพันธุ์มากเท่าไหร่ โอกาสที่จะส่งต่อ DNA ก็ยิ่งสูงเท่านั้น
11-1186	talk	That instinct fuels the sex drive, so cheating is more of a physical factor than an emotional one.	สัญชาตญาณนั้นเป็นตัวขับเคลื่อน สัญชาตญาณทางเพศ ดังนั้นการนอกใจจึงเป็นเรื่อง ทางกายภาพมากกว่าทางอารมณ์ครับ
11-1187	talk	So what you're saying is... men can't help it if they cheat? That they should be excused for it?	ก็คือคุณกำลังบอกว่า... ผู้ชายห้ามใจตัวเองไม่ได้ถ้าจะ นอกใจงั้นเหรอ? แล้วควรได้รับการยกโทษด้วยเนี่ยนะ?
11-1188	talk	I mean... this is some hardwired biological programming we're talking about here. We're all just animals deep down.	ก็คือ... นี่มันเป็นการตั้งโปรแกรมทาง ชีวภาพที่ฝังลึกอยู่แล้วครับ ลึก ๆ แล้วเราก็เป็นแค่สัตว์ชนิดหนึ่ง เท่านั้นเอง
11-1189	talk	Uh, you know I'm kidding, right?	เอ่อ รู้ใช่ไหมครับว่าผมล้อเล่น?
11-1190	talk	I honestly think cheating is a bad thing.	จริง ๆ แล้วผมคิดว่าการนอกใจเป็นเรื่อง ไม่ดีนะครับ
11-1191	talk	Do you really?	จริงเหรอคะ?
11-1192	talk	I wouldn't say that. After all, you can't let things like instinct and desire rule your life.	ผมไม่กล้าพูดขนาดนั้นหรอกครับ ยังไงก็ตาม เราไม่ควรปล่อยให้สัญชาตญาณหรือ ความต้องการมาควบคุมชีวิตเรา
11-1193	talk	Even though it's biologically coded into your system?	ถึงแม้มันจะถูกฝังไว้ในตัวคุณ ทางชีวภาพแล้วก็เถอะเหรอ?
11-1194	talk	Yeah. For example, finding yourself attracted to other women does happen, even if you do have a partner...	ใช่ครับ ยกตัวอย่างเช่น การรู้สึกดึงดูดใจผู้หญิงคนอื่น น่ะเกิดขึ้นได้จริง ถึงแม้จะมีคนรักอยู่แล้วก็ตาม...
11-1195	talk	But when you consider the love and trust you built together, submitting to that drive is entirely out of the question.	แต่พอนึกถึงความรักและความไว้ใจ ที่สร้างร่วมกันมา การยอมทำตามแรงขับนั้นมัน เป็นเรื่องที่ไม่ควรทำเลยครับ
11-1196	talk	I thought men couldn't control their natural instincts.	ฉันนึกว่าผู้ชายห้ามสัญชาตญาณ ตามธรรมชาติของตัวเองไม่ได้ซะ อีก
11-1197	talk	Well, nobody's a saint. I doubt many people have the willpower to resist temptation in the heat of the moment.	ก็ไม่มีใครเป็นนักบุญกันทั้ง นั้นแหละครับ ผมว่าคงมีไม่กี่คนหรอกที่มี แรงใจพอจะต้านสิ่งยั่วยุตอน อารมณ์พาไปได้
11-1198	talk	On top of that, it's difficult to stay enamored with your partner. That's only the first phase of something much deeper.	อีกอย่าง การรักษาความหลงใหลในตัวคู่รัก เอาไว้ก็ไม่ใช่เรื่องง่าย นั่นเป็นแค่ขั้นแรกของอะไรที่ ลึกซึ้งกว่านั้นมากครับ
11-1199	talk	That's why you need to think seriously when getting into a relationship, and put a lot of effort into maintaining it.	เพราะงั้นเวลาจะคบใครสักคน ต้องคิดให้จริงจัง แล้วก็ต้องพยายามรักษามันเอาไว้ ให้ดีด้วยครับ
11-1200	talk	Hmm. I kind of understand what you mean... I guess men are more complex than I gave them credit for.	อืม พอเข้าใจที่คุณพูดอยู่นะ... ผู้ชายซับซ้อนกว่าที่ฉันคิดไว้จริงๆ ด้วยสิ
11-1201	talk	Haha, well from a guy's point of view, women are much more complex.	ฮ่าๆ ในมุมของผู้ชายอย่างผม ผู้หญิงซับซ้อนกว่าเยอะเลยนะครับ
11-1202	talk	Ahaha. Then I guess the feeling is mutual.	อาฮ่าๆ งั้นก็คงคิดเหมือนกันทั้งคู่สินะ
11-1203	talk	I wonder. I can't really understand what would go through a cheater's mind.	ก็ไม่แน่ใจเหมือนกันครับ ผมไม่ค่อยเข้าใจว่าคนที่นอกใจ เขาคิดอะไรอยู่ในหัว
11-1204	talk	Right? It's like, why would they even have a relationship to begin with?	ใช่ไหมล่ะ จะคบกันไปทำไมตั้งแต่แรกด้วยซ้ำ
11-1205	talk	If you really loved someone, you wouldn't be able to hurt them like that.	ถ้ารักใครจริงๆ ต่อให้ยังไงก็ทำร้ายเขาแบบนั้น ไม่ลงหรอกนะ
11-1206	talk	Too true.	จริงเลยครับ
11-1207	talk	You seem pretty hyped about this investigation. That's good.	คุณดูตื่นเต้นกับการสืบสวน ครั้งนี้เหมือนกันนะครับ ดีเลย
11-1208	talk	Though I noticed you had some pretty strong thoughts on infidelity.	แต่ผมสังเกตว่าคุณมีความคิดเห็น ที่ค่อนข้างหนักแน่น เรื่องการนอกใจเลยนะครับ
11-1209	talk	It's just... something I can't forgive. That's all.	ก็แค่... มันเป็นเรื่องที่ฉันให้อภัยไม่ได้ แค่นั้นแหละ
11-1210	talk	Did something... happen?	มีอะไร... เกิดขึ้นหรือเปล่าครับ?
11-1211	talk	(Yukko said Nanami-san was cheated on by a guy she really loved...)	(ยุกโกะบอกว่านานามิซังเคยถูก ผู้ชายที่รักสุดหัวใจนอกใจมา ก่อน...)
11-1212	talk	(Maybe if I hear it straight from her, it'll help me understand her more.)	(ถ้าได้ฟังจากปากเธอเองบ้าง อาจจะช่วยให้ผมเข้าใจเธอมากขึ้นก็ได้)
11-1213	talk	You're always welcome to tell me about it, Nanami-san. I'll listen.	ถ้าอยากเล่าให้ฟัง เมื่อไหร่ก็ได้เสมอนะครับ นานามิซัง ผมพร้อมฟัง
11-1214	talk	...Give me some time to think it over, and maybe I will.	...ขอเวลาคิดดูก่อนนะ เผื่อฉันอาจจะเล่าให้ฟังก็ได้
11-1215	talk	Nanami-san... Has anyone cheated on you before?	นานามิซัง... เคยมีใครนอกใจคุณมาก่อนไหมครับ?
11-1216	talk	...There was this guy I dated.	...มีผู้ชายคนหนึ่งที่ฉันเคยคบด้วย
11-1217	talk	I loved him from the bottom of my heart, you know... I would've done anything for him.	ฉันรักเขาสุดหัวใจเลยนะ... ทำได้ทุกอย่างเพื่อเขาเลยด้วยซ้ำ
11-1218	talk	But he ended up cheating on me like it was no big deal. Called it a "moment of weakness." Douchebag.	แต่สุดท้ายเขาก็นอกใจฉันเหมือน มันเป็นเรื่องเล็กๆ แถมยังเรียกมันว่า "แค่ใจอ่อนไปแป๊บเดียว" ไอ้สารเลว
11-1219	talk	So that's what happened...	อ๋อ เรื่องมันเป็นแบบนี้นี่เอง...
11-1220	talk	Yeah. I was still young and naive, so it felt like my whole world was centered around him.	ใช่ ตอนนั้นฉันยังเด็กและไร้เดียงสา เลยรู้สึกเหมือนโลกทั้งใบหมุน รอบตัวเขาคนเดียว
11-1221	talk	What an idiot I was for trusting him. Even though it happened so long ago, it still stings.	โง่จริงๆ ที่ไปเชื่อใจเขา ทั้งที่มันผ่านมานานแล้ว แต่พอนึกถึงทีไรก็ยังเจ็บอยู่ดี
11-1222	talk	I'm sorry you had that experience.	เสียใจด้วยนะที่เธอต้องเจอแบบนั้น
11-1223	talk	Well. It was a long time ago.	ก็นะ... มันผ่านมานานแล้วแหละ
11-1224	talk	Tired of me yet?	เบื่อฉันหรือยังล่ะ?
11-1225	talk	Not at all. In fact, I'm glad you shared that with me.	ไม่เลยครับ อันที่จริงผมดีใจด้วยซ้ำที่คุณ เล่าให้ฟัง
11-1226	talk	I thought I'd completely forgotten about it... And here I am, lost in that awful memory like it was only yesterday.	นึกว่าลืมมันไปหมดแล้วซะอีก... แต่ตอนนี้กลับจมอยู่กับความทรงจำแย่ๆ นั่นราวกับเพิ่งเกิดขึ้นเมื่อวาน
11-1227	talk	No, it's not your fault, Yagami-san. I'm letting this stay in the past, so it doesn't bother me anymore.	เปล่าค่ะ ไม่ใช่ความผิดของคุณเลยนะ ยากามิซัง ฉันปล่อยให้มันเป็นเรื่องในอดีตไปแล้ว มันเลยไม่กวนใจฉันอีกต่อไป
11-1228	talk	...Or at least it <font_kind=yakuza_italic>shouldn't</font_kind> bother me. Maybe I'm not really over it.	...หรืออย่างน้อยมัน<font_kind=yakuza_italic>ก็ไม่ควร</font_kind>กวนใจฉันแล้ว บางทีฉันอาจจะยังทำใจไม่ได้จริงๆ ก็ได้
11-1229	talk	Is that why you haven't had a boyfriend for a while?	นั่นเป็นเหตุผลที่เธอไม่มีแฟนมา พักนึงเหรอ?
11-1230	talk	Well, I wouldn't say that's the only reason...	อืม... จะบอกว่านั่นเป็นเหตุผลเดียวก็ ไม่เชิงหรอกนะ...
11-1231	talk	But it's not completely unrelated either.	แต่ก็ไม่ใช่ว่าไม่เกี่ยวกันเลย ซะทีเดียว
11-1232	talk	So, like I've mentioned before, I'm not interested in dating anyone.	เพราะงั้นอย่างที่เคยบอกไปแล้วไง ตอนนี้ฉันไม่สนใจจะคบใครทั้งนั้น
11-1233	talk	But at the same time, I feel like I'm burying myself in work in order to hide from my past.	แต่ในขณะเดียวกัน ฉันก็รู้สึกเหมือนตัวเองฝังตัว อยู่กับงานเพื่อหนีจาก อดีตของตัวเอง
11-1234	talk	At least Yukko thinks so.	อย่างน้อยยุกโกะก็คิดแบบนั้นนะ
11-1235	talk	Then... if you met someone that was right for you, would you give that person a chance?	งั้น... ถ้าเจอคนที่ใช่สำหรับคุณจริงๆ จะให้โอกาสเขาไหมครับ?
11-1236	talk	Yes, I would. If someone like that even existed.	ให้สิ ถ้าคนแบบนั้นมีอยู่จริงนะ
11-1237	talk	You haven't met anyone like that yet?	ยังไม่เคยเจอคนแบบนั้นเลยเหรอครับ?
11-1238	talk	...Hmm.	...อืม
11-1239	talk	Who knows?	ใครจะรู้?
11-1240	talk	Haha. I see you're dodging the question.	ฮ่าๆ เห็นชัดเลยว่ากำลังกลบเกลื่อน คำถามอยู่นะครับเนี่ย
11-1241	talk	So I noticed we haven't really gone out in a while. Is it that I'm getting in the way of your work?	ว่าแต่ ผมสังเกตว่าเราไม่ได้ออก ไปเที่ยวกันมาพักนึงแล้ว ผมไปกวนงานคุณหรือเปล่าครับเนี่ย?
11-1242	talk	What? That's not it...	หา? ไม่ใช่แบบนั้นเลยนะ...
11-1243	talk	You sure you're not just avoiding me?	แน่ใจนะครับว่าไม่ได้แกล้งหลบหน้าผม?
11-1244	talk	Hey, I really have been busy! I mean it...	นี่! ฉันยุ่งจริงๆ นะ! พูดจริงๆ...
11-1245	talk	I understand. But if there ever is a time you and I can go out, please let me know.	เข้าใจครับ แต่ถ้าเมื่อไหร่ที่เรามี เวลาว่างตรงกัน บอกผมได้เลยนะครับ
11-1246	talk	I guess I could make some time, provided all my work gets done.	ก็คงพอหาเวลาได้แหละ ถ้างานทุกอย่างเสร็จหมดก่อน
11-1247	talk	Sorry if it's an inconvenience.	ขอโทษด้วยนะครับถ้ามันเป็นการรบกวน
11-1248	talk	I never said it was.	ฉันไม่ได้พูดแบบนั้นสักหน่อย
11-1249	talk	But why ask me so directly?	แต่ทำไมถึงถามฉันตรงๆ แบบนี้ล่ะ?
11-1250	talk	Well, I heard from Yukko-san that you've been turning down every guy who's asked you out...	ก็... ผมได้ยินจากยุกโกะซังว่าคุณ ปฏิเสธผู้ชายทุกคนที่มาชวน ออกเดตเลยนี่ครับ...
11-1251	talk	And I guess I didn't want you to think of me as just another heartbreaker.	แล้วผมก็ไม่อยากให้คุณมองว่าผม เป็นแค่อีกคนที่จะมา ทำให้คุณเจ็บซ้ำ
11-1252	talk	I would never think that! Ever! Because, Yagami-san...	ฉันไม่มีทางคิดแบบนั้นหรอก! ไม่มีวัน! เพราะว่า ยากามิซัง...
11-1253	talk	I think you're special.	ฉันคิดว่าคุณเป็นคนพิเศษนะ
11-1254	talk	Yes. You saved my life. And you're constantly surpassing my expectations.	ใช่ค่ะ คุณช่วยชีวิตฉันไว้ แล้วก็ทำให้ฉันประทับใจเกิน ความคาดหมายอยู่เรื่อยเลย
11-1255	talk	No one else is like that.	ไม่มีใครเป็นแบบนั้นอีกแล้วนะ
11-1256	talk	But can you see me as a love interest?	แต่เธอมองผมเป็นคนที่เธอสนใจได้ไหม?
11-1257	talk	Well... I wouldn't outright reject you.	เอาเป็นว่า... ฉันคงไม่ปฏิเสธคุณตรงๆ หรอก
11-1258	talk	And I do think you're a pretty good guy.	แล้วฉันก็คิดจริงๆ ว่าคุณเป็นผู้ชายที่ดีคนหนึ่งนะ
11-1259	talk	So you don't automatically hate me then?	งั้นเธอก็ไม่ได้เกลียดผมไปซะ ทีเดียวสินะ?
11-1260	talk	I'm glad you think that way.	ดีใจที่คุณคิดแบบนั้นครับ
11-1261	talk	Sorry if anything I said rubbed you the wrong way...	ขอโทษนะถ้ามีอะไรที่ฉันพูดแล้ว ทำให้คุณรู้สึกไม่ดี...
11-1262	talk	I never imagined I would open up about my past to anyone. Let alone a guy.	ไม่เคยคิดเลยว่าจะเปิดใจ เล่าเรื่องในอดีตให้ใครฟัง ยิ่งเป็นผู้ชายด้วยแล้วยิ่งไม่คิดเลย
11-1263	talk	I'm glad you did, because now I feel like I know you a little better.	ผมดีใจที่คุณเล่าให้ฟังนะครับ เพราะตอนนี้ผมรู้สึกเหมือน รู้จักคุณมากขึ้นอีกนิด
11-1264	talk	...I feel like I got to know you, too.	...ฉันก็รู้สึกเหมือนได้รู้จักคุณ มากขึ้นเหมือนกันนะ
11-1265	talk	Did your impression of me change at all?	ความรู้สึกที่มีต่อผมเปลี่ยนไป บ้างไหมครับ?
11-1266	talk	Nope, still the same. I still think you're a wonderful person.	เปล่า ยังเหมือนเดิมนะ ฉันยังคิดว่าคุณเป็นคนที่ ยอดเยี่ยมอยู่เหมือนเดิม
11-1267	talk	Thanks for being so understanding.	ขอบคุณนะที่เข้าใจฉันขนาดนี้
11-1268	talk	Um. Hey, Yagami-san.	เอ่อ... นี่ ยากามิซัง
11-1269	talk	I think our target's watching us.	ฉันว่าเป้าหมายของเรากำลัง จับตาดูเราอยู่นะ
11-1270	talk	Did we get caught?	เราถูกจับได้แล้วเหรอ?
11-1271	talk	(Don't tell me... she wants me to get more physical?)	(อย่าบอกนะว่า... เธออยากให้ผมแสดงออกทางกายมากกว่านี้?)
11-1272	talk	...All right. In order to throw her off, we have to do something only a couple would do.	...ได้ครับ เพื่อหลอกให้เธอหมดสงสัย เราต้องทำอะไรสักอย่างที่มีแต่ คู่รักเท่านั้นจะทำกัน
11-1273	talk	Hmm. I wonder what that would be...	อืม จะเป็นอะไรดีนะ...
11-1274	talk	How about a little kiss?	ขอจูบนิดหน่อยได้ไหม?
11-1275	talk	What!? No way!	อะไรนะ!? ไม่จริงน่า!
11-1276	talk	Come on, it's to pretend we're a couple. It'll be purely platonic!	ไม่เอาน่า แค่แกล้งทำเป็นคู่รักเฉยๆ เอาแต่ระดับเพื่อนล้วนๆ เลยนะ!
11-1277	talk	Kissing is absolutely out of bounds!	การจูบนี่ห้ามเด็ดขาดเลยนะ!
11-1278	talk	Fine then, how about...	ก็ได้ งั้นแบบนี้ล่ะ...
11-1279	talk	Will you feed me something?	ป้อนอะไรผมกินหน่อยได้ไหม?
11-1280	talk	You... want me to <font_kind=yakuza_italic>feed</font_kind> you?	คุณ... อยากให้ฉัน<font_kind=yakuza_italic>ป้อน</font_kind>คุณเหรอ?
11-1281	talk	Yeah. Lovers feed each other all the time.	ใช่ คู่รักเขาป้อนกันเป็นเรื่องปกติ อยู่แล้วครับ
11-1282	talk	All I have is this coffee spoon, though.	แต่ฉันมีแค่ช้อนกาแฟอันนี้นะ
11-1283	talk	I'm sure she can't tell from this distance.	ระยะห่างขนาดนี้ผมว่าเธอคงมอง ไม่ออกหรอกครับ
11-1284	talk	...A-All right then. Here goes...	...ก-ก็ได้ งั้นนะ...
11-1285	talk	Open wide...	อ้าปากกว้างๆ นะ...
11-1286	talk	Ahhhh. ♪	อาาา ♪
11-1287	talk	Honestly, that was so embarrassing...	บอกตามตรงว่ามันน่าอายมากเลยนะเนี่ย...
11-1288	talk	But we managed to throw off her suspicion.	แต่เราก็ทำให้เธอหมดสงสัยได้ สำเร็จนะครับ
11-1289	talk	...So it seems.	...ดูเหมือนจะเป็นแบบนั้น
11-1290	talk	Oh, isn't that...	เอ๊ะ นั่นมัน...
11-1291	talk	Her secret lover?	ชู้รักลับๆ ของเธองั้นเหรอ?
11-1292	talk	Why don't we take a picture just in case?	เผื่อไว้ ถ่ายรูปเก็บไว้หน่อยดีไหมครับ?
11-1293	talk	Oh, can I take the picture!?	โอ้ ให้ฉันเป็นคนถ่ายได้ไหม!?
11-1294	talk	S-Sure. Just don't get too close.	ได้... ได้ครับ แต่อย่าเข้าไปใกล้เกินไปนะ
11-1295	talk	Of course. I'll make sure I won't get found out.	ได้เลย ฉันจะระวังไม่ให้โดนจับได้แน่นอน
11-1296	talk	All right, picture perfect. Hm?	เรียบร้อย ถ่ายได้สวยเป๊ะเลย เอ๊ะ?
11-1297	talk	I swear I've seen this face before...	ฉันสาบานได้เลยว่าเคยเห็นหน้า นี้มาก่อน...
11-1298	talk	...M-Maybe she looks like someone famous?	...บ-บางทีเธออาจจะหน้าคล้ายคนดัง ก็ได้มั้งครับ?
11-1299	talk	Ah. You might be right.	อ๋อ คุณอาจจะพูดถูกก็ได้นะ
11-1300	talk	(Whew...)	(เฮ่อ...)
11-1301	talk	Well, we managed to get what I needed, so I think that's all for today.	เอาล่ะ ผมได้สิ่งที่ต้องการมาแล้ว วันนี้คงพอแค่นี้ครับ
11-1302	talk	And we did it without getting caught.	แล้วก็ทำสำเร็จโดยไม่โดนจับได้ด้วยนะ
11-1303	talk	Seriously. Though we had a few close calls, didn't we?	จริงด้วยครับ ถึงจะมีจังหวะหวุดหวิดอยู่บ้าง ก็เถอะเนอะ?
11-1304	talk	We did...?	มีด้วยเหรอ...?
11-1305	talk	Thanks for coming, Nanami-san. I managed to get some solid evidence.	ขอบคุณที่มาด้วยกันนะครับ นานามิซัง ผมได้หลักฐานชิ้นสำคัญมาเลย
11-1306	talk	Of course, I was thrilled to do it! I've never done anything remotely like this before!	แน่นอนอยู่แล้ว ฉันตื่นเต้นมากเลยด้วยซ้ำ! ไม่เคยทำอะไรแบบนี้มาก่อนในชีวิตเลย!
11-1307	talk	I'm glad you enjoyed it.	ดีใจที่คุณชอบนะครับ
11-1308	talk	Even though we were acting, it still made my heart flutter... Was it like that for you too?	ทั้งที่แค่แสดงกันเฉยๆ แต่ใจฉันก็ยังเต้นแรงอยู่เลยนะ... คุณเป็นแบบนั้นด้วยไหม?
11-1309	talk	Yeah. Definitely.	ใช่ แน่นอน
11-1310	talk	Hehe. It's been a long time since I've felt this excited about something.	เฮ่อๆ นานมากแล้วนะที่ฉันรู้สึก ตื่นเต้นกับอะไรสักอย่างแบบนี้
11-1311	talk	Good. As exciting as it was, I feel exhausted after the fact.	ดีจัง ตื่นเต้นขนาดนั้นแต่พอจบแล้วก็ รู้สึกหมดแรงไปเลย
11-1312	talk	Were you nervous?	ตื่นเต้นเหรอครับ?
11-1313	talk	Yes. It made my heart beat so fast...	ใช่ค่ะ ใจฉันเต้นแรงมากเลย...
11-1314	talk	I felt like I was on edge the entire time.	รู้สึกเหมือนตัวเองตึงเครียด อยู่ตลอดเวลาเลย
11-1315	talk	(I guess she would take it seriously.)	(คิดว่าเธอคงเอาจริงเอาจังกับมันสินะ)
11-1316	talk	You know, I really enjoyed having you along today.	รู้ไหมครับ วันนี้ที่มีคุณมาด้วยผม มีความสุขมากเลย
11-1317	talk	Thanks. I had a great time, too.	ขอบคุณนะ ฉันก็สนุกมากเหมือนกัน
11-1318	talk	...Let me know when you have any new investigations, okay?	...ถ้ามีคดีใหม่ต้องสืบสวนอีกเมื่อไหร่ บอกฉันด้วยนะ?
11-1319	talk	Actually. I'd rather investigate some things we can do together.	จริงๆ แล้ว ผมอยากสืบสวนเรื่องที่เราทำ ด้วยกันได้มากกว่านะครับ
11-1320	talk	Are we only allowed to hang out if work is involved?	เราจะเจอกันได้แค่ตอนมีงาน เท่านั้นเหรอ?
11-1321	talk	I want to get to know you, Nanami-san. On a more personal level.	ผมอยากรู้จักคุณให้มากกว่านี้ครับ นานามิซัง ในแบบที่เป็นส่วนตัวมากขึ้น
11-1322	talk	Truthfully... I want the same thing.	บอกตามตรง... ฉันก็อยากเหมือนกันนะ
11-1323	talk	Yes. I learned so much about you today, aside from your skills as a detective. And I liked what I saw.	ใช่ค่ะ วันนี้ฉันได้รู้จักตัวตนของคุณ มากขึ้นเยอะเลย นอกเหนือจากฝีมือนักสืบ แล้วฉันก็ชอบสิ่งที่เห็นด้วยนะ
11-1324	talk	So... what I'm trying to say is... I'd also like to spend more time with you.	เพราะงั้น... ที่ฉันพยายามจะบอกก็คือ... ฉันก็อยากใช้เวลากับคุณมากขึ้น เหมือนกัน
11-1325	talk	(I seem to have a pretty good chance here, don't I?)	(ท่าทางผมจะมีโอกาสดีอยู่ไม่น้อย เลยนะเนี่ย)
11-1326	talk	Does that mean our next date will be a real one?	นั่นแปลว่าเดตครั้งหน้าของเราจะ เป็นของจริงใช่ไหมครับ?
11-1327	talk	Hehe. I guess it would!	เฮ่อๆ ก็คงเป็นแบบนั้นแหละ!
11-1328	talk	Well then. I'll give you a call sometime.	งั้นเดี๋ยวผมโทรหานะครับ
11-1329	talk	Okay. I'll be waiting.	ได้ค่ะ ฉันจะรอนะ
11-1330	talk	Ahh, that was just what I needed.	อาห์ นี่แหละที่ฉันต้องการพอดีเลย
11-1331	talk	Time really flies when you're having fun!	เวลามันผ่านไปเร็วจริงๆ เวลาที่สนุกแบบนี้!
11-1332	talk	Why don't we part ways here?	เราแยกย้ายกันตรงนี้เลยไหมครับ?
11-1333	talk	Well, I thought you might be busy.	ก็แค่คิดว่าคุณอาจจะยังมีธุระ อยู่น่ะครับ
11-1334	talk	What? Are you kidding? I kept the entire day open for you!	หา? ล้อเล่นหรือเปล่า? ฉันเคลียร์เวลาทั้งวันไว้เพื่อ คุณเลยนะ!
11-1335	talk	You mean... you were actually looking forward to this?	หมายความว่า... คุณตั้งตารอวันนี้จริงๆ เหรอครับ?
11-1336	talk	...Then I'm all yours.	...งั้นวันนี้ผมเป็นของคุณคนเดียวเลยครับ
11-1337	talk	Good. Let's take it slow and make the most of our time together.	ดีเลย งั้นเราค่อยๆ ใช้เวลาด้วยกันให้คุ้มที่สุดกันเถอะ
11-1338	talk	Okay. How about we sit down and talk somewhere?	โอเคครับ ไปหาที่นั่งคุยกันสักหน่อยไหม?
11-1339	talk	Any particular requests?	มีที่ไหนอยากไปเป็นพิเศษไหมครับ?
11-1340	talk	...Hmm. I could go for a drink.	...อืม ไปดื่มอะไรกันสักหน่อยก็ดีนะ
11-1341	talk	Perfect. Bantam's actually close by, so let's go there.	เยี่ยมเลยครับ แบนตัมอยู่ใกล้ๆ แค่นี้เอง ไปที่นั่นกันเถอะ
11-1342	talk	How well can you hold your alcohol?	คุณดื่มเก่งแค่ไหนเหรอครับ?
11-1343	talk	Oh, I can take a few drinks... I mean a few sips, and I'll still be fine.	โอ้ ฉันดื่มได้อยู่หลายแก้ว... เอ้อ หมายถึงหลายอึกน่ะ ยังไงก็ยังไหวอยู่
11-1344	talk	Sounds like you can hold yourself pretty well.	ฟังดูเหมือนคุณจะดื่มเก่งอยู่ ไม่น้อยเลยนะครับ
11-1345	talk	What about you, Yagami-san?	แล้วคุณล่ะ ยากามิซัง?
11-1346	talk	...About the same.	...ก็พอๆ กันครับ
11-1347	talk	I would bet... that you can drink a lot more than you let on. Am I right?	ฉันว่า... คุณคงดื่มเก่งกว่าที่แสดงออกเยอะเลยนะ จริงไหม?
11-1348	talk	Haha, yeah. You got me.	ฮ่าๆ ใช่ครับ คุณจับได้ซะแล้ว
11-1349	talk	(What should we talk about? Maybe we can get a little more intimate today.)	(คุยอะไรกันดีนะ วันนี้อาจจะได้สนิทกันมากขึ้น อีกหน่อยก็ได้)
11-1350	talk	(Let's see... What would be good to say right now?)	(ดูซิ... พูดอะไรตอนนี้ถึงจะเหมาะ)
11-1351	talk	Hey, I have an idea. Since we both seem to be seasoned alcoholics, why don't we see who can drink the most?	นี่ ผมมีไอเดียนะครับ ในเมื่อเราสองคนดูจะเป็นนักดื่ม ตัวยงกันทั้งคู่ ลองมาแข่งกันว่าใครดื่มได้เยอะ กว่ากันดีไหม?
11-1352	talk	Oh, is that a challenge I hear? All right then.	โอ้ นี่ท้าฉันอยู่หรือเปล่าเนี่ย? ก็ได้ งั้นมาลองกัน
11-1353	talk	Truth be told, I'm tougher than I look. Our company's full of strong drinkers, so I had to learn how to hold my own.	บอกตามตรงว่าฉันเก๋ากว่าที่เห็นนะ บริษัทฉันเต็มไปด้วยนักดื่มตัวยง เลยต้องฝึกดื่มให้อยู่หมัดเหมือนกัน
11-1354	talk	Good, then this should be a nice challenge. Why don't we... spice things up a bit?	ดีเลยครับ งั้นนี่คงเป็นการแข่งที่สนุกดี เรา... เพิ่มความเผ็ดร้อนเข้าไปอีกนิดดีไหม?
11-1355	talk	Let's turn this into a drinking game.	มาเปลี่ยนให้เป็นเกมดื่มกันดีกว่าครับ
11-1356	talk	Okay... like what?	โอเค... แบบไหนล่ะ?
11-1357	talk	How about we each guess something we think is true about the other person?	ลองผลัดกันเดาสักเรื่องที่คิด ว่าเป็นความจริงเกี่ยวกับ อีกฝ่ายดูไหมครับ?
11-1358	talk	And if it really is true, that person has to a drink. Then we alternate.	ถ้าเดาถูกจริงๆ คนที่ถูกเดาต้องดื่ม แล้วก็ผลัดกันไปเรื่อยๆ ครับ
11-1359	talk	Really? What kind of game is that...?	จริงเหรอ? เกมแบบนี้มันคืออะไรกันเนี่ย...?
11-1360	talk	Think about it as a good opportunity to get to know me and get me wasted in the process.	คิดซะว่าเป็นโอกาสดีที่จะได้ รู้จักผมมากขึ้น แถมยังได้ทำให้ผมเมาไปพร้อมกัน ด้วยครับ
11-1361	talk	Or, you might just end up wasted yourself. It's all up to how good your intuition is and how well you can drink.	หรือไม่คุณเองอาจจะเมาซะเอง ก็ได้นะครับ ทั้งหมดขึ้นอยู่กับสัญชาตญาณของ คุณแม่นแค่ไหน แล้วก็ดื่มเก่งแค่ไหนด้วย
11-1362	talk	Ohh, I know what this is. This is your strategy for picking up girls, isn't it?	โอ้ ฉันรู้แล้วว่านี่มันคืออะไร นี่มันกลยุทธ์จีบสาวของคุณใช่ไหมล่ะ?
11-1363	talk	...Possibly. That's actually a good question to start with. See, you're a natural at this game.	...ก็อาจจะใช่ครับ แล้วนั่นก็เป็นคำถามเริ่มต้นที่ ดีเลยด้วย เห็นไหมครับ คุณมีพรสวรรค์กับเกมนี้จริงๆ
11-1364	talk	Real smooth, Yagami-san. But now you've piqued my interest, so... let's do this!	เนียนมากเลยนะ ยากามิซัง แต่ตอนนี้คุณทำให้ฉันสนใจขึ้น มาแล้วล่ะ งั้น... มาลุยกันเลย!
11-1365	talk	All right. Then how about I let you go first?	ได้เลยครับ งั้นให้คุณเริ่มก่อนดีไหม?
11-1366	talk	Hmm... Gotta think of something good...	อืม... ต้องคิดอะไรดีๆ สักเรื่องแล้วสิ...
11-1367	talk	Okay. Yagami-san, I believe you currently have a girlfriend.	โอเค ยากามิซัง ฉันเชื่อว่าตอนนี้คุณมีแฟนอยู่แล้วนะ
11-1368	talk	Wow. You don't beat around the bush at all, do you?	โห คุณนี่พูดตรงไม่อ้อมค้อมเลยนะ ครับเนี่ย?
11-1369	talk	So you do have one. I knew it.	งั้นก็มีจริงสิ รู้อยู่แล้วเชียว
11-1370	talk	Yep. She's sitting right in front of me, too.	ใช่ครับ แล้วเธอก็นั่งอยู่ตรงหน้าผมนี่เองด้วย
11-1371	talk	Hey! Don't get too ahead of yourself, now!	นี่! อย่าเพิ่งด่วนสรุปไปเองสิ!
11-1372	talk	Relax, I was just messing around.	ใจเย็นครับ ผมแค่ล้อเล่นเฉยๆ
11-1373	talk	Geez! You are such a tease sometimes!	โธ่เอ๊ย! คุณนี่ชอบแกล้งแหย่คนอื่นจริงๆ เลย!
11-1374	talk	Actually, I'm still single. So drink up.	จริงๆ แล้วผมยังโสดอยู่ครับ เพราะงั้นดื่มไปเลย
11-1375	talk	All right, it's my turn.	เอาล่ะ ตาผมแล้วครับ
11-1376	talk	Somehow I'm starting to get nervous...	ไม่รู้ทำไมเริ่มตื่นเต้นขึ้นมาแล้วสิ...
11-1377	talk	Don't guess anything dirty, okay!?	ห้ามเดาอะไรลามกนะ รู้ไหม!?
11-1378	talk	(Let's see...)	(ดูซิ...)
11-1379	talk	You haven't had a boyfriend in over five years.	เธอไม่มีแฟนมาเกินห้าปีแล้วนะ
11-1380	talk	Oh, did I get it right?	โอ้ ผมเดาถูกหรือเปล่าเนี่ย?
11-1381	talk	Yeah. I guess it has been a while.	ใช่ ก็นานเหมือนกันนะ
11-1382	talk	Have you ever thought about looking for one?	เคยคิดจะมองหาแฟนใหม่บ้างไหมครับ?
11-1383	talk	That... has crossed my mind a few times.	เรื่องนั้น... ก็เคยผ่านหัวมาบ้างเหมือนกันนะ
11-1384	talk	But! I'm practically married to my job anyway. So I don't need a man in my life!	แต่! ยังไงฉันก็แต่งงานกับงานไปแล้ว ครึ่งหนึ่ง เพราะงั้นฉันไม่ต้องการผู้ชายใน ชีวิตหรอก!
11-1385	talk	You're breaking the hearts of a lot of eligible gentlemen by saying that.	พูดแบบนั้นคุณคงทำให้หนุ่มๆ ที่พร้อมจะมีคู่หลายคนอกหักไปตามๆ กันเลยนะครับ
11-1386	talk	...And is that supposed to include you, Yagami-san?	...แล้วนั่นรวมถึงคุณด้วยหรือเปล่า ยากามิซัง?
11-1387	talk	Should I count that as your question?	ผมควรนับข้อนี้เป็นคำถามของคุณ ไหมครับเนี่ย?
11-1388	talk	Yeah! It's my turn anyway, so...	ใช่แล้ว! ยังไงก็ตาฉันอยู่ดี เพราะงั้น...
11-1389	talk	I think you're sad because of what I just told you!	ฉันว่าคุณเศร้าเพราะสิ่งที่ฉัน เพิ่งบอกไปเมื่อกี้แน่ๆ เลย!
11-1390	talk	Hah, gotcha!	ฮ่า จับได้แล้ว!
11-1391	talk	I'm not just sad... I'm miserable. Anguished. Emotionally devastated. Nanami-san, how could you be so cruel?	ผมไม่ได้แค่เศร้าครับ... ผมทุกข์ทรมาน ปวดร้าว ใจสลายไปเลยต่างหาก นานามิซัง คุณใจร้ายได้ขนาดนี้เชียวเหรอ?
11-1392	talk	Haha, I hope you're not the type who cries whenever they're drunk.	ฮ่าๆ หวังว่าคุณคงไม่ใช่คนที่ร้องไห้ ทุกทีที่เมานะ
11-1393	talk	...I sure hope not either.	...ผมก็หวังแบบนั้นเหมือนกันครับ
11-1394	talk	Okay, my turn.	โอเค ตาผมแล้วครับ
11-1395	talk	There's someone you're really into right now.	ตอนนี้คุณมีคนที่แอบชอบอยู่จริงๆ นะครับ
11-1396	talk	Hmm. It's kinda hard to say...	อืม พูดยากอยู่เหมือนกันนะ...
11-1397	talk	So there <font_kind=yakuza_italic>is</font_kind> someone after all.	งั้นก็<font_kind=yakuza_italic>มี</font_kind>คนที่ชอบอยู่จริงๆ ด้วยสินะ
11-1398	talk	...There is.	...มีจริงๆ
11-1399	talk	Who is it? Do I know this person?	เป็นใครเหรอครับ? ผมรู้จักคนนี้ไหม?
11-1400	talk	Let's not jump too far ahead. The person I'm into might be a celebrity, or maybe a friend I haven't seen in a while.	อย่าเพิ่งรีบด่วนสรุปสิ คนที่ฉันชอบอาจจะเป็นดาราก็ได้ หรือไม่ก็อาจจะเป็นเพื่อนที่ ไม่ได้เจอกันนานแล้วก็ได้
11-1401	talk	Or perhaps a potential boyfriend?	หรือว่าอาจจะเป็นว่าที่แฟนหนุ่มก็ได้?
11-1402	talk	Hey, only one question at a time. Besides, it's my turn now.	นี่ ถามได้ทีละคำถามนะ แล้วก็ตอนนี้ตาฉันแล้วด้วย
11-1403	talk	Ah, I guess you're right. Go ahead then.	อ้อ ก็จริงนะครับ เชิญเลย
11-1404	talk	...Yagami-san, I bet you get lonely pretty easily!	...ยากามิซัง ฉันว่าคุณเหงาง่ายมากเลยล่ะ!
11-1405	talk	Hmm, I'm not sure I would... I mean, I don't...	อืม ผมว่าคงไม่ใช่แบบนั้นหรอกครับ... หมายถึงผมไม่ได้...
11-1406	talk	Hahaha! Maybe you don't look like it at first glance, but I could sense it deep down!	ฮ่าฮ่าฮ่า! ต่อให้ดูภายนอกไม่เหมือน แต่ฉันสัมผัสได้ลึกๆ เลยนะ!
11-1407	talk	Your senses are quite refined. I have been feeling pretty lonely lately... since I haven't seen you in so long.	สัมผัสของคุณแม่นมากเลยนะครับ พักหลังนี้ผมรู้สึกเหงาอยู่เหมือนกัน... เพราะไม่ได้เจอคุณมานานแล้ว
11-1408	talk	You feel that way... because of me?	คุณรู้สึกแบบนั้น... เพราะฉันเหรอ?
11-1409	talk	Hey, you're just teasing me, aren't you!	นี่ คุณแค่แกล้งแหย่ฉันเล่นใช่ไหมเนี่ย!
11-1410	talk	Haha, I'm actually being serious here.	ฮ่าๆ จริงๆ แล้วผมเอาจริงนะครับ
11-1411	talk	When you've been living on your own long enough, you do start to need companionship from time to time.	พออยู่คนเดียวนานๆ เข้า บางทีเราก็เริ่มอยากมีใครอยู่ เป็นเพื่อนบ้างเหมือนกันครับ
11-1412	talk	I'm surprised to hear you say that.	แปลกใจนะที่ได้ยินคุณพูดแบบนี้
11-1413	talk	You live alone too, don't you? I'm sure you can relate.	คุณก็อยู่คนเดียวเหมือนกัน ไม่ใช่เหรอครับ ผมว่าคุณคงเข้าใจความรู้สึกนี้ดี
11-1414	talk	Well, yes. But... I hardly ever notice it.	ก็... ใช่นะ แต่... ฉันแทบไม่ค่อยรู้สึกตัวเลย
11-1415	talk	I guess I'm so busy that I don't even have time to be lonely.	คงเพราะยุ่งจนไม่มีเวลาจะเหงา ด้วยซ้ำมั้ง
11-1416	talk	In a way, that's sort of a lonely existence in and of itself.	ในแง่หนึ่งมันก็เป็นความเหงาแบบ หนึ่งอยู่ดีนะครับ
11-1417	talk	...I won't disagree with that. Well, you're up next.	...อันนี้ฉันก็เถียงไม่ออกเหมือนกัน เอาล่ะ ตาคุณต่อแล้วนะ
11-1418	talk	Okay. I will wager that your yearly income is... over five million yen.	โอเคครับ ผมขอเดาว่ารายได้ต่อปีของคุณ... เกิน 5 ล้านเยนแน่ๆ
11-1419	talk	Well... I certainly didn't see that one coming.	เอ่อ... อันนี้ไม่ทันตั้งตัวเลยจริงๆ
11-1420	talk	Whoa. You're loaded.	โห รวยเลยนะครับเนี่ย
11-1421	talk	That's mostly because of my overtime pay. Our company usually has us working on the weekends, so...	ส่วนใหญ่ก็มาจากค่าล่วงเวลาแหละ บริษัทฉันมักจะให้ทำงานวันเสาร์ อาทิตย์อยู่บ่อยๆ เลยเป็นแบบนั้น...
11-1422	talk	Then will you tell me your base salary?	งั้นบอกเงินเดือนพื้นฐานของคุณ ให้ผมฟังหน่อยได้ไหมครับ?
11-1423	talk	That information... is classified.	ข้อมูลนั้น... เป็นความลับ
11-1424	talk	Either way, I doubt many people your age could keep up with you salary-wise.	ยังไงก็ตาม ผมว่าคนวัยเดียวกับคุณคงมีไม่ กี่คนหรอกที่รายได้จะไล่ตามคุณ ทัน
11-1425	talk	I highly doubt that.	สงสัยจริงๆ นะ
11-1426	talk	I guess you wouldn't wanna stoop to the level of a broke-ass detective.	งั้นคุณคงไม่อยากลดตัวลงมาคบกับ นักสืบกระเป๋าแห้งอย่าง ผมหรอกสินะครับ
11-1427	talk	Hey, don't say things like that.	นี่ อย่าพูดแบบนั้นสิ
11-1428	talk	Or maybe I'm just not good enough for you in the first place, unstable career aside...	หรือไม่ก็บางทีตั้งแต่แรกฉัน อาจจะยังไม่ดีพอสำหรับคุณ ต่างหาก ไม่ต้องพูดถึงเรื่องอาชีพที่ไม่ มั่นคงด้วยซ้ำ...
11-1429	talk	That's not true at all.	ไม่จริงเลยครับ
11-1430	talk	Yagami-san... do you feel inferior to me?	ยากามิซัง... คุณรู้สึกด้อยกว่าฉันเหรอ?
11-1431	talk	Huh? You do? Wait, you're counting that as part of the game?	หา? รู้สึกจริงๆ เหรอ? เดี๋ยวนะ คุณจะนับข้อนี้เป็นส่วนหนึ่ง ของเกมด้วยเหรอ?
11-1432	talk	...Of course I feel inferior to an amazing person like you, Nanami-san.	...ก็แน่นอนอยู่แล้วครับที่ผม รู้สึกด้อยกว่าคนที่ ยอดเยี่ยมอย่างคุณ นานามิซัง
11-1433	talk	Flattery won't get you anywhere, you know.	คำหวานๆ แบบนี้ใช้ไม่ได้ผลกับฉันหรอกนะ รู้ไหม
11-1434	talk	Not even a flattering guess?	ต่อให้เป็นการเดาแบบเอาใจก็ไม่ ได้ผลเลยเหรอครับ?
11-1435	talk	There are times when you're alone... and you decide to do it when no one else is looking.	มีบางเวลาที่คุณอยู่คนเดียว... แล้วก็ตัดสินใจ "ทำมัน" ตอนไม่มีใครมองอยู่
11-1436	talk	...Excuse me?	...ว่าไงนะคะ?
11-1437	talk	I said, sometimes you like to "do it" by yourself.	ผมพูดว่า บางทีคุณก็ชอบ "ทำมัน" คนเดียวไงครับ
11-1438	talk	...A-And what do you mean by "do it"?	...แ-แล้ว "ทำมัน" นี่หมายถึงอะไรกันแน่?
11-1439	talk	Think about it. What else could it be?	ลองคิดดูสิครับ จะเป็นอะไรไปได้อีก?
11-1440	talk	Whoa... seriously?	โห... จริงเหรอเนี่ย?
11-1441	talk	It's true. Sometimes I just get so frustrated... I need to do some solo karaoke to release all that pent-up emotion.	จริงนะ บางทีฉันก็อัดอั้นจนทนไม่ไหว... ต้องไปคาราโอเกะคนเดียวเพื่อ ระบายความรู้สึกที่อัดแน่น อยู่ข้างในออกมา
11-1442	talk	You asked me if I "did it" by myself. You were talking about karaoke, yes?	คุณถามฉันว่า "ทำมัน" คนเดียวไหม คุณหมายถึงคาราโอเกะใช่ไหม?
11-1443	talk	Hey, you totally know what I meant...	นี่ คุณก็รู้ดีอยู่แล้วนี่ว่าผม หมายถึงอะไร...
11-1444	talk	Yagami-san, you are being vague as hell right now. And besides, I already <font_kind=yakuza_italic>told</font_kind> you, <font_kind=yakuza_italic>nothing dirty</font_kind>!	ยากามิซัง ตอนนี้คุณพูดคลุมเครือสุดๆ เลยนะ แล้วก็ฉัน<font_kind=yakuza_italic>บอก</font_kind>ไปแล้วด้วยว่า<font_kind=yakuza_italic>ห้ามลามก</font_kind>!
11-1445	talk	Y-Yes ma'am.	ค-ครับผม
11-1446	talk	Good. My turn now.	ดี ตาฉันแล้วนะ
11-1447	talk	Yagami-san, I bet you "do it" by yourself too.	ยากามิซัง ฉันว่าคุณก็คง "ทำมัน" คนเดียวเหมือนกันแหละ
11-1448	talk	Oh, so you do?	โอ้ งั้นก็จริงสิ?
11-1449	talk	Well, yeah. Doesn't everyone?	ก็ใช่ครับ ใครๆ ก็ทำกันทั้งนั้นไม่ใช่เหรอ?
11-1450	talk	...By the way, I'm also talking about solo karaoke in this context. Okay!?	...ว่าแต่ ฉันก็หมายถึงคาราโอเกะคนเดียว เหมือนกันนะในที่นี้ เข้าใจไหม!?
11-1451	talk	Hehe. Fine with me. As for what I meant, I'll just leave that up to your imagination.	เฮ่อๆ แล้วแต่คุณครับ ส่วนที่ผมหมายถึงอะไร เดี๋ยวผมปล่อยให้คุณจินตนาการ เอาเองแล้วกัน
11-1452	talk	...You're terrible, you know that?	...คุณนี่ร้ายจริงๆ รู้ไหม?
11-1453	talk	My turn now.	ตาผมแล้วครับ
11-1454	talk	I'm guessing you like men that are a little older?	ผมเดาว่าคุณคงชอบผู้ชายที่แก่ กว่านิดหน่อยสินะ?
11-1455	talk	Hmm, do I...?	หืม จริงเหรอ...?
11-1456	talk	So you do like older guys.	งั้นก็ชอบผู้ชายที่อายุเยอะกว่า จริงด้วยสิ
11-1457	talk	I like men who can do their job. So I guess I see that more in older guys.	ฉันชอบผู้ชายที่ทำงานเป็น เลยรู้สึกว่าผู้ชายอายุเยอะกว่า มักจะเป็นแบบนั้นมากกว่า
11-1458	talk	Then what about me? I'm older than you.	งั้นผมล่ะ? ผมก็อายุมากกว่าคุณนะ
11-1459	talk	I'm six years older than you, so I guess I have a chance too.	ผมแก่กว่าคุณ 6 ปี งั้นผมก็คงมีลุ้นเหมือนกันสิ
11-1460	talk	I'm sure that question violates the rules of our game in some way, so I can't answer it!	คำถามนี้ต้องผิดกติกาเกมของเราแน่ ๆ เลยตอบไม่ได้ค่ะ!
11-1461	talk	You won't even give me a hint? Dang.	ใบ้ให้หน่อยก็ไม่ได้เหรอ แย่จัง
11-1462	talk	Guess I'm up next.	คงถึงตาผมแล้วสินะ
11-1463	talk	You've done at least one job you'd rather not tell anybody.	คุณเคยทำงานอะไรบางอย่างที่ไม่ อยากบอกใครมาก่อน
11-1464	talk	...You mean a job I'm not exactly proud of?	...หมายถึงงานที่ฉันไม่ค่อยภูมิใจน่ะเหรอ?
11-1465	talk	Oh? You actually have?	โอ้? มีจริงด้วยเหรอ?
11-1466	talk	Well, it was something I couldn't tell my parents about.	ก็... เป็นเรื่องที่บอกพ่อแม่ไม่ได้น่ะค่ะ
11-1467	talk	What was it?	เรื่องอะไรเหรอ?
11-1468	talk	It wasn't sexual or anything like that...	ไม่ใช่เรื่องลามกอะไรแบบนั้นหรอกนะ...
11-1469	talk	But I was pretty much a stand-in hostess for one of my friends that got sick at the time.	แต่ตอนนั้นฉันไปเป็นตัวสำรอง โฮสเตสแทนเพื่อนที่ป่วยน่ะค่ะ
11-1470	talk	Mm. I can see how you wouldn't want to tell your parents.	อืม เข้าใจเลยว่าทำไมถึงบอกพ่อแม่ไม่ได้
11-1471	talk	What about you? Have you ever done a job you'd rather keep a secret?	แล้วคุณล่ะ? เคยทำงานที่อยากเก็บเป็นความลับ บ้างไหม?
11-1472	talk	Aha, so you have.	อ้อ งั้นก็มีจริงด้วยสิ
11-1473	talk	(The fake stakeout I did with Nanami-san the other day is exactly that...)	(การสะกดรอยปลอมที่ทำกับนานามิ ซังเมื่อวันก่อนนี่แหละที่ว่า...)
11-1474	talk	What kind of job was it?	งานอะไรเหรอ
11-1475	talk	Can't say. My profession requires me to keep things confidential.	บอกไม่ได้ครับ อาชีพผมต้องเก็บเป็นความลับ
11-1476	talk	I see... That's kind of a bummer.	งั้นเหรอ... น่าเสียดายจัง
11-1477	talk	It's my turn to guess.	คราวนี้ตาผมเดาบ้าง
11-1478	talk	You're actually not that good at cooking.	จริงๆแล้วเธอทำอาหารไม่ค่อยเก่งเลยนะ
11-1479	talk	Gee, thanks...	โธ่ ขอบคุณมากเลยนะ...
11-1480	talk	But you're right. I rarely cook for myself since I'm always at work.	แต่คุณพูดถูกนะ ฉันแทบไม่ได้ทำกับข้าวกินเองเลย เพราะยุ่งกับงานตลอด
11-1481	talk	I doubt I could make anything even close to edible...	คงทำอะไรที่กินได้จริง ๆ ไม่ได้หรอก...
11-1482	talk	I wouldn't mind eating something you made.	ผมไม่ว่าหรอกถ้าจะได้กินอะไรที่เธอทำ
11-1483	talk	Hah, well I'd certainly advise against it. Even a day-old bento at the bottom of the shelf would be a better choice.	ฮะ ถ้างั้นแนะนำว่าอย่าทำเลยดีกว่าค่ะ ต่อให้เป็นเบนโตะค้างคืนก้นชั้น วางก็ยังดีกว่า
11-1484	talk	Nonsense. The most important thing about home-cooked food is who made it. And since it's you, I consider it gourmet.	ไม่จริงหรอก สิ่งสำคัญที่สุดของอาหารทำเอง คือใครทำต่างหาก แล้วก็เพราะเป็นคุณทำ ผมถือว่าเป็นอาหารระดับเชฟเลยนะ
11-1485	talk	Yagami-san... You are too good at compliments, you know that?	ยากามิซัง... รู้ตัวไหมว่าคุณเก่งเรื่องชมคน เกินไปแล้ว?
11-1486	talk	I'm actually not much of a cook either. I end up going out instead of eating at home.	จริง ๆ ผมก็ทำกับข้าวไม่เก่งเหมือนกันครับ สุดท้ายก็ออกไปกินข้างนอกแทนตลอด
11-1487	talk	That sure gets expensive after a while...	แบบนั้นเดี๋ยวก็หมดเงินไปเยอะสิคะ...
11-1488	talk	Okay, my turn to guess.	เอาล่ะ ตาฉันเดาบ้าง
11-1489	talk	You regret quitting your job as a lawyer.	คุณเสียใจที่ลาออกจากงานทนายความ
11-1490	talk	...Actually, I don't regret it at all.	...จริง ๆ แล้วผมไม่เสียใจเลยสักนิด
11-1491	talk	Not even a tiny bit?	ไม่เสียใจแม้แต่นิดเดียวเลยเหรอ?
11-1492	talk	Nope. Detective work suits me much better.	ไม่เลยครับ งานนักสืบเหมาะกับผมมากกว่าเยอะ
11-1493	talk	Interesting. Especially coming from someone with enough brains and talent to pass the bar exam.	น่าสนใจนะ โดยเฉพาะจากคนที่ทั้งเก่งทั้ง มีพรสวรรค์พอจะสอบ เนติบัณฑิตผ่านด้วย
11-1494	talk	You really do carve your own path, don't you?	คุณนี่เดินตามทางของตัวเองจริง ๆ นะ
11-1495	talk	Yeah, I suppose I do. Guess I'm up now.	ใช่ ผมก็ว่างั้น เอาล่ะ ตาผมแล้ว
11-1496	talk	H-Hold on... I don't think I can drink... any more.	เ-เดี๋ยวก่อน... ฉันคงดื่มต่อไม่ไหวแล้วล่ะ...
11-1497	talk	Did the alcohol finally get to you?	เหล้าเล่นงานคุณแล้วสินะ?
11-1498	talk	...Yes. I feel like going any further would be... dangerous.	...ใช่ค่ะ รู้สึกว่าถ้าดื่มต่อไปอีกคงจะ... อันตราย
11-1499	talk	I'm slightly curious as to what you mean by that, but I'd rather let this end on a high note. So let's stop for today.	ผมอยากรู้เหมือนกันนะว่า หมายความว่ายังไง แต่ขอให้จบแบบสวย ๆ ดีกว่า วันนี้พอแค่นี้ก่อนแล้วกัน
11-1500	talk	Thank you, Yagami-san... You really are a nice guy.	ขอบคุณนะคะ ยากามิซัง... คุณเป็นคนดีจริง ๆ
11-1501	talk	...You know what?	...รู้อะไรไหม?
