id	bin	EN	TH
28-0001	mission_mission_kind	So, we have mutual interests, Fumiya Sugiura. He wants Kajihira, I want the Mole. That was enough for today, though...	งั้นเราก็มีผลประโยชน์ร่วมกันสินะ ฟูมิยะ ซุกิอุระ เขาต้องการคาจิฮิระ ผมต้องการไส้ศึก แต่วันนี้ก็คงพอแค่นี้แหละ...
28-0002	mission_mission_kind	Report to Genda	รายงานต่อเก็นดะ
28-0003	mission_mission_kind	Shintani was murdered, probably by the Mole. The question is why, though? This'll be hard to tell Genda-sensei...	ชินทานิถูกฆ่า น่าจะฝีมือของไส้ศึก คำถามคือทำไม? เรื่องนี้คงยากที่จะบอกอาจารย์เก็นดะ...
28-0004	mission_mission_kind	Rest up at Genda Law Office	พักผ่อนที่สำนักงานกฎหมายเก็นดะ
28-0005	mission_mission_kind	My office is still cordoned off by the cops. I'll crash at the old place tonight.	สำนักงานของผมยังถูกตำรวจปิดกั้นอยู่ คืนนี้ขอนอนที่ที่เก่าแล้วกัน
28-0006	mission_mission_kind	Head to Charles	ไปที่ชาร์ลส์
28-0007	mission_mission_kind	Shintani's last call was to the Advanced Drug Development Center. But why? I'll meet Hoshino-kun at Charles and get started on the answer.	สายสุดท้ายของชินทานิโทรไปที่ ศูนย์พัฒนายาขั้นสูง แต่ทำไมล่ะ? จะไปพบโฮชิโนะคุงที่ชาร์ลส์แล้ว เริ่มหาคำตอบกัน
28-0008	mission_mission_kind	Head to the ADDC	ไปที่ ADDC
28-0009	mission_mission_kind	Why did Shintani call them? I'll have to go there myself to find the answer.	ทำไมชินทานิถึงโทรไปหาพวกเขา? ผมต้องไปที่นั่นด้วยตัวเองเพื่อ หาคำตอบ
28-0010	mission_mission_kind	Head to the Reception Desk	ไปที่เคาน์เตอร์ต้อนรับ
28-0011	mission_mission_kind	This place hasn't changed at all...	ที่นี่ไม่เปลี่ยนไปเลยสักนิด...
28-0012	mission_mission_kind	Follow Terasawa	ตามเทราซาวะ
28-0013	mission_mission_kind	Our client, Okubo-kun, is still asserting he's innocent, so I'm going to be thorough. I'll start with the room of the victim, Waku-san.	ลูกความของเรา โอคุโบะคุง ยังคงยืนยันว่าตัวเองบริสุทธิ์ ผมเลยต้องทำให้ละเอียดที่สุด จะเริ่มจากห้องของผู้เสียชีวิต วาคุซัง
28-0014	mission_mission_kind	Investigate the Room	ตรวจสอบห้อง
28-0015	mission_mission_kind	If I'm done with the hospital room, then the next place would be...	ถ้าตรวจห้องผู้ป่วยเสร็จแล้ว ที่ต่อไปก็คือ...
28-0016	mission_mission_kind	I don't care what Shintani says, I choose to believe my client. Next I'll search the parking lot where the truck that carried the body parked. 	ไม่ว่าชินทานิจะพูดยังไง ผมเลือกที่จะเชื่อลูกความของตัวเอง ต่อไปจะไปตรวจลานจอดรถที่ รถบรรทุกซึ่งขนศพจอดไว้
28-0017	mission_mission_kind	Buy a Dress	ซื้อชุดเดรส
28-0018	mission_mission_kind	I wasn't expecting Hoshino to be so into this. Well, I better pick up a dress suitable for a hostess.	ไม่คิดว่าโฮชิโนะจะกระตือรือร้น กับเรื่องนี้ขนาดนี้ เอาล่ะ ต้องไปหาชุดเดรสที่เหมาะกับ โฮสเตสมาสักชุด
28-0019	mission_mission_kind	Head to Cherry	ไปที่เชอร์รี่
28-0020	mission_mission_kind	So Saori and Mafuyu were pretty close? Anyway, hair and makeup time. Let's hit that hair salon on Showa Street.	งั้นซาโอริกับมาฟุยุก็สนิทกัน พอสมควรสินะ? เอาล่ะ ได้เวลาทำผมแต่งหน้าแล้ว ไปที่ร้านทำผมบนถนนโชวะกันเลย
28-0021	mission_mission_kind	Speak with Genda	พูดคุยกับเก็นดะ
28-0022	mission_mission_kind	Genda-sensei looks really serious. That couldn't be good.	อาจารย์เก็นดะดูจริงจังมากเลย ท่าทางไม่ใช่เรื่องดีแน่
28-0023	mission_mission_kind	Defeat the Shady Men	เอาชนะกลุ่มคนน่าสงสัย
28-0024	mission_mission_kind	How dare they break the door!? I'm the one who's gonna get scolded by the landlady!	กล้าดียังไงมาพังประตู!? คนที่โดนเจ้าของบ้านด่าจะเป็นผม นะเนี่ย!
28-0025	mission_mission_kind	Defeat Kengo's Crew	เอาชนะพรรคพวกของเค็นโกะ
28-0026	mission_mission_kind	I was holding back to avoid causing trouble for Matsugane-san. But now I get to pay you back for all those times you kicked my ass, Kengo!	ผมออมมือไว้เพื่อไม่ให้ เป็นปัญหากับมัตสึกาเนะซัง แต่ตอนนี้ได้เวลาคืนหนี้ ทุกครั้งที่นายซัดผมแล้วนะ เค็นโกะ!
28-0027	mission_mission_kind	Escape the Matsugane Family	หนีจากตระกูลมัตสึกาเนะ
28-0028	mission_mission_kind	Not sticking around to face the barrel of a gun, thanks! I'll have to trust this guy!	ไม่รอเจอปากกระบอกปืนหรอกนะ ขอบใจ! คงต้องเชื่อใจคนนี้แล้วล่ะ!
28-0029	mission_mission_kind	Talk to the Receptionist	คุยกับพนักงานต้อนรับ
28-0030	mission_mission_kind	I'm a material witness? Does Kuroiwa seriously suspect me? Kido wants me out, but can I still get to Shono?	ผมเป็นพยานปากสำคัญเหรอ? คุโรอิวะสงสัยผมจริงจังขนาดนั้น เลยเหรอ? คิโดะอยากให้ผมออกไป แต่ผมยังพอจะเข้าถึงตัวโชโนะได้ไหมนะ?
28-0031	mission_mission_kind	Check the Directory	ตรวจสอบแผนผังอาคาร
28-0032	mission_mission_kind	The receptionist was no use. I'll find Shono some other way.	พนักงานต้อนรับช่วยอะไรไม่ได้เลย ต้องหาทางอื่นตามหาโชโนะแล้ว
28-0033	mission_mission_kind	Follow Hashimoto	ตามฮาชิโมโตะ
28-0034	mission_mission_kind	Hashimoto-san is on Shono's research staff. Good to see some diversity in the workforce.	ฮาชิโมโตะซังเป็นทีมวิจัยของโชโนะ ดีใจที่เห็นความหลากหลายในทีมงานบ้าง
28-0035	mission_mission_kind	Talk to Shono	คุยกับโชโนะ
28-0036	mission_mission_kind	I found him! I have to ask why Shintani called.	เจอเขาแล้ว! ต้องถามให้ได้ว่าทำไมชินทานิถึงโทรมา
28-0037	mission_mission_kind	Head to Koi Bride	ไปที่โคอิไบรด์
28-0038	mission_mission_kind	Sugiura works quick. I'll head to Koi Bride to get the details on Kajihira.	ซุกิอุระทำงานเร็วจริงๆ จะไปที่โคอิไบรด์เพื่อหา รายละเอียดเกี่ยวกับคาจิฮิระ
28-0039	mission_mission_kind	So Kajihira has a grudge against AD-9 for stalling the buyout. Interesting theory, but it's Hattori of all people who wrote it...	งั้นคาจิฮิระก็มีเรื่องบาดหมางกับ AD-9 เพราะทำให้การซื้อที่ดินล่าช้าสินะ ทฤษฎีน่าสนใจดี แต่คนที่เขียนมันคือฮัตโตริซะด้วยสิ...
28-0040	mission_mission_kind	Listen to Mafuyu	ฟังมาฟุยุ
28-0041	mission_mission_kind	Looks like I just missed Hattori. Bummer. But why is Mafuyu here?	ดูเหมือนผมจะพลาดเจอฮัตโตริไปเฉียดฉิว น่าเสียดาย แต่ทำไมมาฟุยุถึงมาอยู่ที่นี่ล่ะ?
28-0042	mission_mission_kind	Head to Honmaruen	ไปที่ฮนมารุเอ็น
28-0043	mission_mission_kind	Those Kyorei guys who tried to kidnap Mafuyu went to a cabaret club called Honmaruen. I've got you now.	พวกเคียวเรอิที่พยายามลักพาตัว มาฟุยุไปที่คาบาเรต์ฮนมารุเอ็น คราวนี้ได้ตัวแน่
28-0044	mission_mission_kind	It's been a while. Maybe Saori-san called the office, so I'll head there.	ไม่ได้เจอกันนานแล้ว บางทีซาโอริซังอาจโทรมาที่สำนักงาน เดี๋ยวไปที่นั่นดีกว่า
28-0045	mission_mission_kind	Saori-san is waiting for me at Tender. But damn, how do you score a date with a hostess that quick? I need tips.	ซาโอริซังรอผมอยู่ที่เทนเดอร์ แต่บ้าเอ๊ย จะนัดเดตกับโฮสเตสได้เร็วขนาด นั้นได้ยังไง? ผมต้องขอเคล็ดลับหน่อยแล้ว
28-0046	mission_mission_kind	I hope Saori-san isn't considering a career in cabarets after this... No way, right? I better walk her back to Genda Law Office all the same.	หวังว่าซาโอริซังจะไม่คิด เปลี่ยนอาชีพไปเป็นสาว คาบาเรต์หลังจากนี้นะ... ไม่มีทางใช่ไหม? ยังไงก็ควรเดินไปส่งเธอที่ สำนักงานกฎหมายเก็นดะดีกว่า
28-0047	mission_mission_kind	What a crazy day. But tomorrow's gonna be worse, when I meet Izumida on his home turf. Better rest up.	วันนี้บ้าบอจริงๆ แต่พรุ่งนี้จะแย่กว่านี้อีก ตอนที่ผมต้องไปเจออิซุมิดะใน ถิ่นของเขาเอง พักผ่อนไว้ดีกว่า
28-0048	mission_mission_kind	Take a Taxi to the Prosecutor's Office	นั่งแท็กซี่ไปที่สำนักงานอัยการ
28-0049	mission_mission_kind	Time for my meeting with Izumida. I have to defend myself, but will he even listen?	ได้เวลานัดพบอิซุมิดะแล้ว ผมต้องแก้ต่างให้ตัวเอง แต่เขาจะฟังบ้างไหมนะ?
28-0050	mission_mission_kind	Wait for Higashi to Call	รอสายจากฮิงาชิ
28-0051	mission_mission_kind	So Matsugane-san is on the Kyorei Clan's hit list too? He's somewhere safe though, so I'll need Higashi to organize the meeting.	งั้นมัตสึกาเนะซังก็ตกเป็นเป้า สังหารของ ตระกูลเคียวเรอิด้วยสินะ? แต่ตอนนี้เขาอยู่ในที่ปลอดภัยแล้ว ผมต้องให้ฮิงาชิช่วยจัดการนัดพบ
28-0052	mission_mission_kind	Head to Kamuro Kikunoya	ไปที่คามุโรคิคุโนยะ
28-0053	mission_mission_kind	Not a place I know, but I can meet Matsugane-san at Kamuro Kikunoya. He'll have my answers, though, so I better not keep him waiting. I'll take a taxi.	ไม่ใช่ที่ที่ผมรู้จัก แต่ผมสามารถไปพบมัตสึกาเนะซัง ได้ที่คามุโรคิคุโนยะ เขาจะมีคำตอบให้ผม ต้องรีบไปไม่ให้เขารอนาน จะเรียกแท็กซี่ไป
28-0054	mission_mission_kind	Find Tashiro	ตามหาทาชิโระ
28-0055	mission_mission_kind	Yep, only one guy dresses like that, so nobody's going to look too closely at the face, right? Better find the guy.	ใช่ มีคนเดียวเท่านั้นที่แต่งตัวแบบนั้น คงไม่มีใครสังเกตหน้ากันหรอกใช่ไหม? ต้องหาตัวเขาให้เจอ
28-0056	mission_mission_kind	Defeat Tashiro-kun	เอาชนะทาชิโระคุง
28-0057	mission_mission_kind	Are you shitting me? This is the outfit I have to wear?	ล้อเล่นกันแน่เหรอ? ต้องใส่ชุดนี้จริงๆ เหรอเนี่ย?
28-0058	mission_mission_kind	How'd I know this is how it'd turn out? Long as the wiretaps hold, I just need to clear a path out of here!	รู้ได้ยังไงกันว่ามันจะจบแบบนี้? ตราบใดที่เครื่องดักฟังยังทำงานอยู่ ผมแค่ต้องเปิดทางออกไปจากที่นี่!
28-0059	mission_mission_kind	Defeat the Gambler	เอาชนะนักพนัน
28-0060	mission_mission_kind	Why did I have to pick the most annoying guy to talk to...	ทำไมผมต้องเลือกคุยกับคนที่ น่ารำคาญที่สุดด้วยเนี่ย...
28-0061	mission_mission_kind	Chief Prosecutor Morita is more dangerous than he looks. But did Shintani really get shot with Ayabe's gun? I better meet up with Hoshino-kun at Genda Law Office to set something up with Ayabe.	หัวหน้าอัยการโมริตะอันตรายก ว่าที่เห็น แต่ชินทานิถูกยิงด้วยปืนของ อายาเบะจริงหรือ ผมควรไปเจอโฮชิโนะคุงที่ สำนักงานกฎหมายเก็นดะเพื่อนัด เรื่องกับอายาเบะ
28-0062	mission_mission_kind	I knew I could count on Hoshino-kun. I better catch a cab so I can discuss matters with Ayabe.	รู้อยู่แล้วว่าพึ่งโฮชิโนะคุงได้ ผมควรเรียกแท็กซี่ไปคุยเรื่อง กับอายาเบะ
28-0063	mission_mission_kind	Find a Way to Meet Matsugane	หาทางไปพบมัตสึกาเนะ
28-0064	mission_mission_kind	The Mole killed Shintani, and Hamura is the key. Maybe Matsugane-san might be able to track him down? Who do I know that's got an in with Matsugane-san?	ไส้ศึกฆ่าชินทานิ แล้วฮามุระคือกุญแจสำคัญ มัตสึกาเนะซังอาจตามหาตัวเขาได้ไหมนะ ผมรู้จักใครที่มีคอนเนกชันกับ มัตสึกาเนะซังบ้าง
28-0065	mission_mission_kind	Get a Wiretap from Tsukumo	ขอเครื่องดักฟังจากสึคุโมะ
28-0066	mission_mission_kind	Hamura has to be able to reach his boys. I need to set up a tap, and the guy for a job like that is Tsukumo. He should be in his usual internet café.	ฮามุระต้องติดต่อลูกน้องได้แน่ ผมต้องติดเครื่องดักฟัง แล้วคนที่เหมาะกับงานแบบนี้คือสึคุโมะ เขาน่าจะอยู่ที่ร้าน อินเทอร์เน็ตคาเฟ่ประจำ
28-0067	mission_mission_kind	Head to the Second Crime Scene	ไปที่ที่เกิดเหตุแห่งที่สอง
28-0068	mission_mission_kind	We need to learn more about the Mole, but he's practically invisible. Maybe I'll find some clues at a previous crime scene...	เราต้องรู้เรื่องไส้ศึกให้มากกว่านี้ แต่แทบไม่มีร่องรอยเลย บางทีอาจเจอเบาะแสที่ ที่เกิดเหตุก่อนหน้า...
28-0069	mission_mission_kind	What is the deal with those masked robbers? Eh, forget it. I should go check in with Genda-sensei.	พวกโจรสวมหน้ากากนั่นมันเรื่อง อะไรกันแน่ เอาเถอะ ช่างมันก่อน ผมควรไปหาอาจารย์เก็นดะ
28-0070	mission_mission_kind	Meet Kaito at Koi Bride	ไปพบไคโตะที่โคอิไบรด์
28-0071	mission_mission_kind	Meeting up at a fish pond? What kind of officer is Ayabe, anyway?	นัดเจอกันที่บ่อปลาเนี่ยนะ อายาเบะมันตำรวจแบบไหนกันแน่
28-0072	mission_mission_kind	Check the Counter	ตรวจดูที่เคาน์เตอร์
28-0073	mission_mission_kind	A test? Really? Wonder what's behind the counter...	บททดสอบเหรอ จริงดิ สงสัยจังว่าหลังเคาน์เตอร์มีอะไร...
28-0074	mission_mission_kind	Go Downstairs	ลงไปชั้นล่าง
28-0075	mission_mission_kind	Wow, an underground casino. The perfect place for a... cop?	โอ้โห บ่อนใต้ดิน สถานที่เหมาะเจาะสำหรับ... ตำรวจ?
28-0076	mission_mission_kind	Play a Few Rounds	เล่นสักสองสามตา
28-0077	mission_mission_kind	Might as well try to fit in while I wait.	ในเมื่อต้องรออยู่แล้ว ลองกลมกลืนไปกับที่นี่สักหน่อยดีกว่า
28-0078	mission_mission_kind	Ayabe got me some intel on the Mole. I should give it a closer look back at the office.	อายาเบะหาข่าวเรื่องไส้ศึกมาให้ผม ผมควรกลับไปดูให้ละเอียดที่ออฟฟิศ
28-0079	mission_mission_kind	Check the Intel	ตรวจดูข่าวกรอง
28-0080	mission_mission_kind	Did those guys attack me for what's in this envelope? It only makes me more curious.	พวกนั้นทำร้ายผมเพราะของในซองนี้เหรอ ยิ่งทำให้ผมอยากรู้เข้าไปใหญ่
28-0081	mission_mission_kind	Gather Intel at Konban Wife	หาข่าวที่ Konban Wife
28-0082	mission_mission_kind	Kunimura was the Mole's second victim, and he apparently hung out here. But Kaito isn't making this any easier...	คุนิมุระคือเหยื่อรายที่สองของไส้ศึก แล้วเขาก็เคยมาป้วนเปี้ยนอยู่แถวนี้ แต่ไคโตะไม่ได้ทำให้เรื่องนี้ ง่ายขึ้นเลย...
28-0083	mission_mission_kind	Head to the Matsugane Family Office	ไปที่สำนักงานตระกูลมัตสึกาเนะ
28-0084	mission_mission_kind	So Hamura knew everything... But I'm glad I wasn't completely off the mark. Maybe Matsugane-san can make this easier on me.	งั้นฮามุระก็รู้ทุกอย่าง... แต่ก็ดีใจที่ผมเดาไม่ผิดไปซะทั้งหมด บางทีมัตสึกาเนะซังอาจช่วยให้ เรื่องนี้ง่ายขึ้นก็ได้
28-0085	mission_mission_kind	Head to Café Alps	ไปที่คาเฟ่อัลป์ส
28-0086	mission_mission_kind	Hamura wants to meet up. Matsugane-san can't do anything, so it's time to take the bull by the horns.	ฮามุระอยากนัดเจอ ในเมื่อมัตสึกาเนะซังทำอะไรไม่ได้ ก็ถึงเวลาที่ผมต้องจัดการเองแล้ว
28-0087	mission_mission_kind	Take an Open Seat	นั่งที่ว่าง
28-0088	mission_mission_kind	Hamura's not here yet. Guess I'll wait.	ฮามุระยังไม่มา งั้นรอไปก่อนแล้วกัน
28-0089	mission_mission_kind	The Matsugane Family wants us dead. I've gotta warn Kaito-san!	ตระกูลมัตสึกาเนะต้องการ เอาชีวิตพวกเรา ผมต้องรีบเตือนไคโตะซัง!
28-0090	mission_mission_kind	Investigate Higashi	สืบเรื่องฮิงาชิ
28-0091	mission_mission_kind	Charles was just a spot for shady deals back when Kaito ran it. What does Higashi do there now?	ตอนที่ไคโตะดูแล ชาร์ลส์เป็นแค่ที่ทำธุรกิจใต้ดิน แล้วตอนนี้ฮิงาชิทำอะไรอยู่ ที่นั่นกันแน่
28-0092	mission_mission_kind	Report to Kaito	รายงานไคโตะ
28-0093	mission_mission_kind	It's been a year since 100 million yen got stolen from the Matsugane Family. What ever happened to the thief? I should fill Kaito-san in.	ผ่านมาปีนึงแล้วตั้งแต่เงิน 100 ล้านเยนถูกขโมยไปจากตระกูลมัตสึกาเนะ เกิดอะไรขึ้นกับโจรคนนั้นกันแน่ ผมควรเล่าให้ไคโตะซังฟัง
28-0094	mission_mission_kind	Maybe I can get some info from Ayabe about the Matsugane Family robbery last year.	บางทีผมอาจขอข้อมูลจากอายาเบะ เรื่องการปล้น ตระกูลมัตสึกาเนะเมื่อปีที่แล้วได้
28-0095	mission_mission_kind	Inquire about Red Nose	สอบถามเรื่องจมูกแดง
28-0096	mission_mission_kind	The robber that knocked off the Matsugane Family was a homeless guy called Red Nose. Maybe some homeless guys would know if he's even still alive...	โจรที่ปล้นตระกูลมัตสึกาเนะคือ คนไร้บ้านที่ชื่อจมูกแดง บางทีคนไร้บ้านคนอื่นอาจรู้ว่า เขายังมีชีวิตอยู่หรือเปล่า...
28-0097	mission_mission_kind	Head to Paradise VR	ไปที่ Paradise VR
28-0098	mission_mission_kind	These places pop up faster than I can keep track of them. I guess I'll do what I can to find out more about Red Nose.	ที่พวกนี้ผุดขึ้นเร็วกว่าที่ผม จะตามทันซะอีก เอาเถอะ ผมจะทำเท่าที่ทำได้เพื่อหา ข้อมูลเรื่องจมูกแดงเพิ่ม
28-0099	mission_mission_kind	Return to the Homeless Man	กลับไปหาชายไร้บ้าน
28-0100	mission_mission_kind	Not gonna lie, that was fun. I should swing by again when I have some time. But for now, it's back to the Shichifuku Parking Lot.	บอกตรง ๆ ว่าสนุกดี ผมควรแวะมาอีกตอนมีเวลา แต่ตอนนี้ต้องกลับไปที่ลานจอดรถ ชิจิฟุกุก่อน
28-0101	mission_mission_kind	A volunteer group runs a soup kitchen at the Children's Park. Maybe someone there would have some info on Red Nose.	มีกลุ่มอาสาสมัครแจกซุปอยู่ที่สวนเด็ก บางทีคนที่นั่นอาจมีข้อมูล เรื่องจมูกแดงบ้าง
28-0102	mission_mission_kind	Red Nose is long dead and, as it turns out, Higashi was looking for him. Could Higashi have killed him to return the missing money?	จมูกแดงตายไปนานแล้ว แล้วที่แท้ฮิงาชิก็ตามหาเขาอยู่ เป็นไปได้ไหมว่าฮิงาชิฆ่าเขา เพื่อเอาเงินที่หายไปคืนมา
28-0103	mission_mission_kind	Great, I've got the wiretap. Will Kaito-san have Sugiura with him? I'll wait at the office, I guess.	เยี่ยม ผมได้เครื่องดักฟังมาแล้ว ไคโตะซังจะพาซุกิอุระมาด้วยไหมนะ เอาเถอะ รอที่ออฟฟิศไปก่อนแล้วกัน
28-0104	mission_mission_kind	Tail the Detective	สะกดรอยนักสืบ
28-0105	mission_mission_kind	Wiretap the Matsugane Family	ดักฟังตระกูลมัตสึกาเนะ
28-0106	mission_mission_kind	I've got the tap and a perfect disguise. Just need to set it up now. And I swear, I'm gonna make Sugiura wear this crap when I'm done.	ผมมีเครื่องดักฟังกับชุดปลอมตัว ที่เพอร์เฟกต์แล้ว เหลือแค่ติดตั้งเท่านั้น แล้วผมสาบานได้ว่าเสร็จงานนี้ ต้องให้ซุกิอุระใส่ชุดบ้า ๆ นี่บ้าง
28-0107	mission_mission_kind	Head to Pink Street	ไปที่ถนนพิงก์สตรีท
28-0108	mission_mission_kind	I need to chase down that detective... I think he turned on Pink Street.	ผมต้องตามนักสืบคนนั้นให้ทัน... เขาน่าจะเลี้ยวเข้าไปในถนนพิงก์สตรีท
28-0109	mission_mission_kind	Get Info at L'Amant	หาข้อมูลที่ลามองต์
28-0110	mission_mission_kind	Hamura's been at a gambling hall? Problem is, those places never stay put to avoid police raids... So I better ask the experts.	ฮามุระไปโผล่ที่บ่อนพนันเหรอ ปัญหาคือที่พวกนั้นย้ายที่ตลอด เพื่อเลี่ยงตำรวจบุก... งั้นผมควรไปถามผู้เชี่ยวชาญดีกว่า
28-0111	mission_mission_kind	Find the Gambling Hall	หาบ่อนพนัน
28-0112	mission_mission_kind	A store with no signs in the Champion District? Shady as hell. And the password is... Uh, what was it again?	ร้านไม่มีป้ายในย่านแชมเปี้ยนเหรอ น่าสงสัยสุด ๆ แล้วรหัสผ่านคือ... เอ่อ อะไรนะ
28-0113	mission_mission_kind	Crash on the Sofa	นอนบนโซฟา
28-0114	mission_mission_kind	I could use some shuteye.	ผมอยากงีบสักหน่อย
28-0115	mission_mission_kind	Leave Amour	ออกจากคลับอามูร์
28-0116	mission_mission_kind	Looks like it's pretty clear that Hamura kidnapped Kume. But was Amour really the scene of the crime?	ดูเหมือนจะชัดแล้วว่าฮามุระ ลักพาตัวคุเมะ แต่คลับอามูร์คือที่เกิดเหตุ จริงหรือเปล่านะ
28-0117	mission_mission_kind	Matsugane-san should know where the Kyorei Clan is operating.	มัตสึกาเนะซังน่าจะรู้ว่า ตระกูลเคียวเรอิเคลื่อนไหวอยู่ ที่ไหน
28-0118	mission_mission_kind	Catch Up to Mafuyu	ตามให้ทันมาฟุยุ
28-0119	mission_mission_kind	Why are the yakuza tailing Mafuyu!? I need to catch up to her now!	ทำไมยากูซ่าถึงสะกดรอยตามมาฟุยุ!? ผมต้องตามเธอให้ทันเดี๋ยวนี้!
28-0120	mission_mission_kind	Defeat Honda	เอาชนะฮอนดะ
28-0121	mission_mission_kind	He seems a little better than Kasai... But that doesn't make him less of a pain in the ass. He'll pay for what he did to Kim-san!	เขาดูดีกว่าคาไซนิดหน่อย... แต่นั่นไม่ได้ทำให้เขากวนตีนน้อยลงเลย เขาต้องชดใช้สิ่งที่ทำกับคิมซัง!
28-0122	mission_mission_kind	Great timing, Kaito-san! These guys keep popping out of the woodwork!	จังหวะดีเลยไคโตะซัง! พวกนี้โผล่มาไม่หยุดเลย!
28-0123	mission_mission_kind	Wait for Saori to Get in Touch	รอซาโอริติดต่อกลับมา
28-0124	mission_mission_kind	The power of makeup is not to be underestimated. It's up to you now, Saori-san.	อย่าดูถูกพลังของเครื่องสำอางเชียว ตอนนี้ขึ้นอยู่กับซาโอริซังแล้ว
28-0125	mission_mission_kind	Capture the Matsugane Family Man	จับคนของตระกูลมัตสึกาเนะ
28-0126	mission_mission_kind	We went through all the trouble of luring them out, so we can't let the chance escape us!	อุตส่าห์ลำบากล่อพวกมันออกมาแล้ว จะปล่อยโอกาสนี้หลุดมือไปไม่ได้!
28-0127	mission_mission_kind	Defeat the Lookout	เอาชนะคนเฝ้ายาม
28-0128	mission_mission_kind	Sorry, but I don't have time for this. I've gotta get Kaito-san some medical attention!	ขอโทษนะ แต่ผมไม่มีเวลามาเสียกับเรื่องนี้ ผมต้องพาไคโตะซังไปหาหมอ!
28-0129	mission_mission_kind	Find Kaito	หาไคโตะ
28-0130	mission_mission_kind	So this is Hamura's hideout? I'm walking into the lion's den, but this time I'm the predator!	นี่คือที่ซ่อนของฮามุระเหรอ ผมกำลังเดินเข้าถ้ำเสือ แต่รอบนี้ผมคือนักล่า!
28-0131	mission_mission_kind	I need to help Kaito-san, but first I've gotta settle this. Hamura's gonna talk!	ผมต้องช่วยไคโตะซัง แต่ก่อนอื่นต้องจัดการเรื่องนี้ ให้จบก่อน ฮามุระต้องปากคำ!
28-0132	mission_mission_kind	Chase Kuroiwa	ไล่ตามคุโรอิวะ
28-0133	mission_mission_kind	So the Health Ministry is cutting the Mole off. But I can't let them erase the only human evidence!	งั้นกระทรวงสาธารณสุขกำลังตัด หางไส้ศึกทิ้งสินะ แต่ผมปล่อยให้พวกมันลบหลักฐาน มนุษย์ชิ้นเดียวที่มีไม่ได้!
28-0134	mission_mission_kind	You're cornered, Kuroiwa, and you can't have Shono! I'll give you what you can have... An ass-kicking and a lifetime of regrets after you confess to everything!	นายจนมุมแล้ว คุโรอิวะ แล้วนายเอาตัวโชโนะไปไม่ได้! ผมจะให้สิ่งที่นายเอาไปได้แทน... โดนอัดจนน่วมกับความเสียใจไปทั้งชีวิต หลังจากที่นายสารภาพทุกอย่าง!
28-0135	mission_mission_kind	Question Hamura	ซักถามฮามุระ
28-0136	mission_mission_kind	I finally have Hamura. It's time he told me everything about this case, starting with the Mole!	ในที่สุดผมก็จับฮามุระได้ ถึงเวลาที่เขาต้องบอกผมทุกอย่าง เกี่ยวกับคดีนี้ เริ่มจากเรื่องไส้ศึก!
28-0137	mission_mission_kind	I know who the Mole is, but now Matsugane-san is... Damn it! How many people have to die before he's satisfied!?	ผมรู้แล้วว่าไส้ศึกคือใคร แต่ตอนนี้มัตสึกาเนะซังกลับ... บ้าเอ๊ย! ต้องมีคนตายอีกกี่คนกว่าไอ้นี่จะพอใจ!?
28-0138	mission_mission_kind	This is far from over, but I'm useless if I'm tired. I'll sleep for now.	เรื่องนี้ยังห่างไกลจากจบ แต่ถ้าผมเหนื่อยเกินไปก็ไม่มีประโยชน์ นอนพักไปก่อนดีกว่า
28-0139	mission_mission_kind	The Mole already killed again? This time the victim was of the Kyorei Clan.	ไส้ศึกลงมือฆ่าอีกแล้วเหรอ รอบนี้เหยื่อเป็นคนของตระกูลเคียวเรอิ
28-0140	mission_mission_kind	I need evidence to prove Ayabe is innocent before his trial starts. But this might be all I can do today.	ผมต้องหาหลักฐานพิสูจน์ว่า อายาเบะบริสุทธิ์ก่อนที่ การพิจารณาคดีจะเริ่ม แต่วันนี้คงทำได้แค่นี้แหละ
28-0141	mission_mission_kind	I'm surprised Hattori believed me so easily. But I still need evidence to win the trial, so for now I'll work with Chairman Kajihira. But first, Kaito-san.	แปลกใจที่ฮัตโตริเชื่อผมง่ายขนาดนี้ แต่ผมยังต้องการหลักฐานเพื่อชนะคดี ตอนนี้เลยต้องทำงานร่วมกับ ประธานคาจิฮิระไปก่อน แต่ก่อนอื่นต้องไปหาไคโตะซัง
28-0142	mission_mission_kind	I'm glad Kaito-san is okay. Better meet Chairman Kajihira at Kamuro Kikunoya for now.	ดีใจที่ไคโตะซังปลอดภัย ตอนนี้ควรไปพบประธานคาจิฮิระที่ คามุโรคิคุโนยะก่อนดีกว่า
28-0143	mission_mission_kind	So Kido, the ADDC's director, is a skirt chasing asshole, huh? Maybe Saori-san would be willing to pitch in again.	งั้นคิโดะ ผู้อำนวยการ ADDC เป็นไอ้เจ้าชู้สารเลวสินะ บางทีซาโอริซังอาจยอมช่วย อีกครั้งก็ได้
28-0144	mission_mission_kind	Recruit Saori Again	ชวนซาโอริมาช่วยอีกครั้ง
28-0145	mission_mission_kind	I need Saori-san to lower Kido's guard long enough for me to learn the truth. But will she agree?	ผมต้องให้ซาโอริซังลดการ์ดคิโดะ ให้นานพอที่ผมจะรู้ความจริง แต่เธอจะยอมไหมนะ
28-0146	mission_mission_kind	Meet up with Sugiura	ไปพบซุกิอุระ
28-0147	mission_mission_kind	Couldn't have asked for better from Saori-san. How do I get her to come work for me...? Anyway, Sugiura and the others are waiting at the batting cages.	ซาโอริซังทำได้ดีเกินคาดจริง ๆ จะชวนเธอมาทำงานกับผมยังไงดีนะ...? เอาเถอะ ตอนนี้ซุกิอุระกับคนอื่น ๆ รออยู่ที่สนามซ้อมตี
28-0148	mission_mission_kind	Question Kido	ซักถามคิโดะ
28-0149	mission_mission_kind	This is how you reduce a director to a whimpering pile of shit. I better ask all the questions I need before I get interrupted.	นี่แหละวิธีทำให้ผู้อำนวยการ กลายเป็นขี้แพ้ร้องไห้โฮ ผมควรถามทุกอย่างที่ต้องรู้ก่อน จะมีคนมาขัดจังหวะ
28-0150	mission_mission_kind	Head to the Millennium Tower	ไปที่มิลเลนเนียมทาวเวอร์
28-0151	mission_mission_kind	Shono's lab... Why would it be in Kamurocho? Ishimatsu must know where it is, so I'll stake out the Millennium Tower for him.	แล็บของโชโนะ... ทำไมต้องอยู่ในคามุโรโจด้วยนะ อิชิมัตสึต้องรู้แน่ว่าอยู่ไหน ผมจะไปดักรออยู่ที่ มิลเลนเนียมทาวเวอร์เพื่อรอเขา
28-0152	mission_mission_kind	Enter the Batting Center	เข้าไปในศูนย์ฝึกตี
28-0153	mission_mission_kind	Kido showed up, right on cue. Must not want that video going public.	คิโดะโผล่มาพอดิบพอดีเลย คงไม่อยากให้คลิปนั้นแพร่ออกไปแน่ ๆ
28-0154	mission_mission_kind	Mafuyu is being watched, and she's been targeted by the Kyorei Clan before. This time, I'll be with her. I better hurry over to Tender.	มาฟุยุถูกจับตามอง แล้วเธอเคยตกเป็นเป้าของ ตระกูลเคียวเรอิมาก่อนด้วย รอบนี้ผมจะอยู่กับเธอเอง ต้องรีบไปที่เทนเดอร์แล้ว
28-0155	mission_mission_kind	Escort Mafuyu	คุ้มกันมาฟุยุ
28-0156	mission_mission_kind	Sounds like Chief Prosecutor Morita has a complex past. I need to get Mafuyu safely to the Children's Park where we'll meet the detective from that case.	ดูเหมือนหัวหน้าอัยการโมริตะจะ มีอดีตที่ซับซ้อนอยู่ไม่น้อย ผมต้องพามาฟุยุไปให้ถึงสวนเด็ก อย่างปลอดภัยเพื่อไปพบ นักสืบจากคดีนั้น
28-0157	mission_mission_kind	So that detective used to be a cop... Not that I have any room to talk. Let's get to Genda Law Office.	งั้นนักสืบคนนั้นเคยเป็นตำรวจมา ก่อนสินะ... ก็ไม่ใช่ว่าผมจะมีสิทธิ์พูดอะไรหรอกนะ ไปที่สำนักงานกฎหมายเก็นดะกันเถอะ
28-0158	mission_mission_kind	Walk Mafuyu to a Taxi	พามาฟุยุไปขึ้นแท็กซี่
28-0159	mission_mission_kind	Never figured I'd be standing in court again. Here's my stage to prove Ayabe and Okubo-kun innocent. And this is one show I have to perform flawlessly!	ไม่คิดเลยว่าจะได้กลับมายืนใน ศาลอีกครั้ง นี่คือเวทีของผมในการพิสูจน์ว่า อายาเบะกับโอคุโบะคุงบริสุทธิ์ แล้วรอบนี้ผมต้องแสดงให้ไร้ที่ติ!
28-0160	mission_mission_kind	What does Izumida want with Mafuyu? He may be on Chief Prosecutor Morita's side, too. I better meet him in her place.	อิซุมิดะต้องการอะไรจากมาฟุยุกันแน่ เขาอาจอยู่ฝ่ายเดียวกับ หัวหน้าอัยการโมริตะก็ได้ ผมควรไปพบเขาแทนเธอดีกว่า
28-0161	mission_mission_kind	I was wrong about Izumida. He's an ass, but even asses have hearts. Thanks to him, we can drag Ichinose to court. Tomorrow's a new day.	ผมเข้าใจอิซุมิดะผิดไป เขาเป็นไอ้งั่งก็จริง แต่ต่อให้เป็นไอ้งั่งก็ยังมีใจ อยู่บ้าง ต้องขอบคุณเขาที่ทำให้เราลาก อิจิโนเสะขึ้นศาลได้ พรุ่งนี้คือวันใหม่แล้ว
28-0162	mission_mission_kind	The Matsugane Family thing is partially on me. I need to get this sorted.	เรื่องตระกูลมัตสึกาเนะ ส่วนหนึ่งก็เป็นความผิดของผม ผมต้องจัดการให้เรียบร้อย
28-0163	mission_mission_kind	The defense needs testimony from Kido to make this work. But I need him to do it willingly. I better head to the ADDC. Sorry, no time for appointments.	ฝ่ายจำเลยต้องการคำเบิกความจาก คิโดะให้เรื่องนี้สำเร็จ แต่ผมต้องการให้เขายอมเบิกความ ด้วยความเต็มใจ ผมควรไปที่ ADDC ก่อน ขอโทษนะ ไม่มีเวลานัดหมายล่วงหน้าแล้ว
28-0164	mission_mission_kind	Head to the Detention Center	ไปที่ศูนย์กักขัง
28-0165	mission_mission_kind	Now that everything about Sugiura is out in the open, he can drop his grudge against Okubo-kun. I should let him know.	ตอนนี้ทุกอย่างเกี่ยวกับ ซุกิอุระถูกเปิดเผยหมดแล้ว เขาน่าจะเลิกแค้นโอคุโบะคุงได้แล้ว ผมควรบอกให้เขารู้
28-0166	mission_mission_kind	Everything's ready to start the trial. I'll head to Genda Law Office.	ทุกอย่างพร้อมเริ่มการพิจารณาคดีแล้ว ผมจะไปที่สำนักงานกฎหมายเก็นดะ
28-0167	mission_mission_kind	Chief Prosecutor Morita's at L'Amant. I should go say hi.	หัวหน้าอัยการโมริตะอยู่ที่ลามองต์ ผมควรไปทักทายหน่อย
28-0168	mission_mission_kind	Stand in Court	ขึ้นศาล
28-0169	mission_mission_kind	It's time. We're going to settle this, once and for all.	ถึงเวลาแล้ว เราจะจบเรื่องนี้ให้เด็ดขาดสักที
28-0170	mission_mission_kind	Head to Kyushu No. 1 Star	ไปที่ คิวชูนัมเบอร์วันสตาร์
28-0171	mission_mission_kind	So, Hattori knows about AD-9? I hate having to ask him for anything... especially politely.	งั้นฮัตโตริรู้เรื่อง AD-9 เหรอ ผมเกลียดที่ต้องขออะไรจากเขา... โดยเฉพาะแบบสุภาพ ๆ
28-0172	mission_mission_kind	Review the Case at the Office	ทบทวนคดีที่ออฟฟิศ
28-0173	mission_mission_kind	Shono is the researcher behind AD-9. If I can piece together what I know so far, I'm sure I'll figure something out.	โชโนะคือนักวิจัยเบื้องหลัง AD-9 ถ้าผมรวบรวมสิ่งที่รู้มาทั้งหมดได้ ผมมั่นใจว่าต้องคิดออกแน่
28-0174	mission_mission_kind	Keep Organizing the Information	จัดระเบียบข้อมูลต่อไป
28-0175	mission_mission_kind	If the Mole is murdering Shono's human experiments... Could Waku's murder have been for the same reason? Just a thought, but...	ถ้าไส้ศึกกำลังฆ่า หนูทดลองมนุษย์ของโชโนะอยู่... การฆาตกรรมวาคุจะเป็นเหตุผล เดียวกันได้ไหมนะ แค่ความคิดหนึ่งเท่านั้นแหละ แต่...
28-0176	mission_mission_kind	If Okubo-kun is really innocent of the murder three years ago, then it's possible Waku-san was also a human experiment. I need to face that case again in Genda-sensei's files.	ถ้าโอคุโบะคุงบริสุทธิ์จริงจาก คดีฆาตกรรมเมื่อสามปีก่อน ก็เป็นไปได้ว่าวาคุซังก็เป็น หนูทดลองมนุษย์เหมือนกัน ผมต้องกลับไปเผชิญหน้ากับคดี นั้นอีกครั้งในแฟ้มของ อาจารย์เก็นดะ
28-0177	mission_mission_kind	Investigate the Terasawa Case	สืบสวนคดีเทราซาวะ
28-0178	mission_mission_kind	It's not just Waku-san's case. It's Emi-chan's murder too. I have to read all this thoroughly before I meet with Okubo-kun.	ไม่ใช่แค่คดีของวาคุซัง แต่ยังมีคดีฆาตกรรมเอมิจังด้วย ผมต้องอ่านทั้งหมดนี้อย่าง ละเอียดก่อนไปพบโอคุโบะคุง
28-0179	mission_mission_kind	Get a Taxi on West Shichifuku Street	เรียกแท็กซี่บนถนนชิจิฟุกุฝั่งตะวันตก
28-0180	mission_mission_kind	Hoshino-kun is waiting to grab a cab to the Tokyo Detention Facility on Shichifuku Street.	โฮชิโนะคุงรออยู่เพื่อเรียกแท็กซี่ไป ศูนย์กักขังโตเกียวที่ถนนชิจิฟุกุ
28-0181	mission_mission_kind	Okubo-kun has been innocent the whole time. But I didn't believe him. Damn it! I need to cool off at Tender.	โอคุโบะคุงบริสุทธิ์มาตลอด แต่ผมกลับไม่เชื่อเขา บ้าเอ๊ย! ผมต้องไปสงบสติที่เทนเดอร์
28-0182	mission_mission_kind	Hamura has me in his sights. I'd rather lay low, but we're meeting at KJ Art? You sure this is a good idea, Kaito-san?	ฮามุระจับตาผมอยู่ ผมอยากหลบเงียบ ๆ มากกว่า แต่จะนัดเจอกันที่ KJ Art เนี่ยนะ ไคโตะซังแน่ใจเหรอว่านี่เป็น ความคิดที่ดี
28-0183	mission_mission_kind	I have to confront Shono directly. I'll stake out the lobby until he shows himself.	ผมต้องเผชิญหน้ากับโชโนะโดยตรง ผมจะดักรออยู่ที่ล็อบบี้จนกว่า เขาจะโผล่มา
28-0184	mission_mission_kind	Find Shono	หาโชโนะ
28-0185	mission_mission_kind	This place always feels massive. I hope I can find Shono...	ที่นี่รู้สึกใหญ่โตทุกครั้งเลย หวังว่าผมจะหาโชโนะเจอนะ...
28-0186	mission_mission_kind	Find a Way to Meet Shono	หาทางไปพบโชโนะ
28-0187	mission_mission_kind	Vice Minister Ichinose is a tricky devil. But I'm not going to just roll over. What now?	รองปลัดฯ อิจิโนเสะเป็นปีศาจเจ้าเล่ห์จริง ๆ แต่ผมไม่มีทางยอมแพ้ง่าย ๆ หรอก ตอนนี้ต้องทำยังไงต่อดี
28-0188	mission_mission_kind	Go Outside	ออกไปข้างนอก
28-0189	mission_mission_kind	Looks like I can sneak in through the parking lot underground. I'll go scout out a route.	ดูเหมือนผมจะแอบเข้าไปทาง ลานจอดรถใต้ดินได้ ผมจะไปสำรวจเส้นทางดูก่อน
28-0190	mission_mission_kind	Verify the Infiltration Route	ตรวจสอบเส้นทางแทรกซึม
28-0191	mission_mission_kind	This is the parking lot I was in three years ago. Both Shintani and Emi-chan are gone now...	นี่คือลานจอดรถที่ผมเคยมาเมื่อ สามปีก่อน ตอนนี้ทั้งชินทานิและเอมิจังจากไปแล้ว...
28-0192	mission_mission_kind	Scout the Matsugane Family Office	สำรวจสำนักงานตระกูลมัตสึกาเนะ
28-0193	mission_mission_kind	Where is Hamura now? No way he's still gambling. I'll hit the office with the drone.	ตอนนี้ฮามุระอยู่ไหนกันแน่ ไม่มีทางที่เขาจะยังเล่นพนันอยู่หรอก ผมจะใช้โดรนสำรวจที่สำนักงาน
28-0194	mission_mission_kind	Lure the Matsugane Family Out	ล่อตระกูลมัตสึกาเนะออกมา
28-0195	mission_mission_kind	If I want to get Hamura out, I'll need to make a scene in the city. But how?	ถ้าอยากให้ฮามุระออกมา ผมต้องสร้างเรื่องใหญ่ในเมือง แต่จะทำยังไงดีนะ
28-0196	mission_mission_kind	Head to the Soleil Building	ไปที่ตึกโซเลย์
28-0197	mission_mission_kind	So Hamura's not below pointing a gun even at Matsugane-san, huh? And Kaito is injured, too. I'm coming for you, Hamura!	งั้นฮามุระไม่ลังเลที่จะเอาปืน จ่อมัตสึกาเนะซังด้วยสินะ แล้วไคโตะก็บาดเจ็บด้วย ผมจะไปหานายแล้ว ฮามุระ!
28-0198	mission_mission_kind	Head to Mantai Internet Café	ไปที่ร้านอินเทอร์เน็ตคาเฟ่มันไท
28-0199	mission_mission_kind	When it comes to finding people, nobody beats this guy. He hangs out at an internet café in Theater Square.	เรื่องตามหาคน ไม่มีใครเก่งกว่าคนนี้แล้ว เขาชอบไปนั่งเล่นที่ร้าน อินเทอร์เน็ตคาเฟ่ใน เธียเตอร์สแควร์
28-0200	mission_mission_kind	I'll meet up with Ayabe at my office tomorrow. I better have the 100,000 yen fee ready before then.	พรุ่งนี้ผมจะไปพบอายาเบะที่ออฟฟิศ ผมควรเตรียมค่าธรรมเนียม 100,000 เยนให้พร้อมก่อนถึงตอนนั้น
28-0201	mission_mission_kind	Tail Higashi	สะกดรอยฮิงาชิ
28-0202	mission_mission_kind	What happened to Higashi over the last year? Learning where he goes is a start.	เกิดอะไรขึ้นกับฮิงาชิในช่วงปี ที่ผ่านมา รู้ว่าเขาไปไหนก็เป็นจุดเริ่มต้นที่ดี
28-0203	mission_mission_kind	Meet with Murase	ไปพบมุราเสะ
28-0204	mission_mission_kind	Lucky me. Shioya's not here right now. Better head to Murase's room.	โชคดีจัง ชิโอยะไม่อยู่ตอนนี้พอดี ไปที่ห้องของมุราเสะดีกว่า
28-0205	mission_mission_kind	Defeat the Shakedown Yakuza	เอาชนะยากูซ่ารีดไถ
28-0206	mission_mission_kind	What a pain in the ass. Maybe they'll shut up if I hit them enough.	กวนตีนจริง ๆ บางทีถ้าซัดพวกมันให้พออาจจะยอม หุบปากก็ได้
28-0207	mission_mission_kind	Scout Out KJ Art with the Drone	สำรวจ KJ Art ด้วยโดรน
28-0208	mission_mission_kind	I'll use the drone to check the situation at KJ Art. If Murase's there, this'll be easier.	ผมจะใช้โดรนตรวจดูสถานการณ์ที่ KJ Art ถ้ามุราเสะอยู่ที่นั่น เรื่องนี้จะง่ายขึ้นเยอะ
28-0209	mission_mission_kind	Defeat the Police	เอาชนะตำรวจ
28-0210	mission_mission_kind	This goes all the way to the top! But if I don't stop Kuroiwa, Shono's as good as dead! I'm sorry, officers!	เรื่องนี้โยงไปถึงคนระดับบนสุดเลย! แต่ถ้าผมไม่หยุดคุโรอิวะ โชโนะตายแน่! ขอโทษนะครับเจ้าหน้าที่!
28-0211	mission_mission_kind	Break Through	ฝ่าไปให้ได้
28-0212	mission_mission_kind	Mission Test	ทดสอบภารกิจ
28-0213	mission_mission_kind	Catch the Panty Thief	จับโจรขโมยกางเกงใน
28-0214	mission_mission_kind	Meet the Client at M Side Cafe	ไปพบลูกความที่เอ็ม ไซด์ คาเฟ่
28-0215	mission_mission_kind	The clients, two siblings, are at M Side Cafe.	ลูกความสองพี่น้องอยู่ที่เอ็ม ไซด์ คาเฟ่
28-0216	mission_mission_kind	Buy Some Panties	ซื้อกางเกงใน
28-0217	mission_mission_kind	I need to buy panties at Le Marche. Should be red or black lace with a decorative ribbon. This'll be fun.	ผมต้องไปซื้อกางเกงในที่เลอมาร์เช่ ต้องเป็นลูกไม้สีแดงหรือดำที่มี โบตกแต่ง งานนี้สนุกแน่
28-0218	mission_mission_kind	Set the Panty Bait	วางเหยื่อล่อกางเกงใน
28-0219	mission_mission_kind	The panty bait needs to go on the roof, but the upper floors are locked. I'll have to sneak in.	เหยื่อล่อกางเกงในต้องเอาไปวาง บนดาดฟ้า แต่ชั้นบนถูกล็อกไว้ ผมต้องแอบเข้าไป
28-0220	mission_mission_kind	Head to the GPS Source	ไปยังจุดสัญญาณ GPS
28-0221	mission_mission_kind	Panty Professor fell right into my trap. I can track his location now.	ศาสตราจารย์กางเกงในติดกับผมพอดี ตอนนี้ผมตามตำแหน่งเขาได้แล้ว
28-0222	mission_mission_kind	Let's Chat About a Pervert	มาคุยกันเรื่องโรคจิตกันหน่อย
28-0223	mission_mission_kind	Yosuke wants me to meet him at M Side Cafe.	โยสึเกะอยากให้ผมไปพบเขาที่เอ็ม ไซด์ คาเฟ่
28-0224	mission_mission_kind	Find Judge Creep 'n Peep in the Hotel District.	หาผู้พิพากษาจอมถ้ำมองในย่านโรงแรม
28-0225	mission_mission_kind	So this creep sticks to the Hotel District walls? ...Sure. I'll believe anything at this point.	งั้นไอ้จอมถ้ำมองนี่ชอบเกาะ กำแพงในย่านโรงแรมสินะ... ก็ได้ ป่านนี้เชื่ออะไรก็ได้ทั้งนั้นแหละ
28-0226	mission_mission_kind	Defeat Judge Creep 'n Peep	เอาชนะผู้พิพากษาจอมถ้ำมอง
28-0227	mission_mission_kind	This guy's wearing protective googles! Will they stop me?	ไอ้นี่ใส่แว่นตากันกระแทกด้วย! จะกันผมได้จริงเหรอ?
28-0228	mission_mission_kind	Head to the Back Alley	ไปที่ตรอกหลัง
28-0229	mission_mission_kind	Tsukino-chan's scream came from behind Public Park 3. There's a shortcut over this wall!	เสียงกรีดร้องของสึกิโนะจัง มาจากด้านหลังสวนสาธารณะ 3 มีทางลัดข้ามกำแพงนี้ไปได้!
28-0230	mission_mission_kind	Head to the Hotel District	ไปที่ย่านโรงแรม
28-0231	mission_mission_kind	Giant Impact will probably be in the Hotel District. I should stake it out.	ไจแอนต์อิมแพ็กต์น่าจะอยู่แถว ย่านโรงแรม ผมควรไปดักรอดู
28-0232	mission_mission_kind	Search for Giant Impact	ค้นหาไจแอนต์อิมแพ็กต์
28-0233	mission_mission_kind	Tail the Man Resembling Giant Impact	สะกดรอยชายที่คล้ายไจแอนต์อิมแพ็กต์
28-0234	mission_mission_kind	Tail Giant Impact	สะกดรอยไจแอนต์อิมแพ็กต์
28-0235	mission_mission_kind	Request from a Book Publisher	คำร้องจากสำนักพิมพ์
28-0236	mission_mission_kind	Meet the Client at Mijore	ไปพบลูกความที่มิโจเระ
28-0237	mission_mission_kind	The client is waiting at Mijore. He's apparently a normal-looking guy in a suit.	ลูกความรออยู่ที่มิโจเระ ดูเหมือนจะเป็นผู้ชายหน้าตา ธรรมดาใส่สูท
28-0238	mission_mission_kind	Talk to Kuwada-san	ไปคุยกับคาวาดะซัง
28-0239	mission_mission_kind	I should speak with Kawada when I'm ready.	ผมควรไปคุยกับคาวาดะเมื่อพร้อมแล้ว
28-0240	mission_mission_kind	Solve the Safe Code	ไขรหัสตู้เซฟ
28-0241	mission_mission_kind	I've got to solve this tricky problem for my client. Sounds fun?	ผมต้องไขปัญหาแสนกวนใจนี้ให้ลูกความ ฟังดูสนุกดีเนอะ?
28-0242	mission_mission_kind	Return With Kawada-san	กลับไปหาคาวาดะซัง
28-0243	mission_mission_kind	I'll let Kawada-san know when I'm ready to take a crack at the code.	ผมจะบอกคาวาดะซังเมื่อพร้อมลอง ไขรหัสแล้ว
28-0244	mission_mission_kind	Another Publishing Request	คำร้องจากสำนักพิมพ์อีกครั้ง
28-0245	mission_mission_kind	The client is waiting at Café Mijore.	ลูกความรออยู่ที่คาเฟ่มิโจเระ
28-0246	mission_mission_kind	Speak with Kawada	คุยกับคาวาดะ
28-0247	mission_mission_kind	I've got to solve this tricky problem for my client. Again.	ผมต้องไขปัญหาแสนกวนใจนี้ให้ ลูกความอีกแล้ว
28-0248	mission_mission_kind	A Final Event	เหตุการณ์สุดท้าย
28-0249	mission_mission_kind	Kawada-san is waiting at Café Mijore.	คาวาดะซังรออยู่ที่คาเฟ่มิโจเระ
28-0250	mission_mission_kind	I've got to solve this tricky problem for my client. I hope this is it.	ผมต้องไขปัญหาแสนกวนใจนี้ให้ลูกความ หวังว่าครั้งนี้จะเป็นครั้งสุดท้าย
28-0251	mission_mission_kind	Head to Heavy Coffee	ไปที่เฮฟวี่คอฟฟี่
28-0252	mission_mission_kind	I'll stake out Heavy Coffee on Taihei Boulevard until Taguchi-san's husband shows up.	ผมจะดักรอที่เฮฟวี่คอฟฟี่บน ถนนไทเฮจนกว่าสามีของทากูจิ ซังจะโผล่มา
28-0253	mission_mission_kind	A Sexual Harassment Investigation	การสืบสวนคดีคุกคามทางเพศ
28-0254	mission_mission_kind	The client is waiting at Café Mijore. She's apparently a black-haired woman with large breasts. I should probably try not to focus on that last detail.	ลูกความรออยู่ที่คาเฟ่มิโจเระ ดูเหมือนจะเป็นผู้หญิงผมดำหน้าอกใหญ่ ผมคงต้องพยายามไม่จดจ่อกับ รายละเอียดหลังสุดนั่นดีกว่า
28-0255	mission_mission_kind	Head to Isetani Trading Company	ไปที่บริษัทการค้าอิเซทานิ
28-0256	mission_mission_kind	Isetani Trading Company should be on the fourth floor of the building on Senryo Avenue with Nyan Nyan Cat Café in it. I've gotta see what's going on in the office.	บริษัทการค้าอิเซทานิน่าจะอยู่ ชั้นสี่ของตึกบน ถนนเซ็นเรียวที่มีร้าน คาเฟ่เนียนเนียนอยู่ ผมต้องไปดูว่าเกิดอะไรขึ้นใน ออฟฟิศนั้น
28-0257	mission_mission_kind	Buy Janitor Clothes	ซื้อชุดภารโรง
28-0258	mission_mission_kind	If I can get my hands on a janitor's outfit, I can infiltrate Isetani Trading.	ถ้าผมหาชุดภารโรงมาได้ ผมก็จะแทรกซึมเข้าไปใน บริษัทการค้าอิเซทานิได้
28-0259	mission_mission_kind	Infiltrate Isetani Trading Company	แทรกซึมบริษัทการค้าอิเซทานิ
28-0260	mission_mission_kind	I need to put on a disguise before heading into Isetani Trading Co.	ผมต้องปลอมตัวก่อนเข้าไปใน บริษัทการค้าอิเซทานิ
28-0261	mission_mission_kind	Figure Out How to Photograph the Office	หาวิธีถ่ายภาพในออฟฟิศ
28-0262	mission_mission_kind	I got kicked out... But maybe there's a way to get an eye inside?	ผมโดนไล่ออกมาซะแล้ว... แต่บางทีอาจมีวิธีสอดส่องเข้าไป ข้างในได้นะ
28-0263	mission_mission_kind	Observe the Office	สังเกตการณ์ในออฟฟิศ
28-0264	mission_mission_kind	Go Outside to Get a Better View	ออกไปข้างนอกเพื่อมุมมองที่ดีขึ้น
28-0265	mission_mission_kind	I'm worried about Miyamoto-san meeting Iseya by herself. I should see if the drone can help me out here.	ผมเป็นห่วงมิยาโมโตะซังที่ต้อง ไปพบอิเซยะคนเดียว ผมควรดูว่าโดรนช่วยได้ไหม
28-0266	mission_mission_kind	Listen to Sana's Singing	ฟังซานะร้องเพลง
28-0267	mission_mission_kind	Apparently Sana-chan sings in Theater Square often. I should check back.	ได้ยินว่าซานะจังชอบร้องเพลงแถว เธียเตอร์สแควร์บ่อย ๆ ผมควรกลับไปดูอีกที
28-0268	mission_mission_kind	Tail Saito	สะกดรอยไซโตะ
28-0269	mission_mission_kind	Eavesdrop on Saito	แอบฟังไซโตะ
28-0270	mission_mission_kind	Saito is talking to some shady dude. He knows my face, so I'll need to be careful about getting close enough to hear their conversation.	ไซโตะกำลังคุยกับผู้ชายหน้าตา น่าสงสัยคนหนึ่ง เขาจำหน้าผมได้ ผมเลยต้องระวังตอนเข้าใกล้พอจะ ได้ยินบทสนทนาของพวกเขา
28-0271	mission_mission_kind	Report to Sana-chan at Theater Square	รายงานซานะจังที่เธียเตอร์สแควร์
28-0272	mission_mission_kind	Saito was a piece of shit. Sana-chan needs to hear this.	ไซโตะมันไอ้สารเลวจริง ๆ ซานะจังต้องได้ยินเรื่องนี้
28-0273	mission_mission_kind	Search for Sana-chan	ค้นหาซานะจัง
28-0274	mission_mission_kind	Saito-san kidnapped Sana-chan! She's apparently at his office, but where is it? Do I have any clues?	ไซโตะซังลักพาตัวซานะจังไป! ดูเหมือนเธอจะอยู่ที่ออฟฟิศของเขา แต่มันอยู่ที่ไหนกันนะ ผมมีเบาะแสอะไรบ้างไหม
28-0275	mission_mission_kind	Look for Deguchi on Pink Street	หาเดกุจิที่ถนนพิงก์สตรีท
28-0276	mission_mission_kind	Apparently Deguchi's been sighted there. I should check it out.	ดูเหมือนมีคนเห็นเดกุจิแถวนั้น ผมควรไปตรวจดู
28-0277	mission_mission_kind	Find Deguchi	หาเดกุจิ
28-0278	mission_mission_kind	Go to Pink Street and look for Meguro	ไปที่ถนนพิงก์สตรีทแล้วหาเมกุโระ
28-0279	mission_mission_kind	He apparently headed toward Pink Street.	ดูเหมือนเขาจะมุ่งหน้าไปทาง ถนนพิงก์สตรีท
28-0280	mission_mission_kind	Go to Tenkaichi Street and look for Meguro	ไปที่ถนนเทนไคจิแล้วหาเมกุโระ
28-0281	mission_mission_kind	Meguro headed toward Tenkaichi Street. What's in his cards this time?	เมกุโระมุ่งหน้าไปทางถนนเทนไคจิ รอบนี้เขาวางแผนอะไรไว้อีกนะ
28-0282	mission_mission_kind	I need to find Mamoru in Theater Square.	ผมต้องหามาโมรุในเธียเตอร์สแควร์
28-0283	mission_mission_kind	Mamoru-san's phone is in Theater Square. Let's head there first.	โทรศัพท์ของมาโมรุซังอยู่ใน เธียเตอร์สแควร์ ไปที่นั่นก่อนดีกว่า
28-0284	mission_mission_kind	Head to Kamuro Hills	ไปที่คามุโรฮิลส์
28-0285	mission_mission_kind	A suspicious man wants me at Kamuro Hills. Guess I've got no choice.	มีชายน่าสงสัยอยากให้ผมไปที่ คามุโรฮิลส์ คงไม่มีทางเลือกอื่นแล้วละ
28-0286	mission_mission_kind	Catch the... Hat?	จับ... หมวก?
28-0287	mission_mission_kind	Chase the Wig	ไล่ตามวิก
28-0288	mission_mission_kind	After the Chase	หลังการไล่ล่า
28-0289	mission_mission_kind	Tail the Yakuza	สะกดรอยยากูซ่า
28-0290	mission_mission_kind	Go to the Hills Garden on Park Boulevard	ไปที่ฮิลส์การ์เดนบน ถนนปาร์คบูเลอวาร์ด
28-0291	mission_mission_kind	An anonymous client is waiting for me at the Hills Garden on Park Boulevard.	มีลูกความนิรนามรอผมอยู่ที่ ฮิลส์การ์เดนบน ถนนปาร์คบูเลอวาร์ด
28-0292	mission_mission_kind	Go to Tenkaichi Alley	ไปที่ซอยเทนไคจิ
28-0293	mission_mission_kind	I met Jester in Tenkaichi Alley. I'll check around there.	ผมเจอเจสเตอร์ที่ซอยเทนไคจิ ผมจะไปตรวจดูแถวนั้น
28-0294	mission_mission_kind	Meet the Man	ไปพบชายคนนั้น
28-0295	mission_mission_kind	The masked man was on the roof of Stardust. I've gotta catch him!	ชายสวมหน้ากากอยู่บนดาดฟ้าของ คลับสตาร์ดัสต์ ผมต้องจับตัวเขาให้ได้!
28-0296	mission_mission_kind	Head to Senryo Avenue	ไปที่ถนนเซ็นเรียว
28-0297	mission_mission_kind	Okay, I hope we get some clues here.	โอเค หวังว่าที่นี่จะมีเบาะแสอะไรบ้างนะ
28-0298	mission_mission_kind	Head to Kamuro Theater Garden	ไปที่สวนโรงละครคามุโร
28-0299	mission_mission_kind	The guys said they'd meet up in the theater garden. Let's see what they have to say.	พวกนั้นบอกว่าจะนัดเจอกันที่สวน โรงละคร ไปฟังว่าพวกเขาจะพูดอะไรกันดีกว่า
28-0300	mission_mission_kind	Meet the Client Again	ไปพบลูกความอีกครั้ง
28-0301	mission_mission_kind	I should head to the Hills Garden on Park Boulevard. Jester's search for Crow doesn't seem very noble...	ผมควรไปที่ฮิลส์การ์เดนบน ถนนปาร์คบูเลอวาร์ด การตามหาโครว์ของเจสเตอร์ดูจะ ไม่ใช่เรื่องบริสุทธิ์ใจ ซะเท่าไหร่...
28-0302	mission_mission_kind	Defeat the Masked Men	เอาชนะพวกสวมหน้ากาก
28-0303	mission_mission_kind	I knew these guys were up to no good.	รู้แล้วเชียวว่าพวกนี้ไม่มีเรื่องดี ๆ แน่
28-0304	mission_mission_kind	Defeat Crow	เอาชนะโครว์
28-0305	mission_mission_kind	I didn't really want it to come to this, but this is how it is these days, I guess.	ผมไม่ได้อยากให้เรื่องมันมาถึง จุดนี้หรอกนะ แต่สมัยนี้มันก็เป็นแบบนี้แหละมั้ง
28-0306	mission_mission_kind	Head to Public Park 3	ไปที่สวนสาธารณะ 3
28-0307	mission_mission_kind	What did Kaito-san mean when he said he had a job for me?	ไคโตะซังหมายความว่ายังไงที่บอ กว่ามีงานให้ผม
28-0308	mission_mission_kind	Head to Suppon Street	ไปที่ถนนซุปปอน
28-0309	mission_mission_kind	I'll check out Suppon Street, where Kaito said he beat the thugs. Maybe we'll get some clues on the father.	ผมจะไปตรวจดูถนนซุปปอน ที่ที่ไคโตะบอกว่าเขาอัดพวกอันธพาลไป บางทีอาจได้เบาะแสเรื่องพ่ออยู่บ้าง
28-0310	mission_mission_kind	Search for Clues	ค้นหาเบาะแส
28-0311	mission_mission_kind	Deliver a Bento to Kaito	ส่งเบนโตะให้ไคโตะ
28-0312	mission_mission_kind	I should ask him about Yakumaru Loans while I'm at it.	เอาไว้ถือโอกาสถามเขาเรื่อง ยาคุมารุโลนส์ด้วยเลย
28-0313	mission_mission_kind	Investigate Yakumaru Loans	สืบสวนยาคุมารุโลนส์
28-0314	mission_mission_kind	So Yakumaru is yakuza-backed. Maybe Yusuke's dad was taken in, but I'll need to ask around. Wasn't there a loan shark on Tenkaichi Street I could ask?	งั้นยาคุมารุก็มียากูซ่าหนุนหลังสินะ บางทีพ่อของยูซึเกะอาจโดนหลอก เข้าไปพัวพัน แต่ผมต้องถามคนแถวนั้นดูก่อน จำได้ว่ามีเจ้าหนี้นอกระบบอยู่ แถวถนนเทนไคจิที่ผมน่าจะถามได้
28-0315	mission_mission_kind	Talk to the Suspicious Man	คุยกับชายต้องสงสัย
28-0316	mission_mission_kind	There's a suspicious guy on the street where the Ushimata office is. He matches the description Yusuke-kun gave me of his father.	มีชายต้องสงสัยอยู่แถวถนนที่ ออฟฟิศอุชิมาตะตั้งอยู่ ตรงกับที่ยูซึเกะคุงบอกลักษณะ พ่อของเขาไว้
28-0317	mission_mission_kind	Check in on Kaito	ไปเยี่ยมไคโตะ
28-0318	mission_mission_kind	I wonder how Kaito-san is doing on this whole security guard thing? Adachi's company address is on his business card in my case file.	สงสัยว่าไคโตะซังจะเป็นยังไง บ้างกับงานยามคนนี้ ที่อยู่บริษัทของอาดาจิอยู่บน นามบัตรในแฟ้มคดีของผม
28-0319	mission_mission_kind	Gather Intel on Adachi Estates	หาข่าวเรื่องอาดาจิ เอสเตท
28-0320	mission_mission_kind	Looks like I need to look into these rumors about Adachi Estates. I should check out Tender and the city's gathering spots.	ดูเหมือนผมต้องสืบข่าวลือเรื่องอาดาจิ เอสเตทนี้ ควรไปลองสอบถามที่เทนเดอร์กับ แหล่งพบปะต่าง ๆ ในเมือง
28-0321	mission_mission_kind	Head to Adachi Estates	ไปที่อาดาจิ เอสเตท
28-0322	mission_mission_kind	I need to let Kaito know about these rumors about his new employer. Just in case.	ผมต้องแจ้งไคโตะเรื่องข่าวลือ ของนายจ้างใหม่เขาไว้ก่อน เผื่อไว้
28-0323	mission_mission_kind	Investigate Adachi at Kanrai	สืบเรื่องอาดาจิที่คันไร
28-0324	mission_mission_kind	Looks like I'll get my chance to check out these rumors about Adachi for myself.	ดูเหมือนผมจะได้โอกาสไปสืบ ข่าวลือเรื่องอาดาจิด้วยตัวเอง ซะที
28-0325	mission_mission_kind	An Entertainment Job	งานบันเทิง
28-0326	mission_mission_kind	Go to Hotel New Deborah	ไปที่โฮเทลนิวเดโบราห์
28-0327	mission_mission_kind	The client is waiting in the sixth floor hallway of Hotel New Deborah in Theater Square. I should go in the day.	ลูกความรออยู่ที่ทางเดินชั้น 6 ของโฮเทลนิวเดโบราห์ ที่เธียเตอร์สแควร์ ผมควรไปตอนกลางวัน
28-0328	mission_mission_kind	Go to the Hills Garden	ไปที่ฮิลส์การ์เดน
28-0329	mission_mission_kind	This event is being held on a special stage in the Hills Garden on Park Boulevard.	งานนี้จัดขึ้นบนเวทีพิเศษที่ ฮิลส์การ์เดน บนถนนปาร์คบูเลอวาร์ด
28-0330	mission_mission_kind	Change into Bram-sama's Outfit	เปลี่ยนเป็นชุดของท่านแบรม
28-0331	mission_mission_kind	I need to change into Bram-sama's outfit to draw the attention of the media. Can't say I'm looking forward to it...	ผมต้องเปลี่ยนเป็นชุดของ ท่านแบรมเพื่อดึงความสนใจสื่อ พูดตรง ๆ ว่าไม่ค่อยอยากทำเลย...
28-0332	mission_mission_kind	Run Away from the Media	หนีสื่อ
28-0333	mission_mission_kind	I gotta lose the media and get out of here. But will they just let me go?	ผมต้องสลัดสื่อแล้วออกไปจาก ที่นี่ให้ได้ แต่พวกเขาจะยอมปล่อยผมไปง่าย ๆ เหรอ
28-0334	mission_mission_kind	What does Hoshino-kun mean by "incident"? I better check this out.	โฮชิโนะคุงหมายความว่ายังไงกับคำว่า "เหตุการณ์" นี่ ผมควรไปเช็กดูดีกว่า
28-0335	mission_mission_kind	Investigate the Crime Scene	สืบสวนสถานที่เกิดเหตุ
28-0336	mission_mission_kind	Find Ayumu	ตามหาอายุมุ
28-0337	mission_mission_kind	I've gotta find this kid based on a photo his dad sent.	ผมต้องหาเด็กคนนี้ให้เจอ จากรูปที่พ่อเขาส่งมา
28-0338	mission_mission_kind	Defeat the Tough Guys	เอาชนะพวกนักเลง
28-0339	mission_mission_kind	These guys are just obstructing me for fun. Where in the world is Ayumu-kun?	พวกนี้แค่ขวางทางผมเล่น ๆ อายุมุคุงหายไปไหนกันแน่
28-0340	mission_mission_kind	Ask about Hachitani at Bantam	ถามเรื่องฮาจิทานิที่แบนตัม
28-0341	mission_mission_kind	I should ask around Bantam where Hinata-san drank with this young woman.	ผมควรไปถามคนที่แบนตัม ที่ฮินาตะซังเคยดื่มกับผู้หญิงคนนี้
28-0342	mission_mission_kind	Find Asuka Hachitani	ตามหาอาซึกะ ฮาจิทานิ
28-0343	mission_mission_kind	Hachitani is posting about what she's doing... I can probably find her with that. Or I could ask around the city.	ฮาจิทานิโพสต์บอกว่ากำลังทำอะไรอยู่... น่าจะหาตัวเธอได้จากตรงนี้ หรือไม่ก็ถามคนในเมืองดู
28-0344	mission_mission_kind	Tail Asuka Hachitani	แอบตามอาซึกะ ฮาจิทานิ
28-0345	mission_mission_kind	Tail Asuka	แอบตามอาซึกะ
28-0346	mission_mission_kind	Find the Black Van	ตามหารถตู้สีดำ
28-0347	mission_mission_kind	The man who kidnapped Nanami-san is in a black van. I've gotta find her!	ชายที่ลักพาตัวนานามิซังไปอยู่ ในรถตู้สีดำ ผมต้องตามหาเธอให้เจอ!
28-0348	mission_mission_kind	The suspect is inside Charles, but we need to do some sleuthing to find out who he might be.	ผู้ต้องสงสัยอยู่ในชาร์ลส์ แต่เราต้องสืบสวนกันหน่อยว่าเขา อาจเป็นใคร
28-0349	mission_mission_kind	Accuse a Culprit	กล่าวหาผู้ก่อเหตุ
28-0350	mission_mission_kind	I have all the evidence. I just need to corner the culprit!	ผมมีหลักฐานครบแล้ว เหลือแค่ต้อนผู้ก่อเหตุให้จนมุม!
28-0351	mission_mission_kind	Search for Gamo	ตามหากาโมะ
28-0352	mission_mission_kind	Gamo is lying low somewhere in Kamurocho. I should look for him.	กาโมะหลบซ่อนอยู่ที่ไหนสักแห่ง ในคามุโรโจ ผมควรตามหาเขา
28-0353	mission_mission_kind	Defeat the Mad Bomber	เอาชนะมือระเบิดบ้าคลั่ง
28-0354	mission_mission_kind	I'm kind of scared of this bomb, but Tsukumo said it's disarmed... right? I can't believe he'd go this far.	ผมค่อนข้างกลัวระเบิดลูกนี้อยู่นะ แต่สึคุโมะบอกว่าปลดชนวนแล้ว... ใช่ไหม เชื่อไม่ลงเลยว่าเขาจะทำถึงขนาดนี้
28-0355	mission_mission_kind	Defeat Panty Professor	เอาชนะศาสตราจารย์กางเกงใน
28-0356	mission_mission_kind	Keep your fetishes to yourself, dude. Gross.	เก็บรสนิยมแปลก ๆ ไว้คนเดียวเถอะพวก น่าขยะแขยงชะมัด
28-0357	mission_mission_kind	Capture Ass Catchem	จับกุมจอมจับตูด
28-0358	mission_mission_kind	Defeat Ass Catchem	เอาชนะจอมจับตูด
28-0359	mission_mission_kind	This pervert is a former athlete, but I think I can take him! You'll never be the best, you pervert!	ไอ้โรคจิตนี่เคยเป็นนักกีฬามาก่อน แต่ผมว่าเอาชนะมันได้! ไม่มีวันเป็นที่หนึ่งหรอก ไอ้โรคจิต!
28-0360	mission_mission_kind	Apprehend Giant Impact	จับกุมไจแอนต์อิมแพ็กต์
28-0361	mission_mission_kind	Defeat Giant Impact	เอาชนะไจแอนต์อิมแพ็กต์
28-0362	mission_mission_kind	So Giant Impact is some old geezer? Gross. Hopefully he'll go down without too much of a fight.	ไจแอนต์อิมแพ็กต์เป็นคุณลุงแก่ ๆ งั้นเหรอ น่าขยะแขยงชะมัด หวังว่าจะจัดการมันได้โดยไม่ ต้องสู้กันหนักมาก
28-0363	mission_mission_kind	Defeat Oka's Crew	เอาชนะพวกโอกะ
28-0364	mission_mission_kind	So not only did Oka steal the evidence, he wants me out of the way? Yeah right!	งั้นโอกะไม่ใช่แค่ขโมยหลักฐาน แต่ยังอยากกำจัดผมให้พ้นทางด้วยเหรอ ไม่มีทาง!
28-0365	mission_mission_kind	Defeat the Janitor	เอาชนะภารโรง
28-0366	mission_mission_kind	This woman's crazy. She's even got the janitor at her beck and call.	ผู้หญิงคนนี้บ้าไปแล้ว ขนาดภารโรงยังใช้งานตามใจชอบได้เลย
28-0367	mission_mission_kind	Defeat Saito's Crew	เอาชนะพวกไซโตะ
28-0368	mission_mission_kind	I'm gonna get you out of here, Sana-chan!	ผมจะพาเธอออกไปจากที่นี่ ซานะจัง!
28-0369	mission_mission_kind	Calm down Deguchi	ทำให้เดกุจิใจเย็นลง
28-0370	mission_mission_kind	This kid needs to be taught a lesson, and I've got just the fist to teach him.	เด็กคนนี้ต้องได้รับบทเรียนสักหน่อย แล้วผมก็มีหมัดพอดีที่จะสอนมันซะ
28-0371	mission_mission_kind	Defeat Inamoto	เอาชนะอินาโมโตะ
28-0372	mission_mission_kind	I can't believe this guy tricked me!	เชื่อไม่ลงเลยว่าเจ้านี่หลอกผมได้!
28-0373	mission_mission_kind	Rescue Meguro	ช่วยเมกุโระ
28-0374	mission_mission_kind	Meguro-san got scammed, so I guess I can bail him out.	เมกุโระซังโดนต้มตุ๋น งั้นผมคงต้องช่วยเขาออกมา
28-0375	mission_mission_kind	Defeat Meguro	เอาชนะเมกุโระ
28-0376	mission_mission_kind	Meguro's losing it. Maybe I can knock some sense into him.	เมกุโระเริ่มเสียสติแล้ว บางทีผมอาจต้องต่อยให้เขาได้สติ กลับมาบ้าง
28-0377	mission_mission_kind	Defeat Hiyama	จัดการฮิยามะ
28-0378	mission_mission_kind	An arsonist. We've had enough of those in this city.	มือวางเพลิงอีกแล้ว เมืองนี้เจอพวกนี้มามากพอแล้ว
28-0379	mission_mission_kind	Chase the Ghost	ไล่ตามผี
28-0380	mission_mission_kind	Bust the Ghost	จับผี
28-0381	mission_mission_kind	Capture the... Hat?	จับ...หมวก?
28-0382	mission_mission_kind	Chase the...  Hat?	ไล่ตาม...หมวก?
28-0383	mission_mission_kind	Catch the Child	จับเด็ก
28-0384	mission_mission_kind	Chase the Child	ไล่ตามเด็ก
28-0385	mission_mission_kind	He's got the wrong idea, but being wrong has its consequences sometimes.	เขาเข้าใจผิดไปเอง แต่บางทีความเข้าใจผิดก็มีผล ตามมาเหมือนกัน
28-0386	mission_mission_kind	I guess I'm Captain Cop's sidekick. Better teach Yusuke-kun that justice always prevails.	ดูเหมือนผมจะกลายเป็นลูกน้องของ กัปตันตำรวจไปซะแล้ว ต้องสอนยูซึเกะคุงให้รู้ว่า ความยุติธรรมชนะเสมอ
28-0387	mission_mission_kind	Defeat Kaito	เอาชนะไคโตะ
28-0388	mission_mission_kind	This wasn't how I was thinking this would end! Why won't he listen to reason!?	ผมไม่คิดว่ามันจะจบแบบนี้เลย! ทำไมเขาถึงไม่ยอมฟังเหตุผลกันนะ!?
28-0389	mission_mission_kind	Defeat Adachi's Crew	เอาชนะพวกอาดาจิ
28-0390	mission_mission_kind	These guys need a good old fashioned ass kicking.	พวกนี้ต้องโดนซ่อมแบบเก่า ๆ สักหน่อย
28-0391	mission_mission_kind	Defeat Higurashi	เอาชนะฮิกุราชิ
28-0392	mission_mission_kind	Higurashi is the lowest of the low. I'll bring him lower.	ฮิกุราชิมันเลวสุดกู่แล้ว ผมจะทำให้มันเลวลงไปกว่านั้นอีก
28-0393	mission_mission_kind	Defeat Shin Amon	เอาชนะชิน อามอน
28-0394	mission_mission_kind	What a tough guy! I better not let my guard down!	แข็งแกร่งใช้ได้เลยนะ! ผมต้องไม่การ์ดตกเชียว!
28-0395	mission_mission_kind	Defeat Minami	เอาชนะมินามิ
28-0396	mission_mission_kind	I've gotta defeat him to get the truth, I guess.	ผมคงต้องเอาชนะเขาให้ได้ก่อนถึง จะรู้ความจริง
28-0397	mission_mission_kind	Defeat Takeda	เอาชนะทาเคดะ
28-0398	mission_mission_kind	I need to defeat this stalker.	ผมต้องเอาชนะไอ้สตอล์กเกอร์คน นี้ให้ได้
28-0399	mission_mission_kind	Defeat the Punks	ปราบพวกนักเลง
28-0400	mission_mission_kind	Looks like today's lesson is pain, and I'm the teacher.	ดูเหมือนบทเรียนวันนี้คือความเจ็บปวด แล้วผมก็เป็นครูผู้สอนซะเอง
28-0401	mission_mission_kind	Defeat Gamo	เอาชนะกาโมะ
28-0402	mission_mission_kind	Wow, he's buff! I better watch it!	โห ตัวใหญ่บึกบึนเชียว ผมต้องระวังตัวหน่อย!
28-0403	mission_mission_kind	A Golden Mouse	หนูสีทอง
28-0404	mission_mission_kind	I'm not going down here, guys.	ผมไม่มีทางแพ้พวกนี้หรอก
28-0405	mission_mission_kind	Did he really track me down by smell? Either way, I can't lose to him!	เขาตามกลิ่นผมมาเจอจริง ๆ เหรอเนี่ย ยังไงก็เถอะ ผมแพ้เขาไม่ได้!
28-0406	mission_mission_kind	Defeat Obayashi's Crew	เอาชนะพวกโอบายาชิ
28-0407	mission_mission_kind	These guys don't know when to quit! I need to get after that homeless guy.	พวกนี้ไม่รู้จักหยุดเลยจริง ๆ! ผมต้องตามหาชายไร้บ้านคนนั้นให้เจอ
28-0408	mission_mission_kind	Defeat Kasai's Crew	เอาชนะพวกคาไซ
28-0409	mission_mission_kind	He's an idiot, but he's strong. I better pay attention.	เขาโง่ก็จริง แต่แข็งแกร่ง ผมต้องตั้งใจดี ๆ
28-0410	mission_mission_kind	Defeat Honda's Crew	เอาชนะพวกฮอนดะ
28-0411	mission_mission_kind	All this guy thinks about is fighting. I'll make him regret it.	เจ้านี่คิดถึงแต่เรื่องต่อสู้ ผมจะทำให้มันเสียใจที่คิดแบบนั้น
28-0412	mission_mission_kind	Defeat Koga's Crew	เอาชนะพวกโคกะ
28-0413	mission_mission_kind	If I defeat him and get the cops down here, I can clear the bounty on my head!	ถ้าผมเอาชนะเขาแล้วเรียกตำรวจมา ที่นี่ได้ ผมก็จะล้างค่าหัวตัวเองได้!
28-0414	mission_mission_kind	Defeat the Man in Black	ปราบชายชุดดำ
28-0415	mission_mission_kind	Come on guys, I just want this cat. How do I get rid of them?	ไม่เอาน่า ผมแค่อยากได้แมวตัวนี้เอง จะไล่พวกนี้ยังไงดี
28-0416	mission_mission_kind	I'll get you off this cat's tail once and for all!	ผมจะทำให้พวกมันเลิกตามรังควาน แมวตัวนี้ซะทีให้เข็ด!
28-0417	mission_mission_kind	Genda's Request	คำขอของเก็นดะ
28-0418	mission_mission_kind	Meet the Client at Hotel New Deborah	ไปพบลูกความที่โฮเทลนิวเดโบราห์
28-0419	mission_mission_kind	Genda-sensei has a client for me waiting at the south side of the New Deborah lobby in Theater Square.	อาจารย์เก็นดะมีลูกความรอผมอยู่ ที่ฝั่งใต้ของล็อบบี้ นิวเดโบราห์ ที่เธียเตอร์สแควร์
28-0420	mission_mission_kind	Return to Sushi Gin	กลับไปที่ซูชิกิน
28-0421	mission_mission_kind	The purse snatcher bought a cooking knife. I better ask the Sushi Gin guy about Wakahara again.	คนชิงกระเป๋าซื้อมีดทำครัวไป ผมควรไปถามเจ้าของซูชิกินเรื่อง วาคาฮาระอีกครั้ง
28-0422	mission_mission_kind	Head to Volcano	ไปที่โวลเคโน
28-0423	mission_mission_kind	Apparently Wakahara plays pachinko there often.	ได้ยินว่าวาคาฮาระมาเล่น ปาจิงโกะที่นั่นบ่อย ๆ
28-0424	mission_mission_kind	Search for Wakahara	ตามหาวาคาฮาระ
28-0425	mission_mission_kind	The owner of Sushi Gin said Wakahara tends to be around that pachinko parlor, Volcano.	เจ้าของซูชิกินบอกว่าวาคาฮาระ มักไปวนเวียนอยู่แถวร้าน ปาจิงโกะที่ชื่อโวลเคโน
28-0426	mission_mission_kind	Capture Wakahara	จับกุมวาคาฮาระ
28-0427	mission_mission_kind	Chase Wakahara	ไล่ตามวาคาฮาระ
28-0428	mission_mission_kind	Defeat Wakahara	เอาชนะวาคาฮาระ
28-0429	mission_mission_kind	I knew he was our guy. I've gotta roll him if I want answers about our sashimi, though.	ผมรู้อยู่แล้วว่าเขาคือคนที่ผมตามหา แต่ผมต้องจัดการเขาก่อนถึงจะได้ คำตอบเรื่องซาชิมิของเรา
28-0430	mission_mission_kind	Find the Best Vantage Point	หาจุดชมที่ดีที่สุด
28-0431	mission_mission_kind	They'll finish if I take too much time. But I need to get a good angle to really capture the violence.	ถ้าผมใช้เวลานานไปพวกเขาจะเสร็จ ธุระกันก่อน แต่ผมก็ต้องหามุมดี ๆ เพื่อเก็บภาพความรุนแรงให้ชัดจริง ๆ
28-0432	mission_mission_kind	Defeat Miki's Crew	เอาชนะพวกมิกิ
28-0433	mission_mission_kind	A former wrestler and his bodyguards, huh? This could get interesting.	อดีตนักมวยปล้ำกับบอดี้การ์ดของ เขาเองสินะ เรื่องนี้อาจสนุกขึ้นมาได้
28-0434	mission_mission_kind	Gather Intel From a Sushi Restaurant	หาข่าวจากร้านซูชิ
28-0435	mission_mission_kind	This guy clearly has some culinary skill. I should ask around some sushi shops.	เจ้านี่มีฝีมือทำอาหารไม่ธรรมดาแน่ ๆ ผมควรไปถามตามร้านซูชิดู
28-0436	mission_mission_kind	Miyamoto-san is acting strange. I can't just leave her alone!	มิยาโมโตะซังท่าทางแปลก ๆ ผมปล่อยเธอไว้คนเดียวไม่ได้!
28-0437	mission_mission_kind	Head to the Beef Zone	ไปที่บีฟโซน
28-0438	mission_mission_kind	How dare they take Kim-san hostage just to get to me!? I've literally got an office, guys. I've gotta hurry to Beef Zone on Nakamichi Street!	กล้าดียังไงจับคิมซังเป็น ตัวประกันแค่เพื่อไล่ล่าผม!? ผมมีออฟฟิศตั้งอยู่ตรงนั้นแท้ ๆ ผมต้องรีบไปที่บีฟโซนบนถนนนากามิจิ!
28-0439	mission_mission_kind	Defeat the Host	เอาชนะโฮสต์
28-0440	mission_mission_kind	I need to put this host in his place so I can get the money back from that conniving woman.	ผมต้องสั่งสอนไอ้โฮสต์คนนี้ให้ รู้ที่ต่ำที่สูง จะได้เอาเงินคืนจากผู้หญิง เจ้าเล่ห์คนนั้นได้
28-0441	mission_mission_kind	Kaito-san is working on getting what Ayabe knows. I'll meet them at Tender.	ไคโตะซังกำลังหาทางเค้นข้อมูล จากอายาเบะอยู่ ผมจะไปเจอพวกเขาที่เทนเดอร์
28-0442	mission_mission_kind	A Missing Persons Case	คดีคนหาย
28-0443	mission_mission_kind	My client should be a middle-aged woman with black hair in a blue coat.	ลูกความของผมน่าจะเป็นผู้หญิง วัยกลางคนผมดำ สวมเสื้อโค้ตสีน้ำเงิน
28-0444	mission_mission_kind	Women sure love to keep secrets... Now I'm really tired.	ผู้หญิงนี่ชอบเก็บความลับกันจริง ๆ... ตอนนี้ผมเหนื่อยสุด ๆ เลย
28-0445	mission_mission_kind	Defeat the Punk	เอาชนะไอ้นักเลง
28-0446	mission_mission_kind	Is this little jerk working for Oikawa?	ไอ้เด็กเวรนี่ทำงานให้โออิคาวะเหรอ
28-0447	mission_mission_kind	Accept Adachi's Request	รับคำขอของอาดาจิ
28-0448	mission_mission_kind	Search for Azusa Otaki	ตามหาอาซึสะ โอทากิ
28-0449	mission_mission_kind	Genda-sensei's client is shopping for clothes. She's probably wherever they sell fashionable stuff.	ลูกความของอาจารย์เก็นดะกำลัง ช็อปปิ้งเสื้อผ้าอยู่ เธอน่าจะอยู่แถวที่ขายของแฟชั่น ๆ
28-0450	mission_mission_kind	Search for Karin	ตามหาคาริน
28-0451	mission_mission_kind	Azusa Otaki's daughter, Karin-chan, has gone missing. It's possible that her former yakuza father kidnapped her, but I should ask around.	คารินจัง ลูกสาวของอาซึสะ โอทากิ หายตัวไป เป็นไปได้ว่าอดีตพ่อที่เคยเป็น ยากูซ่าของเธออาจลักพาตัวไป แต่ผมควรถามคนแถวนั้นดูก่อน
28-0452	mission_mission_kind	Return to Genda Law Office	กลับไปที่สำนักงานกฎหมายเก็นดะ
28-0453	mission_mission_kind	I found the client and her daughter. We should lay low at Genda-sensei's office.	ผมเจอลูกความกับลูกสาวของเธอแล้ว เราควรไปหลบตัวที่ออฟฟิศของ อาจารย์เก็นดะ
28-0454	mission_mission_kind	Head to the Love Hotel	ไปที่เลิฟโฮเทล
28-0455	mission_mission_kind	If Oikawa really duped this poor woman, I have to find the evidence. The sign in this picture says "Luna Blue Hotel."	ถ้าโออิคาวะหลอกผู้หญิงน่าสงสาร คนนี้จริง ผมต้องหาหลักฐานให้เจอ ป้ายในรูปนี้เขียนว่า "โฮเทลลูนาบลู"
28-0456	mission_mission_kind	Get Intel from Sushi Gin	หาข่าวจากซูชิกิน
28-0457	mission_mission_kind	I need to convince the owner of Sushi Gin that the culprit could be Wakahara... But I guess I'll need focus on something else for now.	ผมต้องโน้มน้าวเจ้าของซูชิกิน ว่าผู้ก่อเหตุอาจเป็นวาคาฮาระ... แต่ตอนนี้คงต้องไปโฟกัสเรื่องอื่นก่อน
28-0458	mission_mission_kind	Shono visits the patient ward every morning. I should find an infiltration route.	โชโนะไปเยี่ยมหอผู้ป่วยทุกเช้า ผมควรหาทางแทรกซึมเข้าไป
28-0459	mission_mission_kind	Find the Diamond Ring	ตามหาแหวนเพชร
28-0460	mission_mission_kind	The thief may have sold off the diamond ring. I should check out the pawn shop.	หัวขโมยอาจขายแหวนเพชรทิ้งไปแล้ว ผมควรไปดูที่โรงจำนำ
28-0461	mission_mission_kind	The Matsugane Family seems to be playing it safe. Guess I'll have a drink at Tender... totally open to attack.	ตระกูลมัตสึกาเนะดูจะระวังตัวอยู่นะ งั้นผมคงไปดื่มที่เทนเดอร์ก่อน... เปิดช่องให้โจมตีได้เต็มที่เลย
28-0462	mission_mission_kind	Head to Alvin	ไปที่อัลวิน
28-0463	mission_mission_kind	So this place is Matsugane Family backed, eh? Not too shabby. Is this your doing, Hamura?	ที่นี่มีตระกูลมัตสึกาเนะหนุนหลังสินะ ไม่เลวเลย นี่ฝีมือฮามุระใช่ไหมเนี่ย
28-0464	mission_mission_kind	Head to the Champion District	ไปที่ย่านแชมเปี้ยน
28-0465	mission_mission_kind	Hamura must be on my tail by now. Maybe if I give him a nice, secluded area like the Champion District...	ป่านนี้ฮามุระคงตามผมมาติด ๆ แล้ว ถ้าผมล่อเขาไปที่เงียบสงบอย่าง ย่านแชมเปี้ยนดูล่ะ...
28-0466	mission_mission_kind	Found the Matsugane Family! Now to make a big enough scene to draw out Hamura.	เจอตระกูลมัตสึกาเนะแล้ว! ทีนี้ต้องสร้างเรื่องให้ใหญ่พอ จะล่อฮามุระออกมา
28-0467	mission_mission_kind	Great, another brawl. Was this really the best plan?	เยี่ยมเลย อีกหนึ่งการต่อสู้ นี่มันแผนที่ดีที่สุดแล้วจริง ๆ เหรอ
28-0468	mission_mission_kind	Hit Three Matsugane Family Clubs	ถล่มคลับของตระกูลมัตสึกาเนะสามแห่ง
28-0469	mission_mission_kind	Let's play yakuza telephone, shall we? If I cause trouble at a few places, it's sure to reach Hamura's ears.	มาเล่นเกมกระซิบข่าวยากูซ่ากันดีกว่า ถ้าผมก่อเรื่องไว้สักสองสามที่ ข่าวคงไปเข้าหูฮามุระแน่ ๆ
28-0470	mission_mission_kind	Head to Millennium Tower	ไปที่มิลเลนเนียมทาวเวอร์
28-0471	mission_mission_kind	What was up with that drone!? Talk about dangerous! I should follow it to the Millennium Tower.	โดรนนั่นมันอะไรกันเนี่ย!? อันตรายชะมัด ผมควรตามมันไปที่มิลเลนเนียมทาวเวอร์
28-0472	mission_mission_kind	Talk to Hattori	คุยกับฮัตโตริ
28-0473	mission_mission_kind	Do journalists snap all their photos with their phones these days? This guy's still a shady SOB.	สมัยนี้นักข่าวถ่ายรูปด้วย มือถือกันหมดแล้วเหรอ ยังไงเจ้านี่ก็ยังเป็นไอ้พวก น่าสงสัยอยู่ดี
28-0474	mission_mission_kind	Find a Lost Pet	ตามหาสัตว์เลี้ยงที่หายไป
28-0475	mission_mission_kind	Go to the Happy Family Rooftop	ไปที่ดาดฟ้าแฮปปี้แฟมิลี่
28-0476	mission_mission_kind	The client is dragging me up to the roof of the Happy Family izakaya on Senryo Avenue. Why such a weird spot?	ลูกความลากผมขึ้นไปบนดาดฟ้าของ อิซากายะแฮปปี้แฟมิลี่ บนถนนเซ็นเรียว ทำไมต้องเป็นที่แปลก ๆ แบบนี้ด้วยนะ
28-0477	mission_mission_kind	Find Someone Who Knows Cats	หาคนที่รู้เรื่องแมว
28-0478	mission_mission_kind	I'll be looking for a needle in a haystack if I go looking for this cat without any clues. I should get some professional assistance.	ถ้าผมตามหาแมวตัวนี้โดยไม่มีเบาะแสเลย ก็คงเหมือนงมเข็มในมหาสมุทร ผมควรหาผู้เชี่ยวชาญมาช่วย
28-0479	mission_mission_kind	Head to Taihei Boulevard	ไปที่ถนนไทเฮ
28-0480	mission_mission_kind	Zhuang Shi is apparently often seen on Taihei Boulevard. I should head there.	ได้ยินว่าจวง ซือมักถูกพบเห็นแถวถนนไทเฮ ผมควรไปที่นั่น
28-0481	mission_mission_kind	The cat went inside. I'm going in.	แมวเข้าไปข้างในแล้ว ผมจะเข้าไปตามด้วย
28-0482	mission_mission_kind	Catch Zhuang Shi's Attention with the Drone	ดึงความสนใจจวง ซือด้วยโดรน
28-0483	mission_mission_kind	These mods should make my drone so it won't go down so easily. Now to get back to that cat!	ของแต่งพวกนี้น่าจะทำให้โดรนของ ผมไม่ร่วงง่าย ๆ ทีนี้ก็กลับไปตามแมวตัวนั้นต่อ!
28-0484	mission_mission_kind	Shoot the Enemy Drone	ยิงโดรนศัตรู
28-0485	mission_mission_kind	It worked! That felt pretty cool actually.	ได้ผลด้วย! รู้สึกเท่ไม่หยอกเลยนะเนี่ย
28-0486	mission_mission_kind	Meet with Higashi	ไปพบฮิงาชิ
28-0487	mission_mission_kind	The Kyorei Clan is bound to retaliate against the Matsugane Family. This could erupt into a full-scale war. I should hit the streets to find out more.	ตระกูลเคียวเรอิต้องแก้แค้น ตระกูลมัตสึกาเนะแน่ ๆ เรื่องนี้อาจบานปลายเป็นสงคราม เต็มรูปแบบได้ ผมควรออกไปสืบข่าวตามท้องถนนดู
28-0488	mission_mission_kind	Dice & Cube Completion Bonus	โบนัสความสำเร็จ Dice & Cube
28-0489	mission_mission_kind	Head to M Side Cafe	ไปที่เอ็ม ไซด์ คาเฟ่
28-0490	mission_mission_kind	Kiriko Kuwayama works at M Side Cafe. Let's see if I can figure her out.	คิริโกะ คุวายามะทำงานอยู่ที่เอ็ม ไซด์ คาเฟ่ มาดูกันว่าผมจะจับทางเธอได้ไหม
28-0491	mission_mission_kind	Sit Nearby and Eavesdrop on Kojiro	นั่งใกล้ ๆ แล้วแอบฟังโคจิโร
28-0492	mission_mission_kind	I should listen in on this poor sap's conversation. I need to find a seat close enough that won't arouse suspicion.	ผมควรแอบฟังบทสนทนาของหนุ่ม น่าสงสารคนนี้ ต้องหาที่นั่งที่ใกล้พอแต่ไม่ ทำให้เขาสงสัย
28-0493	mission_mission_kind	Chase after Kojiro	ไล่ตามโคจิโร
28-0494	mission_mission_kind	I need to warn Kojiro-san about that foreign substance in his drink. He should be nearby.	ผมต้องเตือนโคจิโรซังเรื่องสาร แปลกปลอมในเครื่องดื่มของเขา เขาน่าจะอยู่แถวนี้
28-0495	mission_mission_kind	Find the Stalker	ตามหาสตอล์กเกอร์
28-0496	mission_mission_kind	Someone's stalking Kojiro-san. I'll find him.	มีใครบางคนแอบตามโคจิโรซังอยู่ ผมจะตามหาตัวมันให้เจอ
28-0497	mission_mission_kind	Tail the Stalker	แอบตามสตอล์กเกอร์
28-0498	mission_mission_kind	Once he ducks into an alley, we'll find out who this guy is.	พอเขาหลบเข้าตรอกเมื่อไหร่ เราก็จะรู้ว่าเจ้านี่เป็นใคร
28-0499	mission_mission_kind	First I'll gather some info at the scene of the crime. If I ask around about the bag, maybe I'll find some clues.	ก่อนอื่นผมจะไปหาข้อมูลที่ที่เกิดเหตุ ถ้าถามเรื่องกระเป๋าดู อาจได้เบาะแสบ้าง
28-0500	mission_mission_kind	Find the Thieves	ตามหาหัวขโมย
28-0501	mission_mission_kind	I should find somewhere that young guys might hang out. Maybe some friends would have an idea, too.	ผมควรหาที่ที่วัยรุ่นชอบไปนั่งเล่นกัน บางทีเพื่อน ๆ อาจมีไอเดียให้บ้าง
28-0502	mission_mission_kind	The bag was tossed in the garbage in the Champion District. Guess I'll go look.	กระเป๋าถูกทิ้งลงถังขยะแถว ย่านแชมเปี้ยน คงต้องไปดูหน่อย
28-0503	mission_mission_kind	Find the Homeless Man	ตามหาชายไร้บ้าน
28-0504	mission_mission_kind	Great. Bag, but no jacket. If a homeless guy took it, maybe he'll give it back.	ดีเลย เจอกระเป๋าแต่ไม่มีแจ็คเก็ต ถ้าชายไร้บ้านคนนั้นเอาไป บางทีเขาอาจยอมคืนให้
28-0505	mission_mission_kind	Get the Jacket Back	เอาแจ็คเก็ตคืน
28-0506	mission_mission_kind	The homeless guy doesn't want to give us his source of warmth in the winter, and I can't blame him. But what to do?	ชายไร้บ้านคนนี้ไม่อยากยกแหล่ง ความอบอุ่นในหน้าหนาวให้ เราไปหรอก ผมก็เข้าใจเขานะ แต่จะทำยังไงดี
28-0507	mission_mission_kind	Give the Homeless Man Warm Clothes	มอบเสื้อผ้ากันหนาวให้ชายไร้บ้าน
28-0508	mission_mission_kind	Time to trade jackets.	ได้เวลาแลกแจ็คเก็ตกันแล้ว
28-0509	mission_mission_kind	Wait for Tsukumo to Call	รอสึคุโมะโทรมา
28-0510	mission_mission_kind	There's nothing you can't buy on the internet these days... When he's done, Tsukumo will contact me. But what to do until then?	สมัยนี้ไม่มีอะไรที่ซื้อทาง อินเทอร์เน็ตไม่ได้แล้ว... พอสึคุโมะเสร็จธุระ เขาจะติดต่อผมเอง แต่ระหว่างนี้จะทำอะไรดีนะ
28-0511	mission_mission_kind	Enemy Backup	กำลังเสริมของศัตรู
28-0512	mission_mission_kind	I wanted to crash for the day, but the barkeep over at Tender wants me. I guess I'll go see what's up.	ผมอยากพักผ่อนสักวัน แต่บาร์เทนเดอร์ที่เทนเดอร์อยากเจอผม คงต้องไปดูว่ามีอะไร
28-0513	mission_mission_kind	Find Mari's Secret	ตามหาความลับของมาริ
28-0514	mission_mission_kind	I'm tailing Mari to see if I can find out her real identity. Hope it works.	ผมกำลังแอบตามมาริ เพื่อดูว่าจะรู้ตัวตนที่แท้จริง ของเธอได้ไหม หวังว่าจะได้ผล
28-0515	mission_mission_kind	Head to Kiguchi Real Estate	ไปที่คิกุจิ เรียลเอสเตท
28-0516	mission_mission_kind	Megumi Hashimoto's husband works at Kiguchi Real Estate on East Shichifuku Street.	สามีของเมกุมิ ฮาชิโมโตะทำงานอยู่ที่คิกุจิ เรียลเอสเตท บนถนนชิจิฟุกุฝั่งตะวันออก
28-0517	mission_mission_kind	A Ghostly Request	คำขอจากผี
28-0518	mission_mission_kind	Head to Quadra Garden at Night	ไปที่ควอดราการ์เดนตอนกลางคืน
28-0519	mission_mission_kind	My client wants to meet me at Quadra Garden at night. Shimazu-san should be wearing a hoodie with a heart.	ลูกความอยากเจอผมที่ ควอดราการ์เดนตอนกลางคืน ชิมาซึซังน่าจะสวมเสื้อฮู้ดลายหัวใจ
28-0520	mission_mission_kind	Investigate the Honey Trap	สืบสวนกับดักเสน่ห์
28-0521	mission_mission_kind	Wait for the Client	รอลูกความ
28-0522	mission_mission_kind	An anonymous client? Who could this be?	ลูกความนิรนามเหรอ นี่จะเป็นใครกันนะ
28-0523	mission_mission_kind	A Challenge	คำท้าประลอง
28-0524	mission_mission_kind	Meet the Client in Little Asia	ไปพบลูกความที่ลิตเติลเอเชีย
28-0525	mission_mission_kind	I got a request from a mysterious client titled, "A Challenge." A challenge... What kind of job could this be?	ผมได้รับคำขอจากลูกความปริศนา ในหัวข้อ "คำท้าประลอง" คำท้าประลองเหรอ... นี่จะเป็นงานแบบไหนกันนะ
28-0526	mission_mission_kind	Infiltrate Monsieur Lee	แทรกซึมมองซิเออร์ลี
28-0527	mission_mission_kind	Is this really Shono's secret lab? No time to waste.	นี่คือห้องแล็บลับของโชโนะจริง ๆ เหรอ ไม่มีเวลาให้เสียแล้ว
28-0528	mission_mission_kind	Find the Bomb	ตามหาระเบิด
28-0529	mission_mission_kind	There's a bomb nearby! I can hear it!	มีระเบิดอยู่แถวนี้! ผมได้ยินเสียงมัน!
28-0530	mission_mission_kind	Yet another bomb! This one's clue is "The pigeon coos among the cherry blossoms."	อีกลูกแล้ว! เบาะแสของลูกนี้คือ "นกพิราบขันท่ามกลางดอกซากุระ"
28-0531	mission_mission_kind	Photojournalist Job	งานช่างภาพข่าว
28-0532	mission_mission_kind	Meet with Hiranuma at Beef Zone	ไปพบฮิรานุมะที่บีฟโซน
28-0533	mission_mission_kind	Hiranuma-san is waiting at Beef Zone for me. I'll head over there when it's dark.	ฮิรานุมะซังรอผมอยู่ที่บีฟโซน ผมจะไปที่นั่นตอนมืด
28-0534	mission_mission_kind	Investigate a Daughter-in-law	สืบสวนเรื่องลูกสะใภ้
28-0535	mission_mission_kind	My client should be wearing a pink coat and jeans.	ลูกความของผมน่าจะสวมเสื้อโค้ต สีชมพูกับกางเกงยีนส์
28-0536	mission_mission_kind	Missing Jacket	แจ็คเก็ตหาย
28-0537	mission_mission_kind	Head to Wild Jackson	ไปที่ไวลด์แจ็คสัน
28-0538	mission_mission_kind	The client's at Wild Jackson on Tenkaichi Street. He's apparently got brown hair, a gray jacket, and a red shirt.	ลูกความอยู่ที่ไวลด์แจ็คสัน บนถนนเทนไคจิ ได้ยินว่าเขาผมสีน้ำตาล ใส่แจ็คเก็ตสีเทา และเสื้อสีแดง
28-0539	mission_mission_kind	An infidelity case might be a nice change of pace. I'll meet the client at the office.	คดีนอกใจอาจช่วยเปลี่ยนบรรยากาศ ได้บ้าง ผมจะไปพบลูกความที่ออฟฟิศ
28-0540	mission_mission_kind	Accept Tsukumo's Package	รับพัสดุของสึคุโมะ
28-0541	mission_mission_kind	I need to grab a package for Tsukumo from the Poppo on Showa Street. It's a pain, but in the grand scheme, it's not so bad.	ผมต้องไปรับพัสดุให้สึคุโมะที่ ป๊อปโปบนถนนโชวะ เรื่องยุ่งยากก็จริง แต่มองในภาพรวมแล้วก็ไม่แย่เท่าไหร่
28-0542	mission_mission_kind	Deliver Tsukumo's Package	ส่งพัสดุของสึคุโมะ
28-0543	mission_mission_kind	I have Tsukumo's anime DVD box set. I probably shouldn't speculate about what this is. He'll be waiting at Mantai.	ผมได้กล่องดีวีดีอนิเมะของ สึคุโมะมาแล้ว คงไม่ควรเดาว่ามันคืออะไร เขารอผมอยู่ที่มันไท
28-0544	mission_mission_kind	Find Asami at the Poppo on East Shichifuku Street	ตามหาอาซามิที่ป๊อปโปบน ถนนชิจิฟุกุฝั่งตะวันออก
28-0545	mission_mission_kind	Apparently Morimiya-san is at the Poppo on East Shichifuku Street.	ได้ยินว่าโมริมิยะซังอยู่ที่ ป๊อปโปบนถนนชิจิฟุกุฝั่ง ตะวันออก
28-0546	mission_mission_kind	Do I report to the client?	ผมควรรายงานลูกความไหมนะ
28-0547	mission_mission_kind	If I report Asami-san's location to my client, Tanaka-san, I'll be done with the job. But I feel like I'm missing something. Is there anything else I should do first?	ถ้าผมรายงานที่อยู่ของอาซามิซัง ให้ทานากะซัง ลูกความของผม งานนี้ก็จะจบ แต่ผมรู้สึกเหมือนมีอะไรตกหล่นอยู่ มีอะไรที่ควรทำก่อนไหมนะ
28-0548	mission_mission_kind	Find Morimiya-san	ตามหาโมริมิยะซัง
28-0549	mission_mission_kind	Tanaka-san was the stalker the whole time! How did I not see it!? I've gotta get back to that Poppo!	ทานากะซังคือสตอล์กเกอร์ตัวจริงมาตลอด! ทำไมผมถึงไม่ทันสังเกตนะ!? ผมต้องรีบกลับไปที่ป๊อปโปนั่น เดี๋ยวนี้!
28-0550	mission_mission_kind	Go to Showa Street and look for Hiyama	ไปที่ถนนโชวะแล้วตามหาฮิยามะ
28-0551	mission_mission_kind	This Hiyama guy headed toward Showa Street. What could cause a calamity of fire?	เจ้าฮิยามะคนนี้มุ่งหน้าไปทางถนนโชวะ อะไรกันที่จะก่อให้เกิดลางร้าย แห่งเพลิงได้นะ
28-0552	mission_mission_kind	Tail Hiyama	แอบตามฮิยามะ
28-0553	mission_mission_kind	Chase Hiyama	ไล่ตามฮิยามะ
28-0554	mission_mission_kind	I should check the memo Tatsuro-san gave me so she doesn't realize that I'm an imposter. I can check the memo in the case file.	ผมควรเช็กบันทึกที่ทัตสึโรซังให้ไว้ เธอจะได้ไม่รู้ว่าผมเป็นตัวปลอม ผมเช็กบันทึกได้ในแฟ้มคดี
28-0555	mission_mission_kind	Find the Culprit	ตามหาผู้ก่อเหตุ
28-0556	mission_mission_kind	Shoot down Judge Creep 'n Peep.	ยิงผู้พิพากษาจอมถ้ำมองให้ร่วง
28-0557	mission_mission_kind	Shoot Down the Skittering Pervert	ยิงไอ้โรคจิตจอมพล่านให้ร่วง
28-0558	mission_mission_kind	I have to find this bomb! The hint is "The Angel in the Warrior's Maze."	ผมต้องหาระเบิดลูกนี้ให้เจอ! คำใบ้คือ "นางฟ้าในเขาวงกตนักรบ"
28-0559	mission_mission_kind	There's another bomb! This time the clue is, "The Ox in the Inn."	มีระเบิดอีกลูกแล้ว! คราวนี้เบาะแสคือ "วัวในโรงเตี๊ยม"
28-0560	mission_mission_kind	Talk to Sana Mihama	คุยกับซานะ มิฮามะ
28-0561	mission_mission_kind	A girl named Sana is selling her CD in Theater Square. It costs 1,500 yen. Should I pick one up?	มีเด็กสาวชื่อซานะขายซีดี ของตัวเองอยู่ที่ เธียเตอร์สแควร์ ราคา 1,500 เยน จะซื้อสักแผ่นดีไหมนะ
28-0562	mission_mission_kind	Talk to Sana Again	คุยกับซานะอีกครั้ง
28-0563	mission_mission_kind	A street musician, huh? Wouldn't mind meeting her again.	นักดนตรีข้างถนนสินะ ผมไม่ว่าอะไรถ้าจะได้เจอเธออีกครั้ง
28-0564	mission_mission_kind	Ask Sana about the Offer	ถามซานะเรื่องข้อเสนอ
28-0565	mission_mission_kind	It's pretty impressive that she's making her debut. I can meet Sana-chan at Tender or on Theater Avenue, so I should ask her what happened then.	น่าประทับใจที่เธอจะได้เดบิวต์จริง ๆ ผมเจอซานะจังได้ทั้งที่เทนเดอร์ หรือเธียเตอร์อเวนิว เดี๋ยวลองถามเธอดูว่าเป็นยังไงบ้าง
28-0566	mission_mission_kind	Investigate Saito	สืบเรื่องไซโตะ
28-0567	mission_mission_kind	I'm checking out Sana-chan's producer, Saito. Apparently he scouts in Theater Square often.	ผมกำลังสืบเรื่องไซโตะ โปรดิวเซอร์ของซานะจัง ได้ยินมาว่าเขามักมาสเกาต์คนแถว เธียเตอร์สแควร์บ่อย ๆ
28-0568	mission_mission_kind	Don't give up on your dream.	อย่ายอมแพ้กับความฝันนะ
28-0569	mission_mission_kind	Another Infidelity Investigation	คดีสืบชู้อีกครั้ง
28-0570	mission_mission_kind	Listen to the Client at the Office	ฟังลูกความที่สำนักงาน
28-0571	mission_mission_kind	I'll meet them at the office when I'm ready.	เดี๋ยวผมไปเจอพวกเขาที่สำนักงาน ตอนพร้อมแล้ว
28-0572	mission_mission_kind	Wait for a call from Seiya	รอโทรศัพท์จากเซยะ
28-0573	mission_mission_kind	Seiya should be able to help me find Deguchi. I'll wait for a call back.	เซยะน่าจะช่วยตามหาเดกุจิได้ เดี๋ยวรอโทรกลับก่อน
28-0574	mission_mission_kind	Discover the Ghost's Identity	ค้นหาตัวตนของผี
28-0575	mission_mission_kind	Stay Away from the Drunk	หลีกเลี่ยงคนเมา
28-0576	mission_mission_kind	Some woman is hammered at Kanrai. The husband looks miserable, but it's not my business. Tooootally not my business.	มีผู้หญิงคนหนึ่งเมาหัวราน้ำ อยู่ที่คันไร สามีดูทุกข์ใจสุด ๆ แต่มันไม่ใช่เรื่องของผมหรอกน่า ไม่ใช่เรื่องของผมจริง ๆ นะ
28-0577	mission_mission_kind	Speak with the Barker	คุยกับพนักงานเรียกแขก
28-0578	mission_mission_kind	Some shady barker stopped me. Probably a scam.	มีพนักงานเรียกแขกดูพิรุธมาเรียกผม คงเป็นมุกหลอกลวงแหละ
28-0579	mission_mission_kind	Request Complete	คำร้องเสร็จสิ้น
28-0580	mission_mission_kind	Talk to the Bandit Chasers	คุยกับพวกไล่ล่าโจร
28-0581	mission_mission_kind	Ono Michio knocked off a store? I better get some details from those two.	โอโนะ มิชิโอะ ปล้นร้านเหรอ? ผมควรไปสอบถามรายละเอียดจากสอง คนนั้นดู
28-0582	mission_mission_kind	Defeat Kumakura	ปราบคุมะคุระ
28-0583	mission_mission_kind	I've been wanting to punch this guy for a while, actually.	จริง ๆ แล้วผมอยากจะต่อยหมอนี่มานานแล้วล่ะ
28-0584	mission_mission_kind	Wait for Sugiura to Get in Touch	รอซุกิอุระติดต่อมา
28-0585	mission_mission_kind	Sugiura is looking into the link between Kajihira and Minister Kazami. I'll kill some time till he calls.	ซุกิอุระกำลังสืบความเชื่อมโยง ระหว่างคาจิฮิระกับ รัฐมนตรีคาซามิอยู่ เดี๋ยวฆ่าเวลารอเขาโทรมาก่อน
28-0586	mission_mission_kind	Head to Theater Square	ไปที่เธียเตอร์สแควร์
28-0587	mission_mission_kind	Still no word from Saori-san. I'll kill some time in Theater Square.	ยังไม่มีข่าวจากซาโอริซังเลย เดี๋ยวฆ่าเวลาที่ เธียเตอร์สแควร์ก่อนละกัน
28-0588	mission_mission_kind	Defeat the Thug	ปราบอันธพาล
28-0589	mission_mission_kind	Fine. I'll humor him.	ก็ได้ ผมจะเล่นตามน้ำก็แล้วกัน
28-0590	mission_mission_kind	Defeat Ryan	ปราบไรอัน
28-0591	mission_mission_kind	Why did it have to end up like this...?	ทำไมมันต้องจบลงแบบนี้ด้วยนะ...?
28-0592	mission_mission_kind	Defeat the Grown-ass Thug	ปราบอันธพาลวัยกลางคน
28-0593	mission_mission_kind	He must be pretty stressed out, huh? Maybe he'll calm down if I hit him.	เขาคงเครียดมากสินะ บางทีถ้าผมต่อยสักหมัดอาจจะช่วย ให้ใจเย็นลงก็ได้
28-0594	mission_mission_kind	Defeat the Muscular Man	ปราบชายร่างกำยำ
28-0595	mission_mission_kind	This has gone too far. Sometimes you can only answer illogical people with illogical violence.	เรื่องนี้มันเลยเถิดไปแล้ว บางทีคนที่ไร้เหตุผลก็ต้อง ตอบโต้ด้วยความรุนแรงที่ ไร้เหตุผลเหมือนกัน
28-0596	mission_mission_kind	Defeat the Dapper Yakuza	ปราบยากูซ่าแต่งตัวเนี้ยบ
28-0597	mission_mission_kind	These guys get angry too fast.	พวกนี้โมโหง่ายเกินไปแล้ว
28-0598	mission_mission_kind	Defeat the Dapper Yakuza Again	ปราบยากูซ่าแต่งตัวเนี้ยบอีกครั้ง
28-0599	mission_mission_kind	These guys again? I'm not gonna let them waste my time.	พวกนี้อีกแล้วเหรอ? ผมจะไม่ปล่อยให้พวกมันมา เสียเวลาผมหรอก
28-0600	mission_mission_kind	Catch the Dine-and-Dasher	จับคนกินแล้วชักดาบ
28-0601	mission_mission_kind	Hit Tanago	ซัดทานาโกะ
28-0602	mission_mission_kind	A fight like this is kind of refreshing every once in a while.	การต่อสู้แบบนี้บางทีก็ทำให้ รู้สึกสดชื่นดีเหมือนกันนะ
28-0603	mission_mission_kind	A fight like this can be kind of refreshing every once in a while, but I hope it doesn't become a regular thing.	การต่อสู้แบบนี้บางทีก็ทำให้ รู้สึกสดชื่นดีเหมือนกัน แต่หวังว่ามันจะไม่กลาย เป็นเรื่องปกติไปซะก่อนนะ
28-0604	mission_mission_kind	Defeat the Yakuza-esque Man	ปราบชายท่าทางยากูซ่า
28-0605	mission_mission_kind	Why does everyone in this city always try to solve things with their fists?	ทำไมคนในเมืองนี้ถึงชอบแก้ปัญหา ด้วยกำปั้นกันจังนะ
28-0606	mission_mission_kind	Chase Shun	ไล่ตามชุน
28-0607	mission_mission_kind	Defeat the Keihin Gang Thugs	ปราบพวกอันธพาลแก๊งเคฮิน
28-0608	mission_mission_kind	Defeat the Keihin Gang Thug	ปราบอันธพาลแก๊งเคฮิน
28-0609	mission_mission_kind	These guys are persistent... like cockroaches.	พวกนี้เหนียวแน่นจริง ๆ ...เหมือนแมลงสาบเลย
28-0610	mission_mission_kind	Defeat Kabata	ปราบคาบาตะ
28-0611	mission_mission_kind	Guess I better calm him down a bit.	คงต้องทำให้เขาใจเย็นลงหน่อยแล้วล่ะ
28-0612	mission_mission_kind	These guys again. I don't really want to waste my time on them.	พวกนี้อีกแล้ว ผมไม่อยากเสียเวลากับพวกมันเลยจริง ๆ
28-0613	mission_mission_kind	Defeat the Blonde Thug	ปราบอันธพาลผมบลอนด์
28-0614	mission_mission_kind	Come on... Does it always have to end in a fight?	ไม่เอาน่า...ทำไมมันต้องจบด้วยการต่อสู้ทุกทีเลย
28-0615	mission_mission_kind	Amane's Request	คำร้องของอามาเนะ
28-0616	mission_mission_kind	I should go speak to Amane.	ผมควรไปคุยกับอามาเนะ
28-0617	mission_mission_kind	Amane-san wants me to tail a guy. Apparently she sees a black and white calamity would befall him. I'll go ask her about it when I get a chance.	อามาเนะซังอยากให้ผมสะกดรอยตาม ผู้ชายคนหนึ่ง เธอบอกว่าเห็นลางร้ายรูปขาวดำจะ เกิดกับเขา เดี๋ยวมีโอกาสจะไปถามเธอเรื่องนี้
28-0618	mission_mission_kind	My Subordinate is Missing	ลูกน้องของฉันหายตัวไป
28-0619	mission_mission_kind	My client is Tanaka-san, who should be wearing a navy jacket over a purple shirt.	ลูกความของผมคือทานากะซัง ควรใส่แจ็คเก็ตกรมท่าทับเสื้อสีม่วง
28-0620	mission_mission_kind	A Dismemberment Case	คดีชำแหละศพ
28-0621	mission_mission_kind	Talk to the Koi Bride Owner	คุยกับเจ้าของโคอิไบรด์
28-0622	mission_mission_kind	The Koi Bride owner has a case for me, and it's about... dismemberment? Yikes.	เจ้าของโคอิไบรด์มีคดีมาให้ผม แล้วมันเกี่ยวกับ...การชำแหละศพเหรอ? โอ้โห
28-0623	mission_mission_kind	Head to Smile Burger	ไปที่สไมล์เบอร์เกอร์
28-0624	mission_mission_kind	The suicidal cop's girlfriend is working at Smile Burger on Nakamichi Street.	แฟนสาวของตำรวจที่พยายาม ฆ่าตัวตายทำงานอยู่ที่ สไมล์เบอร์เกอร์บนถนนนากามิจิ
28-0625	mission_mission_kind	Tail the Two Potential Lovers	สะกดรอยตามคู่รักต้องสงสัย
28-0626	mission_mission_kind	Looks like Aoi is guilty... Sorry, man. Better get some photo evidence.	ดูเหมือนอาโออิจะผิดจริง...ขอโทษนะเพื่อน คงต้องหาหลักฐานภาพถ่ายไว้ก่อน
28-0627	mission_mission_kind	Report the Investigation	รายงานผลการสืบสวน
28-0628	mission_mission_kind	I'll get back up to that rooftop and give our boy the... great news...	ผมจะกลับขึ้นไปที่ดาดฟ้าแล้วบอก...ข่าวดี...ให้เจ้าหนุ่มคนนั้นฟัง
28-0629	mission_mission_kind	Looks like these guys want a fight. Fine.	ดูเหมือนพวกนี้อยากต่อสู้สินะ ก็ได้
28-0630	mission_mission_kind	Accept Shin Amon's Duel	รับคำท้าดวลจากชิน อามอน
28-0631	mission_mission_kind	Some weird dude I've never heard of challenged me to a duel. Guess I can accept it when I feel like it?	มีผู้ชายแปลก ๆ ที่ผมไม่เคยได้ยินชื่อมาท้าดวลผม คงรับคำท้าตอนอยากรับก็ได้มั้ง
28-0632	mission_mission_kind	Get two Bento	ซื้อเบนโตะสองกล่อง
28-0633	mission_mission_kind	The homeless guy wants a pork and a lunch bento set in exchange for info. I can pop over to the Poppo to get them.	ชายไร้บ้านต้องการเบนโตะหมูกับ เบนโตะมื้อกลางวันแลกกับข้อมูล ผมแวะไปที่ป๊อปโปซื้อมาได้
28-0634	mission_mission_kind	Defeat Ryuzenji	ปราบริวเซนจิ
28-0635	mission_mission_kind	A duel? What year does he think this is? But a challenge is a challenge, so I'll take it seriously.	ดวลเหรอ? เขาคิดว่านี่ปีอะไรกันแน่? แต่คำท้าก็คือคำท้า ผมจะจัดการให้จริงจัง
28-0636	mission_mission_kind	Maybe his stomach is where is where his brain should be.	บางทีท้องของเขาอาจจะ ทำหน้าที่แทนสมองก็ได้นะ
28-0637	mission_mission_kind	Pay Tsukumo	จ่ายเงินให้สึคุโมะ
28-0638	mission_mission_kind	Tsukumo can do it, but I'll need to pony up 100,000 for the costs of the wire.	สึคุโมะทำได้ แต่ผมต้องควักเงิน 100,000 เยนเป็นค่าสายไฟ
28-0639	mission_mission_kind	Rescue the Old Man	ช่วยเหลือชายชรา
28-0640	mission_mission_kind	An old man is sprawled out in the Children's Park. I should lend a hand.	มีชายชราคนหนึ่งนอนแผ่อยู่ที่สวนเด็ก ผมควรเข้าไปช่วย
28-0641	mission_mission_kind	Find Mugwort for the Old Man	หาโกฐจุฬาลัมพาให้ชายชรา
28-0642	mission_mission_kind	The old man wants me to find some mugwort for him. Is that really the answer, though?	ชายชราอยากให้ผมหาโกฐจุฬาลัมพามาให้ นั่นเป็นคำตอบจริง ๆ เหรอเนี่ย
28-0643	mission_mission_kind	Ring Thief and Koi Bride Sashimi Case	คดีขโมยแหวนกับซาซิมิโคอิไบรด์
28-0644	mission_mission_kind	Head to the Stardust Rooftop	ไปที่ดาดฟ้าคลับสตาร์ดัสต์
28-0645	mission_mission_kind	That's where my client is. It's a pain, but I should be able to get up the stairs at the back of the building next door.	ลูกความของผมอยู่ที่นั่น น่าเบื่อหน่อยแต่ผมน่าจะขึ้น บันไดหลังตึกข้าง ๆ ได้
28-0646	mission_mission_kind	Return to the Office	กลับไปที่สำนักงาน
28-0647	mission_mission_kind	That was a close one. I'll head back to the office for now.	หวุดหวิดจริง ๆ เดี๋ยวกลับไปที่สำนักงานก่อนแล้วกัน
28-0648	mission_mission_kind	Evade the Enemy and Escape	หลบเลี่ยงศัตรูแล้วหลบหนี
28-0649	mission_mission_kind	The entire city wants my head. I need to stay out of sight and get somewhere safe.	คนทั้งเมืองต้องการหัวผม ผมต้องหลบสายตาแล้วไปหาที่ปลอดภัย
28-0650	mission_mission_kind	Go to Kim-san's Restaurant	ไปร้านอาหารของคิมซัง
28-0651	mission_mission_kind	Kim-san probably knows about the Keihin Gang. I should ask him for advice.	คิมซังน่าจะรู้เรื่องแก๊งเคฮินบ้าง ผมควรไปขอคำแนะนำจากเขา
28-0652	mission_mission_kind	Gather Intel in Theater Square	รวบรวมข้อมูลที่เธียเตอร์สแควร์
28-0653	mission_mission_kind	If I listen to the teens around Theater Square, maybe I'll pick up some info. Ugh. Teens.	ถ้าผมลองฟังพวกวัยรุ่นแถว เธียเตอร์สแควร์ดู อาจจะได้ข้อมูลบ้าง โอ๊ย วัยรุ่นนี่นะ
28-0654	mission_mission_kind	Find the Dealer	ตามหาคนขายยา
28-0655	mission_mission_kind	If the intel's right, the dealer should show up anytime. He'll be wearing a red scarf.	ถ้าข้อมูลถูกต้อง คนขายปืนน่าจะโผล่มาได้ทุกเมื่อ เขาจะใส่ผ้าพันคอสีแดง
28-0656	mission_mission_kind	Search for the Gun Smuggler's Base	ค้นหาฐานของขบวนการค้าปืน
28-0657	mission_mission_kind	The dealer disappeared from the Children's Park. According to Kasai, the base should be beneath it...	คนขายปืนหายตัวไปจากสวนเด็ก ตามที่คาไซบอก ฐานที่ตั้งน่าจะอยู่ใต้สวนนั่นแหละ...
28-0658	mission_mission_kind	Answer the Withheld Call	รับสายที่ปิดเบอร์
28-0659	mission_mission_kind	This must be the serial bomber. Answering this is going to be a headache...	นี่คงเป็นมือระเบิดบ้าคลั่งตัวจริง รับสายนี้คงปวดหัวแน่ ๆ...
28-0660	mission_mission_kind	It's gotta be the serial bomber again... Will he ever stop?	ต้องเป็นมือระเบิดบ้าคลั่งอีกแน่ ๆ ...เขาจะเลิกสักทีไหมเนี่ย
28-0661	mission_mission_kind	Catch Zhuang Shi's Attention	ดึงความสนใจของจวง ซือ
28-0662	mission_mission_kind	Zhuang Shi climbed up pretty high... Do I have anything that could reach him up there?	จวง ซือ ปีนขึ้นไปสูงเชียว...ผมมีอะไรที่จะเอื้อมถึงมันบนนั้นไหมนะ
28-0663	mission_mission_kind	Find Asami Morimiya	ตามหาอาซามิ โมริมิยะ
28-0664	mission_mission_kind	All I've got to go on is Asami-san's phone number and email. I hope that's enough. Maybe I should get some professional assistance?	สิ่งเดียวที่ผมมีคือเบอร์โทรกับ อีเมลของอาซามิซัง หวังว่าจะพอนะ หรือผมควรหาผู้เชี่ยวชาญมาช่วยดี?
28-0665	mission_mission_kind	Eavesdrop on Adachi	แอบฟังอาดาจิ
28-0666	mission_mission_kind	Adachi knows my face. I need to get close to them carefully enough to eavesdrop.	อาดาจิจำหน้าผมได้ ผมต้องเข้าไปใกล้ ๆ อย่างระมัดระวังพอที่จะแอบฟังได้
28-0667	mission_mission_kind	Buy a Figure for Tsukumo	ซื้อฟิกเกอร์ให้สึคุโมะ
28-0668	mission_mission_kind	I should get something for Tsukumo as thanks. Ebisu would probably have something.	ผมควรหาอะไรให้สึคุโมะเป็นการขอบคุณ ที่เอบิสุน่าจะมีของแบบนั้น
28-0669	mission_mission_kind	Deliver Tsukumo's Figure	ส่งฟิกเกอร์ให้สึคุโมะ
28-0670	mission_mission_kind	I should give this to Tsukumo. He's probably at the Mantai Internet Café in Theater Square.	ผมควรเอาสิ่งนี้ไปให้สึคุโมะ เขาน่าจะอยู่ที่ ร้านอินเทอร์เน็ตคาเฟ่มันไทใน เธียเตอร์สแควร์
28-0671	mission_mission_kind	Meet Dr. Moroboshi in the Sewer	พบหมอโมโรโบชิในท่อระบายน้ำ
28-0672	mission_mission_kind	Apparently there's a doctor hiding in the sewers. I should be able to get down there from the Children's Park.	ได้ยินว่ามีหมอซ่อนตัวอยู่ใน ท่อระบายน้ำ ผมน่าจะลงไปที่นั่นได้จากสวนเด็ก
28-0673	mission_mission_kind	The thief that stole the diamond ring bought a cooking knife. Are these cases related? I should ask about that other case while I'm at it.	ขโมยที่ขโมยแหวนเพชรไปซื้อมีด ทำครัวมาด้วย คดีพวกนี้เกี่ยวข้องกันหรือเปล่านะ ผมควรถามเรื่องคดีอีกคดีไปด้วยเลย
28-0674	mission_mission_kind	Leave Out the Backdoor	ออกทางประตูหลัง
28-0675	mission_mission_kind	Amour should have a backdoor. Hamura said he left the same way, so let's see it.	อามูร์น่าจะมีประตูหลัง ฮามุระบอกว่าเขาออกไปทางเดียวกัน ลองไปดูกันดีกว่า
28-0676	mission_mission_kind	Defeat the Tough Guy	ปราบชายร่างแกร่ง
28-0677	mission_mission_kind	Okay, really? And for that matter, how can he tell the difference between Blue Mountain and Guatemalan in just one sip?	เอาจริงดิ? แล้วอีกอย่าง เขาแยกความแตกต่างระหว่าง บลูเมาน์เทนกับกัวเตมาลาได้ จากจิบเดียวได้ยังไงกัน
28-0678	mission_mission_kind	Head to the Ushimata Family Office	ไปที่สำนักงานตระกูลอุชิมาตะ
28-0679	mission_mission_kind	They're on East Taihei Boulevard. Maybe that's where Yusuke's dad is.	พวกเขาอยู่ที่ถนนไทเฮฝั่งตะวันออก บางทีพ่อของยูซึเกะอาจจะอยู่ที่นั่น
28-0680	mission_mission_kind	The robber headed toward Charles, still dressed as Ono Michio. I should check in on that.	โจรมุ่งหน้าไปทางชาร์ลส์ ยังคงแต่งตัวเป็นโอโนะ มิชิโอะอยู่ ผมควรไปตรวจสอบดู
28-0681	mission_mission_kind	Gather Intel at City Hangouts	รวบรวมข้อมูลตามแหล่งพบปะในเมือง
28-0682	mission_mission_kind	Maybe I'll find something interesting about the pistol smuggling. The map shows places where people tend to hang out.	บางทีผมอาจจะเจอเรื่องน่าสนใจ เกี่ยวกับการลักลอบขนปืนก็ได้ แผนที่แสดงจุดที่ผู้คนมักไปรวมตัวกัน
28-0683	mission_mission_kind	Gather Intel at Nyan Nyan Café	รวบรวมข้อมูลที่คาเฟ่เนียนเนียน
28-0684	mission_mission_kind	The owner at Nyan Nyan Café would know about stray cats. I should head to the 3rd floor of that building on Senryo Avenue.	เจ้าของคาเฟ่เนียนเนียนน่าจะ รู้เรื่องแมวจรจัด ผมควรไปที่ชั้น 3 ของตึกนั้นบนถนนเซ็นเรียว
28-0685	mission_mission_kind	Rescue Rei from the Boss	ช่วยเรย์ให้พ้นจากเจ้านาย
28-0686	mission_mission_kind	Rei is being sexually harassed by Iseya! If I don't help her...!	เรย์กำลังถูกอิเซยะคุกคามทางเพศ! ถ้าผมไม่ช่วยเธอ...!
28-0687	mission_mission_kind	Amane-san wants me to tail a guy. She says she sees signs of a black calamity on him. I'll go ask her about it when I get a chance.	อามาเนะซังอยากให้ผมสะกดรอยตาม ผู้ชายคนหนึ่ง เธอบอกว่าเห็นลางร้ายรูปดำเกิดกับเขา เดี๋ยวมีโอกาสจะไปถามเธอเรื่องนี้
28-0688	mission_mission_kind	Speak to Amane	คุยกับอามาเนะ
28-0689	mission_mission_kind	Amane-san wants me to tail a guy. She said she sees a sign of a fire calamity. I'll go ask her about it when I get a chance.	อามาเนะซังอยากให้ผมสะกดรอยตาม ผู้ชายคนหนึ่ง เธอบอกว่าเห็นลางร้ายรูปไฟ เดี๋ยวมีโอกาสจะไปถามเธอเรื่องนี้
28-0690	mission_mission_kind	Follow That Weird Thing	ตามสิ่งประหลาดนั้นไป
28-0691	mission_mission_kind	A strange golden-colored object flew by me. What could it be? Should I go check?	มีวัตถุสีทองประหลาดบินผ่านผมไป มันคืออะไรกันนะ ผมควรไปดูไหม
28-0692	mission_mission_kind	Follow The... Hat?	ตาม...หมวก?
28-0693	mission_mission_kind	That's Tokunaga-san's "hat," right? Fine. I guess I'll pick it up for him...	นั่นคือ "หมวก" ของโทคุนางะซังใช่ไหม เอาก็เอา ผมไปเก็บให้เขาก็แล้วกัน...
28-0694	mission_mission_kind	Please Find My Son	ช่วยตามหาลูกชายของฉันด้วย
28-0695	mission_mission_kind	Meet the client at Café Mijore	พบลูกความที่คาเฟ่มิโจเระ
28-0696	mission_mission_kind	An emergency job to find the client's son. Could he have been kidnapped? The client will be wearing a brown jacket, green slacks, and glasses. I should head over to Mijore.	งานด่วนตามหาลูกชายของลูกความ เขาอาจถูกลักพาตัวไปหรือเปล่า ลูกความจะใส่แจ็คเก็ตสีน้ำตาล กางเกงขายาวสีเขียว และแว่นตา ผมควรไปที่มิโจเระ
28-0697	mission_mission_kind	Please Find My Son Again	ช่วยตามหาลูกชายของฉันอีกครั้ง
28-0698	mission_mission_kind	Meet Ohata-san at Café Mijore	พบโอฮาตะซังที่คาเฟ่มิโจเระ
28-0699	mission_mission_kind	Another job from Ohata-san. I guess Ayumu-kun is playing hide-and-seek again...	งานอีกงานจากโอฮาตะซัง คงเป็นอายุมุคุงเล่นซ่อนหาอีกแล้วสินะ...
28-0700	mission_mission_kind	Please Find My Son (Again)	ช่วยตามหาลูกชายของฉัน (อีกครั้ง)
28-0701	mission_mission_kind	Another job from Ohata-san. Ayumu-kun always looks sad when I find him...	งานอีกงานจากโอฮาตะซัง อายุมุคุงดูเศร้าทุกครั้งที่ผม เจอตัวเขาเลย...
28-0702	mission_mission_kind	Talk to the Punks at the Batting Center	คุยกับพวกนักเลงที่ศูนย์ฝึกตี
28-0703	mission_mission_kind	The young men we're looking for wanted to blow off steam by hitting some balls.	พวกวัยรุ่นที่เรากำลังตามหาอยาก ระบายความเครียดด้วยการตีลูกบอล
28-0704	mission_mission_kind	Pay 100,000 and Modify the Drone	จ่าย 100,000 เยนเพื่อดัดแปลงโดรน
28-0705	mission_mission_kind	According to Makihara-kun, I'll need 100,000 yen to modify and install a shooting mechanism on the Pigeon. I need to get 100,000 yen somehow. 	ตามที่มาคิฮาระคุงบอก ผมต้องใช้เงิน 100,000 เยนเพื่อดัดแปลงและติดตั้งกลไก ยิงบนนกพิราบ ผมต้องหาเงิน 100,000 เยนให้ได้สักทางหนึ่ง 
28-0706	mission_mission_kind	Check on Nanami's situation through messaging	ตรวจสอบสถานการณ์ของนานามิผ่านข้อความ
28-0707	mission_mission_kind	Naname's kidnapped? What could have happened? I'll need to communicate with her to get more info.	นานามิถูกลักพาตัวเหรอ? เกิดอะไรขึ้นกันแน่นะ? ผมต้องติดต่อเธอเพื่อหาข้อมูล เพิ่มเติม
28-0708	mission_mission_kind	Investigate the Parking Lot	สืบสวนลานจอดรถ
28-0709	mission_mission_kind	So this is the parking lot where the truck Okubo-kun used to carry the body was parked. I hope I can find something...	นี่สินะลานจอดรถที่รถบรรทุกของ โอคุโบะคุงจอดตอนขนศพ หวังว่าผมจะเจออะไรบ้างนะ...
28-0710	mission_mission_kind	Talk with Terasawa	คุยกับเทราซาวะ
28-0711	mission_mission_kind	I came here to look because Terasawa-san told me to, but I don't think I missed anything. I should call it a day.	ผมมาที่นี่เพราะเทราซาวะซังบอกให้มาดู แต่คิดว่าคงไม่มีอะไรตกหล่นแล้วล่ะ เลิกกันแค่นี้ดีกว่า
28-0712	mission_mission_kind	Head to Nakamichi Street	ไปที่ถนนนากามิจิ
28-0713	mission_mission_kind	Karin-chan headed toward Nakamichi Street. I need to go there and find Karin-chan.	คารินจังมุ่งหน้าไปทางถนนนากามิจิ ผมต้องไปที่นั่นและตามหา คารินจังให้เจอ
28-0714	mission_mission_kind	Choose the Next Stop	เลือกจุดหมายต่อไป
28-0715	mission_mission_kind	Seems like everyone has their own plans. I'll go ask around for the details.	ดูเหมือนทุกคนจะมีแผนของตัวเอง เดี๋ยวผมไปถามรายละเอียดดูก่อน
28-0716	mission_mission_kind	I've done everything I need to do. I should swing back by the office.	ผมทำทุกอย่างที่ต้องทำแล้ว ควรแวะกลับไปที่สำนักงานหน่อย
28-0717	mission_mission_kind	Talk to Sugiura (Daytime Only)	คุยกับซุกิอุระ (เฉพาะช่วงกลางวัน)
28-0718	mission_mission_kind	I've pretty much done everything I can. Things are going to get busy, so I'd better take care of any loose ends now.	ผมทำทุกอย่างที่ทำได้เกือบหมดแล้ว เดี๋ยวคงจะยุ่งขึ้นเรื่อย ๆ ผมควรจัดการเรื่องค้างคาให้ เรียบร้อยตอนนี้เลย
28-0719	mission_mission_kind	I need to stop Kuroiwa, now. There has to be some other way to get to the research wing.	ผมต้องหยุดคุโรอิวะเดี๋ยวนี้ ต้องมีทางอื่นไปยังปีกวิจัยแน่ ๆ
28-0720	talk_select_select	Abe-shi	คุณอาเบะ
28-0721	talk_select_select	Did Hamura really kill him?	ฮามุระเป็นคนฆ่าเขาจริงๆเหรอ?
28-0722	talk_select_select	What has Hamura said about it?	ฮามุระพูดถึงเรื่องนี้ว่ายังไง?
28-0723	talk_select_select	I think I'm good.	ผมว่าผมโอเคแล้วนะ
28-0724	talk_select_select	Why did the police arrest Hamura?	ทำไมตำรวจถึงจับฮามุระ?
28-0725	talk_select_select	About the Violence in the Club	เรื่องความรุนแรงในคลับ
28-0726	talk_select_select	About the Police Response	เรื่องการตอบสนองของตำรวจ
28-0727	talk_select_select	That's all I wanted to ask.	แค่นี้แหละที่อยากถาม
28-0728	talk_select_select	About the Security Camera Out Back	เรื่องกล้องวงจรปิดด้านหลัง
28-0729	talk_select_select	Sneak in a Window	แอบเข้าทางหน้าต่าง
28-0730	talk_select_select	Put on a Disguise	ปลอมตัว
28-0731	talk_select_select	Force Your Way In	บุกเข้าไปตรงๆ
28-0732	talk_select_select	The Body	ศพ
28-0733	talk_select_select	A Face with No Eyes	ใบหน้าที่ไร้ดวงตา
28-0734	talk_select_select	Trash Bags and Buckets in the Area	ถุงขยะกับถังในบริเวณนั้น
28-0735	talk_select_select	Ground with No Blood Traces	พื้นที่ไม่มีร่องรอยเลือด
28-0736	talk_select_select	Chest of Corpse	หน้าอกของศพ
28-0737	talk_select_select	Head Out	ออกเดินทาง
28-0738	talk_select_select	Nothing	ไม่มีอะไร
28-0739	talk_select_select	Ask About Rates	ถามเรื่องราคา
28-0740	talk_select_select	Enter the Battle Royale	เข้าร่วม Battle Royale
28-0741	talk_select_select	Play mahjong at the easy table?	เล่นมาจองที่โต๊ะระดับง่ายไหม?
28-0742	talk_select_select	Play mahjong at the intermediate table?	เล่นมาจองที่โต๊ะระดับกลางไหม?
28-0743	talk_select_select	Play mahjong at the advanced table?	เล่นมาจองที่โต๊ะระดับสูงไหม?
28-0744	talk_select_select	Enter Grand Prix	เข้าร่วมกรังด์ปรีซ์
28-0745	talk_select_select	Test Flight	ทดสอบการบิน
28-0746	talk_select_select	Online Ranking	อันดับออนไลน์
28-0747	talk_select_select	Single Race	แข่งเดี่ยว
28-0748	talk_select_select	View Hand Details	ดูรายละเอียดไพ่
28-0749	talk_select_select	Low Rate Play (Starting from 10 chips)	เดิมพันเรทต่ำ (เริ่มจาก 10 ชิป)
28-0750	talk_select_select	High Rate Play (Starting from 100 chips)	เดิมพันเรทสูง (เริ่มจาก 100 ชิป)
28-0751	talk_select_select	Food	อาหาร
28-0752	talk_select_select	Date	เดต
28-0753	talk_select_select	I'm from a different company...	ผมมาจากบริษัทอื่น...
28-0754	talk_select_select	I got plastic surgery...	ผมทำศัลยกรรมมา...
28-0755	talk_select_select	I'm just filling in...	ผมแค่มาช่วยแทนน่ะ...
28-0756	talk_select_select	How many Kyorei members are there?	ตระกูลเคียวเรอิมีสมาชิกกี่คน?
28-0757	talk_select_select	What's the code for the door?	รหัสประตูคืออะไร?
28-0758	talk_select_select	This is the reception desk for <color=title>Paradise VR</color>. Choose your stage.	นี่คือเคาน์เตอร์ต้อนรับของ <color=title>Paradise VR</color> เลือกด่านของคุณ
28-0759	talk_select_select	Hard (Night)	ยาก (กลางคืน)
28-0760	talk_select_select	Normal (Night)	ปกติ (กลางคืน)
28-0761	talk_select_select	Easy (Night)	ง่าย (กลางคืน)
28-0762	talk_select_select	Night	กลางคืน
28-0763	talk_select_select	Afternoon	ช่วงบ่าย
28-0764	talk_select_select	8 test 0	8 ทดสอบ 0
28-0765	talk_select_select	8 test 1	8 ทดสอบ 1
28-0766	talk_select_select	Start Over	เริ่มใหม่
28-0767	talk_select_select	Resume	กลับเข้าเกม
28-0768	talk_select_select	Play Ranked	เล่นแบบจัดแรงค์
28-0769	talk_select_select	Play a Challenge	เล่นด่านท้าทาย
28-0770	talk_select_select	Listen to the Rules	ฟังกติกา
28-0771	talk_select_select	Low Rate Play (Starting from 100 chips)	เดิมพันเรทต่ำ (เริ่มจาก 100 ชิป)
28-0772	talk_select_select	High Rate Play (Starting from 1000 chips)	เดิมพันเรทสูง (เริ่มจาก 1000 ชิป)
28-0773	talk_select_select	Rest until when?	พักจนถึงเมื่อไหร่?
28-0774	talk_select_select	Rest Until Night	พักจนถึงกลางคืน
28-0775	talk_select_select	Rest Until Evening	พักจนถึงเย็น
28-0776	talk_select_select	Rest Until Morning	พักจนถึงเช้า
28-0777	talk_select_select	I'm here to buy.	มาซื้อของ
28-0778	talk_select_select	I'm here to sell.	มาขายของ
28-0779	talk_select_select	To 4F	ไปชั้น 4
28-0780	talk_select_select	To 3F	ไปชั้น 3
28-0781	talk_select_select	Don't worry. We can do it.	ไม่ต้องห่วง เราทำได้แน่
28-0782	talk_select_select	We have to do it.	เราต้องทำให้ได้
28-0783	talk_select_select	Shut up, you're making me doubt myself.	เงียบไปเลย นายทำให้ผมไม่มั่นใจตัวเองแล้ว
28-0784	talk_select_select	50 mins - 13,000 yen	50 นาที - 13,000 เยน
28-0785	talk_select_select	65 mins - 17,000 yen	65 นาที - 17,000 เยน
28-0786	talk_select_select	Leave	ออกไป
28-0787	talk_select_select	35 mins - 9,000 yen	35 นาที - 9,000 เยน
28-0788	talk_select_select	Yuna-chan	ยูนะจัง
28-0789	talk_select_select	Marin-chan	มารินจัง
28-0790	talk_select_select	Kanae-chan	คานาเอะจัง
28-0791	talk_select_select	About Higashi	เรื่องฮิงาชิ
28-0792	talk_select_select	About Hamura	เรื่องฮามุระ
28-0793	talk_select_select	About the Stolen Money	เรื่องเงินที่ถูกขโมย
28-0794	talk_select_select	Don't Rest	ไม่พัก
28-0795	talk_select_select	What's happening in the Matsugane Family right now?	ตอนนี้ตระกูลมัตสึกาเนะเป็นยังไงบ้าง?
28-0796	talk_select_select	How's it feel to be called a dirty cop?	โดนเรียกว่าตำรวจสายเน่ารู้สึก ยังไงบ้าง?
28-0797	talk_select_select	I should get going.	ผมควรไปได้แล้ว
28-0798	talk_select_select	How's Kamurocho been lately?	ช่วงนี้คามุโรโจเป็นยังไงบ้าง?
28-0799	talk_select_select	Why did the Kyorei Clan come to Kamurocho?	ทำไมตระกูลเคียวเรอิถึงมาคามุโรโจ?
28-0800	talk_select_select	What did you want to talk about?	อยากคุยเรื่องอะไรเหรอ?
28-0801	talk_select_select	Let's talk later.	ไว้คุยกันทีหลัง
28-0802	talk_select_select	No one suspicious.	ไม่มีใครน่าสงสัย
28-0803	talk_select_select	Yagami, a Detective	ยากามิ นักสืบ
28-0804	talk_select_select	Yagami, a Lawyer	ยากามิ ทนายความ
28-0805	talk_select_select	Shintani, a Lawyer	ชินทานิ ทนายความ
28-0806	talk_select_select	Dementia Drugs	ยารักษาภาวะสมองเสื่อม
28-0807	talk_select_select	The Murders in Kamurocho	คดีฆาตกรรมในคามุโรโจ
28-0808	talk_select_select	The Shinpei Okubo Incident	เหตุการณ์ชินเป โอคุโบะ
28-0809	talk_select_select	Review the Case	ทบทวนคดี
28-0810	talk_select_select	No, I'm going to keep looking.	ไม่ล่ะ ผมจะหาต่อไป
28-0811	talk_select_select	Yeah, I've investigated enough.	ใช่ ผมสืบมามากพอแล้ว
28-0812	talk_select_select	Are you scared of the director?	กลัวท่านผู้อำนวยการเหรอ?
28-0813	talk_select_select	There's a lot of money behind AD-9, huh?	มีเงินก้อนโตอยู่เบื้องหลัง AD-9 เลยนะ
28-0814	talk_select_select	Do you know about the murders in Kamurocho?	รู้เรื่องคดีฆาตกรรมในคามุโรโจไหม?
28-0815	talk_select_select	Was it when I was talking to Mafuyu?	ตอนที่ผมคุยกับมาฟุยุใช่ไหม?
28-0816	talk_select_select	Was it when I was talking to Ayabe?	ตอนที่ผมคุยกับอายาเบะใช่ไหม?
28-0817	talk_select_select	Was it when I was talking to Genda?	ตอนที่ผมคุยกับอาจารย์เก็นดะใช่ไหม?
28-0818	talk_select_select	Because you're cute.	เพราะเธอน่ารักไง
28-0819	talk_select_select	Because you know me.	เพราะเธอรู้จักผมไง
28-0820	talk_select_select	To get revenge on the prosecution and police.	เพื่อแก้แค้นอัยการกับตำรวจ
28-0821	talk_select_select	No, hold on.	ไม่ เดี๋ยวก่อน
28-0822	talk_select_select	Yeah, anytime.	ได้ เมื่อไหร่ก็ได้เลย
28-0823	talk_select_select	Ask Ayabe	ถามอายาเบะ
28-0824	talk_select_select	Ask Tsukumo	ถามสึคุโมะ
28-0825	talk_select_select	Ask Saori	ถามซาโอริ
28-0826	talk_select_select	Ask Mafuyu	ถามมาฟุยุ
28-0827	talk_select_select	Red Bean	ถั่วแดง
28-0828	talk_select_select	Saori	ซาโอริ
28-0829	talk_select_select	Matcha	มัทฉะ
28-0830	talk_select_select	Yeah. I'm gonna have trouble sleeping tonight.	ใช่ คืนนี้ผมคงนอนไม่หลับแน่ๆ
28-0831	talk_select_select	I like you more now.	ตอนนี้ผมชอบเธอมากขึ้นนะ
28-0832	talk_select_select	Nah, I'm fine.	ไม่ล่ะ ผมไม่เป็นไร
28-0833	talk_select_select	My name is Saori.	ฉันชื่อซาโอริ
28-0834	talk_select_select	The name's Saori!	ซาโอริ นั่นแหละชื่อฉัน!
28-0835	talk_select_select	I'm Saori.	ฉันซาโอริเอง
28-0836	talk_select_select	Were you asleep?	หลับอยู่รึเปล่า?
28-0837	talk_select_select	I love your tie!	เนคไทสวยจังเลย!
28-0838	talk_select_select	Now that's asking too much.	โอ๊ย ขอมากไปแล้ว
28-0839	talk_select_select	Hashiki-san!?	ฮาชิกิซัง!?
28-0840	talk_select_select	Hoshino-san!?	โฮชิโนะซัง!?
28-0841	talk_select_select	Shono-san!?	โชโนะซัง!?
28-0842	talk_select_select	Give Mika a Sign	ส่งสัญญาณให้มิกะ
28-0843	talk_select_select	Leave it Be	ปล่อยไว้แบบนั้น
28-0844	talk_select_select	Urge Him to Order Another	กระตุ้นให้เขาสั่งเพิ่ม
28-0845	talk_select_select	Get Close to Him	เข้าไปใกล้ๆเขา
28-0846	talk_select_select	Sweet Talk	พูดจาหว่านล้อม
28-0847	talk_select_select	You remember a lot about Hashiki, huh?	จำเรื่องฮาชิกิได้เยอะเลยนะ
28-0848	talk_select_select	Did the name Kajihira come up?	มีใครพูดถึงชื่อคาจิฮิระไหม?
28-0849	talk_select_select	That's all. Thanks.	แค่นี้แหละ ขอบคุณนะ
28-0850	talk_select_select	How was Shono acting?	โชโนะทำตัวยังไงบ้าง?
28-0851	talk_select_select	The burden of proof is on the prosecution.	ภาระการพิสูจน์เป็นหน้าที่ของ ฝ่ายอัยการ
28-0852	talk_select_select	That's why I'm here.	ผมถึงมาที่นี่ไง
28-0853	talk_select_select	I'll do it.	ผมจะทำเอง
28-0854	talk_select_select	Yoji Shono, a Scientist	โยจิ โชโนะ นักวิทยาศาสตร์
28-0855	talk_select_select	Ryusuke Kido, Director of the ADDC	ริวสึเกะ คิโดะ ผู้อำนวยการ ADDC
28-0856	talk_select_select	Toru Hashiki, the ADDC's Vice Director	โทรุ ฮาชิกิ รองผู้อำนวยการ ADDC
28-0857	talk_select_select	Emi Terasawa, a Nurse	เอมิ เทราซาวะ พยาบาล
28-0858	talk_select_select	Give him the money	ให้เงินเขาไป
28-0859	talk_select_select	I need time to get ready.	ผมต้องใช้เวลาเตรียมตัว
28-0860	talk_select_select	Ask Someone Else	ถามคนอื่นดู
28-0861	talk_select_select	Don't Lend the Money	ไม่ให้ยืมเงิน
28-0862	talk_select_select	Lend it	ให้ยืม
28-0863	talk_select_select	Just a sec.	เดี๋ยวก่อนนะ
28-0864	talk_select_select	Let's do it.	ลุยเลย
28-0865	talk_select_select	Two Times	สองครั้ง
28-0866	talk_select_select	Three Times	สามครั้ง
28-0867	talk_select_select	Four Times	สี่ครั้ง
28-0868	talk_select_select	One Time	หนึ่งครั้ง
28-0869	talk_select_select	Shintani's Murder	คดีฆาตกรรมชินทานิ
28-0870	talk_select_select	Waku's Murder	คดีฆาตกรรมวาคุ
28-0871	talk_select_select	Emi's Murder	คดีฆาตกรรมเอมิ
28-0872	talk_select_select	Hashiki's Murder	คดีฆาตกรรมฮาชิกิ
28-0873	talk_select_select	The Kyorei Clan Murders	คดีฆาตกรรมตระกูลเคียวเรอิ
28-0874	talk_select_select	Where's the Mole right now?	ตอนนี้ไส้ศึกอยู่ที่ไหน?
28-0875	talk_select_select	Why did you pick Kyorei Clan yakuza as test subjects?	ทำไมถึงเลือกยากูซ่า ตระกูลเคียวเรอิเป็นหนูทดลอง?
28-0876	talk_select_select	Security Camera in Front of Amour	กล้องวงจรปิดหน้าคลับอามูร์
28-0877	talk_select_select	Let's see how the crime played out.	มาดูกันว่าเหตุการณ์เกิดขึ้นยังไง
28-0878	talk_select_select	Autopsy Performed by Shono	ผลชันสูตรศพโดยโชโนะ
28-0879	talk_select_select	That's when the Mole appears.	นั่นคือตอนที่ไส้ศึกปรากฏตัว
28-0880	talk_select_select	Attack on Murase of the Kyorei Clan	การโจมตีมุราเสะแห่งตระกูลเคียวเรอิ
28-0881	talk_select_select	Just hear me out...	ฟังผมพูดก่อนนะ...
28-0882	talk_select_select	Depends on what "it" is.	ก็แล้วแต่ว่า "มัน" คืออะไร
28-0883	talk_select_select	I'm on the job right now.	ตอนนี้ผมกำลังทำงานอยู่
28-0884	talk_select_select	What are you trying to do by getting me drunk?	จะทำอะไรด้วยการมอมเหล้าผม?
28-0885	talk_select_select	With pleasure.	ด้วยความยินดี
28-0886	talk_select_select	I really can't.	ผมทำจริง ๆ ไม่ได้
28-0887	talk_select_select	How is AD-9 progressing?	AD-9 คืบหน้าไปถึงไหนแล้ว?
28-0888	talk_select_select	How about you interview me?	ลองสัมภาษณ์ผมดูไหมล่ะ?
28-0889	talk_select_select	I want to know more about you.	ผมอยากรู้จักคุณมากกว่านี้
28-0890	talk_select_select	Stroke Kido's Chin	ลูบคางคิโดะ
28-0891	talk_select_select	Undo Another Button	ปลดกระดุมอีกเม็ด
28-0892	talk_select_select	Sexily Cross Your Legs	ไขว่ห้างอย่างยั่วยวน
28-0893	talk_select_select	Hamura from the Matsugane Family	ฮามุระแห่งตระกูลมัตสึกาเนะ
28-0894	talk_select_select	All right, let's go.	โอเค ไปกันเถอะ
28-0895	talk_select_select	To tell her to obey Morita.	เพื่อบอกให้เธอทำตามคำสั่งของโมริตะ
28-0896	talk_select_select	I'll check that out later.	เดี๋ยวผมไปตรวจดูทีหลัง
28-0897	talk_select_select	Sure. I'll go see him.	ได้ ผมจะไปหาเขา
28-0898	talk_select_select	How can we get you to cooperate?	ต้องทำยังไงคุณถึงจะยอมให้ความร่วมมือ?
28-0899	talk_select_select	Have you talked to Ichinose at all?	คุณเคยคุยกับอิจิโนเสะบ้างไหม?
28-0900	talk_select_select	You don't have anyone to rely on, huh?	ไม่มีใครให้พึ่งพาเลยสินะ?
28-0901	talk_select_select	Let's have fun in Kamurocho together.	ไปสนุกด้วยกันในคามุโรโจกันเถอะ
28-0902	talk_select_select	Let's hang out together.	ไปเที่ยวด้วยกันเถอะ
28-0903	talk_select_select	Let's go visit Emi's grave together.	ไปไหว้หลุมศพเอมิด้วยกันเถอะ
28-0904	talk_select_select	It gave hope to the field of medicine.	มันมอบความหวังให้วงการแพทย์
28-0905	talk_select_select	It created cushy retirement positions.	มันสร้างตำแหน่งเกษียณสบาย ๆ
28-0906	talk_select_select	It gave the Health Ministry a reason to exist.	มันทำให้กระทรวงสาธารณสุข มีเหตุผลที่จะมีอยู่
28-0907	talk_select_select	Rifling of a Bullet	รอยเกลียวบนหัวกระสุน
28-0908	talk_select_select	Photo of Shintani's Corpse	ภาพถ่ายศพชินทานิ
28-0909	talk_select_select	You'd do it even if I said no, right?	ถึงผมจะบอกว่าไม่ คุณก็จะทำอยู่ดีใช่ไหม?
28-0910	talk_select_select	Once more, from the top.	ขอทวนอีกทีตั้งแต่ต้น
28-0911	talk_select_select	Minister Kazami, from the Health Ministry.	รัฐมนตรีคาซามิ จากกระทรวงสาธารณสุข
28-0912	talk_select_select	Shigeru Kajihira, Chairman of the Kajihira Group	ชิเงรุ คาจิฮิระ ประธานกลุ่มคาจิฮิระ
28-0913	talk_select_select	Six months ago when Hashiki died.	หกเดือนก่อนตอนที่ฮาชิกิตาย
28-0914	talk_select_select	When he started killing the Kyorei yakuza.	ตอนที่เขาเริ่มฆ่ายากูซ่า ตระกูลเคียวเรอิ
28-0915	talk_select_select	Three years ago when Waku died.	สามปีก่อนตอนที่วาคุตาย
28-0916	talk_select_select	Next Page	หน้าถัดไป
28-0917	talk_select_select	Masamichi Shintani, a Lawyer	มาซามิจิ ชินทานิ ทนายความ
28-0918	talk_select_select	Yeah, let's go.	ใช่ ไปกันเลย
28-0919	talk_select_select	I was practicing evil deeds!	ผมกำลังฝึกทำความชั่ว!
28-0920	talk_select_select	A vampire is above the law!	แวมไพร์อยู่เหนือกฎหมาย!
28-0921	talk_select_select	I'll do volunteer work.	ผมจะไปทำงานอาสาสมัคร
28-0922	talk_select_select	I'll apologize to all the victims myself.	ผมจะไปขอโทษเหยื่อทุกคนด้วยตัวเอง
28-0923	talk_select_select	I will return the money.	ผมจะคืนเงิน
28-0924	talk_select_select	Why is Hoshino being suspected?	ทำไมโฮชิโนะถึงถูกสงสัย?
28-0925	talk_select_select	Why Mafuyu?	ทำไมต้องมาฟุยุ?
28-0926	talk_select_select	What is Hoshino being suspected of?	โฮชิโนะถูกสงสัยว่าทำอะไร?
28-0927	talk_select_select	Nobody!	ไม่มีใครทั้งนั้น!
28-0928	talk_select_select	About the Victim	เรื่องเหยื่อ
28-0929	talk_select_select	About the Alibi	เรื่องพยานที่อยู่
28-0930	talk_select_select	Arguing with Kume	การทะเลาะกับคุเมะ
28-0931	talk_select_select	Pass time on the sofa?	นั่งฆ่าเวลาบนโซฟาไหม?
28-0932	talk_select_select	Do you have work?	คุณมีงานทำไหม?
28-0933	talk_select_select	I can't ask that.	ผมถามแบบนั้นไม่ได้หรอก
28-0934	talk_select_select	Ask for the sake of the investigation	ถามเพื่อการสืบสวน
28-0935	talk_select_select	Changed my mind.	เปลี่ยนใจแล้ว
28-0936	talk_select_select	Customers who leave it up to you?	ลูกค้าที่ปล่อยให้คุณตัดสินใจเองเหรอ?
28-0937	talk_select_select	Customers who order cheap drinks?	ลูกค้าที่สั่งเครื่องดื่มถูก ๆ เหรอ?
28-0938	talk_select_select	Customers who ask the impossible?	ลูกค้าที่ขอในสิ่งที่เป็นไปไม่ได้เหรอ?
28-0939	talk_select_select	The cocktail was difficult?	ค็อกเทลมันยากเหรอ?
28-0940	talk_select_select	You lacked the ingredients?	วัตถุดิบไม่พอเหรอ?
28-0941	talk_select_select	You didn't know how to make it?	ไม่รู้วิธีทำเหรอ?
28-0942	talk_select_select	It's an original from another bar?	มันเป็นสูตรต้นตำรับจากร้านอื่นเหรอ?
28-0943	talk_select_select	Talk about the Bomber	คุยเรื่องมือระเบิด
28-0944	talk_select_select	Talk About the Twisted Trio	คุยเรื่องสามโรคจิต
28-0945	talk_select_select	Talk about Amane	คุยเรื่องอามาเนะ
28-0946	talk_select_select	Talk About the Haunted Apartment	คุยเรื่องอพาร์ตเมนต์ผีสิง
28-0947	talk_select_select	Talk about Koi Bride	คุยเรื่องโคอิไบรด์
28-0948	talk_select_select	Talk about Zhuang Shi	คุยเรื่องจวง ซือ
28-0949	talk_select_select	Talk about Ono Michio	คุยเรื่องโอโนะ มิชิโอะ
28-0950	talk_select_select	Talk About the Wanted Criminal	คุยเรื่องอาชญากรตามหมายจับ
28-0951	talk_select_select	Introduce Yourself	แนะนำตัวเอง
28-0952	talk_select_select	You're the culprit!	คุณคือผู้ก่อเหตุ!
28-0953	talk_select_select	Reconsider It	ทบทวนอีกที
28-0954	talk_select_select	Buy Wooden Tags	ซื้อป้ายไม้
28-0955	talk_select_select	Exchange for Prizes	แลกของรางวัล
28-0956	talk_select_select	Buy 50 Points (5,000 yen)	ซื้อ 50 แต้ม (5,000 เยน)
28-0957	talk_select_select	Buy 100 Points (10,000 yen)	ซื้อ 100 แต้ม (10,000 เยน)
28-0958	talk_select_select	Buy 1,000 Points (100,000 yen)	ซื้อ 1,000 แต้ม (100,000 เยน)
28-0959	talk_select_select	Buy Chips	ซื้อชิป
28-0960	talk_select_select	Buy 50 Chips (5,000 yen)	ซื้อ 50 ชิป (5,000 เยน)
28-0961	talk_select_select	Buy 100 Chips (10,000 yen)	ซื้อ 100 ชิป (10,000 เยน)
28-0962	talk_select_select	Buy 1,000 Chips (100,000 yen)	ซื้อ 1,000 ชิป (100,000 เยน)
28-0963	talk_select_select	Don't Use	ไม่ใช้
28-0964	talk_select_select	Use the Trips Yokan	ใช้โยกันสามชิ้น
28-0965	talk_select_select	Use the 10-10-1 Charm	ใช้เครื่องรางเลข 10-10-1
28-0966	talk_select_select	Omaha Hold'em	โอมาฮาโฮลเด็ม
28-0967	talk_select_select	Texas Hold'em	เท็กซัสโฮลเด็ม
28-0968	talk_select_select	Pineapple Hold'em	ไพน์แอปเปิลโฮลเด็ม
28-0969	talk_select_select	Not Now	ไม่ใช่ตอนนี้
28-0970	talk_select_select	Let's get it started.	เริ่มกันเลย
28-0971	talk_select_select	The captain.	กัปตันน่ะ
28-0972	talk_select_select	My father.	พ่อผมเอง
28-0973	talk_select_select	My younger brother.	น้องชายผมเอง
28-0974	talk_select_select	She's my stalker.	เธอเป็นสตอล์กเกอร์ของผม
28-0975	talk_select_select	She's my ex-girlfriend.	เธอเป็นแฟนเก่าผม
28-0976	talk_select_select	She's got the wrong guy.	เธอจำคนผิดน่ะ
28-0977	talk_select_select	Then let the search begin.	งั้นเริ่มค้นหากันเลย
28-0978	talk_select_select	I'd really rather not.	ผมไม่อยากทำจริง ๆ
28-0979	talk_select_select	Don't Join In	ไม่เข้าร่วม
28-0980	talk_select_select	Join In	เข้าร่วม
28-0981	talk_select_select	An Author	นักเขียน
28-0982	talk_select_select	A Doctor	หมอ
28-0983	talk_select_select	A CEO's Lover	คนรักของซีอีโอ
28-0984	talk_select_select	Report the Truth	รายงานความจริง
28-0985	talk_select_select	Dodge the Question	หลบคำถาม
28-0986	talk_select_select	Answer the Call	รับสาย
28-0987	talk_select_select	Now's not the time.	ตอนนี้ไม่ใช่เวลา
28-0988	talk_select_select	Go in on Your Own	เข้าไปคนเดียว
28-0989	talk_select_select	Call for Help	เรียกคนช่วย
28-0990	talk_select_select	Follow	ตาม
28-0991	talk_select_select	Don't Pay	ไม่จ่าย
28-0992	talk_select_select	Pay	จ่าย
28-0993	talk_select_select	Try and Hit Him	ลองชกเขาดู
28-0994	talk_select_select	Change Out UFO Catcher Prizes	เปลี่ยนของรางวัล UFO Catcher
28-0995	talk_select_select	Use the Nine Gates Tile?	ใช้ไพ่เก้าประตูไหม?
28-0996	talk_select_select	Wait a second.	รอเดี๋ยวนะ
28-0997	talk_select_select	Short Course Play Pass: 3	เพลย์พาสคอร์สสั้น: 3
28-0998	talk_select_select	Middle Course Play Pass: 5	เพลย์พาสคอร์สกลาง: 5
28-0999	talk_select_select	Long Course Play Pass: 10	เพลย์พาสคอร์สยาว: 10
28-1000	talk_select_select	Standard Rules	กติกามาตรฐาน
28-1001	talk_select_select	Challenge Rules	กติกาท้าทาย
28-1002	talk_select_select	Actually, I was just passing by.	จริง ๆ แล้วผมแค่ผ่านมา
28-1003	talk_select_select	Arcade	อาร์เคด
28-1004	talk_select_select	Talk about Life in Kamurocho	คุยเรื่องชีวิตในคามุโรโจ
28-1005	talk_select_select	End the Conversation	จบบทสนทนา
28-1006	talk_select_select	Talk About Hobbies	คุยเรื่องงานอดิเรก
28-1007	talk_select_select	Take a Picture	ถ่ายรูป
28-1008	talk_select_select	Talk about Sana's Ideal Man	คุยเรื่องผู้ชายในฝันของซานะ
28-1009	talk_select_select	I can make curry, too.	ผมก็ทำแกงกะหรี่เป็นเหมือนกันนะ
28-1010	talk_select_select	Playing pinball.	เล่นพินบอล
28-1011	talk_select_select	Inventing cheap recipes.	คิดค้นสูตรอาหารราคาถูก
28-1012	talk_select_select	Eating store samples.	กินตัวอย่างสินค้าตามร้าน
28-1013	talk_select_select	Tofu steak.	สเต๊กเต้าหู้
28-1014	talk_select_select	That's all I can think of.	คิดออกแค่นี้แหละ
28-1015	talk_select_select	Bowl of tempura bits.	ชามเศษเทมปุระ
28-1016	talk_select_select	Older	แก่กว่า
28-1017	talk_select_select	Younger	อ่อนกว่า
28-1018	talk_select_select	Same Age	อายุเท่ากัน
28-1019	talk_select_select	20 Years	20 ปี
28-1020	talk_select_select	Five Years	5 ปี
28-1021	talk_select_select	15 Years	15 ปี
28-1022	talk_select_select	Try to Come Across as Mature	พยายามทำตัวให้ดูโตกว่าวัย
28-1023	talk_select_select	Gently Express Concern	แสดงความห่วงใยอย่างอ่อนโยน
28-1024	talk_select_select	Warn Her About the City	เตือนเธอเรื่องอันตรายในเมือง
28-1025	talk_select_select	Looks Good	ดูดี
28-1026	talk_select_select	Take it Again	ถ่ายใหม่
28-1027	talk_select_select	Wanna chat in my office?	อยากคุยกันที่ออฟฟิศผมไหม?
28-1028	talk_select_select	Give Her the Bad News	บอกข่าวร้ายกับเธอ
28-1029	talk_select_select	Sing Her Praises	ชื่นชมเธอเต็มที่
28-1030	talk_select_select	Say What Comes Naturally	พูดในสิ่งที่คิดออกมาตามธรรมชาติ
28-1031	talk_select_select	Go Full Asshole 	เล่นบทเลวสุด ๆ ไปเลย
28-1032	talk_select_select	Thank Her	ขอบคุณเธอ
28-1033	talk_select_select	Ask Her to Stay the Night	ชวนเธอค้างคืน
28-1034	talk_select_select	Remind Her it's Getting Late	เตือนเธอว่าดึกแล้ว
28-1035	talk_select_select	Who She Likes	คนที่เธอชอบ
28-1036	talk_select_select	Her Disguise	ชุดปลอมตัวของเธอ
28-1037	talk_select_select	How She's Been	เป็นยังไงบ้างช่วงนี้
28-1038	talk_select_select	I like them both.	ผมชอบทั้งสองแบบเลย
28-1039	talk_select_select	Your usual hair is better.	ทรงผมปกติของคุณดีกว่า
28-1040	talk_select_select	Not much you can do.	ก็คงทำอะไรไม่ได้มาก
28-1041	talk_select_select	Pretend You Know Him	แกล้งทำเป็นรู้จักเขา
28-1042	talk_select_select	Ask Who He Is	ถามว่าเขาเป็นใคร
28-1043	talk_select_select	Let's talk music.	คุยเรื่องดนตรีกันเถอะ
28-1044	talk_select_select	Let's just talk.	แค่คุยกันเฉย ๆ เถอะ
28-1045	talk_select_select	Let's talk relationships.	คุยเรื่องความสัมพันธ์กันเถอะ
28-1046	talk_select_select	Maybe we shouldn't see each other.	บางทีเราไม่ควรเจอกันอีกนะ
28-1047	talk_select_select	I still want to see you.	ผมยังอยากเจอคุณอยู่
28-1048	talk_select_select	I see you as a friend.	ผมมองคุณเป็นเพื่อน
28-1049	talk_select_select	I see you as someone special.	ผมมองคุณเป็นคนพิเศษ
28-1050	talk_select_select	Follow your heart.	ทำตามหัวใจตัวเอง
28-1051	talk_select_select	Better play it safe.	เล่นแบบปลอดภัยไว้ก่อนดีกว่า
28-1052	talk_select_select	What about that song you wrote?	แล้วเพลงที่คุณแต่งล่ะ?
28-1053	talk_select_select	You can persuade him another way.	คุณโน้มน้าวเขาด้วยวิธีอื่นก็ได้
28-1054	talk_select_select	How's your latest single?	ซิงเกิลล่าสุดเป็นยังไงบ้าง?
28-1055	talk_select_select	(She mentioned something important...)	(เธอเพิ่งพูดถึงเรื่องสำคัญ...)
28-1056	talk_select_select	How's that manager of yours?	ผู้จัดการของคุณเป็นยังไงบ้าง?
28-1057	talk_select_select	Accept Her Love	ตอบรับความรักของเธอ
28-1058	talk_select_select	Reject Her Love	ปฏิเสธความรักของเธอ
28-1059	talk_select_select	Try Again	ลองใหม่
28-1060	talk_select_select	Accept the Challenge	รับคำท้า
28-1061	talk_select_select	See the Rest of the Footage	ดูภาพที่เหลือ
28-1062	talk_select_select	Decorate the room with items?	แต่งห้องด้วยของตกแต่งไหม?
28-1063	talk_select_select	Apartment	อพาร์ตเมนต์
28-1064	talk_select_select	POPPO	ป๊อปโป
28-1065	talk_select_select	A Yakitori Place	ร้านยากิโทริ
28-1066	talk_select_select	Kamurocho: Shangri-La	คามุโรโจ: ชังกรีลา
28-1067	talk_select_select	Think About It	คิดดูก่อน
28-1068	talk_select_select	Check the Problem Once More	ตรวจโจทย์อีกครั้ง
28-1069	talk_select_select	Enter the Code	ป้อนรหัส
28-1070	talk_select_select	Let's do that.	เอาแบบนั้นแหละ
28-1071	talk_select_select	Wait a sec.	เดี๋ยวนะ
28-1072	talk_select_select	Let's go back.	กลับกันเถอะ
28-1073	talk_select_select	Refuse	ปฏิเสธ
28-1074	talk_select_select	Buy	ซื้อ
28-1075	talk_select_select	The girl from the cabaret club?	สาวจากคาบาเรต์เหรอ?
28-1076	talk_select_select	Saleslady?	พนักงานขายเหรอ?
28-1077	talk_select_select	The girl singing out in front of Theater Square?	สาวที่ร้องเพลงหน้า เธียเตอร์สแควร์เหรอ?
28-1078	talk_select_select	You had a good voice.	เสียงคุณเพราะดีนะ
28-1079	talk_select_select	I don't remember too well.	ผมจำไม่ค่อยได้
28-1080	talk_select_select	The lyrics were nice.	เนื้อเพลงเพราะดี
28-1081	talk_select_select	Something feels off.	รู้สึกมีอะไรแปลก ๆ
28-1082	talk_select_select	Did something happen with him?	มีอะไรเกิดขึ้นกับเขาเหรอ?
28-1083	talk_select_select	Help the Poor Girl Out	ช่วยเหลือสาวน้อยผู้น่าสงสาร
28-1084	talk_select_select	That might be a good idea.	อาจจะเป็นความคิดที่ดีนะ
28-1085	talk_select_select	It's too early to give up.	ยังเร็วเกินไปที่จะยอมแพ้
28-1086	talk_select_select	Lend an Ear	รับฟัง
28-1087	talk_select_select	If it pays.	ถ้าได้เงินนะ
28-1088	talk_select_select	Tell Her You're Busy	บอกเธอว่าไม่ว่าง
28-1089	talk_select_select	Mafuyu is right.	มาฟุยุพูดถูก
28-1090	talk_select_select	About the Girl's Profile	เรื่องประวัติของหญิงสาว
28-1091	talk_select_select	About the Day He Met Her	เรื่องวันที่เขาพบเธอ
28-1092	talk_select_select	Ask About Kiriko's Relationships with Men	ถามเรื่องความสัมพันธ์ของ คิริโกะกับผู้ชาย
28-1093	talk_select_select	About Kiriko's Husband	เรื่องสามีของคิริโกะ
28-1094	talk_select_select	About Coffee Powder	เรื่องผงกาแฟ
28-1095	talk_select_select	About Her Second Husband's Untimely Death	เรื่องการเสียชีวิตก่อนวัยของ สามีคนที่สอง
28-1096	talk_select_select	About the Bag Being Yellow	เรื่องที่กระเป๋าเป็นสีเหลือง
28-1097	talk_select_select	About the Jacket Being in the Bag	เรื่องที่มีแจ็กเก็ตอยู่ในกระเป๋า
28-1098	talk_select_select	Say the Owner's Initials are Carved in the Dial	บอกว่ามีอักษรย่อของเจ้าของสลัก อยู่บนหน้าปัด
28-1099	talk_select_select	Say it has the Owner's Prints	บอกว่ามีลายนิ้วมือของเจ้าของติดอยู่
28-1100	talk_select_select	100,000 is Too Much	100,000 มันแพงเกินไป
28-1101	talk_select_select	Cooperate	ให้ความร่วมมือ
28-1102	talk_select_select	Don't Cooperate	ไม่ให้ความร่วมมือ
28-1103	talk_select_select	Go Home	กลับบ้าน
28-1104	talk_select_select	The case hasn't been solved yet.	คดียังไม่คลี่คลาย
28-1105	talk_select_select	The blackmailer.	คนแบล็กเมล์
28-1106	talk_select_select	The true culprit.	ผู้ก่อเหตุตัวจริง
28-1107	talk_select_select	The debt collector.	คนทวงหนี้
28-1108	talk_select_select	White Pants	กางเกงสีขาว
28-1109	talk_select_select	Jeans	ยีนส์
28-1110	talk_select_select	A Sense of Refinement	ความประณีต
28-1111	talk_select_select	You pointed out everything that was lacking.	คุณชี้จุดที่ขาดหายไปได้ครบ ทุกอย่างเลย
28-1112	talk_select_select	Shoes	รองเท้า
28-1113	talk_select_select	Sash	สายคาดเอว
28-1114	talk_select_select	White Gloves	ถุงมือสีขาว
28-1115	talk_select_select	To 6F	ไปชั้น 6
28-1116	talk_select_select	Tell Him to Die Elsewhere	บอกให้เขาไปตายที่อื่น
28-1117	talk_select_select	Your mother would be heartbroken.	แม่คุณคงเสียใจแย่เลยนะ
28-1118	talk_select_select	Ask His Name	ถามชื่อเขา
28-1119	talk_select_select	Why do you want to kill yourself?	ทำไมถึงอยากฆ่าตัวตายล่ะ?
28-1120	talk_select_select	It'll hurt if you fall from there!	ตกจากตรงนั้นเจ็บแน่นอน!
28-1121	talk_select_select	Please go elsewhere to die.	ไปตายที่อื่นเถอะครับ
28-1122	talk_select_select	Pretend You Forgot	แกล้งทำเป็นลืม
28-1123	talk_select_select	The Poppo on East Shichifuku Street.	ป๊อปโปที่ถนนชิจิฟุกุฝั่งตะวันออก
28-1124	talk_select_select	Chicken	ไก่
28-1125	talk_select_select	Specials	เมนูพิเศษ
28-1126	talk_select_select	Tastes Like Ass	รสชาติห่วยแตก
28-1127	talk_select_select	Maybe next time.	ไว้คราวหน้าแล้วกัน
28-1128	talk_select_select	Leave Him Be	ปล่อยเขาไป
28-1129	talk_select_select	Stop Him	ห้ามเขาไว้
28-1130	talk_select_select	Tsukumo	สึคุโมะ
28-1131	talk_select_select	Genda	เก็นดะ
28-1132	talk_select_select	Mayonnaise 	มายองเนส
28-1133	talk_select_select	Honey	น้ำผึ้ง
28-1134	talk_select_select	High Fructose Corn Syrup	น้ำเชื่อมข้าวโพดฟรุกโตสสูง
28-1135	talk_select_select	MSG	ผงชูรส
28-1136	talk_select_select	Taste always wins in the end.	สุดท้ายแล้วรสชาติคือสิ่งที่ชนะเสมอ
28-1137	talk_select_select	Make a fancy ramen of your own.	สร้างราเมงสูตรหรูของตัวเอง
28-1138	talk_select_select	(Time for a nice little caffeine buzz.)	(ได้เวลาเติมคาเฟอีนนิดหน่อยแล้วสิ)
28-1139	talk_select_select	Take Another Sip	จิบอีกครั้ง
28-1140	talk_select_select	It was the second one.	อันที่สองต่างหาก
28-1141	talk_select_select	It was the first one.	อันแรกต่างหาก
28-1142	talk_select_select	Head	หัว
28-1143	talk_select_select	Neck	คอ
28-1144	talk_select_select	Shoulders	ไหล่
28-1145	talk_select_select	Waist	เอว
28-1146	talk_select_select	Glutes	ก้น
28-1147	talk_select_select	Calves	น่อง
28-1148	talk_select_select	Feet	เท้า
28-1149	talk_select_select	Try it	ลองดู
28-1150	talk_select_select	Large Intestine	ไส้ใหญ่
28-1151	talk_select_select	Small Intestine	ไส้เล็ก
28-1152	talk_select_select	Kidneys	ไต
28-1153	talk_select_select	Liver	ตับ
28-1154	talk_select_select	Heart	หัวใจ
28-1155	talk_select_select	Stomach	กระเพาะอาหาร
28-1156	talk_select_select	Tail	หาง
28-1157	talk_select_select	Tenderloin	เทนเดอร์ลอยน์
28-1158	talk_select_select	Hip	สะโพก
28-1159	talk_select_select	Flank	แฟลงก์
28-1160	talk_select_select	Suggest Dropping Prices	แนะนำให้ลดราคา
28-1161	talk_select_select	Suggest Free Rice Refills	แนะนำให้เติมข้าวฟรี
28-1162	talk_select_select	Suggest Adding Desserts	แนะนำให้เพิ่มเมนูของหวาน
28-1163	talk_select_select	Suggest a Family Special	แนะนำให้ทำเซ็ตพิเศษสำหรับครอบครัว
28-1164	talk_select_select	Just Sit There	นั่งเฉย ๆ
28-1165	talk_select_select	I'll take you out for food if you tell me.	บอกผมมาสิ เดี๋ยวพาไปกินข้าว
28-1166	talk_select_select	Don't Give Him Food	ไม่ให้อาหารเขา
28-1167	talk_select_select	Give Him Food	ให้อาหารเขา
28-1168	talk_select_select	Didn't you want to say something to these two?	ไม่มีอะไรอยากพูดกับสองคนนี้เหรอ?
28-1169	talk_select_select	You need to look past your feelings.	คุณต้องมองข้ามความรู้สึกไปให้ได้
28-1170	talk_select_select	You're being really immature.	คุณกำลังทำตัวเด็กเกินไปนะ
28-1171	talk_select_select	How many build codes for motors are left?	โค้ดประกอบมอเตอร์เหลืออยู่กี่อัน?
28-1172	talk_select_select	How many build codes for turbos are left?	โค้ดประกอบเทอร์โบเหลืออยู่กี่อัน?
28-1173	talk_select_select	How many build codes for ESCs are left?	โค้ดประกอบ ESC เหลืออยู่กี่อัน?
28-1174	talk_select_select	How many build codes for propellers are left?	โค้ดประกอบใบพัดเหลืออยู่กี่อัน?
28-1175	talk_select_select	How many build codes for frames are left?	โค้ดประกอบเฟรมเหลืออยู่กี่อัน?
28-1176	talk_select_select	Someone ate and then booked it?	มีคนกินเสร็จแล้วชิ่งหนีไปเหรอ?
28-1177	talk_select_select	You bought a book about punching?	คุณซื้อหนังสือเกี่ยวกับ การชกมวยมาเหรอ?
28-1178	talk_select_select	You're regularly out of money?	คุณถังแตกเป็นประจำเหรอ?
28-1179	talk_select_select	You served a customer some punch?	คุณเสิร์ฟน้ำพันช์ให้ลูกค้าคน หนึ่งเหรอ?
28-1180	talk_select_select	Don't Play	ไม่เล่น
28-1181	talk_select_select	Tea	ชา
28-1182	talk_select_select	Hand Towel	ผ้าเช็ดมือ
28-1183	talk_select_select	Ginger	ขิง
28-1184	talk_select_select	The Restroom Key	กุญแจห้องน้ำ
28-1185	talk_select_select	Hummus	ฮัมมัส
28-1186	talk_select_select	Soy Sauce	ซอสถั่วเหลือง
28-1187	talk_select_select	Wasabi	วาซาบิ
28-1188	talk_select_select	Probably your shoes?	รองเท้าคุณมั้ง?
28-1189	talk_select_select	The Used Chopsticks!	ตะเกียบที่ใช้แล้วไงล่ะ!
28-1190	talk_select_select	He meant "vandals!"	เขาหมายถึง "พวกป่าเถื่อน!" ต่างหาก
28-1191	talk_select_select	The sushi plates, man.	จานซูชิไงเพื่อน
28-1192	talk_select_select	Later	ไว้ทีหลัง
28-1193	talk_select_select	Tell Her About the Chocolate Cake	บอกเธอเรื่องเค้กช็อกโกแลต
28-1194	talk_select_select	Tell Her About the Cheesecake	บอกเธอเรื่องชีสเค้ก
28-1195	talk_select_select	Tell Her About the Original Cake	บอกเธอเรื่องเค้กต้นตำรับ
28-1196	talk_select_select	Tell Her About the Seasonal Cake	บอกเธอเรื่องเค้กตามฤดูกาล
28-1197	talk_select_select	No photos, please.	งดถ่ายรูปด้วยนะครับ
28-1198	talk_select_select	Decline	ปฏิเสธ
28-1199	talk_select_select	Accept	ยอมรับ
28-1200	talk_select_select	They wanted to take food to go.	พวกเขาอยากซื้อกลับบ้าน
28-1201	talk_select_select	They wanted to take your life.	พวกเขาต้องการเอาชีวิตคุณ
28-1202	talk_select_select	They wanted to take you on a date.	พวกเขาอยากชวนคุณไปเดต
28-1203	talk_select_select	Kondo is calling for you.	คนโดะเรียกหาคุณอยู่
28-1204	talk_select_select	I need a check-up.	ผมต้องไปตรวจร่างกาย
28-1205	talk_select_select	I need a medical kit.	ผมต้องใช้ชุดปฐมพยาบาล
28-1206	talk_select_select	Sucks to be him!	แย่หน่อยนะเขา!
28-1207	talk_select_select	Step In	เข้าไปแทรกแซง
28-1208	talk_select_select	Some other time.	ไว้โอกาสหน้า
28-1209	talk_select_select	If you accept this case, you will have to see it through to completion before resuming the main story or any other events in progress. Are you sure?	ถ้ารับคดีนี้ คุณจะต้องทำให้เสร็จสิ้นก่อนถึง จะกลับไปเล่น เนื้อเรื่องหลักหรือกิจกรรมอื่น ที่ค้างอยู่ได้ แน่ใจนะ?
28-1210	talk_select_select	Casino	คาสิโน
28-1211	talk_select_select	Ask About the Calamities	ถามเรื่องลางร้าย
28-1212	talk_select_select	Ask What's Been Bothering Her	ถามว่าเธอกังวลเรื่องอะไร
28-1213	talk_select_select	Find Out More About Her	สืบเรื่องเธอเพิ่มเติม
28-1214	talk_select_select	Do you even make a profit from that?	ทำแบบนั้นได้กำไรจริงเหรอ?
28-1215	talk_select_select	You have a very noble attitude.	คุณมีทัศนคติที่สูงส่งมากเลยนะ
28-1216	talk_select_select	Have you ever thought about yourself?	เคยคิดถึงตัวเองบ้างไหม?
28-1217	talk_select_select	I'm only kind to you.	ผมใจดีกับคุณคนเดียวเท่านั้นแหละ
28-1218	talk_select_select	Be Indirect	พูดอ้อม ๆ
28-1219	talk_select_select	Be Blunt	พูดตรง ๆ
28-1220	talk_select_select	Well, we are partners.	ก็เราเป็นหุ้นส่วนกันนี่นา
28-1221	talk_select_select	I'd be stupid not to recognize your powers.	ถ้าไม่ยอมรับพลังของคุณ ผมคงโง่แย่เลย
28-1222	talk_select_select	She's just a friend.	เธอเป็นแค่เพื่อนกัน
28-1223	talk_select_select	She's my girlfriend.	เธอเป็นแฟนผม
28-1224	talk_select_select	Ask About Her Love Life	ถามเรื่องความรักของเธอ
28-1225	talk_select_select	Follow Up on Her Profession	ถามต่อเรื่องอาชีพของเธอ
28-1226	talk_select_select	Find Out More About Amane	สืบเรื่องอามาเนะเพิ่มเติม
28-1227	talk_select_select	Ask Her Age	ถามอายุเธอ
28-1228	talk_select_select	Try to Get Her Measurements	ลองถามสัดส่วนเธอ
28-1229	talk_select_select	Try to Get Her Full Name	ลองถามชื่อเต็มเธอ
28-1230	talk_select_select	Somewhere in your forties?	อายุประมาณสี่สิบกว่า ๆ เหรอ?
28-1231	talk_select_select	Be Modest	ถ่อมตัว
28-1232	talk_select_select	Ask Her Straight Up	ถามเธอตรง ๆ
28-1233	talk_select_select	Be a Gentleman	ทำตัวเป็นสุภาพบุรุษ
28-1234	talk_select_select	Be a Jackass	ทำตัวป่วน
28-1235	talk_select_select	I want to help people too.	ผมก็อยากช่วยคนอื่นเหมือนกัน
28-1236	talk_select_select	(Ah, he'll be fine!)	(อ้า เขาไม่เป็นไรหรอกน่า!)
28-1237	talk_select_select	(Kim needs my help!)	(คิมต้องการความช่วยเหลือจากผม!)
28-1238	talk_select_select	Stop Him with Your Fists	หยุดเขาด้วยหมัด
28-1239	talk_select_select	Make Up Some Crazy Bullshit	มั่วเรื่องบ้า ๆ ขึ้นมาสักเรื่อง
28-1240	talk_select_select	You're beautiful.	คุณสวยนะ
28-1241	talk_select_select	Mention How it Feels like a Date	พูดว่ามันรู้สึกเหมือนเดตกันเลย
28-1242	talk_select_select	Investigate Her New Patron	สืบเรื่องผู้อุปถัมภ์คนใหม่ของเธอ
28-1243	talk_select_select	Ask About the Guy	ถามเรื่องผู้ชายคนนั้น
28-1244	talk_select_select	Express Your Jealousy	แสดงความหึงหวง
28-1245	talk_select_select	Express Your Concern	แสดงความเป็นห่วง
28-1246	talk_select_select	What About You?	แล้วคุณล่ะ?
28-1247	talk_select_select	Very Fun	สนุกมาก
28-1248	talk_select_select	Guess the First Letter of his Job	เดาตัวอักษรแรกของอาชีพเขา
28-1249	talk_select_select	Guess the Type of His Job	เดาประเภทอาชีพเขา
28-1250	talk_select_select	Give the Answer	บอกคำตอบ
28-1251	talk_select_select	Yakuza Patriarch	หัวหน้าตระกูลยากูซ่า
28-1252	talk_select_select	Yacht Broker	นายหน้าขายเรือยอชต์
28-1253	talk_select_select	Yoga Instructor	ครูสอนโยคะ
28-1254	talk_select_select	Tell Her it's a Big Misunderstanding	บอกเธอว่ามันเป็นความเข้าใจผิด ครั้งใหญ่
28-1255	talk_select_select	Assume She's Talking About Your Calamity	คิดว่าเธอกำลังพูดถึงลางร้ายของคุณ
28-1256	talk_select_select	Talk About the Future	คุยเรื่องอนาคต
28-1257	talk_select_select	Talk About Her Patron	คุยเรื่องผู้อุปถัมภ์ของเธอ
28-1258	talk_select_select	Talk About Calamities	คุยเรื่องลางร้าย
28-1259	talk_select_select	I want to keep seeing you.	ผมอยากพบคุณต่อไปเรื่อย ๆ
28-1260	talk_select_select	Tell Her to Be Careful	บอกให้เธอระวังตัว
28-1261	talk_select_select	Tell Her it's Because She's Charming	บอกว่าเป็นเพราะเธอมีเสน่ห์
28-1262	talk_select_select	Ask How She's Doing	ถามว่าเธอเป็นยังไงบ้าง
28-1263	talk_select_select	Ask if Her Powers Are Back	ถามว่าพลังของเธอกลับมาหรือยัง
28-1264	talk_select_select	Ask What's Up	ถามว่ามีอะไรเหรอ
28-1265	talk_select_select	Ask Why She Hasn't Texted	ถามว่าทำไมไม่ส่งข้อความมา
28-1266	talk_select_select	Talk About Her Current Job	คุยเรื่องงานปัจจุบันของเธอ
28-1267	talk_select_select	Talk About Her Lost Powers	คุยเรื่องพลังที่เธอสูญเสียไป
28-1268	talk_select_select	Press Further About Her Situation	ถามต่อให้ลึกเรื่องสถานการณ์ของเธอ
28-1269	talk_select_select	I'll find a way around it.	ผมจะหาทางแก้ไขเอง
28-1270	talk_select_select	Thank the Cow	ขอบคุณวัว
28-1271	talk_select_select	Curse the Cow	สาปแช่งวัว
28-1272	talk_select_select	It sucks not being able to see you.	แย่จังที่ได้เจอคุณไม่ได้
28-1273	talk_select_select	I'm thinking we should drink	ผมว่าไปดื่มกันเถอะ
28-1274	talk_select_select	Maybe not...	ไม่แน่ใจนะ...
28-1275	talk_select_select	Tell me a little about yourself.	เล่าเรื่องตัวเองให้ฟังหน่อยสิ
28-1276	talk_select_select	What's your philosophy on love?	ปรัชญาความรักของคุณคืออะไร?
28-1277	talk_select_select	I'm glad that stalker of yours is gone.	ดีใจนะที่หนอนหลอกหลอนคุณหายไปแล้ว
28-1278	talk_select_select	Sounds like a cool position.	ฟังดูเป็นตำแหน่งเท่ดีนะ
28-1279	talk_select_select	Don't work too hard, now.	อย่าทำงานหนักเกินไปล่ะ
28-1280	talk_select_select	I think an actual hobby might be good for you.	ผมว่ามีงานอดิเรกจริงจังน่าจะดี กับคุณนะ
28-1281	talk_select_select	Actually, same here.	จริง ๆ ผมก็เหมือนกัน
28-1282	talk_select_select	You look young for your age.	คุณดูอ่อนกว่าวัยนะ
28-1283	talk_select_select	I'd have to agree.	ผมก็เห็นด้วยเหมือนกัน
28-1284	talk_select_select	I still think romance has its place.	ผมยังคิดว่าความรักก็มีที่ทางของมันนะ
28-1285	talk_select_select	Well said.	พูดได้ดี
28-1286	talk_select_select	Then I'm in deep trouble.	งั้นผมก็ซวยหนักเลยสิ
28-1287	talk_select_select	Ask about Nanami	ถามเรื่องนานามิ
28-1288	talk_select_select	Ask About Yukko	ถามเรื่องยุกโกะ
28-1289	talk_select_select	Ask About Preferences in Men	ถามเรื่องสเปกผู้ชายที่ชอบ
28-1290	talk_select_select	It was when I first saw Nanami-san.	ตอนที่ผมเห็นนานามิซังครั้งแรก นั่นแหละ
28-1291	talk_select_select	It was when I first saw you, Yukko-san.	ตอนที่ผมเห็นคุณครั้งแรกนั่นแหละ ยุกโกะซัง
28-1292	talk_select_select	Respect can't be handed out to just anyone.	ความเคารพไม่ใช่จะให้ใครก็ได้
28-1293	talk_select_select	I can think of several people I can respect.	ผมนึกถึงคนที่น่าเคารพได้หลายคนอยู่นะ
28-1294	talk_select_select	I'm very interested.	ผมสนใจมากเลยล่ะ
28-1295	talk_select_select	Hold Her Close	กอดเธอไว้แนบชิด
28-1296	talk_select_select	Pretend You Saw a UFO	แกล้งทำเป็นเห็นยูเอฟโอ
28-1297	talk_select_select	Talk About Us	คุยเรื่องเราสองคน
28-1298	talk_select_select	Talk About the Investigation	คุยเรื่องการสืบสวน
28-1299	talk_select_select	Ask Her Perspective on Dating	ถามมุมมองเธอเรื่องการเดต
28-1300	talk_select_select	It's the trappings of the male sex drive.	มันเป็นกับดักของสัญชาตญาณ ทางเพศผู้ชายน่ะ
28-1301	talk_select_select	I wonder.	ไม่รู้สินะ
28-1302	talk_select_select	We're all just animals deep down.	ลึก ๆ แล้วเราก็เป็นแค่สัตว์กันทั้งนั้น
28-1303	talk_select_select	I wouldn't say that.	จะพูดแบบนั้นก็ไม่เชิง
28-1304	talk_select_select	(What can I possibly say to that...?)	(จะให้ผมพูดอะไรกับเรื่องนี้ดีล่ะ...?)
28-1305	talk_select_select	(What am I doing, messing around with this girl...?)	(ผมกำลังทำอะไรอยู่เนี่ย มาเล่น ๆ กับผู้หญิงคนนี้...?)
28-1306	talk_select_select	Push Gently for A Follow-up Date	ชวนนัดเดตครั้งต่อไปเบา ๆ
28-1307	talk_select_select	Take a Step Back and Apologize	ถอยหนึ่งก้าวแล้วขอโทษ
28-1308	talk_select_select	I'd rather investigate some things we can do together.	ผมอยากสืบหาอะไรที่เราทำด้วยกัน ได้มากกว่า
28-1309	talk_select_select	Want to call it a day?	จะเลิกกันแค่นี้ไหม?
28-1310	talk_select_select	Why don't we sit down and talk?	นั่งคุยกันหน่อยไหม?
28-1311	talk_select_select	Let's see who can drink the most.	มาดูกันว่าใครดื่มได้เยอะกว่า
28-1312	talk_select_select	Drink	เครื่องดื่ม
28-1313	talk_select_select	Don't Drink	ไม่ดื่ม
28-1314	talk_select_select	You make over five million a year.	คุณทำเงินได้เกินห้าล้านต่อปี
28-1315	talk_select_select	You like older men.	คุณชอบผู้ชายที่อายุเยอะกว่า
28-1316	talk_select_select	You've done a job you'd rather not tell anybody.	คุณเคยทำงานที่ไม่อยากบอกใคร
28-1317	talk_select_select	You like to "do it" by yourself.	คุณชอบ "ทำเอง" คนเดียว
28-1318	talk_select_select	You have someone you like right now.	ตอนนี้คุณมีคนที่ชอบอยู่แล้ว
28-1319	talk_select_select	(I think I should give up.)	(ผมว่าผมควรเลิกล้มความคิดนี้ซะ)
28-1320	talk_select_select	Tell Her She's Made You Lonely	บอกเธอว่าทำให้คุณเหงา
28-1321	talk_select_select	Tell Her Companionship is Important	บอกว่าการมีเพื่อนคู่คิดสำคัญนะ
28-1322	talk_select_select	Give Into Drunken Self-pity	ปล่อยตัวจมกับความสงสารตัวเองตอนเมา
28-1323	talk_select_select	Try to Compliment Her	ลองชมเธอดู
28-1324	talk_select_select	I guess I have a chance too.	ผมก็คงมีโอกาสเหมือนกันสินะ
28-1325	talk_select_select	I'm actually not much of a cook either.	จริง ๆ ผมก็ทำอาหารไม่ค่อยเก่งเหมือนกัน
28-1326	talk_select_select	Why don't we hit up another bar?	ไปบาร์อื่นกันต่อไหม?
28-1327	talk_select_select	Tell Her the Truth	บอกความจริงกับเธอ
28-1328	talk_select_select	Pull a Fast One	หลอกเอาดื้อ ๆ
28-1329	talk_select_select	What I really want is you.	สิ่งที่ผมต้องการจริง ๆ ก็คือคุณนี่แหละ
28-1330	talk_select_select	Actually, I'm not too sure.	จริง ๆ แล้วผมก็ไม่ค่อยแน่ใจ
28-1331	talk_select_select	Seal the Deal	ปิดดีล
28-1332	talk_select_select	Reject Her Gently	ปฏิเสธเธออย่างนุ่มนวล
28-1333	talk_select_select	What made you want to get into music?	อะไรทำให้คุณอยากเข้าวงการดนตรี?
28-1334	talk_select_select	Are you dating anyone right now?	ตอนนี้คุณคบใครอยู่หรือเปล่า?
28-1335	talk_select_select	You must have some real talent.	คุณต้องมีพรสวรรค์จริง ๆ แน่เลย
28-1336	talk_select_select	You must be really lucky.	คุณต้องโชคดีมากแน่ ๆ
28-1337	talk_select_select	That's a relief.	โล่งใจไปที
28-1338	talk_select_select	I got worried for nothing.	เป็นห่วงไปเองซะงั้น
28-1339	talk_select_select	Still single.	ยังโสดอยู่
28-1340	talk_select_select	(I could always take a quick peek.)	(ผมแค่แอบชะโงกดูสักแป๊บก็ได้นี่นา)
28-1341	talk_select_select	Kaito-san	ไคโตะซัง
28-1342	talk_select_select	Hoshino-kun	โฮชิโนะคุง
28-1343	talk_select_select	Genda-sensei	อาจารย์เก็นดะ
28-1344	talk_select_select	Nobody	ไม่มีใครเลย
28-1345	talk_select_select	I'm happy just talking.	แค่ได้คุยกันผมก็มีความสุขแล้ว
28-1346	talk_select_select	I'm not about that life.	ผมไม่ใช่คนแบบนั้นหรอก
28-1347	talk_select_select	Is this such a good idea?	นี่มันเป็นความคิดที่ดีจริง ๆ เหรอ?
28-1348	talk_select_select	I guess I have no choice.	ผมคงไม่มีทางเลือกอื่นแล้วสินะ
28-1349	talk_select_select	Let the battle begin.	เริ่มการต่อสู้ได้เลย
28-1350	talk_select_select	You look pretty cute.	คุณดูน่ารักดีนะ
28-1351	talk_select_select	Can we take a picture?	ขอถ่ายรูปด้วยได้ไหม?
28-1352	talk_select_select	Going somewhere?	จะไปไหนเหรอ?
28-1353	talk_select_select	You need directions?	ต้องการให้บอกทางไหม?
28-1354	talk_select_select	I could always take you there.	ผมพาไปส่งได้นะ
28-1355	talk_select_select	Let the rematch begin.	เริ่มการแข่งขันรอบใหม่ได้เลย
28-1356	talk_select_select	Ignore	ไม่สนใจ
28-1357	talk_select_select	As long as you pay your debt...	ตราบใดที่คุณยังใช้หนี้อยู่...
28-1358	talk_select_select	Get on the tuna boat.	ไปขึ้นเรือจับปลาทูน่าซะ
28-1359	talk_select_select	Someone who rakes in the profit.	คนที่กอบโกยผลกำไร
28-1360	talk_select_select	Someone with authority.	คนที่มีอำนาจ
28-1361	talk_select_select	Someone with a lot of subordinates.	คนที่มีลูกน้องเยอะ
28-1362	talk_select_select	Someone who's extremely innovative.	คนที่คิดอะไรแหวกแนวสุด ๆ
28-1363	talk_select_select	Muramoto-san	มุราโมโตะซัง
28-1364	talk_select_select	Motomura-san	โมโตมุระซัง
28-1365	talk_select_select	Motobayashi-san	โมโตบายาชิซัง
28-1366	talk_select_select	Murabayashi-san	มุราบายาชิซัง
28-1367	talk_select_select	Turn the gatcha	หมุนกาชา
28-1368	talk_select_select	It's sugar.	เป็นน้ำตาล
28-1369	talk_select_select	It's salt.	เป็นเกลือ
28-1370	talk_select_select	No way that it's sugar.	ไม่มีทางเป็นน้ำตาลหรอก
28-1371	talk_select_select	Pay 10,000	จ่าย 10,000
28-1372	talk_select_select	Go After Her	ตามเธอไป
28-1373	talk_select_select	Don't Go After Her	ไม่ตามเธอไป
28-1374	talk_select_select	No, that's not him.	ไม่ใช่ ไม่ใช่เขาคนนั้น
28-1375	talk_select_select	Try Being Optimistic	ลองมองโลกในแง่ดีดู
28-1376	talk_select_select	Give in to Pessimism	ยอมจมกับความมองโลกในแง่ร้าย
28-1377	talk_select_select	A Café	ร้านกาแฟ
28-1378	talk_select_select	A Cabaret Club	คลับคาบาเรต์
28-1379	talk_select_select	A Fast Food Joint	ร้านฟาสต์ฟู้ด
28-1380	talk_select_select	Ask About Her Personal Life	ถามเรื่องชีวิตส่วนตัวของเธอ
28-1381	talk_select_select	Talk about the Twisted Trio	คุยเรื่องคดีสามโรคจิต
28-1382	talk_select_select	Ask Why She's So Anxious	ถามว่าทำไมเธอถึงกังวลนัก
28-1383	talk_select_select	Remind Her You're Loyal to Yosuke Too	ย้ำเธอว่าคุณภักดีกับโยสึเกะ ด้วยเหมือนกัน
28-1384	talk_select_select	Pledge Your Loyalty to Tsukino	สาบานความภักดีต่อสึกิโนะ
28-1385	talk_select_select	Why not talk it over with your parents?	ทำไมไม่ลองคุยกับพ่อแม่ดูล่ะ?
28-1386	talk_select_select	Why not see if you can get the job first?	ทำไมไม่ลองดูก่อนว่าจะได้งานไหมล่ะ?
28-1387	talk_select_select	Describe Her Panties in Detail	อธิบายกางเกงในของเธอแบบละเอียด
28-1388	talk_select_select	What kind of underwear do you like?	ชอบกางเกงในแบบไหน?
28-1389	talk_select_select	What are your hobbies?	งานอดิเรกของคุณคืออะไร?
28-1390	talk_select_select	Succumb to Perversion	ยอมจำนนต่อความวิตถาร
28-1391	talk_select_select	Reassure Her Strongly	ยืนยันให้เธอมั่นใจแบบหนักแน่น
28-1392	talk_select_select	Weasel Your Way Out	หาทางแก้ตัวลอยนวล
28-1393	talk_select_select	Actually, that's wrong.	จริง ๆ แล้วมันผิดนะ
28-1394	talk_select_select	Leave them all unfastened.	ปล่อยไว้แบบไม่ติดกระดุมเลย
28-1395	talk_select_select	Leave them all fastened.	ติดกระดุมไว้ให้หมดทุกเม็ด
28-1396	talk_select_select	Ask About Her Drawings	ถามเรื่องภาพวาดของเธอ
28-1397	talk_select_select	Ask About her Fiancé 	ถามเรื่องคู่หมั้นของเธอ 
28-1398	talk_select_select	Begin the Practice Interview	เริ่มซ้อมสัมภาษณ์งาน
28-1399	talk_select_select	How would you describe yourself?	คุณจะอธิบายตัวเองยังไง?
28-1400	talk_select_select	How can you contribute to our company?	คุณจะช่วยเหลือบริษัทเราได้ยังไง?
28-1401	talk_select_select	Why did you apply here?	ทำไมถึงมาสมัครที่นี่?
28-1402	talk_select_select	Did you apply anywhere else?	สมัครที่อื่นด้วยไหม?
28-1403	talk_select_select	Offer a Helpful Suggestion	ให้คำแนะนำที่เป็นประโยชน์
28-1404	talk_select_select	Admonish Her Indecisiveness	ตักเตือนที่เธอลังเลไม่ตัดสินใจ
28-1405	talk_select_select	I'd love to check those out.	ผมอยากลองดูพวกนั้นเหมือนกัน
28-1406	talk_select_select	I'm sure it's hard on him, too.	ผมว่ามันคงลำบากสำหรับเขาเหมือนกัน
28-1407	talk_select_select	I'm sure he wouldn't mind marrying you.	ผมว่าเขาคงไม่ว่าอะไรถ้าจะ แต่งงานกับคุณหรอก
28-1408	talk_select_select	Sounds like the opposite of me.	ฟังดูตรงข้ามกับผมเลย
28-1409	talk_select_select	You two might actually get along.	สองคนนั้นอาจเข้ากันได้ดีก็ได้นะ
28-1410	talk_select_select	I do kinda feel for the guy.	ผมก็สงสารเขาอยู่เหมือนกัน
28-1411	talk_select_select	I'm honestly a little jealous.	บอกตามตรงว่าผมอิจฉาอยู่นิดหน่อย
28-1412	talk_select_select	These earrings are definitely new.	ต่างหูคู่นี้ใหม่แน่นอน
28-1413	talk_select_select	I think she's worn these before.	คิดว่าเธอเคยใส่คู่นี้มาก่อน
28-1414	talk_select_select	They're totally new.	ใหม่เอี่ยมเลย
28-1415	talk_select_select	I've seen her wear those.	เคยเห็นเธอใส่พวกนั้นมาก่อน
28-1416	talk_select_select	She did get a haircut.	เธอตัดผมมาจริง ๆ
28-1417	talk_select_select	She did not get a haircut.	เธอไม่ได้ตัดผมมา
28-1418	talk_select_select	Accept His Challenge	ตอบรับคำท้าของเขา
28-1419	talk_select_select	Talk about Ryuzenji	คุยเรื่องริวเซนจิ
28-1420	talk_select_select	Talk About Her Artwork	คุยเรื่องผลงานศิลปะของเธอ
28-1421	talk_select_select	Talk About Her Interview	คุยเรื่องการสัมภาษณ์ของเธอ
28-1422	talk_select_select	I'm sure you'll do better next time.	เชื่อว่าครั้งหน้าคุณต้องทำได้ ดีกว่านี้
28-1423	talk_select_select	Maybe it just wasn't for you?	บางทีมันอาจไม่เหมาะกับคุณก็ได้นะ?
28-1424	talk_select_select	Encourage Her to Speak Up	ให้กำลังใจให้เธอกล้าพูดออกมา
28-1425	talk_select_select	Empathize with Her	เข้าใจความรู้สึกของเธอ
28-1426	talk_select_select	That's tough.	นั่นมันหนักหนาเลยนะ
28-1427	talk_select_select	What if you don't wear a tie?	ถ้าไม่ผูกเนคไทล่ะ?
28-1428	talk_select_select	Say Nothing	ไม่พูดอะไร
28-1429	talk_select_select	Say They're Incredible	บอกว่ามันสุดยอดไปเลย
28-1430	talk_select_select	You'd make a lot of money as a pro.	ถ้าเป็นมืออาชีพคงทำเงินได้เยอะเลย
28-1431	talk_select_select	You should make this your career.	คุณควรทำสิ่งนี้เป็นอาชีพนะ
28-1432	talk_select_select	I can empathize.	ผมเข้าใจความรู้สึกนั้นนะ
28-1433	talk_select_select	Refuse to Duel	ปฏิเสธการดวล
28-1434	talk_select_select	Wrap Things Up with Ryuzenji	จบเรื่องกับริวเซนจิซะ
28-1435	talk_select_select	Get Her Psyched	ปลุกใจให้เธอฮึกเหิม
28-1436	talk_select_select	Not right now.	ไม่มีอะไรหรอก
28-1437	talk_select_select	Maybe be a little more specific?	ช่วยพูดให้ชัดเจนกว่านี้หน่อยได้ไหม?
28-1438	talk_select_select	You communicated very well.	คุณสื่อสารได้ดีมาก
28-1439	talk_select_select	Not really.	ก็ไม่เชิงหรอก
28-1440	talk_select_select	That picture changed his life.	ภาพนั้นเปลี่ยนชีวิตเขาไปเลย
28-1441	talk_select_select	Congratulations on the job.	ยินดีด้วยกับงานนะ
28-1442	talk_select_select	You mentioned something important...	คุณเพิ่งพูดถึงอะไรที่สำคัญนะ...
28-1443	talk_select_select	Don't Get Involved	ไม่ยุ่งเกี่ยว
28-1444	talk_select_select	Refuse the Bribe	ปฏิเสธสินบน
28-1445	talk_select_select	Talk About Ushimata	คุยเรื่องอุชิมาตะ
28-1446	talk_select_select	Talk About Seeing Each Other	คุยเรื่องการคบหากัน
28-1447	talk_select_select	No way.	ไม่มีทางหรอก
28-1448	talk_select_select	Enter the "Super High Rate Table"?	เข้าโต๊ะ "อัตราต่อรองสูงสุด" ไหม?
28-1449	talk_select_select	I'm all smiled out...	ยิ้มจนแก้มจะฉีกแล้ว...
28-1450	talk_select_select	Let's win this thing.	เอาชนะเกมนี้กันเถอะ
28-1451	talk_select_select	Study Her Waist	สำรวจเอวของเธอ
28-1452	talk_select_select	Study Her Chest	สำรวจหน้าอกของเธอ
28-1453	talk_select_select	Not sure I can do that.	ผมไม่แน่ใจว่าจะทำแบบนั้นได้
28-1454	talk_select_select	I'm not sure.	ไม่แน่ใจเหมือนกัน
28-1455	talk_select_select	Play the wareme rule at the easy table?	เล่นกติกาวาเระเมะที่โต๊ะระดับง่ายไหม?
28-1456	talk_select_select	Play the wareme rule at the intermediate table?	เล่นกติกาวาเระเมะที่โต๊ะระดับกลางไหม?
28-1457	talk_select_select	Play the wareme rule at the advanced table?	เล่นกติกาวาเระเมะที่โต๊ะระดับสูงไหม?
28-1458	talk_select_select	To B1	ไปชั้น B1
28-1459	talk_select_select	How old are you?	คุณอายุเท่าไหร่?
28-1460	talk_select_select	What do you do for work?	คุณทำงานอะไร?
28-1461	talk_select_select	The culprit was hiding in the hospital room.	ผู้ก่อเหตุซ่อนตัวอยู่ในห้องพัก ผู้ป่วย
28-1462	talk_select_select	Shono's testimony was a lie.	คำให้การของโชโนะเป็นเรื่องโกหก
28-1463	talk_select_select	The culprit is Shono, who claims to be a witness.	ผู้ก่อเหตุคือโชโนะ ที่อ้างตัวว่าเป็นพยาน
28-1464	talk_select_select	The victim was already dead.	เหยื่อเสียชีวิตไปแล้ว
28-1465	talk_select_select	The Matsugane Family's Assassination Business	ธุรกิจลอบสังหารของตระกูลมัตสึกาเนะ
28-1466	talk_select_select	Fabricating Data for the AD-9 Paper	การปลอมแปลงข้อมูลเปเปอร์ AD-9
28-1467	talk_select_select	Shono's Connection to the Kyorei Clan Murders	ความเกี่ยวข้องของโชโนะกับคดี ฆาตกรรมตระกูลเคียวเรอิ
28-1468	talk_select_select	The Vice Director Assassination Plan	แผนลอบสังหารรองผู้อำนวยการ
28-1469	talk_select_select	Head over to court?	ไปศาลกันไหม?
28-1470	talk_select_select	It's chow time	ได้เวลากินข้าวแล้ว
28-1471	talk_select_select	Save it for Later	เก็บไว้ก่อน
28-1472	talk_select_select	Play Puzzle Shogi	เล่นพัซเซิลโชกิ
28-1473	talk_select_select	Short Course	คอร์สสั้น
28-1474	talk_select_select	Middle Course	คอร์สกลาง
28-1475	talk_select_select	Long Course	คอร์สยาว
28-1476	talk_select_select	Rest Up?	พักผ่อนไหม?
28-1477	talk_select_select	Change Outfit	เปลี่ยนชุด
28-1478	talk_select_select	Can you come with me?	ไปกับผมได้ไหม?
28-1479	talk_select_select	Have any work for me?	มีงานให้ผมทำไหม?
28-1480	talk_select_select	Time to head back.	ได้เวลากลับแล้ว
28-1481	manual	<symbol=case_file_head>Basic Rules\n\n　<symbol=case_file_subhead>This game is played with a hanafuda deck.\n\n　<symbol=case_file_subhead>Matching a card in your hand with one of the table allows you to take that card.\n\n　<symbol=case_file_subhead>The object of the game is to form special card combinations to outscore your opponents.\n　　<symbol=case_file_right_arrow> There are twelve card suits consisting of the months of the year (January to December).\n　　<symbol=case_file_right_arrow> Each suit consists of four cards.	<symbol=case_file_head>กฎพื้นฐาน\n\n　<symbol=case_file_subhead>เกมนี้เล่นด้วยไพ่ฮานาฟุดะ\n\n　<symbol=case_file_subhead>จับคู่ไพ่ในมือกับไพ่บนโต๊ะ เพื่อเก็บไพ่ใบนั้นมาไว้ที่ ตัวเอง\n\n　<symbol=case_file_subhead>เป้าหมายของเกมคือรวมไพ่ให้ ครบชุดพิเศษเพื่อทำคะแนน เอาชนะคู่ต่อสู้\n　　<symbol=case_file_right_arrow> มีไพ่ทั้งหมด 12 ชุดตามเดือนของปี (มกราคมถึงธันวาคม)\n　　<symbol=case_file_right_arrow> แต่ละชุดมีไพ่ 4 ใบ
28-1482	manual	<symbol=case_file_head>Basic Rules\n\n　<symbol=case_file_subhead>When it's your turn, place one card from your hand on the table.\n\n　　If there is another card of the same suit on the table: <symbol=case_file_right_arrow> You collect the pair.\n　　If there are no other cards of the same type on the table: <symbol=case_file_right_arrow> Your card stays on the table.\n\n\n　<symbol=case_file_subhead>When you form a specific combination with acquired cards, you can select whether to call "Koi" and keep going.\n\n　　Call "Koi"　 <symbol=case_file_right_arrow> The hand continues and you try to form more combinations.\n　　Don't Call "Koi" <symbol=case_file_right_arrow> The hand ends and you get the points for the card combinations you hold.	<symbol=case_file_head>กฎพื้นฐาน\n\n　<symbol=case_file_subhead>เมื่อถึงตาคุณ ให้วางไพ่จากมือหนึ่งใบลงบนโต๊ะ\n\n　　ถ้ามีไพ่ชุดเดียวกันอยู่บนโต๊ะ: <symbol=case_file_right_arrow> คุณจะเก็บไพ่คู่นั้นมา\n　　ถ้าไม่มีไพ่ชุดเดียวกันอยู่บนโต๊ะ: <symbol=case_file_right_arrow> ไพ่ของคุณจะอยู่บนโต๊ะต่อไป\n\n\n　<symbol=case_file_subhead>เมื่อรวมไพ่ที่เก็บได้จนครบชุด ค่าคะแนนหนึ่ง คุณจะเลือกได้ว่าจะเรียก "โคอิ" เพื่อเล่นต่อหรือไม่\n\n　　เรียก "โคอิ"　 <symbol=case_file_right_arrow> เล่นมือนี้ต่อเพื่อพยายามรวมชุด ไพ่ให้ได้มากขึ้น\n　　ไม่เรียก "โคอิ" <symbol=case_file_right_arrow> จบมือนี้ทันทีและได้คะแนนจากชุด ไพ่ที่มีอยู่
28-1483	manual	<symbol=case_file_head>Junk (1 Point)\n　<symbol=case_file_subhead>Any ten junk cards, with each additional junk card adding another point.\n　<symbol=case_file_subhead>Sake Cup with Chrysanthemum can also be counted as a junk card.	<symbol=case_file_head>ไพ่เบ็ดเตล็ด (1 คะแนน)\n　<symbol=case_file_subhead>ไพ่เบ็ดเตล็ดครบ 10 ใบ ได้ 1 คะแนน และไพ่เบ็ดเตล็ดที่เกินมาแต่ละ ใบเพิ่มอีก 1 คะแนน\n　<symbol=case_file_subhead>ไพ่ถ้วยสาเกกับดอกเบญจมาศนับ เป็นไพ่เบ็ดเตล็ดได้เช่นกัน
28-1484	manual	<symbol=case_file_head>Poetry Ribbons (1 Point)\n　<symbol=case_file_subhead>Any five poetry ribbon cards, with each additional poetry ribbon card adding another point.	<symbol=case_file_head>ริบบิ้นบทกวี (1 คะแนน)\n　<symbol=case_file_subhead>ไพ่ริบบิ้นบทกวีครบ 5 ใบ ได้ 1 คะแนน และไพ่ริบบิ้นบทกวีที่เกินมา แต่ละใบเพิ่มอีก 1 คะแนน
28-1485	manual	Koi-koi Combinations	ชุดไพ่โคอิโคอิ
28-1486	manual	<symbol=case_file_head>Variety (1 Point)\n　<symbol=case_file_subhead>Any five 10-point cards, with each additional 10-point card adding another point.	<symbol=case_file_head>หลากหลาย (1 คะแนน)\n　<symbol=case_file_subhead>ไพ่ 10 แต้มครบ 5 ใบ ได้ 1 คะแนน และไพ่ 10 แต้มที่เกินมาแต่ละใบเพิ่มอีก 1 คะแนน
28-1487	manual	<symbol=case_file_head>Blue Poetry Ribbons (5 Points)\n　<symbol=case_file_subhead>The Chrysanthemum, Peony, and Maple poetry ribbon cards.	<symbol=case_file_head>ริบบิ้นบทกวีสีน้ำเงิน (5 คะแนน)\n　<symbol=case_file_subhead>ไพ่ริบบิ้นบทกวีดอกเบญจมาศ ดอกโบตั๋น และใบเมเปิล
28-1488	manual	<symbol=case_file_head>Red Poetry Ribbons (5 Points)\n　<symbol=case_file_subhead>The Pine, Sakura, and Plum poetry ribbon cards.	<symbol=case_file_head>ริบบิ้นบทกวีสีแดง (5 คะแนน)\n　<symbol=case_file_subhead>ไพ่ริบบิ้นบทกวีต้นสน ซากุระ และบ๊วย
28-1489	manual	<symbol=case_file_head>Boar, Deer, Butterfly (5 Points)\n　<symbol=case_file_subhead>The Boar with Clover, Deer with Maple, and Butterfly with Peony cards.	<symbol=case_file_head>หมูป่า กวาง ผีเสื้อ (5 คะแนน)\n　<symbol=case_file_subhead>ไพ่หมูป่ากับใบโคลเวอร์ กวางกับใบเมเปิล และผีเสื้อกับดอกโบตั๋น
28-1490	manual	<symbol=case_file_head>Moon Viewing (5 Points)\n　<symbol=case_file_subhead>The Moon over Pampas and Sake Cup with Chrysanthemum cards.	<symbol=case_file_head>ชมจันทร์ (5 คะแนน)\n　<symbol=case_file_subhead>ไพ่พระจันทร์เหนือทุ่งหญ้าและ ถ้วยสาเกกับดอกเบญจมาศ
28-1491	manual	<symbol=case_file_head>Cherry Blossom Viewing (5 Points)\n　<symbol=case_file_subhead>The Curtain with Sakura and Sake Cup with Chrysanthemum cards.	<symbol=case_file_head>ชมซากุระ (5 คะแนน)\n　<symbol=case_file_subhead>ไพ่ม่านกับซากุระและถ้วยสาเกกับ ดอกเบญจมาศ
28-1492	manual	<symbol=case_file_head>Seasons (4 Points)\n　<symbol=case_file_subhead>Four cards of the same month as the current round.	<symbol=case_file_head>ฤดูกาล (4 คะแนน)\n　<symbol=case_file_subhead>ไพ่ 4 ใบของเดือนเดียวกับรอบปัจจุบัน
28-1493	manual	<symbol=case_file_head>Three Lights (6 Points)\n　<symbol=case_file_subhead>Any three 20-point cards, except Rain Man.	<symbol=case_file_head>สามแสง (6 คะแนน)\n　<symbol=case_file_subhead>ไพ่ 20 แต้มใด ๆ 3 ใบ ยกเว้นชายฝนตก
28-1494	manual	<symbol=case_file_head>Rainy Four Lights (7 Points)\n　<symbol=case_file_subhead>Rain Man with three other 20-point cards.	<symbol=case_file_head>สี่แสงพร้อมฝน (7 คะแนน)\n　<symbol=case_file_subhead>ไพ่ชายฝนตกพร้อมไพ่ 20 แต้มอีก 3 ใบ
28-1495	manual	<symbol=case_file_head>Four Lights (8 Points)\n　<symbol=case_file_subhead>Any four 20-point cards, except Rain Man.	<symbol=case_file_head>สี่แสง (8 คะแนน)\n　<symbol=case_file_subhead>ไพ่ 20 แต้มใด ๆ 4 ใบ ยกเว้นชายฝนตก
28-1496	manual	<symbol=case_file_head>Five Lights (10 Points)\n　<symbol=case_file_subhead>Rain Man with four other 20-point cards.	<symbol=case_file_head>ห้าแสง (10 คะแนน)\n　<symbol=case_file_subhead>ไพ่ชายฝนตกพร้อมไพ่ 20 แต้มอีก 4 ใบ
28-1497	manual	<symbol=case_file_head>Four of a Kind (6 Points)\n　<symbol=case_file_subhead>Having four cards of the same month in your hand gives you 6 points and concludes play for that month.\n\n\n\n<symbol=case_file_head>Four Pairs (6 Points)\n　<symbol=case_file_subhead>Having four pairs with matching months in your hand gives you 6 points and concludes play for those months.	<symbol=case_file_head>สี่ใบเดือนเดียวกัน (6 คะแนน)\n　<symbol=case_file_subhead>มีไพ่ 4 ใบของเดือนเดียวกันในมือ ได้ 6 คะแนน และจบการเล่นของเดือนนั้นทันที\n\n\n\n<symbol=case_file_head>สี่คู่ (6 คะแนน)\n　<symbol=case_file_subhead>มีไพ่ 4 คู่ที่เดือนตรงกันในมือ ได้ 6 คะแนน และจบการเล่นของเดือนเหล่านั้นทันที
28-1498	manual	<symbol=case_file_head>Oicho-kabu Rules\n\n　<symbol=case_file_subhead>This game is played with a hanafuda deck, but only the cards from January to October are used.\n　<symbol=case_file_subhead>Each month has a numeric value equal to where it is on the calendar (e.g. January is 1 and October is 10).\n\n　<symbol=case_file_subhead>Players are each dealt two or three cards, which they then total up.\n　<symbol=case_file_subhead>For totals over 10, only the last digit (ones place) is used. The player closest to 9 wins.\n\n　<symbol=case_file_subhead>There are four players, including a dealer.\n　<symbol=case_file_subhead>The dealer plays against the other players, who place the bets.\n　<symbol=case_file_subhead>The dealer changes when a round ends.	<symbol=case_file_head>กฎโออิโช-คาบุ\n\n　<symbol=case_file_subhead>เกมนี้เล่นด้วยไพ่ฮานาฟุดะ แต่ใช้เฉพาะไพ่เดือนมกราคมถึง ตุลาคมเท่านั้น\n　<symbol=case_file_subhead>แต่ละเดือนมีค่าตัวเลขตามลำดับ ในปฏิทิน (เช่น มกราคม = 1 และตุลาคม = 10)\n\n　<symbol=case_file_subhead>ผู้เล่นแต่ละคนจะได้รับไพ่ 2 หรือ 3 ใบ แล้วนำมารวมกัน\n　<symbol=case_file_subhead>ถ้ารวมแล้วเกิน 10 ให้ใช้เฉพาะหลักหน่วยเท่านั้น ผู้เล่นที่ได้ค่าใกล้ 9 ที่สุดเป็นผู้ชนะ\n\n　<symbol=case_file_subhead>มีผู้เล่นทั้งหมด 4 คน รวมเจ้ามือ\n　<symbol=case_file_subhead>เจ้ามือเล่นแข่งกับผู้เล่น คนอื่นซึ่งเป็นฝ่ายวางเดิมพัน\n　<symbol=case_file_subhead>เจ้ามือจะเปลี่ยนตัวเมื่อจบรอบ
28-1499	manual	<symbol=case_file_head>Oicho-kabu Rules\n\n　<symbol=case_file_subhead>Four cards are dealt face-up on the table.\n　<symbol=case_file_subhead>Each player selects one card from the four on the table as the one to bet on.\n\n　<symbol=case_file_subhead>Next, each player receives an additional card from the deck.\n\n　<symbol=case_file_subhead>The non-dealer players may stay with two cards or draw a third card to go into the showdown with a total of three cards.\n　<symbol=case_file_subhead>Players who choose a third card may draw it from the deck at this time.	<symbol=case_file_head>กฎโออิโช-คาบุ\n\n　<symbol=case_file_subhead>แจกไพ่ 4 ใบหงายหน้าบนโต๊ะ\n　<symbol=case_file_subhead>ผู้เล่นแต่ละคนเลือกไพ่ 1 ใบจาก 4 ใบบนโต๊ะเพื่อวางเดิมพัน\n\n　<symbol=case_file_subhead>จากนั้นผู้เล่นแต่ละคนจะได้รับ ไพ่เพิ่มอีก 1 ใบจากกอง\n\n　<symbol=case_file_subhead>ผู้เล่นที่ไม่ใช่เจ้ามืออาจใช้ไพ่ 2 ใบตามเดิม หรือจั่วใบที่ 3 เพื่อเข้าเปิดไพ่ด้วยไพ่รวม 3 ใบ\n　<symbol=case_file_subhead>ผู้เล่นที่เลือกจั่วใบที่ 3 สามารถจั่วจากกองได้ในจังหวะนี้
28-1500	manual	<symbol=case_file_head>Oicho-kabu Rules\n\n　<symbol=case_file_subhead>The dealer draws once the three other players are staying.\n\n　<symbol=case_file_subhead>After drawing two cards, the dealer may choose to draw a third.\n　<symbol=case_file_subhead>The dealer may also choose which players to challenge with two cards and which to challenge with three.\n\n　<symbol=case_file_subhead>Once the winners are decided and the points calculated, the dealer changes and the game proceeds to the next round.	<symbol=case_file_head>กฎโออิโช-คาบุ\n\n　<symbol=case_file_subhead>เจ้ามือจะจั่วไพ่หลังผู้เล่นอีก 3 คนตัดสินใจคงไพ่แล้ว\n\n　<symbol=case_file_subhead>หลังจั่วไพ่ 2 ใบ เจ้ามือเลือกจะจั่วใบที่ 3 เพิ่มก็ได้\n　<symbol=case_file_subhead>เจ้ามือยังเลือกได้ว่าจะท้าผู้ เล่นคนไหนด้วยไพ่ 2 ใบ และคนไหนด้วยไพ่ 3 ใบ\n\n　<symbol=case_file_subhead>เมื่อตัดสินผู้ชนะและคำนวณคะแนนเสร็จ เจ้ามือจะเปลี่ยนตัวแล้วเข้าสู่ รอบถัดไป
28-1501	manual	<symbol=case_file_head>Score Calculation\n\n　<symbol=case_file_subhead>A Four-One and a Nine-One each pay double your bet, while a three of a kind triples it.\n　<symbol=case_file_subhead>A Ten-Ten-One increases the pay by 20.\n　<symbol=case_file_subhead>For all other hands, the payout is the same as your bet.	<symbol=case_file_head>การคำนวณคะแนน\n\n　<symbol=case_file_subhead>โฟร์-วัน และไนน์-วัน จ่ายเงินเดิมพันเป็น 2 เท่า ส่วนไพ่ตองจ่าย 3 เท่า\n　<symbol=case_file_subhead>เท็น-เท็น-วัน เพิ่มอัตราจ่าย 20 เท่า\n　<symbol=case_file_subhead>มือไพ่แบบอื่นทั้งหมด จ่ายเท่ากับเงินเดิมพัน
28-1502	manual	<symbol=case_file_head>Hands\n　<symbol=case_file_subhead>Normal Hand: When the dealer and player have the same hands, the dealer wins.\n\n　　<symbol=case_file_lower_than>Zero<symbol=case_file_greater_than>　　<symbol=case_file_right_arrow> When the last digit of the total is 0.\n　　<symbol=case_file_lower_than>One<symbol=case_file_greater_than>　　<symbol=case_file_right_arrow> When the last digit of the total is 1.\n　　<symbol=case_file_lower_than>Two<symbol=case_file_greater_than>　　<symbol=case_file_right_arrow> When the last digit of the total is 2.\n　　<symbol=case_file_lower_than>Three<symbol=case_file_greater_than>　<symbol=case_file_right_arrow> When the last digit of the total is 3.\n　　<symbol=case_file_lower_than>Four<symbol=case_file_greater_than>　　<symbol=case_file_right_arrow> When the last digit of the total is 4.\n　　<symbol=case_file_lower_than>Five<symbol=case_file_greater_than>　　<symbol=case_file_right_arrow> When the last digit of the total is 5.\n　　<symbol=case_file_lower_than>Six<symbol=case_file_greater_than>　　<symbol=case_file_right_arrow> When the last digit of the total is 6.\n　　<symbol=case_file_lower_than>Seven<symbol=case_file_greater_than>　<symbol=case_file_right_arrow> When the last digit of the total is 7.\n　　<symbol=case_file_lower_than>Eight<symbol=case_file_greater_than>　　<symbol=case_file_right_arrow> When the last digit of the total is 8.\n　　<symbol=case_file_lower_than>Nine<symbol=case_file_greater_than>　　<symbol=case_file_right_arrow> When the last digit of the total is 9.	<symbol=case_file_head>มือไพ่\n　<symbol=case_file_subhead>มือปกติ: ถ้าเจ้ามือกับผู้เล่นได้มือเดียวกัน เจ้ามือเป็นฝ่ายชนะ\n\n　　<symbol=case_file_lower_than>ศูนย์<symbol=case_file_greater_than>　　<symbol=case_file_right_arrow> เมื่อหลักหน่วยของผลรวมคือ 0\n　　<symbol=case_file_lower_than>หนึ่ง<symbol=case_file_greater_than>　　<symbol=case_file_right_arrow> เมื่อหลักหน่วยของผลรวมคือ 1\n　　<symbol=case_file_lower_than>สอง<symbol=case_file_greater_than>　　<symbol=case_file_right_arrow> เมื่อหลักหน่วยของผลรวมคือ 2\n　　<symbol=case_file_lower_than>สาม<symbol=case_file_greater_than>　<symbol=case_file_right_arrow> เมื่อหลักหน่วยของผลรวมคือ 3\n　　<symbol=case_file_lower_than>สี่<symbol=case_file_greater_than>　　<symbol=case_file_right_arrow> เมื่อหลักหน่วยของผลรวมคือ 4\n　　<symbol=case_file_lower_than>ห้า<symbol=case_file_greater_than>　　<symbol=case_file_right_arrow> เมื่อหลักหน่วยของผลรวมคือ 5\n　　<symbol=case_file_lower_than>หก<symbol=case_file_greater_than>　　<symbol=case_file_right_arrow> เมื่อหลักหน่วยของผลรวมคือ 6\n　　<symbol=case_file_lower_than>เจ็ด<symbol=case_file_greater_than>　<symbol=case_file_right_arrow> เมื่อหลักหน่วยของผลรวมคือ 7\n　　<symbol=case_file_lower_than>แปด<symbol=case_file_greater_than>　　<symbol=case_file_right_arrow> เมื่อหลักหน่วยของผลรวมคือ 8\n　　<symbol=case_file_lower_than>เก้า<symbol=case_file_greater_than>　　<symbol=case_file_right_arrow> เมื่อหลักหน่วยของผลรวมคือ 9
28-1503	manual	<symbol=case_file_head>Hands\n　<symbol=case_file_subhead>Some cards can form special hands.\n\n　<symbol=case_file_lower_than>Four-One<symbol=case_file_greater_than>　　<symbol=case_file_right_arrow> The first two cards dealt were 4 and 1.\n　　　　　　　　　　　  Valid only for non-dealers. Pays double the bet.\n\n　<symbol=case_file_lower_than>Nine-One<symbol=case_file_greater_than>　　<symbol=case_file_right_arrow> The first two cards dealt were 9 and 1.\n　　　　　　　　　　　 Valid only for the dealer. Pays double the bet.\n\n　<symbol=case_file_lower_than>Three of a Kind<symbol=case_file_greater_than>　<symbol=case_file_right_arrow> Three cards all have the same value.\n　　　　　　　　　　　 Valid for dealer and players. Pays triple the bet.\n\n　<symbol=case_file_lower_than>Ten-Ten-One<symbol=case_file_greater_than>　<symbol=case_file_right_arrow> Two cards have the value of 10 and one is a 1.\n　　　　　　　　　　　 Valid for dealer and players. Pays 20 times the bet.\n\n　<symbol=case_file_lower_than>Four-Six<symbol=case_file_greater_than>　　<symbol=case_file_right_arrow> The first two cards dealt are 4 and 6.\n　　　　　　　　　　　 Valid for dealer and players. The player can choose to remove themselves from the current round.	<symbol=case_file_head>มือไพ่\n　<symbol=case_file_subhead>ไพ่บางแบบสามารถรวมเป็นมือพิเศษได้\n\n　<symbol=case_file_lower_than>โฟร์-วัน<symbol=case_file_greater_than>　　<symbol=case_file_right_arrow> ไพ่สองใบแรกที่แจกคือ 4 และ 1\n　　　　　　　　　　　  ใช้ได้เฉพาะผู้เล่นที่ไม่ใช่เจ้ามือ จ่าย 2 เท่าของเงินเดิมพัน\n\n　<symbol=case_file_lower_than>ไนน์-วัน<symbol=case_file_greater_than>　　<symbol=case_file_right_arrow> ไพ่สองใบแรกที่แจกคือ 9 และ 1\n　　　　　　　　　　　 ใช้ได้เฉพาะเจ้ามือ จ่าย 2 เท่าของเงินเดิมพัน\n\n　<symbol=case_file_lower_than>ไพ่ตอง<symbol=case_file_greater_than>　<symbol=case_file_right_arrow> ไพ่ 3 ใบมีค่าเท่ากันทั้งหมด\n　　　　　　　　　　　 ใช้ได้ทั้งเจ้ามือและผู้เล่น จ่าย 3 เท่าของเงินเดิมพัน\n\n　<symbol=case_file_lower_than>เท็น-เท็น-วัน<symbol=case_file_greater_than>　<symbol=case_file_right_arrow> ไพ่ 2 ใบมีค่า 10 และอีก 1 ใบเป็น 1\n　　　　　　　　　　　 ใช้ได้ทั้งเจ้ามือและผู้เล่น จ่าย 20 เท่าของเงินเดิมพัน\n\n　<symbol=case_file_lower_than>โฟร์-ซิกซ์<symbol=case_file_greater_than>　　<symbol=case_file_right_arrow> ไพ่สองใบแรกที่แจกคือ 4 และ 6\n　　　　　　　　　　　 ใช้ได้ทั้งเจ้ามือและผู้เล่น ผู้เล่นเลือกถอนตัวจากรอบนี้ได้
28-1504	manual	<symbol=case_file_head>Hands\n　<symbol=case_file_subhead>The strength of normal/special hands are as follows.\n　<symbol=case_file_subhead>The dealer's Ten-Ten-One is the strongest. Zero is weakest.\n\n\n　　　<symbol=case_file_lower_than>Strongest<symbol=case_file_greater_than>　Dealer's Ten-Ten-One\n　　　　　　　Player's Ten-Ten-One\n　　　　　　　Dealer's Three of a Kind\n　　　　　　　Player's Three of a Kind\n　　　　　　　Nine-One\n　　　　　　　Four-One\n　　　<symbol=case_file_lower_than>Weakest<symbol=case_file_greater_than>　Zero to Nine	<symbol=case_file_head>มือไพ่\n　<symbol=case_file_subhead>ลำดับความแรงของมือปกติ/มือพิเศษเรียงดังนี้\n　<symbol=case_file_subhead>เท็น-เท็น-วันของเจ้ามือแรงที่สุด ศูนย์อ่อนที่สุด\n\n\n　　　<symbol=case_file_lower_than>แรงที่สุด<symbol=case_file_greater_than>　เท็น-เท็น-วันของเจ้ามือ\n　　　　　　　เท็น-เท็น-วันของผู้เล่น\n　　　　　　　ไพ่ตองของเจ้ามือ\n　　　　　　　ไพ่ตองของผู้เล่น\n　　　　　　　ไนน์-วัน\n　　　　　　　โฟร์-วัน\n　　　<symbol=case_file_lower_than>อ่อนที่สุด<symbol=case_file_greater_than>　ศูนย์ถึงเก้า
28-1505	manual	<symbol=case_file_head>Texas Hold'em Rules\n\n　<symbol=case_file_subhead>Texas Hold'em is a poker game in which you build five-card hands from\n　　seven cards (your own two hole cards, plus five community cards).\n\n\n<symbol=case_file_lower_than>How to Win<symbol=case_file_greater_than>\n　<symbol=case_file_right_arrow> Have the strongest hand at the showdown.\n　<symbol=case_file_right_arrow> All the other players fold.	<symbol=case_file_head>กฎเท็กซัสโฮลเด็ม\n\n　<symbol=case_file_subhead>เท็กซัสโฮลเด็มเป็นเกมโป๊กเกอร์ ที่คุณรวมไพ่ 5 ใบเป็นมือ\n　　จากไพ่ 7 ใบ (ไพ่ในมือของคุณเอง 2 ใบ บวกไพ่กลาง 5 ใบ)\n\n\n<symbol=case_file_lower_than>วิธีชนะ<symbol=case_file_greater_than>\n　<symbol=case_file_right_arrow> มีมือไพ่แรงที่สุดตอนเปิดไพ่\n　<symbol=case_file_right_arrow> ผู้เล่นคนอื่นทั้งหมดหมอบ
28-1506	manual	Poker (Texas Hold'em)	โป๊กเกอร์ (เท็กซัสโฮลเด็ม)
28-1507	manual	<symbol=case_file_head>Flow of the Game\n\n　<symbol=case_file_subhead>In the first round, each player is dealt two hole cards. Three community cards are dealt in the second round. The fourth and fifth\n　　community cards are dealt in the third and fourth rounds, respectively.\n\n\n　<symbol=case_file_lower_than>Advancing to the Next Round<symbol=case_file_greater_than>\n　　<symbol=case_file_right_arrow>All players have placed bets of the same amount.\n　　<symbol=case_file_right_arrow>Once All Players Have Checked:\n\n\n　<symbol=case_file_subhead>At the end of the fifth round, all players reveal their hands in a showdown. \n　<symbol=case_file_subhead>The player with the strongest hand wins.	<symbol=case_file_head>ลำดับการเล่น\n\n　<symbol=case_file_subhead>รอบแรก ผู้เล่นแต่ละคนได้รับไพ่ในมือ 2 ใบ รอบที่สองแจกไพ่กลาง 3 ใบ ส่วนไพ่กลางใบที่สี่และห้า\n　　จะแจกในรอบที่สามและรอบที่สี่ตามลำดับ\n\n\n　<symbol=case_file_lower_than>เข้าสู่รอบถัดไป<symbol=case_file_greater_than>\n　　<symbol=case_file_right_arrow>ผู้เล่นทุกคนวางเดิมพันเท่ากันแล้ว\n　　<symbol=case_file_right_arrow>เมื่อผู้เล่นทุกคนเช็คแล้ว:\n\n\n　<symbol=case_file_subhead>เมื่อจบรอบที่ห้า ผู้เล่นทุกคนเปิดไพ่ในมือพร้อมกัน \n　<symbol=case_file_subhead>ผู้เล่นที่มีมือไพ่แรงที่สุด เป็นฝ่ายชนะ
28-1508	manual	<symbol=case_file_head>How a game of "Texas Hold'em" goes\n\n　<symbol=case_file_lower_than>Possible Actions in Each Round<symbol=case_file_greater_than>\n\n　　<symbol=case_file_right_arrow>Bet: Bet a fixed amount of chips.\n　　<symbol=case_file_right_arrow>Call: Bet the same amount of chips as the previous player.\n　　<symbol=case_file_right_arrow>Raise: Bet more chips than the previous player.\n　　<symbol=case_file_right_arrow>Check: Don't bet, in which case the next player goes.\n　　<symbol=case_file_right_arrow>Fold: Stop betting and retire from the current hand.\n\n\n　<symbol=case_file_subhead>You may place a bet if none of the other players have bet yet.\n　<symbol=case_file_subhead>You can check if none of the other players have bet yet, or if all the other players call the big blind. 	<symbol=case_file_head>วิธีเล่น "เท็กซัสโฮลเด็ม"\n\n　<symbol=case_file_lower_than>การกระทำที่ทำได้ในแต่ละรอบ<symbol=case_file_greater_than>\n\n　　<symbol=case_file_right_arrow>เบต: วางเดิมพันด้วยจำนวนชิปที่กำหนด\n　　<symbol=case_file_right_arrow>คอล: วางเดิมพันเท่ากับผู้เล่นคนก่อนหน้า\n　　<symbol=case_file_right_arrow>เรส: วางเดิมพันมากกว่าผู้เล่นคนก่อนหน้า\n　　<symbol=case_file_right_arrow>เช็ค: ไม่วางเดิมพัน แล้วให้ผู้เล่นคนถัดไปเล่นต่อ\n　　<symbol=case_file_right_arrow>โฟลด์: หยุดวางเดิมพันและถอนตัวจากมือ ปัจจุบัน\n\n\n　<symbol=case_file_subhead>คุณวางเดิมพันได้ถ้ายังไม่มีผู้ เล่นคนอื่นวางเดิมพันมาก่อน\n　<symbol=case_file_subhead>คุณเช็คได้ถ้ายังไม่มีผู้เล่น คนอื่นวางเดิมพัน หรือผู้เล่นคนอื่นทั้งหมดคอล บิ๊กบลายด์แล้ว 
28-1509	manual	<symbol=case_file_head>Flow of the Game\n\n　<symbol=case_file_subhead>A big blind and little blind are forced bets at the beginning of a hand that must be made by the first and second players that\n　　get the dealer button after the current dealer. (The dealer button rotates clockwise after each hand.)\n\n　<symbol=case_file_subhead>Bet Amounts Each Round\n　　<symbol=case_file_right_arrow>Big Blind: Minimum bet\n　　<symbol=case_file_right_arrow>Little Blind: Half the minimum bet	<symbol=case_file_head>ลำดับการเล่น\n\n　<symbol=case_file_subhead>บิ๊กบลายด์และลิตเทิลบลายด์เป็น เดิมพันบังคับตอนเริ่มมือ ที่ผู้เล่นคนแรกและคนที่สองซึ่งได้\n　　ดีลเลอร์บัตตันต่อจากเจ้ามือ ปัจจุบันต้องวาง (ดีลเลอร์บัตตันจะหมุน ตามเข็มนาฬิกาทุกจบมือ)\n\n　<symbol=case_file_subhead>จำนวนเงินเดิมพันแต่ละรอบ\n　　<symbol=case_file_right_arrow>บิ๊กบลายด์: เดิมพันขั้นต่ำ\n　　<symbol=case_file_right_arrow>ลิตเทิลบลายด์: ครึ่งหนึ่งของเดิมพันขั้นต่ำ
28-1510	manual	<symbol=case_file_head>One Pair\n\n　<symbol=case_file_subhead>Two cards of the same rank	<symbol=case_file_head>วันแพร์\n\n　<symbol=case_file_subhead>ไพ่ 2 ใบอันดับเดียวกัน
28-1511	manual	<symbol=case_file_head>Two Pair\n\n　<symbol=case_file_subhead>Two cards of one rank + two cards of another rank	<symbol=case_file_head>ทูแพร์\n\n　<symbol=case_file_subhead>ไพ่ 2 ใบอันดับหนึ่ง + ไพ่ 2 ใบอีกอันดับหนึ่ง
28-1512	manual	Poker Hands	มือไพ่โป๊กเกอร์
28-1513	manual	<symbol=case_file_head>Three of a Kind\n\n　<symbol=case_file_subhead>Three cards of the same rank	<symbol=case_file_head>ทรีออฟอะไคนด์\n\n　<symbol=case_file_subhead>ไพ่ 3 ใบอันดับเดียวกัน
28-1514	manual	<symbol=case_file_head>Straight\n\n　<symbol=case_file_subhead>Five cards of sequential rank\n　　<symbol=case_file_right_arrow> (A, 2, 3, 4, 5 is the weakest straight)	<symbol=case_file_head>สเตรท\n\n　<symbol=case_file_subhead>ไพ่ 5 ใบอันดับเรียงต่อกัน\n　　<symbol=case_file_right_arrow> (A, 2, 3, 4, 5 เป็นสเตรทที่อ่อนที่สุด)
28-1515	manual	<symbol=case_file_head>Flush\n\n　<symbol=case_file_subhead>Five cards of the same suit	<symbol=case_file_head>ฟลัช\n\n　<symbol=case_file_subhead>ไพ่ 5 ใบดอกเดียวกัน
28-1516	manual	<symbol=case_file_head>Full House\n\n　<symbol=case_file_subhead>One pair + three of a kind	<symbol=case_file_head>ฟูลเฮาส์\n\n　<symbol=case_file_subhead>วันแพร์ + ทรีออฟอะไคนด์
28-1517	manual	<symbol=case_file_head>Four of a Kind\n\n　<symbol=case_file_subhead>Four cards of one rank	<symbol=case_file_head>โฟร์ออฟอะไคนด์\n\n　<symbol=case_file_subhead>ไพ่ 4 ใบอันดับเดียวกัน
28-1518	manual	<symbol=case_file_head>Straight Flush\n\n　<symbol=case_file_subhead>A straight of the same suit	<symbol=case_file_head>สเตรทฟลัช\n\n　<symbol=case_file_subhead>สเตรทที่ดอกเดียวกันทั้งหมด
28-1519	manual	<symbol=case_file_head>Royal Flush\n\n　<symbol=case_file_subhead>A straight comprised of A, K, Q, J, 10, all of the same suit	<symbol=case_file_head>รอยัลฟลัช\n\n　<symbol=case_file_subhead>สเตรทที่ประกอบด้วย A, K, Q, J, 10 ดอกเดียวกันทั้งหมด
28-1520	manual	<symbol=case_file_head>High Card\n\n　<symbol=case_file_subhead>A hand that does not contain any of the previous combinations\n\n\n<symbol=case_file_head>Tie Break Rules\n\n　<symbol=case_file_subhead>1. The player who holds the hand with the highest card wins.\n　<symbol=case_file_subhead>2. The player who has the highest card wins.\n　<symbol=case_file_subhead>3. If all card ranks match, it is a draw and the pot is split.	<symbol=case_file_head>ไฮการ์ด\n\n　<symbol=case_file_subhead>มือไพ่ที่ไม่เข้าชุดใดในข้างต้นเลย\n\n\n<symbol=case_file_head>กฎตัดสินเมื่อเสมอกัน\n\n　<symbol=case_file_subhead>1. ผู้เล่นที่ถือมือไพ่ที่มีไพ่ สูงสุดเป็นฝ่ายชนะ\n　<symbol=case_file_subhead>2. ผู้เล่นที่มีไพ่สูงสุดเป็นฝ่ายชนะ\n　<symbol=case_file_subhead>3. ถ้าไพ่ทุกอันดับตรงกันหมด ถือว่าเสมอและแบ่งกองกลางกัน
28-1521	manual	Mahjong: Rules	มาจอง: กฎการเล่น
28-1522	manual	<symbol=case_file_head>Mahjong Rules\n\n　<symbol=case_file_lower_than>Basic Rules<symbol=case_file_greater_than>\n\n　　<symbol=case_file_subhead>Four players compete to be the first to complete a 14-tile hand.\n　　<symbol=case_file_subhead>This hand is typically composed of 4 groups of 3-tile combinations and 1 pair.\n　　<symbol=case_file_subhead>The point value of a player's hand is determined by the tiles they have collected.\n　　<symbol=case_file_subhead>Each player takes turns drawing and discarding tiles to construct their hand to reach the win condition.\n　　<symbol=case_file_subhead>In addition to drawing them, players can steal certain tiles that their opponents discard. 	<symbol=case_file_head>กฎมาจอง\n\n　<symbol=case_file_lower_than>กฎพื้นฐาน<symbol=case_file_greater_than>\n\n　　<symbol=case_file_subhead>ผู้เล่น 4 คนแข่งกันเพื่อเป็นคนแรกที่รวม ไพ่มือครบ 14 ใบ\n　　<symbol=case_file_subhead>มือไพ่นี้ปกติประกอบด้วยชุด 3 ใบ 4 ชุด และไพ่คู่ 1 คู่\n　　<symbol=case_file_subhead>คะแนนของมือไพ่ผู้เล่น ขึ้นอยู่กับไพ่ที่เก็บได้\n　　<symbol=case_file_subhead>ผู้เล่นแต่ละคนผลัดกันจั่วและ ทิ้งไพ่เพื่อรวมมือให้ครบ เงื่อนไขชนะ\n　　<symbol=case_file_subhead>นอกจากจั่วเองแล้ว ผู้เล่นยังกิน/ปะไพ่ที่คู่ต่อสู้ทิ้งได้ด้วย 
28-1523	manual	　　<symbol=case_file_subhead>As you play through a game, you will draw and discard tiles while trying to form sets of straights and three-of-a-kinds\n　　　to meet the win condition.\n　　<symbol=case_file_subhead>Sometimes you can steal from others players to reach that goal quicker.\n　　<symbol=case_file_subhead>Aim to form 4 sets of 3 (straights or triplets) and 1 pair.	　　<symbol=case_file_subhead>ระหว่างเล่นเกม คุณจะจั่วและทิ้งไพ่เพื่อพยายาม รวมชุดเรียงและชุดสามใบ เหมือนกัน\n　　　เพื่อให้ครบเงื่อนไขชนะ\n　　<symbol=case_file_subhead>บางครั้งคุณกินไพ่จากผู้เล่น คนอื่นเพื่อไปให้ถึง เป้าหมายได้เร็วขึ้น\n　　<symbol=case_file_subhead>ตั้งเป้ารวมชุด 3 ใบ 4 ชุด (เรียงหรือตอง) และไพ่คู่ 1 คู่
28-1524	manual	<symbol=case_file_head>Shuntsu and Kotsu\n\n　<symbol=case_file_subhead>Among the Mentsu, there are Shuntsu and Kotsu.\n\n　　<symbol=case_file_right_arrow> A Shuntsu is 3 consecutive numbers of the same suit.\n　　<symbol=case_file_right_arrow> A Kotsu is a set of 3 identical tiles.	<symbol=case_file_head>จุนซึและโคะสึ\n\n　<symbol=case_file_subhead>ในบรรดาเมนสึ มีทั้งจุนซึและโคะสึ\n\n　　<symbol=case_file_right_arrow> จุนซึคือไพ่เรียงเลข 3 ใบต่อกันในดอกเดียวกัน\n　　<symbol=case_file_right_arrow> โคะสึคือชุดไพ่เหมือนกัน 3 ใบ
28-1525	manual	\n<symbol=case_file_head>Janto\n\n　<symbol=case_file_subhead>Janto is made by 2 of the identical tile, and called a Toitsu.\n\n　　<symbol=case_file_right_arrow> Toitsu is a pair of 2 of the same tile.	\n<symbol=case_file_head>จันโตะ\n\n　<symbol=case_file_subhead>จันโตะประกอบด้วยไพ่เหมือนกัน 2 ใบ เรียกว่าโทอิสึ\n\n　　<symbol=case_file_right_arrow> โทอิสึคือไพ่คู่ที่เหมือนกัน 2 ใบ
28-1526	manual	<symbol=case_file_head>Melds\n\n\n　<symbol=case_file_subhead>Immediately after an opponent discards a tile, you can claim and add it to your hand, creating a "meld."\n　<symbol=case_file_subhead>Melds are divided into pon, chi, and kan, explained on the next page.\n　<symbol=case_file_subhead>A concealed hand is when Pon, Chi, or Kan has not been declared.\n　　<symbol=case_file_right_arrow> There are hands that can only be formed through a concealed hand.\n　　<symbol=case_file_right_arrow> Also, there are some hands that will have their scoring elements taken down if they have melded.	<symbol=case_file_head>เมลด์\n\n\n　<symbol=case_file_subhead>ทันทีที่คู่ต่อสู้ทิ้งไพ่ คุณสามารถเก็บมาใส่มือของตัวเอง เพื่อสร้าง "เมลด์" ได้\n　<symbol=case_file_subhead>เมลด์แบ่งเป็นปง ชี่ และคัง จะอธิบายในหน้าถัดไป\n　<symbol=case_file_subhead>มือปิดคือมือที่ยังไม่ประกาศปง ชี่ หรือคัง\n　　<symbol=case_file_right_arrow> มีบางมือที่ทำได้เฉพาะตอนเป็น มือปิดเท่านั้น\n　　<symbol=case_file_right_arrow> นอกจากนี้ยังมีบางมือที่คะแนนจะ ลดลงถ้ามีการเมลด์
28-1527	manual	<symbol=case_file_head>Types of Melds\n\n　<symbol=case_file_lower_than>Pon<symbol=case_file_greater_than>:\n　<symbol=case_file_subhead>If an opponent discards a tile that matches a pair in your hand, that tile can be claimed and melded to form a triplet\n　　by selecting "Pon."\n\n　<symbol=case_file_lower_than>Chi<symbol=case_file_greater_than>:\n　<symbol=case_file_subhead>If an opponent discards a tile that completes a 3-number straight, that tile can be claimed and melded to form a set by\n　　selecting "Chi." You can only steal a tile from the opponent sitting to your left for this meld. \n\n　<symbol=case_file_lower_than>Kan<symbol=case_file_greater_than>:\n　<symbol=case_file_subhead>If you have a triplet and an opponent discards a fourth matching tile, you can select "Kan" to claim it and form an exposed kan. \n　<symbol=case_file_subhead>If you have an exposed pon and draw the fourth tile, you may select "Kan" to upgrade that pon into a kan.\n　<symbol=case_file_subhead>Each time a kan is announced, a new dora (bonus title) is added.	<symbol=case_file_head>ประเภทของการเมลด์\n\n　<symbol=case_file_lower_than>ปง<symbol=case_file_greater_than>:\n　<symbol=case_file_subhead>ถ้าคู่ต่อสู้ทิ้งไพ่ที่ตรงกับ คู่ในมือคุณ คุณสามารถเก็บไพ่ใบนั้นมาเมลด์ เป็นไพ่สามใบเหมือนกัน\n　　ได้โดยเลือก "ปง"\n\n　<symbol=case_file_lower_than>ชี่<symbol=case_file_greater_than>:\n　<symbol=case_file_subhead>ถ้าคู่ต่อสู้ทิ้งไพ่ที่ทำให้ ครบชุดเรียง 3 ตัวเลข คุณสามารถเก็บไพ่ใบนั้นมาเมลด์ เป็นชุดได้ โดย\n　　เลือก "ชี่" คุณจะขโมยไพ่ได้เฉพาะจาก คู่ต่อสู้ที่นั่งทางซ้ายมือของ คุณเท่านั้นสำหรับการเมลด์แบบนี้ \n\n　<symbol=case_file_lower_than>คัง<symbol=case_file_greater_than>:\n　<symbol=case_file_subhead>ถ้าคุณมีไพ่สามใบเหมือนกันและ คู่ต่อสู้ทิ้งไพ่ใบที่สี่ ที่ตรงกัน คุณสามารถเลือก "คัง" เพื่อเก็บไพ่นั้นมาสร้างคังแบบเปิดได้ \n　<symbol=case_file_subhead>ถ้าคุณมีปงแบบเปิดอยู่แล้วและ จั่วได้ไพ่ใบที่สี่ คุณสามารถเลือก "คัง" เพื่ออัปเกรดปงนั้นเป็นคังได้\n　<symbol=case_file_subhead>ทุกครั้งที่มีการประกาศคัง จะมีการเพิ่มโดระใหม่ (ไพ่โบนัส)
28-1528	manual	<symbol=case_file_head>Completing a Hand\n\n　There are two ways to complete a hand: ron and tsumo.\n\n　　<symbol=case_file_lower_than>Ron<symbol=case_file_greater_than> (completing a hand by stealing):\n　　　<symbol=case_file_subhead>Any time you need one more tile to win, you can claim the current discard if it completes your hand by selecting "Ron."\n\n　　<symbol=case_file_lower_than>Tsumo<symbol=case_file_greater_than> (completing a hand with a self-drawn tile):\n　　　Any time you need one more tile to win and you draw a tile that completes your hand, you can select "Tsumo."\n\n\n　<symbol=case_file_right_arrow>When you win by ron, the opponent who discarded the winning tile pays you the resulting points.\n　<symbol=case_file_right_arrow>When you win by tsumo, your three opponents pay the resulting points.	<symbol=case_file_head>การจบมือไพ่\n\n　มีสองวิธีในการจบมือไพ่ คือ รอน และ สึโม\n\n　　<symbol=case_file_lower_than>รอน<symbol=case_file_greater_than> (จบมือไพ่ด้วยการขโมยไพ่):\n　　　<symbol=case_file_subhead>เมื่อใดก็ตามที่คุณต้องการไพ่ อีกใบเดียวเพื่อชนะ คุณสามารถเก็บไพ่ที่เพิ่งถูก ทิ้งมาใช้ได้ ถ้ามันทำให้มือไพ่ของคุณจบสมบูรณ์ โดยเลือก "รอน"\n\n　　<symbol=case_file_lower_than>สึโม<symbol=case_file_greater_than> (จบมือไพ่ด้วยไพ่ที่จั่วเอง):\n　　　เมื่อใดก็ตามที่คุณต้องการไพ่ อีกใบเดียวเพื่อชนะ และจั่วได้ไพ่ที่ทำให้มือไพ่จบสมบูรณ์ คุณสามารถเลือก "สึโม" ได้\n\n\n　<symbol=case_file_right_arrow>เมื่อคุณชนะด้วยรอน คู่ต่อสู้ที่ทิ้งไพ่ใบที่ทำให้ คุณชนะจะเป็นผู้จ่ายแต้มให้คุณ\n　<symbol=case_file_right_arrow>เมื่อคุณชนะด้วยสึโม คู่ต่อสู้ทั้งสามคนจะเป็นผู้ จ่ายแต้มให้คุณ
28-1529	manual	<symbol=case_file_head>Ready Hand (Riichi):\n　<symbol=case_file_subhead>A concealed hand that a player chooses to lock. Upon a win, ura-dora are revealed for each visible dora, increasing potential\n　　for points.\n\n<symbol=case_file_head>One-Shot (Ippatsu):\n　<symbol=case_file_subhead>A hand completed within one turn of declaring riichi.\n　<symbol=case_file_subhead>But ippatsu is canceled if any exposed meld is declared.\n\n<symbol=case_file_head>Fully Concealed Hand (Tsumo):\n　<symbol=case_file_subhead>A concealed hand with the winning tile self-drawn.	<symbol=case_file_head>มือพร้อม (รีช):\n　<symbol=case_file_subhead>มือไพ่ปิดที่ผู้เล่นเลือกล็อกไว้ เมื่อชนะ จะเปิดอุระโดระตามจำนวนโดระที่ เปิดอยู่ เพิ่มโอกาส\n　　ได้แต้มมากขึ้น\n\n<symbol=case_file_head>วันช็อต (อิปปัตสึ):\n　<symbol=case_file_subhead>มือไพ่ที่จบภายในหนึ่งตาหลังจาก ประกาศรีช\n　<symbol=case_file_subhead>แต่อิปปัตสึจะถูกยกเลิกถ้ามีการ ประกาศเมลด์แบบเปิดเกิดขึ้น\n\n<symbol=case_file_head>มือไพ่ปิดสมบูรณ์ (สึโม):\n　<symbol=case_file_subhead>มือไพ่ปิดที่ไพ่ใบชนะเป็นไพ่ที่ จั่วเอง
28-1530	manual	Mahjong Hand: 1 Han	มือไพ่มาจอง: 1 ฮัน
28-1531	manual	<symbol=case_file_head>Dragon Triplet (Yakuhai):\n　<symbol=case_file_subhead>A triplet (or quad) of white, green, or red dragon tiles.	<symbol=case_file_head>ไพ่สามใบมังกร (ยากุไห):\n　<symbol=case_file_subhead>ไพ่สามใบ (หรือสี่ใบ) ของมังกรขาว มังกรเขียว หรือมังกรแดง
28-1532	manual	<symbol=case_file_head>Round Wind/Seat Wind (Kazehai):\n　<symbol=case_file_subhead>A triplet (or quad) of the round wind or your seat wind.	<symbol=case_file_head>ลมประจำตา/ลมประจำที่นั่ง (คาเซไห):\n　<symbol=case_file_subhead>ไพ่สามใบ (หรือสี่ใบ) ของลมประจำตาหรือลมประจำที่นั่งของคุณ
28-1533	manual	<symbol=case_file_head>No-Points Hand (Pinfu):\n　<symbol=case_file_subhead>A concealed hand composed entirely of straights and a valueless pair. Also the hand must be ready on an open-ended wait.	<symbol=case_file_head>มือไร้แต้ม (มือไร้แต้ม):\n　<symbol=case_file_subhead>มือไพ่ปิดที่ประกอบด้วยไพ่เรียงล้วน ๆ กับคู่ที่ไม่มีค่า และมือไพ่ต้องรอไพ่แบบเปิดสองทาง
28-1534	manual	<symbol=case_file_head>All Simples (Tan'yaochuu):\n　<symbol=case_file_subhead>Uses suit tiles 2 through 8 to make four sets and one pair.	<symbol=case_file_head>ไพ่ธรรมดาล้วน (ไพ่ธรรมดาล้วน):\n　<symbol=case_file_subhead>ใช้ไพ่หมายเลข 2 ถึง 8 สร้างเป็นชุดสี่ชุดกับคู่หนึ่งคู่
28-1535	manual	<symbol=case_file_head>Identical Sequences (Iipeikou):\n　<symbol=case_file_subhead>A concealed hand with identical straights (same suit and same 3-number sequence).	<symbol=case_file_head>ไพ่เรียงคู่เหมือน (อีเปโค):\n　<symbol=case_file_subhead>มือไพ่ปิดที่มีไพ่เรียง เหมือนกันสองชุด (ดอกเดียวกันและเลขเรียงชุดเดียวกัน)
28-1536	manual	<symbol=case_file_head>Last Tile Draw (Haitei):\n　<symbol=case_file_subhead>A hand completed by drawing the last tile from the wall.\n\n\n<symbol=case_file_head>Last Tile Discard (Houtei):\n　<symbol=case_file_subhead>A hand completed with the last tile discarded by an opponent.\n\n\n<symbol=case_file_head>Dead Wall Draw (Rinshan Kaihou):\n　<symbol=case_file_subhead>A hand completed using a drawn tile when declaring Kan.\n\n\n<symbol=case_file_head>Robbing a Quad (Chankan):\n　<symbol=case_file_subhead>A hand completed using the tile another player used to upgrade a pon to a kan.	<symbol=case_file_head>จั่วไพ่ใบสุดท้าย (ไฮเท):\n　<symbol=case_file_subhead>มือไพ่ที่จบด้วยการจั่วไพ่ใบ สุดท้ายจากกอง\n\n\n<symbol=case_file_head>ทิ้งไพ่ใบสุดท้าย (โฮเท):\n　<symbol=case_file_subhead>มือไพ่ที่จบด้วยไพ่ใบสุดท้ายที่ คู่ต่อสู้ทิ้ง\n\n\n<symbol=case_file_head>จั่วจากกองตาย (รินชังไคโฮ):\n　<symbol=case_file_subhead>มือไพ่ที่จบด้วยไพ่ที่จั่วได้ ตอนประกาศคัง\n\n\n<symbol=case_file_head>ปล้นไพ่สี่ใบ (ชังคัง):\n　<symbol=case_file_subhead>มือไพ่ที่จบด้วยไพ่ที่ผู้เล่น อีกคนใช้อัปเกรดปงเป็นคัง
28-1537	manual	<symbol=case_file_head>All Triplet Hand (Toitoi):\n　<symbol=case_file_subhead>A hand with four triplets and one pair.	<symbol=case_file_head>มือไพ่สามใบล้วน (โทอิโทอิ):\n　<symbol=case_file_subhead>มือไพ่ที่มีไพ่สามใบสี่ชุดกับ คู่หนึ่งคู่
28-1538	manual	<symbol=case_file_head>Mixed Outside Hand (Chanta):\n　<symbol=case_file_subhead>All sets include a 1, 9, or honor tile.\n　<symbol=case_file_subhead>Concealed: 2 han. Exposed: 1 han.	<symbol=case_file_head>มือไพ่ปนขอบ (ชานตะ):\n　<symbol=case_file_subhead>ทุกชุดมีไพ่ 1, 9 หรือไพ่เกียรติอยู่ด้วย\n　<symbol=case_file_subhead>ปิด: 2 ฮัง เปิด: 1 ฮัง
28-1539	manual	Mahjong Hand: 2 Han	มือไพ่มาจอง: 2 ฮัน
28-1540	manual	<symbol=case_file_head>Full Straight (Ikkitsuukan):\n　<symbol=case_file_subhead>Sequences of 123, 456, and 789 in the same suit.\n　<symbol=case_file_subhead>Concealed: 2 han. Exposed: 1 han.	<symbol=case_file_head>เรียงเต็มสาย (อิกคิสึคัง):\n　<symbol=case_file_subhead>ไพ่เรียง 123, 456 และ 789 ในดอกเดียวกัน\n　<symbol=case_file_subhead>ปิด: 2 ฮัง เปิด: 1 ฮัง
28-1541	manual	<symbol=case_file_head>Seven Pairs (Chiitoitsu):\n　<symbol=case_file_subhead>A concealed hand of 7 pairs.\n　<symbol=case_file_subhead>All seven pairs must be unique.	<symbol=case_file_head>คู่เจ็ดคู่ (คู่เจ็ดคู่):\n　<symbol=case_file_subhead>มือไพ่ปิดที่ประกอบด้วยคู่ไพ่ 7 คู่\n　<symbol=case_file_subhead>คู่ไพ่ทั้งเจ็ดคู่ต้องไม่ซ้ำกัน
28-1542	manual	<symbol=case_file_head>Three Color Straight (Sanshoku Doujun):\n　<symbol=case_file_subhead>Three straights of the same number sequence, one in each suit.\n　<symbol=case_file_subhead>Concealed: 2 han. Exposed: 1 han.	<symbol=case_file_head>เรียงสามสี (ซันโชกุโดจุง):\n　<symbol=case_file_subhead>ไพ่เรียงสามชุดเลขเดียวกัน ดอกละหนึ่งชุด\n　<symbol=case_file_subhead>ปิด: 2 ฮัง เปิด: 1 ฮัง
28-1543	manual	<symbol=case_file_head>Double Wind (Renpuuhai):\n　<symbol=case_file_subhead>A triplet or quad of the Wind tile that is both the round wind and your seat wind.	<symbol=case_file_head>ลมคู่ (เรนปูไห):\n　<symbol=case_file_subhead>ไพ่สามใบหรือสี่ใบของไพ่ลม ที่เป็นทั้งลมประจำตาและลม ประจำที่นั่งของคุณ
28-1544	manual	<symbol=case_file_head>Three Concealed Triplets (San Ankou):\n　<symbol=case_file_subhead>Three triplets consisting of self-drawn tiles. You cannot call ron to form the third triplet.\n　<symbol=case_file_subhead>All three triplets must be concealed.	<symbol=case_file_head>ไพ่สามใบปิดสามชุด (ซันอังโค):\n　<symbol=case_file_subhead>ไพ่สามใบสามชุดที่มาจากไพ่ที่จั่วเอง คุณไม่สามารถเรียกรอนเพื่อสร้าง ไพ่สามใบชุดที่สามได้\n　<symbol=case_file_subhead>ไพ่สามใบทั้งสามชุดต้องเป็นแบบปิด
28-1545	manual	<symbol=case_file_head>All Terminals and Honors (Honroutou):\n　<symbol=case_file_subhead>All triplets or quads of 1s, 9s, and honors.	<symbol=case_file_head>ไพ่ปลายกับไพ่เกียรติล้วน (ฮนโรวโท):\n　<symbol=case_file_subhead>ไพ่สามใบหรือสี่ใบล้วนของเลข 1, เลข 9 และไพ่เกียรติ
28-1546	manual	<symbol=case_file_head>Little Three Dragons (Shousangen):\n　<symbol=case_file_subhead>A hand with any two dragon triplets and using the third dragon as a pair.	<symbol=case_file_head>มังกรน้อยสาม (โชซังเง็น):\n　<symbol=case_file_subhead>มือไพ่ที่มีไพ่สามใบมังกรสองชุด และใช้มังกรตัวที่สามเป็นคู่
28-1547	manual	<symbol=case_file_head>Three Color Triplets (Sanshoku Doukou):\n　<symbol=case_file_subhead>A hand with three triplets of the same number, one in each suit.	<symbol=case_file_head>ไพ่สามใบสามสี (ซันโชกุโดโค):\n　<symbol=case_file_subhead>มือไพ่ที่มีไพ่สามใบเลขเดียวกันสามชุด ดอกละหนึ่งชุด
28-1548	manual	<symbol=case_file_head>Three Quads (San Kantsu):\n　<symbol=case_file_subhead>A hand with three quads that are either concealed or exposed.	<symbol=case_file_head>ไพ่สี่ใบสามชุด (ซันคันสึ):\n　<symbol=case_file_subhead>มือไพ่ที่มีไพ่สี่ใบสามชุด จะปิดหรือเปิดก็ได้
28-1549	manual	<symbol=case_file_head>Double Riichi:\n　<symbol=case_file_subhead>When you declare riichi on your first discard.	<symbol=case_file_head>รีชคู่:\n　<symbol=case_file_subhead>เมื่อคุณประกาศรีชตั้งแต่การ ทิ้งไพ่ใบแรก
28-1550	manual	<symbol=case_file_head>Pure Outside Hand (Junchan):\n　<symbol=case_file_subhead>All sets include a 1 or a 9.\n　<symbol=case_file_subhead>Concealed: 3 han. Exposed: 2 han.	<symbol=case_file_head>มือไพ่ปนขอบแท้ (จุนจัง):\n　<symbol=case_file_subhead>ทุกชุดมีไพ่ 1 หรือ 9 อยู่ด้วย\n　<symbol=case_file_subhead>ปิด: 3 ฮัง เปิด: 2 ฮัง
28-1551	manual	<symbol=case_file_head>Half Flush (Hon'itsu):\n　<symbol=case_file_subhead>A hand consisting of only one suit and any combination of honors.\n　<symbol=case_file_subhead>Concealed: 3 han. Exposed: 2 han.	<symbol=case_file_head>ฟลัชครึ่ง (ฮงอิตสึ):\n　<symbol=case_file_subhead>มือไพ่ที่ประกอบด้วยดอกเดียวเท่านั้น ผสมกับไพ่เกียรติชนิดใดก็ได้\n　<symbol=case_file_subhead>ปิด: 3 ฮัง เปิด: 2 ฮัง
28-1552	manual	Mahjong Hand: 3 Han	มือไพ่มาจอง: 3 ฮัน
28-1553	manual	<symbol=case_file_head>Double Identical Sequences (Ryanpeikou):\n　<symbol=case_file_subhead>A concealed hand with two Identical Sequences.\n　<symbol=case_file_subhead>This scoring element takes precedence over Seven Pairs.	<symbol=case_file_head>ไพ่เรียงคู่เหมือนสองชุด (เรียงเปโค):\n　<symbol=case_file_subhead>มือไพ่ปิดที่มีไพ่เรียงคู่ เหมือนสองชุด\n　<symbol=case_file_subhead>องค์ประกอบคะแนนนี้มีสิทธิ์ เหนือกว่าคู่เจ็ดคู่
28-1554	manual	<symbol=case_file_head>Terminal and Honor Discards (Nagashi Mangan):\n　<symbol=case_file_subhead>A hand formed when the round is a draw. In order to qualify, you must have not discarded any number tiles 2 through 8,\n　　and you must not have formed any exposed melds.\n　<symbol=case_file_subhead>Additionally, no other player must have claimed any of your terminal/honor discards.	<symbol=case_file_head>ทิ้งไพ่ปลาย-เกียรติล้วน (นางาชิมังกัง):\n　<symbol=case_file_subhead>มือไพ่ที่เกิดขึ้นเมื่อตาจบแบบเสมอ เพื่อให้เข้าเงื่อนไข คุณต้องไม่ทิ้งไพ่หมายเลข 2 ถึง 8 เลย\n　　และต้องไม่มีการเมลด์แบบเปิด เกิดขึ้นเลย\n　<symbol=case_file_subhead>นอกจากนี้ ต้องไม่มีผู้เล่นคนอื่นเก็บไพ่ ปลายหรือไพ่เกียรติที่ คุณทิ้งไปเลย
28-1555	manual	Mahjong Hand: Mangan	มือไพ่มาจอง: มังกัง
28-1556	manual	<symbol=case_file_head>Full Flush (Chin'itsu):\n　<symbol=case_file_subhead>A hand consisting of one suit.\n　<symbol=case_file_subhead>Concealed: 6 han. Exposed: 5 han.	<symbol=case_file_head>ฟลัชเต็ม (ชินอิตสึ):\n　<symbol=case_file_subhead>มือไพ่ที่ประกอบด้วยดอกเดียวล้วน\n　<symbol=case_file_subhead>ปิด: 6 ฮัง เปิด: 5 ฮัง
28-1557	manual	Mahjong Hand: 6 Han	มือไพ่มาจอง: 6 ฮัน
28-1558	manual	<symbol=case_file_head>Four Concealed Triplets (Suu Ankou):\n　<symbol=case_file_subhead>Four triplets consisting of self-drawn tiles. You cannot call ron to form the fourth triplet.\n　<symbol=case_file_subhead>All four triplets must be concealed.	<symbol=case_file_head>ไพ่สามใบปิดสี่ชุด (ซูอังโค):\n　<symbol=case_file_subhead>ไพ่สามใบสี่ชุดที่มาจากไพ่ที่จั่วเอง คุณไม่สามารถเรียกรอนเพื่อสร้าง ไพ่สามใบชุดที่สี่ได้\n　<symbol=case_file_subhead>ไพ่สามใบทั้งสี่ชุดต้องเป็นแบบปิด
28-1559	manual	<symbol=case_file_head>All Honors (Tsuuiisou):\n　<symbol=case_file_subhead>A hand consisting entirely of honors.	<symbol=case_file_head>ไพ่เกียรติล้วน (สึอีโซ):\n　<symbol=case_file_subhead>มือไพ่ที่ประกอบด้วยไพ่เกียรติล้วน ๆ
28-1560	manual	Mahjong Hand: Yakuman	มือไพ่มาจอง: ยากุมัง
28-1561	manual	<symbol=case_file_head>Big Three Dragons (Daisangen):\n　<symbol=case_file_subhead>A hand with one triplet each of white, green, and red dragons.	<symbol=case_file_head>มังกรใหญ่สาม (ไดซังเง็น):\n　<symbol=case_file_subhead>มือไพ่ที่มีไพ่สามใบของมังกรขาว มังกรเขียว และมังกรแดง อย่างละชุด
28-1562	manual	<symbol=case_file_head>All Green (Ryuuiisou):\n　<symbol=case_file_subhead>A hand consisting entirely of green tiles (only green dragons and 2, 3, 4, 6, and 8 of Bamboo tiles).	<symbol=case_file_head>เขียวล้วน (ริวอีโซ):\n　<symbol=case_file_subhead>มือไพ่ที่ประกอบด้วยไพ่สีเขียวล้วน (เฉพาะมังกรเขียวกับไพ่หมวดไม้ไผ่เลข 2, 3, 4, 6 และ 8)
28-1563	manual	<symbol=case_file_head>Thirteen Orphans (Kokushi Musou):\n　<symbol=case_file_subhead>A hand with one of each terminal and honor tile, plus a duplicate of any one.	<symbol=case_file_head>สิบสามเซียนกำพร้า (โคคุชิมุโซ):\n　<symbol=case_file_subhead>มือไพ่ที่มีไพ่ปลายและไพ่ เกียรติครบทุกชนิดอย่างละหนึ่ง ใบ บวกไพ่ซ้ำอีกหนึ่งใบจากชนิดใดก็ได้
28-1564	manual	<symbol=case_file_head>Little Four Winds (Shousuushii):\n　<symbol=case_file_subhead>A hand with any three wind triplets and a pair winds.	<symbol=case_file_head>ลมน้อยสี่ (โชวสึชี):\n　<symbol=case_file_subhead>มือไพ่ที่มีไพ่สามใบของลมสามชุด และคู่ลมอีกหนึ่งคู่
28-1565	manual	<symbol=case_file_head>All Terminals (Chinroutou):\n　<symbol=case_file_subhead>A hand consisting of only 1 and 9 tiles to form 4 sets and 1 pair.	<symbol=case_file_head>ไพ่ปลายล้วน (ชินโรวโท):\n　<symbol=case_file_subhead>มือไพ่ที่ใช้ไพ่เลข 1 และ 9 ล้วน ๆ สร้างเป็น 4 ชุดและ 1 คู่
28-1566	manual	<symbol=case_file_head>Big Wheel (Dai Sharin):\n　<symbol=case_file_subhead>A concealed hand consisting of seven pairs of dots 2 through 8.	<symbol=case_file_head>วงล้อใหญ่ (ไดชาริน):\n　<symbol=case_file_subhead>มือไพ่ปิดที่ประกอบด้วยคู่ไพ่วงกลมเลข 2 ถึง 8 เจ็ดคู่
28-1567	manual	<symbol=case_file_head>Four Quads (Suu Kantsu):\n　<symbol=case_file_subhead>A hand consisting of four quads that are either concealed or exposed.	<symbol=case_file_head>ไพ่สี่ใบสี่ชุด (ซูคันสึ):\n　<symbol=case_file_subhead>มือไพ่ที่ประกอบด้วยไพ่สี่ใบสี่ชุด จะปิดหรือเปิดก็ได้
28-1568	manual	<symbol=case_file_head>Nine Gates (Chuuren Poutou):\n　<symbol=case_file_subhead>A concealed Full Flush with three 1's, three 9's, one each of 2 through 8, and one additional tile from the same suit.	<symbol=case_file_head>เก้าประตู (ชูเร็นโปโต):\n　<symbol=case_file_subhead>ฟลัชเต็มแบบปิดที่มีเลข 1 สามใบ เลข 9 สามใบ เลข 2 ถึง 8 อย่างละหนึ่งใบ และไพ่เพิ่มอีกหนึ่งใบจากดอกเดียวกัน
