id	bin	EN	TH
34-0001	controller_guide	Sprint / Quickstep (During Fighting Stance)	วิ่ง / ควิกสเต็ป (ระหว่างท่าต่อสู้)
34-0002	controller_guide	Change Minimap Size	เปลี่ยนขนาดมินิแมป
34-0003	controller_guide	Taunt / Discard Weapon	ยั่วยุ / ทิ้งอาวุธ
34-0004	controller_guide	Shortcut	ทางลัด
34-0005	controller_guide	Style Switch	สลับสไตล์
34-0006	controller_guide	Move Reticle 	เลื่อนเป้าเล็ง
34-0007	controller_guide	Shoot	ชูต
34-0008	controller_guide	Shoot / Cancel	ยิง / ยกเลิก
34-0009	controller_guide	Throw Grenade	ขว้างระเบิด
34-0010	controller_guide	Reload	รีโหลด
34-0011	controller_guide	Start / Change Perspective	เริ่ม / เปลี่ยนมุมมอง
34-0012	controller_guide	Direction	ทิศทาง
34-0013	controller_guide	Brake	เบรก
34-0014	controller_guide	Accelerate\nPress Twice to Boost	เร่งความเร็ว\nกดสองครั้งเพื่อบูสต์
34-0015	controller_guide	Punch	ชก
34-0016	controller_guide	Kick	เตะ
34-0017	controller_guide	View Controls / Quit	ดูปุ่มควบคุม / ออก
34-0018	controller_guide	Puzzle Shogi	พัซเซิลโชกิ
34-0019	controller_guide	Lock Picking: Keyring	การงัดกุญแจ: พวงกุญแจ
34-0020	controller_guide	Choose Key	เลือกลูกกุญแจ
34-0021	controller_guide	Lock Picking	งัดกุญแจ
34-0022	controller_guide	Move Pick (Left/Right)	เลื่อนเครื่องมืองัด (ซ้าย/ขวา)
34-0023	controller_guide	Move Pick (Up/Down)	เลื่อนตัวคีบ (ขึ้น/ลง)
34-0024	controller_guide	Lock Picking: Thumb-Turn	การงัดกุญแจ: เลี่ยงกลอนบิด
34-0025	controller_guide	Thumb turn bypass	เลี่ยงกลอนบิด
34-0026	controller_guide	Drone Race	แข่งโดรน
34-0027	controller_guide	Move Forward / Move Backward / Curve	เคลื่อนที่ไปข้างหน้า / เคลื่อนที่ถอยหลัง / เลี้ยวโค้ง
34-0028	controller_guide	Move Up / Move Down / Move Sideways	เคลื่อนที่ขึ้น / เคลื่อนที่ลง / เคลื่อนที่ด้านข้าง
34-0029	controller_guide	Use Turbo	ใช้เทอร์โบ
34-0030	controller_guide	Change Perspective	เปลี่ยนมุมมอง
34-0031	controller_guide	Rear View	มุมมองด้านหลัง
34-0032	controller_guide	Move Forward / Move Backward / Move Sideways	เคลื่อนที่ไปข้างหน้า / เคลื่อนที่ถอยหลัง / เคลื่อนที่ด้านข้าง
34-0033	controller_guide	Move Up / Move Down / Rotate	เคลื่อนที่ขึ้น / เคลื่อนที่ลง / หมุน
34-0034	controller_guide	Move Forward / Move Backward / Rotate	เคลื่อนที่ไปข้างหน้า / เคลื่อนที่ถอยหลัง / หมุน
34-0035	controller_guide	2D Investigation	การสืบสวนแบบ 2 มิติ
34-0036	controller_guide	Help	ช่วยเหลือ
34-0037	controller_guide	Finish\n(Upon completing the examination)	เสร็จสิ้น\n(เมื่อตรวจสอบเสร็จ)
34-0038	controller_guide	Menu	เมนู
34-0039	controller_guide	Switch Display\n(When multiple screens are available)	สลับหน้าจอ\n(เมื่อมีหลายหน้าจอให้เลือก)
34-0040	controller_guide	3D Investigation	การสืบสวนแบบ 3 มิติ
34-0041	controller_guide	Focus	โฟกัส
34-0042	controller_guide	Enlarge Image / Shrink Image\n(When checking an image)	ขยายภาพ / ย่อภาพ\n(เมื่อดูภาพ)
34-0043	controller_guide	Move\n(When possible)	เคลื่อนที่\n(เมื่อทำได้)
34-0044	controller_guide	Drone Investigation	การสืบสวนด้วยโดรน
34-0045	controller_guide	Finish\n(Upon completion)	เสร็จสิ้น\n(เมื่อเสร็จสมบูรณ์)
34-0046	controller_guide	Control Drone	บังคับโดรน
34-0047	controller_guide	Control Camera	ควบคุมกล้อง
34-0048	controller_guide	Tutorial	บทสอน
34-0049	controller_guide	Photo Missions	ภารกิจถ่ายภาพ
34-0050	controller_guide	Take Photo	ถ่ายรูป
34-0051	controller_guide	Lower Camera	กดกล้องลง
34-0052	controller_guide	Zoom Out	ซูมออก
34-0053	controller_guide	Zoom In	ซูมเข้า
34-0054	controller_guide	Help (Normal)\nOpen Album (With Camera Out)	ช่วยเหลือ (ปกติ)\nเปิดอัลบั้ม (ตอนกล้องออก)
34-0055	controller_guide	Tailing Search Mode	โหมดค้นหาการสะกดรอย
34-0056	controller_guide	Drone Shooting	ยิงด้วยโดรน
34-0057	controller_guide	Shoot Bullet	ยิงกระสุน
34-0058	controller_guide	Decorating the Office	ตกแต่งสำนักงาน
34-0059	controller_guide	Select Item	เลือกไอเทม
34-0060	controller_guide	Put Away	เก็บ
34-0061	controller_guide	Rotate	หมุน
34-0062	controller_guide	Switch Location\nRotate 30 Degrees Left	สลับตำแหน่ง\nหมุนซ้าย 30 องศา
34-0063	controller_guide	Switch Location\nRotate 30 Degrees Right	สลับตำแหน่ง\nหมุนขวา 30 องศา
34-0064	controller_guide	Zoom	ซูม
34-0065	controller_guide	Fire Bullet	ยิงกระสุน
34-0066	talk_popup_popup	Heeey! Someone!	เฮ้ยยย! ใครก็ได้ช่วยที!
34-0067	talk_popup_popup	Hey. Wanna be Japan's next star?	เฮ้ อยากเป็นดาวดวงใหม่ของญี่ปุ่นไหมล่ะ?
34-0068	talk_popup_popup	This might turn into\nsomething big.	เรื่องนี้อาจจะกลายเป็น\nเรื่องใหญ่ก็ได้นะ
34-0069	talk_popup_popup	Let's cash in\non all the hype.	รีบกอบโกย\nตอนกระแสมาแรงกันเถอะ
34-0070	talk_popup_popup	Well, I'm counting on you.	เอาล่ะ ฝากด้วยนะ
34-0071	talk_popup_popup	Yeah, and I'll be\ncounting the clock...	อือ แล้วฉันจะ\nนับเวลารอเลยนะ...
34-0072	talk_popup_popup	You're doing it wrong!	ทำผิดแล้วนะ!
34-0073	talk_popup_popup	Do it like I said!	ทำตามที่บอกสิ!
34-0074	talk_popup_popup	Yes, that's more like it!	ใช่เลย แบบนี้แหละ!
34-0075	talk_popup_popup	Please come right away!	รีบมาด่วนเลยนะ!
34-0076	talk_popup_popup	About that incident...	เรื่องเหตุการณ์นั้นน่ะ...
34-0077	talk_popup_popup	Oh, right...	อ้อ จริงด้วยสิ...
34-0078	talk_popup_popup	You know that shooting?	รู้เรื่องเหตุยิงกันนั่นไหม?
34-0079	talk_popup_popup	A friend of a friend did it.	เพื่อนของเพื่อนฉันเป็นคนทำเลยล่ะ
34-0080	talk_popup_popup	Man, this place's\ngotten kinda scary.	โห แถวนี้\nเริ่มน่ากลัวขึ้นเยอะเลยนะ
34-0081	talk_popup_popup	For real. I'm still\npretty shook.	จริงนะ ฉันยังสั่นๆ\nอยู่เลย
34-0082	talk_popup_popup	I hear there's a bounty on\nsomeone named Yagami.	ได้ยินว่ามีค่าหัว\nคนชื่อยากามิด้วยนะ
34-0083	talk_popup_popup	10 million yen sure is tempting.	10 ล้านเยนนี่มันน่าดึงดูดใจจริงๆ
34-0084	talk_popup_popup	Seriously? Madonkadonk did?	จริงดิ? มาดองกาดองก์ทำเองเนี่ยนะ?
34-0085	talk_popup_popup	When's Tsuyoshi gonna\nbe here...	ไม่รู้สึโยชิจะ\nมาถึงเมื่อไหร่...
34-0086	talk_popup_popup	It's way past\nour meeting time...	เลยเวลานัด\nมาตั้งนานแล้ว...
34-0087	talk_popup_popup	Where the heck\nis Bar Tender?	บาร์เทนเดอร์\nหายไปไหนกันแน่เนี่ย?
34-0088	talk_popup_popup	This city's ridiculous...	เมืองนี้มันบ้าไปแล้ว...
34-0089	talk_popup_popup	*sigh* So bored...	*ถอนหายใจ* เบื่อจัง...
34-0090	talk_popup_popup	No one wants to\nhang out.	ไม่มีใครอยาก\nออกไปเที่ยวด้วยเลย
34-0091	talk_popup_popup	I'm not gonna budge.	ฉันไม่ยอมขยับหรอกนะ
34-0092	talk_popup_popup	I might cry though...	แต่ฉันอาจจะร้องไห้ก็ได้นะ...
34-0093	talk_popup_popup	Ren-chan, where'd\nyou run off to?	เหรินจัง\nหายไปไหนมาเนี่ย?
34-0094	talk_popup_popup	It's ninja time...	ถึงเวลานินจาแล้วสิ...
34-0095	talk_popup_popup	Who's the guy\nthat won the Beginner League?	ใครเหรอ\nที่ชนะลีกมือใหม่น่ะ?
34-0096	talk_popup_popup	I really wanna\nmeet him!	อยากเจอเขา\nจริงๆ เลย!
34-0097	talk_popup_popup	Hey, isn't that the\nboy from earlier?	เฮ้ นั่นเด็ก\nคนเมื่อกี้ไม่ใช่เหรอ?
34-0098	talk_popup_popup	Oh no. Is he lost again?	โอ๊ะ หลงทางอีกแล้วเหรอเนี่ย?
34-0099	talk_popup_popup	A shame his parents\nlet this happen.	น่าเสียดายที่พ่อแม่เขา\nปล่อยให้เป็นแบบนี้
34-0100	talk_popup_popup	That's gotta be\nthat politician guy.	นั่นต้องเป็น\nนักการเมืองคนนั้นแหละ
34-0101	talk_popup_popup	You mean the\nex-pro wrestler?	หมายถึง\nอดีตนักมวยปล้ำมืออาชีพคนนั้นเหรอ?
34-0102	talk_popup_popup	You know Yagami-san, right?	รู้จักยากามิซังใช่ไหม?
34-0103	talk_popup_popup	Isn't he such a nice guy?	เขาเป็นคนดีจังเลยเนอะ?
34-0104	talk_popup_popup	Sorry if I'm going too fast.	ขอโทษถ้าฉันไปเร็วเกินไปนะ
34-0105	talk_popup_popup	No worries.	ไม่เป็นไร
34-0106	talk_popup_popup	What's Lullaby supposed to be?	ลัลลาบายเนี่ยคืออะไรกันนะ?
34-0107	talk_popup_popup	It's that mahjong spot above us.	ก็ร้านมาจองที่อยู่ชั้นบนเรานั่นแหละ
34-0108	talk_popup_popup	Honey, I've got <font_kind=yakuza_italic>way</font_kind> more\nboys than toys.	ที่รัก ฉันมีหนุ่มๆ <font_kind=yakuza_italic>เพียบ</font_kind>กว่า\nของเล่นซะอีกนะ
34-0109	talk_popup_popup	Blame it on the E-cups!	ก็ต้องโทษไซส์ E นี่แหละ!
34-0110	talk_popup_popup	Asking to be wrestled\ninto submission... Wow.	ขอให้ปล้ำ\nจนยอมแพ้เลยเหรอ... โห
34-0111	talk_popup_popup	So that customer\nwas Miki after all...	งั้นลูกค้า\nคนนั้นก็คือมิกิเองสินะ...
34-0112	talk_popup_popup	Sounds like you had it\npretty rough there.	ฟังดูซวย\nน่าดูเลยนะเรา
34-0113	talk_popup_popup	A 10 million yen bounty, huh?	ค่าหัว 10 ล้านเยนเลยเหรอเนี่ย?
34-0114	talk_popup_popup	I'm not getting anyone.	ฉันไม่ได้ตัวใครเลยสักคน
34-0115	talk_popup_popup	No one pulls it off like Yosuke.	ไม่มีใครทำได้เนียนเท่าโยสึเกะหรอก
34-0116	talk_popup_popup	I'm sick of this shit.	เอือมกับเรื่องบ้านี่จริงๆ
34-0117	talk_popup_popup	You gotta stay\nmotivated, man.	ต้องรักษาไฟไว้\nนะเพื่อน
34-0118	talk_popup_popup	I got pretty lucky, eh?	โชคดีเลยเนอะเรา?
34-0119	talk_popup_popup	That is way too generous.	นี่มันใจกว้างเกินไปแล้วนะ
34-0120	talk_popup_popup	Oogh. Not good.	อุ๊ย ไม่ดีเลยนะเนี่ย
34-0121	talk_popup_popup	That was pretty close...	หวุดหวิดจริงๆ เลย...
34-0122	talk_popup_popup	I wonder what's up\nwith Tsukino.	สงสัยว่าเกิดอะไรขึ้น\nกับสึกิโนะนะ
34-0123	talk_popup_popup	Maybe she found a man?	หรือว่าไปมีผู้ชายแล้วนะ?
34-0124	talk_popup_popup	Tsukino's been acting\npretty depressed lately.	ช่วงนี้สึกิโนะดูหดหู่\nไปหน่อยนะ
34-0125	talk_popup_popup	Hopefully she's okay.	หวังว่าเธอจะไม่เป็นไรนะ
34-0126	talk_popup_popup	Stupid Keihin fuckheads.\nServes them right.	ไอ้พวกเคฮินสารเลว\nสมน้ำหน้ามันแล้ว
34-0127	talk_popup_popup	Guns are scary.	ปืนนี่มันน่ากลัวจริงๆ
34-0128	talk_popup_popup	Those Keihin gangsters...	ไอ้พวกแก๊งเคฮินนั่น...
34-0129	talk_popup_popup	Are they trying to\navoid their debt?	พวกมันพยายามจะ\nเบี้ยวหนี้รึเปล่าเนี่ย?
34-0130	talk_popup_popup	Heard he even collected\non the Keihin Gang.	ได้ยินว่าเขาไปทวงหนี้\nถึงแก๊งเคฮินเลยนะ
34-0131	talk_popup_popup	Apparently he got help\nfrom someone amazing.	ได้ยินว่าเขาได้คนเก่ง\nมาช่วยด้วยนะ
34-0132	talk_popup_popup	Guess people really do\nborrow money and run.	สรุปว่ามันมีคนยืมเงิน\nแล้วชิ่งหนีจริงๆ ด้วยสินะ
34-0133	talk_popup_popup	How should I deal with this...	จะจัดการเรื่องนี้ยังไงดี...
34-0134	talk_popup_popup	Quite impressive, Kamaguchi-san.	น่าประทับใจจริงๆ นะครับ คามากูจิซัง
34-0135	talk_popup_popup	Eh. It all comes with experience.	เอ่อ ก็เป็นไปตามประสบการณ์นั่นแหละ
34-0136	talk_popup_popup	Apparently it's a present\nfor his girlfriend.	ได้ยินว่าเป็นของขวัญ\nให้แฟนเขานะ
34-0137	talk_popup_popup	And he's a loan shark? Crazy.	แล้วเขาเป็นเจ้าหนี้นอกระบบด้วยเหรอ? บ้าไปแล้ว
34-0138	talk_popup_popup	Those Keihin Gang bastards\ngot what they deserved.	ไอ้พวกแก๊งเคฮินนั่น\nสมควรโดนแล้วล่ะ
34-0139	talk_popup_popup	Yeah, justice is served.	ใช่ ยุติธรรมมาเยือนแล้วสินะ
34-0140	talk_popup_popup	So, the underground doctor...	แล้วก็หมอเถื่อนคนนั้นน่ะ...
34-0141	talk_popup_popup	The Hermit of the Dragon's Palace...	ฤๅษีแห่งวังมังกร...
34-0142	talk_popup_popup	Man! I thought I was going to die.	โห! นึกว่าจะตายซะแล้ว
34-0143	talk_popup_popup	Better thank Yagami-san.	ต้องขอบคุณยากามิซังสักหน่อยแล้วล่ะ
34-0144	talk_popup_popup	*yawn* So sleepy...	*หาว* ง่วงจังเลย...
34-0145	talk_popup_popup	I need booze...	อยากได้เหล้าจัง...
34-0146	talk_popup_popup	It's already been two years.	ผ่านมาตั้งสองปีแล้วสินะ
34-0147	talk_popup_popup	Kon-chan completely\nfits in here now.	คงจังกลมกลืน\nกับที่นี่ไปแล้วสินะ
34-0148	talk_popup_popup	I'm bored off my ass.	เบื่อจนจะบ้าตายอยู่แล้ว
34-0149	talk_popup_popup	Anything interesting happenin'?	มีอะไรน่าสนใจเกิดขึ้นบ้างไหม?
34-0150	talk_popup_popup	I'm bored as shit here.	เบื่อฉิบหายอยู่ตรงนี้เลย
34-0151	talk_popup_popup	Nothing interesting\ngoing on, is there?	ไม่มีอะไรน่าสนใจ\nเกิดขึ้นเลยเนอะ?
34-0152	talk_popup_popup	Aren't you glad those\nKeihin guys are gone?	ดีใจไหมล่ะที่พวก\nเคฮินหายไปแล้ว?
34-0153	talk_popup_popup	Mm. But what we did\nto Yagami-san...	อืม แต่เรื่องที่เราทำ\nกับยากามิซังน่ะ...
34-0154	talk_popup_popup	Gonna die of boredom here.	จะตายเพราะความเบื่ออยู่ตรงนี้แล้วเรา
34-0155	talk_popup_popup	Maybe I'll just <font_kind=yakuza_italic>make</font_kind>\nsomethin' happen.	หรือฉันควร<font_kind=yakuza_italic>สร้าง</font_kind>\nเรื่องขึ้นมาเองดีนะ
34-0156	talk_popup_popup	Tsubasa's into some weird stuff.\nBanging an old lady like that...	สึบาสะนี่ชอบอะไรแปลกๆ นะ\nไปมีอะไรกับป้าแก่ๆ แบบนั้น...
34-0157	talk_popup_popup	I hear she spends a\ngrip on him, though.	แต่ได้ยินว่านางทุ่มเงิน\nให้เขาเยอะเลยนะ
34-0158	talk_popup_popup	How do I become\nnumber one...	จะทำยังไงถึงจะ\nเป็นที่หนึ่งได้นะ...
34-0159	talk_popup_popup	I'm telling you,\nit's impossible.	บอกเลยว่า\nมันเป็นไปไม่ได้หรอก
34-0160	talk_popup_popup	Yo, that's pretty bad.	เฮ้ย นั่นมันแย่มากเลยนะ
34-0161	talk_popup_popup	That's some ratchet shit.	โคตรไร้รสนิยมเลยว่ะ
34-0162	talk_popup_popup	Well there's a relief.	โล่งอกไปทีนะเนี่ย
34-0163	talk_popup_popup	I totally thought\nhe was fucked.	นึกว่า\nเขาซวยแน่ๆ แล้วนะ
34-0164	talk_popup_popup	I heard Yagami-san pulled it off.	ได้ยินว่ายากามิซังทำสำเร็จนะ
34-0165	talk_popup_popup	Yeah, I'm happy for him.	ใช่ ดีใจกับเขาด้วยจริงๆ
34-0166	talk_popup_popup	That customer scares me.	ลูกค้าคนนั้นน่ากลัวจริงๆ
34-0167	talk_popup_popup	Isn't he a yakuza?	เขาเป็นยากูซ่าไม่ใช่เหรอ?
34-0168	talk_popup_popup	Did you hear who won\nthe Battle of the Alps?	ได้ยินไหมว่าใครชนะ\nศึกอัลป์ส?
34-0169	talk_popup_popup	The owner sounded\npretty happy about it.	เจ้าของร้านฟังดูดีใจ\nกับเรื่องนี้มากเลยนะ
34-0170	talk_popup_popup	Geisha coffee.\nOf course!	กาแฟเกอิชา\nแหงอยู่แล้ว!
34-0171	talk_popup_popup	I thought you meant\nthose girls in Kyoto.	นึกว่าจะพูดถึง\nสาวๆ ที่เกียวโตซะอีก
34-0172	talk_popup_popup	He's alive, right?	เขายังไม่ตายใช่ไหม?
34-0173	talk_popup_popup	Dad will never find me.	พ่อไม่มีทางหาฉันเจอหรอก
34-0174	talk_popup_popup	Would you like some coffee?	รับกาแฟสักแก้วไหม?
34-0175	talk_popup_popup	I hear the Keihin Gang\nmembers got arrested.	ได้ยินว่าสมาชิก\nแก๊งเคฮินโดนจับแล้วนะ
34-0176	talk_popup_popup	But the organization's\nstill active, right?	แต่องค์กรยังทำงาน\nอยู่ใช่ไหม?
34-0177	talk_popup_popup	This is bad...	แย่แล้วสิ...
34-0178	talk_popup_popup	A cat café, huh?\nWanna check it out?	คาเฟ่แมวเหรอ?\nอยากไปดูหน่อยไหม?
34-0179	talk_popup_popup	Doesn't it seem\noverpriced, though?	แต่มันดูแพง\nเกินไปหน่อยไหมนะ?
34-0180	verification_survey_3d	Garbage Dump	กองขยะ
34-0181	verification_survey_3d	Entrance to Taihei Boulevard	ทางเข้าถนนไทเฮ
34-0182	verification_survey_3d	Entrance to Tenkaichi Street	ทางเข้าถนนเทนไคจิ
34-0183	verification_survey_3d	Face	ใบหน้า
34-0184	verification_survey_3d	Glass	แก้ว
34-0185	verification_survey_3d	Lovey-dovey Couple	คู่รักหวานแหวว
34-0186	verification_survey_3d	Security Camera	กล้องวงจรปิด
34-0187	verification_survey_3d	Shintani's Face	ใบหน้าของชินทานิ
34-0188	verification_survey_3d	Bloodless Area on Floor	บริเวณพื้นที่ไม่มีคราบเลือด
34-0189	verification_survey_3d	Shintani's Chest	หน้าอกของชินทานิ
34-0190	verification_survey_3d	Smartphone	สมาร์ตโฟน
34-0191	verification_survey_3d	Bed	เตียง
34-0192	verification_survey_3d	Entrance	ทางเข้า
34-0193	verification_survey_3d	Sealed Window	หน้าต่างที่ถูกปิดผนึก
34-0194	verification_survey_3d	Shrine	ศาลเจ้า
34-0195	verification_survey_3d	Shono	โชโนะ
34-0196	verification_survey_3d	Researcher	นักวิจัย
34-0197	verification_survey_3d	Air Duct	ท่อระบายอากาศ
34-0198	verification_survey_3d	Outdoor Unit	เครื่องปรับอากาศภายนอกอาคาร
34-0199	verification_survey_3d	Kyushu No. 1 Star Sign	ป้ายคิวชูนัมเบอร์วันสตาร์
34-0200	verification_survey_3d	Commercial Trash Can	ถังขยะร้านค้า
34-0201	verification_survey_3d	Ayumu-kun	อายุมุคุง
34-0202	verification_survey_3d	Sashimi	ซาชิมิ
34-0203	verification_survey_3d	Carp	ปลาคาร์ป
34-0204	verification_survey_3d	Bowl	ชาม
34-0205	verification_survey_3d	White Powder	ผงสีขาว
34-0206	verification_survey_3d	Yellow Wristwatch	นาฬิกาข้อมือสีเหลือง
34-0207	verification_survey_3d	Kaneda's Sandals	รองเท้าแตะของคาเนดะ
34-0208	verification_survey_3d	Kaneda's White Pants	กางเกงสีขาวของคาเนดะ
34-0209	verification_survey_3d	Kaneda's Bag	กระเป๋าของคาเนดะ
34-0210	verification_survey_3d	Kumakura's White Pants	กางเกงสีขาวของคุมะคุระ
34-0211	verification_survey_3d	Nishimura's White Pants	กางเกงสีขาวของนิชิมุระ
34-0212	verification_survey_3d	Fridge	ตู้เย็น
34-0213	verification_survey_3d	Jeweled Necklace	สร้อยคอประดับอัญมณี
34-0214	verification_survey_3d	Clothes	เสื้อผ้า
34-0215	verification_survey_3d	Finger	นิ้ว
34-0216	verification_survey_3d	Detective?	นักสืบ?
34-0217	verification_survey_3d	Man Concerned About Time	ชายที่กังวลเรื่องเวลา
34-0218	verification_survey_3d	Picture-taking Man	ชายที่กำลังถ่ายรูป
34-0219	verification_survey_3d	Smoker	คนสูบบุหรี่
34-0220	verification_survey_3d	Man on the Phone	ชายที่กำลังคุยโทรศัพท์
34-0221	verification_survey_3d	Bored Guy	ชายที่ดูเบื่อหน่าย
34-0222	verification_survey_3d	Pervert?	คนลวนลาม?
34-0223	verification_survey_3d	Signboard Light	ไฟป้ายร้าน
34-0224	verification_survey_3d	Recyclables 	ขยะรีไซเคิล
34-0225	verification_survey_3d	Kaneda's Heel	ส้นรองเท้าของคาเนดะ
34-0226	verification_survey_3d	Ono Michio's Bag	กระเป๋าของโอโนะ มิชิโอะ
34-0227	verification_survey_3d	Full-Body Costume	ชุดคอสตูมเต็มตัว
34-0228	verification_survey_3d	Pouch	กระเป๋าเล็ก
34-0229	verification_survey_3d	Door in the Back	ประตูด้านหลัง
34-0230	verification_survey_3d	Security Camera that Recorded the Incident	กล้องวงจรปิดที่บันทึกเหตุการณ์ไว้
34-0231	verification_survey_3d	Woman with Mole under Eye	ผู้หญิงที่มีไฝใต้ตา
34-0232	verification_survey_3d	Light Switch	สวิตช์ไฟ
34-0233	verification_survey_3d	Blueprints	พิมพ์เขียว
34-0234	verification_survey_3d	Notes	โน้ต
34-0235	verification_survey_3d	Sticky Note	โน้ตแปะ
34-0236	verification_survey_3d	Necklace	สร้อยคอ
34-0237	verification_survey_3d	Receipt	ใบเสร็จ
34-0238	verification_survey_3d	Cash Register	เครื่องคิดเงิน
34-0239	verification_survey_3d	Cigarette Buds	ก้นบุหรี่
34-0240	verification_survey_3d	Restroom Door	ประตูห้องน้ำ
34-0241	verification_survey_3d	KJ Art 1st Floor	KJ Art ชั้น 1
34-0242	verification_survey_3d	KJ Art 2nd Floor	KJ Art ชั้น 2
34-0243	verification_survey_3d	KJ Art 3rd Floor	KJ Art ชั้น 3
34-0244	verification_survey_3d	KJ Art 4th Floor	KJ Art ชั้น 4
34-0245	verification_survey_3d	KJ Art 5th Floor	KJ Art ชั้น 5
34-0246	verification_survey_3d	Murase's Whereabouts	ที่อยู่ของมุราเสะ
34-0247	verification_survey_3d	Dagger	มีดสั้น
34-0248	verification_survey_3d	Terasawa's Face	ใบหน้าของเทราซาวะ
34-0249	verification_survey_3d	Terasawa's Chest	หน้าอกของเทราซาวะ
34-0250	verification_survey_3d	Terasawa's Posterior	ก้นของเทราซาวะ
34-0251	verification_survey_3d	Shintani's Attorney Badge	ป้ายทนายความของชินทานิ
34-0252	verification_survey_3d	Daisuke's Sandals	รองเท้าแตะของไดสึเกะ
34-0253	verification_survey_3d	Kumakura's Boots	รองเท้าบูทของคุมะคุระ
34-0254	verification_survey_3d	Nishimura's Boots	รองเท้าบูทของนิชิมุระ
34-0255	verification_survey_3d	Sink	อ่างล้างจาน
34-0256	verification_survey_3d	Milk Carton	กล่องนม
34-0257	verification_survey_3d	Saori's Desk	โต๊ะทำงานของซาโอริ
34-0258	verification_survey_3d	Yagami's Nameplate	ป้ายชื่อของยากามิ
34-0259	verification_survey_3d	Researchers	นักวิจัย
34-0260	verification_survey_3d	Neck Injury	บาดแผลที่คอ
34-0261	verification_survey_3d	Key	กุญแจ
34-0262	verification_survey_3d	Police Baton	กระบองตำรวจ
34-0263	verification_survey_3d	Outlet	เต้ารับไฟฟ้า
34-0264	verification_survey_3d	Coffee Cup	แก้วกาแฟ
34-0265	verification_survey_3d	Cup with Water	แก้วน้ำ
34-0266	verification_survey_3d	Detective	นักสืบ
34-0267	verification_survey_3d	Stray Cat	แมวจรจัด
34-0268	verification_survey_3d	Office Worker Rubbing Shoulders	พนักงานออฟฟิศที่ชนไหล่คนอื่น
34-0269	verification_survey_3d	Nyan Nyan Café Employee	พนักงานคาเฟ่เนียนเนียน
34-0270	verification_survey_3d	Smoking Office Lady	สาวออฟฟิศที่กำลังสูบบุหรี่
34-0271	verification_survey_3d	Jacket Button	กระดุมแจ็กเก็ต
34-0272	verification_survey_3d	Red Bag	กระเป๋าสีแดง
34-0273	verification_survey_3d	Bust	รอบอก
34-0274	verification_survey_3d	Bangs	ผมหน้าม้า
34-0275	verification_survey_3d	Amane's Chest	หน้าอกของอามาเนะ
34-0276	verification_survey_3d	Amane's Hips	สะโพกของอามาเนะ
34-0277	verification_survey_3d	Beer Case	ลังเบียร์
34-0278	verification_survey_3d	Hiyama?	ฮิยามะ?
34-0279	verification_survey_3d	Deguchi?	เดกุจิ?
34-0280	verification_survey_3d	Meguro?	เมกุโระ?
34-0281	verification_survey_3d	Suspicious Little Man	ชายร่างเล็กที่ดูน่าสงสัย
34-0282	verification_survey_3d	Filthy Bum	คนจรจัดสกปรก
34-0283	verification_survey_3d	Suspect?	ผู้ต้องสงสัย?
34-0284	verification_survey_3d	Man in Gray Suit	ชายในชุดสูทสีเทา
34-0285	verification_survey_3d	Man in Black Gloves	ชายที่สวมถุงมือสีดำ
34-0286	verification_survey_3d	Right Hand	มือขวา
34-0287	verification_survey_3d	Security Camera in Front of Elevator	กล้องวงจรปิดหน้าลิฟต์
34-0288	verification_survey_3d	Security Camera for Hyper Win Game	กล้องวงจรปิดของไฮเปอร์วินเกม
34-0289	verification_survey_3d	Security Camera for Bar Ozakeyo	กล้องวงจรปิดของบาร์โอซาเคโย
34-0290	verification_survey_3d	Receptionist	พนักงานต้อนรับ
34-0291	verification_survey_3d	Sticky Note 02	โน้ตแปะ 02
34-0292	verification_survey_3d	Sticky Note 03	โน้ตแปะ 03
34-0293	verification_survey_3d	Closet	ตู้เสื้อผ้า
34-0294	character_friend_list	Makoto Tsukumo	มาโคโตะ สึคุโมะ
34-0295	character_friend_list	A techie struggling to step outside his comfort zone. Invaluable for his Chatter-searching abilities.	ช่างเทคนิคที่พยายามก้าวออกจาก คอมฟอร์ตโซนของตัวเอง มีประโยชน์มากด้วยความสามารถใน การค้นหาข้อมูลผ่าน Chatter
34-0296	character_friend_list	Morio Onodera	โมริโอะ โอโนเดระ
34-0297	character_friend_list	A homeless guy who lives in the sewers. Trades me sketchy stuff from time to time.	ชายไร้บ้านที่อาศัยอยู่ในท่อระบายน้ำ บางครั้งก็เอาของแปลก ๆ มาแลกเปลี่ยนกับผม
34-0298	character_friend_list	Takeo Inose	ทาเคโอะ อิโนเสะ
34-0299	character_friend_list	The manager of Wild Jackson who constantly seems to be worried about the fate of his business.	ผู้จัดการร้านไวลด์แจ็คสันที่ดู เป็นกังวลกับชะตากรรม ธุรกิจของตัวเองอยู่ตลอด
34-0300	character_friend_list	Yoshida	โยชิดะ
34-0301	character_friend_list	The manager of the Yoshida Batting Center. Has a pretty good swing for someone his age.	ผู้จัดการศูนย์ฝึกตีโยชิดะ สวิงไม้ได้ดีทีเดียวสำหรับวัยขนาดนี้
34-0302	character_friend_list	Shuichi Hatano	ชูอิจิ ฮาตาโนะ
34-0303	character_friend_list	A baseball product developer. Sells me top-notch baseball equipment for a relatively good price.	นักพัฒนาสินค้าเบสบอล ขายอุปกรณ์เบสบอลชั้นเยี่ยมให้ ผมในราคาค่อนข้างดี
34-0304	character_friend_list	A foreigner who dresses up like a ninja. Apparently, he trains night and day to master the ninja arts.	ชาวต่างชาติที่แต่งตัวเป็นนินจา ดูเหมือนจะฝึกฝนวิชานินจา ทั้งวันทั้งคืน
34-0305	character_friend_list	Mari	มาริ
34-0306	character_friend_list	A regular at Bar Tender. A charismatic woman that gets along with most people.	ลูกค้าประจำที่บาร์เทนเดอร์ ผู้หญิงเสน่ห์แรงที่เข้ากับคน ได้แทบทุกคน
34-0307	character_friend_list	Kyushu No. 1 Star Owner	เจ้าของร้านคิวชูนัมเบอร์วันสตาร์
34-0308	character_friend_list	The manager of a popular ramen shop in Kamurocho. The secret to their enduring popularity is their traditionally made soup stock.	ผู้จัดการร้านราเมงชื่อดังในคามุโรโจ เคล็ดลับความนิยมที่ยืนยงคือน้ำ ซุปที่ทำแบบดั้งเดิม
34-0309	character_friend_list	Rie Tomioka	รี โทมิโอกะ
34-0310	character_friend_list	The owner of Building One. I owe her big-time because I'm always lagging on my rent...	เจ้าของตึกบิลดิ้งวัน ผมติดหนี้บุญคุณเธอมากเพราะจ่าย ค่าเช่าช้าตลอด...
34-0311	character_friend_list	Yasuhiro Furuya	ยาสึฮิโระ ฟุรุยะ
34-0312	character_friend_list	The event planner for Wette Kitchen who really seems to value customer feedback.	นักวางแผนกิจกรรมของ Wette Kitchen ที่ดูจะให้ความสำคัญกับ ความคิดเห็นลูกค้าจริง ๆ
34-0313	character_friend_list	Toshikazu Sagara	โทชิคาซึ ซาการะ
34-0314	character_friend_list	An employee of Café Alps. As one might expect from a veteran barista, he boasts an extensive knowledge of coffee.	พนักงานร้านคาเฟ่อัลป์ส สมกับเป็นบาริสต้ามากประสบการณ์ มีความรู้เรื่องกาแฟอย่างลึกซึ้ง
34-0315	character_friend_list	Sakura Amamiya	ซากุระ อามามิยะ
34-0316	character_friend_list	A masseuse from Sotenbori. Speaks in Osakan dialect.	หมอนวดจากโซเท็นโบริ พูดสำเนียงโอซากะ
34-0317	character_friend_list	Bantam Owner	เจ้าของแบนตัม
34-0318	character_friend_list	The owner of a classy bar in Kamurocho. Revered by customers for his amicable personality and bartending expertise.	เจ้าของบาร์หรูในคามุโรโจ เป็นที่เคารพของลูกค้าด้วย บุคลิกเป็นมิตรและฝีมือการชง เครื่องดื่ม
34-0319	character_friend_list	Fumio Matsuzaki	ฟุมิโอะ มัตสึซากิ
34-0320	character_friend_list	Owner of Kanrai, a high-end yakiniku spot. His professional demeanor befits his role as the manager of a classy restaurant.	เจ้าของร้านคันไร ร้านยากินิกุระดับไฮเอนด์ ท่าทีมืออาชีพเหมาะกับบทบาท ผู้จัดการร้านหรูของเขา
34-0321	character_friend_list	Ryo Suzaki	เรียว สึซากิ
34-0322	character_friend_list	An unemployed slacker who does nothing but drink all day and bother people. His cane-wielding twin brother is a yakuza.	คนตกงานขี้เกียจที่ทำได้แค่ ดื่มเหล้าทั้งวันแล้วก่อกวน คนอื่น พี่ชายฝาแฝดที่ถือไม้เท้าเป็นยากูซ่า
34-0323	character_friend_list	Kim Won-soon	คิม วอนซุน
34-0324	character_friend_list	The friendly and upbeat owner of Beef Zone.	เจ้าของร้านบีฟโซน คนเป็นมิตรและร่าเริง
34-0325	character_friend_list	Tashiro-kun	ทาชิโระคุง
34-0326	character_friend_list	The flashiest member of the Matsugane Family. Despite looking like a washed-up comedian, he's yakuza to the core.	สมาชิกที่ฉูดฉาดที่สุดของ ตระกูลมัตสึกาเนะ แม้จะดูเหมือนตลกตกยุค แต่ก็เป็นยากูซ่าเต็มตัว
34-0327	character_friend_list	Masakazu Nekomiya	มาซาคาซึ เนโกมิยะ
34-0328	character_friend_list	A man who feeds stray cats around the city. Unfortunately, the cats don't seem to be very receptive to this.	ชายผู้ให้อาหารแมวจรจัดทั่วเมือง แต่น่าเสียดายที่แมวดูจะไม่ค่อย เปิดใจรับสักเท่าไหร่
34-0329	character_friend_list	Takumi Katagiri	ทาคุมิ คาตากิริ
34-0330	character_friend_list	An well-known author whose claim to fame is the "Edison" book series. Often found drinking at Shellac.	นักเขียนชื่อดังที่โด่งดังจาก ซีรีส์หนังสือ "Edison" มักพบเขานั่งดื่มอยู่ที่เชลแล็กเสมอ
34-0331	character_friend_list	Sebastian Hutton	เซบาสเตียน ฮัตตัน
34-0332	character_friend_list	The world champion of drone racing. Has a Japanese girlfriend and speaks fluent Japanese.	แชมป์โลกแข่งโดรน มีแฟนสาวชาวญี่ปุ่นและพูดภาษา ญี่ปุ่นได้คล่อง
34-0333	character_friend_list	Haoyu Xiu	เฮ่าอวี้ สิว
34-0334	character_friend_list	An exchange student working at Akaushimaru. Started learning Japanese by listening to J-pop.	นักเรียนแลกเปลี่ยนที่ทำงานที่ ร้านอากาอุชิมารุ เริ่มเรียนภาษาญี่ปุ่นจากการฟังเพลง J-pop
34-0335	character_friend_list	Voluptuous Woman	หญิงสาวทรวดทรงเย้ายวน
34-0336	character_friend_list	A lady with a nicely shaped posterior who enjoys gambling at L'Amant. I'm pretty sure she has an actual name...	ผู้หญิงรูปร่างสะโพกสวยที่ชอบ เล่นพนันที่ลามองต์ มั่นใจว่าเธอต้องมีชื่อจริง เหมือนกันแหละ...
34-0337	character_friend_list	Kenta Uozumi	เค็นตะ อุโอซึมิ
34-0338	character_friend_list	A sushi chef-in-training working at Sushi Gin. Apparently he lived overseas until recently.	พ่อครัวซูชิฝึกหัดที่ทำงานอยู่ ที่ซูชิกิน ได้ยินว่าเขาเพิ่งย้ายกลับมาจาก ต่างประเทศไม่นานนี้เอง
34-0339	character_friend_list	Mami Sakuma	มามิ ซาคุมะ
34-0340	character_friend_list	A patissier working at M Side Cafe. She often asks her customers their opinions on her pastries.	ช่างทำขนมอบที่ทำงานอยู่ที่เอ็ม ไซด์ คาเฟ่ มักถามความเห็นลูกค้าเกี่ยวกับ ขนมของเธออยู่บ่อยๆ
34-0341	character_friend_list	Hiroto Nasugawa	ฮิโรโตะ นาสึกาวะ
34-0342	character_friend_list	The manager of the Akaushimaru over by the Hotel District. He's pretty down-to-earth and easy to get along with.	ผู้จัดการร้านอากาอุชิมารุแถว ย่านโรงแรม เป็นคนติดดินและคุยง่ายมาก
34-0343	character_friend_list	Also known as "Mr. Try and Hit Me," his lightning-fast footwork makes him a challenge to hit.	หรือที่รู้จักกันในชื่อ "มิสเตอร์ตีไม่โดน" ฝีเท้าไวราวสายฟ้าทำให้ตีโดนตัว ได้ยากมาก
34-0344	character_friend_list	Hanae Ida	ฮานาเอะ อิดะ
34-0345	character_friend_list	An employee at Smile Burger who greets every customer with a great big smile.	พนักงานสไมล์เบอร์เกอร์ที่ ทักทายลูกค้าทุกคนด้วย รอยยิ้มกว้างสุดใจ
34-0346	character_friend_list	Alice Ino	อลิซ อิโนะ
34-0347	character_friend_list	A girl who works at Poppo, the local convenience store. She has a sweet smile.	สาวที่ทำงานอยู่ที่ป๊อปโป ร้านสะดวกซื้อประจำย่าน มีรอยยิ้มหวานมาก
34-0348	character_friend_list	Sota Nonomura	โซตะ โนโนมุระ
34-0349	character_friend_list	A guy who works at Poppo, the local convenience store. He always looks exhausted...	หนุ่มที่ทำงานอยู่ที่ป๊อปโป ร้านสะดวกซื้อประจำย่าน หน้าตาดูเหนื่อยล้าอยู่ตลอด...
34-0350	character_friend_list	Kiyoshiro Asamura	คิโยชิโร่ อาซามุระ
34-0351	character_friend_list	A guy who works at Poppo, the local convenience store. I honestly don't remember much about him.	หนุ่มที่ทำงานอยู่ที่ป๊อปโป ร้านสะดวกซื้อประจำย่าน จำเรื่องราวเกี่ยวกับเขาแทบ ไม่ได้เลยจริงๆ
34-0352	character_friend_list	Dwayne Cruise	ดเวย์น ครูซ
34-0353	character_friend_list	A guy who works at Poppo, the local convenience store. I don't know where he gets all that energy from...	หนุ่มที่ทำงานอยู่ที่ป๊อปโป ร้านสะดวกซื้อประจำย่าน ไม่รู้ว่าพลังล้นเหลือขนาดนั้น มาจากไหน...
34-0354	character_friend_list	Noboru Hiranuma	โนโบรุ ฮิรานุมะ
34-0355	character_friend_list	A freelance journalist. Sometimes he'll ask me to round up the details on a good story.	นักข่าวอิสระ บางครั้งก็ขอให้ช่วยรวบรวม รายละเอียดของเรื่องเด็ดๆ ให้
34-0356	character_friend_list	Noboru Tateyama	โนโบรุ ทาเทยามะ
34-0357	character_friend_list	An employee for an IT company called G.A. Labs. He's currently in charge of constructing the company's new office.	พนักงานบริษัทไอทีชื่อจีเอ แล็บส์ ตอนนี้รับผิดชอบการก่อสร้าง ออฟฟิศใหม่ของบริษัท
34-0358	character_friend_list	Kaede Sanada	คาเอเดะ ซานาดะ
34-0359	character_friend_list	An employee of Quadra Garden. English is definitely not her strongest subject.	พนักงานของควอดราการ์เดน ภาษาอังกฤษไม่ใช่จุดแข็งของเธอ เลยสักนิด
34-0360	character_friend_list	Naotaro Terahara	นาโอทาโร่ เทราฮาระ
34-0361	character_friend_list	A tailor who works at Le Marche, a luxury brand store. Can determine a person's measurements by using his eyes alone.	ช่างตัดเสื้อที่ทำงานอยู่ที่ เลอมาร์เช่ ร้านแบรนด์หรู วัดตัวคนได้แม่นด้วยสายตาเปล่าๆ
34-0362	character_friend_list	Goro Moroboshi	โกโร่ โมโรโบชิ
34-0363	character_friend_list	A homeless man who lives in the sewers. Apparently he used to be a doctor at a medical university.	ชายไร้บ้านที่อาศัยอยู่ในท่อระบายน้ำ ได้ยินว่าเมื่อก่อนเคยเป็นหมอ ที่มหาวิทยาลัยการแพทย์
34-0364	character_friend_list	Takemitsu Owner	เจ้าของร้านทาเคมิตสึ
34-0365	character_friend_list	The owner of a traditional Kyoto-style confectionery. Seems like he's had nothing but trouble ever since opening up in Kamurocho.	เจ้าของร้านขนมสไตล์เกียวโตดั้งเดิม ดูเหมือนจะเจอแต่ปัญหามาตลอด ตั้งแต่เปิดร้านในคามุโรโจ
34-0366	character_friend_list	Shin Fujimori	ชิน ฟูจิโมริ
34-0367	character_friend_list	The developer of a popular crowdfunding app known as Quickstarter. He's a bit too melodramatic for his own good...	ผู้พัฒนาแอปพลิเคชันระดมทุน ยอดฮิตที่ชื่อ Quickstarter ดราม่าเกินไปหน่อยจนบางทีก็เป็น ผลเสียกับตัวเอง...
34-0368	character_friend_list	Kazuhisa Norimoto	คาซึฮิสะ โนริโมโตะ
34-0369	character_friend_list	An employee of Café Mijore who has a crush on one of his coworkers.	พนักงานคาเฟ่มิโจเระที่ แอบชอบเพื่อนร่วมงานคนหนึ่งอยู่
34-0370	character_friend_list	Miharu Shima	มิฮารุ ชิมะ
34-0371	character_friend_list	An employee of Café Mijore. Customers seem to appreciate her bright, positive attitude.	พนักงานคาเฟ่มิโจเระ ลูกค้าดูจะชื่นชอบความสดใสและ ทัศนคติเชิงบวกของเธอมาก
34-0372	character_friend_list	Shun Isaka	ชุน อิซากะ
34-0373	character_friend_list	A track-and-field athlete. Dude's got some serious issues, but who am I to judge?	นักกรีฑา หมอนี่มีปัญหาหนักอยู่เหมือนกัน แต่ก็ไม่ใช่เรื่องที่ตัวเองจะไป ตัดสินหรอกนะ
34-0374	character_friend_list	Ebisu Pawn Owner, Fukutsu	ฟุคุตสึ เจ้าของร้านจำนำเอบิสุ
34-0375	character_friend_list	Owner of Ebisu Pawn. Currently on the hunt for paintings by an artist named Fuka Shiranui.	เจ้าของโรงจำนำเอบิสุ ตอนนี้ กำลังตามหาภาพวาดของศิลปินชื่อ ฟุกะ ชิรานุยอยู่
34-0376	character_friend_list	Toshiro Koizuka	โทชิโร โคอิซึกะ
34-0377	character_friend_list	The owner of Kamuro Lock & Key. I do some lockpicking work for him on occasion.	เจ้าของร้านคามุโร ล็อกแอนด์คีย์ บางครั้งก็รับงานไขกุญแจให้เขา เหมือนกัน
34-0378	character_friend_list	Iyama: Hermit of the Dragon's Palace	อิยามะ: ฤๅษีแห่งวังมังกร
34-0379	character_friend_list	A strange old man who extracts strange medicines in the Dragon's Palace. The way he does this is remarkably similar to making stew.	ชายชราประหลาดที่สกัดยาแปลกๆ ในวังมังกร วิธีการของเขาช่างคล้ายกับ การต้มสตูอย่างน่าประหลาดใจ
34-0380	character_friend_list	Yosuke Saotome	โยสึเกะ ซาโอโตเมะ
34-0381	character_friend_list	Tsukino's twin brother. Full-time student and part-time barker.	พี่ชายฝาแฝดของสึกิโนะ นักศึกษาเต็มเวลาและคนเรียกแขก พาร์ตไทม์
34-0382	character_friend_list	Shinzato Madoka	ชินซาโตะ มาโดกะ
34-0383	character_friend_list	A hostess at Apple Pie, a local cabaret club. She got a job there to pay her college tuition.	โฮสเตสที่แอปเปิลพาย คลับคาบาเรต์ประจำย่าน ทำงานที่นั่นเพื่อหาเงินจ่ายค่า เทอมมหาวิทยาลัย
34-0384	character_friend_list	Kazufumi Kamaguchi	คาซึฟุมิ คามากูจิ
34-0385	character_friend_list	The CEO of Turtle Financing. It seems that he goes out and collects the debts himself.	ซีอีโอของเทอร์เทิลไฟแนนซิ่ง ดูเหมือนจะออกไปทวงหนี้ด้วยตัวเองเลย
34-0386	character_friend_list	Hideaki Deguchi	ฮิเดอากิ เดกุจิ
34-0387	character_friend_list	A guy who came to Kamurocho in hopes of becoming the number one host in town. Owes a lot of money to his aunt.	หนุ่มที่มาคามุโรโจด้วยความหวัง ว่าจะได้เป็นโฮสต์ อันดับหนึ่งของเมือง เป็นหนี้ป้าตัวเองอยู่เยอะเลย
34-0388	character_friend_list	Kunio Ichinose	คุนิโอะ อิชิโนเสะ
34-0389	character_friend_list	The president of Ikinari Steak. His logic on how to run a business is pretty unique for a man of his position.	ประธานอิคินาริสเต๊ก แนวคิดเรื่องการทำธุรกิจของเขา ค่อนข้างแปลกสำหรับคนใน ตำแหน่งนี้
34-0390	character_friend_list	Yurika Tachibana	ยูริกะ ทาชิบานะ
34-0391	character_friend_list	An employee of Tachibana Mahjong. You can play with the "wareme" ruleset there.	พนักงานทาชิบานะมาจอง ที่นั่นเล่นด้วยกติกา "วาเระเมะ" ได้
34-0392	character_friend_list	Sana Mihama	ซานะ มิฮามะ
34-0393	character_friend_list	A girl aiming to be a professional singer-songwriter. Young, but motivated.	สาวที่มุ่งมั่นอยากเป็นนักร้อง นักแต่งเพลงมืออาชีพ อายุยังน้อยแต่มีไฟเต็มเปี่ยม
34-0394	character_friend_list	Tsukino Saotome	สึกิโนะ ซาโอโตเมะ
34-0395	character_friend_list	A quiet and mild-mannered girl. Her twin brother is Yosuke Saotome.	สาวเงียบๆ อารมณ์ดี พี่ชายฝาแฝดของเธอคือโยสึเกะ ซาโอโตเมะ
34-0396	character_friend_list	Amane	อามาเนะ
34-0397	character_friend_list	A fortune teller who can see "signs of calamities" on people. Has an unusual way of speaking.	หมอดูที่มองเห็น "ลางร้าย" บนตัวคน เธอมีวิธีพูดที่แปลกไม่เหมือนใคร
34-0398	character_friend_list	Nanami Matsuoka	นานามิ มัตสึโอกะ
34-0399	character_friend_list	A sophisticated woman with a professional demeanor. Sharp as a tack, too.	ผู้หญิงผู้ทรงเสน่ห์ที่มีบุคลิก แบบมืออาชีพ แถมยังเฉียบคมมากด้วย
34-0400	input_action	Move (Forward)	เคลื่อนที่ (ไปข้างหน้า)
34-0401	input_action	Move (Backward)	เคลื่อนที่ (ถอยหลัง)
34-0402	input_action	Move (Right)	เคลื่อนที่ (ขวา)
34-0403	input_action	Move (Left)	เคลื่อนที่ (ซ้าย)
34-0404	input_action	Turn Camera Up	เงยกล้องขึ้น
34-0405	input_action	Turn Camera Down	ก้มกล้องลง
34-0406	input_action	Turn Camera Right	หันกล้องขวา
34-0407	input_action	Turn Camera Left	หันกล้องซ้าย
34-0408	input_action	Pause	หยุดชั่วคราว
34-0409	input_action	Apply Filter	ใช้ฟิลเตอร์
34-0410	input_action	Apply Sticker	ใช้สติกเกอร์
34-0411	input_action	View Gallery	ดูแกลเลอรี
34-0412	input_action	End	จบ
34-0413	input_action	Change Camera	เปลี่ยนกล้อง
34-0414	input_action	Change Expression 1	เปลี่ยนสีหน้า 1
34-0415	input_action	Change Expression 2	เปลี่ยนสีหน้า 2
34-0416	input_action	Change Expression 3	เปลี่ยนสีหน้า 3
34-0417	input_action	Change Expression 4	เปลี่ยนสีหน้า 4
34-0418	input_action	Shift Up	เลื่อนขึ้น
34-0419	input_action	Shift Down	เลื่อนลง
34-0420	input_action	Rotate Right	หมุนขวา
34-0421	input_action	Rotate Left	หมุนซ้าย
34-0422	input_action	First-Person View	มุมมองบุคคลที่หนึ่ง
34-0423	input_action	Menu Sort Items	เมนูจัดเรียงไอเทม
34-0424	input_action	Menu Discard Item	เมนูทิ้งไอเทม
34-0425	input_action	Up	ขึ้น
34-0426	input_action	Down	ลง
34-0427	input_action	Left	ซ้าย
34-0428	input_action	Right	ขวา
34-0429	input_action	Up (Selection)	ขึ้น (เลือก)
34-0430	input_action	Down (Selection)	ลง (เลือก)
34-0431	input_action	Left (Selection)	ซ้าย (เลือก)
34-0432	input_action	Right (Selection)	ขวา (เลือก)
34-0433	input_action	Move Camera (Right)	เลื่อนกล้อง (ขวา)
34-0434	input_action	Move Camera (Left)	เลื่อนกล้อง (ซ้าย)
34-0435	input_action	Throw	ขว้าง
34-0436	input_action	More Details	รายละเอียดเพิ่มเติม
34-0437	input_action	Swing Bat	ตีไม้
34-0438	input_action	Begin Shot	เริ่มตี
34-0439	input_action	Cancel Shot	ยกเลิกการตี
34-0440	input_action	Insert Money	หยอดเหรียญ
34-0441	input_action	Reset	รีเซ็ต
34-0442	input_action	Begin	เริ่ม
34-0443	input_action	Move Cursor (Up)	เลื่อนเคอร์เซอร์ (ขึ้น)
34-0444	input_action	Move Cursor (Down)	เลื่อนเคอร์เซอร์ (ลง)
34-0445	input_action	Move Cursor (Left)	เลื่อนเคอร์เซอร์ (ซ้าย)
34-0446	input_action	Move Cursor (Right)	เลื่อนเคอร์เซอร์ (ขวา)
34-0447	input_action	Read Email	อ่านอีเมล
34-0448	input_action	None	ไม่มี
34-0449	input_action	Action	แอ็กชัน
34-0450	input_action	Toggle Street Names	สลับชื่อถนน
34-0451	input_action	Toggle Camera	สลับกล้อง
34-0452	input_action	Accelerate	เร่งความเร็ว
34-0453	input_action	Change Gears	เปลี่ยนเกียร์
34-0454	input_action	Toggle Screen Options	สลับตัวเลือกหน้าจอ
34-0455	input_action	Function 1	ฟังก์ชัน 1
34-0456	input_action	Function 2	ฟังก์ชัน 2
34-0457	input_action	Fast	เร็ว
34-0458	input_action	Bomb	ระเบิด
34-0459	input_action	Move Reticle (Up)	เลื่อนศูนย์เล็ง (ขึ้น)
34-0460	input_action	Move Reticle (Down)	เลื่อนศูนย์เล็ง (ลง)
34-0461	input_action	Move Reticle (Right)	เลื่อนศูนย์เล็ง (ขวา)
34-0462	input_action	Move Reticle (Left)	เลื่อนศูนย์เล็ง (ซ้าย)
34-0463	input_action	Choose Key 1	เลือกกุญแจ 1
34-0464	input_action	Choose Key 2	เลือกกุญแจ 2
34-0465	input_action	Choose Key 3	เลือกกุญแจ 3
34-0466	input_action	Choose Key 4	เลือกกุญแจ 4
34-0467	input_action	Choose Key 5	เลือกกุญแจ 5
34-0468	input_action	Choose Key 6	เลือกกุญแจ 6
34-0469	input_action	Choose Key 7	เลือกกุญแจ 7
34-0470	input_action	Switch Location (Right)	สลับตำแหน่ง (ขวา)
34-0471	input_action	Switch Location (Left)	สลับตำแหน่ง (ซ้าย)
34-0472	input_action	Move (Up)	เคลื่อนที่ (ขึ้น)
34-0473	input_action	Move (Down)	เคลื่อนที่ (ลง)
34-0474	input_action	Switch Display (Right)	สลับจอแสดงผล (ขวา)
34-0475	input_action	Switch Display (Left)	สลับจอแสดงผล (ซ้าย)
34-0476	input_action	Finish	จบ
34-0477	input_action	Enlarge Image / Shrink Image	ขยายภาพ / ย่อภาพ
34-0478	input_action	Rotate (Up)	หมุน (ขึ้น)
34-0479	input_action	Rotate (Down)	หมุน (ลง)
34-0480	input_action	Rotate (Left)	หมุน (ซ้าย)
34-0481	input_action	Rotate (Right)	หมุน (ขวา)
34-0482	input_action	(Hold Down) Fixed Camera	(กดค้าง) ล็อกกล้อง
34-0483	input_action	Start	เริ่ม
34-0484	input_action	Shortcut (Up)	ทางลัด (ขึ้น)
34-0485	input_action	Shortcut (Left)	ทางลัด (ซ้าย)
34-0486	input_action	Shortcut (Right)	ทางลัด (ขวา)
34-0487	input_action	Invert Y-axis	กลับแกน Y
34-0488	input_action	Shoot / Confirm	ยิง / ยืนยัน
34-0489	input_action	Rapid Fire	ยิงรัว
34-0490	input_action	Shoot / Select Parts	ยิง / เลือกชิ้นส่วน
34-0491	input_action	Bomb / Select Parts	ระเบิด / เลือกชิ้นส่วน
34-0492	input_action	Rapid Bombs	ระเบิดรัว
34-0493	input_action	Move Pick Left	เลื่อนปิ๊กไปทางซ้าย
34-0494	input_action	Move Pick Right	เลื่อนปิ๊กไปทางขวา
34-0495	input_action	Look Around (Front)	มองรอบตัว (หน้า)
34-0496	input_action	Look Around (Back)	มองรอบตัว (หลัง)
34-0497	input_action	Look Around (Left)	มองรอบตัว (ซ้าย)
34-0498	input_action	Look Around (Right)	มองรอบตัว (ขวา)
34-0499	input_action	Accelerate (Press twice to boost)	เร่งความเร็ว (กดสองครั้งเพื่อบูสต์)
34-0500	input_action	Help (Normal) / Open Album (With Camera Out)	ช่วยเหลือ (ปกติ) / เปิดอัลบั้ม (ตอนกล้องออก)
34-0501	input_action	Chase Action	แอ็กชันไล่ล่า
34-0502	input_action	Chase Action / Catch	แอ็กชันไล่ล่า / จับกุม
34-0503	input_action	Move (Right) / Chase Action	เคลื่อนที่ (ขวา) / แอ็กชันไล่ล่า
34-0504	input_action	Move (Left) / Chase Action	เคลื่อนที่ (ซ้าย) / แอ็กชันไล่ล่า
34-0505	trophy	The Greatest Detective	นักสืบผู้ยิ่งใหญ่ที่สุด
34-0506	trophy	Obtained all other trophies.	ปลดถ้วยรางวัลอื่นทั้งหมดแล้ว
34-0507	trophy	Trust Issues	ปัญหาความไว้ใจ
34-0508	trophy	Completed Chapter 2.	ผ่านบทที่ 2
34-0509	trophy	Skeletons in the Closet	โครงกระดูกในตู้
34-0510	trophy	Completed Chapter 4.	ผ่านบทที่ 4
34-0511	trophy	The Kansai Factor	ปัจจัยคันไซ
34-0512	trophy	Completed Chapter 6.	ผ่านบทที่ 6
34-0513	trophy	Blowing the Lid Off	เปิดโปงทุกอย่าง
34-0514	trophy	Completed Chapter 8.	ผ่านบทที่ 8
34-0515	trophy	Enemies of My Enemies	ศัตรูของศัตรูฉัน
34-0516	trophy	Completed Chapter 10.	ผ่านบทที่ 10
34-0517	trophy	Politics of Justice	การเมืองแห่งความยุติธรรม
34-0518	trophy	Completed Chapter 12.	ผ่านบทที่ 12
34-0519	trophy	Thank You!	ขอบคุณ!
34-0520	trophy	Completed all of the main story.	ผ่านเนื้อเรื่องหลักทั้งหมดแล้ว
34-0521	trophy	Detective of Legend	นักสืบระดับตำนาน
34-0522	trophy	Completed the game on LEGEND difficulty.	ผ่านเกมในระดับความยากเลเจนด์
34-0523	trophy	On the Case	ลงมือสืบ
34-0524	trophy	Cleared 10 side cases.	ผ่านคดีเสริม 10 คดี
34-0525	trophy	Local Detective	นักสืบท้องถิ่น
34-0526	trophy	Cleared 30 side cases.	ผ่านคดีเสริม 30 คดี
34-0527	trophy	Got to the Bottom of It	ไขความจริงจนถึงที่สุด
34-0528	trophy	Cleared all of the side cases.	ผ่านคดีเสริมทั้งหมด
34-0529	trophy	A Friendly Guy	หนุ่มคนคุ้นเคย
34-0530	trophy	Made 10 friends.	ผูกมิตรได้ 10 คน
34-0531	trophy	A Popular Guy	หนุ่มยอดนิยม
34-0532	trophy	Made 30 friends.	ผูกมิตรได้ 30 คน
34-0533	trophy	A Guy Everybody Knows	หนุ่มที่ใคร ๆ ก็รู้จัก
34-0534	trophy	Made 50 friends.	ผูกมิตรได้ 50 คน
34-0535	trophy	Going Steady	คบกันจริงจัง
34-0536	trophy	A girl revealed her true feelings.	มีสาวคนหนึ่งเปิดใจบอก ความรู้สึกแท้จริง
34-0537	trophy	Ladies, Please	ทีละคนสิ สาวๆ
34-0538	trophy	Two girls revealed their true feelings.	มีสาวสองคนเปิดใจบอกความรู้สึกแท้จริง
34-0539	trophy	Now You're Just Bragging	คราวนี้อวดเกินไปแล้ว
34-0540	trophy	Four girls revealed their true feelings.	มีสาวสี่คนเปิดใจบอกความรู้สึกแท้จริง
34-0541	trophy	Skill Dabbler	นักลองสกิล
34-0542	trophy	Obtained 30 skills.	ปลดสกิลได้ 30 ท่า
34-0543	trophy	Skill Pro	มือโปรสกิล
34-0544	trophy	Obtained 60 skills.	ปลดสกิลได้ 60 ท่า
34-0545	trophy	Skill Master	ปรมาจารย์สกิล
34-0546	trophy	Obtained all skills.	ปลดสกิลได้ครบทุกท่า
34-0547	trophy	KamuroGo Shopper	นักช้อป KamuroGo
34-0548	trophy	Completed five stores in KamuroGo's Shop Missions.	ผ่านภารกิจร้านค้าใน KamuroGo ครบ 5 ร้าน
34-0549	trophy	KamuroGo Trendsetter	ผู้นำเทรนด์ KamuroGo
34-0550	trophy	Completed 10 stores in KamuroGo's Shop Missions.	ผ่านภารกิจร้านค้าใน KamuroGo ครบ 10 ร้าน
34-0551	trophy	KamuroGo Socialite	ไฮโซ KamuroGo
34-0552	trophy	Completed all of KamuroGo's Shop Missions.	ผ่านภารกิจร้านค้าใน KamuroGo ครบทุกร้าน
34-0553	trophy	KamuroGo Tourist	นักท่องเที่ยว KamuroGo
34-0554	trophy	Completed 10 KamuroGo City Missions.	ผ่านภารกิจเมืองใน KamuroGo ครบ 10 ภารกิจ
34-0555	trophy	KamuroGo Local	คนท้องถิ่น KamuroGo
34-0556	trophy	Completed 30 KamuroGo City Missions.	ผ่านภารกิจเมืองใน KamuroGo ครบ 30 ภารกิจ
34-0557	trophy	KamuroGo Guide	ไกด์ KamuroGo
34-0558	trophy	Completed all KamuroGo City Missions.	ผ่านภารกิจเมืองใน KamuroGo ครบทุกภารกิจ
34-0559	trophy	Pawn Star	ดาวโรงจำนำ
34-0560	trophy	Sold 100 items to Ebisu Pawn.	ขายของให้โรงจำนำเอบิสุครบ 100 ชิ้น
34-0561	trophy	Retail Therapy	ช้อปคลายเครียด
34-0562	trophy	Shopped 100 times.	ช้อปปิ้งครบ 100 ครั้ง
34-0563	trophy	The Bird's the Word	นกคือคำตอบ
34-0564	trophy	Controlled the drone for over an hour.	บังคับโดรนนานกว่าหนึ่งชั่วโมง
34-0565	trophy	Electronic Perspective	มุมมองอิเล็กทรอนิกส์
34-0566	trophy	Flew the drone in first person mode for 60 seconds.	บินโดรนในมุมมองบุคคลที่หนึ่งนาน 60 วินาที
34-0567	trophy	Won first place in every D-League race.	คว้าอันดับ 1 ทุกการแข่งขันของลีกโดรน
34-0568	trophy	Drone Enthusiast	คลั่งไคล้โดรน
34-0569	trophy	Obtained all drone parts.	ได้ครบทุกชิ้นส่วนโดรน
34-0570	trophy	Yagami Party	ปาร์ตี้ยากามิ
34-0571	trophy	Completed all Dice & Cube courses and rules at Paradise VR.	ผ่านทุกคอร์สและกติกาของ Dice & Cube ที่ Paradise VR
34-0572	trophy	The Gamer Life	ชีวิตเกมเมอร์
34-0573	trophy	Played every arcade game.	เล่นเกมอาเขตครบทุกเกม
34-0574	trophy	Pay Your Rent, Yagami	จ่ายค่าเช่าซะ ยากามิ
34-0575	trophy	Ate all of Tomioka-san's homecooked meals.	กินอาหารทำเองของโทมิโอกะซังครบ ทุกเมนู
34-0576	trophy	The Game is Afoot	เกมเริ่มขึ้นแล้ว
34-0577	trophy	Retrieved the money from the Horseplayer Detective.	ทวงเงินคืนจากนักสืบขาแทงม้าได้สำเร็จ
34-0578	trophy	I'll Make it Double	ขอเพิ่มเท่าตัว!
34-0579	trophy	Doubled your chips at L'Amant.	เพิ่มชิปเป็นสองเท่าที่ลามองต์
34-0580	trophy	Way Too Thorough!	ละเอียดเกินไปแล้ว!
34-0581	trophy	Fully investigated Terasawa.	สืบสวนเทราซาวะจนครบถ้วนทุกซอกทุกมุม
34-0582	trophy	The Art of Conversation	ศิลปะแห่งการสนทนา
34-0583	trophy	Entertained the customer flawlessly.	เอาใจลูกค้าได้อย่างไร้ที่ติ
34-0584	trophy	Professional Password Presenter	เซียนท่องรหัสผ่าน
34-0585	trophy	Got the password right on the first try.	บอกรหัสผ่านถูกตั้งแต่ครั้งแรก
34-0586	trophy	Hung Jury	คณะลูกขุนไม่ลงมติ
34-0587	trophy	Saved Sugiura with less than 10 seconds left.	ช่วยซุกิอุระไว้ได้ทันเวลา เหลือไม่ถึง 10 วินาที
34-0588	trophy	The Final Nail	ตอกฝาโลงสุดท้าย
34-0589	trophy	Presented the right evidence to the judge on the first try.	ยื่นหลักฐานถูกต้องให้ ผู้พิพากษาตั้งแต่ครั้งแรก
34-0590	trophy	KamuroGo Master	เซียน KamuroGo
34-0591	trophy	Achieved 100% completion of KamuroGo. Wow!	ผ่าน KamuroGo ครบ 100% ว้าว!
34-0592	trophy	Zombie Apocalypse Survivor	ผู้รอดชีวิตวันซอมบี้ถล่มโลก
34-0593	trophy	Obtained 50 pickups in Kamuro of the Dead.	เก็บไอเทมได้ 50 ชิ้นใน Kamuro of the Dead
34-0594	trophy	He Just Doesn't Quit	ไม่มีวันยอมแพ้
34-0595	trophy	Defeated the opponent in the side case, "A Final Request."	เอาชนะคู่ต่อสู้ในคดีเสริม "คำขอครั้งสุดท้าย" ได้สำเร็จ
34-0596	trophy	Oh Look, a Cat!	ดูนั่นสิ แมว!
34-0597	trophy	Found all the stray cats while in search mode during the main story.	พบแมวจรจัดครบทุกตัวด้วย โหมดค้นหาระหว่างเนื้อเรื่อง หลัก
34-0598	caption	Premium Adventure	พรีเมียมแอดเวนเจอร์
34-0599	caption	Subtitle for Lackies	คำบรรยายสำหรับลูกน้อง
34-0600	caption	Subtitle for Bosses	คำบรรยายสำหรับบอส
34-0601	caption	Chapter 1: Three Blind Mice	บทที่ 1: หนูตาบอดสามตัว
34-0602	caption	Takayuki Yagami	ทาคายูกิ ยากามิ
34-0603	caption	Chapter 2: Beneath the Surface	บทที่ 2: ใต้พื้นผิว
34-0604	caption	Chapter 3: The Stickup	บทที่ 3: การปล้น
34-0605	caption	Chapter 4: Skeletons in the Closet	บทที่ 4: โครงกระดูกในตู้เสื้อผ้า
34-0606	caption	Chapter 5: Days Gone By	บทที่ 5: วันเวลาที่ผ่านไป
34-0607	caption	Chapter 6: Collusion	บทที่ 6: การสมคบคิด
34-0608	caption	Chapter 7: Limelight	บทที่ 7: จุดสนใจ
34-0609	caption	Chapter 8: A Broken Bond	บทที่ 8: สายสัมพันธ์ที่แตกร้าว
34-0610	caption	Chapter 9: The Miracle Drug	บทที่ 9: ยาปาฏิหาริย์
34-0611	caption	Chapter 10: Chumming the Water	บทที่ 10: การล่อเหยื่อ
34-0612	caption	Chapter 11: Curtain Call	บทที่ 11: ม่านปิดฉาก
34-0613	caption	Chapter 12: Behind Closed Doors	บทที่ 12: หลังประตูที่ปิดสนิท
34-0614	caption	Finale: Down Came the Rain	บทสรุป: แล้วฝนก็โปรยลงมา
34-0615	caption	Street Thugs	อันธพาลข้างถนน
34-0616	caption	Horseplayer Detective	นักสืบขาแทงม้า
34-0617	caption	Kenta Kasai, Keihin Gang Leader	เค็นตะ คาไซ, หัวหน้าแก๊งเคฮิน
34-0618	caption	Kyorei Clan Members	สมาชิกตระกูลเคียวเรอิ
34-0619	caption	Akira Murase, Kyorei Clan Lieutenant	อากิระ มุราเสะ, รองหัวหน้าตระกูลเคียวเรอิ
34-0620	caption	Mysterious Attacker	ผู้จู่โจมปริศนา
34-0621	caption	Tojo Clan Matsugane Family Members	สมาชิกตระกูลมัตสึกาเนะ (สายตระกูลโทโจ)
34-0622	caption	Charles Employee	พนักงานชาร์ลส์
34-0623	caption	Homeless Man	คนไร้บ้าน
34-0624	caption	Toru Higashi, Tojo Clan Matsugane Family	โทรุ ฮิงาชิ, ตระกูลมัตสึกาเนะ (สายตระกูลโทโจ)
34-0625	caption	Renji Honda, Keihin Gang Leader	เรนจิ ฮอนดะ, หัวหน้าแก๊งเคฮิน
34-0626	caption	Satoshi Shioya, Kyorei Clan Captain	ซาโตชิ ชิโอยะ, กัปตันตระกูลเคียวเรอิ
34-0627	caption	Kaito Sakakiba, Keihin Gang Leader	ไคโตะ ซากากิบะ, หัวหน้าแก๊งเคฮิน
34-0628	caption	Tashiro, Tojo Clan Matsugane Family	ทาชิโระ, ตระกูลมัตสึกาเนะ (สายตระกูลโทโจ)
34-0629	caption	Kyohei Hamura, Tojo Clan Matsugane Family Captain	เคียวเฮย์ ฮามุระ, กัปตันตระกูลมัตสึกาเนะ (สายตระกูลโทโจ)
34-0630	caption	Mashiko, Advanced Drug Development Center Security Guard	มาชิโกะ, พนักงานรักษาความปลอดภัย ศูนย์พัฒนายาขั้นสูง
34-0631	caption	AD-9 Research Team	ทีมวิจัย AD-9
34-0632	caption	Matsuhisa Koga, Keihin Gang Leader	มัตสึฮิสะ โคกะ, หัวหน้าแก๊งเคฮิน
34-0633	caption	Ryusuke Kido, Director of Advanced Drug Development Center	ริวสึเกะ คิโดะ, ผู้อำนวยการศูนย์พัฒนายาขั้นสูง
34-0634	caption	Assassin from Ministry of Health, Labor, and Welfare	มือสังหารจากกระทรวงสาธารณสุข แรงงาน และสวัสดิการ
34-0635	caption	Mitsuru Kuroiwa, Tokyo PD Kamuro Police Organized Crime Division	มิตสึรุ คุโรอิวะ, กรมตำรวจ แผนกปราบปรามองค์กรอาชญากรรม (สาขาคามุโรโจ)
34-0636	caption	Keihin Gang Kasai Crew	แก๊งเคฮิน สายคาไซ
34-0637	caption	Keihin Gang Honda Crew	แก๊งเคฮิน สายฮอนดะ
34-0638	caption	Keihin Gang Sakakiba Crew	แก๊งเคฮิน สายซากากิบะ
34-0639	caption	Keihin Gang Koga Crew	แก๊งเคฮิน สายโคกะ
34-0640	caption	Kyohei Hamura	เคียวเฮย์ ฮามุระ
34-0641	caption	Masamichi Shintani	มาซามิจิ ชินทานิ
34-0642	caption	Ryuzo Genda	ริวโซ เก็นดะ
34-0643	caption	Saori Shirosaki	ซาโอริ ชิโรซากิ
34-0644	caption	Issei Hoshino	อิสเซย์ โฮชิโนะ
34-0645	caption	Mitsugu Matsugane	มิตสึกุ มัตสึกาเนะ
34-0646	caption	Masaharu Kaito	มาซาฮารุ ไคโตะ
34-0647	caption	Mafuyu Fujii	มาฟุยุ ฟูจิอิ
34-0648	caption	Keigo Izumida	เคโกะ อิซุมิดะ
34-0649	caption	Kunihiko Morita	คุนิฮิโกะ โมริตะ
34-0650	caption	Ko Hattori	โค ฮัตโตริ
34-0651	caption	Akira Murase	อากิระ มุราเสะ
34-0652	caption	Mitsuru Kuroiwa	มิตสึรุ คุโรอิวะ
34-0653	caption	Kazuya Ayabe	คาซึยะ อายาเบะ
34-0654	caption	Toru Higashi	โทรุ ฮิงาชิ
34-0655	caption	Fumiya Sugiura	ฟูมิยะ ซุกิอุระ
34-0656	caption	Satoshi Shioya	ซาโตชิ ชิโอยะ
34-0657	caption	Shinpei Okubo	ชินเป โอคุโบะ
34-0658	caption	Ryusuke Kido	ริวสึเกะ คิโดะ
34-0659	caption	Yoji Shono	โยจิ โชโนะ
34-0660	caption	Kaoru Ichinose	คาโอรุ อิจิโนเสะ
34-0661	caption	Shigeru Kajihira	ชิเงรุ คาจิฮิระ
34-0662	caption	Battle Mission	ภารกิจต่อสู้
34-0663	caption	Bonus Mission	ภารกิจโบนัส
34-0664	caption	Special Mission	ภารกิจพิเศษ
34-0665	caption	Previously...	ความเดิมตอนที่แล้ว...
34-0666	caption	Kojiro Ozaki, Tojo Clan Matsugane Family Lieutenant	โคจิโระ โอซากิ, รองหัวหน้าตระกูลมัตสึกาเนะ (สายตระกูลโทโจ)
34-0667	caption	Panty Professor	ศาสตราจารย์กางเกงใน
34-0668	caption	Ass Catchem	จอมจับตูด
34-0669	caption	Judge Creep 'n Peep	ผู้พิพากษาจอมถ้ำมอง
34-0670	caption	Shinzaburo Ishikawa	ชินซาบุโร อิชิกาวะ
34-0671	caption	Bomber	บอมเบอร์
34-0672	caption	Asshole	ไอ้เวร
34-0673	caption	Assholes	เหล่าไอ้เวร
34-0674	caption	Rude Man	ชายหยาบคาย
34-0675	caption	Rude Men	กลุ่มชายหยาบคาย
34-0676	caption	Suspicious Man	ชายน่าสงสัย
34-0677	caption	Citizens of Kamurocho	ชาวเมืองคามุโรโจ
34-0678	caption	Yakuza	ยากูซ่า
34-0679	caption	Mysterious Men	กลุ่มชายปริศนา
34-0680	caption	Crow	โครว์
34-0681	caption	The Burglary Ring	แก๊งโจรกรรม
34-0682	caption	Shin Amon	ชิน อามอน
34-0683	caption	Tatsuya Gamo	ทัตสึยะ กาโมะ
34-0684	caption	Ryan Acosta	ไรอัน อาคอสตา
34-0685	caption	Kenji Tanago	เค็นจิ ทานาโกะ
34-0686	caption	Keihin Gang Thug	อันธพาลแก๊งเคฮิน
34-0687	caption	Daichi Ryuzenji	ไดจิ ริวเซนจิ
34-0688	caption	Police	ตำรวจ
34-0689	minigame_hanafuda_string_hanafuda	Snappy Tanekasu	ทาเนคาสึสายฉับไว
34-0690	minigame_hanafuda_string_hanafuda	Infamous Aoyama	อาโอยามะฉาวโฉ่
34-0691	minigame_hanafuda_string_hanafuda	Loony Tanuki	ทานุกิเพี้ยน
34-0692	minigame_hanafuda_string_hanafuda	Four Lights Aoki	อาโอกิสี่แสง
34-0693	minigame_hanafuda_string_hanafuda	Moon Viewing/Cherry Blossom Viewing	ชมจันทร์/ชมซากุระ
34-0694	minigame_hanafuda_string_hanafuda	Rounds	รอบ
34-0695	minigame_hanafuda_string_hanafuda	Month ${count_a}	เดือนที่ ${count_a}
34-0696	minigame_hanafuda_string_hanafuda	${count} pts.	${count} แต้ม
34-0697	minigame_hanafuda_string_hanafuda	Total: ${count} pts.	รวม: ${count} แต้ม
34-0698	minigame_hanafuda_string_hanafuda	Total: ${count} x 2 = ${count_sum} pts.	รวม: ${count} x 2 = ${count_sum} แต้ม
34-0699	minigame_hanafuda_string_hanafuda	Five Lights	ห้าดวงสว่าง
34-0700	minigame_hanafuda_string_hanafuda	Four Lights	สี่ดวงสว่าง
34-0701	minigame_hanafuda_string_hanafuda	Rainy Four Lights	สี่ดวงสว่าง (สายฝน)
34-0702	minigame_hanafuda_string_hanafuda	Three Lights	สามดวงสว่าง
34-0703	minigame_hanafuda_string_hanafuda	Cherry Blossom Viewing	ชมซากุระ
34-0704	minigame_hanafuda_string_hanafuda	Moon Viewing	ชมจันทร์
34-0705	minigame_hanafuda_string_hanafuda	Boar, Deer, Butterfly	หมูป่า-กวาง-ผีเสื้อ
34-0706	minigame_hanafuda_string_hanafuda	Red Poetry Ribbons	ริบบิ้นกวีแดง
34-0707	minigame_hanafuda_string_hanafuda	Blue Poetry Ribbons	ริบบิ้นกวีน้ำเงิน
34-0708	minigame_hanafuda_string_hanafuda	Variety	หลากหลาย
34-0709	minigame_hanafuda_string_hanafuda	Poetry Ribbons	ริบบิ้นกวี
34-0710	minigame_hanafuda_string_hanafuda	Junk	ไพ่เศษ
34-0711	minigame_hanafuda_string_hanafuda	Four of a Kind	ไพ่ครบสี่ใบ
34-0712	minigame_hanafuda_string_hanafuda	Four Pairs	จับคู่ครบสี่คู่
34-0713	minigame_hanafuda_string_hanafuda	Seasons	ฤดูกาล
34-0714	minigame_hanafuda_string_hanafuda	Results	ผลลัพธ์
34-0715	minigame_hanafuda_string_hanafuda	${count}-round match	แมตช์ ${count} รอบ
34-0716	minigame_hanafuda_string_hanafuda	You won!	คุณชนะ!
34-0717	minigame_hanafuda_string_hanafuda	You lost.	คุณแพ้
34-0718	minigame_hanafuda_string_hanafuda	Draw.	เสมอ
34-0719	minigame_hanafuda_string_hanafuda	Wager	เดิมพัน
34-0720	minigame_hanafuda_string_hanafuda	Total: ${count1} x ${count2} = ${count_sum} pts.	รวม: ${count1} x ${count2} = ${count_sum} แต้ม
34-0721	minigame_hanafuda_string_hanafuda	Change the settings.	เปลี่ยนการตั้งค่า
34-0722	minigame_hanafuda_string_hanafuda	Pick a card to determine the dealer.	เลือกไพ่เพื่อกำหนดเจ้ามือ
34-0723	minigame_hanafuda_string_hanafuda	You are the dealer.	คุณคือเจ้ามือ
34-0724	minigame_hanafuda_string_hanafuda	Your opponent is the dealer.	คู่ต่อสู้คือเจ้ามือ
34-0725	minigame_hanafuda_string_hanafuda	No hands were formed. Dealer changes.	ไม่มีไพ่ที่จับคู่ได้ เปลี่ยนเจ้ามือ
34-0726	minigame_hanafuda_string_hanafuda	Start Game	เริ่มเกม
34-0727	minigame_hanafuda_string_hanafuda	Change Settings	เปลี่ยนการตั้งค่า
34-0728	minigame_hanafuda_string_hanafuda	<Sign:D> OK <Sign:C> Back	<Sign:D> ตกลง <Sign:C> ย้อนกลับ
34-0729	minigame_hanafuda_string_hanafuda	<Sign:C> Back	<Sign:C> ย้อนกลับ
34-0730	minigame_hanafuda_string_hanafuda	Your Points	แต้มของคุณ
34-0731	minigame_hanafuda_string_hanafuda	Difficulty	ความยาก
34-0732	minigame_hanafuda_string_hanafuda	Double pts. for 7+	7 แต้มขึ้นไปคูณ 2
34-0733	minigame_hanafuda_string_hanafuda	Check Settings	ตรวจสอบการตั้งค่า
34-0734	minigame_hanafuda_string_hanafuda	Rules	กติกา
34-0735	minigame_hanafuda_string_hanafuda	View Hands	ดูไพ่ที่จับคู่ได้
34-0736	minigame_hanafuda_string_hanafuda	Close	ปิด
34-0737	minigame_hanafuda_string_hanafuda	Call Koi	เรียกโคอิ
34-0738	minigame_hanafuda_string_hanafuda	Don't Call Koi	ไม่เรียกโคอิ
34-0739	minigame_hanafuda_string_hanafuda	Try for a koi-koi again?	ลองโคอิ-โคอิอีกครั้งไหม?
34-0740	minigame_hanafuda_string_hanafuda	You don't have enough points to play.	คุณมีคะแนนไม่พอจะเล่น
34-0741	minigame_hanafuda_string_hanafuda	January	มกราคม
34-0742	minigame_hanafuda_string_hanafuda	February	กุมภาพันธ์
34-0743	minigame_hanafuda_string_hanafuda	March	มีนาคม
34-0744	minigame_hanafuda_string_hanafuda	April	เมษายน
34-0745	minigame_hanafuda_string_hanafuda	May	พฤษภาคม
34-0746	minigame_hanafuda_string_hanafuda	June	มิถุนายน
34-0747	minigame_hanafuda_string_hanafuda	July	กรกฎาคม
34-0748	minigame_hanafuda_string_hanafuda	August	สิงหาคม
34-0749	minigame_hanafuda_string_hanafuda	September	กันยายน
34-0750	minigame_hanafuda_string_hanafuda	October	ตุลาคม
34-0751	minigame_hanafuda_string_hanafuda	November	พฤศจิกายน
34-0752	minigame_hanafuda_string_hanafuda	December	ธันวาคม
34-0753	minigame_hanafuda_string_hanafuda	Advanced difficulty unlocked.	ปลดล็อกระดับความยากสูงแล้ว
34-0754	minigame_hanafuda_string_hanafuda	Expert difficulty unlocked.	ปลดล็อกระดับผู้เชี่ยวชาญแล้ว
34-0755	minigame_hanafuda_string_hanafuda	Junk Modifier	ตัวปรับแต้มมือเสีย
34-0756	minigame_hanafuda_string_hanafuda	Hand Guide	คู่มือมือ
34-0757	minigame_hanafuda_string_hanafuda	You're close to	คุณใกล้จะได้
34-0758	minigame_hanafuda_string_hanafuda	Opponent's close to	คู่ต่อสู้ใกล้จะได้
34-0759	minigame_hanafuda_string_hanafuda	Others	อื่นๆ
34-0760	minigame_hanafuda_string_hanafuda	Possible	มีสิทธิ์
34-0761	minigame_hanafuda_string_hanafuda	Formed	สำเร็จแล้ว
34-0762	minigame_hanafuda_string_hanafuda	Impossible	หมดสิทธิ์
34-0763	minigame_hanafuda_string_hanafuda	Count Sake Cup as junk? <symbol=case_file_right_arrow> Form junk hands.	นับถ้วยสาเกเป็นไพ่เศษไหม? <symbol=case_file_right_arrow> รวมเป็นไพ่เศษ
34-0764	minigame_hanafuda_string_hanafuda	Count Sake Cup as junk? <symbol=case_file_right_arrow> Junk will change from ${count_b} to ${count_a} points.	นับถ้วยสาเกเป็นไพ่เศษไหม? <symbol=case_file_right_arrow> ไพ่เศษจะเปลี่ยนจาก ${count_b} เป็น ${count_a} แต้ม
34-0765	minigame_hanafuda_string_hanafuda	Yes	ใช่
34-0766	minigame_hanafuda_string_hanafuda	Intermediate	มือกลาง
34-0767	minigame_hanafuda_string_hanafuda	Advanced	มือโปร
34-0768	minigame_hanafuda_string_hanafuda	Expert	มือเซียน
34-0769	minigame_hanafuda_string_hanafuda	Need at least 200 points to play Beginner.\nPayout: 10 x score difference.	ต้องมีอย่างน้อย 200 แต้มถึงจะเล่นระดับมือใหม่ได้\nเงินรางวัล: 10 x ผลต่างคะแนน
34-0770	minigame_hanafuda_string_hanafuda	Need at least 800 points to play Intermediate.\nPayout: 10 x score difference.	ต้องมีอย่างน้อย 800 แต้มถึงจะเล่นระดับมือกลางได้\nเงินรางวัล: 10 x ผลต่างคะแนน
34-0771	minigame_hanafuda_string_hanafuda	Need at least 1,400 points to play Advanced.\nPayout: 10 x score difference.	ต้องมีอย่างน้อย 1,400 แต้มถึงจะเล่นระดับมือโปรได้\nเงินรางวัล: 10 x ผลต่างคะแนน
34-0772	minigame_hanafuda_string_hanafuda	Need at least 2,000 points to play Expert.\nPayout: 100 x score difference.	ต้องมีอย่างน้อย 2,000 แต้มถึงจะเล่นระดับมือเซียนได้\nเงินรางวัล: 100 x ผลต่างคะแนน
34-0773	minigame_hanafuda_string_hanafuda	You don't have enough points to play.\nYou need at least 200 points.	คุณมีคะแนนไม่พอจะเล่น\nคุณต้องมีอย่างน้อย 200 คะแนน
34-0774	minigame_hanafuda_string_hanafuda	The Lucky Hanafuda Card's effect has worn off.	เอฟเฟกต์ของไพ่ฮานะฟุดะนำโชค หมดฤทธิ์แล้ว
34-0775	minigame_hanafuda_string_hanafuda	You have Four of a Kind. You win!	คุณมีไพ่ครบสี่ใบ คุณชนะ!
34-0776	minigame_hanafuda_string_hanafuda	You have Four Pairs. You win!	คุณมีไพ่จับคู่ครบสี่คู่ คุณชนะ!
34-0777	minigame_hanafuda_string_hanafuda	Opponent has Four of a Kind. You lose.	คู่ต่อสู้มีไพ่ครบสี่ใบ คุณแพ้
34-0778	minigame_hanafuda_string_hanafuda	Opponent has Four Pairs. You lose.	คู่ต่อสู้มีไพ่จับคู่ครบสี่คู่ คุณแพ้
34-0779	title_movie	Fall from Grace	ตกจากสวรรค์
34-0780	title_movie	Detectives Tailing Detectives	นักสืบสะกดรอยนักสืบ
34-0781	title_movie	Dropping the Disguise	ทิ้งคราบปลอมตัว
34-0782	title_movie	A Kamurocho Detective	นักสืบแห่งคามุโรโจ
34-0783	title_movie	Opening	เปิดฉาก
34-0784	title_movie	Neon and Shadows	แสงนีออนกับเงามืด
34-0785	title_movie	Captain Hamura	กัปตันฮามุระ
34-0786	title_movie	Old Haunts, New Leads	สถานที่เดิม เบาะแสใหม่
34-0787	title_movie	An Old Flame?	รักเก่า?
34-0788	title_movie	The Prosecution	ฝ่ายโจทก์
34-0789	title_movie	Three Blind Mice	สามหนูตาบอด
34-0790	title_movie	Patriarch Matsugane	หัวหน้าตระกูลมัตสึกาเนะ
34-0791	title_movie	Revenge of the Kyorei Clan	การแก้แค้นของตระกูลเคียวเรอิ
34-0792	title_movie	Witness Tampering	การแทรกแซงพยาน
34-0793	title_movie	Hollow Victory	ชัยชนะที่ว่างเปล่า
34-0794	title_movie	That's My Phone	นั่นโทรศัพท์ผม
34-0795	title_movie	Kamurocho Thieves	โจรแห่งคามุโรโจ
34-0796	title_movie	Running Away	หลบหนี
34-0797	title_movie	Anonymous Confession	คำสารภาพนิรนาม
34-0798	title_movie	Kaito's Expulsion	การถูกขับไล่ของไคโตะ
34-0799	title_movie	Robbery at Gunpoint	การปล้นด้วยปืนจี้
34-0800	title_movie	The Raid	การบุกจู่โจม
34-0801	title_movie	Red Nose	จมูกแดง
34-0802	title_movie	Corporate Greed	ความโลภขององค์กร
34-0803	title_movie	A Dead Lawyer's Trial	การพิจารณาคดีของทนายผู้ตาย
34-0804	title_movie	Cabaret Attack	การโจมตีคาบาเรต์
34-0805	title_movie	The Mole	ไส้ศึก
34-0806	title_movie	Direct Confrontation	การเผชิญหน้าโดยตรง
34-0807	title_movie	A Devil Saving the World	ปีศาจผู้กอบกู้โลก
34-0808	title_movie	Oath of Justice	คำสาบานแห่งความยุติธรรม
34-0809	title_movie	All or Nothing	ทั้งหมดหรือไม่มีเลย
34-0810	title_movie	Long Lost Brother	พี่น้องที่พลัดพรากมานาน
34-0811	title_movie	Another Attack	การโจมตีอีกครั้ง
34-0812	title_movie	Utter Defeat	ความพ่ายแพ้ย่อยยับ
34-0813	title_movie	Distorted Justice	ความยุติธรรมที่บิดเบี้ยว
34-0814	title_movie	Enmity	ความเป็นปฏิปักษ์
34-0815	title_movie	Friends in Kamurocho	เพื่อนแห่งคามุโรโจ
34-0816	title_movie	Truth Entrusted	ความจริงที่ถูกฝากฝัง
34-0817	title_movie	The Tail Can Grow Back	หางงอกกลับมาได้
34-0818	title_movie	AD-9's Target	เป้าหมายของ AD-9
34-0819	title_movie	Back to Kamurocho	กลับสู่คามุโรโจ
34-0820	title_movie	Revenge of the Mole	การแก้แค้นของไส้ศึก
34-0821	title_movie	To the ADDC	มุ่งสู่ ADDC
34-0822	title_movie	Chase, Continued	การไล่ล่ายังไม่จบ
34-0823	title_movie	Final Confrontation	การเผชิญหน้าครั้งสุดท้าย
34-0824	title_movie	Indisputable Evidence	หลักฐานที่ปฏิเสธไม่ได้
34-0825	title_movie	Appreciation	ความซาบซึ้งใจ
34-0826	title_movie	Warning of an Old Man	คำเตือนของชายชรา
34-0827	title_movie	A Day in the Detective's Life	หนึ่งวันในชีวิตนักสืบ
34-0828	title_movie	Masked Attack	การโจมตีของคนสวมหน้ากาก
34-0829	title_movie	Taking Responsibility	การรับผิดชอบ
34-0830	title_movie	Bullets of Retribution	กระสุนแห่งการชำระแค้น
34-0831	title_movie	Attorney Client Privilege 	เอกสิทธิ์ทนายความ-ลูกความ
34-0832	title_movie	A Powerful Force	พลังอันทรงอานุภาพ
34-0833	title_movie	Second in Command	มือขวา
34-0834	title_movie	The Mask Comes Down	หน้ากากถูกถอดออก
34-0835	title_movie	A New Victim	เหยื่อรายใหม่
34-0836	title_movie	Advanced Drug Development Center	ศูนย์พัฒนายาขั้นสูง
34-0837	title_movie	A Daydream	ฝันกลางวัน
34-0838	title_movie	The ADDC Murder	คดีฆาตกรรมที่ ADDC
34-0839	title_movie	Meeting Three Years Ago	การพบกันเมื่อสามปีก่อน
34-0840	title_movie	Emi Terasawa's Testimony	คำเบิกความของเอมิ เทราซาวะ
34-0841	title_movie	A Lady's Peril	ภยันตรายของหญิงสาว
34-0842	title_movie	A Kyorei Clan Request	คำร้องขอจากตระกูลเคียวเรอิ
34-0843	title_movie	The Kansai Mastermind	จอมบงการแห่งคันไซ
34-0844	title_movie	Shintani's Killer	ผู้สังหารชินทานิ
34-0845	title_movie	Detective Ayabe's Defense	การป้องกันตัวของนักสืบอายาเบะ
34-0846	title_movie	Negotiation Breakdown	การเจรจาล้มเหลว
34-0847	title_movie	The Old Yakuza	ยากูซ่ารุ่นเก่า
34-0848	title_movie	Twenty Years Ago	ยี่สิบปีก่อน
34-0849	title_movie	Betting on Chaos	พนันกับความโกลาหล
34-0850	title_movie	Fire in the Hole	ระวังระเบิด!
34-0851	title_movie	A Lawyer's Duty	หน้าที่ของทนายความ
34-0852	title_movie	So We Meet Again	แล้วเราก็มาเจอกันอีกจนได้
34-0853	title_movie	Innocence	ความบริสุทธิ์
34-0854	title_movie	To Catch Shono	ล่าตัวโชโนะ
34-0855	title_movie	The ADDC Resurfaces	ADDC หวนคืน
34-0856	title_movie	Declaration of War	คำประกาศสงคราม
34-0857	title_movie	A Private Interrogation	การสอบปากคำแบบส่วนตัว
34-0858	title_movie	A Promise	คำสัญญา
34-0859	title_movie	Taking the Bait	ติดเบ็ด
34-0860	title_movie	Cornered Rat	หนูจนตรอก
34-0861	title_movie	Infighting	การรบกันเอง
34-0862	title_movie	Dusting off the Badge	ปัดฝุ่นตราตำรวจ
34-0863	title_movie	A Tragic Day	วันแห่งโศกนาฏกรรม
34-0864	character_npc_soldier_name_group	Yamada	ยามาดะ
34-0865	character_npc_soldier_name_group	Saito	ไซโตะ
34-0866	character_npc_soldier_name_group	Ishikawa	อิชิกาวะ
34-0867	character_npc_soldier_name_group	Maeda	มาเอดะ
34-0868	character_npc_soldier_name_group	Hasegawa	ฮาเซกาวะ
34-0869	character_npc_soldier_name_group	Kondo	คนโดะ
34-0870	character_npc_soldier_name_group	Nishimura	นิชิมุระ
34-0871	character_npc_soldier_name_group	Ota	โอตะ
34-0872	character_npc_soldier_name_group	Takeda	ทาเคดะ
34-0873	character_npc_soldier_name_group	Kitamura	คิตามุระ
34-0874	character_npc_soldier_name_group	Kawasaki	คาวาซากิ
34-0875	character_npc_soldier_name_group	Kawakami	คาวากามิ
34-0876	character_npc_soldier_name_group	Asano	อาซาโนะ
34-0877	character_npc_soldier_name_group	Kataoka	คาตาโอกะ
34-0878	character_npc_soldier_name_group	Oka	โอกะ
34-0879	character_npc_soldier_name_group	Koga	โคกะ
34-0880	character_npc_soldier_name_group	Onodera	โอโนเดระ
34-0881	character_npc_soldier_name_group	Adachi	อาดาจิ
34-0882	character_npc_soldier_name_group	Matsuzaki	มัตสึซากิ
34-0883	character_npc_soldier_name_group	Oikawa	โออิคาวะ
34-0884	character_npc_soldier_name_group	Tashiro	ทาชิโระ
34-0885	character_npc_soldier_name_group	Honda	ฮอนดะ
34-0886	character_npc_soldier_name_group	Kai	ไค
34-0887	character_npc_soldier_name_group	Kaneda	คาเนดะ
34-0888	character_npc_soldier_name_group	Tokunaga	โทคุนางะ
34-0889	character_npc_soldier_name_group	Kawada	คาวาดะ
34-0890	character_npc_soldier_name_group	Miki	มิกิ
34-0891	character_npc_soldier_name_group	Kajiwara	คาจิวาระ
34-0892	character_npc_soldier_name_group	Kawamoto	คาวาโมโตะ
34-0893	character_npc_soldier_name_group	Deguchi	เดกุจิ
34-0894	character_npc_soldier_name_group	Furuya	ฟุรุยะ
34-0895	character_npc_soldier_name_group	Usui	อุซุอิ
34-0896	character_npc_soldier_name_group	Shinoda	ชิโนดะ
34-0897	character_npc_soldier_name_group	Kasai	คาไซ
34-0898	character_npc_soldier_name_group	Katagiri	คาตากิริ
34-0899	character_npc_soldier_name_group	Fukuhara	ฟุคุฮาระ
34-0900	character_npc_soldier_name_group	Kitajima	คิทาจิมะ
34-0901	character_npc_soldier_name_group	Ozaki	โอซากิ
34-0902	character_npc_soldier_name_group	Ueki	อุเอคิ
34-0903	character_npc_soldier_name_group	Minami	มินามิ
34-0904	character_npc_soldier_name_group	Wang	หวัง
34-0905	character_npc_soldier_name_group	Ren	เหริน
34-0906	character_npc_soldier_name_group	Yao	เหยา
34-0907	character_npc_soldier_name_group	Fan	ฟ่าน
34-0908	character_npc_soldier_name_group	Jin	จิน
34-0909	character_npc_soldier_name_group	Mao	เหมา
34-0910	character_npc_soldier_name_group	Murase	มุราเสะ
34-0911	character_npc_soldier_name_group	Higashi	ฮิงาชิ
34-0912	character_npc_soldier_name_group	Kuroiwa	คุโรอิวะ
34-0913	character_npc_soldier_name_group	Kaito	ไคโตะ
34-0914	character_npc_soldier_name_group	Hoshino	โฮชิโนะ
34-0915	character_npc_soldier_name_group	Knife	มีด
34-0916	character_npc_soldier_name_group	Mafuyu	มาฟุยุ
34-0917	character_npc_soldier_name_group	Sakakiba	ซากากิบะ
34-0918	character_npc_soldier_name_group	Kido	คิโดะ
34-0919	character_npc_soldier_name_group	Man in Black	ชายชุดดำ
34-0920	character_npc_soldier_name_group	Masked Man	ชายสวมหน้ากาก
34-0921	character_npc_soldier_name_group	Kim	คิม
34-0922	character_npc_soldier_name_group	Shin	ชิน
34-0923	character_npc_soldier_name_group	No	ไม่
34-0924	character_npc_soldier_name_group	Taxi Robber	โจรปล้นแท็กซี่
34-0925	character_npc_soldier_name_group	Tanago	ทานาโกะ
34-0926	character_npc_soldier_name_group	Tanaka	ทานากะ
34-0927	character_npc_soldier_name_group	Kabata	คาบาตะ
34-0928	character_npc_soldier_name_group	Ryuzenji	ริวเซนจิ
34-0929	character_npc_soldier_name_group	Large Yakuza	ยากูซ่าร่างใหญ่
34-0930	character_npc_soldier_name_group	Gamo	กาโมะ
34-0931	character_npc_soldier_name_group	Higurashi	ฮิกุราชิ
34-0932	character_npc_soldier_name_group	Meguro	เมกุโระ
34-0933	character_npc_soldier_name_group	Hiyama	ฮิยามะ
34-0934	character_npc_soldier_name_group	Young Janitor	ภารโรงหนุ่ม
34-0935	character_npc_soldier_name_group	Ishimura	อิชิมุระ
34-0936	character_npc_soldier_name_group	Captain Cop	กัปตันตำรวจ
34-0937	character_npc_soldier_name_group	Inamoto	อินาโมโตะ
34-0938	character_npc_soldier_name_group	Ryo	เรียว
34-0939	character_npc_soldier_name_group	Ryan	ไรอัน
34-0940	character_npc_soldier_name_group	Obayashi	โอบายาชิ
34-0941	character_npc_soldier_name_group	Wakahara	วาคาฮาระ
34-0942	character_npc_soldier_name_group	Tsubasa	สึบาสะ
34-0943	character_npc_soldier_name_group	Man in Noh Mask	ชายสวมหน้ากากโนห์
34-0944	character_npc_soldier_name_group	Kumakura	คุมะคุระ
34-0945	character_npc_soldier_name_group	Thugs	เหล่าอันธพาล
34-0946	character_npc_soldier_name_group	Boss	บอส
34-0947	character_npc_soldier_name_group	Chef	เชฟ
34-0948	title_root	SETTINGS	ตั้งค่า
34-0949	title_root	Change settings that affect gameplay.	เปลี่ยนการตั้งค่าที่ส่งผลต่อ การเล่นเกม
34-0950	title_root	NEW GAME	เริ่มเกมใหม่
34-0951	title_root	Start the game from the beginning.	เริ่มเล่นเกมตั้งแต่ต้น
34-0952	title_root	A save file must be overwritten to start a new game.	ต้องเขียนทับไฟล์เซฟเพื่อเริ่มเกมใหม่
34-0953	title_root	Start the game from the beginning. You can also explore without having to follow the main story.	เริ่มเกมใหม่ตั้งแต่ต้น คุณสามารถสำรวจได้โดยไม่ต้องเดินตาม เนื้อเรื่องหลักก็ได้
34-0954	title_root	CONTINUE	เล่นต่อ
34-0955	title_root	Continue a saved game.	เล่นต่อจากเกมที่บันทึกไว้
34-0956	title_root	REPLAY	ดูฉากย้อนหลัง
34-0957	title_root	View previously seen story events.	ดูเหตุการณ์ในเนื้อเรื่องที่เคย รับชมแล้ว
34-0958	title_root	AUDIO SETTINGS	การตั้งค่าเสียง
34-0959	title_root	Change the audio settings.	เปลี่ยนการตั้งค่าเสียง
34-0960	title_root	Start the main story from the beginning.	เริ่มเนื้อเรื่องหลักตั้งแต่ต้น
34-0961	title_root	PREMIUM ADVENTURE	พรีเมียมแอดเวนเจอร์
34-0962	title_root	Explore the world without the main story.	สำรวจโลกเกมโดยไม่ต้องเล่น เนื้อเรื่องหลัก
34-0963	title_root	EASY	ง่าย
34-0964	title_root	Recommended for players who are new to action games.	แนะนำสำหรับผู้เล่นที่เพิ่ง เริ่มเล่นเกมแอ็กชัน
34-0965	title_root	NORMAL	ปกติ
34-0966	title_root	HARD	ยาก
34-0967	title_root	LEGEND	ตำนาน
34-0968	title_root	A difficulty reserved for true legends.	ระดับความยากที่สงวนไว้สำหรับ ตำนานตัวจริงเท่านั้น
34-0969	title_root	2-PLAYER VS. MINIGAMES	มินิเกม 2 ผู้เล่นปะทะกัน
34-0970	title_root	Two players face off in Virtua Fighter 2 or Virtua Fighter 2.1.\n*Requires two wireless controllers.\n*Does not count toward Completion List.	ผู้เล่นสองคนประจันหน้ากันใน Virtua Fighter 2 หรือ Virtua Fighter 2.1\n*ต้องใช้คอนโทรลเลอร์ไร้สายสองตัว\n*ไม่นับรวมในลิสต์ความสมบูรณ์
34-0971	title_root	Continue a saved game or start a New Game+ from a clear file.	เล่นเกมที่บันทึกไว้ต่อ หรือเริ่ม New Game+ จากไฟล์ที่จบเกมแล้ว
34-0972	title_root	NEW GAME (MAJIMA SAGA)	เกมใหม่ (มาจิม่าซากะ)
34-0973	title_root	Start the Majima Saga from the beginning.	เริ่มมาจิม่าซากะตั้งแต่ต้น
34-0974	title_root	Recommended for players who just want to enjoy the story.	แนะนำสำหรับผู้เล่นที่อยาก เพลิดเพลินไปกับเนื้อเรื่อง อย่างเดียว
34-0975	title_root	Recommended only for confident challenge-seekers.\nYou cannot change the difficulty or retry in this mode.	แนะนำเฉพาะผู้เล่นที่มั่นใจใน การท้าทายเท่านั้น\nไม่สามารถเปลี่ยนระดับความยาก หรือลองใหม่ได้ในโหมดนี้
34-0976	title_root	Turn on auto-save?	เปิดบันทึกอัตโนมัติหรือไม่?
34-0977	title_root	Select yes to begin a game after saving. Select no to start without creating save data.	เลือกใช่เพื่อเริ่มเกมหลังบันทึก เลือกไม่ใช่เพื่อเริ่มโดยไม่ สร้างข้อมูลเซฟ
34-0978	title_root	CHAPTER 1	บทที่ 1
34-0979	title_root	Play Chapter 1 of the Majima Saga.	เล่นบทที่ 1 ของมาจิม่าซากะ
34-0980	title_root	CHAPTER 2	บทที่ 2
34-0981	title_root	Play Chapter 2 of the Majima Saga.	เล่นบทที่ 2 ของมาจิม่าซากะ
34-0982	title_root	CHAPTER 3	บทที่ 3
34-0983	title_root	Play Chapter 3 of the Majima Saga.	เล่นบทที่ 3 ของมาจิม่าซากะ
34-0984	title_root	VS MINIGAMES	มินิเกมปะทะ
34-0985	title_root	Play a local opponent in one of three minigames.	เล่นกับคู่ต่อสู้ในเครื่อง เดียวกันในหนึ่งจากสามมินิเกม
34-0986	title_root	Start a vs 2P Virtua Fighter 5 Final Showdown match.\nResults have no effect on in-game progress.	เริ่มการแข่งขัน 2 ผู้เล่นปะทะกันใน Virtua Fighter 5 Final Showdown\nผลการแข่งขันไม่มีผลต่อ ความคืบหน้าในเกม
34-0987	title_root	Start a vs 2P Fighting Vipers match.\nResults have no effect on in-game progress.	เริ่มการแข่งขัน 2 ผู้เล่นปะทะกันใน Fighting Vipers\nผลการแข่งขันไม่มีผลต่อ ความคืบหน้าในเกม
34-0988	title_root	CONTINUE (MAJIMA SAGA)	เล่นต่อ (มาจิม่าซากะ)
34-0989	title_root	Continue a saved Majima Saga file.	เล่นไฟล์บันทึกของมาจิม่าซากะต่อ
34-0990	title_root	Explore Kamurocho without the main story.	สำรวจคามุโรโจโดยไม่ต้องเล่น เนื้อเรื่องหลัก
34-0991	title_root	Start a new game from the beginning.	เริ่มเกมใหม่ตั้งแต่ต้น
34-0992	title_root	Continue a Premium Adventure saved game.	เล่นต่อจากเกมพรีเมียมแอดเวน เจอร์ที่บันทึกไว้
34-0993	title_root	Continue an existing Premium Adventure game with Money, Skills, Items, and KamuroGo Progress intact. 	เล่นเกมพรีเมียมแอดเวนเจอร์ที่ มีอยู่ต่อ โดยเงิน ทักษะ ไอเทม และความคืบหน้า KamuroGo ยังคงอยู่ครบ
34-0994	title_root	STORY	เนื้อเรื่อง
34-0995	title_root	Experience some early story cutscenes and do some investigation.	สัมผัสฉากคัตซีนช่วงต้นเรื่อง และทำการสืบสวนบางส่วน
34-0996	title_root	DRONE RACING	แข่งโดรน
34-0997	title_root	Try out a high-flying drone race. Customize your drone and take to the skies of Kamurocho!	ลองแข่งโดรนโบยบินสุดมัน ปรับแต่งโดรนของคุณแล้วทะยานสู่ ท้องฟ้าคามุโรโจ!
34-0998	title_root	DICE & CUBE	Dice & Cube
34-0999	title_root	A VR take on the classic Japanese board game, sugoroku. Get to the goal and win prizes!	เกม VR แนวเกมกระดานญี่ปุ่นคลาสสิก อย่างซุโกโรกุ ไปให้ถึงเป้าหมายแล้วรับรางวัล!
34-1000	title_root	Customize your experience.	ปรับแต่งประสบการณ์การเล่นของคุณ
34-1001	title_root	Save Kamurocho from a zombie invasion in this first-person shooter.	ปกป้องคามุโรโจจากการรุกรานของ ซอมบี้ในเกมยิงมุมมอง บุคคลที่หนึ่งนี้
34-1002	title_root	Purchase the full version of the game here.	ซื้อเวอร์ชันเต็มของเกมได้ที่นี่
34-1003	title_root	SIMPLE	ง่ายพิเศษ
34-1004	title_root	In this mode, pressing <symbol=button_shikaku> in battle will automatically\nperform complex moves with ease.	ในโหมดนี้ การกด <symbol=button_shikaku> ระหว่างต่อสู้\nจะออกท่าต่อสู้ซับซ้อน โดยอัตโนมัติอย่างง่ายดาย
34-1005	title_root	CHANGE PROFILE	เปลี่ยนโปรไฟล์
34-1006	title_root	This will change the active user.	การดำเนินการนี้จะเปลี่ยน ผู้ใช้งานที่ใช้งานอยู่
34-1007	title_root	The pinnacle of fighting games!\nResults have no effect on in-game progress.	จุดสูงสุดของเกมต่อสู้!\nผลการแข่งขันไม่มีผลต่อ ความคืบหน้าในเกม
34-1008	title_root	A special version of Virtua Fighter 2 with extra balance adjustments.\nResults have no effect on in-game progress.	เวอร์ชันพิเศษของ Virtua Fighter 2 ที่ปรับสมดุลเพิ่มเติม\nผลการแข่งขันไม่มีผลต่อ ความคืบหน้าในเกม
34-1009	title_root	LICENSE INFORMATION	ข้อมูลลิขสิทธิ์
34-1010	title_root	Displays license information.	แสดงข้อมูลลิขสิทธิ์
34-1011	title_root	PHOTO GALLERY	แกลเลอรีภาพ
34-1012	title_root	View photos you've taken with your smartphone during gameplay.	ดูภาพที่คุณถ่ายด้วยสมาร์ตโฟน ระหว่างเล่นเกม
34-1013	title_root	EXIT GAME	ออกจากเกม
34-1014	title_root	ADDITIONAL CREDITS	เครดิตเพิ่มเติม
34-1015	title_root	View the staff credits.	ดูเครดิตทีมงาน
34-1016	title_root	PC VERSION DEVELOPMENT TEAM	ทีมพัฒนาเวอร์ชัน PC
34-1017	title_root	View the staff credits for the development team of the PC version.	ดูเครดิตทีมงานของทีมพัฒนาเวอร์ชัน PC
34-1018	pause_crowdfunding	Cipher Secrets: Mind over Matter	ปริศนารหัสลับ: จิตเหนือกาย
34-1019	pause_crowdfunding	<color=cloud_purple>While sorting my late father's affairs, I found two ancient manuscripts. The first says "Mind over Matter" on the cover, but I can't decipher the rest. Cryptology experts don't come cheap, so I really need your help.	<color=cloud_purple>ระหว่างจัดการทรัพย์สินของพ่อ ผู้ล่วงลับ ผมพบต้นฉบับโบราณสองเล่ม เล่มแรกมีคำว่า "จิตเหนือกาย" อยู่บนปก แต่ผมถอดความส่วนที่เหลือไม่ได้ ผู้เชี่ยวชาญด้านรหัสลับค่าตัวแพงมาก ผมจึงอยากขอความช่วยเหลือจากคุณจริง ๆ
34-1020	pause_crowdfunding	I'll finally understand what my father was hiding from me all these years. Each donor will be sent a free copy as soon as it's printed. Thank you so much for your support!	ในที่สุดผมก็จะได้รู้ว่าพ่อ ปิดบังอะไรผมไว้ตลอดหลายปี ที่ผ่านมา ผู้บริจาคทุกท่านจะได้รับสำเนา ฟรีทันทีที่พิมพ์เสร็จ ขอบคุณสำหรับการสนับสนุนมากๆ ครับ!
34-1021	pause_crowdfunding	Cipher Secrets: Brains over Brawn	ปริศนารหัสลับ: ปัญญาเหนือพลัง
34-1022	pause_crowdfunding	<color=cloud_purple>I discovered a pair of timeworn texts in my late father's belongings. The title of the second translates to "Brains over Brawn," but I need your help to get the rest of it deciphered by a cryptology agency.</color>	<color=cloud_purple>ผมพบเอกสารเก่าแก่สองฉบับใน ของใช้ของพ่อผู้ล่วงลับ ชื่อของฉบับที่สองแปลได้ว่า "ปัญญาเหนือพลัง" แต่ผมต้องการความช่วยเหลือให้ หน่วยงานด้านรหัสลับ ถอดความส่วนที่เหลือ</color>
34-1023	pause_crowdfunding	QR Code Compendium	สารานุกรม QR โค้ด
34-1024	pause_crowdfunding	<color=cloud_purple>Hail and well met, brave explorers. Should you seek QR codes, I have just the tome for you. Not only will this be a valuable tool on your QR code adventure, it shall be designed to look like an ancient spellbook!	<color=cloud_purple>สวัสดีนักผจญภัยผู้กล้า หากท่านกำลังตามหา QR โค้ด ข้าฯ มีตำราที่ใช่สำหรับท่านโดยเฉพาะ ไม่เพียงจะเป็นเครื่องมือล้ำค่า สำหรับการผจญภัยตามหา QR โค้ดของท่าน แต่ยังถูกออกแบบให้ดูราวกับตำรา เวทมนตร์โบราณอีกด้วย!
34-1025	pause_crowdfunding	Well done, noble heroes! Thanks to your legendary contributions, the hunt for QR codes is about to get epic. Your journey shall soon begin...	ทำได้ดีมาก เหล่าวีรบุรุษผู้สูงศักดิ์! ด้วยความช่วยเหลืออันยิ่งใหญ่ของท่าน การล่าหา QR โค้ดกำลังจะกลายเป็นเรื่องราว สุดยิ่งใหญ่ การเดินทางของท่านกำลังจะ เริ่มต้นในไม่ช้า...
34-1026	pause_crowdfunding	Unofficial Dice and Cube Strategy Guide	วอล์กทรู Dice & Cube ฉบับไม่เป็นทางการ
34-1027	pause_crowdfunding	<color=cloud_purple>What's up, Dice & Cubers? Akatsuki here, Kamurocho's first VR Ethlete. My goal is to share my Sugoroku pro tips in the 1st-edition Unofficial D&C Strategy Guide. Your generous support can make it happen!	<color=cloud_purple>เป็นไงบ้าง ชาว Dice & Cube? อาคัตสึกิ นักกีฬา VR คนแรกของคามุโรโจเองครับ เป้าหมายของผมคือแบ่งปัน เคล็ดลับซุโกโรกุมือโปรในวอล์ก ทรู D&C ฉบับไม่เป็นทางการ ฉบับที่ 1 การสนับสนุนอันใจกว้างของทุกคน จะช่วยให้มันเป็นจริงได้!
34-1028	pause_crowdfunding	Big thanks to my Dice & Cubers across the country! I'll start production on Vol. 1 and send out copies ASAP! (Bronze Tier donors get expedited shipping!)	ขอบคุณชาว Dice & Cube ทั่วประเทศมากครับ! ผมจะเริ่มผลิตเล่ม 1 และส่งสำเนาให้เร็วที่สุดเท่า ที่จะทำได้! (ผู้สนับสนุนระดับทองแดงจะได้รับ การจัดส่งด่วน!)
34-1029	pause_crowdfunding	Unabridged Dice and Cube Strategy Guide	วอล์กทรู Dice & Cube ฉบับเต็ม
34-1030	pause_crowdfunding	<color=cloud_purple>Akatsuki here, Kamurocho's top VR Ethlete. My next goal is to share more #SugorokuHacks to all my Dice & Cubers out there! Vol. 1 was so popular it sold out, but your support can fund the 2nd-edition print!	<color=cloud_purple>อาคัตสึกิ นักกีฬา VR อันดับหนึ่งของคามุโรโจครับ เป้าหมายต่อไปของผมคือแบ่งปัน #SugorokuHacks เพิ่มเติมให้ชาว Dice & Cube ทุกคน! เล่ม 1 ได้รับความนิยมจนขายหมด แต่การสนับสนุนของทุกคนจะช่วย ระดมทุนพิมพ์ฉบับที่ 2 ได้!
34-1031	pause_crowdfunding	Special thanks to my Dice & Cube lovers across the country! I'll start production on Vol. 2 and send out copies ASAP! (Silver Tier donors get their books signed!)	ขอบคุณเป็นพิเศษถึงผู้ที่รัก Dice & Cube ทั่วประเทศครับ! ผมจะเริ่มผลิตเล่ม 2 และส่งสำเนาให้เร็วที่สุดเท่า ที่จะทำได้! (ผู้สนับสนุนระดับเงินจะได้รับ หนังสือเซ็นชื่อ!)
34-1032	pause_crowdfunding	<color=cloud_purple>This is Koshimizu, corporate drone turned drone developer. I am creating a propeller part for drones that can upgrade aerial mobility. I'm almost done, but I don't have enough funding. Please lend your support... for science!	<color=cloud_purple>ผมโคชิมิซึ พนักงานออฟฟิศที่ผันตัวมาเป็น นักพัฒนาโดรนครับ ตอนนี้ผมกำลังสร้างใบพัดโดรน ที่จะยกระดับความคล่องตัวใน การบิน ใกล้เสร็จแล้วแต่เงินทุนยังไม่พอ ขอความช่วยเหลือหน่อยนะครับ... เพื่อวงการวิทยาศาสตร์!
34-1033	pause_crowdfunding	I can now begin production on the Hyper Propeller H, and it's all thanks to you! I will send a prototype propeller to everyone who backed this campaign. Thanks a million!	ตอนนี้ผมเริ่มผลิตใบพัดไฮเปอร์ H ได้แล้ว ต้องขอบคุณทุกคนเลยครับ! ผมจะส่งใบพัดต้นแบบให้ทุกคนที่ สนับสนุนแคมเปญนี้ ขอบคุณมากๆ เลยครับ!
34-1034	pause_crowdfunding	Super Motor S	มอเตอร์ซูเปอร์ S
34-1035	pause_crowdfunding	<color=cloud_purple>This is Koshimizu, corporate drone turned drone developer. I am now designing a motor part that focuses solely on speed. The blueprint is complete, I just need funding to actually make it. Send donations now... for science!	<color=cloud_purple>ผมโคชิมิซึ พนักงานออฟฟิศที่ผันตัวมาเป็น นักพัฒนาโดรนครับ ตอนนี้ผมกำลังออกแบบมอเตอร์ที่ เน้นความเร็วล้วนๆ พิมพ์เขียวเสร็จแล้ว เหลือแค่เงินทุนในการผลิตจริง ส่งเงินบริจาคมาได้เลยครับ... เพื่อวงการวิทยาศาสตร์!
34-1036	pause_crowdfunding	I can now begin production on the Super Motor S, and it's all thanks to you! I will send a prototype motor to everyone who backed this campaign. Thanks a billion!	ตอนนี้ผมเริ่มผลิตมอเตอร์ซูเปอร์ S ได้แล้ว ต้องขอบคุณทุกคนเลยครับ! ผมจะส่งมอเตอร์ต้นแบบให้ทุกคน ที่สนับสนุนแคมเปญนี้ ขอบคุณสุดๆ เลยครับ!
34-1037	pause_crowdfunding	<color=cloud_purple>This is Koshimizu, corporate drone turned drone developer. I am making an ESC part to soup up your drone without breaking the bank. Ironically, I invested so much in cost-cutting, I'm broke. I'll be counting on you... for science!	<color=cloud_purple>ผมโคชิมิซึ พนักงานออฟฟิศที่ผันตัวมาเป็น นักพัฒนาโดรนครับ ตอนนี้ผมกำลังทำ ESC ที่จะช่วยอัปเกรดโดรนของคุณโดย ไม่ทำร้ายกระเป๋าเงิน แต่น่าขันที่ผมทุ่มเงินไปกับการ ลดต้นทุนจนตัวเองถังแตก ต้องขอพึ่งพาทุกคนแล้วครับ... เพื่อวงการวิทยาศาสตร์!
34-1038	pause_crowdfunding	I can now begin production on the ESC, and it's all thanks to you! I will send a prototype drone part to everyone who backed this campaign. Thanks a trillion!	ตอนนี้ผมเริ่มผลิต ESC ได้แล้ว ต้องขอบคุณทุกคนเลยครับ! ผมจะส่งชิ้นส่วนโดรนต้นแบบให้ ทุกคนที่สนับสนุนแคมเปญนี้ ขอบคุณล้านๆ เลยครับ!
34-1039	pause_crowdfunding	<color=cloud_purple>This is Koshimizu, corporate drone turned drone developer. I am making a turbo booster part for a burst of speed on a budget. Unfortunately, my funding has flown away at turbo speed. You know the drill... for science!	<color=cloud_purple>ผมโคชิมิซึ พนักงานออฟฟิศที่ผันตัวมาเป็น นักพัฒนาโดรนครับ ตอนนี้ผมกำลังทำเทอร์โบบูสเตอร์ ที่ให้แรงเร่งแบบประหยัดงบ แต่น่าเสียดายที่เงินทุนของผม หมดไปเร็วพอๆ กับความเร็วเทอร์โบ รู้ใช่ไหมครับว่าต้องทำยังไง... เพื่อวงการวิทยาศาสตร์!
34-1040	pause_crowdfunding	I can now begin production on the Low-Cost Turbo, and it's all thanks to you! I will send a turbo booster to everyone who backed this campaign. Thanks a zillion!	ตอนนี้ผมเริ่มผลิตเทอร์โบ ต้นทุนต่ำได้แล้ว ต้องขอบคุณทุกคนเลยครับ! ผมจะส่งเทอร์โบบูสเตอร์ให้ทุกคน ที่สนับสนุนแคมเปญนี้ ขอบคุณเยอะจนนับไม่ถ้วนเลยครับ!
34-1041	pause_crowdfunding	<color=cloud_purple>My name is Shinano, and I'm the PR guy for Paradise VR in Kamurocho. We've greenlit expansions to the VR challenge course, but we need crowdfunding support to keep the project from going over budget.	<color=cloud_purple>ผมชื่อชินาโนะ เป็นพนักงานประชาสัมพันธ์ของ Paradise VR ในคามุโรโจครับ เราได้ไฟเขียวให้ขยาย คอร์สท้าทายเวอร์ชวลแล้ว แต่ต้องการการระดมทุนเพื่อไม่ ให้โปรเจกต์บานปลายเกินงบ
34-1042	pause_crowdfunding	Thank you for funding the middle course! We can now expand the VR facilities, thanks to our backers. Your pledges made it possible, so enjoy your next visit to Paradise VR.	ขอบคุณที่ระดมทุนให้คอร์สระดับ กลางครับ! ตอนนี้เราขยายสิ่งอำนวยความสะดวก VR ได้แล้ว ต้องขอบคุณผู้สนับสนุนทุกท่าน การให้คำมั่นของทุกคนทำให้มัน เป็นจริงได้ ขอเชิญมาสัมผัส Paradise VR ในการมาเยือนครั้งหน้าครับ
34-1043	pause_crowdfunding	<color=cloud_purple>My name is Shinano, and I'm the PR guy for Paradise VR in Kamurocho. The new challenge rule was well-received, so we approved more upgrades. Unfortunately, we've already gone over budget. Lend a hand?	<color=cloud_purple>ผมชื่อชินาโนะ เป็นพนักงานประชาสัมพันธ์ของ Paradise VR ในคามุโรโจครับ กติกาท้าทายใหม่ได้รับเสียงตอบรับดี เราจึงอนุมัติการอัปเกรดเพิ่มเติม แต่น่าเสียดายที่ตอนนี้เราใช้งบ เกินไปแล้ว ช่วยกันหน่อยได้ไหมครับ?
34-1044	pause_crowdfunding	Thank you for funding the long course! We can now expand the VR facilities, thanks to our backers. Your pledges made it possible, so enjoy your next visit to Paradise VR.	ขอบคุณที่ระดมทุนให้คอร์สระยะยาวครับ! ตอนนี้เราขยายสิ่งอำนวยความสะดวก VR ได้แล้ว ต้องขอบคุณผู้สนับสนุนทุกท่าน การให้คำมั่นของทุกคนทำให้มัน เป็นจริงได้ ขอเชิญมาสัมผัส Paradise VR ในการมาเยือนครั้งหน้าครับ
34-1045	pause_crowdfunding	<color=cloud_purple>Real pros can't be satisfied by the average darts. Are you dart-crazy enough to invest in a project that will surprise even professional players? This premium product will enhance your darts and your life.	<color=cloud_purple>มืออาชีพตัวจริงไม่มีทางพอใจกับ ดาร์ตธรรมดา คุณคลั่งไคล้ดาร์ตพอที่จะลงทุน ในโปรเจกต์ที่ทำให้ แม้แต่นักเล่นมืออาชีพยังต้อง ทึ่งหรือเปล่า? สินค้าพรีเมียมชิ้นนี้จะยกระดับ ทั้งดาร์ตและชีวิตของคุณ
34-1046	pause_crowdfunding	Thank you for your generosity. We will begin the development of Premier Darts immediately. They will be delivered once the production phase is finished. Thanks again!	ขอบคุณสำหรับความใจกว้างของคุณ เราจะเริ่มพัฒนาดาร์ตพรีเมียร์ทันที และจะจัดส่งให้เมื่อขั้นตอน การผลิตเสร็จสิ้น ขอบคุณอีกครั้งครับ!
34-1047	pause_crowdfunding	<color=cloud_purple>We turned you into pros with Premier Darts. Now we've decided to aim for the bullseye by making all your wildest dart-centric dreams come true. Invest in our campaign, and soon you'll believe in miracles!	<color=cloud_purple>เราทำให้คุณกลายเป็นมืออาชีพ ด้วยดาร์ตพรีเมียร์มาแล้ว ตอนนี้เราตัดสินใจเล็งไปที่ บูลส์อายด้วยการทำให้ ความฝันสุดบ้าคลั่งเกี่ยวกับ ดาร์ตของคุณเป็นจริง ร่วมลงทุนในแคมเปญของเรา แล้วคุณจะเชื่อในปาฏิหาริย์!
34-1048	pause_crowdfunding	Thank you for your generosity. We will begin the development of Miracle Darts immediately. They will be delivered once the production phase is finished. Thanks again!	ขอบคุณสำหรับความใจกว้างของคุณ เราจะเริ่มพัฒนาดาร์ตมิราเคิลทันที และจะจัดส่งให้เมื่อขั้นตอน การผลิตเสร็จสิ้น ขอบคุณอีกครั้งครับ!
34-1049	pause_crowdfunding	Artisinal Shogi Set	ชุดโชกิงานฝีมือ
34-1050	pause_crowdfunding	<color=cloud_purple>Only for the true board game connoisseur, this project aims to turn the Game of Generals into the Game of Gods. Live your tabletop fantasy with a shogi set handcrafted from the finest wood by master artisans.	<color=cloud_purple>สำหรับผู้เชี่ยวชาญเกมกระดาน ตัวจริงเท่านั้น โปรเจกต์นี้มุ่งเปลี่ยนเกมแห่ง ขุนพลให้กลายเป็นเกมแห่งเทพเจ้า สัมผัสจินตนาการเกมกระดานของคุณ ด้วยชุดโชกิที่แกะสลัก จากไม้คุณภาพเยี่ยมโดยช่างฝีมือ ระดับปรมาจารย์
34-1051	pause_crowdfunding	Thank you for the overwhelming support! We will send a custom shogi set to all our donors. After just one match, you'll throw your other board games in the trash, guaranteed.	ขอบคุณสำหรับการสนับสนุนอันล้นหลาม! เราจะส่งชุดโชกิสั่งทำพิเศษให้ ผู้บริจาคทุกท่าน หลังเล่นแค่เกมเดียว คุณจะโยนเกมกระดานอื่นทิ้งถังขยะทันที รับประกัน
34-1052	pause_crowdfunding	G.A. Labs: Basic Construction	จีเอ แล็บส์: การก่อสร้างพื้นฐาน
34-1053	pause_crowdfunding	<color=cloud_purple>This project's goal is to construct our G.A. Labs building. Our mission is to improve the world with the power of technology, but progress takes funding. That's where you come in; the future is in your hands!	<color=cloud_purple>เป้าหมายของโปรเจกต์นี้คือการ สร้างอาคารจีเอ แล็บส์ของเรา พันธกิจของเราคือการพัฒนาโลก ด้วยพลังของเทคโนโลยี แต่ความก้าวหน้าต้องใช้เงินทุน นี่คือจุดที่คุณจะเข้ามามีส่วนร่วม อนาคตอยู่ในมือคุณ!
34-1054	pause_crowdfunding	Basic construction is underway. To those who have invested in our vision, we offer our sincere gratitude and a continued commitment to redefining tech!	การก่อสร้างพื้นฐานกำลังดำเนินอยู่ ขอขอบคุณอย่างจริงใจต่อทุกท่าน ที่ลงทุนในวิสัยทัศน์ของเรา และเราจะมุ่งมั่นพลิกโฉม เทคโนโลยีต่อไปไม่หยุดยั้ง!
34-1055	pause_crowdfunding	G.A. Labs: Development Floor	จีเอ แล็บส์: ชั้นพัฒนา
34-1056	pause_crowdfunding	<color=cloud_purple>Now that G.A. Labs has a building, our next goal is to construct a development floor. To improve the world with the power of technology, our team relies on your support. The future is in your hands!	<color=cloud_purple>ตอนนี้จีเอ แล็บส์มีอาคารแล้ว เป้าหมายต่อไปของเราคือการสร้าง ชั้นพัฒนา เพื่อพัฒนาโลกด้วยพลังของเทคโนโลยี ทีมของเราต้องพึ่งพาการสนับสนุนจากคุณ อนาคตอยู่ในมือคุณ!
34-1057	pause_crowdfunding	R&D floor construction is underway. To those who have invested in our vision, we offer our sincere gratitude and a continued commitment to redefining tech!	การก่อสร้างชั้นวิจัยและพัฒนา กำลังดำเนินอยู่ ขอขอบคุณอย่างจริงใจต่อทุกท่าน ที่ลงทุนในวิสัยทัศน์ของเรา และเราจะมุ่งมั่นพลิกโฉม เทคโนโลยีต่อไปไม่หยุดยั้ง!
34-1058	pause_crowdfunding	G.A. Labs: Research Floor	จีเอ แล็บส์: ชั้นวิจัย
34-1059	pause_crowdfunding	<color=cloud_purple>Now that G.A. Labs has a development floor, our next goal is to construct a research floor. To improve the world with the power of technology, our team relies on your support. The future is in your hands!	<color=cloud_purple>ตอนนี้จีเอ แล็บส์มีชั้นพัฒนาแล้ว เป้าหมายต่อไปของเราคือการสร้าง ชั้นวิจัย เพื่อพัฒนาโลกด้วยพลังของเทคโนโลยี ทีมของเราต้องพึ่งพาการสนับสนุนจากคุณ อนาคตอยู่ในมือคุณ!
34-1060	pause_crowdfunding	G.A. Labs: Testing Facility	จีเอ แล็บส์: ศูนย์ทดสอบ
34-1061	pause_crowdfunding	<color=cloud_purple>Now that G.A. Labs has a research floor, our next goal is to construct a testing facility. To improve the world with the power of technology, our team relies on your support. The future is in your hands!	<color=cloud_purple>ตอนนี้จีเอ แล็บส์มีชั้นวิจัยแล้ว เป้าหมายต่อไปของเราคือการสร้าง ศูนย์ทดสอบ เพื่อพัฒนาโลกด้วยพลังของเทคโนโลยี ทีมของเราต้องพึ่งพาการสนับสนุนจากคุณ อนาคตอยู่ในมือคุณ!
34-1062	pause_crowdfunding	G.A. Labs: Data Center	จีเอ แล็บส์: ศูนย์ข้อมูล
34-1063	pause_crowdfunding	<color=cloud_purple>Now that G.A. Labs has a testing facility, our next goal is to construct a data center. To improve the world with the power of technology, our team relies on your support. The future is in your hands!	<color=cloud_purple>ตอนนี้จีเอ แล็บส์มีศูนย์ทดสอบแล้ว เป้าหมายต่อไปของเราคือการสร้าง ศูนย์ข้อมูล เพื่อพัฒนาโลกด้วยพลังของเทคโนโลยี ทีมของเราต้องพึ่งพาการสนับสนุนจากคุณ อนาคตอยู่ในมือคุณ!
34-1064	pause_crowdfunding	G.A. Labs: Meeting Rooms	จีเอ แล็บส์: ห้องประชุม
34-1065	pause_crowdfunding	<color=cloud_purple>Now that G.A. Labs has a data center, our next goal is to construct meeting rooms. To improve the world with the power of technology, our team relies on your support. The future is in your hands!	<color=cloud_purple>ตอนนี้จีเอ แล็บส์มีศูนย์ข้อมูลแล้ว เป้าหมายต่อไปของเราคือการสร้าง ห้องประชุม เพื่อพัฒนาโลกด้วยพลังของเทคโนโลยี ทีมของเราต้องพึ่งพาการสนับสนุนจากคุณ อนาคตอยู่ในมือคุณ!
34-1066	pause_crowdfunding	G.A. Labs: Event Hall	จีเอ แล็บส์: ห้องจัดงาน
34-1067	pause_crowdfunding	<color=cloud_purple>Now that G.A. Labs has meeting rooms, our next goal is to construct an event hall. To improve the world with the power of technology, our team relies on your support. The future is in your hands!	<color=cloud_purple>ตอนนี้จีเอ แล็บส์มีห้องประชุมแล้ว เป้าหมายต่อไปของเราคือการสร้าง ห้องจัดงาน เพื่อพัฒนาโลกด้วยพลังของเทคโนโลยี ทีมของเราต้องพึ่งพาการสนับสนุนจากคุณ อนาคตอยู่ในมือคุณ!
34-1068	pause_crowdfunding	G.A. Labs: General Affairs	จีเอ แล็บส์: ฝ่ายธุรการ
34-1069	pause_crowdfunding	<color=cloud_purple>Now that G.A. Labs has an event hall, our next goal is to construct a general affairs floor. To improve the world with the power of technology, our team relies on your support. The future is in your hands!	<color=cloud_purple>ตอนนี้จีเอ แล็บส์มีห้องจัดงานแล้ว เป้าหมายต่อไปของเราคือการสร้าง ฝ่ายธุรการ เพื่อพัฒนาโลกด้วยพลังของเทคโนโลยี ทีมของเราต้องพึ่งพาการสนับสนุนจากคุณ อนาคตอยู่ในมือคุณ!
34-1070	pause_crowdfunding	G.A. Labs: Human Resources	จีเอ แล็บส์: ฝ่ายทรัพยากรบุคคล
34-1071	pause_crowdfunding	<color=cloud_purple>Now that G.A. Labs has a general affairs floor, our next goal is to construct an HR floor. To improve the world with the power of technology, our team relies on your support. The future is in your hands!	<color=cloud_purple>ตอนนี้จีเอ แล็บส์มีฝ่ายธุรการแล้ว เป้าหมายต่อไปของเราคือการสร้าง ฝ่ายทรัพยากรบุคคล เพื่อพัฒนาโลกด้วยพลังของเทคโนโลยี ทีมของเราต้องพึ่งพาการสนับสนุนจากคุณ อนาคตอยู่ในมือคุณ!
34-1072	pause_crowdfunding	G.A. Labs: Executive Floor	จีเอ แล็บส์: ชั้นผู้บริหาร
34-1073	pause_crowdfunding	<color=cloud_purple>Now that G.A. Labs has an HR floor, our next goal is to construct an executive floor. To improve the world with the power of technology, our team relies on your support. The future is in your hands!	<color=cloud_purple>ตอนนี้จีเอ แล็บส์มีฝ่ายทรัพยากรบุคคลแล้ว เป้าหมายต่อไปของเราคือการสร้าง ชั้นผู้บริหาร เพื่อพัฒนาโลกด้วยพลังของเทคโนโลยี ทีมของเราต้องพึ่งพาการสนับสนุนจากคุณ อนาคตอยู่ในมือคุณ!
34-1074	pause_crowdfunding	Security floor construction is underway. To those who have invested in our vision, we offer our sincere gratitude and a continued commitment to redefining tech!	การก่อสร้างชั้นรักษา ความปลอดภัยกำลังดำเนินอยู่ ขอขอบคุณอย่างจริงใจต่อทุกท่าน ที่ลงทุนในวิสัยทัศน์ของเรา และเราจะมุ่งมั่นพลิกโฉม เทคโนโลยีต่อไปไม่หยุดยั้ง!
34-1075	pause_crowdfunding	Ultimate Dice and Cube Strategy Guide	วอล์กทรู Dice & Cube ฉบับสุดยอด
34-1076	pause_crowdfunding	<color=cloud_purple>Akatsuki here, Kamurocho's only VR Ethlete. Dice & Cubers stepped up to fund Vol. 2, but I'm already out of copies again. Pledge now to receive backer-exclusive, 3rd-edition bonus Sugoroku content!	<color=cloud_purple>อาคัตสึกิ นักกีฬา VR หนึ่งเดียวของคามุโรโจครับ ชาว Dice & Cube ร่วมกันระดมทุนให้เล่ม 2 สำเร็จ แต่ตอนนี้สำเนาก็หมดอีกแล้ว ร่วมสนับสนุนตอนนี้เพื่อรับ เนื้อหาซุโกโรกุโบนัสฉบับที่ 3 สุดพิเศษเฉพาะผู้สนับสนุน!
34-1077	pause_crowdfunding	Ultimate thanks to my fellow Dice & Cubers across the country! I'll start production on Vol. 3 and send out copies ASAP! (Gold Tier donors get the satisfaction of helping me!)	ขอบคุณสุดๆ ถึงเพื่อนชาว Dice & Cube ทั่วประเทศครับ! ผมจะเริ่มผลิตเล่ม 3 และส่งสำเนาให้เร็วที่สุดเท่า ที่จะทำได้! (ผู้สนับสนุนระดับทองจะได้รับ ความอิ่มใจที่ได้ช่วยผม!)
34-1078	pause_crowdfunding	<color=cloud_purple>I'm Fukushima, the energy drink entrepreneur behind Hug Bombs. Production costs are rising, but I'm just a one-man crew. With your help, however, I can invent a sugary-sweet new flavor: Hug Bomb Spark Alpha!	<color=cloud_purple>ผมฟุกุชิมะ ผู้ประกอบการเครื่องดื่มชูกำลัง ผู้อยู่เบื้องหลังระเบิดกอดครับ ต้นทุนการผลิตกำลังพุ่งสูง แต่ผมทำงานคนเดียว ถ้าได้รับความช่วยเหลือจากคุณ ผมจะคิดค้นรสชาติใหม่หวานฉ่ำได้: ระเบิดกอด สปาร์คอัลฟา!
34-1079	pause_crowdfunding	Now that I've raised the funding I need to take Hug Bombs to the next level, production will begin immediately. Try the new Hug Bomb Spark Alpha at your local convenience store!	ตอนนี้ผมระดมทุนที่ต้องการเพื่อ ยกระดับระเบิดกอดได้แล้ว การผลิตจะเริ่มขึ้นทันที ลองชิมระเบิดกอด สปาร์คอัลฟาตัวใหม่ได้ที่ ร้านสะดวกซื้อใกล้บ้านคุณ!
34-1080	pause_crowdfunding	<color=cloud_purple>I'm Fukushima, the energy drink entrepreneur behind Hug Bomb Spark Alpha. Now that my main project is funded, this stretch goal is to punch up the old recipe with an energizing new flavor: Hug Bomb Spark Beta!	<color=cloud_purple>ผมฟุกุชิมะ ผู้ประกอบการเครื่องดื่มชูกำลัง ผู้อยู่เบื้องหลังระเบิดกอด สปาร์คอัลฟาครับ ตอนนี้โปรเจกต์หลักได้รับเงินทุนแล้ว เป้าหมายขั้นถัดไปคือการปรับ สูตรเดิมให้กระฉับกระเฉง ยิ่งขึ้นด้วยรสชาติใหม่: ระเบิดกอด สปาร์คเบตา!
34-1081	pause_crowdfunding	As a reward for hitting my stretch goal, I'll send you a free hug (shipping and handling not included). Try the new and improved Hug Bomb Spark Beta at your local convenience store!	เป็นรางวัลที่บรรลุเป้าหมายขั้นถัดไป ผมจะส่งการกอดฟรีให้คุณ (ไม่รวมค่าจัดส่งและการจัดการ) ลองชิมระเบิดกอด สปาร์คเบตาสูตรใหม่ที่ปรับปรุง แล้วได้ที่ร้านสะดวกซื้อ ใกล้บ้านคุณ!
34-1082	pause_crowdfunding	<color=cloud_purple>I'm Fukushima, the energy drink entrepreneur who brought you Hug Bomb Spark Beta. If the campaign hits this stretch goal, I'll kick it up a notch with more sugar and caffeine in an extreme new flavor: Hug Bomb Explosion Omega!	<color=cloud_purple>ผมฟุกุชิมะ ผู้ประกอบการเครื่องดื่มชูกำลัง ผู้นำระเบิดกอด สปาร์คเบตามาให้คุณครับ ถ้าแคมเปญนี้ไปถึงเป้าหมายขั้นถัดไป ผมจะอัดน้ำตาลและคาเฟอีนเข้าไป อีกขั้นในรสชาติสุดขีดใหม่: ระเบิดกอด เอ็กซ์โพลชันโอเมก้า!
34-1083	pause_crowdfunding	Try the ultimate taste of Hug Bomb Explosion Omega at your local convenience store! (Warning: This product contains extreme levels of sugar, caffeine, and chemical additives.)	ลองชิมรสชาติสุดยอดของระเบิดกอด เอ็กซ์โพลชันโอเมก้าได้ที่ ร้านสะดวกซื้อใกล้บ้านคุณ! (คำเตือน: สินค้านี้มีปริมาณน้ำตาล คาเฟอีน และสารปรุงแต่งทางเคมีในระดับสูงมาก)
34-1084	access_type	Talk	คุย
34-1085	access_type	Examine	ตรวจดู
34-1086	access_type	Look	มอง
34-1087	access_type	Listen	ฟัง
34-1088	access_type	Enter	เข้า
34-1089	access_type	Exit	ออก
34-1090	access_type	Look Around	มองไปรอบๆ
34-1091	access_type	Kiwami	คิวามิ
34-1092	access_type	Play	เล่น
34-1093	access_type	Take Picture	ถ่ายรูป
34-1094	access_type	Open Package	เปิดพัสดุ
34-1095	access_type	Untie	แก้เชือก
34-1096	access_type	Sit	นั่ง
34-1097	access_type	Stand	อยู่
34-1098	access_type	To 2F	ไปยังชั้น 2
34-1099	access_type	To 1F	ไปยังชั้น 1
34-1100	access_type	To Kanrai	ไปคันไร
34-1101	access_type	Pass Time	ปล่อยเวลาผ่านไป
34-1102	access_type	Change Clothes	เปลี่ยนเสื้อผ้า
34-1103	access_type	Take Taxi	ขึ้นแท็กซี่
34-1104	access_type	Poker	โป๊กเกอร์
34-1105	access_type	Blackjack	แบล็กแจ็ก
34-1106	access_type	Information	ข้อมูล
34-1107	access_type	To Video Booth	ไปห้องวิดีโอ
34-1108	access_type	Grab	จับ
34-1109	access_type	To Earth Angel	ไปยังเอิร์ธแองเจิล
34-1110	access_type	To Shellac	ไปยังเชลแล็ก
34-1111	access_type	To Purgatory	ไปเพอร์กาทอรี
34-1112	access_type	To the Grand	ไปแกรนด์
34-1113	access_type	To Keima	ไปเคอิมะ
34-1114	access_type	To Four Shine	ไปโฟร์ไชน์
34-1115	access_type	To Stardust	ไปสตาร์ดัสต์
34-1116	access_type	Move	เคลื่อนที่
34-1117	access_type	Equipment Box	กล่องอุปกรณ์
34-1118	access_type	Normal Difficulty	ความยากปกติ
34-1119	access_type	Virtua Fighter 2: Normal	Virtua Fighter 2: ปกติ
34-1120	access_type	Base	ฐานทัพ
34-1121	access_type	Order	สั่ง
34-1122	access_type	Easy	ง่าย
34-1123	access_type	Virtua Fighter 2: Easy	Virtua Fighter 2: ง่าย
34-1124	access_type	Virtua Fighter 2.1: Normal	Virtua Fighter 2.1: ปกติ
34-1125	access_type	Virtua Fighter 2.1: Easy	Virtua Fighter 2.1: ง่าย
34-1126	access_type	To Emoto Clinic	ไปคลินิกเอโมโตะ
34-1127	access_type	To Stijl	ไปสติล
34-1128	access_type	To Aoi	ไปอาโออิ
34-1129	access_type	Partner	พาร์ตเนอร์
34-1130	access_type	To Mansion	ไปแมนชั่น
34-1131	access_type	To Back Room	ไปห้องหลัง
34-1132	access_type	Enter Club	เข้าคลับ
34-1133	access_type	Deposit	ฝาก
34-1134	access_type	To Sotenbori Productions	ไปโซเท็นโบริโปรดักชั่นส์
34-1135	access_type	Use	ใช้
34-1136	access_type	Rest	พักผ่อน
34-1137	access_type	Unlock	ปลดล็อก
34-1138	access_type	Turn On	เปิด
34-1139	access_type	Turn Off	ปิด
34-1140	access_type	To the rooftop	ไปยังดาดฟ้า
34-1141	access_type	Wait	รอ
34-1142	access_type	Raise Camera	ยกกล้องขึ้น
34-1143	access_type	Climb	ปีนขึ้น
34-1144	access_type	Climb Down	ปีนลง
34-1145	access_type	Smoke	สูบบุหรี่
34-1146	access_type	Heal	ฟื้นฟู
34-1147	access_type	Lockpicking Client	ลูกค้าภารกิจงัดกุญแจ
34-1148	minigame_oichokabu_string_oichokabu	Draw Card	จั่วไพ่
34-1149	minigame_oichokabu_string_oichokabu	One more!	อีกใบ!
34-1150	minigame_oichokabu_string_oichokabu	Showdown with three!	ท้าดวลด้วยไพ่สามใบ!
34-1151	minigame_oichokabu_string_oichokabu	Showdown!	ท้าดวล!
34-1152	minigame_oichokabu_string_oichokabu	Showdown	ดวลตัดสิน
34-1153	minigame_oichokabu_string_oichokabu	Play oicho-kabu again?	เล่นโออิโช-คาบุอีกไหม
34-1154	minigame_oichokabu_string_oichokabu	Newbie Furubira	ฟุรุบิระมือใหม่
34-1155	minigame_oichokabu_string_oichokabu	Worrier Wakamiya	วากามิยะขี้กังวล
34-1156	minigame_oichokabu_string_oichokabu	Fortunate Gen	เก็นผู้โชคดี
34-1157	minigame_oichokabu_string_oichokabu	Grubby Senji	เซนจิสกปรก
34-1158	minigame_oichokabu_string_oichokabu	Vagrant Takenaka	ทาเคนากะจอมพเนจร
34-1159	minigame_oichokabu_string_oichokabu	Chatterbox Karui	คารุอิปากจัด
34-1160	minigame_oichokabu_string_oichokabu	Reckless Yosugi	โยซึกิบุ่มบ่าม
34-1161	minigame_oichokabu_string_oichokabu	Easy Money Kanie	คานิเอะเงินง่าย
34-1162	minigame_oichokabu_string_oichokabu	Moneybags Mita	มิตะเจ้าของเงินถุงเงินถัง
34-1163	minigame_oichokabu_string_oichokabu	Select where to place your bet.	เลือกตำแหน่งที่จะวางเดิมพัน
34-1164	minigame_oichokabu_string_oichokabu	Decide how much to bet.	กำหนดจำนวนเงินเดิมพัน
34-1165	minigame_oichokabu_string_oichokabu	Other players are selecting.	ผู้เล่นคนอื่นกำลังเลือกอยู่
34-1166	minigame_oichokabu_string_oichokabu	Select player to challenge.	เลือกผู้เล่นที่จะท้าดวล
34-1167	minigame_oichokabu_string_oichokabu	Going into showdown with this hand.	เข้าสู่การดวลด้วยไพ่มือนี้
34-1168	minigame_oichokabu_string_oichokabu	The dealer is challenging.	เจ้ามือกำลังท้าดวล
34-1169	minigame_oichokabu_string_oichokabu	You don't have enough points to keep playing.	แต้มไม่พอที่จะเล่นต่อ
34-1170	minigame_oichokabu_string_oichokabu	A player lost all their points. Exiting.	ผู้เล่นแต้มหมด กำลังออกจากเกม
34-1171	minigame_oichokabu_string_oichokabu	Bet: ${point} points	เดิมพัน: ${point} แต้ม
34-1172	minigame_oichokabu_string_oichokabu	Result: ${point} points	ผลลัพธ์: ${point} แต้ม
34-1173	minigame_oichokabu_string_oichokabu	A ten-ten-one.	เท็น-เท็น-วัน
34-1174	minigame_oichokabu_string_oichokabu	Four-Six	โฟร์-ซิกซ์
34-1175	minigame_oichokabu_string_oichokabu	Card Type	ประเภทไพ่
34-1176	minigame_oichokabu_string_oichokabu	Off	ปิด
34-1177	minigame_oichokabu_string_oichokabu	Kabufuda	คาบุฟุดะ
34-1178	minigame_oichokabu_string_oichokabu	Hanafuda	ฮานะฟุดะ
34-1179	minigame_oichokabu_string_oichokabu	Retiring with a 4-6.	จบเกมด้วยไพ่ 4-6
34-1180	minigame_oichokabu_string_oichokabu	You won the same amount as your bet.	คุณชนะเท่ากับเงินเดิมพัน
34-1181	minigame_oichokabu_string_oichokabu	You won double your bet with a 4-1.	คุณชนะสองเท่าของเงินเดิมพันด้วยไพ่ 4-1
34-1182	minigame_oichokabu_string_oichokabu	You won double your bet with a 9-1.	คุณชนะสองเท่าของเงินเดิมพันด้วยไพ่ 9-1
34-1183	minigame_oichokabu_string_oichokabu	You won triple your bet with a Three of a Kind.	คุณชนะสามเท่าของเงินเดิมพัน ด้วยไพ่ตองสามใบ
34-1184	minigame_oichokabu_string_oichokabu	You won 5 times your bet with a 10-10-1.	คุณชนะห้าเท่าของเงินเดิมพันด้วยไพ่ 10-10-1
34-1185	minigame_oichokabu_string_oichokabu	You lost your bet.	คุณเสียเงินเดิมพัน
34-1186	minigame_oichokabu_string_oichokabu	You lost double your bet to a 4-1.	คุณเสียเงินเดิมพันสองเท่าให้ไพ่ 4-1
34-1187	minigame_oichokabu_string_oichokabu	You lost double your bet to a 9-1.	คุณเสียเงินเดิมพันสองเท่าให้ไพ่ 9-1
34-1188	minigame_oichokabu_string_oichokabu	You lost triple your bet to a Three of a Kind.	คุณเสียเงินเดิมพันสามเท่าให้ ไพ่ตองสามใบ
34-1189	minigame_oichokabu_string_oichokabu	You lost 5 times your bet to a 10-10-1.	คุณเสียเงินเดิมพันห้าเท่าให้ไพ่ 10-10-1
34-1190	minigame_oichokabu_string_oichokabu	Continue playing?	เล่นต่อไหม
34-1191	minigame_oichokabu_string_oichokabu	Select the cards to challenge with.	เลือกไพ่ที่จะใช้ท้าดวล
34-1192	minigame_oichokabu_string_oichokabu	The dealer wins.	เจ้ามือชนะ
34-1193	minigame_oichokabu_string_oichokabu	The result is zero.	ผลลัพธ์เท่ากับศูนย์
34-1194	minigame_oichokabu_string_oichokabu	The player wins.	ผู้เล่นชนะ
34-1195	minigame_oichokabu_string_oichokabu	The result is double.	ผลลัพธ์เพิ่มเป็นสองเท่า
34-1196	minigame_oichokabu_string_oichokabu	Continue doubling up?	เล่นดับเบิลอัพต่อไหม
34-1197	minigame_oichokabu_string_oichokabu	Winnings exceed losses. Bet amount increased.	ยอดชนะมากกว่ายอดเสีย เพิ่มเงินเดิมพัน
34-1198	minigame_oichokabu_string_oichokabu	Losses exceed winnings. Bet amount decreased.	ยอดเสียมากกว่ายอดชนะ ลดเงินเดิมพัน
34-1199	minigame_oichokabu_string_oichokabu	Losses cancel out winnings.	ยอดเสียหักล้างยอดชนะพอดี
34-1200	minigame_oichokabu_string_oichokabu	Double Up	ดับเบิลอัพ
34-1201	minigame_oichokabu_string_oichokabu	You need at least 100 points to play Beginner.	ต้องมีอย่างน้อย 100 แต้มจึงจะเล่นระดับมือใหม่ได้
34-1202	minigame_oichokabu_string_oichokabu	You need at least 500 points to play Intermediate.	ต้องมีอย่างน้อย 500 แต้มจึงจะเล่นระดับปานกลางได้
34-1203	minigame_oichokabu_string_oichokabu	You need at least 1,000 points to play Advanced.	ต้องมีอย่างน้อย 1,000 แต้มจึงจะเล่นระดับขั้นสูงได้
34-1204	minigame_oichokabu_string_oichokabu	You don't have enough points to play. You need at least 100 points.	แต้มไม่พอที่จะเล่น ต้องมีอย่างน้อย 100 แต้ม
34-1205	minigame_oichokabu_string_oichokabu	You don't have enough points to play. You need at least 500 points.	แต้มไม่พอที่จะเล่น ต้องมีอย่างน้อย 500 แต้ม
34-1206	minigame_oichokabu_string_oichokabu	You don't have enough points to play. You need at least 1,000 points.	แต้มไม่พอที่จะเล่น ต้องมีอย่างน้อย 1,000 แต้ม
34-1207	minigame_oichokabu_string_oichokabu	${point} pts.	${point} แต้ม
34-1208	map_icon	Player	ผู้เล่น
34-1209	map_icon	Enemy	ศัตรู
34-1210	map_icon	Wanderer	คนพเนจร
34-1211	map_icon	Objective	เป้าหมาย
34-1212	map_icon	Important NPC	NPC สำคัญ
34-1213	map_icon	Store	ร้านค้า
34-1214	map_icon	Eatery	ร้านอาหาร
34-1215	map_icon	Instant Missions	ภารกิจด่วน
34-1216	map_icon	Vending Machine	ตู้ขายของอัตโนมัติ
34-1217	map_icon	Street Name	ชื่อถนน
34-1218	map_icon	Instant Mission NPC	NPC ภารกิจด่วน
34-1219	map_icon	Objective set up by the user (Programming purposes)	เป้าหมายที่ผู้ใช้ตั้งค่า (สำหรับการเขียนโปรแกรม)
34-1220	map_icon	Substories	ซับสตอรี
34-1221	map_icon	DLC Gift Icon	ไอคอนของขวัญ DLC
34-1222	map_icon	Object Access	จุดเข้าถึงวัตถุ
34-1223	map_icon	No entry	ห้ามเข้า
34-1224	map_icon	Manhole	ฝาท่อ
34-1225	map_icon	Safe (Locked)	ตู้เซฟ (ล็อกอยู่)
34-1226	map_icon	Safe (Unlocked)	ตู้เซฟ (ปลดล็อกแล้ว)
34-1227	map_icon	Search PIN	หมุดค้นหา
34-1228	map_icon	Police Officer	เจ้าหน้าที่ตำรวจ
34-1229	map_icon	Door Icon for a door that needs to be opened with a key	ไอคอนประตูที่ต้องใช้กุญแจเปิด
34-1230	map_icon	Important Facility	สถานที่สำคัญ
34-1231	map_icon	Friend	เพื่อน
34-1232	map_icon	Girlfriend	แฟนสาว
34-1233	map_icon	Important Person	บุคคลสำคัญ
34-1234	map_icon	Searching enemies	กำลังค้นหาศัตรู
34-1235	map_icon	Encounter Boss	เผชิญหน้าบอส
34-1236	map_icon	Objective area	พื้นที่เป้าหมาย
34-1237	map_icon	Danger zone	เขตอันตราย
34-1238	map_icon	Substories (Activate)	ซับสตอรี (เปิดใช้งาน)
34-1239	map_icon	Stalker	คนสะกดรอย
34-1240	map_icon	Enemy drone	โดรนศัตรู
34-1241	map_icon	Hangout Spot	แหล่งพบปะ
34-1242	map_icon	Objective area (Sidecase)	พื้นที่เป้าหมาย (คดีเสริม)
34-1243	map_icon	Lockpicking Mission NPC	NPC ภารกิจงัดกุญแจ
34-1244	map_icon	Lockpicking Mission Location	จุดภารกิจงัดกุญแจ
34-1245	map_icon	Friend (For friend search)	เพื่อน (สำหรับค้นหาเพื่อน)
34-1246	map_icon	Sugoroku blue arrow	ลูกศรซุโกโรกุสีน้ำเงิน
34-1247	map_icon	Sugoroku red arrow	ลูกศรซุโกโรกุสีแดง
34-1248	map_icon	Sugoroku yellow arrow	ลูกศรซุโกโรกุสีเหลือง
34-1249	map_icon	Sugoroku purple arrow	ลูกศรซุโกโรกุสีม่วง
34-1250	map_icon	Gift	ของขวัญ
34-1251	map_icon	Dice Plus	ลูกเต๋าบวก
34-1252	map_icon	Dice Minus	ลูกเต๋าลบ
34-1253	map_icon	Safe	ตู้เซฟ
34-1254	map_icon	Warp	วาร์ป
34-1255	map_icon	Normal	ปกติ
34-1256	map_icon	Sugoroku gray arrow	ลูกศรซุโกโรกุสีเทา
34-1257	map_icon	Goal	เส้นชัย
34-1258	map_icon	Koro-nyan	โคโระเนียง
34-1259	map_icon	Kuro-nyan	คุโระเนียง
34-1260	map_icon	Objective (Side Cases)	เป้าหมาย (คดีเสริม)
34-1261	minigame_mahjong_string_yaku	No-Points Hand	มือไร้แต้ม
34-1262	minigame_mahjong_string_yaku	Double East	ตะวันออกคู่
34-1263	minigame_mahjong_string_yaku	South	ใต้
34-1264	minigame_mahjong_string_yaku	Double South	ใต้คู่
34-1265	minigame_mahjong_string_yaku	West	ตะวันตก
34-1266	minigame_mahjong_string_yaku	Double West	ตะวันตกคู่
34-1267	minigame_mahjong_string_yaku	North	เหนือ
34-1268	minigame_mahjong_string_yaku	Double North	เหนือคู่
34-1269	minigame_mahjong_string_yaku	White Dragon	มังกรขาว
34-1270	minigame_mahjong_string_yaku	Green Dragon	มังกรเขียว
34-1271	minigame_mahjong_string_yaku	Red Dragon	มังกรแดง
34-1272	minigame_mahjong_string_yaku	All Simples	ไพ่ธรรมดาล้วน
34-1273	minigame_mahjong_string_yaku	Identical Sequences	อีเปโค
34-1274	minigame_mahjong_string_yaku	Ippatsu	อิปปัตสึ
34-1275	minigame_mahjong_string_yaku	Fully Concealed Hand	เมนเซ็นสึโม
34-1276	minigame_mahjong_string_yaku	Dead Wall Draw	รินชันไคโฮ
34-1277	minigame_mahjong_string_yaku	Last Tile Draw - Tsumo	จั่วไพ่ตัวสุดท้าย - สึโม
34-1278	minigame_mahjong_string_yaku	Last Tile Discard - Ron	ทิ้งไพ่ตัวสุดท้าย - รอน
34-1279	minigame_mahjong_string_yaku	Mixed Outside Hand	ชานตะ
34-1280	minigame_mahjong_string_yaku	All Terminals and Honors	ฮนโรวโท
34-1281	minigame_mahjong_string_yaku	Full Straight	อิกคิสึคัง
34-1282	minigame_mahjong_string_yaku	All Triplet Hand	โทอิโทอิ
34-1283	minigame_mahjong_string_yaku	Three Concealed Triplets	ซันอังโค
34-1284	minigame_mahjong_string_yaku	Three Consecutive Pons	ปงเรียงสามชุด
34-1285	minigame_mahjong_string_yaku	Three Quads	ซันคันสึ
34-1286	minigame_mahjong_string_yaku	Seven Pairs	คู่เจ็ดคู่
34-1287	minigame_mahjong_string_yaku	Three Color Triplets	ซันโชกุโดโค
34-1288	minigame_mahjong_string_yaku	Little Three Dragons	โชซังเง็น
34-1289	minigame_mahjong_string_yaku	Double Riichi	รีชคู่
34-1290	minigame_mahjong_string_yaku	Pure Outside Hand	จุนจัง
34-1291	minigame_mahjong_string_yaku	Half Flush	ฮงอิตสึ
34-1292	minigame_mahjong_string_yaku	Double Identical Sequences	เรียงเปโค
34-1293	minigame_mahjong_string_yaku	Full Flush	ชินอิตสึ
34-1294	minigame_mahjong_string_yaku	All Honors	สึอีโซ
34-1295	minigame_mahjong_string_yaku	All Green	ริวอีโซ
34-1296	minigame_mahjong_string_yaku	Nine Gates	ชูเร็นโปโต
34-1297	minigame_mahjong_string_yaku	Pure Nine Gates	ชูเร็นโปโตแท้
34-1298	minigame_mahjong_string_yaku	Four Concealed Triplets	ซูอังโค
34-1299	minigame_mahjong_string_yaku	Four Concealed Triplets w/ Single Wait	ซูอังโค รอเดี่ยว
34-1300	minigame_mahjong_string_yaku	Four Quads	ซูคันสึ
34-1301	minigame_mahjong_string_yaku	Big Three Dragons	ไดซังเง็น
34-1302	minigame_mahjong_string_yaku	Big Four Winds	ไดซูชี
34-1303	minigame_mahjong_string_yaku	Little Four Winds	โชวสึชี
34-1304	minigame_mahjong_string_yaku	All Terminals	ชินโรวโท
34-1305	minigame_mahjong_string_yaku	Heavenly Hand	เท็นโฮ
34-1306	minigame_mahjong_string_yaku	Earthly Hand	ชีโฮ
34-1307	minigame_mahjong_string_yaku	Thirteen Orphans	โคคุชิมุโซ
34-1308	minigame_mahjong_string_yaku	Pure Thirteen Orphans	โคคุชิมุโซแท้
34-1309	minigame_mahjong_string_yaku	Broken Thirteen	สิบสามพลาด
34-1310	minigame_mahjong_string_yaku	Blessing of Man	เร็งโฮ
34-1311	minigame_mahjong_string_yaku	Robbing a Quad	ชังกัง
34-1312	minigame_mahjong_string_yaku	Big Wheel	ไดชาริน
34-1313	minigame_mahjong_string_yaku	Terminal Discard	ทิ้งไพ่ขอบ
34-1314	minigame_cabaret_island_coordinate_dress	Empire Dress	เดรสเอ็มไพร์
34-1315	minigame_cabaret_island_coordinate_dress	An elegant dress that stretches straight down from the chest to the feet, extenuating the feminine qualities of the wearer.	เดรสหรูหราที่ทอดยาวตรงจาก หน้าอกลงถึงเท้า ขับเน้นความเป็นหญิงของผู้สวมใส่
34-1316	minigame_cabaret_island_coordinate_dress	Suit	สูท
34-1317	minigame_cabaret_island_coordinate_dress	A sexy suit with a short skirt. (Some accessories will not display on this outfit.)	สูทเซ็กซี่คู่กระโปรงสั้น (เครื่องประดับบางชิ้นจะไม่ แสดงผลกับชุดนี้)
34-1318	minigame_cabaret_island_coordinate_dress	Short Sleeve	แขนสั้น
34-1319	minigame_cabaret_island_coordinate_dress	The large jewelry on the chest is what makes this dress stand out. 	เครื่องประดับชิ้นใหญ่บริเวณ หน้าอกคือจุดเด่นของเดรสตัวนี้
34-1320	minigame_cabaret_island_coordinate_dress	Mini-tube Dress	เดรสทิวบ์สั้น
34-1321	minigame_cabaret_island_coordinate_dress	A sexy dress with a short skirt that exposes the chest area.	เดรสเซ็กซี่กระโปรงสั้นที่เผย พื้นที่บริเวณหน้าอก
34-1322	minigame_cabaret_island_coordinate_dress	Slender Dress	เดรสทรงเพรียว
34-1323	minigame_cabaret_island_coordinate_dress	A thin dress with a long silhouette. Gives the impression of a calm and mature lady. 	เดรสเนื้อบางทรงยาว ให้ความรู้สึกถึงหญิงสาวที่สงบ และเป็นผู้ใหญ่
34-1324	minigame_cabaret_island_coordinate_dress	Cocktail Dress	เดรสค็อกเทล
34-1325	minigame_cabaret_island_coordinate_dress	A semi-formal dress that can be worn for casual occasions too. Good for when you're in the mood to party.	เดรสกึ่งทางการที่ใส่ลำลองก็ได้ เหมาะเวลาอยากออกไปปาร์ตี้
34-1326	minigame_cabaret_island_coordinate_dress	Mermaid Dress	เดรสนางเงือก
34-1327	minigame_cabaret_island_coordinate_dress	A mystical dress where the hem stretches out like the fins of a mermaid.	เดรสลึกลับที่ชายเดรสผายออกดั่ง ครีบนางเงือก
34-1328	minigame_cabaret_island_coordinate_dress	One Shoulder	วันโชลเดอร์
34-1329	minigame_cabaret_island_coordinate_dress	A bare-shoulder design that exudes sexiness.	ดีไซน์เปิดไหล่ที่แผ่ความเซ็กซี่
34-1330	minigame_cabaret_island_coordinate_dress	Bare Top	แบร์ท็อป
34-1331	minigame_cabaret_island_coordinate_dress	A classic dress that dials up the sexiness factor with its busty, revealing design.	เดรสทรงคลาสสิกที่เพิ่มความ เซ็กซี่ด้วยดีไซน์เผยเนินอก เปิดเผย
34-1332	minigame_cabaret_island_coordinate_dress	Mini Skirt Dress	เดรสกระโปรงสั้น
34-1333	minigame_cabaret_island_coordinate_dress	A very erotic dress designed like a camisole that hangs from the shoulder.	เดรสสุดยั่วยวนที่ออกแบบคล้าย เสื้อกล้ามคาดไหล่
34-1334	minigame_cabaret_island_coordinate_dress	Lovely One Piece	วันพีซแสนหวาน
34-1335	minigame_cabaret_island_coordinate_dress	The transparency of the lace shows off the feminine side.	ความโปร่งแสงของลูกไม้เผยด้าน ความเป็นหญิง
34-1336	minigame_cabaret_island_coordinate_dress	Belted Bare Top	แบร์ท็อปคาดเข็มขัด
34-1337	minigame_cabaret_island_coordinate_dress	Simple, yet draws out the feminine qualities of an adult.	เรียบง่าย แต่ขับความเป็นหญิงแบบผู้ใหญ่ ให้เด่นชัด
34-1338	minigame_cabaret_island_coordinate_dress	Long Halter	ฮอลเตอร์ยาว
34-1339	minigame_cabaret_island_coordinate_dress	An elegant, chic dress that gives an aura of composure.	เดรสหรูหราเก๋ไก๋ที่แผ่ความ สงบนิ่งมีสง่า
34-1340	minigame_cabaret_island_coordinate_dress	Cheongsam	กี่เพ้า
34-1341	minigame_cabaret_island_coordinate_dress	An exotic and alluring dress.	เดรสที่มีเสน่ห์แปลกตาและชวนหลงใหล
34-1342	minigame_cabaret_island_coordinate_dress	Shoulder Pad Suit	สูทเสริมไหล่
34-1343	minigame_cabaret_island_coordinate_dress	A suit that was popular at the end of the century. It certainly boasts a... unique aura.	สูทที่เคยฮิตช่วงปลายศตวรรษ มีออร่าที่... เป็นเอกลักษณ์ไม่เหมือนใคร
34-1344	minigame_cabaret_island_coordinate_dress	Bodycon	บอดี้คอน
34-1345	minigame_cabaret_island_coordinate_dress	A skinny dress that shows off the wearer's bodyline. You won't be able to get your eyes off of the open chest.	เดรสรัดรูปที่โชว์เส้นสายของผู้สวมใส่ คุณจะละสายตาจากช่วงอกที่ เปิดเผยไม่ได้เลย
34-1346	minigame_cabaret_island_coordinate_dress	Bodycon Dress	เดรสบอดี้คอน
34-1347	minigame_cabaret_island_coordinate_dress	A straightforward dress that extenuates the body line. No extra fluff.	เดรสตรงไปตรงมาที่ขับเส้นสาย ร่างกายให้เด่นชัด ไม่มีลูกเล่นฟุ่มเฟือย
34-1348	minigame_cabaret_island_coordinate_dress	Cutesy Idol	ไอดอลน่ารัก
34-1349	minigame_cabaret_island_coordinate_dress	An idol dress that every girl dreams of wearing at least once.	เดรสไอดอลที่สาว ๆ ทุกคนใฝ่ฝันอยากใส่สักครั้งในชีวิต
34-1350	minigame_cabaret_island_coordinate_dress	Long Uniform	ชุดยูนิฟอร์มทรงยาว
34-1351	minigame_cabaret_island_coordinate_dress	An old-fashioned uniform with a long skirt.	ยูนิฟอร์มแบบเก่าที่มีกระโปรงยาว
34-1352	minigame_cabaret_island_coordinate_dress	Legend Pure	เลเจนด์เพียว
34-1353	minigame_cabaret_island_coordinate_dress	A dress that's said to have been worn by a legendary Osaka hostess. There's something awe-inspiring about this dress but it's hard to point out what.	เดรสที่เล่าลือว่าเคยเป็นของฮอส เตสระดับตำนานแห่งโอซาก้า มีบางอย่างในตัวเดรสที่ น่าเกรงขามแต่บอกไม่ถูกว่า คืออะไร
34-1354	minigame_cabaret_island_coordinate_dress	Yukata	ยูกาตะ
34-1355	minigame_cabaret_island_coordinate_dress	A traditional Japanese outfit worn during festivals.	ชุดญี่ปุ่นดั้งเดิมที่สวมใส่ใน งานเทศกาล
34-1356	minigame_cabaret_island_coordinate_dress	Bikini	บิกินี่
34-1357	minigame_cabaret_island_coordinate_dress	An outfit for events. You're sure to get all the attention you want.	ชุดสำหรับงานอีเวนต์ รับรองว่าคุณจะได้รับความสนใจ ตามที่ต้องการแน่นอน
34-1358	minigame_cabaret_island_coordinate_dress	Maid Outfit	ชุดเมด
34-1359	minigame_cabaret_island_coordinate_dress	An outfit for events. It's okay to make mistakes when wearing this outfit as long as you bend over and clean it up.	ชุดสำหรับงานอีเวนต์ ทำพลาดได้ไม่เป็นไร ขอแค่ก้มตัวลงเก็บกวาดให้เรียบร้อย
34-1360	minigame_cabaret_island_coordinate_dress	Gym Uniform	ชุดพละ
34-1361	minigame_cabaret_island_coordinate_dress	An outfit for events. A precious outfit seen as a culturally significant uniform that needs to be brought back for the sake of humanity.	ชุดสำหรับงานอีเวนต์ ชุดล้ำค่าที่ถูกมองว่าเป็น ยูนิฟอร์มสำคัญทางวัฒนธรรม ที่ควรนำกลับมาใช้เพื่อมวลมนุษยชาติ
34-1362	minigame_cabaret_island_coordinate_dress	School Uniform	ชุดนักเรียน
34-1363	minigame_cabaret_island_coordinate_dress	An outfit for scholastic events. The standard in cute uniforms. Don't worry, none of the girls are actually underage.	ชุดสำหรับงานธีมโรงเรียน มาตรฐานความน่ารักของชุดยูนิฟอร์ม ไม่ต้องห่วง ผู้หญิงทุกคนบรรลุนิติภาวะแล้วจริง ๆ
34-1364	minigame_cabaret_island_coordinate_dress	Saori's usual outfit. Plain, but comfortable.	ชุดประจำตัวของซาโอริ เรียบง่ายแต่ใส่สบาย
34-1365	verification_todo_item	Locate your drone	หาตำแหน่งโดรนของคุณ
34-1366	verification_todo_item	Find the security camera	หากล้องวงจรปิด
34-1367	verification_todo_item	Find the blueprints	หาพิมพ์เขียว
34-1368	verification_todo_item	Obtain key to the 3rd floor	รับกุญแจชั้น 3
34-1369	verification_todo_item	Look for Kaito	หาไคโตะ
34-1370	verification_todo_item	Use the drone to find Murase	ใช้โดรนตามหามุราเสะ
34-1371	verification_todo_item	Locate Murase's whereabouts	หาที่อยู่ของมุราเสะ
34-1372	verification_todo_item	Investigate where the corpse was found	สืบสวนจุดที่พบศพ
34-1373	verification_todo_item	Investigate the garbage dump	สืบสวนกองขยะ
34-1374	verification_todo_item	Investigate Shintani's corpse	สืบสวนศพของชินทานิ
34-1375	verification_todo_item	Search for Shintani's phone	ค้นหาโทรศัพท์ของชินทานิ
34-1376	verification_todo_item	Investigate the bed	ตรวจสอบเตียง
34-1377	verification_todo_item	Investigate the entrance	ตรวจสอบทางเข้า
34-1378	verification_todo_item	Check the suspect's bag	ตรวจกระเป๋าของผู้ต้องสงสัย
34-1379	verification_todo_item	Check the robber's costume and belongings	ตรวจชุดคอสตูมและข้าวของของโจร
34-1380	verification_todo_item	Search for the shoes the robber was wearing	ค้นหารองเท้าที่โจรสวมอยู่
34-1381	verification_todo_item	Check the four suspects' shoes	ตรวจรองเท้าของผู้ต้องสงสัยทั้งสี่คน
34-1382	verification_todo_item	Search the fridge	ค้นตู้เย็น
34-1383	verification_todo_item	Search for the cake wrapper	ค้นหาห่อเค้ก
34-1384	verification_todo_item	Investigate the kitchen	ตรวจสอบห้องครัว
34-1385	verification_todo_item	Gather evidence for the trial	รวบรวมหลักฐานสำหรับการพิจารณาคดี
34-1386	verification_todo_item	Search for clues about the attackers	ค้นหาเบาะแสเกี่ยวกับผู้ก่อเหตุ
34-1387	verification_todo_item	Find the gold keycard	ตามหาคีย์การ์ดสีทอง
34-1388	verification_todo_item	Search for Ayumu-kun	ค้นหาอายุมุคุง
34-1389	verification_todo_item	Gather clues about the case	รวบรวมเบาะแสเกี่ยวกับคดี
34-1390	verification_todo_item	Turn on the room lights	เปิดไฟในห้อง
34-1391	verification_todo_item	Use visual cues to deduce her occupation	ใช้เบาะแสที่มองเห็นคาดเดาอาชีพของเธอ
34-1392	verification_todo_item	Use visual cues to deduce her marriage situation	ใช้เบาะแสที่มองเห็นคาดเดา สถานภาพสมรสของเธอ
34-1393	verification_todo_item	Search for three outlets	ค้นหาเต้ารับไฟฟ้าสามจุด
34-1394	verification_todo_item	Wiretap the patriarch's office	ดักฟังห้องทำงานของหัวหน้าตระกูล
34-1395	verification_todo_item	Search for any foreign substances	ค้นหาสารแปลกปลอม
34-1396	verification_todo_item	Use the cat's cry to guide you	ใช้เสียงร้องของแมวนำทาง
34-1397	verification_todo_item	Blue Wallet	กระเป๋าสตางค์สีน้ำเงิน
34-1398	verification_todo_item	Yellow Duffle Bag	กระเป๋าดัฟเฟิลสีเหลือง
34-1399	verification_todo_item	Jacket with Tiger Embroidery	แจ็กเก็ตปักลายเสือ
34-1400	verification_todo_item	Deduce her measurements	คาดเดาสัดส่วนของเธอ
34-1401	verification_todo_item	Check to see if anything's wrong with her attire	ตรวจดูว่าการแต่งกายของเธอมี อะไรผิดปกติไหม
34-1402	verification_todo_item	Search for something different than usual	ค้นหาสิ่งที่แตกต่างจากปกติ
34-1403	verification_todo_item	Observe the man	สังเกตชายคนนั้น
34-1404	verification_todo_item	Investigate the window	ตรวจสอบหน้าต่าง
34-1405	verification_todo_item	Well-built, bald man	ชายหัวล้านรูปร่างล่ำ
34-1406	verification_todo_item	Bald man	ชายหัวล้าน
34-1407	verification_todo_item	Deduce the location of the seller	คาดเดาที่อยู่ของผู้ขาย
34-1408	verification_todo_item	Long hair	ผมยาว
34-1409	verification_todo_item	Dark-rimmed glasses	แว่นกรอบดำ
34-1410	verification_todo_item	Search for clues to determine how to proceed	ค้นหาเบาะแสเพื่อตัดสินใจว่าจะ ทำอย่างไรต่อ
34-1411	verification_todo_item	Carefully check Kaneda's sandals	ตรวจรองเท้าแตะของคาเนดะอย่างละเอียด
34-1412	verification_todo_item	Investigate around the beer case	ตรวจสอบรอบ ๆ ลังเบียร์
34-1413	verification_todo_item	Search for a short, hooded person wearing a mask and sunglasses	ค้นหาคนตัวเตี้ยที่สวมฮู้ด หน้ากาก และแว่นกันแดด
34-1414	verification_todo_item	Investigate the carps in the pond	ตรวจสอบปลาคาร์ปในบ่อ
34-1415	side_case_side_case_request	Infidelity Investigation	สืบเรื่องนอกใจ
34-1416	side_case_side_case_request	My name Noriko Taguchi. My husband has started going out frequently recently and I want to know where he's going. It's hard to imagine that he's cheating on me, but could you investigate? Thank you.	ดิฉันชื่อโนริโกะ ทากูจิ ช่วงนี้สามีดิฉันเริ่มออกไป ข้างนอกบ่อยขึ้น และดิฉันอยากรู้ว่าเขาไปไหน มันยากที่จะจินตนาการว่าเขานอกใจดิฉัน แต่ช่วยสืบให้หน่อยได้ไหมคะ ขอบคุณค่ะ
34-1417	side_case_side_case_request	Entertainment Industry Job	งานในวงการบันเทิง
34-1418	side_case_side_case_request	One of my agency's top talents has gotten entangled in quite a mess, so I'd like your assistance. I can't get down to your office, so would you mind coming to the 6th floor of Hotel New Deborah? I'll wait in the hallway. Please come at some point in the day, as I'm quite busy at night.	หนึ่งในนักแสดงระดับท็อปของ เอเจนซี่ฉัน ไปพัวพันกับเรื่องยุ่งยากเข้าแล้ว ฉันเลยอยากขอความช่วยเหลือจากคุณ ฉันไปที่ออฟฟิศคุณไม่ได้ ช่วยมาที่ชั้น 6 ของโรงแรมนิวเดโบราห์หน่อยได้ไหม ฉันจะรอที่ทางเดิน กรุณามาช่วงกลางวันนะ เพราะกลางคืนฉันค่อนข้างยุ่ง
34-1419	side_case_side_case_request	There's a Panty Thief on the Loose!	มีขโมยกางเกงในหลุดออกมาอยู่
34-1420	side_case_side_case_request	Not even the police can get this guy, so I'm asking you! He stole my sister's panties and now that he has her in his sights, I'm worried about what'll happen next. I'll wait at M Side Cafe with my sister. I'm the pretty boy with black, short hair, lol. My sister looks like me, but with longer hair.	แม้แต่ตำรวจก็จับผู้ชายคนนี้ไม่ได้ ผมเลยต้องมาขอให้คุณช่วย เขาขโมยกางเกงในของน้องสาวผมไป และตอนนี้เขาจับตาดูเธออยู่ ผมเป็นกังวลว่าจะเกิดอะไรขึ้นต่อไป ผมจะรอที่ เอ็ม ไซด์ คาเฟ่ กับน้องสาว ผมเป็นหนุ่มหน้าตาดีผมสั้นสีดำ 555 น้องสาวผมหน้าคล้ายผมแต่ผมยาวกว่า
34-1421	side_case_side_case_request	Where'd My Jacket Go?	แจ็คเก็ตของฉันหายไปไหน
34-1422	side_case_side_case_request	My special jacket has disappeared. It was given to me by my older brother, and it means a lot to me. It's my soul. More important than my life. Please find it as quickly as possible! I'll be waiting at Wild Jackson on Tenkaichi Street! If you see some gaudy guy with brown hair, gray jacket and red shirt, that's probably me. 	แจ็คเก็ตสุดพิเศษของผมหายไป มันเป็นของที่พี่ชายให้ผมมา มีความหมายกับผมมาก มันคือจิตวิญญาณของผม สำคัญกว่าชีวิตผมเสียอีก ช่วยหามันให้เร็วที่สุดเท่าที่จะทำได้ ผมจะรอที่ไวลด์แจ็คสันบนถนนเทนไคจิ ถ้าเห็นผู้ชายแต่งตัวจัดจ้าน ผมสีน้ำตาล แจ็คเก็ตสีเทา เสื้อสีแดง นั่นคือผมแหละครับ
34-1423	side_case_side_case_request	There's a Groper on the Loose!	มีโรคจิตชอบลวนลามหลุดออกมาอยู่
34-1424	side_case_side_case_request	Another pervert in the Twisted Trio has taken a liking to Tsukino. This one's a groper, and he already got a big handful of her ass. She can't even go outside without an escort. Please catch him, Yagami-san! I'll drop by your office.	โรคจิตอีกคนในสามโรคจิตไปติดใจสึกิโนะ คนนี้เป็นพวกชอบลวนลาม แถมเคยจับสะโพกเธอไปเต็มมือแล้วด้วย ตอนนี้เธอออกไปไหนโดยไม่มีคน คุ้มกันไม่ได้เลย ช่วยจับตัวมันให้หน่อยนะครับ ยากามิซัง ผมจะแวะไปที่ออฟฟิศคุณ
34-1425	side_case_side_case_request	Searching for Missing Nephew	ตามหาหลานชายที่หายตัวไป
34-1426	side_case_side_case_request	Could you please search for my missing nephew? He left home three years ago saying he was going to become the number one host in Kamurocho, and I haven't heard from him since. His parents have long since passed away, and I am his only living relative. Please, help me. I will be waiting at M Side Cafe. Could you please look for a black-haired, middle-aged woman wearing a blue coat?	ช่วยตามหาหลานชายที่หายตัวไปของ ดิฉันหน่อยได้ไหมคะ เขาออกจากบ้านไปเมื่อสามปีก่อน บอกว่าจะไปเป็นโฮสต์อันดับหนึ่ง ของคามุโรโจ แล้วดิฉันก็ไม่ได้ข่าวจากเขาอีกเลย พ่อแม่ของเขาเสียชีวิตไปนานแล้ว และดิฉันเป็นญาติคนเดียวที่ยัง มีชีวิตอยู่ ได้โปรดช่วยดิฉันด้วยค่ะ ดิฉันจะรออยู่ที่เอ็ม ไซด์ คาเฟ่ ช่วยหาผู้หญิงวัยกลางคนผมดำ สวมเสื้อโค้ทสีน้ำเงินด้วยนะคะ
34-1427	side_case_side_case_request	Sexual Harassment Investigation	สืบเรื่องคุกคามทางเพศ
34-1428	side_case_side_case_request	I want you to get proof that my superior is sexually harassing me. I would prefer rock-solid evidence he can't weasel out of. However, my boss is the president's son, so I'm not sure how to handle this. I would like to consult you about this issue. I will be waiting at Café Mijore. I have black hair and uh, large breasts. Men don't have trouble spotting me.	ดิฉันอยากให้คุณช่วยหาหลักฐาน ว่าหัวหน้าของดิฉันคุกคามทางเพศ ดิฉันอยากได้หลักฐานที่แน่นหนา จนเขาแก้ตัวไม่ได้ แต่เจ้านายของดิฉันเป็นลูกชาย ของท่านประธาน ดิฉันเลยไม่แน่ใจว่าจะจัดการ เรื่องนี้ยังไงดี ดิฉันอยากขอปรึกษาคุณเรื่องนี้ค่ะ ดิฉันจะรอที่คาเฟ่มิโจเระ ดิฉันมีผมดำและ เอ่อ หน้าอกใหญ่ ผู้ชายมักจำดิฉันได้ไม่ยาก
34-1429	side_case_side_case_request	A Publisher's Request	คำขอจากสำนักพิมพ์
34-1430	side_case_side_case_request	Greetings, Yagami-sama. I'm Kawada, and I'm contacting you today in hopes that you'll take on a rather odd request. Can we discuss this further at Café Mijore on Nakamichi Street? I'm a middle-aged, average looking man in a suit. Please come at your leisure.	สวัสดีครับ คุณยากามิ ผมคาวาดะ ติดต่อมาวันนี้เพราะอยากให้คุณ รับคำขอที่ค่อนข้างแปลก อยู่สักหน่อย เราคุยกันต่อได้ไหมที่คาเฟ่มิโจเระ บนถนนนากามิจิ ผมเป็นผู้ชายวัยกลางคนหน้าตา ทั่วไปใส่สูท กรุณามาเมื่อสะดวกนะครับ
34-1431	side_case_side_case_request	Another Mystery Event!	เหตุการณ์ปริศนาอีกครั้ง
34-1432	side_case_side_case_request	Good day, Yagami-sama. This is Kawada from Cloudy Skies Publishing. Thank you for your help the other day. I have contacted you again in hopes to ask for your help once more. I'll await you at Café Mijore on Nakamichi Street. Could you please come by when you have time? Thank you.	สวัสดีครับ คุณยากามิ ผมคาวาดะจากสำนักพิมพ์คลาวดีสกายส์ ขอบคุณสำหรับความช่วยเหลือเมื่อ ครั้งก่อนนะครับ ผมติดต่อมาอีกครั้งเพราะอยาก ขอความช่วยเหลือจากคุณอีก สักครั้ง ผมจะรอคุณอยู่ที่คาเฟ่มิโจเระ บนถนนนากามิจิ กรุณามาเมื่อคุณมีเวลานะครับ ขอบคุณครับ
34-1433	side_case_side_case_request	Why not pass some time?	ลองใช้เวลาสักหน่อยไหม
34-1434	side_case_side_case_request	Good day, Yagami-san. It is Kawada from Cloudy Skies Publishing. Thank you for the other day! I'm sorry to keep asking you this, but I have another request for you, Yagami-san. I'll be waiting at Café Mijore on Nakamichi Street as usual. Could you please come when you have time? Thank you.	สวัสดีครับ ยากามิซัง ผมคาวาดะจากสำนักพิมพ์คลาวดีสกายส์ ขอบคุณสำหรับเมื่อครั้งก่อนนะครับ! ขอโทษที่ต้องมารบกวนคุณอีก แต่ผมมีคำขออีกอย่างสำหรับคุณ ยากามิซัง ผมจะรออยู่ที่คาเฟ่มิโจเระ บนถนนนากามิจิเหมือนเคย กรุณามาเมื่อคุณมีเวลานะครับ ขอบคุณครับ
34-1435	side_case_side_case_request	Yagami-san, there's a golden mouse out in the wild, and he's worth a loooot of money. He'll have lots of pursuers, so we've got to move quickly. I'll wait for you on the roof of Stardust! It's easier to get up there from the building's next door neighbor's back entrance.	ยากามิซัง มีหนูสีทองอยู่ข้างนอกนั่น แล้วมันมีค่าตัวสูงมากกกก จะมีคนตามล่ามันเยอะแน่ เราต้องรีบลงมือ ผมจะรอคุณอยู่บนดาดฟ้าสตาร์ดัสต์ ขึ้นไปทางประตูหลังของตึกข้างๆ จะง่ายกว่า
34-1436	side_case_side_case_request	Trigger all of the "???" events	กระตุ้นเหตุการณ์ "???" ให้ครบทุกอัน
34-1437	side_case_side_case_request	Defeat the Keihin Gang leaders.	ปราบหัวหน้าแก๊งเคฮิน
34-1438	side_case_side_case_request	I have something kinda private to discuss, Yagami-san. I'll wait for you at M Side Cafe. Be discreet, okay?	ผมมีเรื่องส่วนตัวนิดหน่อยที่ อยากคุยด้วย ยากามิซัง ผมจะรอที่ เอ็ม ไซด์ คาเฟ่ ทำตัวเนียนๆ หน่อยนะ
34-1439	side_case_side_case_request	Second Infidelity Investigation	สืบเรื่องนอกใจครั้งที่สอง
34-1440	side_case_side_case_request	I'd like to ask you to investigate if my husband is having an affair or not. I'd actually asked another detective to investigate, and he concluded that he wasn't, but something's not sitting right with me... So I'd like to get a second detective's opinion. I know where your office is, so I'll drop by shortly.	ดิฉันอยากขอให้คุณสืบดูว่าสามี ของดิฉันกำลังมีชู้อยู่ หรือเปล่า จริงๆ แล้วดิฉันเคยขอให้นักสืบอีกคนสืบให้ แล้วเขาก็สรุปว่าสามีดิฉันไม่ได้นอกใจ แต่ดิฉันรู้สึกว่ามีอะไรไม่ชอบมาพากล... ดิฉันเลยอยากได้ความเห็นจาก นักสืบคนที่สองดูบ้าง ดิฉันรู้ว่าออฟฟิศคุณอยู่ที่ไหน เดี๋ยวดิฉันจะแวะไปนะคะ
34-1441	side_case_side_case_request	My name is Ohata. I have an urgent request. I'll be waiting at Café Mijore at Nakamichi Street. Could you please come? Please look for a man in glasses wearing a brown jacket with green pants. Sorry for the inconvenience. Thank you.	ผมชื่อโอฮาตะ ผมมีเรื่องด่วนอยากขอให้คุณช่วย ผมจะรอที่คาเฟ่มิโจเระ บนถนนนากามิจิ กรุณามาหน่อยได้ไหมครับ ช่วยหาผู้ชายใส่แว่น สวมแจ็คเก็ตสีน้ำตาลกับกางเกงสี เขียวด้วยนะครับ ขอโทษที่ต้องรบกวนนะครับ ขอบคุณครับ
34-1442	side_case_side_case_request	It's Ohata. Thank you for the other day. It happened again, and I'd like to leave it in your hands. I'll be waiting at Café Mijore at Nakamichi Street. Thank you.	นี่โอฮาตะเองครับ ขอบคุณสำหรับเมื่อครั้งก่อนนะครับ มันเกิดขึ้นอีกแล้ว ผมเลยอยากฝากเรื่องนี้ไว้ในมือ คุณอีกครั้ง ผมจะรอที่คาเฟ่มิโจเระ บนถนนนากามิจิ ขอบคุณครับ
34-1443	side_case_side_case_request	It's Ohata. Thanks for last time. I'm sorry, but can I ask you to do it again? I'll be waiting at Café Mijore as usual. Thank you.	นี่โอฮาตะเองครับ ขอบคุณสำหรับครั้งที่แล้วนะครับ ขอโทษด้วยนะ แต่ผมขอให้คุณช่วยอีกครั้งได้ไหมครับ ผมจะรอที่คาเฟ่มิโจเระเหมือนเคย ขอบคุณครับ
34-1444	side_case_side_case_request	Hiranuma	ฮิรานุมะ
34-1445	side_case_side_case_request	I need a photographer I can trust, and Yagami-san, you're the man. This one's kind of big, so can I save the details for later? Meet me at Beef Zone tonight, if you could. Thanks.	ผมต้องการช่างภาพที่ไว้ใจได้ ยากามิซัง คุณนี่แหละที่ใช่เลย เรื่องนี้ค่อนข้างใหญ่ ขอเก็บรายละเอียดไว้คุยทีหลังได้ไหม มาเจอผมที่บีฟโซนคืนนี้นะ ถ้าคุณสะดวก ขอบคุณ
34-1446	side_case_side_case_request	<symbol=case_file_subhead> Befriend Hiranuma	<symbol=case_file_subhead> ผูกมิตรกับฮิรานุมะ
34-1447	side_case_side_case_request	My name is Fuyuhiko Tanaka. I would like to talk to you about helping me look for someone. I'll be waiting at M Side Cafe, in a navy jacket with a purple shirt. Thank you.	ผมชื่อฟุยุฮิโกะ ทานากะ ผมอยากคุยกับคุณเรื่องขอให้ช่วย ตามหาใครสักคน ผมจะรอที่เอ็ม ไซด์ คาเฟ่ ใส่แจ็คเก็ตสีกรมท่ากับเสื้อสีม่วง ขอบคุณครับ
34-1448	side_case_side_case_request	Ghost Capture Request	คำขอจับผี
34-1449	side_case_side_case_request	I heard a rumor that a ghost appears in the apartment I plan to move in next month. No one said anything about that in the lease. Please capture the ghost to prove the place is haunted! Please come to Quadra Garden on the first floor of Hotel New Deborah at night. I'll be waiting, wearing a hoodie with a heart-mark on it.	ผมได้ยินข่าวลือว่ามีผีออกมาใน อพาร์ตเมนต์ที่ผมกะจะย้ายเข้าไปเดือน หน้า ไม่มีใครพูดถึงเรื่องนี้ใน สัญญาเช่าเลย ช่วยจับผีเพื่อพิสูจน์ว่า ที่นั่นมีผีสิง หน่อยนะครับ มาที่ควอดราการ์เดนชั้นหนึ่งของโรงแรม นิวเดโบราห์ตอนกลางคืนนะครับ ผมจะรอ สวมเสื้อฮู้ดมีลายหัวใจอยู่
34-1450	side_case_side_case_request	I Got Honey Trapped!	ฉันโดนสาวลวงต้มเข้าแล้ว
34-1451	side_case_side_case_request	I was tricked by a woman into a trap. Think you can find proof it was a trap? If not, my life is over. Please uncover that woman's evil true nature! Please, I'm begging you! I'll come by your office!	ผมถูกผู้หญิงคนหนึ่งหลอกล่อ เข้าไปในกับดัก คุณคิดว่าจะหาหลักฐานได้ไหมว่า มันเป็นกับดัก ถ้าหาไม่ได้ ชีวิตผมจบเห่แน่ ช่วยเปิดเผยธาตุแท้ชั่วร้ายของ ผู้หญิงคน นั้นด้วย ได้โปรด ผมขอร้องล่ะ ผมจะแวะไปที่ออฟฟิศคุณ
34-1452	side_case_side_case_request	So Much Murder	ฆาตกรรมเกลื่อนเมือง
34-1453	side_case_side_case_request	Owner of Koi Bride	เจ้าของร้านโคอิไบรด์
34-1454	side_case_side_case_request	I want you to solve a mystery that happened at my store. It's a murder, and it involves... dismemberment. I can't talk about this to the police for... reasons. That's why I want to leave it to your capable hands, great detective. Solve the mystery of this case and capture the true culprit. I'll be waiting in front of Koi Bride.	อยากให้คุณช่วยไขปริศนาที่ เกิดขึ้นที่ร้านของฉัน เป็นคดีฆาตกรรมที่เกี่ยวข้องกับ... การชำแหละศพ ไม่สามารถบอกเรื่องนี้กับตำรวจ ได้เพราะ... มีเหตุผลบางอย่าง เพราะแบบนั้นเลยอยากฝากเรื่อง นี้ไว้ในมือที่มีฝีมือของคุณ นักสืบผู้เก่งกาจ ช่วยไขปริศนาคดีนี้แล้วจับตัว คนร้ายตัวจริงให้ได้ด้วย จะรอคุณอยู่หน้าร้านโคอิไบรด์
34-1455	side_case_side_case_request	Takayuki Yagami, I await you at Little Asia. Come.	ทาคายูกิ ยากามิ ฉันรอนายอยู่ที่ลิตเติลเอเชีย มาเถอะ
34-1456	side_case_side_case_request	Clear 49 side cases.	ทำซับเคสให้สำเร็จ 49 เคส
34-1457	side_case_side_case_request	A Valuable Cat	แมวล้ำค่า
34-1458	side_case_side_case_request	I want you to find a certain cat. It's a very special cat, but I can't seem to capture it. Please, you must do this. Additionally, I should mention that in case the contents of this request leaks to outsiders, a great danger may befall you. I ask you to please keep it a secret. Please come to the roof of the building that houses the izakaya called Happy Family on Senryo Avenue, and come alone.	ผมอยากให้คุณช่วยหาแมวตัวหนึ่ง มันเป็นแมวที่พิเศษมาก แต่ผมจับมันไม่ได้เลย ได้โปรด คุณต้องทำสิ่งนี้ให้ผม แล้วก็อีกอย่าง ถ้าเนื้อหาของคำขอนี้หลุดไปถึงคนนอก อาจมีอันตรายร้ายแรงเกิดขึ้นกับคุณได้ ผมขอให้เก็บเป็นความลับด้วยนะครับ กรุณามาที่ดาดฟ้าของตึกที่มี ร้านอิซากา ยะชื่อแฮปปี้แฟมิลี่อยู่ บนถนนเซ็นเรียว แล้วมาคนเดียวนะครับ
34-1459	side_case_side_case_request	Background Investigation of My Son's Wife	สืบประวัติภรรยาของลูกชายฉัน
34-1460	side_case_side_case_request	Please investigate whether or not my son's wife is trying to kill my son. Ever since my son got married, he's been struck with no shortage of misfortunes. I'm suspecting the wife has something to do with it. I'll be waiting at Café Alps, wearing a pink coat and jeans.	ช่วยสืบดูหน่อยว่าภรรยาของ ลูกชายฉันกำลังพยายามฆ่า ลูกชายฉันอยู่หรือเปล่า ตั้งแต่ลูกชายฉันแต่งงาน เขาก็เจอเรื่องโชคร้ายไม่หยุดหย่อนเลย ฉันสงสัยว่าภรรยาของเขาต้อง มีส่วนเกี่ยวข้องกับเรื่องนี้ แน่ๆ ฉันจะรอที่คาเฟ่อัลป์ส สวมเสื้อโค้ทสีชมพูกับกางเกงยีนส์
34-1461	side_case_side_case_request	Job Request	คำขอจ้างงาน
34-1462	side_case_side_case_request	I heard the Yagami Detective Agency is the best detective agency in Kamurocho from the master of Tender. Come to Hills Garden on Park Boulevard.	ผมได้ยินมาจากเจ้าของร้านเทนเดอร์ว่า สำนักงานนักสืบยากามิเป็น สำนักงานนักสืบที่ดีที่สุด ในคามุโรโจ มาที่ฮิลส์การ์เดนบน ถนนปาร์คบูเลอวาร์ดสิ
34-1463	talk_question_text	(I have to figure out the cause of death first. This has gotta be it...)	(ต้องหาสาเหตุการตายก่อนเลย เรื่องนี้แหละที่ใช่...)
34-1464	talk_question_text	(Something's not right. If this is where the murder happened, where is the blood?)	(มีอะไรแปลกๆ ถ้าที่นี่เป็นที่เกิดเหตุฆาตกรรมจริง เลือดอยู่ไหนล่ะ?)
34-1465	talk_question_text	(Come to think of it, where are the victim's possessions, like a wallet or cellphone?)	(คิดได้แล้ว ของส่วนตัวเหยื่ออย่างกระเป๋าเงินหรือ มือถือมันอยู่ไหน?)
34-1466	talk_question_text	(Kume's body was moved here after he died. There was something in this picture that showed that.)	(ศพของคุเมะถูกย้ายมาที่นี่หลังจากตาย มีอะไรในรูปนี้ที่บอกเรื่องนั้น)
34-1467	talk_question_text	(Let's find the research wing where Shono is and a path that leads to that area.)	(ไปหาตึกวิจัยที่โชโนะอยู่ กับทางที่จะพาไปถึงที่นั่นกันเถอะ)
34-1468	talk_question_text	(Is there anywhere I can sneak into the hospital?)	(มีที่ไหนที่ฉันจะแอบเข้าไปใน โรงพยาบาลได้บ้าง?)
34-1469	talk_question_text	(What evidence would prove these thieves are anything but righteous?)	(มีหลักฐานอะไรที่พิสูจน์ได้ว่า พวกโจรนี้ ไม่ใช่คนดีเลยสักนิด?)
34-1470	talk_question_text	(What evidence would contradict the statement that these thieves are poor?)	(มีหลักฐานอะไรที่ขัดกับคำ กล่าวว่าพวกโจร พวกนี้จน?)
34-1471	talk_question_text	(What evidence can prove how Karin-chan really feels?)	(มีหลักฐานอะไรที่พิสูจน์ได้ว่า คารินจัง รู้สึกยังไงกันแน่?)
34-1472	talk_question_text	(What evidence could prove Mafuyu didn't eat the cake this morning?)	(มีหลักฐานอะไรที่พิสูจน์ได้ว่า มาฟุยุไม่ ได้กินเค้กเมื่อเช้า?)
34-1473	talk_question_text	(What else disappeared from the fridge besides the cake?)	(มีอะไรอีกที่หายไปจากตู้เย็น นอกจากเค้ก?)
34-1474	talk_question_text	(What evidence explains why Genda-sensei threw away three milk cartons at the same time?)	(มีหลักฐานอะไรที่อธิบายได้ว่าทำไม อาจารย์เก็นดะถึงทิ้งกล่องนมสามกล่อง พร้อมกัน?)
34-1475	talk_question_text	(What evidence raises the possibility that Wakahara was involved in another crime?)	(มีหลักฐานอะไรที่ทำให้สงสัยว่า วาคาฮาระ เกี่ยวข้องกับอาชญากรรมอีกคดี?)
34-1476	talk_question_text	(What evidence raises the possibility Kaneda was involved in a cover-up at the crime scene?)	(มีหลักฐานอะไรที่ทำให้สงสัยว่าคาเนดะ มีส่วนปกปิดที่เกิดเหตุ?)
34-1477	talk_question_text	(What evidence would point to Kaneda throwing away the robber's sneakers?)	(มีหลักฐานอะไรที่ชี้ว่าคาเนดะทิ้ง รองเท้าผ้าใบของโจรไป?)
34-1478	talk_question_text	(What evidence proves Daisuke here is the culprit?)	(มีหลักฐานอะไรที่พิสูจน์ว่าไดสุ เกะคนนี้ คือผู้กระทำ?)
34-1479	talk_question_text	(What evidence proves Kamaukura here is the culprit?)	(มีหลักฐานอะไรที่พิสูจน์ว่าคามา อูคุระคน นี้คือผู้กระทำ?)
34-1480	talk_question_text	(What evidence proves Nishimura here is the culprit?)	(มีหลักฐานอะไรที่พิสูจน์ว่านิชิมุระคน นี้คือผู้กระทำ?)
34-1481	talk_question_text	(What evidence proves this man is involved?)	(มีหลักฐานอะไรที่พิสูจน์ว่าชาย คนนี้มีเอี่ยว?)
34-1482	talk_question_text	The location of the body and the murder scene aren't the same place. This proves it...	ที่พบศพกับที่เกิดเหตุฆาตกรรม ไม่ใช่ที่ เดียวกัน หลักฐานที่พิสูจน์คือ...
34-1483	talk_question_text	What was Shintani doing before he died? I have some evidence that might help.	ชินทานิทำอะไรอยู่ก่อนตาย ฉันมีหลักฐานที่อาจช่วยได้
34-1484	talk_question_text	There's a piece of evidence I should focus on if I want Okubo found innocent.	มีหลักฐานชิ้นหนึ่งที่ต้องโฟกัส ถ้าอยากให้โอคุโบะพ้นผิด
34-1485	talk_question_text	There's no way Shono could've checked on Waku. And this proves it.	ไม่มีทางที่โชโนะจะไปดูวาคุได้ และนี่คือสิ่งที่พิสูจน์
34-1486	talk_question_text	The evidence that proves Hamura was involved in the Kyorei Clan attack is...	หลักฐานที่พิสูจน์ว่าฮามุระเกี่ยวข้อง กับการโจมตีของตระกูลเคียวเรอิคือ...
34-1487	talk_question_text	The ADDC's secret leaked, and this is what proves it...	ความลับของ ADDC หลุดออกไป และนี่คือสิ่งที่พิสูจน์...
34-1488	talk_question_text	The evidence that proves Ichinose ordered the murders through the Mole is...	หลักฐานที่พิสูจน์ว่าอิจิโนเสะสั่งฆ่า ผ่านไส้ศึกคือ...
34-1489	talk_question_text	(A murder where both the perpetrator and the victim are yakuza...\nNo time to mess around. I need to get to the core of this case.)	(คดีฆาตกรรมที่ทั้งคนร้ายและ เหยื่อเป็นยากูซ่า...\nไม่มีเวลามาเล่นๆ ต้องเจาะให้ถึงแก่นของคดีนี้ให้ได้)
34-1490	talk_question_text	(Why was it Captain Hamura who got arrested? Let's not waste\nany time getting to the bottom of this.)	(ทำไมถึงเป็นกัปตันฮามุระที่ถูกจับ?\nอย่าเสียเวลาไปหาความจริงให้ ถึงที่สุดกันเถอะ)
34-1491	talk_question_text	(There's something only this guy can answer,\nso let's start with that.)	(มีบางอย่างที่มีแค่หมอนี่ตอบได้\nงั้นเริ่มจากตรงนั้นก่อนดีกว่า)
34-1492	talk_question_text	(Saving Seiya's sister is top priority. Gotta get the info\nI need, and fast.)	(การช่วยน้องสาวของเซยะคือเรื่อง สำคัญที่สุด ต้องเอาข้อมูล\nที่ต้องการมาให้ได้ ไวๆด้วย)
34-1493	talk_question_text	(Not too bad shooting the breeze with a dirty cop.\nBut I need to learn about last night's shooting.)	(คุยเล่นๆกับตำรวจสายเน่าก็ไม่แย่นะ\nแต่ต้องรู้เรื่องการยิงเมื่อคืนก่อน)
34-1494	talk_question_text	(Who can I ask that would know where to find a killer\ndessert in Kamurocho?)	(จะถามใครดีที่รู้ว่าของหวานสุดเทพ\nอยู่ที่ไหนในคามุโรโจ?)
34-1495	talk_question_text	(Something that Saori-san would die for... What words would\nget me closer?)	(อะไรสักอย่างที่ซาโอริซังยอมตาย เพื่อมัน... คำพูดแบบไหน\nที่จะทำให้เข้าใกล้เรื่องนั้นได้?)
34-1496	talk_question_text	(Have to keep in mind that this is a classy club.)	(ต้องจำไว้ว่านี่คือคลับหรู)
34-1497	talk_question_text	(Mika's struggling. I need to back her up without\nkilling the mood.)	(มิกะกำลังลำบาก ต้องช่วยหนุนเธอ\nโดยไม่ทำลายบรรยากาศ)
34-1498	talk_question_text	(Today, I'm a hostess. A glass should never be left empty!)	(วันนี้ผมคือโฮสเตส แก้วต้องไม่มีวันว่างเปล่า!)
34-1499	talk_question_text	(I bet Mika would be thrilled if he ordered a bottle.)	(เดาว่ามิกะต้องดีใจแน่ถ้าเขา สั่งเหล้าเป็นขวด)
34-1500	talk_question_text	(I know this. It's the name of the ADDC employee who was\nkilled six months ago.)	(ผมรู้เรื่องนี้ มันคือชื่อพนักงาน ADDC ที่\nถูกฆ่าไปเมื่อหกเดือนก่อน)
34-1501	talk_question_text	(Who was with Hashiki in Kamurocho the night he got killed?)	(ใครอยู่กับฮาชิกิที่คามุโรโจคืน ที่เขาถูกฆ่า?)
34-1502	talk_question_text	(The guy at the casino told me\nhow many times I'm supposed to knock.)	(หมอนี่ที่คาสิโนบอกผมไว้\nว่าต้องเคาะกี่ครั้ง)
34-1503	talk_question_text	(The second part of the password was...)	(ส่วนที่สองของรหัสผ่านคือ...)
34-1504	talk_question_text	(The last part of the password. Man, I'm getting hungry!)	(ส่วนสุดท้ายของรหัสผ่าน โอ๊ย หิวขึ้นมาเลย!)
34-1505	talk_question_text	(Who could have brought a simple researcher like Shono\nin contact with the yakuza?)	(ใครกันที่พานักวิจัยธรรมดาอย่างโชโนะ\nไปติดต่อกับยากูซ่าได้?)
34-1506	talk_question_text	(When would have been the first time that Shono used the Mole to kill someone?)	(ครั้งแรกที่โชโนะใช้ไส้ศึกฆ่าคน คือตอนไหนกันนะ?)
34-1507	talk_question_text	(He isn't even trying to hide his ulterior motives.\nNormally I'd just give him my usual silent glare, but...)	(หมอนี่ไม่พยายามจะซ่อนเจตนา แอบแฝงเลยด้วยซ้ำ\nปกติผมคงจ้องเขาเงียบๆแบบที่ทำ เป็นประจำ แต่...)
34-1508	talk_question_text	(I need to keep this interview rolling, which means\nasking questions that pique Kido's interest.)	(ต้องคุยสัมภาษณ์นี้ต่อไปให้ได้ นั่นแปลว่า\nต้องถามคำถามที่ทำให้คิโดะสนใจ)
34-1509	talk_question_text	(I told myself I'd do anything if it meant bringing these monsters to justice.\nRight now, that means getting Kido to show his true nature!)	(บอกตัวเองไว้ว่าจะทำทุกอย่าง ถ้ามันหมายถึงการเอาไอ้พวกปีศาจ นี้เข้าคุก\nตอนนี้แปลว่าต้องทำให้คิโดะเผย ธาตุแท้ออกมา!)
34-1510	pause_tutorial	Finish the Battle!	จบการต่อสู้!
34-1511	pause_tutorial	Chasing Targets	การไล่ล่าเป้าหมาย
34-1512	pause_tutorial	When a target runs, well, so do you.\nNavigate the city without bumping into obstacles by performing the prompted <input_device_not=KEYBOARD_AND_MOUSE><symbol=button_l_stick></input_device_not><input_device=KEYBOARD_AND_MOUSE><symbol=button_ls_up><symbol=button_ls_left><symbol=button_ls_down><symbol=button_ls_right></input_device> and button inputs correctly to catch up with your target. The distance gauge tracks how far away the target needs to get before you lose them.	เมื่อเป้าหมายวิ่งหนี คุณก็ต้องวิ่งตามเช่นกัน\nฝ่าเมืองโดยไม่ชนสิ่งกีดขวาง ด้วยการกดปุ่ม <input_device_not=KEYBOARD_AND_MOUSE><symbol=button_l_stick></input_device_not><input_device=KEYBOARD_AND_MOUSE><symbol=button_ls_up><symbol=button_ls_left><symbol=button_ls_down><symbol=button_ls_right></input_device> ตามจังหวะที่กำหนดให้ถูกต้อง เพื่อไล่ล่าเป้าหมายให้ทัน มาตรวัดระยะห่างจะบอกว่า เป้าหมายต้องห่างออกไปแค่ไหน ก่อนที่คุณจะทำเป้าหมายหลุดมือ
34-1513	pause_tutorial	Capturing Targets	การจับกุมเป้าหมาย
34-1514	pause_tutorial	Capture fleeing targets by pressing <symbol=button_maru> as soon as you get close enough.\n\nHere, try capturing this target right now.	จับกุมเป้าหมายที่หลบหนีด้วยการกด <symbol=button_maru> ทันทีที่เข้าใกล้พอ\n\nลองจับกุมเป้าหมายนี้ดูตอนนี้เลย
34-1515	pause_tutorial	Attack	พลังโจมตี
34-1516	pause_tutorial	Blocking Attacks	การป้องกันการโจมตี
34-1517	pause_tutorial	Hold <Sign:6> to guard against incoming attacks. Guarding is particularly important for surviving tough fights, <color=striking>since the game will end when you run out of health</color>.\nFurthermore, blocking enemies leaves them open to attack, so be sure to put up your guard when necessary.	กด <Sign:6> ค้างไว้เพื่อป้องกันการโจมตีที่เข้ามา การป้องกันสำคัญมากสำหรับการ เอาชีวิตรอดในการต่อสู้ที่ ยากลำบาก <color=striking>เพราะเกมจะจบลงเมื่อพลังชีวิต ของคุณหมด</color>\nนอกจากนี้ การป้องกันศัตรูยังเปิดช่องให้ โจมตีสวนกลับได้ ดังนั้นอย่าลืมยกการ์ดเมื่อจำเป็น
34-1518	pause_tutorial	Locking onto Targets	การล็อกเป้าหมาย
34-1519	pause_tutorial	Lock onto an enemy by holding <symbol=button_r1> and strafe around with <input_device_not=KEYBOARD_AND_MOUSE><symbol=button_l_stick></input_device_not><input_device=KEYBOARD_AND_MOUSE><symbol=button_ls_up><symbol=button_ls_left><symbol=button_ls_down><symbol=button_ls_right></input_device>	ล็อกเป้าศัตรูด้วยการกดค้าง <symbol=button_r1> แล้วเคลื่อนที่รอบตัวด้วย <input_device_not=KEYBOARD_AND_MOUSE><symbol=button_l_stick></input_device_not><input_device=KEYBOARD_AND_MOUSE><symbol=button_ls_up><symbol=button_ls_left><symbol=button_ls_down><symbol=button_ls_right></input_device>
34-1520	pause_tutorial	Evading Attacks	การหลบการโจมตี
34-1521	pause_tutorial	Lock on by holding <symbol=button_r1> and press <symbol=button_batsu>	ล็อกเป้าด้วยการกดค้าง <symbol=button_r1> แล้วกด <symbol=button_batsu>
34-1522	pause_tutorial	Attack enemies to charge up the <color=striking>EX Gauge</color> at the top-left corner of the screen. Having at least 1 segment of the EX Gauge charged will allow you to use EX Actions.\nWhenever "<Sign:1> EX Action" pops up onscreen (such as when an enemy is knocked down, grabbed, near a wall, or holding a weapon), press <Sign:1> to unleash one of the many <color=striking>EX Actions</color> in your arsenal.	โจมตีศัตรูเพื่อสะสม<color=striking>เกจ EX</color>ที่มุมซ้ายบนของจอ เมื่อเกจ EX สะสมได้อย่างน้อย 1 ช่อง จะสามารถใช้ EX Action ได้\nเมื่อ "<Sign:1> EX Action" ขึ้นบนจอ (เช่น ตอนศัตรูล้มลง ถูกจับตัว อยู่ใกล้กำแพง หรือถืออาวุธ) ให้กด <Sign:1> เพื่อปล่อย<color=striking>EX Action</color>อย่างใดอย่างหนึ่งจากคลังท่าของคุณ
34-1523	pause_tutorial	For starters, press <symbol=button_sankaku> while holding a weapon or knocking down an enemy and "<Sign:1> EX Action" is displayed.	เริ่มต้นง่าย ๆ กด <symbol=button_sankaku> ตอนถืออาวุธหรือทำให้ศัตรูล้มลง พร้อมกับที่มีข้อความ "<Sign:1> EX Action" ปรากฏขึ้น
34-1524	pause_tutorial	The Way of the <color=blue>Crane</color> and <color=red>Tiger</color>	วิถีแห่ง<color=blue>กระเรียน</color>และ<color=red>เสือ</color>
34-1525	pause_tutorial	Yagami can utilize two distinct combat styles: <color=blue>Crane</color> and <color=red>Tiger</color>.\nCrane is particularly effective against <color=blue>large groups</color>, whereas Tiger is most effective against<color=red> a single opponent</color></color>.	ยากามิใช้สไตล์การต่อสู้ได้สองแบบ: <color=blue>กระเรียน</color> และ <color=red>เสือ</color>\nกระเรียนได้ผลดีเป็นพิเศษกับ <color=blue>กลุ่มศัตรูจำนวนมาก</color> ส่วนเสือได้ผลดีที่สุดกับ<color=red>ศัตรูเดี่ยว</color></color>
34-1526	pause_tutorial	You can perform a <color=striking>Wall Jump</color> by pressing <Sign:3> to sprint toward a wall.\nOn top of being able to Wall Strike by pressing <Sign:2>, you can also perform <Sign:1>/<Sign:0> attacks or even EX Actions out of a Wall Jump after acquiring certain skills.	คุณทำ<color=striking>กระโดดกำแพง</color>ได้ด้วยการกด <Sign:3> เพื่อพุ่งเข้าหากำแพง\nนอกจากจะโจมตีกำแพงได้ด้วยการกด <Sign:2> แล้ว คุณยังโจมตีด้วย <Sign:1>/<Sign:0> หรือแม้แต่ใช้ EX Action จากการกระโดดกำแพงได้หลัง ปลดล็อกทักษะบางอย่าง
34-1527	pause_tutorial	Press <symbol=button_batsu> to sprint toward a wall, and then press <symbol=button_shikaku> as you kick off it	กด <symbol=button_batsu> เพื่อพุ่งเข้าหากำแพง แล้วกด <symbol=button_shikaku> ตอนเตะตัวออกจากกำแพง
34-1528	pause_tutorial	You can spend SP to boost base stats, such as Health and Attack, or learn various Battle Skills. <color=striking>There are also some skills that you must unlock by meeting certain requirements.</color> For the time being, try learning Wall Jump Finisher from your Battle Skills.	คุณใช้ SP เพิ่มค่าพื้นฐาน เช่น เลือดและพลังโจมตี หรือเรียนรู้ทักษะการต่อสู้ต่าง ๆ ได้ <color=striking>บางทักษะต้องทำตามเงื่อนไขที่ กำหนดก่อนถึงจะปลดล็อกได้</color> ตอนนี้ลองเรียนรู้ท่าจบกระโดด กำแพงจากทักษะการต่อสู้ของคุณดู สิ
34-1529	pause_tutorial	Mortal Wounds	บาดแผลสาหัส
34-1530	pause_tutorial	You will receive a <color=striking>Mortal Wound</color> when stabbed, shot, or hit with <color=striking>Deadly Attacks</color> (performed by enemies with intense auras).\nThough Mortal Wounds cannot be restored by eating or using recovery items, you can treat them by either <color=green>visiting a doctor</color> somewhere in Kamurocho or using a <color=green>Medical Kit</color>.	คุณจะได้รับ<color=striking>บาดแผลสาหัส</color>เมื่อถูกแทง ถูกยิง หรือโดน<color=striking>การโจมตีร้ายแรง</color> (ท่าที่ศัตรูออร่าพลุ่งพล่านใช้)\nแม้บาดแผลสาหัสจะฟื้นฟูด้วยการ กินหรือใช้ไอเทมฟื้นฟูไม่ได้ แต่คุณรักษาได้ด้วยการ<color=green>ไปหาหมอ</color> ที่ไหนสักแห่งในคามุโรโจ หรือใช้<color=green>ชุดปฐมพยาบาล</color>
34-1531	pause_tutorial	After charging up the EX Gauge, press <symbol=button_r2> to activate <color=striking>EX Boost</color>.\nDuring EX Boost, your attack speed is increased and you become less likely to recoil from attacks since the EX Gauge <color=striking>absorbs your damage (Even Deadly Attacks)</color>.\n\nMoveover, changing combat styles during EX Boost will allow you to cancel out of almost any movement you're doing.	หลังสะสมเกจ EX เต็มแล้ว กด <symbol=button_r2> เพื่อเปิดใช้<color=striking>EX Boost</color>\nระหว่าง EX Boost ความเร็วการโจมตีของคุณจะเพิ่มขึ้น และสะดุ้งจากการโจมตีได้ยากขึ้น เพราะเกจ EX จะ<color=striking>ดูดซับความเสียหาย (แม้แต่การโจมตีร้ายแรง)</color>ไว้แทน\n\nยิ่งไปกว่านั้น การเปลี่ยนสไตล์การต่อสู้ระหว่าง EX Boost จะช่วยยกเลิกท่วงท่าที่คุณกำลัง ทำอยู่ได้แทบทุกแบบ
34-1532	pause_tutorial	Dealing with the Keihin Gang	จัดการแก๊งเคฮิน
34-1533	pause_tutorial	Impudent <color=striking>Keihin Gang</color> members constantly prowl the streets in search of Yagami's whereabouts.\nYou can choose to ignore these goons, but deciding to teach them a lesson will net you SP and items.\n\nBe aware that the cops will come running if you take too long to win. If that happens, it's time to get the hell out of there.	สมาชิก<color=striking>แก๊งเคฮิน</color> จอมอวดดีป้วนเปี้ยนตามหาตัว ยากามิอยู่ทั่วท้องถนน\nคุณจะเมินพวกอันธพาลนี้ก็ได้ แต่ถ้าตัดสินใจสั่งสอนพวกมันจะได้ SP และไอเทมเป็นรางวัล\n\nระวังไว้ด้วยว่าตำรวจจะวิ่งมา ถ้าคุณสู้นานเกินไป ถ้าเกิดเหตุนั้นขึ้น ถึงเวลาต้องรีบหนีออกจากที่นั่นแล้ว
34-1534	pause_tutorial	Depending on where you are in the story and how much time has passed, there may be more Keihin Gang members swarming the streets than usual. When the <color=striking>Threat Level</color> is present, your chance of encountering Keihin Gang members is higher.\n\nPowerful <color=striking>Keihin Gang leaders</color> will show up in the city as long as the Threat Level is present.	ขึ้นอยู่กับว่าคุณอยู่จุดไหนของ เนื้อเรื่องและเวลาผ่าน ไปนานแค่ไหน อาจมีสมาชิกแก๊งเคฮินกรูกันเต็ม ท้องถนนมากกว่าปกติ เมื่อมี<color=striking>ระดับภัยคุกคาม</color>ปรากฏขึ้น โอกาสเจอสมาชิกแก๊งเคฮินจะสูงขึ้น\n\n<color=striking>หัวหน้าแก๊งเคฮิน</color> ตัวฉกาจจะโผล่มาในเมือง ตราบใดที่ยังมีระดับภัยคุกคามอยู่
34-1535	pause_tutorial	Keihin Gang Leaders	หัวหน้าแก๊งเคฮิน
34-1536	pause_tutorial	When the Threat Level is onscreen, not only will there be a crazy amount of Keihin Gang members \nwandering around town, but the <color=striking>Keihin Gang leaders</color> will also show up somewhere in town.\n\nIn order to reduce the Threat Level, you must either defeat those leaders or wait for some time to pass.\nIf you do manage to defeat the leaders, you'll receive a reward from some very grateful locals.	เมื่อระดับภัยคุกคามปรากฏบนจอ ไม่ใช่แค่จะมีสมาชิกแก๊งเคฮิน เพ่นพ่านเต็มเมือง \nไปหมด แต่<color=striking>หัวหน้าแก๊งเคฮิน</color> ก็จะโผล่มาที่ไหนสักแห่งในเมืองด้วย\n\nถ้าต้องการลดระดับภัยคุกคาม คุณต้องเอาชนะหัวหน้าเหล่านั้น หรือรอเวลาผ่านไปสักพัก\nถ้าเอาชนะหัวหน้าได้สำเร็จ คุณจะได้รับรางวัลจากชาวเมือง ที่ซาบซึ้งใจ
34-1537	pause_tutorial	Drinking a medicinal extract will temporarily imbue you with one form of power or another.\n\nFor starters, try using the <color=striking>Thunder Strike Extract</color>, which can be found in Items app under Recovery Items. This will let your Crane attacks break the enemy's guard.	การดื่มสารสกัดยาจะเสริมพลังบาง รูปแบบให้คุณชั่วคราว\n\nเริ่มต้นลองใช้<color=striking>สารสกัดสายฟ้าฟาด</color>ดูก่อน หาได้ในแอปไอเทม หมวดไอเทมฟื้นฟู ท่านี้จะทำให้การโจมตี ท่ากระเรียนของคุณทลายการ์ด ศัตรูได้
34-1538	pause_tutorial	Go to the Recovery Items page in the Items app and use the <color=important_a>Thunder Strike Extract</color>.	ไปที่หน้าไอเทมฟื้นฟูในแอปไอเทม แล้วใช้<color=important_a>สารสกัดสายฟ้าฟาด</color>
34-1539	pause_tutorial	Protect Matsugane	ปกป้องมัตสึกาเนะ
34-1540	pause_tutorial	During this battle, enemies will attack Matsugane in an attempt to help Hamura. <color=striking_blk>If Matsugane's health runs out, the game will end.</color> Be aware of your surroundings and protect Matsugane.	ระหว่างการต่อสู้นี้ ศัตรูจะโจมตีมัตสึกาเนะเพื่อ ช่วยฮามุระ <color=striking_blk>ถ้าเลือดของมัตสึกาเนะหมด เกมจะจบทันที</color> ระวังรอบตัวให้ดีและปกป้อง มัตสึกาเนะไว้
34-1541	pause_tutorial	Protect Mafuyu	ปกป้องมาฟุยุ
34-1542	pause_tutorial	During this battle, enemies will target Mafuyu. <color=striking_blk>If Mafuyu's health runs out, the game will end.</color>\nMafuyu will cheer Yagami on, replenishing his <color=green>health</color> and </color>EX Gauge</color>, so be sure to keep her safe.	ระหว่างการต่อสู้นี้ ศัตรูจะเล็งเป้าไปที่มาฟุยุ <color=striking_blk>ถ้าเลือดของมาฟุยุหมด เกมจะจบทันที</color>\nมาฟุยุจะเชียร์ยากามิ ช่วยฟื้นฟู<color=green>เลือด</color>และ</color>เกจ EX</color>ของเขา ดังนั้นคอยปกป้องเธอให้ปลอดภัยด้วย
34-1543	pause_tutorial	Call In the Squad	เรียกกำลังเสริม
34-1544	pause_tutorial	Raising your friendships with the locals will allow you to perform EX Bonds with some of them.\nEX Bonds work the same way as normal EX Actions, but they can only be triggered at the specific location your ally is.\nSo if you find someone in town that you think would make a good ally, definitely get them on your side.	การเพิ่มมิตรภาพกับชาวเมืองจะ ทำให้คุณใช้สายสัมพันธ์ EX กับพวกเขาบางคนได้\nสายสัมพันธ์ EX ทำงานเหมือน EX Action ปกติ แต่จะเรียกใช้ได้เฉพาะตอนอยู่ใน จุดที่พันธมิตรของคุณ อยู่เท่านั้น\nดังนั้นถ้าเจอใครในเมืองที่คิด ว่าจะเป็นพันธมิตรที่ดีได้ อย่าลืมดึงตัวมาเป็นพวกด้วยล่ะ
34-1545	pause_tutorial	Press <Sign:3> while moving to sprint.\nYagami will keep sprinting, so no need to hold it down!	กด <Sign:3> ระหว่างเคลื่อนที่เพื่อวิ่ง\nยากามิจะวิ่งต่อเนื่องเอง ไม่ต้องกดค้างไว้!
34-1546	pause_tutorial	Move the cursor over something or someone you wish to examine and press <symbol=button_r2> to take a closer look.	เลื่อนเคอร์เซอร์ไปที่สิ่งของ หรือคนที่ต้องการตรวจสอบ แล้วกด <symbol=button_r2> เพื่อดูใกล้ ๆ
34-1547	pause_tutorial	Street Battles	การต่อสู้ข้างถนน
34-1548	pause_tutorial	Degenerate lowlifes, ruthless thugs, and all sorts of other scoundrels constantly roam the streets in search of a fight.\nYou can choose to run away from or outright ignore these thugs, but teaching them a lesson will net you some SP and the occasional item.\nBe warned that the cops will show up if your fights take too long, so leave the area immediately if you don't want to end up in jail.	พวกอันธพาลชั้นต่ำ นักเลงไร้ความปรานี และเหล่าคนเลวสารพัดชนิด เพ่นพ่านหาเรื่องตีรันฟันแทง อยู่ทั่วท้องถนน\nคุณจะวิ่งหนีหรือเมินพวกอันธพาล นี้ไปเลยก็ได้ แต่ถ้าสั่งสอนพวกมันจะได้ SP และไอเทมเป็นครั้งคราว\nระวังไว้ด้วยว่าตำรวจจะโผล่มา ถ้าสู้นานเกินไป รีบออกจากพื้นที่ทันทีถ้าไม่ อยากติดคุก
34-1549	pause_tutorial	Once you're done inspecting everything relevant to the case, press <symbol=button_cancel> to finish your investigation.	เมื่อตรวจสอบทุกอย่างที่ เกี่ยวข้องกับคดีเสร็จแล้ว กด <symbol=button_cancel> เพื่อจบการสืบสวน
34-1550	pause_tutorial	Use <input_device_not=KEYBOARD_AND_MOUSE><symbol=button_l_stick> or <symbol=button_up><symbol=button_down></input_device_not><input_device=KEYBOARD_AND_MOUSE><symbol=button_ls_up><symbol=button_ls_down></input_device> to select <color=striking>Work Clothes</color> and press <symbol=button_decide> to change into them.	ใช้ <input_device_not=KEYBOARD_AND_MOUSE><symbol=button_l_stick> หรือ <symbol=button_up><symbol=button_down></input_device_not><input_device=KEYBOARD_AND_MOUSE><symbol=button_ls_up><symbol=button_ls_down></input_device> เพื่อเลือก<color=striking>ชุดทำงาน</color> แล้วกด <symbol=button_decide> เพื่อเปลี่ยนชุด
34-1551	pause_tutorial	Your target may start to act more cautiously, as if they suddenly have an inkling that they're being watched.	เป้าหมายของคุณอาจเริ่ม ระมัดระวังตัวมากขึ้น ราวกับรู้สึกได้ว่ากำลังถูกจับตามอง
34-1552	pause_tutorial	If the target sees you when this happens, the Caution Gauge will start spiking. Failing to get out of sight in time will cost you the mission.	ถ้าเป้าหมายเห็นคุณตอนนั้น เกจระวังตัวจะพุ่งขึ้นทันที ถ้าหลบสายตาไม่ทันจะทำภารกิจล้มเหลว
34-1553	pause_tutorial	Your target won't be able to find you while you're taking cover, so press <symbol=button_maru> to hide behind a<color=yellow> Cover Spot</color>.	เป้าหมายจะหาคุณไม่เจอขณะที่คุณ กำบังตัวอยู่ ดังนั้นกด <symbol=button_maru> เพื่อหลบหลัง<color=yellow> จุดกำบัง</color>
34-1554	pause_tutorial	You won't be able to move while hiding, so find the right time to <color=yellow>emerge</color> by pressing <symbol=button_maru> so your target doesn't completely slip away.	คุณจะขยับตัวไม่ได้ขณะซ่อนตัวอยู่ ดังนั้นจับจังหวะให้ดีแล้ว<color=yellow>โผล่ออกมา</color> ด้วยการกด <symbol=button_maru> เพื่อไม่ให้เป้าหมายหลุดลอยไปเลย
34-1555	pause_tutorial	Move the cursor over the person you wish to examine and hold <symbol=button_r2> to take a closer look.	เลื่อนเคอร์เซอร์ไปที่คนที่ ต้องการตรวจสอบ แล้วกดค้าง <symbol=button_r2> เพื่อดูใกล้ ๆ
34-1556	search_characteristic	Wears a hat	สวมหมวก
34-1557	search_characteristic	Wears glasses	สวมแว่นตา
34-1558	search_characteristic	Wears a work uniform	สวมชุดทำงาน
34-1559	search_characteristic	Middle-aged man	ชายวัยกลางคน
34-1560	search_characteristic	Middle-aged woman	หญิงวัยกลางคน
34-1561	search_characteristic	Has stubble	มีเคราสั้น
34-1562	search_characteristic	Large build	รูปร่างใหญ่
34-1563	search_characteristic	Wears a hunting cap	สวมหมวกล่าสัตว์
34-1564	search_characteristic	Wears a jacket	สวมแจ็คเก็ต
34-1565	search_characteristic	Wears a beanie	สวมหมวกไหมพรม
34-1566	search_characteristic	Almond-shaped eyes	ดวงตารูปอัลมอนด์
34-1567	search_characteristic	Has a mole	มีไฝ
34-1568	search_characteristic	Black-rimmed glasses	แว่นตากรอบดำ
34-1569	search_characteristic	Shaven head	โกนหัวเลี่ยน
34-1570	search_characteristic	Thick stubble	เคราสั้นหนา
34-1571	search_characteristic	Find the camera from the image	ตามหากล้องจากภาพ
34-1572	search_characteristic	Find the drone	ตามหาโดรน
34-1573	search_characteristic	Long, black hair	ผมสีดำยาว
34-1574	search_characteristic	About 160cm tall	สูงประมาณ 160 ซม.
34-1575	search_characteristic	Late teens to early 20s	อายุปลายวัยรุ่นถึงต้นวัย 20
34-1576	search_characteristic	Drooping eyes	ตาหางตก
34-1577	search_characteristic	Mole under left eye	มีไฝใต้ตาซ้าย
34-1578	search_characteristic	Blonde hair	ผมสีบลอนด์
34-1579	search_characteristic	Around 160cm tall	สูงประมาณ 160 ซม.
34-1580	search_characteristic	Mask	หน้ากาก
34-1581	search_characteristic	Sunglasses	แว่นกันแดด
34-1582	search_characteristic	Hooded parka	เสื้อพาร์กามีฮู้ด
34-1583	search_characteristic	Well-built	รูปร่างล่ำ
34-1584	search_characteristic	Skinhead	หัวโล้น
34-1585	search_characteristic	Over 180cm tall	สูงกว่า 180 ซม.
34-1586	search_characteristic	Acting suspiciously	มีท่าทีน่าสงสัย
34-1587	search_characteristic	Short, black hair	ผมสีดำสั้น
34-1588	search_characteristic	Embroidered jacket	แจ็คเก็ตปักลาย
34-1589	search_characteristic	Overweight	รูปร่างอ้วน
34-1590	search_characteristic	Slanted eyes	ตาเฉียง
34-1591	search_characteristic	Square-jawed	กรามเหลี่ยม
34-1592	search_characteristic	Single-edged eyelids	ตาชั้นเดียว
34-1593	search_characteristic	Mole on cheek	มีไฝที่แก้ม
34-1594	search_characteristic	Brown hair	ผมสีน้ำตาล
34-1595	search_characteristic	Medium build	รูปร่างปานกลาง
34-1596	search_characteristic	Blue jacket	แจ็คเก็ตสีน้ำเงิน
34-1597	search_characteristic	Gray suit	สูทสีเทา
34-1598	search_characteristic	Gray slacks	กางเกงขายาวสีเทา
34-1599	search_characteristic	Wears gloves	สวมถุงมือ
34-1600	search_characteristic	Talking on the phone	กำลังคุยโทรศัพท์
34-1601	drone_message	Quit?	ออกหรือไม่?
34-1602	drone_message	Would you like to quit?\nIf you quit, you will automatically earn last place.	ต้องการออกหรือไม่?\nถ้าออก คุณจะได้อันดับสุดท้ายโดยอัตโนมัติ
34-1603	drone_message	Exit minigame?	ออกจากมินิเกมไหม
34-1604	drone_message	Current Rank: <color=#00e6f0>${rank}</color>	อันดับปัจจุบัน: <color=#00e6f0>${rank}</color>
34-1605	drone_message	Round: ${course_index}	รอบ: ${course_index}
34-1606	drone_message	${point} pts	${point} แต้ม
34-1607	drone_message	Beginner League	ลีกมือใหม่
34-1608	drone_message	Amateur League	ลีกสมัครเล่น
34-1609	drone_message	Regular League	ลีกทั่วไป
34-1610	drone_message	Expert League	ลีกผู้เชี่ยวชาญ
34-1611	drone_message	Champion League	ลีกแชมป์
34-1612	drone_message	◆Unlocked new parts.	◆ปลดล็อกชิ้นส่วนใหม่แล้ว
34-1613	drone_message	Customize your drone, hone your skills, and aim for first place!	แต่งโดรนของคุณ ฝึกฝนฝีมือ แล้วมุ่งสู่อันดับหนึ่ง!
34-1614	drone_message	You don't have enough money to develop this.	คุณมีเงินไม่พอสำหรับการพัฒนานี้
34-1615	drone_message	You don't have the materials needed to develop this.	คุณมีวัตถุดิบไม่พอสำหรับการพัฒนานี้
34-1616	drone_message	This has already been developed.	พัฒนาชิ้นนี้ไปแล้ว
34-1617	drone_message	Couldn't find any registered data for rankings.	ไม่พบข้อมูลอันดับที่ลงทะเบียนไว้
34-1618	drone_message	You didn't set the new course record, so your record wasn't uploaded.	คุณไม่ได้ทำสถิติใหม่ของสนาม สถิติของคุณจึงไม่ถูกอัปโหลด
34-1619	drone_message	An error occurred, so the upload was canceled.	เกิดข้อผิดพลาด การอัปโหลดจึงถูกยกเลิก
34-1620	drone_message	An error occurred, so the download was canceled.	เกิดข้อผิดพลาด การดาวน์โหลดจึงถูกยกเลิก
34-1621	drone_message	Congratulations on your victory! Now try challenging the Regular league!	ยินดีด้วยกับชัยชนะ! ลองท้าทายลีกทั่วไปดูสิ!
34-1622	drone_message	Congratulations on your victory! Now try challenging the Expert league!	ยินดีด้วยกับชัยชนะ! ลองท้าทายลีกผู้เชี่ยวชาญดูสิ!
34-1623	drone_message	Congratulations on your victory! Now try challenging the Champion league!	ยินดีด้วยกับชัยชนะ! ลองท้าทายลีกแชมป์ดูสิ!
34-1624	drone_message	Congratulations on your victory and becoming the new champion!	ยินดีด้วยกับชัยชนะและการเป็น แชมป์คนใหม่!
34-1625	drone_message	Congratulations on your victory! Now try challenging the Amateur league!	ยินดีด้วยกับชัยชนะ! ลองท้าทายลีกสมัครเล่นดูสิ!
34-1626	drone_message	Up / Down = Move Forward / Backward\nLeft / Right = Rotate + Move Left / Right	ขึ้น/ลง = เดินหน้า/ถอยหลัง\nซ้าย/ขวา = หมุน + เลื่อนซ้าย/ขวา
34-1627	drone_message	Up / Down = Move Up / Down\nLeft / Right = Move Left / Right	ขึ้น/ลง = เลื่อนขึ้น/ลง\nซ้าย/ขวา = เลื่อนซ้าย/ขวา
34-1628	drone_message	Up / Down = Move Forward / Backward\nLeft / Right = Move Left / Right	ขึ้น/ลง = เดินหน้า/ถอยหลัง\nซ้าย/ขวา = เลื่อนซ้าย/ขวา
34-1629	drone_message	Up / Down = Move Up / Down\nLeft / Right = Rotate	ขึ้น/ลง = เลื่อนขึ้น/ลง\nซ้าย/ขวา = หมุน
34-1630	drone_message	Up / Down = Move Forward / Backward\nLeft / Right = Rotate	ขึ้น/ลง = เดินหน้า/ถอยหลัง\nซ้าย/ขวา = หมุน
34-1631	drone_message	Cost	ค่าใช้จ่าย
34-1632	drone_message	Cost Limit	ลิมิตค่าใช้จ่าย
34-1633	drone_message	New parts available at the Drone Lab.	มีชิ้นส่วนใหม่ที่แล็บโดรนแล้ว
34-1634	drone_message	This can't be activated here.	ใช้งานตรงนี้ไม่ได้
34-1635	drone_message	This can't be activated right now.	ใช้งานตอนนี้ไม่ได้
34-1636	drone_message	World Rank Top 100	อันดับโลก 100 อันดับแรก
34-1637	drone_message	Rival 100	คู่แข่ง 100 อันดับ
34-1638	drone_message	Top 100 Friends	เพื่อน 100 อันดับแรก
34-1639	drone_message	Would you like to quit?\nIf you quit, you will automatically get a game over.	ต้องการออกหรือไม่?\nถ้าออก คุณจะจบเกมโดยอัตโนมัติ
34-1640	drone_message	Restart?	เริ่มใหม่หรือไม่?
34-1641	drone_message	Start the race?	เริ่มการแข่งขันหรือไม่?
34-1642	drone_message	Quit the race?	ออกจากการแข่งขันหรือไม่?
34-1643	drone_message	Change Controls	เปลี่ยนการควบคุม
34-1644	drone_message	Calibrating motion sensor. Please hold the controller flat and press the <symbol=button_decide> button.	กำลังปรับเทียบอาจารย์อร์ ตรวจจับการเคลื่อนไหว กรุณาถือจอยให้ราบแล้วกดปุ่ม <symbol=button_decide>
34-1645	minigame_cabaret_island_coordinate_hair_style	Scruffy	ทรงผมรุงรัง
34-1646	minigame_cabaret_island_coordinate_hair_style	A hairstyle for shy people who want to hide their face. You might be surprised by what you find underneath the glasses.	ทรงผมสำหรับคนขี้อายที่อยากซ่อนหน้า คุณอาจแปลกใจกับสิ่งที่ซ่อนอยู่ ใต้แว่นตา
34-1647	minigame_cabaret_island_coordinate_hair_style	Braided Bob Cut	ทรงบ๊อบถักเปีย
34-1648	minigame_cabaret_island_coordinate_hair_style	A popular style that combines the tame look of the bob cut.	ทรงยอดนิยมที่ผสานความเรียบร้อย ของทรงบ๊อบเข้าไว้ด้วยกัน
34-1649	minigame_cabaret_island_coordinate_hair_style	Low Ponytail	ทรงหางม้าต่ำ
34-1650	minigame_cabaret_island_coordinate_hair_style	An easy-to-do style that draws out the beauty of a mature woman. Its light waviness accentuates the profile.	ทรงที่ทำง่ายซึ่งขับความงามแบบ ผู้หญิงเป็นผู้ใหญ่ ลอนเบา ๆ ช่วยเสริมเส้นสายใบหน้าให้เด่นชัด
34-1651	minigame_cabaret_island_coordinate_hair_style	Soft Wolf	ทรงวูล์ฟนุ่ม
34-1652	minigame_cabaret_island_coordinate_hair_style	A medium style with simple cut on the nape. Its soft look is popular among the boys.	ทรงความยาวปานกลางที่ตัด เรียบง่ายบริเวณต้นคอ ลุคนุ่มนวลที่หนุ่ม ๆ ชื่นชอบ
34-1653	minigame_cabaret_island_coordinate_hair_style	Classical Straight	ทรงตรงคลาสสิก
34-1654	minigame_cabaret_island_coordinate_hair_style	The quintessential ladies' choice! A pure and elegant style that will be forever cherished.	ตัวเลือกสุดคลาสสิกของสาว ๆ! ทรงบริสุทธิ์สง่างามที่จะเป็น ที่รักตลอดกาล
34-1655	minigame_cabaret_island_coordinate_hair_style	Regular Twintails	ทรงเปียคู่มาตรฐาน
34-1656	minigame_cabaret_island_coordinate_hair_style	Twin tails tied at the height of the ears. Not only is it cute, it also gives off an air of sophistication.	ผมเปียคู่มัดสูงระดับหู นอกจากน่ารักแล้วยังแผ่ความ มีระดับด้วย
34-1657	minigame_cabaret_island_coordinate_hair_style	Medium Puffy	ทรงฟูกลาง
34-1658	minigame_cabaret_island_coordinate_hair_style	Despite it seeming heavy at first glance, the curls give a soft impression. A cute, natural, and popular style.	แม้แรกเห็นจะดูหนัก แต่ลอนผมกลับให้ความรู้สึกนุ่มนวล ทรงน่ารักเป็นธรรมชาติที่ได้รับ ความนิยม
34-1659	minigame_cabaret_island_coordinate_hair_style	Curly Updo	ทรงเกล้าลอน
34-1660	minigame_cabaret_island_coordinate_hair_style	A standard style that shows off a girl's beauty.	ทรงมาตรฐานที่โชว์ความงามของสาว ๆ
34-1661	minigame_cabaret_island_coordinate_hair_style	Hostess	โฮสเตส
34-1662	minigame_cabaret_island_coordinate_hair_style	An elegant, gorgeous style especially popular among hostesses.	ทรงหรูหราสง่างามที่ได้รับ ความนิยมเป็นพิเศษในหมู่ฮอสเตส
34-1663	minigame_cabaret_island_coordinate_hair_style	Short	ทรงสั้น
34-1664	minigame_cabaret_island_coordinate_hair_style	This fresh and popular style carries an air of friendliness with it.	ทรงสดใสยอดนิยมที่แผ่ความเป็นมิตร
34-1665	minigame_cabaret_island_coordinate_hair_style	Medium	กลาง
34-1666	minigame_cabaret_island_coordinate_hair_style	Look like the girl next door with this beloved style.	ทรงสุดที่รักที่ให้ลุคสาวข้างบ้าน
34-1667	minigame_cabaret_island_coordinate_hair_style	Twin Ponytails	ทรงหางม้าคู่
34-1668	minigame_cabaret_island_coordinate_hair_style	A innocent look that certain people love.	ลุคใสซื่อที่บางคนหลงรัก
34-1669	minigame_cabaret_island_coordinate_hair_style	Ponytail	ทรงหางม้า
34-1670	minigame_cabaret_island_coordinate_hair_style	A timeless style. May remind customers of their high school sweethearts.	ทรงอมตะ อาจทำให้ลูกค้านึกถึงแฟนสมัยมัธยมปลาย
34-1671	minigame_cabaret_island_coordinate_hair_style	Straight Long	ทรงตรงยาว
34-1672	minigame_cabaret_island_coordinate_hair_style	A classic hair style that exudes both femininity and beauty.	ทรงผมคลาสสิกที่แผ่ทั้งความเป็น หญิงและความงาม
34-1673	minigame_cabaret_island_coordinate_hair_style	Princess Curls	ทรงลอนเจ้าหญิง
34-1674	minigame_cabaret_island_coordinate_hair_style	This mature style has quite a following among younger girls as well.	ทรงผู้ใหญ่ที่มีแฟนคลับในหมู่สาว ๆ วัยน้อยด้วยเช่นกัน
34-1675	minigame_cabaret_island_coordinate_hair_style	Braided	ทรงถักเปีย
34-1676	minigame_cabaret_island_coordinate_hair_style	A traditional style with an innocent vibe. Experience your first love all over again.	ทรงดั้งเดิมกลิ่นอายใสซื่อ ให้คุณสัมผัสรักครั้งแรกอีกครั้ง
34-1677	minigame_cabaret_island_coordinate_hair_style	Idol Cut	ทรงไอดอล
34-1678	minigame_cabaret_island_coordinate_hair_style	A style popularized by a famous idol. Many schoolgirls try to imitate it.	ทรงที่ไอดอลชื่อดังทำให้ฮิต นักเรียนหญิงหลายคนพยายามเลียนแบบ
34-1679	minigame_cabaret_island_coordinate_hair_style	Trendy Long	ทรงยาวแฟชั่น
34-1680	minigame_cabaret_island_coordinate_hair_style	A style with distinctive bangs that was all the rage back in the 80s.	ทรงหน้าม้าเป็นเอกลักษณ์ที่เคย ฮิตสุดขีดในยุค 80
34-1681	minigame_cabaret_island_coordinate_hair_style	Double Bun	ทรงมวยคู่
34-1682	minigame_cabaret_island_coordinate_hair_style	A cute style that boasts a heavy visual impact.	ทรงน่ารักที่มีความโดดเด่นทางสายตาสูง
34-1683	minigame_cabaret_island_coordinate_hair_style	A modern take on an old classic.	การตีความทรงคลาสสิกให้ทันสมัยขึ้น
34-1684	minigame_cabaret_island_coordinate_hair_style	Half Up	ทรงรวบครึ่งหัว
34-1685	minigame_cabaret_island_coordinate_hair_style	Simple, yet sophisticated.	เรียบง่าย แต่ดูมีระดับ
34-1686	minigame_cabaret_island_coordinate_hair_style	A cute, feminine style popular among younger ladies.	ทรงน่ารักสไตล์หญิงสาวที่ได้รับ ความนิยมในหมู่สาว ๆ วัยน้อย
34-1687	minigame_cabaret_island_coordinate_hair_style	Side Down	ทรงปล่อยเอียงข้าง
34-1688	minigame_cabaret_island_coordinate_hair_style	Draws out a girl's feminine charm. Elegant with a hint of cuteness.	ขับความมีเสน่ห์แบบหญิงสาว สง่างามแฝงความน่ารัก
34-1689	minigame_batting_center_course	King of Kamurocho	ราชาแห่งคามุโรโจ
34-1690	minigame_batting_center_course	Hit 7 or more home runs within 10 pitches to clear the course.	ตีโฮมรัน 7 ครั้งขึ้นไปภายใน 10 ลูก เพื่อผ่านคอร์ส
34-1691	minigame_batting_center_course	The legend of the baseball world returns to strike you out!\n[Pitch Type] <color=batting_pitch_white>Fastball</color> / <color=batting_pitch_white>Two-seam</color> / <color=batting_pitch_red>Curveball</color> / <color=batting_pitch_red>Drop</color>	ตำนานแห่งวงการเบสบอลหวนคืนมา เพื่อสไตรค์เอาต์คุณ!\n[ประเภทลูก] <color=batting_pitch_white>ฟาสต์บอล</color> / <color=batting_pitch_white>ทูซีม</color> / <color=batting_pitch_red>เคิร์ฟบอล</color> / <color=batting_pitch_red>ดรอป</color>
34-1692	minigame_batting_center_course	Titan of Tokyo	ไททันแห่งโตเกียว
34-1693	minigame_batting_center_course	Face off against the ultimate pitcher of the modern era!\n[Pitch Type] <color=batting_pitch_white>Fastball</color> / <color=batting_pitch_white>Two-seam</color> / <color=batting_pitch_red>Change-up</color> / <color=batting_pitch_red>Hard Slider</color>	ประจันหน้ากับพิตเชอร์สุดยอด แห่งยุคใหม่!\n[ประเภทลูก] <color=batting_pitch_white>ฟาสต์บอล</color> / <color=batting_pitch_white>ทูซีม</color> / <color=batting_pitch_red>เชนจ์อัพ</color> / <color=batting_pitch_red>ฮาร์ดสไลเดอร์</color>
34-1694	minigame_batting_center_course	Ace of Japan	เอซแห่งญี่ปุ่น
34-1695	minigame_batting_center_course	Smash those pitches into the sky and change the history of baseball!\n[Pitch Type] <color=batting_pitch_white>Fastball</color> / <color=batting_pitch_red>Slider</color> / <color=batting_pitch_red>Curveball</color> / <color=batting_pitch_blue>Hard Slider</color>	ตีลูกเหล่านั้นทะยานฟ้าและ เปลี่ยนประวัติศาสตร์เบสบอล!\n[ประเภทลูก] <color=batting_pitch_white>ฟาสต์บอล</color> / <color=batting_pitch_red>สไลเดอร์</color> / <color=batting_pitch_red>เคิร์ฟบอล</color> / <color=batting_pitch_blue>ฮาร์ดสไลเดอร์</color>
34-1696	minigame_batting_center_course	Global Goliath	โกไลแอธระดับโลก
34-1697	minigame_batting_center_course	Stop a megalomaniac pitcher aiming to rule the baseball world!\n[Pitch Type] Unknown	หยุดพิตเชอร์คลั่งอำนาจที่มุ่ง ครองโลกเบสบอล!\n[ประเภทลูก] ไม่ทราบ
34-1698	minigame_batting_center_course	Home Run Hell	โฮมรันนรก
34-1699	minigame_batting_center_course	A home run course so difficult, even the devil himself couldn't complete it!\n[Pitch Type] Unknown	คอร์สโฮมรันที่ยากเสียจนแม้แต่ ปีศาจตัวจริงยังผ่านไม่ได้!\n[ประเภทลูก] ไม่ทราบ
34-1700	minigame_batting_center_course	King of Kamurocho Lv. 1	ราชาแห่งคามุโรโจ Lv. 1
34-1701	minigame_batting_center_course	Score 4 or more runs within 10 pitches to clear the course.	ทำคะแนน 4 แต้มขึ้นไปภายใน 10 ลูก เพื่อผ่านคอร์ส
34-1702	minigame_batting_center_course	A challenging course with fast and aggressive pitches.\n[Pitch Type] <color=batting_pitch_white>Fastball</color> / <color=batting_pitch_white>Two-seam</color>	คอร์สท้าทายที่เต็มไปด้วยลูก ความเร็วสูงและดุดัน\n[ประเภทลูก] <color=batting_pitch_white>ฟาสต์บอล</color> / <color=batting_pitch_white>ทูซีม</color>
34-1703	minigame_batting_center_course	King of Kamurocho Lv. 2	ราชาแห่งคามุโรโจ Lv. 2
34-1704	minigame_batting_center_course	A challenging course with straight and curved pitches.\n[Pitch Type] <color=batting_pitch_white>Fastball</color> / <color=batting_pitch_red>Curveball</color>	คอร์สท้าทายที่มีทั้งลูกตรงและลูกโค้ง\n[ประเภทลูก] <color=batting_pitch_white>ฟาสต์บอล</color> / <color=batting_pitch_red>เคิร์ฟบอล</color>
34-1705	minigame_batting_center_course	King of Kamurocho Lv. 3	ราชาแห่งคามุโรโจ Lv. 3
34-1706	minigame_batting_center_course	Score 5 or more runs within 10 pitches to clear the course.	ทำคะแนน 5 แต้มขึ้นไปภายใน 10 ลูก เพื่อผ่านคอร์ส
34-1707	minigame_batting_center_course	A challenging course with rapidly falling pitches.\n[Pitch Type] <color=batting_pitch_white>Fastball</color> / <color=batting_pitch_white>Two-seam</color> / <color=batting_pitch_red>Curveball</color> / <color=batting_pitch_red>Drop</color>	คอร์สท้าทายที่เต็มไปด้วยลูกที่ ตกฮวบอย่างรวดเร็ว\n[ประเภทลูก] <color=batting_pitch_white>ฟาสต์บอล</color> / <color=batting_pitch_white>ทูซีม</color> / <color=batting_pitch_red>เคิร์ฟบอล</color> / <color=batting_pitch_red>ดรอป</color>
34-1708	minigame_batting_center_course	Titan of Tokyo Lv. 1	ไททันแห่งโตเกียว Lv. 1
34-1709	minigame_batting_center_course	A challenging course with a combination of tricky throws.\n[Pitch Type] <color=batting_pitch_white>Fastball</color> / <color=batting_pitch_white>Two-seam</color> / <color=batting_pitch_red>Cutter</color> / <color=batting_pitch_red>Slider</color>	คอร์สท้าทายที่รวมลูกหลอกล่อหลากแบบ\n[ประเภทลูก] <color=batting_pitch_white>ฟาสต์บอล</color> / <color=batting_pitch_white>ทูซีม</color> / <color=batting_pitch_red>คัตเตอร์</color> / <color=batting_pitch_red>สไลเดอร์</color>
34-1710	minigame_batting_center_course	Titan of Tokyo Lv. 2	ไททันแห่งโตเกียว Lv. 2
34-1711	minigame_batting_center_course	A challenging course with three types of tricky throws.\n[Pitch Type] <color=batting_pitch_white>Fastball</color> / <color=batting_pitch_red>Slider</color> / <color=batting_pitch_blue>Change-up</color> / <color=batting_pitch_yellow>Shoot</color>	คอร์สท้าทายที่มีลูกหลอกล่อสามแบบ\n[ประเภทลูก] <color=batting_pitch_white>ฟาสต์บอล</color> / <color=batting_pitch_red>สไลเดอร์</color> / <color=batting_pitch_blue>เชนจ์อัพ</color> / <color=batting_pitch_yellow>ชูต</color>
34-1712	minigame_batting_center_course	Titan of Tokyo Lv. 3	ไททันแห่งโตเกียว Lv. 3
34-1713	minigame_batting_center_course	Score 6 or more runs within 10 pitches to clear the course.	ทำคะแนน 6 แต้มขึ้นไปภายใน 10 ลูก เพื่อผ่านคอร์ส
34-1714	minigame_batting_center_course	A challenging course with aggressive pitches and swift sliders.\n[Pitch Type] <color=batting_pitch_white>Fastball</color> / <color=batting_pitch_white>Two-seam</color> / <color=batting_pitch_blue>Change-up</color> / <color=batting_pitch_red>Hard Slider</color>	คอร์สท้าทายที่เต็มไปด้วยลูก ดุดันและสไลเดอร์ความเร็วสูง\n[ประเภทลูก] <color=batting_pitch_white>ฟาสต์บอล</color> / <color=batting_pitch_white>ทูซีม</color> / <color=batting_pitch_blue>เชนจ์อัพ</color> / <color=batting_pitch_red>ฮาร์ดสไลเดอร์</color>
34-1715	minigame_batting_center_course	Ace of Japan Lv. 1	เอซแห่งญี่ปุ่น Lv. 1
34-1716	minigame_batting_center_course	A challenging course with tricky throws at high velocity.\n[Pitch Type] <color=batting_pitch_white>Fastball</color> / <color=batting_pitch_red>Cutter</color> / <color=batting_pitch_blue>Splitter</color>	คอร์สท้าทายที่มีลูกหลอกล่อ ความเร็วสูง\n[ประเภทลูก] <color=batting_pitch_white>ฟาสต์บอล</color> / <color=batting_pitch_red>คัตเตอร์</color> / <color=batting_pitch_blue>สปลิตเตอร์</color>
34-1717	minigame_batting_center_course	Ace of Japan Lv. 2	เอซแห่งญี่ปุ่น Lv. 2
34-1718	minigame_batting_center_course	A challenging course with tricky throws coming from all angles.\n[Pitch Type] <color=batting_pitch_white>Fastball</color> / <color=batting_pitch_red>Slider</color> / <color=batting_pitch_blue>Forkball</color>	คอร์สท้าทายที่มีลูกหลอกล่อจาก ทุกทิศทาง\n[ประเภทลูก] <color=batting_pitch_white>ฟาสต์บอล</color> / <color=batting_pitch_red>สไลเดอร์</color> / <color=batting_pitch_blue>ฟอร์กบอล</color>
34-1719	minigame_batting_center_course	Ace of Japan Lv. 3	เอซแห่งญี่ปุ่น Lv. 3
34-1720	minigame_batting_center_course	Score 7 or more runs within 10 pitches to clear the course.	ทำคะแนน 7 แต้มขึ้นไปภายใน 10 ลูก เพื่อผ่านคอร์ส
34-1721	minigame_batting_center_course	A challenging course with a variety of high-speed pitches.\n[Pitch Type] <color=batting_pitch_white>Fastball</color> / <color=batting_pitch_red>Slider</color> / <color=batting_pitch_red>Curveball</color> / <color=batting_pitch_blue>Splitter</color>	คอร์สท้าทายที่มีลูกความเร็วสูง หลากแบบ\n[ประเภทลูก] <color=batting_pitch_white>ฟาสต์บอล</color> / <color=batting_pitch_red>สไลเดอร์</color> / <color=batting_pitch_red>เคิร์ฟบอล</color> / <color=batting_pitch_blue>สปลิตเตอร์</color>
34-1722	minigame_batting_center_course	Global Goliath Lv. 1	โกไลแอธระดับโลก Lv. 1
34-1723	minigame_batting_center_course	A challenging course with omnidirectional pitching at ferocious velocity.\n[Pitch Type] Unknown	คอร์สท้าทายที่มีลูกจาก ทุกทิศทางด้วยความเร็วดุดัน\n[ประเภทลูก] ไม่ทราบ
34-1724	minigame_batting_center_course	Global Goliath Lv. 2	โกไลแอธระดับโลก Lv. 2
34-1725	minigame_batting_center_course	Global Goliath Lv. 3	โกไลแอธระดับโลก Lv. 3
34-1726	minigame_batting_center_course	Score 8 or more runs within 10 pitches to clear the course.	ทำคะแนน 8 แต้มขึ้นไปภายใน 10 ลูก เพื่อผ่านคอร์ส
34-1727	minigame_batting_center_course	Chaotic Challenge	ชาเลนจ์อลหม่าน
34-1728	minigame_batting_center_course	A challenge course so difficult, even the devil himself couldn't complete it!\n[Pitch Type] Unknown	คอร์สท้าทายที่ยากเสียจนแม้แต่ ปีศาจตัวจริงยังผ่านไม่ได้!\n[ประเภทลูก] ไม่ทราบ
34-1729	minigame_sugoroku_sugoroku_random_slot_item	Back to Square One!	กลับไปช่องเริ่มต้น!
34-1730	minigame_sugoroku_sugoroku_random_slot_item	Be Healed!	ได้รับการรักษา!
34-1731	minigame_sugoroku_sugoroku_random_slot_item	Get Wrecked!	ซวยยับ!
34-1732	minigame_sugoroku_sugoroku_random_slot_item	Move forward one space.	เดินหน้า 1 ช่อง
34-1733	minigame_sugoroku_sugoroku_random_slot_item	Move forward two spaces.	เดินหน้า 2 ช่อง
34-1734	minigame_sugoroku_sugoroku_random_slot_item	Move forward three spaces.	เดินหน้า 3 ช่อง
34-1735	minigame_sugoroku_sugoroku_random_slot_item	Move forward four spaces.	เดินหน้า 4 ช่อง
34-1736	minigame_sugoroku_sugoroku_random_slot_item	Move forward five spaces.	เดินหน้า 5 ช่อง
34-1737	minigame_sugoroku_sugoroku_random_slot_item	Move forward six spaces.	เดินหน้า 6 ช่อง
34-1738	minigame_sugoroku_sugoroku_random_slot_item	Move forward seven spaces.	เดินหน้า 7 ช่อง
34-1739	minigame_sugoroku_sugoroku_random_slot_item	Move forward eight spaces.	เดินหน้า 8 ช่อง
34-1740	minigame_sugoroku_sugoroku_random_slot_item	Move forward nine spaces.	เดินหน้า 9 ช่อง
34-1741	minigame_sugoroku_sugoroku_random_slot_item	Move back one space.	ถอยหลัง 1 ช่อง
34-1742	minigame_sugoroku_sugoroku_random_slot_item	Move back two spaces.	ถอยหลัง 2 ช่อง
34-1743	minigame_sugoroku_sugoroku_random_slot_item	Move back three spaces.	ถอยหลัง 3 ช่อง
34-1744	minigame_sugoroku_sugoroku_random_slot_item	Move back four spaces.	ถอยหลัง 4 ช่อง
34-1745	minigame_sugoroku_sugoroku_random_slot_item	Move back five spaces.	ถอยหลัง 5 ช่อง
34-1746	minigame_sugoroku_sugoroku_random_slot_item	Move back six spaces.	ถอยหลัง 6 ช่อง
34-1747	minigame_sugoroku_sugoroku_random_slot_item	Move back seven spaces.	ถอยหลัง 7 ช่อง
34-1748	minigame_sugoroku_sugoroku_random_slot_item	Move back eight spaces.	ถอยหลัง 8 ช่อง
34-1749	minigame_sugoroku_sugoroku_random_slot_item	Move back nine spaces.	ถอยหลัง 9 ช่อง
34-1750	minigame_sugoroku_sugoroku_random_slot_item	Add 1 die.	เพิ่มลูกเต๋า 1 ลูก
34-1751	minigame_sugoroku_sugoroku_random_slot_item	Add 2 dice.	เพิ่มลูกเต๋า 2 ลูก
34-1752	minigame_sugoroku_sugoroku_random_slot_item	Add 3 dice.	เพิ่มลูกเต๋า 3 ลูก
34-1753	minigame_sugoroku_sugoroku_random_slot_item	Add 4 dice.	เพิ่มลูกเต๋า 4 ลูก
34-1754	minigame_sugoroku_sugoroku_random_slot_item	Add 5 dice.	เพิ่มลูกเต๋า 5 ลูก
34-1755	minigame_sugoroku_sugoroku_random_slot_item	Add 6 dice.	เพิ่มลูกเต๋า 6 ลูก
34-1756	minigame_sugoroku_sugoroku_random_slot_item	Add 7 dice.	เพิ่มลูกเต๋า 7 ลูก
34-1757	minigame_sugoroku_sugoroku_random_slot_item	Add 8 dice.	เพิ่มลูกเต๋า 8 ลูก
34-1758	minigame_sugoroku_sugoroku_random_slot_item	Add 9 dice.	เพิ่มลูกเต๋า 9 ลูก
34-1759	minigame_sugoroku_sugoroku_random_slot_item	Subtract 1 die.	ลดลูกเต๋า 1 ลูก
34-1760	minigame_sugoroku_sugoroku_random_slot_item	Subtract 2 dice.	ลดลูกเต๋า 2 ลูก
34-1761	minigame_sugoroku_sugoroku_random_slot_item	Subtract 3 dice.	ลดลูกเต๋า 3 ลูก
34-1762	minigame_sugoroku_sugoroku_random_slot_item	Subtract 4 dice.	ลดลูกเต๋า 4 ลูก
34-1763	minigame_sugoroku_sugoroku_random_slot_item	Subtract 5 dice.	ลดลูกเต๋า 5 ลูก
34-1764	minigame_sugoroku_sugoroku_random_slot_item	Subtract 6 dice.	ลดลูกเต๋า 6 ลูก
34-1765	minigame_sugoroku_sugoroku_random_slot_item	Subtract 7 dice.	ลดลูกเต๋า 7 ลูก
34-1766	minigame_sugoroku_sugoroku_random_slot_item	Subtract 8 dice.	ลดลูกเต๋า 8 ลูก
34-1767	minigame_sugoroku_sugoroku_random_slot_item	Subtract 9 dice.	ลดลูกเต๋า 9 ลูก
34-1768	minigame_sugoroku_sugoroku_random_slot_item	Koro-nyan Mode!	โหมดโคโระเนียง!
34-1769	minigame_photo_shooting_mission_todo_item	Noriko's Husband	สามีของโนริโกะ
34-1770	minigame_photo_shooting_mission_todo_item	Homewrecker	หญิงชู้
34-1771	minigame_photo_shooting_mission_todo_item	Hotel sign	ป้ายโรงแรม
34-1772	minigame_photo_shooting_mission_todo_item	Moment of entering the hotel	ช่วงเวลาที่เดินเข้าโรงแรม
34-1773	minigame_photo_shooting_mission_todo_item	Enlarged face (zoomed)	ใบหน้าขยายใหญ่ (ซูม)
34-1774	minigame_photo_shooting_mission_todo_item	Take a photo of the target	ถ่ายภาพเป้าหมาย
34-1775	minigame_photo_shooting_mission_todo_item	Take a photo at the appointed location	ถ่ายภาพที่จุดนัดหมาย
34-1776	minigame_photo_shooting_mission_todo_item	Take a photo of the decisive moment	ถ่ายภาพช่วงเวลาชี้ขาด
34-1777	minigame_photo_shooting_mission_todo_item	Husband's face	ใบหน้าสามี
34-1778	minigame_photo_shooting_mission_todo_item	Miki's assault	การทำร้ายร่างกายของมิกิ
34-1779	minigame_photo_shooting_mission_todo_item	Infidelity	การนอกใจ
34-1780	minigame_photo_shooting_mission_todo_item	Maki's face	ใบหน้ามากิ
34-1781	minigame_photo_shooting_mission_todo_item	Decisive moment of infidelity	ช่วงเวลาชี้ขาดของการนอกใจ
34-1782	minigame_photo_shooting_mission_todo_item	White crow	อีกาเผือก
34-1783	minigame_photo_shooting_mission_todo_item	Iseya's face	ใบหน้าอิเซยะ
34-1784	minigame_photo_shooting_mission_todo_item	Rei's appearance	รูปลักษณ์ของเรย์
34-1785	minigame_photo_shooting_mission_todo_item	Rei's face	ใบหน้าเรย์
34-1786	minigame_photo_shooting_mission_todo_item	Iseya rubbing shoulders	อิเซยะนวดไหล่
34-1787	minigame_photo_shooting_mission_todo_item	Take a zoomed-in photo as close as possible	ถ่ายภาพซูมเข้าใกล้ที่สุดเท่าที่ทำได้
34-1788	minigame_photo_shooting_mission_todo_item	Iseya rubbing breasts	อิเซยะลูบหน้าอก
34-1789	minigame_photo_shooting_mission_todo_item	Kotatsu Higurashi pulling in customers	โคทัตสึ ฮิกุราชิกำลังชักชวนลูกค้า
34-1790	minigame_photo_shooting_mission_todo_item	Clearly shows Kotatsu Higurashi's face	เห็นใบหน้าโคทัตสึ ฮิกุราชิชัดเจน
34-1791	minigame_photo_shooting_mission_todo_item	Bram-sama doing community service	ท่านแบรมกำลังทำบำเพ็ญประโยชน์
34-1792	minigame_photo_shooting_mission_todo_item	Clearly shows Bram-sama's face	เห็นใบหน้าท่านแบรมชัดเจน
34-1793	minigame_photo_shooting_mission_todo_item	Capture at the center of screen	จับภาพให้อยู่กึ่งกลางจอ
34-1794	minigame_photo_shooting_mission_todo_item	Capture at maximum magnification	จับภาพด้วยการซูมสูงสุด
34-1795	minigame_photo_shooting_mission_todo_item	With a smile!	ยิ้มหน่อย!
34-1796	minigame_photo_shooting_mission_todo_item	Selfie with a smile	เซลฟี่พร้อมรอยยิ้ม
34-1797	minigame_photo_shooting_mission_todo_item	Selfie with the best smile	เซลฟี่ยิ้มที่สวยที่สุด
34-1798	minigame_photo_shooting_mission_todo_item	Aoi's face	ใบหน้าอาโออิ
34-1799	minigame_photo_shooting_mission_todo_item	Homewrecker's face	ใบหน้าหญิงชู้
34-1800	minigame_photo_shooting_mission_todo_item	With maximum zoom!	ซูมสุด!
34-1801	minigame_photo_shooting_mission_todo_item	Take a photo of Miki from the front	ถ่ายภาพมิกิจากด้านหน้า
34-1802	minigame_photo_shooting_mission_todo_item	Miki's head	ศีรษะมิกิ
34-1803	minigame_photo_shooting_mission_todo_item	Kissing moment	ช่วงเวลาจูบ
34-1804	minigame_photo_shooting_mission_todo_item	Host's face	ใบหน้าโฮสต์
34-1805	minigame_photo_shooting_mission_todo_item	Take a photo with Ida	ถ่ายภาพคู่กับอิดะ
34-1806	minigame_photo_shooting_mission_todo_item	The building you crowdfunded	ตึกที่คุณระดมทุนไป
34-1807	talk_system_msg	You can now play <color=striking>Out Run</color> in your office.	ตอนนี้คุณสามารถเล่น<color=striking>Out Run</color>ในออฟฟิศได้แล้ว
34-1808	talk_system_msg	You are now able to call Sakura Amamiya to the office using the Messages App.	ตอนนี้คุณสามารถเรียกซากุระ อามามิยะ มาที่ออฟฟิศผ่านแอปข้อความได้แล้ว
34-1809	talk_system_msg	The SMZ: Chariot line has been added to the Drone Lab.	สาย SMZ: ชาริออต ถูกเพิ่มเข้าแล็บโดรนแล้ว
34-1810	talk_system_msg	The Modded Thunder God Motor has been added to the Drone Lab.	มอเตอร์เทพสายฟ้ารุ่นดัดแปลง ถูกเพิ่มเข้าแล็บโดรนแล้ว
34-1811	talk_system_msg	The Modded Wind God Propeller has been added to the Drone Lab.	ใบพัดเทพวายุรุ่นดัดแปลง ถูกเพิ่มเข้าแล็บโดรนแล้ว
34-1812	talk_system_msg	The Modded God Speed Turbo has been added to the Drone Lab.	เทอร์โบเทพความเร็วรุ่นดัดแปลง ถูกเพิ่มเข้าแล็บโดรนแล้ว
34-1813	talk_system_msg	The Modded Akashic ESC has been added to the Drone Lab.	ESC อคาชิกรุ่นดัดแปลง ถูกเพิ่มเข้าแล็บโดรนแล้ว
34-1814	talk_system_msg	You lost 10,000 yen.	คุณเสียเงินไป 10,000 เยน
34-1815	talk_system_msg	You've completed your trial run, so next time you'll be able to play Short Course: Standard.	คุณผ่านการวิ่งทดลองแล้ว ครั้งหน้าจะสามารถเล่นคอร์สสั้น: มาตรฐาน ได้
34-1816	talk_system_msg	Middle Course: Standard for<symbol=case_file_lower_than><color=striking>Dice & Cube</color><symbol=case_file_greater_than>\n is now unlocked.	คอร์สกลาง: มาตรฐาน สำหรับ<symbol=case_file_lower_than><color=striking>Dice & Cube</color><symbol=case_file_greater_than>\n ถูกปลดล็อกแล้ว
34-1817	talk_system_msg	Long Course: Standard for<symbol=case_file_lower_than><color=striking>Dice & Cube</color><symbol=case_file_greater_than>\n is now unlocked.	คอร์สยาว: มาตรฐาน สำหรับ<symbol=case_file_lower_than><color=striking>Dice & Cube</color><symbol=case_file_greater_than>\n ถูกปลดล็อกแล้ว
34-1818	talk_system_msg	Short Course: Challenge for<symbol=case_file_lower_than><color=striking>Dice & Cube</color><symbol=case_file_greater_than>\n is now unlocked.	คอร์สสั้น: ท้าทาย สำหรับ<symbol=case_file_lower_than><color=striking>Dice & Cube</color><symbol=case_file_greater_than>\n ถูกปลดล็อกแล้ว
34-1819	talk_system_msg	Middle Course: Challenge for<symbol=case_file_lower_than><color=striking>Dice & Cube</color><symbol=case_file_greater_than>\n is now unlocked.	คอร์สกลาง: ท้าทาย สำหรับ<symbol=case_file_lower_than><color=striking>Dice & Cube</color><symbol=case_file_greater_than>\n ถูกปลดล็อกแล้ว
34-1820	talk_system_msg	Long Course: Challenge for<symbol=case_file_lower_than><color=striking>Dice & Cube</color><symbol=case_file_greater_than>\n is now unlocked.	คอร์สยาว: ท้าทาย สำหรับ<symbol=case_file_lower_than><color=striking>Dice & Cube</color><symbol=case_file_greater_than>\n ถูกปลดล็อกแล้ว
34-1821	talk_system_msg	<symbol=case_file_lower_than><color=striking>Dice & Cube</color><symbol=case_file_greater_than>\n\nYou can obtain Play Passes needed to play Dice & Cube by completing minigames in Kamurocho.\n\nSo get your game on and take a trip to virtual Kamurocho!	<symbol=case_file_lower_than><color=striking>Dice & Cube</color><symbol=case_file_greater_than>\n\nคุณสามารถรับเพลย์พาสที่จำเป็น สำหรับเล่น Dice & Cube ได้ด้วยการผ่านมินิเกมต่าง ๆ ในคามุโรโจ\n\nงั้นก็ลุยเกมกันเลย ออกเดินทางไปยังคามุโรโจเสมือน จริงกันเถอะ!
34-1822	talk_system_msg	You can now play Puzzle Shogi in the sewers.	ตอนนี้คุณสามารถเล่นพัซเซิลโชกิ ในท่อระบายน้ำได้แล้ว
34-1823	talk_system_msg	<color=striking>Pause Menu <symbol=case_file_right_arrow> Fly the Drone Using the Drone App</color>\n\n<symbol=case_file_lower_than><color=striking>Flight</color><symbol=case_file_greater_than>\nTake command of the drone.\n\n<symbol=case_file_lower_than><color=striking>Customize</color><symbol=case_file_greater_than>\nCustomize your drone's various parts.\n* Currently unavailable.\n\n<symbol=case_file_lower_than><color=striking>Race Record</color><symbol=case_file_greater_than>\nCheck the Drone League records.\n* Currently unavailable.\n\n<symbol=case_file_lower_than><color=striking>Operation</color><symbol=case_file_greater_than>\nDon't like how it flies? Change the controls!	<color=striking>เมนูหยุดเกม <symbol=case_file_right_arrow> บังคับโดรนผ่านแอปโดรน</color>\n\n<symbol=case_file_lower_than><color=striking>บิน</color><symbol=case_file_greater_than>\nเข้าควบคุมโดรน\n\n<symbol=case_file_lower_than><color=striking>ปรับแต่ง</color><symbol=case_file_greater_than>\nปรับแต่งชิ้นส่วนต่าง ๆ ของโดรน\n* ยังใช้งานไม่ได้ในตอนนี้\n\n<symbol=case_file_lower_than><color=striking>สถิติการแข่งขัน</color><symbol=case_file_greater_than>\nตรวจสอบสถิติของลีกโดรน\n* ยังใช้งานไม่ได้ในตอนนี้\n\n<symbol=case_file_lower_than><color=striking>การควบคุม</color><symbol=case_file_greater_than>\nไม่ชอบวิธีบิน? เปลี่ยนการควบคุมได้เลย!
34-1824	talk_system_msg	Show Her How Much You Care\nBefore you go for a night on the town, you can buy your date a present at Le Marche. If you give her a present that suits her particular tastes, your intimacy will increase. And depending on how much she likes the present, your Intimacy Gauge may fill up immensely. So what it boils down to is this: if you're terrible with words, you can somewhat make up for it by giving her something special.	แสดงให้เธอเห็นว่าคุณใส่ใจแค่ไหน\nก่อนออกเดตยามค่ำคืน คุณสามารถซื้อของขวัญให้คู่เดต ได้ที่เลอมาร์เช่ ถ้าคุณให้ของขวัญที่ถูกใจรสนิยมของเธอ ความสนิทสนมจะเพิ่มขึ้น และขึ้นอยู่กับว่าเธอชอบของขวัญ นั้นแค่ไหน เกจความสนิทสนมอาจเพิ่มขึ้นอย่างมาก สรุปง่าย ๆ ก็คือ ถ้าคุณไม่ถนัดเรื่องคำพูด ก็ยังพอชดเชยได้ด้วยการมอบของ พิเศษให้เธอ
34-1825	talk_system_msg	<symbol=case_file_lower_than><color=striking>　Warning　</color><symbol=case_file_greater_than>\nThings are going to get <color=striking>pretty intense</color> from here on, so if there's anything you want to do, now is the time. It might be a good idea to <color=striking>save your game</color> too. Just in case. This is almost the end of the story, so settle in for the climactic finale. It could take a while, so if you need sleep, continue at your own discretion. You can save along the way, but once you start, <color=striking>you can't go back</color>, so consider making a separate save.	<symbol=case_file_lower_than><color=striking>　คำเตือน　</color><symbol=case_file_greater_than>\nต่อจากนี้ไปเนื้อเรื่องจะ <color=striking>เข้มข้นขึ้นมาก</color> ถ้ามีอะไรอยากทำก็ถึงเวลาแล้ว และอาจเป็นความคิดที่ดีถ้าจะ<color=striking>เซฟเกม</color> ไว้ก่อนกันเหนียว นี่ใกล้จะถึงจุดจบของเรื่องราวแล้ว เตรียมตัวรับมือกับไคลแม็กซ์ ครั้งสุดท้ายได้เลย อาจใช้เวลาสักพัก ถ้าต้องการนอนพักก็เล่นต่อได้ตามใจเลย คุณเซฟระหว่างทางได้ แต่เมื่อเริ่มแล้ว<color=striking>จะย้อนกลับไม่ได้</color> ดังนั้นลองพิจารณาทำเซฟแยก ต่างหากไว้ด้วย
34-1826	talk_system_msg	You obtained an extract recipe.	คุณได้รับสูตรสารสกัดมา
34-1827	talk_system_msg	"Hyper Propeller H" Project Achievement Bonus:\n<color=striking>Hyper Propeller H</color>	โบนัสความสำเร็จโปรเจกต์ "ใบพัดไฮเปอร์ H":\n<color=striking>ใบพัดไฮเปอร์ H</color>
34-1828	talk_system_msg	Traded 50,000 yen for 500 chips.	แลกเงิน 50,000 เยน เป็นชิป 500 อัน
34-1829	talk_system_msg	You lost all your money.	คุณเสียเงินทั้งหมด
34-1830	talk_system_msg	You can now accept requests from <color=striking>Yagami Detective Agency</color> and <color=striking>Genda Law Office</color>. Check out the <color=striking>bulletin board</color> in Yagami's office.	ตอนนี้คุณรับงานจาก <color=striking>สำนักงานนักสืบยากามิ</color> และ <color=striking>สำนักงานกฎหมายเก็นดะ</color> ได้แล้ว ลองไปดูที่ <color=striking>บอร์ดประกาศ</color> ในออฟฟิศของยากามิ
34-1831	talk_system_msg	You can now accept requests at <color=striking>Bar Tender</color>.	ตอนนี้คุณสามารถรับงานได้ที่ <color=striking>บาร์เทนเดอร์</color>แล้ว
34-1832	talk_system_msg	You can obtain <color=striking>materials</color> for drone parts as prizes for minigames or by finding them in the city. Some materials can only be found in places accessible by drone. 	คุณสามารถได้รับ<color=striking>วัสดุ</color> สำหรับชิ้นส่วนโดรนเป็นรางวัล จากมินิเกม หรือเก็บได้ในเมือง วัสดุบางชนิดหาได้เฉพาะในที่ที่ เข้าถึงได้ด้วยโดรนเท่านั้น 
34-1833	talk_system_msg	Obtained <color=striking>300 casino chips</color> and <color=striking>L'Amant Key</color>.	ได้รับ<color=striking>ชิปคาสิโน 300 อัน</color>และ<color=striking>กุญแจลามองต์</color>
34-1834	talk_system_msg	You can now get treated by Moroboshi and buy Medical Kits from him as well.	ตอนนี้คุณสามารถให้โมโรโบชิรักษาให้ และซื้อชุดปฐมพยาบาลจากเขาได้แล้ว
34-1835	talk_system_msg	Once you've become friends with someone, you'll sometimes receive items from them when you pay them a visit. If you don't get an item, try coming back later.	เมื่อคุณเป็นเพื่อนกับใครสักคนแล้ว บางครั้งพวกเขาจะให้ไอเทมกับคุณ ตอนที่คุณไปเยี่ยม ถ้าไม่ได้ไอเทม ลองกลับมาใหม่ทีหลัง
34-1836	talk_system_msg	Quickstarter has been added to the pause menu.	Quickstarter ถูกเพิ่มเข้าเมนูหยุดเกมแล้ว
34-1837	talk_system_msg	You can now ask Sana Mihama to wear the <color=striking>Racing Jacket</color> outfit on dates.	ตอนนี้คุณสามารถขอให้ซานะ มิฮามะ ใส่ชุด<color=striking>แจ็กเก็ตแข่งรถ</color>ตอนออกเดตได้แล้ว
34-1838	talk_system_msg	You can now ask Tsukino Saotome to wear the <color=striking>Refined Lady</color> outfit on dates.	ตอนนี้คุณสามารถขอให้สึกิโนะ ซาโอโตเมะ ใส่ชุด<color=striking>สาวหรูหรา</color>ตอนออกเดตได้แล้ว
34-1839	talk_system_msg	You can now ask Amane to wear the <color=striking>Kimono</color> outfit on dates.	ตอนนี้คุณสามารถขอให้อามาเนะ ใส่ชุด<color=striking>กิโมโน</color>ตอนออกเดตได้แล้ว
34-1840	talk_system_msg	You can now ask Nanami Matsuoka to wear the <color=striking>Jacket</color> outfit on dates.	ตอนนี้คุณสามารถขอให้นานามิ มัตสึโอกะ ใส่ชุด<color=striking>แจ็กเก็ต</color>ตอนออกเดตได้แล้ว
34-1841	talk_system_msg	<symbol=case_file_lower_than><color=striking>Just So You Know!</color><symbol=case_file_greater_than>\nThis is your <color=striking>last free time</color> in this demo. You may want to make a backup save.	<symbol=case_file_lower_than><color=striking>รู้ไว้ก่อนนะ!</color><symbol=case_file_greater_than>\nนี่คือ<color=striking>ช่วงเวลาอิสระสุดท้าย</color>ในเดโมนี้ คุณอาจอยากทำเซฟสำรองไว้ก็ได้
34-1842	save_data_detail	[Difficulty]	[ระดับความยาก]
34-1843	save_data_detail	Mode :	โหมด:
34-1844	save_data_detail	Difficoltà:	ระดับความยาก:
34-1845	save_data_detail	[Total Play Time]	[เวลาเล่นทั้งหมด]
34-1846	save_data_detail	Gesamte Spielzeit:	เวลาเล่นทั้งหมด:
34-1847	save_data_detail	Tiempo total de juego:	เวลาเล่นทั้งหมด:
34-1848	save_data_detail	Temps de jeu total :	เวลาเล่นทั้งหมด:
34-1849	save_data_detail	Tempo di gioco totale:	เวลาเล่นทั้งหมด:
34-1850	save_data_detail	[Money]	[เงิน]
34-1851	save_data_detail	Argent :	เงิน:
34-1852	save_data_detail	[Completion Shop]	[ภารกิจร้านค้า]
34-1853	save_data_detail	Missions commerce :	ภารกิจร้านค้า:
34-1854	save_data_detail	Misiones de tienda:	ภารกิจร้านค้า:
34-1855	save_data_detail	Missioni commerciali:	ภารกิจร้านค้า:
34-1856	save_data_detail	[Completion Mission]	[ภารกิจในเมือง]
34-1857	save_data_detail	Mission ville :	ภารกิจในเมือง:
34-1858	save_data_detail	Misiones de ciudad:	ภารกิจในเมือง:
34-1859	save_data_detail	Missioni cittadine:	ภารกิจในเมือง:
34-1860	save_data_detail	[Chapter]	[บท]
34-1861	save_data_detail	Capítulo:	บท:
34-1862	save_data_detail	Chapitre :	บท:
34-1863	save_data_detail	Einfach	ง่าย
34-1864	save_data_detail	Semplice	ง่าย
34-1865	save_data_detail	Facile	ง่าย
34-1866	save_data_detail	Fácil	ง่าย
34-1867	save_data_detail	Leicht	ง่าย
34-1868	save_data_detail	Normale	ปกติ
34-1869	save_data_detail	Difficile	ยาก
34-1870	save_data_detail	Difícil	ยาก
34-1871	save_data_detail	Schwer	ยาก
34-1872	save_data_detail	Légende	ตำนาน
34-1873	save_data_detail	Legendario	ตำนาน
34-1874	save_data_detail	Legende	ตำนาน
34-1875	save_data_detail	Leggenda	ตำนาน
34-1876	verification_verification	Investigate the Scene	สืบสวนที่เกิดเหตุ
34-1877	verification_verification	Verification Mission	ภารกิจตรวจสอบ
34-1878	verification_verification	When Will the Man Use the Restroom?	ผู้ชายคนนั้นจะเข้าห้องน้ำเมื่อไหร่?
34-1879	verification_verification	Search Mission	ภารกิจค้นหา
34-1880	verification_verification	Predict G.I.'s Next Target	ทำนายเป้าหมายต่อไปของ G.I.
34-1881	verification_verification	Investigate the Security Camera	ตรวจสอบกล้องวงจรปิด
34-1882	verification_verification	Photo Investigation	การสืบสวนภาพถ่าย
34-1883	verification_verification	Investigate the ADDC	สืบสวน ADDC
34-1884	verification_verification	Secure a Route	หาเส้นทาง
34-1885	verification_verification	Find These Traits	หาลักษณะเหล่านี้
34-1886	verification_verification	Identify the Target	ระบุตัวเป้าหมาย
34-1887	verification_verification	Find Ass Catchem	ตามหาจอมจับตูด
34-1888	verification_verification	Figure out Mari's Occupation	หาอาชีพของมาริ
34-1889	verification_verification	Investigate Kaito's Ruckus	สืบสวนความวุ่นวายของไคโตะ
34-1890	verification_verification	Escape	การหลบหนี
34-1891	verification_verification	Clear Hoshino-kun's Name	ล้างมลทินให้โฮชิโนะคุง
34-1892	verification_verification	Find Ayumu-kun in Hiding	ตามหาอายุมุคุงที่กำลังซ่อนตัว
34-1893	verification_verification	Find Zhuang Shi Somewhere Above	ตามหาจวง ซือที่อยู่ข้างบน
34-1894	verification_verification	Investigate Kuwayama's Meal	สืบสวนมื้ออาหารของคุวายามะ
34-1895	verification_verification	Search for Akagawa-san's Belongings	ค้นหาข้าวของของอาคางาวะซัง
34-1896	verification_verification	Thoroughly Investigate the Scene	สืบสวนที่เกิดเหตุอย่างละเอียด
34-1897	verification_verification	Find Hideaki Deguchi	ตามหาฮิเดอากิ เดกุจิ
34-1898	verification_verification	Search for Asuka Hachitani	ค้นหาอาซึกะ ฮาจิทานิ
34-1899	verification_verification	Guess Amane's Measurements	คาดเดาสัดส่วนของอามาเนะ
34-1900	verification_verification	Check Tsukino's Outfit!	ตรวจดูชุดของสึกิโนะ!
34-1901	verification_verification	Is There a Difference in Tsukino?	สึกิโนะมีอะไรเปลี่ยนไปไหม?
34-1902	verification_verification	Search for G.I.	ค้นหา G.I.
34-1903	verification_verification	Find Hiyama	ตามหาฮิยามะ
34-1904	verification_verification	Photo Examination	การตรวจสอบภาพถ่าย
34-1905	verification_verification	Search for Meguro	ค้นหาเมกุโระ
34-1906	verification_verification	Don't Lose Sight of the Seller	อย่าคลาดสายตาจากผู้ขาย
34-1907	verification_verification	Find Ishimatsu	ตามหาอิชิมัตสึ
34-1908	complete_group	Café Mijore	คาเฟ่มิโจเระ
34-1909	complete_group	Smile Burger	สไมล์เบอร์เกอร์
34-1910	complete_group	Akaushimaru	อากาอุชิมารุ
34-1911	complete_group	Bantam	แบนตัม
34-1912	complete_group	Kanrai	คันไร
34-1913	complete_group	Kyushu No. 1 Star	คิวชูนัมเบอร์วันสตาร์
34-1914	complete_group	Sushi Gin	ซูชิกิน
34-1915	complete_group	Café Alps	คาเฟ่อัลป์ส
34-1916	complete_group	Quadra Garden	ควอดราการ์เดน
34-1917	complete_group	Fuji Soba	ฟูจิโซบะ
34-1918	complete_group	Wild Jackson	ไวลด์แจ็คสัน
34-1919	complete_group	Yoronotaki	โยโรโนทากิ
34-1920	complete_group	Gindaco Highball Tavern	กินดาโกะไฮบอลทาเวิร์น
34-1921	complete_group	Ringer Hut	ริงเกอร์ฮัท
34-1922	complete_group	Sushi Zanmai	ซูชิซันไม
34-1923	complete_group	Ikinari Steak	อิคินาริสเต๊ก
34-1924	complete_group	Shellac	เชลแล็ก
34-1925	complete_group	Gyu-Kaku	กิวคาคุ
34-1926	complete_group	Beef Zone	บีฟโซน
34-1927	complete_group	Batting Center	ศูนย์ฝึกตี
34-1928	complete_group	Club SEGA (Nakamichi St.)	Club SEGA (ถนนนากามิชิ)
34-1929	complete_group	Club SEGA (Theater Square)	Club SEGA (เธียเตอร์สแควร์)
34-1930	complete_group	Lullaby Mahjong	ลัลลาบายมาจอง
34-1931	complete_group	Modern Mahjong	โมเดิร์นมาจอง
34-1932	complete_group	Tachibana Mahjong	ทาชิบานะมาจอง
34-1933	complete_group	Drone League	ลีกโดรน
34-1934	complete_group	Drone Lab	แล็บโดรน
34-1935	complete_group	Charles	ชาร์ลส์
34-1936	complete_group	Dragon's Palace	วังมังกร
34-1937	complete_group	Outdoor Shogi	โชกิลานเปิด
34-1938	reward_delivery_box	Ryu Ga Gotoku Studio Save Data Bonus:\n<color=striking>50,000 yen</color>	โบนัสข้อมูลเซฟจาก Ryu Ga Gotoku Studio:\n<color=striking>50,000 เยน</color>
34-1939	reward_delivery_box	Gift for wrecking Renji Honda:\n<color=striking>Red Pyroxene</color>	ของขวัญจากการซัดเรนจิ ฮอนดะ:\n<color=striking>ไพรอกซีนแดง</color>
34-1940	reward_delivery_box	Gift for clobbering Kenta Kasai:\n<color=striking>Blue Pyroxene</color>	ของขวัญจากการอัดเค็นตะ คาไซ:\n<color=striking>ไพรอกซีนน้ำเงิน</color>
34-1941	reward_delivery_box	Gift for messing up Matsuhisa Koga:\n<color=striking>Rainbow Pyroxene</color>	ของขวัญจากการถล่มมัตสึฮิสะ โคกะ:\n<color=striking>ไพรอกซีนสายรุ้ง</color>
34-1942	reward_delivery_box	Gift for crushing Kaito Sakakiba:\n<color=striking>Yellow Pyroxene</color>	ของขวัญจากการปราบไคโตะ ซากากิบะ:\n<color=striking>ไพรอกซีนเหลือง</color>
34-1943	reward_delivery_box	"Cipher Secrets: Mind over Matter" Project Achievement Bonus:\n<color=striking>Mind Over Matter	โบนัสความสำเร็จโปรเจกต์ "ปริศนารหัสลับ: จิตเหนือกาย":\n<color=striking>จิตเหนือกาย
34-1944	reward_delivery_box	"Cipher Secrets: Brains over Brawn" Project Achievement Bonus:\n<color=striking>Brains Over Brawn	โบนัสความสำเร็จโปรเจกต์ "ปริศนารหัสลับ: ปัญญาเหนือพลัง":\n<color=striking>ปัญญาเหนือพลัง
34-1945	reward_delivery_box	"QR Codes for Dummies" Project Achievement Bonus:\n<color=striking>Electronic Eye </color>	โบนัสความสำเร็จโปรเจกต์ "QR โค้ดฉบับมือใหม่":\n<color=striking>ดวงตาอิเล็กทรอนิกส์ </color>
34-1946	reward_delivery_box	"Unofficial D&C Strategy Guide" Project Achievement Bonus:\n<color=striking>Unofficial D&C Strategy Guide</color>	โบนัสความสำเร็จโปรเจกต์ "คู่มือกลยุทธ์ D&C ฉบับไม่เป็นทางการ":\n<color=striking>คู่มือกลยุทธ์ D&C ฉบับไม่เป็นทางการ</color>
34-1947	reward_delivery_box	"Unabridged D&C Strategy Guide" Project Achievement Bonus:\n<color=striking>Unabridged D&C Strategy Guide</color>	โบนัสความสำเร็จโปรเจกต์ "คู่มือกลยุทธ์ D&C ฉบับไม่มีตัด":\n<color=striking>คู่มือกลยุทธ์ D&C ฉบับไม่มีตัด</color>
34-1948	reward_delivery_box	"Ultimate D&C Strategy Guide" Project Achievement Bonus:\n<color=striking>Ultimate D&C Strategy Guide</color>	โบนัสความสำเร็จโปรเจกต์ "คู่มือกลยุทธ์ D&C ฉบับสุดยอด":\n<color=striking>คู่มือกลยุทธ์ D&C ฉบับสุดยอด</color>
34-1949	reward_delivery_box	"Hyper Propeller Q" Project Achievement Bonus:\n<color=striking>Hyper Propeller Q</color>	โบนัสความสำเร็จโปรเจกต์ "ใบพัดไฮเปอร์ Q":\n<color=striking>ใบพัดไฮเปอร์ Q</color>
34-1950	reward_delivery_box	"Super Motor S" Project Achievement Bonus:\n<color=striking>Super Motor S</color>	โบนัสความสำเร็จโปรเจกต์ "มอเตอร์ซูเปอร์ S":\n<color=striking>มอเตอร์ซูเปอร์ S</color>
34-1951	reward_delivery_box	"Low-Cost ESC" Project Achievement Bonus:\n<color=striking>Low-Cost ESC</color>	โบนัสความสำเร็จโปรเจกต์ "ESC ต้นทุนต่ำ":\n<color=striking>ESC ต้นทุนต่ำ</color>
34-1952	reward_delivery_box	"Low-Cost Turbo" Project Achievement Bonus:\n<color=striking>Low-Cost Turbo</color>	โบนัสความสำเร็จโปรเจกต์ "เทอร์โบต้นทุนต่ำ":\n<color=striking>เทอร์โบต้นทุนต่ำ</color>
34-1953	reward_delivery_box	"Premier Darts" Project Achievement Bonus:\n<color=striking>Premier Darts</color>	โบนัสความสำเร็จโปรเจกต์ "ดาร์ตพรีเมียร์":\n<color=striking>ดาร์ตพรีเมียร์</color>
34-1954	reward_delivery_box	"Miracle Darts" Project Achievement Bonus:\n<color=striking>Miracle Darts</color>	โบนัสความสำเร็จโปรเจกต์ "ดาร์ตมิราเคิล":\n<color=striking>ดาร์ตมิราเคิล</color>
34-1955	reward_delivery_box	"Artisanal Shogi Set" Project Achievement Bonus:\n<color=striking>Artisanal Shogi Set</color>	โบนัสความสำเร็จโปรเจกต์ "เซ็ตโชกิงานฝีมือ":\n<color=striking>เซ็ตโชกิงานฝีมือ</color>
34-1956	reward_delivery_box	Please take your present.	กรุณารับของขวัญ
34-1957	reward_delivery_box	Thank you for your purchase. Please take your item.	ขอบคุณที่อุดหนุน กรุณารับสินค้า
34-1958	reward_delivery_box	Thank you for your purchase. Here's your item!	ขอบคุณที่อุดหนุน นี่คือสินค้าของคุณ!
34-1959	reward_delivery_box	Thank you for your purchase. Here's your items!	ขอบคุณที่อุดหนุน นี่คือสินค้าทั้งหมดของคุณ!
34-1960	reward_delivery_box	Thank you for your purchase. Here's your kitties!	ขอบคุณที่อุดหนุน นี่คือน้องแมวของคุณ!
34-1961	reward_delivery_box	Thank you for your purchase. Take some nice pictures!	ขอบคุณที่อุดหนุน ไปถ่ายรูปสวย ๆ กันนะ!
34-1962	reward_delivery_box	Thank you for your purchase. Be nice to Saori!	ขอบคุณที่อุดหนุน ใจดีกับซาโอริด้วยนะ!
34-1963	continue_info_tips_condition	Hint	คำแนะนำ
34-1964	continue_info_tips_condition	Move left or right to navigate around obstacles preemptively.\nAvoiding these obstacles beforehand will eliminate the need to press any prompts.	เลื่อนซ้ายหรือขวาเพื่อหลบ สิ่งกีดขวางล่วงหน้า\nการหลบสิ่งกีดขวางไว้ก่อนจะช่วย ให้ไม่ต้องกดปุ่ม ตามคำสั่งที่ขึ้นมา
34-1965	continue_info_tips_condition	Be mindful of where your target is looking. If you enter the target's field of view, their Caution Gauge will rise, so keep your distance and stay out of sight as much as possible.	คอยสังเกตทิศทางที่เป้าหมาย กำลังมองอยู่ ถ้าคุณเข้าไปอยู่ในมุมมองของเป้าหมาย เกจระวังตัวของเขาจะเพิ่มขึ้น ดังนั้นให้รักษาระยะห่างและ ซ่อนตัวให้มากที่สุดเท่าที่จะ ทำได้
34-1966	continue_info_tips_condition	Locate a spot to take cover when the target turns around. If there is a hiding place nearby, you can take cover there by pressing <symbol=button_maru>. There is no risk of getting spotted by the target while hiding for cover.	หาจุดกำบังไว้เผื่อเป้าหมายหันมา ถ้ามีที่ซ่อนอยู่ใกล้ ๆ คุณสามารถหลบเข้าไปกำบังได้ด้วยการกด <symbol=button_maru> ขณะกำบังตัวอยู่จะไม่มี ความเสี่ยงถูกเป้าหมายจับได้เลย
34-1967	continue_info_tips_condition	Be careful not to get too close to your target. Your risk of being spotted increases substantially if you get too close, so make sure to keep a proper distance.	ระวังอย่าเข้าใกล้เป้าหมายมากเกินไป ความเสี่ยงที่จะถูกจับได้จะ เพิ่มขึ้นมากถ้าคุณเข้าใกล้ เกินไป ดังนั้นให้รักษาระยะห่างที่ เหมาะสมไว้เสมอ
34-1968	continue_info_tips_condition	You can perform various EX Actions as the EX Gauge charges up.\nEX Actions deal an incredible amount of damage, and come in handy when you're in a pinch.	คุณสามารถใช้ EX Action หลากหลายท่าได้เมื่อเกจ EX ชาร์จขึ้น\nEX Action สร้างความเสียหายมหาศาล และเป็นประโยชน์มากเวลาที่คุณ ตกที่นั่งลำบาก
34-1969	continue_info_tips_condition	Use recovery items whenever your health starts running low.\nYou can use items by either setting them as your shortcuts or navigating through the Items App.	ใช้ไอเทมฟื้นฟูเมื่อพลังชีวิต ของคุณเริ่มลดต่ำ\nคุณใช้ไอเทมได้ทั้งจากการตั้ง เป็นทางลัด หรือเข้าไปเลือกผ่านแอปไอเทม
34-1970	continue_info_tips_condition	If you want to improve your skills, go to the Pause Menu and open up the Skills App.\nPowering up your skills will help you defeat powerful enemies.\nNote that learning new skills requires SP.	ถ้าอยากพัฒนาทักษะของคุณ ให้ไปที่เมนูหยุดชั่วคราวแล้ว เปิดแอปทักษะ\nการเสริมความแข็งแกร่งให้ทักษะ จะช่วยให้คุณเอาชนะศัตรู ที่แข็งแกร่งได้\nโปรดทราบว่าการเรียนรู้ทักษะ ใหม่ต้องใช้ SP
34-1971	continue_info_tips_condition	Find the bomb hidden somewhere in the city before the timer runs out.\nThe bomber gave you a hint that should be at least somewhat related to a location in town.	หาระเบิดที่ซ่อนอยู่ในเมืองให้ เจอก่อนเวลาจะหมด\nมือระเบิดให้คำใบ้กับคุณไว้ ซึ่งน่าจะเกี่ยวข้องกับสถานที่ ในเมืองไม่มากก็น้อย
34-1972	continue_info_tips_condition	Complete the objectives before the time limit reaches 0.\nIf you can't find the required object, it might be hiding behind something.\nTry looking from a different angle to change up your perspective.	ทำภารกิจให้สำเร็จก่อนเวลาจำกัด จะเหลือ 0\nถ้าหาสิ่งของที่ต้องการไม่เจอ มันอาจซ่อนอยู่หลังอะไรบางอย่าง\nลองมองจากมุมอื่นเพื่อเปลี่ยนมุมมองดู
34-1973	continue_info_tips_condition	Make sure you review the objectives before taking your picture, and be careful to avoid drawing your target's attention.	อย่าลืมตรวจสอบเป้าหมายภารกิจ ก่อนถ่ายภาพ และระวังอย่าให้เป้าหมายสังเกตเห็นคุณ
34-1974	continue_info_tips_condition	Your target might notice you if you get too close to them or move into their line of sight.\nKeep your distance from the target and wait for the right moment to get that perfect shot.	เป้าหมายอาจสังเกตเห็นคุณได้ถ้า คุณเข้าใกล้เกินไปหรือ เข้าไปอยู่ในแนวสายตาของเขา\nรักษาระยะห่างจากเป้าหมายไว้ และรอจังหวะที่เหมาะสมเพื่อ ถ่ายภาพที่สมบูรณ์แบบ
34-1975	continue_info_tips_condition	Take a picture that satisfies all the objectives on the right side of the screen.\nYou can raise your camera long before all of them will be checked, so wait until the opportunity is right!	ถ่ายภาพที่ตรงตามภารกิจทั้งหมด ที่แสดงอยู่ด้านขวาของจอ\nคุณยกกล้องขึ้นไว้ล่วงหน้าได้ ก่อนที่ภารกิจทั้งหมดจะถูกเช็ค ครบ ดังนั้นรอจังหวะที่เหมาะสมก่อนเลย!
