id	bin	EN	TH
22-0001	sound_auth	I know that.\nEither way, we're done for today.	รู้แล้วน่า\nยังไงก็ตาม วันนี้พอแค่นี้ก่อน
22-0002	sound_auth	I know that. Either way,\nwe're done for today.	รู้แล้วน่า ยังไงก็ตาม\nวันนี้พอแค่นี้ก่อน
22-0003	sound_auth	Oh. Okay then.\nI'll see you around, Yagami-san.	อ๋อ โอเคครับ\nแล้วเจอกันนะครับ ยากามิซัง
22-0004	sound_auth	Are we...? Okay...	เราเสร็จกันแล้วเหรอครับ...? โอเค...
22-0005	sound_auth	...Hattori?	...ฮัตโตริ?
22-0006	sound_auth	Someone's got eyes on your place.	มีคนจับตาดูที่ของแกอยู่นะ
22-0007	sound_auth	Smells like it does when\na journalist stakes out a shoot.	กลิ่นนี้เหมือนตอนที่\nนักข่าวมาดักถ่ายภาพเลย
22-0008	sound_auth	Smells like it does when a journalist\nstakes out a shoot.	กลิ่นนี้เหมือนตอนที่นักข่าว\nมาดักถ่ายภาพเลย
22-0009	sound_auth	How can you tell?	รู้ได้ยังไงล่ะ?
22-0010	sound_auth	Eh, I have a nose for these things.	เอ่อ ฉันมีจมูกไวเรื่องพวกนี้น่ะ
22-0011	sound_auth	I have a nose for these things.	ฉันมีจมูกไวเรื่องพวกนี้น่ะ
22-0012	sound_auth	Not me. Chairman Kajihira. He needs to know\nwhat's up with your investigation.	ไม่ใช่ฉันหรอก ประธานคาจิฮิระต่างหาก\nเขาอยากรู้ว่าการสืบสวนของนายไป ถึงไหนแล้ว
22-0013	sound_auth	Chairman Kajihira's the one who's looking for you.\nHe needs to know what's up with your investigation.	ประธานคาจิฮิระต่างหากที่กำลัง ตามหานาย\nเขาอยากรู้ว่าการสืบสวนของนายไป ถึงไหนแล้ว
22-0014	sound_auth	Honmaruen's burnt to a crisp.\nShioya-san's dead.	ฮนมารุเอ็นไหม้วอดเป็นจุณ\nชิโอยะซังตายแล้ว
22-0015	sound_auth	Honmaruen's burnt to a crisp,\nShioya-san's dead...	ฮนมารุเอ็นไหม้วอดเป็นจุณ\nชิโอยะซังก็ตายแล้ว...
22-0016	sound_auth	The chairman is very interested\nto know what happened.	ประธานสนใจมาก\nอยากรู้ว่าเกิดอะไรขึ้น
22-0017	sound_auth	As the losses pile up,\nthe chairman's upset to say the least.	พอความเสียหายพอกพูนขึ้นเรื่อย ๆ\nประธานก็หัวเสียเอามาก ๆ เลยล่ะ
22-0018	sound_auth	No surprise there.	ไม่แปลกใจเลยสักนิด
22-0019	sound_auth	...I bet.	...ผมว่าก็คงงั้น
22-0020	sound_auth	How about that.	อ้อ งั้นเหรอ
22-0021	sound_auth	A police detective\ncum serial murderer.	ตำรวจนักสืบ\nที่กลายเป็นฆาตกรต่อเนื่อง
22-0022	sound_auth	So the Mole was a police detective\nall along?	เพราะงั้นไส้ศึกเป็นตำรวจนักสืบ\nมาตลอดเลยเหรอ?
22-0023	sound_auth	If you're telling the truth... There's a trail\nof death following AD-9 every step of the way.	ถ้าสิ่งที่นายพูดเป็นความจริง...\nAD-9 ก็ทิ้งรอยความตายไว้ทุกฝีก้าวเลย
22-0024	sound_auth	If everything you're telling me is true...\nAD-9 has a lot of bodies in its wake.	ถ้าทุกอย่างที่นายบอกฉันเป็นความจริง...\nAD-9 ก็ทิ้งศพไว้เกลื่อนหลังมันเลย
22-0025	sound_auth	It all leads back to the human experiments.\nThe patient Shono killed, Waku-san. Emi Terasawa.	ทุกอย่างย้อนกลับไปที่ การทดลองในมนุษย์\nคนไข้ที่โชโนะฆ่า วาคุซัง เอมิ เทราซาวะ
22-0026	sound_auth	Yoji Shono's the one behind all the deaths.\nEmi Terasawa, Vice-director Hashiki, Shintani...	โยจิ โชโนะนี่แหละคือตัวการ เบื้องหลังความตายทั้งหมด\nเอมิ เทราซาวะ รองผู้อำนวยการฮาชิกิ ชินทานิ...
22-0027	sound_auth	Hashiki from the ADDC. Shintani.\nEvery single one of them.	ฮาชิกิจาก ADDC ชินทานิ\nทุกคนเลยแม้แต่คนเดียว
22-0028	sound_auth	Every last one of them was a\nhuman experiment for AD-9.	ทุกคนไม่เว้นสักคนเป็น\nหนูทดลองมนุษย์ให้ AD-9
22-0029	sound_auth	Maybe so... but without evidence, this is nothing\nmore than a well-crafted hypothesis.	อาจจะใช่... แต่ถ้าไม่มีหลักฐาน\nเรื่องนี้ก็เป็นได้แค่สมมติฐาน ที่ปั้นมาเนียน ๆ
22-0030	sound_auth	But without evidence, all this is just\na well-crafted hypothesis.	แต่ถ้าไม่มีหลักฐาน เรื่องทั้งหมดนี้\nก็เป็นได้แค่สมมติฐานที่ปั้นมาเนียน ๆ
22-0031	sound_auth	Believe me, I know that already.	เชื่อผมเถอะ ผมรู้เรื่องนั้นดีอยู่แล้ว
22-0032	sound_auth	All right, I've heard what you have to say.\nBut Chairman Kajihira still wants to meet with you.	เอาล่ะ ฉันฟังที่นายพูดแล้ว\nแต่ประธานคาจิฮิระก็ยังอยากเจอ นายอยู่ดี
22-0033	sound_auth	Well, you've made your point. But...\nChairman Kajihira still wants to meet with you.	เอาเถอะ นายพูดมีเหตุผล แต่...\nประธานคาจิฮิระก็ยังอยากเจอนายอยู่ดี
22-0034	sound_auth	I just told you everything I know.	ผมเพิ่งบอกทุกอย่างที่รู้ไปหมดแล้วนะ
22-0035	sound_auth	Then you can tell it to him, too.	งั้นนายก็ไปบอกเขาเองสิ
22-0036	sound_auth	In that case, you can tell him as well.	ถ้างั้นนายก็ไปบอกเขาเองก็ได้
22-0037	sound_auth	I'm little more than a messenger, after all.	ยังไงฉันก็แค่คนส่งสารเท่านั้นแหละ
22-0038	sound_auth	I'm just the messenger here.	ฉันก็แค่คนส่งสารในเรื่องนี้
22-0039	sound_auth	Listen, Yagami-san.\nChairman Kajihira isn't your enemy.	ฟังนะ ยากามิซัง\nประธานคาจิฮิระไม่ใช่ศัตรูของนายหรอก
22-0040	sound_auth	You should know he isn't your enemy.	นายน่าจะรู้นะว่าเขาไม่ใช่ศัตรูของนาย
22-0041	sound_auth	He may even have details\nyou wouldn't otherwise be privy to.	เขาอาจจะมีรายละเอียด\nที่นายไม่มีทางรู้มาก่อนด้วยซ้ำ
22-0042	sound_auth	He may even help you fill in some details that\nyou wouldn't otherwise be privy to.	เขาอาจช่วยเติมเต็มรายละเอียดบางอย่าง\nที่นายไม่มีทางรู้มาก่อนด้วยซ้ำ
22-0043	sound_auth	I suggest you milk that\nfor what it's worth.	ฉันแนะนำให้นายรีดประโยชน์\nจากตรงนั้นให้เต็มที่เลย
22-0044	sound_auth	Oh, and put a good word in for me,\nhuh? If you don't mind.	อ้อ แล้วก็ช่วยพูดดี ๆ แทนฉันหน่อยนะ\nถ้านายไม่ว่าอะไรน่ะ
22-0045	sound_auth	And if you don't mind...\nput in a good word for me?	แล้วถ้านายไม่ว่าอะไร...\nช่วยพูดดี ๆ แทนฉันหน่อยได้ไหม?
22-0046	sound_auth	Are you free to meet now? You'll need\nto bring Kaito-san too, of course.	ตอนนี้นายว่างไปเจอไหม? แล้วก็อย่าลืม\nพาไคโตะซังไปด้วยล่ะ
22-0047	sound_auth	Are you free to meet now?\nYou'll need to bring Kaito-san.	ตอนนี้นายว่างไปเจอไหม?\nต้องพาไคโตะซังไปด้วยนะ
22-0048	sound_auth	It seems his bullet wound\nhas almost fully healed.	ดูเหมือนแผลกระสุนของเขา\nจะหายเกือบสนิทแล้วนะ
22-0049	sound_auth	From the sounds of things,\nhe's back on his feet...	ฟังดูแล้ว\nเขาก็กลับมาลุกเดินได้แล้วนี่...
22-0050	sound_auth	You really do know everything.	นายรู้ไปหมดจริง ๆ นะเนี่ย
22-0051	sound_auth	What can I say, comes with the job.\nAnyway, grab Kaito-san and head to Kikunoya.	จะให้พูดไงดีล่ะ มันมากับอาชีพน่ะ\nเอาเถอะ ไปตามไคโตะซังแล้วไปที่คิคุโนยะซะ
22-0052	sound_auth	Comes with the job. Grab Kaito-san and\nhead to Kikunoya when you're ready.	มันมากับอาชีพน่ะ ไปตามไคโตะซัง\nแล้วไปที่คิคุโนยะตอนพร้อมแล้ว ก็แล้วกัน
22-0053	sound_auth	Kikunoya...?	คิคุโนยะ...?
22-0054	sound_auth	I hear Patriarch Matsugane loved the place.\nCoincidentally, so does the chairman.	ได้ยินมาว่า หัวหน้าตระกูลมัตสึกาเนะชอบร้าน นี้มาก\nบังเอิญประธานก็ชอบเหมือนกันเป๊ะ
22-0055	sound_auth	I hear Patriarch Matsugane loved the place.\nCoincidentally, so does Chairman Kajihira.	ได้ยินมาว่า หัวหน้าตระกูลมัตสึกาเนะชอบร้าน นี้มาก\nบังเอิญประธานคาจิฮิระก็ชอบ เหมือนกันเป๊ะ
22-0056	sound_auth	Goodbye, Yagami-san.	ลาก่อนนะ ยากามิซัง
22-0057	sound_auth	Yo, I'm gonna make some coffee.\nYou want a cup?	เฮ้ ฉันจะชงกาแฟหน่อย\nนายเอาไหม?
22-0058	sound_auth	Yo. I'm makin' coffee.\nWant some?	เฮ้ ฉันชงกาแฟอยู่\nเอาไหม?
22-0059	sound_auth	Hey, aren't you supposed\nto be recovering?	เฮ้ นายไม่ควร\nพักฟื้นอยู่เหรอ?
22-0060	sound_auth	Sure, but aren't you recovering?	ก็ได้ แต่นายไม่ใช่ต้องพักฟื้นอยู่เหรอ?
22-0061	sound_auth	Eh, it's fine.\nC'mon, drink with me.	เอ่อ ไม่เป็นไรหรอก\nมาเถอะ ดื่มด้วยกัน
22-0062	sound_auth	Eh, I'm fine.\nHave a cup.	เอ่อ ฉันไม่เป็นไรหรอก\nเอาไปดื่มสิ
22-0063	sound_auth	If you say so...\nBy the way, Hattori just dropped by.	ถ้านายว่างั้นนะ...\nเออ อีกอย่าง ฮัตโตริเพิ่งแวะมาหา
22-0064	sound_auth	Sure. By the way,\nHattori just dropped by.	ก็ได้ อีกอย่าง\nฮัตโตริเพิ่งแวะมาหา
22-0065	sound_auth	The journalist?	นักข่าวคนนั้นน่ะเหรอ?
22-0066	sound_auth	Yeah. Apparently Chairman Kajihira\nis asking for us.	ใช่ ดูเหมือนประธานคาจิฮิระ\nกำลังตามหาเราอยู่
22-0067	sound_auth	Chairman Kajihira wants us,\naccording to him.	เขาบอกว่าประธานคาจิฮิระ\nต้องการตัวเรา
22-0068	sound_auth	What I hear, Kajihira's\nin a pretty tough spot right now.	เท่าที่ได้ยินมา คาจิฮิระ\nกำลังเจอเรื่องหนักอยู่ตอนนี้
22-0069	sound_auth	From what I hear, Chairman Kajihira's got\na real situation on his hands.	เท่าที่ได้ยินมา ประธานคาจิฮิระ\nกำลังเจอปัญหาหนักอยู่จริง ๆ
22-0070	sound_auth	Chairman Koba from the Kyorei Clan's putting the pressure on.\nI mean, their captain Shioya just got his eyes gouged out.	หัวหน้าโคบะจากตระกูลเคียวเรอิ กำลังกดดันอยู่\nก็นะ กัปตันชิโอยะของพวกเขาเพิ่งโดน ควักลูกตาไปหมาด ๆ
22-0071	sound_auth	Chairman Koba from the Kyorei Clan's pressuring him.\nI mean, Captain Shioya just got his eyes gouged out.	หัวหน้าโคบะจากตระกูลเคียวเรอิ กำลังกดดันเขาอยู่\nก็นะ กัปตันชิโอยะเพิ่งโดนควักลูกตาไปหมาด ๆ
22-0072	sound_auth	Never woulda happened if Kajihira\nhadn't shipped him up to Kamurocho.	ถ้าคาจิฮิระไม่ส่งเขา\nขึ้นมาคามุโรโจ เรื่องนี้ก็คงไม่เกิดหรอก
22-0073	sound_auth	If Kajihira didn't ship him out to Kamurocho,\nit never would've happened.	ถ้าคาจิฮิระไม่ส่งเขาออกมาคามุโรโจ\nเรื่องนี้ก็คงไม่มีทางเกิดขึ้นเลย
22-0074	sound_auth	Yeah... I guess so.	ใช่... ก็คงงั้นแหละ
22-0075	sound_auth	First a couple of their rookies die in Kamurocho,\nthen a captain turns up dead...	แรกก็มือใหม่สองคนของพวกเขาตาย ในคามุโรโจ\nต่อมาก็กัปตันมาตายอีก...
22-0076	sound_auth	Chairman Koba's probably freaking\nthe fuck out.	หัวหน้าโคบะคงกำลังเสียสติ\nอยู่แน่ ๆ เลยว่ะ
22-0077	sound_auth	Chairman Koba's probably\nfreaking the fuck out.	หัวหน้าโคบะคงกำลัง\nเสียสติอยู่แน่ ๆ เลยว่ะ
22-0078	sound_auth	Guess Kajihira's calling us\nto fix it, then?	งั้นคาจิฮิระคงเรียกเรา\nไปช่วยแก้ปัญหานี้สินะ?
22-0079	sound_auth	So Kajihira calls us? Are we really\ngetting involved in that?	แล้วคาจิฮิระเรียกเราไปเหรอ? เราจะไป\nยุ่งเกี่ยวกับเรื่องนั้นจริง ๆ เหรอ?
22-0080	sound_auth	Dunno.\nWe'll find out when we get there.	ไม่รู้สิ\nไปถึงแล้วค่อยรู้กันเอง
22-0081	sound_auth	Dunno. We'll find out\nwhen we get there.	ไม่รู้สิ ไปถึงแล้ว\nค่อยรู้กัน
22-0082	sound_auth	...We?	...เราเหรอ?
22-0083	sound_auth	You're coming too?	นายจะไปด้วยเหรอ?
22-0084	sound_auth	I'm sick of sittin' around watching Kuroiwa,\nman. We're not getting anywhere with this shit.	ฉันเบื่อจะนั่งเฝ้าคุโรอิวะเฉย ๆ\nแล้วว่ะ เรื่องบ้านี่มันไม่คืบหน้าไปไหนเลย
22-0085	sound_auth	Yeah. I can't just sit and watch Kuroiwa.\nAin't gettin' us anywhere.	ใช่ ฉันนั่งเฝ้าคุโรอิวะเฉย ๆ ต่อไปไม่ได้แล้ว\nมันไม่ทำให้เราไปถึงไหนเลยสักที
22-0086	sound_auth	It's time we try somethin' new.	ได้เวลาลองอะไรใหม่ ๆ กันแล้วล่ะ
22-0087	sound_auth	It's about time we try somethin' new.	ก็ได้เวลาลองอะไรใหม่ ๆ กันแล้วนี่
22-0088	sound_auth	Hell, I'll do whatever it takes\nto avenge Matsugane-san.	ช่างมันเถอะ ฉันจะทำทุกอย่างเท่าที่ทำได้\nเพื่อล้างแค้นให้มัตสึกาเนะซัง
22-0089	sound_auth	I gotta get revenge for the boss somehow.\nI'll do whatever it takes.	ยังไงฉันก็ต้องล้างแค้นให้ หัวหน้าให้ได้\nฉันจะทำทุกอย่างเท่าที่ทำได้
22-0090	sound_auth	We goin' to Kikunoya?\nAll right.	ไปคิคุโนยะกันใช่ไหม?\nได้เลย
22-0091	sound_auth	Welcome. I've been waiting for you.	ยินดีต้อนรับ ผมรอพวกคุณอยู่เลย
22-0092	sound_auth	It's truly horrible what\nhappened to Matsugane-san.	สิ่งที่เกิดขึ้นกับมัตสึกาเนะซัง\nมันเลวร้ายจริง ๆ
22-0093	sound_auth	The loss of Matsugane-san was a tragedy.	การจากไปของมัตสึกาเนะซัง เป็นเรื่องน่าเศร้าจริง ๆ
22-0094	sound_auth	To his memory.	แด่ความทรงจำถึงเขา
22-0095	sound_auth	A toast to his memory.	ขอดื่มอวยพรแด่ความทรงจำถึงเขา
22-0096	sound_auth	Chairman Kajihira. I assume you've\nalready heard about AD-9?	ประธานคาจิฮิระ ผมคิดว่าคุณคง\nได้ยินเรื่อง AD-9 มาแล้วสินะ?
22-0097	sound_auth	Chairman Kajihira. I assume you've already\nheard about AD-9?	ประธานคาจิฮิระ ผมคิดว่าคุณ\nคงได้ยินเรื่อง AD-9 มาแล้วสินะ?
22-0098	sound_auth	Yes. Hattori-san told me everything.	ใช่ครับ ฮัตโตริซังเล่าให้ผมฟังหมดแล้ว
22-0099	sound_auth	The incident three years ago\nwas a human experiment gone awry, huh?	เหตุการณ์เมื่อสามปีก่อน\nคือการทดลองในมนุษย์ที่ พลาดพลั้งใช่ไหม?
22-0100	sound_auth	The incident three years ago was\nhuman experiment gone awry?	เหตุการณ์เมื่อสามปีก่อน\nคือการทดลองในมนุษย์ที่ พลาดพลั้งงั้นเหรอ?
22-0101	sound_auth	I'm impressed you figured that out.\nQuite impressed.	ผมทึ่งเลยที่คุณคิดออกได้\nทึ่งมากจริง ๆ
22-0102	sound_auth	I heard about Shinpei Okubo, too.	ผมได้ยินเรื่องชินเป โอคุโบะมาด้วยเหมือนกัน
22-0103	sound_auth	The murderer you let loose upon the world\ndidn't actually kill anyone.	ฆาตกรที่คุณปล่อยให้ลอยนวลออกไป\nที่จริงแล้วไม่ได้ฆ่าใครเลยสักคนสินะ
22-0104	sound_auth	The murderer you let loose upon the world...\nWell, I suppose he didn't actually kill anyone?	ฆาตกรที่คุณปล่อยให้ลอยนวลออกไป...\nก็คงไม่ได้ฆ่าใครเลยจริง ๆ สินะ?
22-0105	sound_auth	Yeah. Emi died at the hands of Shono,\nthe AD-9 researcher.	ใช่ เอมิตายด้วยน้ำมือของโชโนะ\nนักวิจัย AD-9 ต่างหาก
22-0106	sound_auth	Yeah. It was Shono. Emi Terasawa died\nfor the sake of AD-9.	ใช่ โชโนะนั่นแหละ เอมิ เทราซาวะตาย\nเพื่อ AD-9 ต่างหาก
22-0107	sound_auth	I'm not so sure about that.\nDo you have any proof? No?	ผมไม่ค่อยแน่ใจเรื่องนั้นนะ\nคุณมีหลักฐานไหม? ไม่มีสินะ?
22-0108	sound_auth	I'm not so sure about that. I don't suppose\nyou have any proof to back that up?	ผมไม่ค่อยแน่ใจเรื่องนั้นนะ ผมว่า\nคุณคงไม่มีหลักฐานมายืนยันหรอกใช่ไหม?
22-0109	sound_auth	If I did I'd be making\nyou eat those words.	ถ้าผมมีหลักฐานจริง ก็คง\nยัดคำพูดนั้นกลับเข้าปากคุณไปแล้ว
22-0110	sound_auth	If I had solid proof, I'd already have\nthrown it in your face.	ถ้าผมมีหลักฐานชัด ๆ ผมคง\nโยนมันใส่หน้าคุณไปแล้ว
22-0111	sound_auth	Come now, no fighting.\nMy old heart can't handle the stress.	เอาน่า อย่าเพิ่งทะเลาะกันเลย\nหัวใจแก่ ๆ ของผมรับความเครียดไม่ไหวหรอก
22-0112	sound_auth	Hold on a sec, old man.	เดี๋ยวก่อนนะ ตาเฒ่า
22-0113	sound_auth	If you already know what's goin' on,\nwhy'd you go n' call us out here?	ถ้าแกรู้อยู่แล้วว่าเกิดอะไรขึ้น\nแล้วจะเรียกพวกเรามาที่นี่ทำไม?
22-0114	sound_auth	What do you really want?	แกต้องการอะไรกันแน่?
22-0115	sound_auth	Heh, you're sharper than you look. To be honest,\nI have a bit of a problem on my hands.	ฮึ คุณเฉียบกว่าที่หน้าตาบอกไว้เยอะ พูดตามตรง\nผมกำลังมีปัญหาเล็กน้อยอยู่ในมือ
22-0116	sound_auth	You're sharper than you look.\nI do have one problem...	คุณเฉียบกว่าที่หน้าตาบอกไว้\nผมมีปัญหาอยู่เรื่องหนึ่งจริง ๆ...
22-0117	sound_auth	The Kyorei chairman, Koba,\nhas been getting on my case.	หัวหน้าตระกูลเคียวเรอิ โคบะ\nมาป้วนเปี้ยนกวนใจผมอยู่
22-0118	sound_auth	It's the Kyorei Clan chairman, Koba.	คือหัวหน้าตระกูลเคียวเรอิ โคบะน่ะ
22-0119	sound_auth	He wants me to put a button\non all this murder business.	เขาอยากให้ผมจัดการ\nเรื่องฆาตกรรมทั้งหมดนี้ให้ จบสิ้นไปซะที
22-0120	sound_auth	He wants this Mole business\ntaken care of.	เขาอยากให้เรื่องไส้ศึกนี่\nถูกจัดการให้เรียบร้อย
22-0121	sound_auth	Not that I can blame him. His successor\njust had his eyes gouged out, after all.	ก็ไม่แปลกที่เขาจะเป็นแบบนั้น ผู้สืบทอด\nของเขาเพิ่งโดนควักลูกตาไปหมาด ๆ นี่นา
22-0122	sound_auth	Though considering Shioya's grisly end, and even\nhaving his eyes gouged out... I can't blame him.	แต่พอนึกถึงจุดจบอันโหดเหี้ยม ของชิโอยะ แถมยัง\nโดนควักลูกตาไปด้วย... ผมก็คงตำหนิเขาไม่ได้หรอก
22-0123	sound_auth	What's your point?	แกจะพูดอะไรกันแน่?
22-0124	sound_auth	I want you to bring an end to these killings.\nThat detective, Kuroiwa, is behind it all, right?	ผมอยากให้คุณยุติการฆาตกรรมทั้งหมดนี้\nนักสืบคุโรอิวะคนนั้นอยู่ เบื้องหลังทั้งหมดใช่ไหม?
22-0125	sound_auth	I want you to bring an end to the Mole.\nIt's that Detective Kuroiwa, right?	ผมอยากให้คุณจัดการไส้ศึกให้จบ\nคือนักสืบคุโรอิวะคนนั้นใช่ไหม?
22-0126	sound_auth	Whaddya take us for, assassins?	คิดว่าพวกเราเป็นนักฆ่าหรือไงวะ?
22-0127	sound_auth	You for real?\nWhaddya take us for, assassins?	แกพูดจริงเหรอ?\nคิดว่าพวกเราเป็นนักฆ่าหรือไงวะ?
22-0128	sound_auth	I have confidence that the two\nof you can do what I ask.	ผมมั่นใจว่าคุณทั้งสองคน\nทำตามที่ผมขอได้แน่นอน
22-0129	sound_auth	Oh, I'm sure you could manage it.	อ้อ ผมมั่นใจว่าคุณจัดการได้สบายอยู่แล้ว
22-0130	sound_auth	What do you say?\nI'll give you a handsome reward.	ว่าไงล่ะ?\nผมจะให้รางวัลก้อนโตเลยนะ
22-0131	sound_auth	Well? I'll give you a handsome reward.	ว่าไง? ผมจะให้รางวัลก้อนโตเลยนะ
22-0132	sound_auth	<color=ｍonologue>(Tch. He's as much\na yakuza as any of 'em.)</color>	<color=ｍonologue>(เชอะ ไอ้นี่ก็เป็นยากูซ่า\nไม่ต่างจากพวกนั้นสักคน)</color>
22-0133	sound_auth	...Yeah, I think we'll be going now.	...เอาล่ะ ผมว่าเราขอตัวก่อนดีกว่า
22-0134	sound_auth	All right, all right!\nIt was a joke.	เอาล่ะ เอาล่ะ!\nแค่พูดเล่นเฉย ๆ
22-0135	sound_auth	Oh, fine, fine! It was a joke.	โอ๊ย เอาล่ะ เอาล่ะ! แค่พูดเล่นเฉย ๆ
22-0136	sound_auth	Though the Kyorei Clan\nhas been getting on my case.	แต่ตระกูลเคียวเรอิ\nก็มาป้วนเปี้ยนกวนใจผมอยู่จริง ๆ นะ
22-0137	sound_auth	Though the Kyorei Clan <font_kind=yakuza_italic>has</font_kind> been\ngetting on my case.	แต่ตระกูลเคียวเรอิ<font_kind=yakuza_italic>ก็</font_kind>ยังคงมา\nป้วนเปี้ยนกวนใจผมอยู่จริง ๆ
22-0138	sound_auth	So you were half-joking.	งั้นก็แปลว่าคุณพูดเล่นแค่ครึ่ง เดียวสินะ
22-0139	sound_auth	So you were only half-joking.	งั้นคุณก็พูดเล่นแค่ครึ่งเดียวเองสินะ
22-0140	sound_auth	Heh. The real reason I called\nthe two of you here...	ฮึ เหตุผลจริง ๆ ที่ผมเรียก\nคุณทั้งสองคนมาที่นี่...
22-0141	sound_auth	...The real reason I called\nthe two of you here...	...เหตุผลจริง ๆ ที่ผมเรียก\nคุณทั้งสองคนมาที่นี่...
22-0142	sound_auth	...Was to say thanks.\nIn Hashiki's place.	...ก็เพื่อขอบคุณ\nแทนฮาชิกิน่ะ
22-0143	sound_auth	...was to say thank you in Hashiki's place.	...ก็เพื่อขอบคุณแทนฮาชิกิน่ะ
22-0144	sound_auth	It must be frustrating for him to look down on this world\njust to see people say he died in a drunken brawl.	เขาคงหงุดหงิดไม่น้อยที่ต้องมอง ลงมาจากเบื้องบน\nแล้วเห็นคนพูดกันว่าเขาตายเพราะ ทะเลาะวิวาทตอนเมา
22-0145	sound_auth	It must be frustrating for him to look down upon the world,\nonly for people to say he died in a drunken brawl.	เขาคงหงุดหงิดไม่น้อยที่ต้องมอง ลงมาจากเบื้องบน\nแล้วเห็นคนพูดกันว่าเขาตายเพราะ ทะเลาะวิวาทตอนเมา
22-0146	sound_auth	But you saw through that false narrative.	แต่คุณกลับมองทะลุเรื่องเท็จนั้นได้
22-0147	sound_auth	But you saw through the lies.\nYou found the truth of his death.	แต่คุณมองทะลุคำโกหกนั้นได้\nคุณพบความจริงเรื่องการตายของเขา
22-0148	sound_auth	Once we have proof and crush AD-9\nfor good, he'll finally be avenged.	พอเรามีหลักฐานและทำลาย AD-9\nให้สิ้นซาก เขาก็จะได้รับการล้างแค้นเสียที
22-0149	sound_auth	Once we have the proof to crush AD-9 for good,\nhe'll finally be avenged.	พอเรามีหลักฐานทำลาย AD-9 ให้สิ้นซาก\nเขาก็จะได้รับการล้างแค้นเสียที
22-0150	sound_auth	And you'll finally make good\non your 100 billion yen investment.	แล้วคุณก็จะได้กำไรคืน\nจากเงินลงทุนแสนล้านเยนของคุณสักที
22-0151	sound_auth	And you'll finally make good on your\n100 billion yen investment, of course.	แล้วคุณก็จะได้กำไรคืนจาก\nเงินลงทุนแสนล้านเยนของคุณด้วย นั่นแหละ
22-0152	sound_auth	Not that I care either way.	ไม่ใช่ว่าผมสนหรอกนะ จะทางไหนก็ตาม
22-0153	sound_auth	So, Yagami-san.\nWhat comes next?	เอาล่ะ ยากามิซัง\nขั้นต่อไปคืออะไร?
22-0154	sound_auth	So what's your next move, Yagami-san?	แล้วขั้นต่อไปของคุณคืออะไร ยากามิซัง?
22-0155	sound_auth	Well, Ayabe's trial is coming up, right?	ก็ การพิจารณาคดีของอายาเบะใกล้ถึง แล้วใช่ไหม?
22-0156	sound_auth	We'll use that stage to bring the real crimes into\nthe spotlight. That'll also mean lifting the veil on AD-9.	เราจะใช้เวทีนั้นเปิดโปง อาชญากรรมตัวจริง\nสู่สายตาสาธารณะ นั่นหมายถึงการเปิดม่านเรื่อง AD-9 ไปในตัวด้วย
22-0157	sound_auth	That's our opportunity. We'll use that stage to bring the real crimes\ninto the spotlight. If we can do that, we'll lift the veil on AD-9.	นั่นคือโอกาสของเรา เราจะใช้เวทีนั้นเปิดโปง อาชญากรรมตัวจริง\nสู่สายตาสาธารณะ ถ้าทำได้ เราก็จะเปิดม่านเรื่อง AD-9 ได้ด้วย
22-0158	sound_auth	Okubo'll be in the clear, too.	โอคุโบะก็จะพ้นข้อกล่าวหาไปด้วย
22-0159	sound_auth	And more than that,\nOkubo'll be in the clear.	แล้วยิ่งไปกว่านั้น\nโอคุโบะก็จะพ้นข้อกล่าวหาไปด้วย
22-0160	sound_auth	Interesting. I think you're still\nmissing some evidence, though.	น่าสนใจ แต่ผมว่าคุณ\nยังขาดหลักฐานบางอย่างอยู่นะ
22-0161	sound_auth	Interesting. I think you're still missing\nsome evidence, though.	น่าสนใจ แต่ผมว่าคุณยังขาด\nหลักฐานบางอย่างอยู่นะ
22-0162	sound_auth	You're not wrong.\nWe don't know where Hamura is, either.	คุณพูดไม่ผิด\nเราก็ยังไม่รู้ด้วยว่าฮามุระ อยู่ที่ไหน
22-0163	sound_auth	...You're not wrong. We don't know\nwhere Hamura is, either.	...คุณพูดไม่ผิด เราก็ยังไม่รู้\nด้วยว่าฮามุระอยู่ที่ไหน
22-0164	sound_auth	Well then? What now?	แล้วไงต่อล่ะ? จะทำยังไง?
22-0165	sound_auth	Well then, what now?	แล้วไงต่อ? จะทำยังไง?
22-0166	sound_auth	<color=ｍonologue>(If we want to expose the secrets of AD-9,\nthere's one man we have to chase down.)</color>	<color=ｍonologue>(ถ้าอยากเปิดโปงความลับของ AD-9\nก็มีชายคนหนึ่งที่เราต้องตามล่าให้เจอ)</color>
22-0167	sound_auth	I'm gonna keep going after Kuroiwa.\nStay on his tail 'til I get a solid lead.	ผมจะตามล่าคุโรอิวะต่อไป\nติดตามเขาจนกว่าจะได้เบาะแสที่แน่ชัด
22-0168	sound_auth	You may be waiting a long time, then.\nHe's not the type of man to slip up.	งั้นคุณอาจต้องรอนานเลยนะ\nเขาไม่ใช่คนประเภทที่จะพลาดง่าย ๆ
22-0169	sound_auth	Well, you may be waiting a long time.\nHe's not the type of man to slip up.	คุณอาจต้องรอนานอยู่นะ\nเขาไม่ใช่คนประเภทที่จะพลาดง่าย ๆ
22-0170	sound_auth	I know. It'll take some time for sure,\nbut there's no other way.	ผมรู้ มันคงต้องใช้เวลาแน่ ๆ\nแต่ก็ไม่มีทางอื่นแล้ว
22-0171	sound_auth	I'm not sure you have\nthe time you think you do.	ผมไม่แน่ใจว่าคุณจะมี\nเวลาเหลืออย่างที่คิดหรอกนะ
22-0172	sound_auth	I'm not sure you have the time\nyou think you do.	ผมไม่แน่ใจว่าคุณจะมีเวลา\nเหลืออย่างที่คิดหรอกนะ
22-0173	sound_auth	...What do you mean?	...หมายความว่าไง?
22-0174	sound_auth	It won't be long until\nShinpei Okubo is executed.	อีกไม่นานหรอก\nชินเป โอคุโบะก็จะถูกประหาร
22-0175	sound_auth	Shinpei Okubo... doesn't have\nmuch time left.	ชินเป โอคุโบะ...\nเหลือเวลาอีกไม่มากแล้ว
22-0176	sound_auth	So say my connections, at least.	อย่างน้อยก็ตามที่คนของผมบอกมานะ
22-0177	sound_auth	There's a top-secret list stating which death row\ninmates are potential execution candidates for the near future.	มีบัญชีลับสุดยอดที่ระบุว่า\nนักโทษประหารคนไหนมีแนวโน้มจะ ถูกประหารในเร็ว ๆ นี้
22-0178	sound_auth	You see... there's a top-secret list stating which death row inmates\nare potential execution candidates.	คือว่า... มีบัญชีลับสุดยอดที่ระบุว่า\nนักโทษประหารคนไหนมีแนวโน้มจะ ถูกประหาร
22-0179	sound_auth	Apparently Okubo is on that list.	ดูเหมือนโอคุโบะจะอยู่ในบัญชีนั้นด้วย
22-0180	sound_auth	Once the Minister of Justice rubberstamps\nthe execution, it's over.	แค่รอรัฐมนตรียุติธรรมเซ็นอนุมัติ\nการประหาร มันก็จบ
22-0181	sound_auth	The Minister of Justice\njust needs to approve it.	แค่รอรัฐมนตรียุติธรรม\nอนุมัติเท่านั้นเอง
22-0182	sound_auth	What? But why!?	อะไรนะ? แต่ทำไมล่ะ!?
22-0183	sound_auth	What? Why?	อะไรนะ? ทำไม?
22-0184	sound_auth	Someone must have pressured\nthe ministry to put Okubo on the list.	ต้องมีใครสักคนกดดัน\nกระทรวงให้ใส่ชื่อโอคุโบะลงในบัญชีแน่ ๆ
22-0185	sound_auth	Someone must have pressured the ministry\nto put Okubo on the list.	ต้องมีใครสักคนกดดันกระทรวง\nให้ใส่ชื่อโอคุโบะลงในบัญชีแน่ ๆ
22-0186	sound_auth	Dammit! If I don't do something soon,\nI'm gonna lose my chance forever...	บ้าเอ๊ย! ถ้าผมไม่รีบทำอะไรสักอย่าง\nผมจะเสียโอกาสไปตลอดกาลแน่...
22-0187	sound_auth	Dammit!\nThen we have to act now, or...	บ้าเอ๊ย!\nงั้นเราต้องลงมือตอนนี้เลย ไม่งั้น...
22-0188	sound_auth	If it were me, I'd try going after\nan easier target than Kuroiwa.	ถ้าเป็นผม ผมคงลองไปเล่นงาน\nเป้าหมายที่ง่ายกว่าคุโรอิวะดู
22-0189	sound_auth	If it were up to me, I'd try going after\nan easier target than Kuroiwa.	ถ้าเป็นผมตัดสินใจ ผมคงลองไปเล่นงาน\nเป้าหมายที่ง่ายกว่าคุโรอิวะดู
22-0190	sound_auth	And who would that be?	แล้วจะเป็นใครล่ะ?
22-0191	sound_auth	Look. This is an article\nof mine that got scrapped.	ดูนี่สิ นี่คือบทความ\nของผมที่โดนตีตกไปน่ะ
22-0192	sound_auth	Take a look at this. This is an article of mine\nthat got scrapped.	ลองดูนี่สิ นี่คือบทความของผม\nที่โดนตีตกไปน่ะ
22-0193	sound_auth	<color=ｍonologue>("Researcher Mired in Scandal"?\n"Millions of Yen Paid in Hush Money"?)</color>	<color=ｍonologue>("นักวิจัยพัวพันเรื่องอื้อฉาว" งั้นเหรอ?\n"จ่ายเงินปิดปากหลักล้านเยน" เนี่ยนะ?)</color>
22-0194	sound_auth	Kido-san? Really?	คิโดะซังเหรอ? จริงดิ?
22-0195	sound_auth	...Wait, really? Kido-san?	...เดี๋ยว จริงดิ? คิโดะซังเนี่ยนะ?
22-0196	sound_auth	His womanizing ways are actually pretty well-known.\nGuess he's really cut loose since they announced AD-9.	เรื่องเจ้าชู้ของเขานี่คนรู้กัน ทั่วเลยนะ\nคงปล่อยตัวหนักขึ้นตั้งแต่มีการ ประกาศเรื่อง AD-9 สินะ
22-0197	sound_auth	His womanizing habits are actually pretty well-known.\nGuess he's really cut loose since they announced AD-9.	นิสัยเจ้าชู้ของเขานี่คนรู้กัน ทั่วเลยนะ\nคงปล่อยตัวหนักขึ้นตั้งแต่มีการ ประกาศเรื่อง AD-9 สินะ
22-0198	sound_auth	Underneath the lab coat he's nothing but a\nshameless pervert. If anything <font_kind=yakuza_italic>he's</font_kind> the one you should be going after.	ใต้เสื้อกาวน์นักวิจัยน่ะ เขาก็แค่\nโรคจิตไร้ยางอายคนหนึ่ง ถ้าจะเล่นงานใคร <font_kind=yakuza_italic>เขา</font_kind>นี่แหละที่ควรโดนก่อน
22-0199	sound_auth	Underneath the lab coat he's nothing but a shameless horndog.\nKuroiwa's not that vulnerable, but maybe <font_kind=yakuza_italic>he</font_kind> is.	ใต้เสื้อกาวน์นักวิจัยน่ะ เขาก็แค่คนเจ้าชู้ไร้ยางอาย\nคุโรอิวะน่ะไม่มีจุดอ่อนขนาดนั้นหรอก แต่<font_kind=yakuza_italic>เขา</font_kind>อาจจะมี
22-0200	sound_auth	No way am I getting into\nthe ADDC, though. Not now.	แต่ผมคงเข้า ADDC\nไม่ได้อีกแล้วล่ะ ไม่ใช่ตอนนี้
22-0201	sound_auth	But I can't get back into the ADDC.\nI've played that card already.	แต่ผมกลับเข้า ADDC ไม่ได้แล้ว\nไพ่ใบนั้นผมเล่นไปแล้ว
22-0202	sound_auth	Then you'll just have to lure him out.	งั้นคุณก็แค่ต้องล่อเขาออกมา
22-0203	sound_auth	Well then, Yagami-san, you'll just\nhave to lure him out.	งั้น ยากามิซัง คุณก็แค่\nต้องล่อเขาออกมาเอง
22-0204	sound_auth	That's the only way to get\na cautious quarry to leave its nest.	นั่นเป็นทางเดียวที่จะทำให้\nเหยื่อผู้ระแวดระวังยอมออกจากรัง
22-0205	sound_auth	That's the only way to get a\ncautious quarry to leave its nest.	นั่นเป็นทางเดียวที่จะทำให้เหยื่อ\nผู้ระแวดระวังยอมออกจากรัง
22-0206	sound_auth	And how're we gonna do that?	แล้วเราจะทำแบบนั้นได้ยังไง?
22-0207	sound_auth	Offer him a delicious meal.\nFor Kido, that would be...	ก็เสนออาหารมื้อโอชะให้เขาสิ\nสำหรับคิโดะแล้ว นั่นก็คือ...
22-0208	sound_auth	All you need is the perfect bait to tempt him out.\nFor Kido, that would be...	แค่หาเหยื่อล่อที่สมบูรณ์แบบมา ล่อเขาออกมา\nสำหรับคิโดะแล้ว นั่นก็คือ...
22-0209	sound_auth	A woman.\nA beautiful one, ideally.	ผู้หญิงไงล่ะ\nยิ่งสวยก็ยิ่งดี
22-0210	sound_auth	A woman. A beautiful one, ideally.	ผู้หญิงไงล่ะ ยิ่งสวยก็ยิ่งดี
22-0211	sound_auth	Well that was the last place\nI expected to get any good advice.	นึกไม่ถึงเลยว่าจะได้คำแนะนำดี ๆ\nจากที่นี่ของทุกที่
22-0212	sound_auth	Weird guy to take advice from.	แปลกดีนะที่ต้องมาฟังคำแนะนำจาก คนแบบนี้
22-0213	sound_auth	Yeah. He had a point, though.\nKido might be our best bet for evidence.	ใช่ แต่เขาก็พูดมีเหตุผลนะ\nคิโดะอาจเป็นความหวังที่ดี ที่สุดของเราในการหาหลักฐาน
22-0214	sound_auth	Yup. But he might be right about Kido.\nThat could help us get more evidence.	ใช่ แต่เขาอาจพูดถูกเรื่องคิโดะก็ได้\nนั่นอาจช่วยให้เราได้หลักฐานเพิ่มขึ้น
22-0215	sound_auth	Evidence that could reveal\nthe truth about AD-9...	หลักฐานที่อาจเปิดเผย\nความจริงเรื่อง AD-9 ได้...
22-0216	sound_auth	We're gonna have to drag\nhim outta the ADDC first.	เราต้องลาก\nเขาออกจาก ADDC ให้ได้ก่อน
22-0217	sound_auth	We're gonna have to drag him\noutta the ADDC first.	เราต้องลากเขา\nออกจาก ADDC ให้ได้ก่อน
22-0218	sound_auth	Hattori suggested seducing\nhim to Kamurocho...	ฮัตโตริแนะนำให้ล่อลวง\nเขามาที่คามุโรโจ...
22-0219	sound_auth	Through seduction? Will that\nget him to Kamurocho?	ด้วยการล่อลวงเหรอ? แบบนั้นจะทำให้\nเขามาคามุโรโจได้จริง ๆ เหรอ?
22-0220	sound_auth	A honey trap, huh? Guess it's time\nfor Saori-san to do her thing again.	กับดักน้ำผึ้งเหรอ? ก็คงถึงเวลา\nให้ซาโอริซังลงมือทำสิ่งที่ถนัด อีกครั้งแล้วสิ
22-0221	sound_auth	A honey trap, huh?\nYou don't think...	กับดักน้ำผึ้งเหรอ?\nไม่นะ ไม่ได้คิดว่า...
22-0222	sound_auth	<color=ｍonologue>(Hope Kamurocho's number one\nhostess has a few more tricks up her sleeve.)</color>	<color=ｍonologue>(หวังว่านางโฮสเตสอันดับหนึ่ง\nของคามุโรโจจะยังมีไม้เด็ดเหลือ อีกสักหน่อยนะ)</color>
22-0223	sound_auth	Yeah. I'll ask her tomorrow.	ใช่ พรุ่งนี้ผมจะไปถามเธอดู
22-0224	sound_auth	I'll ask Saori-san... first thing tomorrow.	ผมจะไปถามซาโอริซัง... ตั้งแต่เช้าพรุ่งนี้เลย
22-0225	sound_auth	Well, I'm all outta gas for tonight.\nSeeya tomorrow, man.	เอาล่ะ คืนนี้ฉันหมดแรงแล้วล่ะ\nเจอกันพรุ่งนี้นะเพื่อน
22-0226	sound_auth	Yeah, I'm all outta gas for tonight.\nAll right, see ya.	ใช่ คืนนี้ฉันหมดแรงแล้วล่ะ\nเอาล่ะ แล้วเจอกัน
22-0227	sound_auth	Oh... Yagami-san.	อ้าว... ยากามิซัง
22-0228	sound_auth	Hey, Saori-san...	เฮ้ ซาโอริซัง...
22-0229	sound_auth	I have another favor\nI wanna ask you.	ผมมีอีกเรื่องนึงที่อยาก\nขอความช่วยเหลือจากคุณ
22-0230	sound_auth	I have another favor I wanna ask you...	ผมมีอีกเรื่องนึงที่อยาก ขอความช่วยเหลือจากคุณ...
22-0231	sound_auth	A favor?	ขอร้องอะไรเหรอคะ?
22-0232	sound_auth	Think you can handle it?	คิดว่าคุณรับมือได้ไหม?
22-0233	sound_auth	Tell me what "it" is.	บอกมาก่อนว่า "มัน" คืออะไร
22-0234	sound_auth	All right then. We need you\nto set a honey trap for Kido.	งั้นเอาล่ะ เราอยากให้คุณ\nวางกับดักน้ำผึ้งให้คิโดะ
22-0235	sound_auth	Here's the thing... Saori-san, we need you\nto set a honey trap for Kido.	คือแบบนี้นะ... ซาโอริซัง เราอยากให้คุณ\nวางกับดักน้ำผึ้งให้คิโดะ
22-0236	sound_auth	A... what?	กับ... อะไรนะ?
22-0237	sound_auth	A honey trap?	กับดักน้ำผึ้งเหรอคะ?
22-0238	sound_auth	It's when you seduce\na man to get information.	ก็คือการล่อลวง\nผู้ชายเพื่อเอาข้อมูลน่ะ
22-0239	sound_auth	It's when you seduce a man\nto get information.	ก็คือการล่อลวงผู้ชาย\nเพื่อเอาข้อมูลน่ะ
22-0240	sound_auth	And you're sure you want <font_kind=yakuza_italic>me</font_kind>?	แล้วคุณแน่ใจนะว่าอยากให้เป็น<font_kind=yakuza_italic>ฉัน</font_kind>?
22-0241	sound_auth	You want <font_kind=yakuza_italic>me</font_kind> for this?	อยากให้<font_kind=yakuza_italic>ฉัน</font_kind>ทำเรื่องนี้เหรอคะ?
22-0242	sound_auth	How could you ask her to do that?	คุณขอให้เธอทำแบบนั้นได้ยังไง?
22-0243	sound_auth	Saori-san, a honey trap!?	ซาโอริซัง กับดักน้ำผึ้งเนี่ยนะ!?
22-0244	sound_auth	You can't be serious.	นี่ล้อกันเล่นใช่ไหม
22-0245	sound_auth	Hey, seriously?	เฮ้ พูดจริงเหรอ?
22-0246	sound_auth	Look, we need to get to Kido somehow.	ฟังนะ เราต้องเข้าถึงตัวคิโดะให้ได้ ไม่ว่าจะวิธีไหน
22-0247	sound_auth	Look, we need Kido out of the ADDC.	ฟังนะ เราต้องดึงคิโดะออกจาก ADDC ให้ได้
22-0248	sound_auth	This is the best shot we have\nof luring him into Kamurocho.	นี่คือโอกาสที่ดีที่สุดที่เรามี\nในการล่อเขามาคามุโรโจ
22-0249	sound_auth	This is our best shot at\nluring him into Kamurocho.	นี่คือโอกาสที่ดีที่สุดของเรา\nในการล่อเขามาคามุโรโจ
22-0250	sound_auth	Don't be ridiculous! Asking her to be a hostess is\none thing, but you can't make her sleep with that creep!	อย่าพูดไร้สาระน่า! การขอให้เธอไปเป็นโฮสเตส\nก็เรื่องนึง แต่จะให้เธอไปนอนกับไอ้โรคจิต นั่นไม่ได้!
22-0251	sound_auth	Don't be ridiculous! Asking her to be a hostess is one thing,\nbut you can't make her sleep with that creep!	อย่าพูดไร้สาระน่า! การขอให้เธอไปเป็นโฮสเตสก็เรื่องนึง\nแต่จะให้เธอไปนอนกับไอ้โรคจิต นั่นไม่ได้!
22-0252	sound_auth	Hold on there, Hoshino-kun.	ใจเย็นก่อนสิ โฮชิโนะคุง
22-0253	sound_auth	Whoa whoa whoa, hold your horses.	โว้ โว้ โว้ ใจเย็น ๆ ก่อน
22-0254	sound_auth	Isn't that what a honey trap is!?	นั่นมันก็คือกับดักน้ำผึ้ง อยู่แล้วไม่ใช่เหรอ!?
22-0255	sound_auth	I never said that.	ผมไม่เคยพูดแบบนั้นสักหน่อย
22-0256	sound_auth	You don't have to listen\nto them, Saori-san.	คุณไม่ต้องฟังพวกเขา\nก็ได้นะ ซาโอริซัง
22-0257	sound_auth	Saori-san, you don't have to\nlisten to them.	ซาโอริซัง คุณไม่ต้องฟัง\nพวกเขาก็ได้นะ
22-0258	sound_auth	I mean, just talking about this\nis practically entrapment!	ผมหมายถึง แค่พูดเรื่องนี้\nก็เกือบจะเข้าข่าย การล่อให้กระทำความผิดอยู่แล้ว นะ!
22-0259	sound_auth	Just talking about this is\npractically entrapment!	แค่พูดเรื่องนี้ก็เกือบ\nจะเป็นการล่อให้กระทำความผิด แล้วนะครับ!
22-0260	sound_auth	Not to be rude... but I asked Saori-san,\nnot you. Why do you care so much anyway?	ไม่ได้ตั้งใจจะเสียมารยาทนะ...แต่ผมถามซาโอริซัง\nไม่ได้ถามนาย แล้วทำไมนายถึงร้อนตัวกับเรื่อง นี้นักล่ะ?
22-0261	sound_auth	Not to be rude... but why are you getting so worked up?\nI asked Saori-san, not you.	ไม่ได้ตั้งใจจะเสียมารยาทนะ...แต่ทำไมนายถึงร้อนตัวนักล่ะ?\nผมถามซาโอริซัง ไม่ได้ถามนาย
22-0262	sound_auth	Because I care about her!	ก็เพราะผมห่วงเธอไง!
22-0263	sound_auth	Hoo-boy.	โห...
22-0264	sound_auth	You... what?	นาย...อะไรนะ?
22-0265	sound_auth	Er, no, I... I-I mean I have...\nI have a lot of respect for her, as a coworker.	เอ่อ ไม่ใช่ครับ ผม...ผมหมายถึง...\nผมแค่นับถือเธอมาก ในฐานะเพื่อนร่วมงานครับ
22-0266	sound_auth	Er, no, I just... I have a lot of respect\nfor her, as a coworker.	เอ่อ ไม่ใช่ครับ ผมแค่...\nผมนับถือเธอมากในฐานะ เพื่อนร่วมงานครับ
22-0267	sound_auth	Well, that's enough of that. Yagami.\nYou're sure there'll be no risk to Saori-kun?	เอาล่ะ พอแค่นี้เรื่องนั้น ยากามิ\nนายมั่นใจนะว่าซาโอริคุงจะไม่มี อันตรายอะไร?
22-0268	sound_auth	All right, enough of that... Now, Yagami.\nYou're sure there'll be no risk to Saori-kun?	เอาล่ะ พอกันทีสำหรับเรื่องนั้น... ทีนี้ ยากามิ\nนายมั่นใจนะว่าซาโอริคุงจะไม่มี อันตรายอะไร?
22-0269	sound_auth	Absolutely. I have a plan.	แน่นอนครับ ผมมีแผนอยู่แล้ว
22-0270	sound_auth	Absolutely. It'll be fine.\nI have a plan.	แน่นอนครับ ไม่มีปัญหาแน่\nผมมีแผนอยู่แล้ว
22-0271	sound_auth	Which is what, exactly?	แผนอะไรกันแน่คะ?
22-0272	sound_auth	I'll tell you once we get there.\nFirst I need to know if you're in.	ไปถึงที่นั่นแล้วจะบอกครับ\nก่อนอื่นผมต้องรู้ก่อนว่าคุณจะทำไหม
22-0273	sound_auth	I'll tell you once we get there. Before that, though,\nI need to know if you're in.	ไปถึงที่นั่นแล้วจะบอกครับ แต่ก่อนอื่น\nผมต้องรู้ก่อนว่าคุณจะทำไหม
22-0274	sound_auth	<color=ｍonologue>(If I can help him\nexpose the truth... Then...)</color>	<color=ｍonologue>(ถ้าฉันช่วยให้เขา\nเปิดโปงความจริงได้... งั้น...)</color>
22-0275	sound_auth	It's what the investigation calls for.	ถ้านี่คือสิ่งที่การสืบสวน ต้องการก็ต้องทำ
22-0276	sound_auth	I'll do what I must.	ฉันจะทำในสิ่งที่ต้องทำ
22-0277	sound_auth	I want to avenge\nShintani-sensei's death, too.	ฉันก็อยากล้างแค้น\nให้กับการตายของอาจารย์ชินทานิ เหมือนกัน
22-0278	sound_auth	I want to avenge Shintani-sensei's\ndeath, too.	ฉันก็อยากล้างแค้นให้กับ\nการตายของอาจารย์ชินทานิด้วยเหมือนกัน
22-0279	sound_auth	All right...\nThen we don't have time to lose!	เอาล่ะ...\nงั้นเราไม่มีเวลาให้เสียแล้ว!
22-0280	sound_auth	All right... We don't have\ntime to lose!	เอาล่ะ... เราไม่มี\nเวลาให้เสียแล้ว!
22-0281	sound_auth	We? Since when was it we?	เรา? ตั้งแต่เมื่อไหร่ที่กลายเป็น 'เรา' ล่ะ?
22-0282	sound_auth	Huh? Now you're in?	หา? ตอนนี้นายร่วมด้วยแล้วเหรอ?
22-0283	sound_auth	If this is really what Saori-san wants,\nI'll do everything in my power to help her!	ถ้านี่คือสิ่งที่ซาโอริซัง ต้องการจริงๆ\nผมจะทำทุกอย่างเท่าที่ทำได้ เพื่อช่วยเธอ!
22-0284	sound_auth	If Saori-san says she'll do it...\nI'll do everything in my power to support her!	ถ้าซาโอริซังบอกว่าจะทำ...\nผมจะทำทุกอย่างเท่าที่ทำได้ เพื่อสนับสนุนเธอ!
22-0285	sound_auth	Well, okay.	ก็ได้
22-0286	sound_auth	Oh, we'll need another makeover, right?\nI'll go this time! Mind if we use the same salon?	อ้อ ต้องแต่งตัวใหม่อีกทีใช่ไหมครับ?\nรอบนี้ผมไปเองครับ! ใช้ร้านเดิมได้ไหมครับ?
22-0287	sound_auth	Oh, we'll need makeup again, right? I can go this time!\nMind if we use the same salon?	อ้อ ต้องแต่งหน้าใหม่อีกทีสินะครับ? รอบนี้ผมไปได้ครับ!\nใช้ร้านเดิมได้ไหมครับ?
22-0288	sound_auth	Sure, but I was thinking she'd be\na journalist this time, not a hostess.	ได้ แต่ผมคิดว่ารอบนี้เธอน่าจะเป็น\nนักข่าว ไม่ใช่โฮสเตส
22-0289	sound_auth	Sure, but I don't think she'll be playing a hostess.\nThis time, she'll have to act like a journalist.	ได้ แต่ผมว่ารอบนี้เธอคงไม่ได้เล่น เป็นโฮสเตสแล้ว\nรอบนี้เธอต้องสวมบทเป็นนักข่าว
22-0290	sound_auth	A journalist? Really?	นักข่าวเหรอคะ? จริงๆ เหรอ?
22-0291	sound_auth	A journalist...?	นักข่าว...เหรอคะ?
22-0292	sound_auth	Think about it.\nYour mark is inside the ADDC, right?	ลองคิดดูสิครับ\nเป้าหมายของคุณอยู่ใน ADDC ใช่ไหม?
22-0293	sound_auth	Your mark is inside the ADDC, right?	เป้าหมายของคุณอยู่ใน ADDC ใช่ไหม?
22-0294	sound_auth	You'll be able to get him alone much more\nnaturally if you go in asking for an interview.	ถ้าคุณเข้าไปขอสัมภาษณ์\nคุณจะดึงตัวเขาออกมาอยู่ ตามลำพังได้เป็นธรรมชาติกว่า เยอะ
22-0295	sound_auth	It's no cabaret. If you go in asking for an interview,\nyou'll be more likely to get him alone.	ที่นี่ไม่ใช่คาบาเรต์\nถ้าคุณเข้าไปขอสัมภาษณ์ คุณจะมีโอกาสดึงตัวเขามาอยู่ ตามลำพังได้มากกว่า
22-0296	sound_auth	Aha.	อ้อ
22-0297	sound_auth	Makes sense...	ก็มีเหตุผลนะ...
22-0298	sound_auth	And you'll need to dress the part. I'm talking high skirts\nand low cuts. That'll bring out the worst in any old lech.	แล้วก็ต้องแต่งตัวให้เข้ากับบทด้วย\nผมหมายถึงกระโปรงสั้นๆ กับคอเสื้อลึกๆ แบบนั้นจะดึงด้านแย่ๆ ของพวกหื่นๆ ออกมาได้
22-0299	sound_auth	As for your clothes, they've gotta draw his eyes.\nI'm talking short skirts and low cuts.	ส่วนเรื่องเสื้อผ้า ต้องดึงสายตาเขาให้ได้\nผมหมายถึงกระโปรงสั้นๆ กับคอเสื้อลึกๆ
22-0300	sound_auth	Now we're talking!\nI'll take that over a hostess any day.	นี่สิถึงจะเรียกว่าใช่!\nแบบนี้ดีกว่าโฮสเตสเยอะเลย
22-0301	sound_auth	Whoa-ho! Forget hostesses;\nthat's classic charm!	โอ้โฮ! ลืมโฮสเตสไปได้เลย\nนี่แหละเสน่ห์คลาสสิกของแท้!
22-0302	sound_auth	Okay! I have some things I need to take care of. Can you\nhead to the ADDC once you're done with your makeup, Saori-san?	โอเคครับ ผมมีเรื่องต้องจัดการอีกหน่อย\nพอแต่งตัวเสร็จแล้วช่วยไปที่ ADDC เลยได้ไหมครับ ซาโอริซัง?
22-0303	sound_auth	Anyway, I have some things I need to take care of.\nCan you head to the ADDC once your makeup's done?	เอาเป็นว่าผมมีเรื่องต้องจัดการ อีกหน่อย\nพอแต่งหน้าเสร็จแล้วช่วยไปที่ ADDC ได้ไหมครับ?
22-0304	sound_auth	We'll meet there.	แล้วเจอกันที่นั่นนะ
22-0305	sound_auth	Okay. I understand.	ค่ะ เข้าใจแล้ว
22-0306	sound_auth	Well, see you soon.	งั้นเดี๋ยวเจอกันครับ
22-0307	sound_auth	We should be going too, Saori-san.\nLet's get you that makeover!	เราก็ควรไปกันได้แล้วนะครับ ซาโอริซัง\nไปแต่งตัวกันเถอะ!
22-0308	sound_auth	Saori-san, we should get going too.\nTo the makeup artist!	ซาโอริซัง เราก็ควรไปกันได้แล้วนะครับ\nไปหาช่างแต่งหน้ากันเถอะ!
22-0309	sound_auth	Here we are, Saori-san.\nHair Salon Cherry.	ถึงแล้วครับ ซาโอริซัง\nร้านแฮร์ซาลอนเชอร์รี่
22-0310	sound_auth	Saori-san, this is the place.\nHair Salon Cherry.	ซาโอริซัง ที่นี่แหละครับ\nร้านแฮร์ซาลอนเชอร์รี่
22-0311	sound_auth	I'm... honestly a little nervous.	ผม...พูดตรงๆ ก็ประหม่านิดหน่อยครับ
22-0312	sound_auth	I'm... a little nervous.	ผม...ประหม่านิดหน่อยครับ
22-0313	sound_auth	<color=ｍonologue>(Why is <font_kind=yakuza_italic>he</font_kind> nervous?)</color>	<color=ｍonologue>(ทำไม<font_kind=yakuza_italic>เขา</font_kind>ถึงดูประหม่าแบบนั้นล่ะ?)</color>
22-0314	sound_auth	Didn't I already do this\nwhen I was a hostess?	ฉันเคยทำแบบนี้มาแล้ว\nตอนเป็นโฮสเตสไม่ใช่เหรอ?
22-0315	sound_auth	Can't we do what I did\nas a hostess?	เราใช้แบบเดียวกับ\nตอนที่ฉันเป็นโฮสเตสไม่ได้เหรอ?
22-0316	sound_auth	Sure, but everything's different\nthis time! Saori-san the journalist...	ก็ใช่ครับ แต่รอบนี้ทุกอย่างต่างออกไปหมด!\nซาโอริซังในบทนักข่าว...
22-0317	sound_auth	Sure, I guess, but everything's different this time!\nSaori-san the journalist...	ก็คงงั้นครับ แต่รอบนี้ทุกอย่างต่างออกไปหมดเลย!\nซาโอริซังในบทนักข่าว...
22-0318	sound_auth	An intellectual beauty... Classy...\nWorldly... What guy wouldn't fall for that?	สาวสวยสายปัญญา... หรูหรา...\nผ่านโลกมาเยอะ... ผู้ชายคนไหนจะไม่หลงกันล่ะครับเนี่ย?
22-0319	sound_auth	An intellectual beauty... with a mature charm\nto knock a guy's socks off...	สาวสวยสายปัญญา... กับเสน่ห์แบบผู้ใหญ่\nที่ทำเอาผู้ชายเป๋ไปเลย...
22-0320	sound_auth	Don't give me that look.	อย่ามองฉันแบบนั้นสิ
22-0321	sound_auth	Don't look at me like that.	อย่ามองฉันแบบนั้นนะ
22-0322	sound_auth	Oh, sorry, I didn't mean to stare...	อ้อ ขอโทษครับ ผมไม่ได้ตั้งใจจะจ้องขนาดนั้น...
22-0323	sound_auth	Sorry, I didn't mean to stare...	ขอโทษครับ ผมไม่ได้ตั้งใจจะจ้อง...
22-0324	sound_auth	Anyway, I'm sure you'll be stunning\nno matter how much makeup you wear!	ยังไงก็เถอะ ผมมั่นใจว่าซาโอริซังจะสวยสะดุดตา\nไม่ว่าจะแต่งหน้าแค่ไหนก็ตาม!
22-0325	sound_auth	Anyway, I'm sure you'll be stunning no matter what\nmakeup you wear! Guaranteed!	ยังไงก็เถอะ ผมมั่นใจว่าจะสวยสะดุดตาไม่ว่า จะแต่งหน้าแบบไหน!\nรับประกันเลยครับ!
22-0326	sound_auth	And if I disappoint you?	แล้วถ้าฉันทำให้ผิดหวังล่ะ?
22-0327	sound_auth	Well that's just not possible.	แบบนั้นเป็นไปไม่ได้อยู่แล้วครับ
22-0328	sound_auth	That's impossible.	เป็นไปไม่ได้หรอกครับ
22-0329	sound_auth	I hope you're right.	หวังว่าจะเป็นอย่างนั้นนะ
22-0330	sound_auth	I knew it...\nYou're a goddess, Saori-san!	รู้งี้...\nซาโอริซังสวยเหมือนเทพธิดาเลยครับ!
22-0331	sound_auth	I knew it... You look amazing,\nSaori-san!	รู้งี้... ดูสวยมากเลยครับ\nซาโอริซัง!
22-0332	sound_auth	Just incredible. That off-limits allure...\nThat mature aura... 	สุดยอดไปเลย\nเสน่ห์แบบห้ามแตะต้องนั่น... บรรยากาศแบบผู้ใหญ่นั่น... 
22-0333	sound_auth	Just incredible. That intellectual allure...\nThe mature aura...	สุดยอดไปเลย\nเสน่ห์สายปัญญานั่น... บรรยากาศแบบผู้ใหญ่นั่น...
22-0334	sound_auth	Are you going to stop soon?	จะหยุดพูดเร็วๆ นี้ได้ไหมคะ?
22-0335	sound_auth	Again with that?	พูดเรื่องนี้อีกแล้วเหรอ?
22-0336	sound_auth	Sorry, I just...\ngot a little excited.	ขอโทษครับ ผมแค่...\nเผลอตื่นเต้นไปหน่อย
22-0337	sound_auth	Well, I'm ready to go.\nI can take it from here.	เอาล่ะ ฉันพร้อมแล้ว\nที่เหลือฉันจัดการเองได้
22-0338	sound_auth	So independent, too!\nEr... Sorry, I'll stop now.	เป็นตัวของตัวเองด้วยจริงๆ!\nเอ่อ...ขอโทษครับ ผมจะหยุดแล้ว
22-0339	sound_auth	Saori-san, um...	ซาโอริซัง เอ่อ...
22-0340	sound_auth	Don't push yourself, okay?	อย่าฝืนตัวเองนะครับ
22-0341	sound_auth	If things get dangerous, just run.	ถ้าเริ่มอันตรายเมื่อไหร่ วิ่งหนีเลยนะครับ
22-0342	sound_auth	<color=ｍonologue>(I'm glad you care,\nbut don't panic. I've got this.)</color>	<color=ｍonologue>(ดีใจที่ห่วงนะ\nแต่ไม่ต้องตกใจไปหรอก ฉันจัดการได้)</color>
22-0343	sound_auth	Yagami-san said I'll be safe, though.	แต่ยากามิซังบอกว่าฉันจะปลอดภัยนะคะ
22-0344	sound_auth	Well, yeah, your life might not be in danger... But what if\nKido tries to... you know, cop a feel or something?	ก็ใช่ครับ ชีวิตอาจจะไม่ตกอยู่ในอันตราย... แต่ถ้าคิโดะพยายามจะ...\nรู้ใช่ไหมครับ ลวนลามอะไรแบบนั้นล่ะ?
22-0345	sound_auth	Well, yeah, your life might not be in danger, but...\nwhat if Kido tries to... you know, touch you?	ก็ใช่ครับ ชีวิตอาจจะไม่ตกอยู่ในอันตราย แต่...\nถ้าคิโดะพยายามจะ...รู้ใช่ไหมครับ แตะต้องตัวซาโอริซัง?
22-0346	sound_auth	If that's what needs to happen,\nthat's what will happen.	ถ้านั่นคือสิ่งที่ต้องเกิด\nมันก็ต้องเกิด
22-0347	sound_auth	Then that's what happens.	งั้นก็ปล่อยให้มันเกิดไป
22-0348	sound_auth	What!? But...	หา!? แต่ว่า...
22-0349	sound_auth	By the way, Hoshino-kun.	ว่าแต่ โฮชิโนะคุง
22-0350	sound_auth	Thank you for complimenting\nmy makeup. It felt... nice.	ขอบคุณนะที่ชม\nการแต่งหน้าให้ฉัน มันรู้สึก...ดีนะ
22-0351	sound_auth	...Thank you. For the compliment.\nIt felt good.	...ขอบคุณนะ ที่ชม\nรู้สึกดีเหมือนกัน
22-0352	sound_auth	Hold on, Saori-san.	เดี๋ยวก่อน ซาโอริซัง
22-0353	sound_auth	Saori-san, hold on.	ซาโอริซัง เดี๋ยวก่อน
22-0354	sound_auth	Take this with you.\nIt's a hidden camera.	เอาอันนี้ติดตัวไปด้วย\nเป็นกล้องแอบถ่ายครับ
22-0355	sound_auth	Take this hidden camera with you.	เอากล้องแอบถ่ายนี้ติดตัวไปด้วยครับ
22-0356	sound_auth	A what...?	อะไรนะ...?
22-0357	sound_auth	A camera...?	กล้อง...เหรอ?
22-0358	sound_auth	<color=ｍonologue>(I suppose for this to work,\nwe'll need physical proof...)</color>	<color=ｍonologue>(คงจะต้องมีหลักฐานจับต้องได้\nแผนนี้ถึงจะสำเร็จสินะ...)</color>
22-0359	sound_auth	See, this is the lens. Any footage it takes'll\nget sent to my phone in real time.	ดูนี่สิครับ นี่คือเลนส์\nภาพที่ถ่ายได้จะส่งมาที่มือถือ ของผมแบบเรียลไทม์เลย
22-0360	sound_auth	See, this is the lens. Any footage it takes will\nget sent to my phone in real time.	ดูนี่สิครับ นี่คือเลนส์\nภาพที่มันถ่ายได้จะส่งมาที่ มือถือผมแบบเรียลไทม์
22-0361	sound_auth	Here, wear this earpiece too.	แล้วก็ใส่หูฟังตัวนี้ด้วยครับ
22-0362	sound_auth	I'll give you some conversation\npointers while you're in there.	ระหว่างที่คุณอยู่ในนั้น\nผมจะคอยบอกวิธีคุยให้ครับ
22-0363	sound_auth	I'll give you some conversation pointers\nwhile you're in there.	ผมจะคอยบอกเทคนิคการคุยให้\nระหว่างที่คุณอยู่ในนั้นครับ
22-0364	sound_auth	Pointers?	เทคนิคเหรอ?
22-0365	sound_auth	Yeah. This time you'll need to be seductive\nwith the words you say, not just your looks.	ใช่ครับ รอบนี้คุณต้องยั่วยวนด้วยคำพูดด้วย\nไม่ใช่แค่หน้าตาอย่างเดียว
22-0366	sound_auth	This time the seduction won't just rely on your looks.\nYou'll have to say the right things and get him hooked.	รอบนี้การยั่วยวนจะพึ่งแค่ หน้าตาไม่ได้\nคุณต้องพูดให้ถูกจุดแล้วดึงเขา ให้ติดกับ
22-0367	sound_auth	That's why...	เพราะงั้น...
22-0368	sound_auth	You're going to give me tips,\nYagami-san? I'd appreciate that.	ยากามิซังจะช่วยแนะนำให้ฉันเองเหรอคะ?\nขอบคุณมากเลยค่ะ
22-0369	sound_auth	I can leave the flirting to you, then?\nI'd appreciate that.	งั้นเรื่องยั่วเขาก็ยกให้คุณ ช่วยได้เลยใช่ไหมคะ?\nขอบคุณมากค่ะ
22-0370	sound_auth	Wait, really?	เดี๋ยว จริงดิ?
22-0371	sound_auth	Wait, I have to?	เดี๋ยว ผมต้องทำด้วยเหรอ?
22-0372	sound_auth	Of course. Knowing how to woo a man\nisn't exactly my specialty.	ก็ใช่สิคะ\nการจีบผู้ชายไม่ใช่ความถนัดของ ฉันสักหน่อย
22-0373	sound_auth	Of course. Wooing a man\nisn't exactly my area of expertise.	ก็ใช่สิคะ\nการจีบผู้ชายไม่ใช่ความ เชี่ยวชาญของฉันเลย
22-0374	sound_auth	Also... what happens after I seduce him?	แล้วก็... หลังจากฉันยั่วยวนเขาสำเร็จแล้ วจะเกิดอะไรขึ้นคะ?
22-0375	sound_auth	What happens after I seduce him?	หลังจากฉันยั่วยวนเขาสำเร็จแล้ วจะเกิดอะไรขึ้นคะ?
22-0376	sound_auth	Once Kido starts coming on to you...	พอคิโดะเริ่มรุกเข้าหาคุณ...
22-0377	sound_auth	Once Kido starts coming on to you,\nwe'll catch it all on the hidden camera...	พอคิโดะเริ่มรุกเข้าหาคุณ\nเราจะเก็บภาพทั้งหมดไว้ด้วย กล้องแอบถ่าย...
22-0378	sound_auth	We'll catch it all on the camera.	เราจะเก็บภาพทั้งหมดไว้ด้วยกล้อง
22-0379	sound_auth	Meaning there will be evidence\nof his sexual harassment.	หมายความว่าจะมีหลักฐาน\nการคุกคามทางเพศของเขา
22-0380	sound_auth	We'll have evidence of\nsexual harassment.	เราจะมีหลักฐาน\nการคุกคามทางเพศ
22-0381	sound_auth	Yeah. Your job'll be\ndone at that point.	ใช่ครับ พอถึงตอนนั้น\nหน้าที่ของคุณก็จบ
22-0382	sound_auth	Yup. Your job'll be done\nat that point.	ใช่ครับ ถึงตอนนั้น\nหน้าที่ของคุณก็เสร็จสิ้น
22-0383	sound_auth	All we'll need to do after that is use\nthe footage to lure him to Kamurocho.	หลังจากนั้นเราแค่ใช้ภาพนี้\nล่อให้เขามาที่คามุโรโจก็พอ
22-0384	sound_auth	After that, we'll use what leverage we have\nto lure him back to Kamurocho.	หลังจากนั้นเราจะใช้จุดต่อรองที่มี\nล่อให้เขากลับมาที่คามุโรโจ
22-0385	sound_auth	Blackmailing, hm?	แบล็กเมล์กันเลยสินะ?
22-0386	sound_auth	To avoid a sex scandal?	เพื่อไม่ให้เรื่องอื้อฉาวทางเพศ แดงออกมาใช่ไหม?
22-0387	sound_auth	<color=ｍonologue>(Secretly recording sexual harassment\nand blackmailing him with it? This is... a rush!)</color>	<color=ｍonologue>(แอบอัดภาพการคุกคามทางเพศ\nแล้วเอามาแบล็กเมล์เขา? นี่มัน...น่าตื่นเต้นชะมัด!)</color>
22-0388	sound_auth	Don't worry. The more perverted things\nKido does, the more he'll suffer later.	ไม่ต้องห่วงหรอกค่ะ\nยิ่งคิโดะทำอะไรวิตถารมากเท่าไหร่ ทีหลังเขาก็จะยิ่งเจ็บตัวมากเท่านั้น
22-0389	sound_auth	Don't worry. The more perverted things he does,\nthe more he'll suffer later.	ไม่ต้องห่วงค่ะ ยิ่งเขาทำอะไรวิตถารมากเท่าไหร่\nทีหลังก็จะยิ่งเจ็บตัวมากเท่านั้น
22-0390	sound_auth	True, I guess.	ก็คงงั้นแหละครับ
22-0391	sound_auth	I'd rather keep his hands off of me as much as possible,\nthough. That'll be on you and your direction, Yagami-san.	แต่ฉันก็อยากให้เขาแตะตัวฉัน น้อยที่สุดเท่าที่จะทำได้นะคะ\nเรื่องนั้นก็ฝากยากามิซังช่วย กำกับด้วยแล้วกัน
22-0392	sound_auth	I'd rather keep his hands off of me if I can, though.\nThat'll be on you and your direction.	แต่ถ้าเป็นไปได้ฉันก็อยากให้เขา แตะตัวฉันน้อยที่สุดนะคะ\nเรื่องนั้นฝากคุณช่วยกำกับด้วยแล้วกัน
22-0393	sound_auth	Right. Anyway, you should head in.	ครับ เอาล่ะ คุณเข้าไปได้เลยครับ
22-0394	sound_auth	Right. Well, let's do this thing.	ครับ เอาล่ะ ลุยกันเลย
22-0395	sound_auth	Can you hear me, Saori-san? First you're\ngonna want to go to the reception desk.	ได้ยินผมไหมครับ ซาโอริซัง?\nก่อนอื่นให้ไปที่โต๊ะ ประชาสัมพันธ์ก่อนนะครับ
22-0396	sound_auth	Okay, can you hear me, Saori-san?\nFirst, take a look around the lobby.	โอเค ได้ยินผมไหมครับ ซาโอริซัง?\nก่อนอื่นลองมองดูรอบๆ ล็อบบี้ก่อนนะครับ
22-0397	sound_auth	Ask the lady there\nif you can interview Kido.	ลองถามพนักงานตรงนั้น\nดูว่าขอสัมภาษณ์คิโดะได้ไหมครับ
22-0398	sound_auth	Find the reception desk,\nand ask if you can interview Kido.	หาโต๊ะประชาสัมพันธ์\nแล้วถามว่าขอสัมภาษณ์คิโดะได้ไหมครับ
22-0399	sound_auth	Just make something up about wanting\nmore details on AD-9.	แต่งเรื่องขึ้นมาว่าอยากรู้\nรายละเอียดเพิ่มเติมเรื่อง AD-9 ก็พอครับ
22-0400	sound_auth	Just make something up about\nwanting more details on AD-9.	แต่งเรื่องขึ้นมาสักหน่อย\nว่าอยากรู้รายละเอียดเพิ่มเรื่อง AD-9 ก็พอครับ
22-0401	sound_auth	Welcome, ma'am.\nDo you have an appointment?	ยินดีต้อนรับค่ะ\nไม่ทราบว่ามีนัดหมายไว้หรือเปล่าคะ?
22-0402	sound_auth	Welcome. Do you have an appointment?	ยินดีต้อนรับค่ะ มีนัดหมายไว้หรือเปล่าคะ?
22-0403	sound_auth	No. I was wondering if Director Kido\nwould be available for an interview.	ไม่ค่ะ ดิฉันแค่อยากทราบว่า\nท่านผู้อำนวยการคิโดะจะสะดวกให้ สัมภาษณ์ไหมคะ
22-0404	sound_auth	No, I'm afraid not. I was hoping\nto interview Director Kido.	ไม่มีค่ะ ฉันแค่หวังว่า\nจะได้สัมภาษณ์ท่านผู้อำนวยการคิโดะ
22-0405	sound_auth	A freelance journalist\nby the name of Shirosaki.	ดิฉันเป็นนักข่าวอิสระ\nชื่อชิโรซากิค่ะ
22-0406	sound_auth	A freelance journalist by the name\nof Shirosaki.	เป็นนักข่าวอิสระ\nชื่อชิโรซากิค่ะ
22-0407	sound_auth	I wanted to speak with him about AD-9.	อยากคุยกับท่านเรื่อง AD-9 ค่ะ
22-0408	sound_auth	I wanted to speak with him\nabout AD-9.	อยากคุยกับท่าน\nเรื่อง AD-9 น่ะค่ะ
22-0409	sound_auth	I'm terribly sorry, ma'am.\nI can't let you in without an appointment.	ต้องขออภัยจริงๆ ค่ะ\nถ้าไม่มีนัดหมาย ดิฉันให้เข้าไปไม่ได้ค่ะ
22-0410	sound_auth	Oh, I see. In that case, um...	อ๋อ เข้าใจแล้วค่ะ ถ้างั้น เอ่อ...
22-0411	sound_auth	Don't be afraid to press\nthe issue, Saori-san.	อย่ากลัวที่จะยืนกราน\nนะครับ ซาโอริซัง
22-0412	sound_auth	Saori-san, you can press the issue.	ซาโอริซัง ยืนกรานได้เลยนะครับ
22-0413	sound_auth	Director Kido is a very busy man.\nI'm sure you understand.	ท่านผู้อำนวยการคิโดะเป็นคนที่ ยุ่งมากค่ะ\nคิดว่าคงเข้าใจนะคะ
22-0414	sound_auth	I'm sure you understand.\nDirector Kido is a very busy man.	คิดว่าคงเข้าใจนะคะ\nท่านผู้อำนวยการคิโดะเป็นคนที่ ยุ่งมากค่ะ
22-0415	sound_auth	It won't take long, I assure you.	ไม่นานหรอกค่ะ ดิฉันรับรองได้
22-0416	sound_auth	But... I assure you, it won't take long...	แต่...ดิฉันรับรองได้ว่าไม่นานหรอกค่ะ...
22-0417	sound_auth	And I can wait if need be.	แล้วถ้าจำเป็นดิฉันก็รอได้ค่ะ
22-0418	sound_auth	Even so...	ถึงอย่างนั้นก็ตามค่ะ...
22-0419	sound_auth	Please. Can I at least see\nKido-san and ask him myself?	ขอร้องล่ะค่ะ อย่างน้อยขอดิฉันเจอคุณคิโดะ\nแล้วถามด้วยตัวเองได้ไหมคะ?
22-0420	sound_auth	Please. Can I at least see Kido-san\nand ask him myself?	ขอร้องนะคะ อย่างน้อยขอเจอคุณคิโดะ\nแล้วถามด้วยตัวเองได้ไหมคะ?
22-0421	sound_auth	I'm sorry, ma'am. We decline all\nrequests without a prior appointment.	ขอโทษด้วยค่ะ ทางเราปฏิเสธทุกคำขอ\nที่ไม่มีการนัดหมายล่วงหน้าค่ะ
22-0422	sound_auth	I'm afraid you need a prior appointment.\nI'm sorry, but those are the rules.	เกรงว่าจะต้องมีการนัดหมายล่วงหน้าค่ะ\nขอโทษด้วยนะคะ แต่นี่คือกฎ
22-0423	sound_auth	Oh, I think I could make an exception\nfor such a pretty girl.	อ้อ ผมว่าผมยอมยกเว้น\nให้สาวสวยแบบนี้ได้นะ
22-0424	sound_auth	Well... There are exceptions\nfor the fairer sex.	อืม... ก็มีข้อยกเว้น\nสำหรับสุภาพสตรีอยู่บ้างนะ
22-0425	sound_auth	I'm Kido, the director of this center.\nI hear you want to interview me?	ผมคิโดะ ผู้อำนวยการศูนย์แห่งนี้ครับ\nได้ยินว่าอยากสัมภาษณ์ผมเหรอ?
22-0426	sound_auth	I'm Director Kido. I hear you\nwant to interview me?	ผมผู้อำนวยการคิโดะครับ\nได้ยินว่าอยากสัมภาษณ์ผมเหรอ?
22-0427	sound_auth	<color=ｍonologue>(So, this is Kido.)</color>	<color=ｍonologue>(อ๋อ นี่คือคิโดะสินะ)</color>
22-0428	sound_auth	Ah, yes.\nMy name is Shirosaki.	อ๋อ ค่ะ\nดิฉันชื่อชิโรซากิค่ะ
22-0429	sound_auth	Oh, yes. My name is Shirosaki.	อ้อ ใช่ค่ะ ดิฉันชื่อชิโรซากิค่ะ
22-0430	sound_auth	Shirosaki-san, hm?	ชิโรซากิซังสินะ?
22-0431	sound_auth	Ah, Shirosaki-san...	อ้อ ชิโรซากิซัง...
22-0432	sound_auth	Come, I'll show you to my office. A beautiful woman\nlike yourself deserves VIP treatment.	มาเถอะ ผมจะพาไปที่ห้องทำงานของผมเอง\nผู้หญิงสวยแบบคุณสมควรได้รับการ ต้อนรับแบบวีไอพี
22-0433	sound_auth	Well, aren't you a pretty one?\nHere, let me show you to my office.	โห สวยจังเลยนะ\nมาเถอะ ผมจะพาไปที่ห้องทำงานของผมเอง
22-0434	sound_auth	Are you sure, sir?\nThank you very much.	แน่ใจเหรอคะ?\nขอบคุณมากเลยค่ะ
22-0435	sound_auth	You'd do that? Thank you so much!	ไปด้วยจริงๆ เหรอคะ? ขอบคุณมากเลยค่ะ!
22-0436	sound_auth	Ugh, Kido-san...	อุ๊ย คิโดะซัง...
22-0437	sound_auth	Please, Director...	ขอร้องล่ะค่ะ ท่านผู้อำนวยการ...
22-0438	sound_auth	So he's not even trying to hide it.\nNot that I'm complaining.	เขาไม่คิดจะปิดบังเลยสักนิด\nแต่ผมก็ไม่ได้บ่นอะไรหรอกนะ
22-0439	sound_auth	Wow, this is your office?\nIt's breathtaking. I love how spacious it is.	ว้าว นี่ห้องทำงานของคุณเหรอคะ?\nสวยจนแทบลืมหายใจเลย ชอบที่มันกว้างขวางแบบนี้มากค่ะ
22-0440	sound_auth	Wow, it's gorgeous... This is your office?\nIt's breathtaking.	ว้าว สวยจังเลยค่ะ... นี่ห้องทำงานของคุณเหรอคะ?\nสวยจนแทบลืมหายใจเลย
22-0441	sound_auth	Oh, no need to flatter me. Though I do get\nquite a few compliments. Please, take a seat.	โอ๊ะ ไม่ต้องยกยอผมหรอก ถึงจะได้ยินคำชมแบบนี้บ่อยอยู่ก็เถอะ\nเชิญนั่งก่อนครับ
22-0442	sound_auth	No need to flatter me... though I get that a lot.\nPlease, take a seat.	ไม่ต้องยกยอผมหรอก... ถึงจะได้ยินแบบนี้บ่อยก็เถอะ\nเชิญนั่งก่อนครับ
22-0443	sound_auth	Saori-san.\nPut the camera on the table.	ซาโอริซัง\nวางกล้องไว้บนโต๊ะนะครับ
22-0444	sound_auth	Saori-san. Put the camera\non the table.	ซาโอริซัง วางกล้อง\nบนโต๊ะด้วยครับ
22-0445	sound_auth	You really must excuse me. I should have made an\nappointment instead of just showing up on your doorstep.	ต้องขออภัยจริงๆ ค่ะ ดิฉันน่าจะนัดหมายมาก่อน\nแทนที่จะโผล่มาถึงหน้าประตูแบบนี้
22-0446	sound_auth	You really must excuse me\nfor showing up unannounced...	ต้องขออภัยจริงๆ ค่ะ\nที่โผล่มาแบบไม่บอกกล่าวล่วงหน้า...
22-0447	sound_auth	Move it a little to the right.\nAbout fifteen degrees.	ขยับไปทางขวานิดนึงครับ\nประมาณสิบห้าองศา
22-0448	sound_auth	There, perfect.	นั่นแหละ เป๊ะเลย
22-0449	sound_auth	Would you care for a drink,\nShirosaki-san?	รับเครื่องดื่มไหมครับ\nชิโรซากิซัง?
22-0450	sound_auth	Maybe a glass of brandy? There's one I found\nrecently that's truly top-shelf.	บรั่นดีสักแก้วดีไหม? มีขวดที่เพิ่งเจอมาไม่นานนี้\nของดีจริงๆ นะ
22-0451	sound_auth	Maybe a glass of brandy? There's one\nI found recently that's truly top-shelf.	บรั่นดีสักแก้วดีไหม? มีขวดที่เจอมาไม่นานนี้\nเป็นของระดับท็อปเลยนะ
22-0452	sound_auth	Well... sure, I'll have some.\nIt's a special occasion, after all.	ก็...ได้ค่ะ ขอสักแก้ว\nยังไงก็เป็นโอกาสพิเศษนี่คะ
22-0453	sound_auth	Sure, if you're offering.\nOne glass sounds fine.	ได้ค่ะ ถ้าคุณจะเลี้ยง\nสักแก้วก็คงไม่เป็นไร
22-0454	sound_auth	Here you are. I think I'm going\nto enjoy this interview.	นี่ครับ\nผมว่าการสัมภาษณ์ครั้งนี้คงสนุกแน่
22-0455	sound_auth	Excellent... I think I'm going to\nenjoy this interview.	เยี่ยมเลย...\nผมว่าการสัมภาษณ์ครั้งนี้คงสนุกแน่
22-0456	sound_auth	Good job, Saori-san.\nKeep it up.	เก่งมาก ซาโอริซัง\nทำต่อไปนะครับ
22-0457	sound_auth	But it's the middle of the day.\nI can't have alcohol affecting my interview.	แต่นี่มันกลางวันแสกๆ นะคะ\nดิฉันปล่อยให้แอลกอฮอล์มามีผล กับการสัมภาษณ์ไม่ได้
22-0458	sound_auth	Ah, well... I don't know.\nIn the middle of the day?	อ่า ก็...ไม่รู้สิคะ\nกลางวันแสกๆ แบบนี้เหรอ?
22-0459	sound_auth	Come now.\nYou don't need to be so stiff.	ไม่เอาน่า\nไม่ต้องเคร่งขนาดนั้นก็ได้
22-0460	sound_auth	Oh, no need to be so stiff.	โอ๊ะ ไม่ต้องเคร่งขนาดนั้นหรอก
22-0461	sound_auth	I'm sorry, but no.	ขอโทษนะคะ แต่ไม่ล่ะค่ะ
22-0462	sound_auth	Um... I'm sorry, but...	เอ่อ...ขอโทษนะคะ แต่ว่า...
22-0463	sound_auth	Take him up on it, Saori-san.\nWe need him to let his guard down.	รับคำเขาไปเถอะครับ ซาโอริซัง\nเราต้องทำให้เขาลดการ์ดลง
22-0464	sound_auth	Saori-san, go ahead. We need him\nto let his guard down.	ซาโอริซัง รับไปเถอะครับ\nเราต้องทำให้เขาลดการ์ดลง
22-0465	sound_auth	Are you sure?\nJust one small glass.	แน่ใจเหรอ?\nแค่แก้วเล็กๆ แก้วเดียวเอง
22-0466	sound_auth	One glass couldn't hurt...?	แค่แก้วเดียวคงไม่เป็นไรมั้ง...?
22-0467	sound_auth	I dunno... Why do you want\nto get me drunk so bad?	ไม่รู้สิคะ...\nทำไมถึงอยากให้ดิฉันเมาจังเลยล่ะ?
22-0468	sound_auth	Well... I have to wonder, sir.\nWhy do you want to get me drunk so bad?	ก็...ดิฉันอดสงสัยไม่ได้เลยค่ะ\nทำไมคุณถึงอยากให้ดิฉันเมาจังเลยล่ะ?
22-0469	sound_auth	Hmmm, I wonder.	อืม ไม่รู้สินะ
22-0470	sound_auth	Hmmm... Why indeed?	อืม... ทำไมนะ?
22-0471	sound_auth	I'm just here for my job, y'know.	ดิฉันก็แค่มาทำงานน่ะค่ะ รู้ไหม
22-0472	sound_auth	Because, you know...\nI have a job to do here.	ก็เพราะว่า...\nดิฉันมีงานต้องทำที่นี่น่ะค่ะ
22-0473	sound_auth	Oh, yes. Of course.	อ้อ ใช่สิ แน่นอน
22-0474	sound_auth	O-Of course! I know that...	แ-แน่นอนอยู่แล้ว! ผมรู้น่า...
22-0475	sound_auth	Who knows what would happen\nif I got drunk...	ไม่รู้เหมือนกันนะคะ\nว่าจะเกิดอะไรขึ้นถ้าดิฉันเมา...
22-0476	sound_auth	If I got drunk, well...\nwho knows what would happen.	ถ้าดิฉันเมาขึ้นมา ก็...\nไม่รู้เหมือนกันว่าจะเกิดอะไรขึ้น
22-0477	sound_auth	Heh, I think I'm going\nto enjoy this interview.	เฮอะ\nผมว่าการสัมภาษณ์ครั้งนี้คงสนุกแน่
22-0478	sound_auth	I think I'm going to enjoy\nthis interview...	ผมว่าการสัมภาษณ์ครั้งนี้\nคงสนุกแน่เลย...
22-0479	sound_auth	But I don't wannaaa.	แต่ไม่อยากอ่ะ...
22-0480	sound_auth	Uh... Saori-san?	เอ่อ...ซาโอริซัง?
22-0481	sound_auth	Uh... Hold on, Saori-san...	เอ่อ...เดี๋ยวก่อน ซาโอริซัง...
22-0482	sound_auth	That's cute. But...\nYou came to interview me, didn't you?	น่ารักดีนะ แต่...\nคุณมาสัมภาษณ์ผมไม่ใช่เหรอ?
22-0483	sound_auth	That's certainly cute. But...\nyou came to interview me, didn't you?	น่ารักจริงๆ นะ แต่...\nคุณมาสัมภาษณ์ผมไม่ใช่เหรอ?
22-0484	sound_auth	You understand what that means,\nyes? You're not a child.	คุณเข้าใจความหมายนั้น\nใช่ไหม? คุณไม่ใช่เด็กแล้วนี่
22-0485	sound_auth	You understand what that means, yes?\nYou're not a child.	เข้าใจความหมายนั้นใช่ไหม?\nคุณไม่ใช่เด็กแล้วนะ
22-0486	sound_auth	Ah... Yes.	อ่า...ค่ะ
22-0487	sound_auth	Well then, let's have a glass.	งั้นมาดื่มกันสักแก้วเถอะ
22-0488	sound_auth	Good job, Saori-san.\nKido's a real piece of shit...	เก่งมาก ซาโอริซัง\nคิโดะมันไอ้เลวจริงๆ...
22-0489	sound_auth	Good job.\nKido's a real piece of shit...	เก่งมาก\nคิโดะมันไอ้เลวจริงๆ...
22-0490	sound_auth	Keep it up.	ทำต่อไปนะครับ
22-0491	sound_auth	Okay, keep it up.	โอเค ทำต่อไปนะครับ
22-0492	sound_auth	To a wonderful interview.	แด่การสัมภาษณ์ที่ยอดเยี่ยม
22-0493	sound_auth	To a fruitful interview.	แด่การสัมภาษณ์ที่ได้ผล
22-0494	sound_auth	Yes, to the interview.	ค่ะ แด่การสัมภาษณ์
22-0495	sound_auth	Mm, it's incredible.	อืม อร่อยเหลือเชื่อเลยค่ะ
22-0496	sound_auth	Really warms you up,\ndeep in your core, right?	อุ่นวาบเข้าไป\nถึงข้างในเลยใช่ไหมล่ะ?
22-0497	sound_auth	Good brandy warms you up\ndown to your core, right?	บรั่นดีดีๆ อุ่นวาบเข้าไป\nถึงข้างในเลยใช่ไหมล่ะ?
22-0498	sound_auth	Undo another button, Saori-san.	ปลดกระดุมอีกเม็ดนึง ซาโอริซัง
22-0499	sound_auth	Saori-san. Time to undo a button\non your blouse.	ซาโอริซัง ได้เวลาปลดกระดุมเสื้อ\nสักเม็ดแล้วครับ
22-0500	sound_auth	Already!?	เร็วขนาดนี้เลยเหรอ!?
22-0501	sound_auth	Mm? What's wrong?	อืม? เป็นอะไรไป?
22-0502	sound_auth	Oh, um... No. It's just...\ngetting a little toasty in here.	อ้อ เอ่อ...เปล่าค่ะ แค่...\nรู้สึกร้อนๆ นิดหน่อยน่ะ
22-0503	sound_auth	Well, er, yes...\nI am feeling warmer.	เอ่อ ใช่สิ...\nผมก็รู้สึกอุ่นขึ้นเหมือนกัน
22-0504	sound_auth	Good going.\nHe's taking the bait.	ทำได้ดีมาก\nเขาติดกับแล้ว
22-0505	sound_auth	Good going. He's taking the bait.	ทำได้ดี เขาเริ่มติดกับแล้วนะ
22-0506	sound_auth	Now then, er...\nWhat is this interview about?	เอาล่ะ เอ่อ...\nการสัมภาษณ์นี้เกี่ยวกับอะไรนะ?
22-0507	sound_auth	Now then, er...\nwhat is this interview regarding?	เอาล่ะ เอ่อ...\nการสัมภาษณ์นี้เกี่ยวกับเรื่องอะไรนะ?
22-0508	sound_auth	I want to know...\nevery little detail about you.	ดิฉันอยากรู้...\nทุกรายละเอียดเล็กๆ น้อยๆ เกี่ยวกับคุณเลยค่ะ
22-0509	sound_auth	I want to know about you...\nTell me all about the real Kido-san.	ดิฉันอยากรู้จักคุณให้มากกว่านี้...\nเล่าเรื่องตัวตนที่แท้จริงของ คิโดะซังให้ฟังหน่อยสิคะ
22-0510	sound_auth	You're not here to discuss AD-9?	ไม่ได้มาคุยเรื่อง AD-9 เหรอครับ?
22-0511	sound_auth	You're more interesting\nthan some stuffy old drug.	คุณน่าสนใจกว่า\nยาที่น่าเบื่อนั่นเยอะเลยค่ะ
22-0512	sound_auth	Right. After all... The man is more\ninteresting than his creation.	ค่ะ พูดง่ายๆ ก็คือ...\nตัวคนน่าสนใจกว่าผลงานที่สร้าง ขึ้นมาค่ะ
22-0513	sound_auth	I see.\nThis is better than I was expecting.	งั้นเหรอครับ\nดีกว่าที่ผมคาดไว้เสียอีก
22-0514	sound_auth	I see. This is better than\nI was expecting.	งั้นเหรอครับ ดีกว่า\nที่ผมคาดไว้เสียอีก
22-0515	sound_auth	So will you tell me, big boy?	แล้วจะเล่าให้ดิฉันฟังไหมคะ คุณหนุ่มใหญ่?
22-0516	sound_auth	What can you tell me, then?	แล้วเล่าอะไรให้ดิฉันฟังได้บ้างคะ?
22-0517	sound_auth	Well, there's a lot I could say, heh.\nI'm just not sure I should say it here.	ก็มีเยอะเลยนะครับที่พอเล่าได้\nแต่ไม่แน่ใจว่าควรเล่าตรงนี้รึเปล่า
22-0518	sound_auth	Well, eheh, there's a lot I could say...\nI'm just not sure I should.	เอ่อ ฮ่ะๆ มีเยอะเลยนะครับที่พอเล่าได้...\nแต่ไม่แน่ใจว่าควรเล่ารึเปล่า
22-0519	sound_auth	Huh? But it's just the two of us...\nYou can do whatever you want.	หืม? ก็มีแค่เราสองคนนี่คะ...\nคุณจะทำอะไรก็ได้นะ
22-0520	sound_auth	Hmm? But it's just the two of us...\nWhy ever not?	หืม? ก็มีแค่เราสองคนนี่คะ...\nทำไมจะเล่าไม่ได้ล่ะ?
22-0521	sound_auth	You're even more aggressive\nthan I expected.	คุณรุกหนักกว่า\nที่ผมคิดไว้เสียอีกนะครับ
22-0522	sound_auth	Well, it <font_kind=yakuza_italic>is</font_kind> just us...\nYou <font_kind=yakuza_italic>are</font_kind> aggressive!	ก็<font_kind=yakuza_italic>จริง</font_kind>นะครับที่มีแค่เราสองคน...\nคุณ<font_kind=yakuza_italic>รุกหนัก</font_kind>จริงๆ ด้วย!
22-0523	sound_auth	Not yet.\nWork comes first.	ยังก่อนค่ะ\nงานต้องมาก่อน
22-0524	sound_auth	Work before play, good sir.\nPatience is a virtue.	งานต้องมาก่อนความสนุกนะคะท่าน\nความอดทนเป็นสิ่งสำคัญค่ะ
22-0525	sound_auth	Heh. Yes, I suppose the real\nfun can wait until later.	ฮ่ะ ก็ได้ครับ ความสนุก\nตัวจริงคงต้องรอทีหลังแล้วล่ะ
22-0526	sound_auth	Heh. Yes, I suppose the real fun\ncan wait until later.	ฮ่ะ ก็ได้ครับ ความสนุกตัวจริง\nคงต้องรอทีหลังแล้วล่ะ
22-0527	sound_auth	Well played, Saori-san.	เล่นได้ดีมาก ซาโอริซัง
22-0528	sound_auth	Nice going. Well played, Saori-san.	ทำได้ดีมาก เล่นได้ดี ซาโอริซัง
22-0529	sound_auth	I'd like to hear how AD-9 is progressing.	ดิฉันอยากฟังความคืบหน้าของ AD-9 ค่ะ
22-0530	sound_auth	Oh, that.\nI should have known...	อ๋อ เรื่องนั้นเหรอ\nน่าจะเดาได้ตั้งแต่แรก...
22-0531	sound_auth	Oh... I should have known.	อ๋อ... น่าจะเดาได้ตั้งแต่แรก
22-0532	sound_auth	No, no, no, no, it's all right. It's only...\nEveryone who interviews me always asks the same thing.	ไม่ๆๆ ไม่เป็นไรครับ แค่ว่า...\nทุกคนที่มาสัมภาษณ์ผมก็ถามเรื่องเดิมๆ ตลอด
22-0533	sound_auth	No, it's fine. Everyone who interviews me\nalways asks the same questions, is all.	ไม่เป็นไรครับ ทุกคนที่มาสัมภาษณ์ผม\nก็ถามคำถามเดิมๆ ตลอดแหละครับ
22-0534	sound_auth	I'm just going to tell you\nthe same thing I tell everyone else.	ผมก็คงบอกคุณ\nเหมือนที่บอกคนอื่นๆ นั่นแหละครับ
22-0535	sound_auth	I'd just tell you the same thing\nI tell everyone else.	ผมคงบอกคุณเหมือนกับ\nที่บอกคนอื่นๆ นั่นแหละครับ
22-0536	sound_auth	Oh... But...	อ้าว... แต่ว่า...
22-0537	sound_auth	It comes with the job, yes... But I'm sick\nof parroting the same thing over and over again.	มันก็เป็นส่วนหนึ่งของงานแหละครับ... แต่ผมก็เบื่อ\nที่ต้องพูดเรื่องเดิมซ้ำไปซ้ำมา เหมือนกัน
22-0538	sound_auth	It comes with the job, yes... but I'm sick of\nparroting the same thing over and over again.	มันก็เป็นส่วนหนึ่งของงานครับ... แต่ผมก็เบื่อที่\nต้องพูดเรื่องเดิมซ้ำไปซ้ำมาเหมือนกัน
22-0539	sound_auth	Kido's losing interest.\nWhat are you gonna do?	คิโดะเริ่มหมดความสนใจแล้ว\nจะทำยังไงต่อดี?
22-0540	sound_auth	Kido's losing interest...\nSaori-san, what next?	คิโดะเริ่มหมดความสนใจแล้ว...\nซาโอริซัง ทำยังไงต่อดี?
22-0541	sound_auth	What do you mean, "what are you gonna do"?\nMy heart's racing over here...	หมายความว่าไง "จะทำยังไงต่อดี"?\nหัวใจดิฉันเต้นแรงอยู่เลยนะ...
22-0542	sound_auth	...!? My heart's racing over here...	...!? หัวใจดิฉันเต้นแรงอยู่เลยนะ...
22-0543	sound_auth	Your heart, you say?\nLet me see...	หัวใจคุณเหรอครับ?\nขอผมดูหน่อยสิ...
22-0544	sound_auth	Hm? Your heart?\nWell then...	หืม? หัวใจคุณเหรอ?\nงั้น...
22-0545	sound_auth	Ah!	อ๊ะ!
22-0546	sound_auth	Heh, your heartbeat\nseems normal to me.	ฮ่ะ ชีพจรของคุณ\nดูปกติดีนะครับ
22-0547	sound_auth	You're fine. Perfectly normal heartbeat.\nHeh heh heh...	คุณไม่เป็นไรหรอกครับ ชีพจรปกติดีทุกอย่าง\nฮ่ะๆๆ...
22-0548	sound_auth	Ugh, he's even more disgusting\nthan I thought. You okay, Saori-san?	แหวะ เขาน่ารังเกียจกว่า\nที่คิดไว้อีก ซาโอริซังไหวไหม?
22-0549	sound_auth	Ugh, Kido's even more disgusting than I thought.\nHang in there, Saori-san.	แหวะ คิโดะน่ารังเกียจกว่าที่คิดไว้อีก\nอดทนหน่อยนะ ซาโอริซัง
22-0550	sound_auth	A little surprised, but yes,\nI'm okay. Thank you.	ตกใจนิดหน่อยค่ะ แต่\nดิฉันไม่เป็นไร ขอบคุณค่ะ
22-0551	sound_auth	I suppose I was just a little flustered.\nThank you for your concern.	ดิฉันคงแค่ตื่นเต้นนิดหน่อยค่ะ\nขอบคุณที่เป็นห่วงนะคะ
22-0552	sound_auth	Oh, there's no need\nto thank me. Hahaha...	โธ่ ไม่ต้องขอบคุณ\nผมหรอกครับ ฮ่าๆๆ...
22-0553	sound_auth	No need to thank me.\nMy pleasure. Hahaha...	ไม่ต้องขอบคุณผมหรอกครับ\nยินดีเสมอครับ ฮ่าๆๆ...
22-0554	sound_auth	Oh god, sorry about all this, Saori-san.\nYou're doing great, though. Keep going.	โอ๊ย ขอโทษด้วยนะ ซาโอริซัง\nแต่คุณทำได้ดีมากเลย สู้ต่อไปนะ
22-0555	sound_auth	Sorry about all this... but you're doing great,\nSaori-san. Don't let up.	ขอโทษด้วยนะกับเรื่องทั้งหมดนี้... แต่คุณทำได้ดีมาก\nซาโอริซัง อย่าเพิ่งถอยนะ
22-0556	sound_auth	You knowww... why don't you interview <font_kind=yakuza_italic>me</font_kind> instead?	รู้ไหมมม... ทำไมไม่สัมภาษณ์<font_kind=yakuza_italic>ดิฉัน</font_kind>แทนล่ะคะ?
22-0557	sound_auth	You knowww... why don't you\ninterview <font_kind=yakuza_italic>me</font_kind> instead?	รู้ไหมมม... ทำไมไม่สัมภาษณ์\n<font_kind=yakuza_italic>ดิฉัน</font_kind>แทนล่ะคะ?
22-0558	sound_auth	Hold on. Something feels...\noff about all this.	เดี๋ยวก่อนนะ รู้สึกว่า...\nมีอะไรแปลกๆ นะครับ
22-0559	sound_auth	Hold on. Something about this\nfeels... strange.	เดี๋ยวก่อนนะ เรื่องนี้มัน\nรู้สึก... แปลกๆ ครับ
22-0560	sound_auth	Shoot, did you come on too strong?	แย่แล้ว คุณรุกแรงไปรึเปล่าเนี่ย?
22-0561	sound_auth	Are you sure you're a journalist?	แน่ใจนะครับว่าเป็นนักข่าวจริง?
22-0562	sound_auth	Are you really a journalist?	เป็นนักข่าวจริงๆ เหรอครับ?
22-0563	sound_auth	Of course!	แน่นอนอยู่แล้วค่ะ!
22-0564	sound_auth	In that case, wouldn't it be strange\nfor me to be interviewing you?	งั้นมันจะแปลกไหมครับ\nถ้าผมเป็นฝ่ายสัมภาษณ์คุณแทน?
22-0565	sound_auth	But then why would I interview you...?\nI'm not sure I'm following.	แล้วทำไมผมต้องมาสัมภาษณ์คุณล่ะ...?\nผมตามไม่ทันเลยครับ
22-0566	sound_auth	Oh, um... I don't hold my liquor\nvery well. I guess I'm drunk...	อ๋อ เอ่อ... ดิฉันดื่มไม่ค่อยเก่งน่ะค่ะ\nคงเมาไปหน่อยแล้ว...
22-0567	sound_auth	Oh, um... I don't hold my liquor very well.\nI guess I'm a little tipsy...	อ๋อ เอ่อ... ดิฉันดื่มไม่ค่อยเก่งน่ะค่ะ\nคงเมานิดหน่อยแล้ว...
22-0568	sound_auth	Already?\nWell that just won't do.	เร็วขนาดนี้เลยเหรอครับ?\nแบบนี้ไม่ได้นะครับ
22-0569	sound_auth	Already?\nWell, that just won't do.	เร็วขนาดนี้เลยเหรอครับ?\nแบบนี้ไม่ได้เลยนะครับ
22-0570	sound_auth	Aren't you hot in this? Why don't you\nlet those beauties breathe a little?	ร้อนไหมครับกับชุดนี้? ทำไมไม่ปล่อย\nให้สาวๆ ของคุณได้หายใจบ้างล่ะ?
22-0571	sound_auth	I can do it myself!	ดิฉันทำเองได้ค่ะ!
22-0572	sound_auth	Yes, of course.\nGood point. Hehehe...	ครับ ใช่เลย\nพูดถูกนะครับ ฮิฮิ...
22-0573	sound_auth	Ah, yes.\nGood point. Hehehe...	อ้อ ใช่ครับ\nพูดถูกนะครับ ฮิฮิ...
22-0574	sound_auth	Now then... where were we?	เอาล่ะ... เราคุยกันถึงไหนแล้วนะครับ?
22-0575	sound_auth	Now then... shall we continue?\nWhere were we?	เอาล่ะ... คุยกันต่อดีไหมครับ?\nเราถึงไหนแล้วนะ?
22-0576	sound_auth	You should get this over\nwith as quick as possible.	รีบจบเรื่องนี้\nให้เร็วที่สุดเถอะ
22-0577	sound_auth	We better wrap this up quick.\nGet what we came for.	รีบจบให้เร็วดีกว่า\nเอาสิ่งที่เรามาหาให้ได้ก็พอ
22-0578	sound_auth	Make your move, Saori-san.	ลงมือเลย ซาโอริซัง
22-0579	sound_auth	Saori-san, time to make your move.	ซาโอริซัง ได้เวลาลงมือแล้ว
22-0580	sound_auth	Hmmm. In that case...	อืม... งั้น...
22-0581	sound_auth	Oh... Ohhh!	โอ้ว... โอ้วว!
22-0582	sound_auth	Uh... I think you're taking\nthis a little too far, Saori-san.	เอ่อ... คิดว่าคุณเล่นใหญ่\nไปหน่อยแล้วนะ ซาโอริซัง
22-0583	sound_auth	That was... a lot. Saori-san,\nare you sure about this?	นั่นมัน... เยอะไปหน่อยนะ ซาโอริซัง\nแน่ใจนะว่าไหว?
22-0584	sound_auth	I thought men liked this kind of thing.	นึกว่าผู้ชายชอบอะไรแบบนี้ซะอีกค่ะ
22-0585	sound_auth	I thought men liked\nthis kind of thing.	นึกว่าผู้ชาย\nชอบอะไรแบบนี้ซะอีกค่ะ
22-0586	sound_auth	Oh, yes! I love it! I love it!	โอ้ว ใช่เลยครับ! ผมชอบ! ชอบมาก!
22-0587	sound_auth	Oh, yes! I love it!\nI love it!	โอ้ว ใช่เลยครับ! ผมชอบ!\nชอบมาก!
22-0588	sound_auth	Why don't you come over\nhere and find out?	ทำไมไม่เข้ามาใกล้ๆ\nแล้วดูเองล่ะคะ?
22-0589	sound_auth	Come a little closer...\nand find out?	เข้ามาใกล้ๆ อีกนิด...\nแล้วดูเองสิคะ?
22-0590	sound_auth	You're so adorable, Kido-san.	คิโดะซังน่ารักจังเลยค่ะ
22-0591	sound_auth	Kido-san, you're just the cutest...	คิโดะซัง คุณน่ารักที่สุดเลยค่ะ...
22-0592	sound_auth	I could just eat you up. ♪	อยากกินคุณเข้าไปเลยจัง
22-0593	sound_auth	You're adorable. ♪	น่ารักจังเลยค่ะ
22-0594	sound_auth	Ah, ahhh!	อ๊าา อาาา!
22-0595	sound_auth	You can be as loud as you want.	ส่งเสียงดังแค่ไหนก็ได้นะคะ
22-0596	sound_auth	Awooo!	อาวูวว!
22-0597	sound_auth	Uhhh... Well, whatever floats\nhis boat, I guess...	เอ่อ... ก็แล้วแต่\nเขาชอบแหละนะ...
22-0598	sound_auth	The hell was that...?\nWell, if it works for him...	อะไรกันเนี่ย...?\nเอาเถอะ ถ้ามันเวิร์กสำหรับเขาก็ช่าง...
22-0599	sound_auth	Huh? Wait, Saori-san...\nAre you... really gonna keep going?	หืม? เดี๋ยว ซาโอริซัง...\nจะสู้ต่อจริงๆ เหรอเนี่ย?
22-0600	sound_auth	Huh? Uh, hello?\nSaori-san, are you still going?	หืม? เอ่อ ได้ยินไหม?\nซาโอริซัง ยังไหวอยู่รึเปล่า?
22-0601	sound_auth	Oh, it's getting so steamy in here.\nDon't you think?	โอ๊ย ในนี้เริ่มร้อนฉ่าแล้วนะคะ\nคุณว่าไหมคะ?
22-0602	sound_auth	It's so hot in here. Don't you think\nit's getting steamy?	ในนี้ร้อนจังเลยค่ะ คุณว่าไหมคะ\nว่ามันเริ่มฉ่าขึ้นทุกที?
22-0603	sound_auth	Yes, yes, I'm burning up!\nI totally agree with you!	ใช่ครับ ใช่ ผมร้อนวูบวาบไปหมด!\nเห็นด้วยกับคุณเต็มที่เลย!
22-0604	sound_auth	Ahhh... That's better. ♪	อาห์... แบบนี้ดีขึ้นเยอะเลยค่ะ
22-0605	sound_auth	Saori-san, it, uh...\nkinda seems like you're enjoying this.	ซาโอริซัง มัน เอ่อ...\nดูเหมือนคุณจะสนุกกับมันนะ
22-0606	sound_auth	Uh... I'm not sure, Saori-san,\nbut are you enjoying this...?	เอ่อ... ไม่แน่ใจนะ ซาโอริซัง\nแต่คุณสนุกกับเรื่องนี้อยู่รึเปล่า...?
22-0607	sound_auth	Ugh, he's the worst.	แหวะ เขานี่แย่สุดๆ เลย
22-0608	sound_auth	Just wonderful. I think that's\nenough photos for now.	เยี่ยมไปเลยค่ะ คิดว่าได้รูป\nพอแล้วสำหรับตอนนี้
22-0609	sound_auth	Yes, just wonderful!\nNow, I think I've got my shots.	ค่ะ เยี่ยมไปเลย!\nตอนนี้คิดว่าได้ภาพครบแล้วค่ะ
22-0610	sound_auth	All right, Saori-san.\nYou're good. Wrap it up.	โอเค ซาโอริซัง\nพอแล้ว จบได้เลย
22-0611	sound_auth	All right, you're good.\nSaori-san, you can wrap this up.	โอเค พอแล้วนะ\nซาโอริซัง จบเรื่องนี้ได้เลย
22-0612	sound_auth	How did they turn out?	รูปออกมาเป็นไงบ้างครับ?
22-0613	sound_auth	Oh, do you want to—	อ้อ อยากจะ—
22-0614	sound_auth	Oh, do you want to— Ah!	อ้อ อยากจะ— อ๊ะ!
22-0615	sound_auth	You're right in the frame... This is\na perfect backup. Stay strong, Saori-san!	คุณเข้าเฟรมพอดีเป๊ะ... เป็นหลักฐานสำรอง\nที่สมบูรณ์แบบเลย อดทนไว้นะ ซาโอริซัง!
22-0616	sound_auth	You're right in the frame... This is all we need.\nStay strong, Saori-san!	คุณเข้าเฟรมพอดีเป๊ะ... แค่นี้ก็พอแล้ว\nอดทนไว้นะ ซาโอริซัง!
22-0617	sound_auth	<color=ｍonologue>(Easy for him to say!\nThis is so gross! Ugh!)</color>	<color=ｍonologue>(พูดง่ายนี่!\nนี่มันโคตรน่าขยะแขยงเลย! แหวะ!)</color>
22-0618	sound_auth	You've made me a\nvery happy man today.	วันนี้คุณทำให้ผม\nเป็นผู้ชายที่มีความสุขมากเลยครับ
22-0619	sound_auth	You've made me a very\nhappy man today.	วันนี้คุณทำให้ผมเป็นผู้ชาย\nที่มีความสุขมากเลยครับ
22-0620	sound_auth	Why don't we have some real fun now that\nthe interview's out of the way, my little minx?	ตอนนี้สัมภาษณ์เสร็จแล้ว ทำไมเราไม่ไป\nสนุกกันจริงๆ บ้างล่ะครับ ที่รักตัวแสบของผม?
22-0621	sound_auth	With the interview over, why don't we\nhave some real fun, my little minx?	สัมภาษณ์จบแล้ว ทำไมเราไม่ไป\nสนุกกันจริงๆ บ้างล่ะครับ ที่รักตัวแสบของผม?
22-0622	sound_auth	Well, um...	เอ่อ คือ...
22-0623	sound_auth	W-Well, maybe, but...	อ-อาจจะนะคะ แต่ว่า...
22-0624	sound_auth	How about dinner tonight?	ทานมื้อค่ำด้วยกันคืนนี้ไหมครับ?
22-0625	sound_auth	In that case...\nHow about dinner tonight?	งั้น...\nทานมื้อค่ำด้วยกันคืนนี้ไหมครับ?
22-0626	sound_auth	That's perfect.\nDraw him out.	เยี่ยมเลย\nล่อให้เขาออกมา
22-0627	sound_auth	Get him to come to Kamurocho.	ให้เขามาที่คามุโรโจ
22-0628	sound_auth	Okay.\nLet's do it in Kamurocho.	ค่ะ\nนัดที่คามุโรโจแล้วกันนะคะ
22-0629	sound_auth	Kamurocho? Uhm, how about somewhere else?\nI'd rather stay close by.	คามุโรโจเหรอครับ? เอ่อ ที่อื่นได้ไหม?\nผมอยากอยู่แถวนี้มากกว่า
22-0630	sound_auth	Kamurocho? Er, I'd rather stay close...\nHow about somewhere else?	คามุโรโจเหรอครับ? เอ่อ ผมอยากอยู่แถวนี้มากกว่า...\nที่อื่นได้ไหมครับ?
22-0631	sound_auth	Oh... I think I can convince you.	อ้อ... ดิฉันว่าโน้มน้าวคุณได้นะคะ
22-0632	sound_auth	Oh... I think I can convince you, Kido-san.	อ้อ... ดิฉันว่าโน้มน้าวคุณได้นะคะ คิโดะซัง
22-0633	sound_auth	Hm? How so?	หืม? ยังไงเหรอครับ?
22-0634	sound_auth	You'll see.	เดี๋ยวก็รู้ค่ะ
22-0635	sound_auth	You'll see tonight.	คืนนี้เดี๋ยวก็รู้ค่ะ
22-0636	sound_auth	Is it just me or did Saori-san start getting\nweirdly into that whole thing at some point?	แค่ฉันคิดไปเองรึเปล่า หรือซาโอริซังเริ่ม\nอินกับเรื่องนั้นแปลกๆ ตอนไหนสักตอนวะ?
22-0637	sound_auth	...Wow, Saori-san. Is it just me,\nor was she gettin' weirdly into it?	...โห ซาโอริซังนี่ แค่ฉันคิดไปเอง\nหรือนางอินไปหน่อยวะ?
22-0638	sound_auth	Yeah, she was, uh...\nkinda scaring me towards the end.	เออ นางก็... เอ่อ\nช่วงท้ายๆ ผมยังขนลุกเลย
22-0639	sound_auth	Yeah... She had me scared\nthere toward the end.	เออ... ช่วงท้ายๆ\nผมขนลุกไปเลย
22-0640	sound_auth	Anyway. You think Kido's\nactually gonna show?	เอาเถอะ นายว่าคิโดะ\nจะมาจริงๆ เหรอ?
22-0641	sound_auth	Anyway. You think Kido's actually\ngonna come?	เอาเถอะ นายว่าคิโดะจะมา\nจริงๆ เหรอ?
22-0642	sound_auth	He'd be a fool not to. I just sent him\nthe footage under Saori-san's name.	ถ้าไม่มาก็โง่แล้วล่ะ ผมเพิ่งส่งคลิป\nไปให้เขาในชื่อของซาโอริซัง
22-0643	sound_auth	He'll have to, since I just sent him\nthe footage under Saori-san's name.	เขาต้องมาแหละ เพราะผมเพิ่งส่งคลิป\nไปให้เขาในชื่อของซาโอริซัง
22-0644	sound_auth	Said we'd put it online\nif he didn't show.	บอกไปว่าจะปล่อยคลิปลงเน็ต\nถ้าเขาไม่มา
22-0645	sound_auth	Heh, guess he doesn't have a choice then.\nWhere'd you tell him to go?	ฮ่ะ งั้นเขาก็ไม่มีทางเลือกสินะ\nนายบอกให้เขาไปที่ไหน?
22-0646	sound_auth	That'll do it. Guess he doesn't have a choice then.\nSo, where in Kamurocho is he?	แบบนั้นแหละ งั้นเขาก็ไม่มีทางเลือกสินะ\nแล้วเขาอยู่ตรงไหนของคามุโรโจ?
22-0647	sound_auth	The batting center. Sugiura and Higashi\nwent ahead to keep an eye on the place.	สนามตีลูกน่ะ ซุกิอุระกับฮิงาชิ\nไปล่วงหน้าคอยจับตาดูที่นั่นแล้ว
22-0648	sound_auth	The batting center. Sugiura and Higashi\nwent ahead, to keep an eye on the place.	สนามตีลูกน่ะ ซุกิอุระกับฮิงาชิไปล่วงหน้า\nคอยจับตาดูที่นั่นไว้แล้ว
22-0649	sound_auth	What's gotten into you, man?\nI dunno if I've ever seen you this organized.	นายเป็นอะไรไปวะ?\nไม่เคยเห็นนายเป๊ะขนาดนี้มาก่อนเลย
22-0650	sound_auth	Geez, man. I dunno if I've ever\nseen you this organized.	โห นายนี่... ไม่เคยเห็นนาย\nเป๊ะขนาดนี้มาก่อนเลยวะ
22-0651	sound_auth	I can't afford to take my time with this.\nOkubo-kun's execution date is coming up fast.	ผมไม่มีเวลามาช้าๆ กับเรื่องนี้หรอก\nวันประหารโอคุโบะคุงใกล้เข้ามา ทุกทีแล้ว
22-0652	sound_auth	Okubo-kun's execution date is coming up fast.\nI can't waste any time.	วันประหารโอคุโบะคุงใกล้เข้ามาทุกที\nผมเสียเวลาไม่ได้อีกแล้ว
22-0653	sound_auth	Yeah, good point.	เออ พูดมีเหตุผลนะ
22-0654	sound_auth	Come on.\nWe should go.	ไปกันเถอะ\nเราควรไปได้แล้ว
22-0655	sound_auth	Come on, we should go.	ไปกันเถอะ เราควรไปได้แล้ว
22-0656	sound_auth	It's Sugiura.\nHey, what's up?	ซุกิอุระโทรมา\nว่าไง มีอะไร?
22-0657	sound_auth	It's Sugiura... What's up?	ซุกิอุระเหรอ... ว่าไง มีอะไร?
22-0658	sound_auth	I'm bringing the van around.\nYou see me?	ผมเอารถตู้มาแล้วครับ\nเห็นผมไหมครับ?
22-0659	sound_auth	Welcome aboard.	เชิญขึ้นรถได้เลยครับ
22-0660	sound_auth	Get in.	ขึ้นมาเลยครับ
22-0661	sound_auth	Where's Higashi?	ฮิงาชิอยู่ไหน?
22-0662	sound_auth	Already inside. I haven't noticed\nanything weird out here.	เข้าไปข้างในแล้วครับ ผมยังไม่เห็น\nอะไรผิดปกติแถวนี้เลยครับ
22-0663	sound_auth	Already inside the batting center.\nEverything's been pretty calm out here.	เข้าไปในสนามตีลูกแล้วครับ\nแถวนี้เงียบสงบดีครับ
22-0664	sound_auth	Kido should be showing up any minute.	คิโดะน่าจะมาถึงเร็วๆ นี้ครับ
22-0665	sound_auth	Kido should show up any minute.	คิโดะน่าจะโผล่มาเร็วๆ นี้ครับ
22-0666	sound_auth	And what happens when he does?	แล้วพอเขามาถึงจะทำยังไงต่อ?
22-0667	sound_auth	We'll shove him in the van\nand drag him over to Charles.	เราจะยัดเขาขึ้นรถตู้\nแล้วลากไปที่ชาร์ลส์ครับ
22-0668	sound_auth	We'll shove him in the van,\nand bring him over to Charles.	เราจะยัดเขาขึ้นรถตู้\nแล้วพาไปที่ชาร์ลส์ครับ
22-0669	sound_auth	What, Higashi's arcade?	อะไรนะ ร้านเกมของฮิงาชิเหรอ?
22-0670	sound_auth	Charles?\nWhat, Higashi's arcade?	ชาร์ลส์เหรอ?\nร้านเกมของฮิงาชิน่ะเหรอ?
22-0671	sound_auth	It's not like we had a lot of time\nto think about it.	ก็ไม่ได้มีเวลาคิดเรื่องนี้\nมากนักน่ะครับ
22-0672	sound_auth	Not like we had time\nto give it much thought.	ก็ไม่มีเวลาคิดเรื่องนี้\nให้ลึกซึ้งเท่าไหร่ครับ
22-0673	sound_auth	We'll interrogate him once we get there.\nRight, Yagami-san?	พอไปถึงเราจะสอบปากคำเขา\nใช่ไหมครับ ยากามิซัง?
22-0674	sound_auth	We'll interrogate Kido over there.\nSound good, Yagami-san?	เราจะสอบปากคำคิโดะที่นั่น\nโอเคไหมครับ ยากามิซัง?
22-0675	sound_auth	Yup. And speak of the devil.	เออ พูดถึงก็มาพอดี
22-0676	sound_auth	Surprised he actually showed.	แปลกใจนะที่เขามาจริงๆ
22-0677	sound_auth	All right, let's move out.	เอาล่ะ ไปกันเลย
22-0678	sound_auth	All right, show time.	เอาล่ะ ได้เวลาแล้ว
22-0679	sound_auth	What are you doing here!?	คุณมาทำอะไรที่นี่เนี่ย!?
22-0680	sound_auth	Wh... What are you doing here!?	อ... คุณมาทำอะไรที่นี่เนี่ย!?
22-0681	sound_auth	Not sure what you mean.\nMy agency's just a couple blocks away.	ไม่รู้ว่าคุณหมายความว่าไง\nสำนักงานผมอยู่ห่างไปแค่ไม่กี่ ช่วงตึกเอง
22-0682	sound_auth	What do you mean? My agency's\njust a couple blocks away.	หมายความว่าไงครับ? สำนักงานผม\nอยู่ห่างไปแค่ไม่กี่ช่วงตึกเอง
22-0683	sound_auth	It's strange to see you here, though.\nWhat brings you out to Kamurocho?	แต่แปลกนะที่เจอคุณที่นี่\nมาทำอะไรถึงคามุโรโจล่ะครับ?
22-0684	sound_auth	It's strange to see <font_kind=yakuza_italic>you</font_kind> here, Kido-san.\nWhat brings you out to Kamurocho?	แปลกนะที่เจอ<font_kind=yakuza_italic>คุณ</font_kind>ที่นี่ คิโดะซัง\nมาทำอะไรถึงคามุโรโจล่ะครับ?
22-0685	sound_auth	Er, well, I...	เอ่อ คือ ผม...
22-0686	sound_auth	Er, well...	เอ่อ คือ...
22-0687	sound_auth	Maybe meeting a seductive journalist?	มาเจอกับนักข่าวสาวเซ็กซี่รึเปล่าล่ะ?
22-0688	sound_auth	Let me take a guess.\nMaybe meeting a seductive journalist?	ขอเดาหน่อยนะ\nมาเจอนักข่าวสาวเซ็กซี่รึเปล่าล่ะ?
22-0689	sound_auth	I understand now. You're the ones behind all this.\nWhat'll you do with that video?	ผมเข้าใจแล้ว คุณคือคนที่อยู่เบื้องหลังเรื่องนี้\nคุณจะเอาคลิปนั้นไปทำอะไร?
22-0690	sound_auth	Nothing...\nIf you give us what we want.	ไม่ทำอะไรหรอก...\nถ้าคุณให้สิ่งที่เราต้องการ
22-0691	sound_auth	Nothing, if you give us what we want.	ไม่ทำอะไรหรอก ถ้าคุณให้สิ่งที่เราต้องการ
22-0692	sound_auth	What is it? Money?	อะไรล่ะ? เงินเหรอ?
22-0693	sound_auth	What, money?	อะไร เงินเหรอ?
22-0694	sound_auth	No, we're after something else entirely.	ไม่ใช่ เราต้องการอย่างอื่นต่างหาก
22-0695	sound_auth	What are you going to do to me?	คุณจะทำอะไรกับผม?
22-0696	sound_auth	...What are you going to do to me?	...คุณจะทำอะไรกับผม?
22-0697	sound_auth	We're just taking you\nfor a little trip.	แค่จะพาคุณ\nไปเที่ยวสั้นๆ เท่านั้นแหละ
22-0698	sound_auth	Not much.\nJust taking you on a trip.	ไม่มากหรอก\nแค่พาคุณไปเที่ยวหน่อยเอง
22-0699	sound_auth	No. No, I'm afraid you're not.	ไม่ ไม่นะครับ ผมว่าคงไม่ใช่
22-0700	sound_auth	No. I'm afraid you're not.	ไม่ครับ ผมว่าคงไม่ใช่
22-0701	sound_auth	You forget I'm a powerful man.	คุณลืมไปว่าผมเป็นคนมีอำนาจนะ
22-0702	sound_auth	You forget, I'm a powerful man.	คุณลืมไปสิ ว่าผมเป็นคนมีอำนาจ
22-0703	sound_auth	Hmph. Who are these assholes?	ฮึ่ย ไอ้พวกนี้มันใครวะ?
22-0704	sound_auth	Health Ministry thugs,\nif I had to guess.	ถ้าให้เดา ก็คงเป็น\nพวกนักเลงกระทรวงสาธารณสุขนั่นแหละ
22-0705	sound_auth	A mob of Health Ministry thugs,\nif I had to guess.	ถ้าให้เดา ก็คงเป็นกลุ่มนักเลง\nของกระทรวงสาธารณสุขนั่นแหละ
22-0706	sound_auth	Ugh. Do they have 'em all\nover the city or something...?	แหวะ มันมีคนพวกนี้\nทั่วเมืองเลยรึไงวะ...?
22-0707	sound_auth	The Ministry been tapping\ninto the city gutters?	กระทรวงนี่มันแทรกซึม\nเข้าไปในทุกซอกทุกมุมเมืองเลยเหรอวะ?
22-0708	sound_auth	Delete that video, Yagami!	ลบคลิปนั้นซะ ยากามิ!
22-0709	sound_auth	Stay back!\nDon't come any closer!	ถอยไป!\nอย่าเข้ามาใกล้อีกนะ!
22-0710	sound_auth	S-Stay back! Get away!	ถ-ถอยไปนะ! ไปให้พ้น!
22-0711	sound_auth	Look where all that power got you.	ดูสิว่าอำนาจนั่นพาคุณมาถึงไหน
22-0712	sound_auth	Nobody's running to help now.\nNot the ADDC, not the Ministry of Health...	ตอนนี้ไม่มีใครมาช่วยคุณหรอก\nไม่ใช่ ADDC ไม่ใช่กระทรวงสาธารณสุข...
22-0713	sound_auth	You're beyond the reach of the ADDC\nand the Ministry of Health...	คุณอยู่นอกเหนือการเอื้อมถึง\nของ ADDC และกระทรวงสาธารณสุขแล้ว...
22-0714	sound_auth	I've been waiting a long time for this moment.	รอเวลานี้มานานแล้ว
22-0715	sound_auth	I've been waiting a long time for this.	รอเรื่องนี้มานานแล้ว
22-0716	sound_auth	If you kill me... think what will happen to AD-9!\nTheir research will come to a screeching halt!	ถ้าคุณฆ่าผม... ลองคิดดูสิว่า AD-9 จะเป็นยังไง!\nงานวิจัยจะต้องหยุดชะงักไปเลยนะ!
22-0717	sound_auth	If you kill me... think what will happen to AD-9!\nThe research will grind to a stop!	ถ้าคุณฆ่าผม... ลองคิดดูสิว่า AD-9 จะเป็นยังไง!\nงานวิจัยจะต้องหยุดชะงักแน่นอน!
22-0718	sound_auth	Don't worry.\nNobody's killing anybody.	ไม่ต้องห่วงหรอก\nไม่มีใครฆ่าใครทั้งนั้น
22-0719	sound_auth	Lucky for you, nobody's dying today.	คุณโชคดีนะ วันนี้ไม่มีใครต้องตาย
22-0720	sound_auth	But I suggest you learn a little humility.\nI never said I wouldn't hurt you.	แต่แนะนำให้คุณหัดถ่อมตัวบ้างนะ\nผมไม่เคยบอกว่าจะไม่ทำร้ายคุณ
22-0721	sound_auth	But still... I suggest you learn a little humility.\nI never said I wouldn't hurt you.	แต่ถึงอย่างนั้น... แนะนำให้คุณหัดถ่อมตัวบ้าง\nผมไม่เคยบอกว่าจะไม่ทำร้ายคุณ
22-0722	sound_auth	C'mon, we're outta here.	ไปกันเถอะ ออกจากที่นี่กันได้แล้ว
22-0723	sound_auth	Man, it's been a while since\nI did something like this.	โห นานแล้วนะเนี่ย\nที่ไม่ได้ทำอะไรแบบนี้
22-0724	sound_auth	Man, it's been a while since\nI've done this stuff.	โห นานแล้วเหมือนกันนะ\nที่ไม่ได้ทำเรื่องแบบนี้
22-0725	sound_auth	Feels good gettin' back\nin the groove, y'know?	รู้สึกดีจังที่ได้กลับมา\nอินโหมดอีกครั้ง รู้ป่ะ?
22-0726	sound_auth	Feels good gettin' back in the groove.	รู้สึกดีจังที่ได้กลับมาอินโหมด อีกครั้ง
22-0727	sound_auth	You always did have a habit\nof strippin' 'em down.	นายนี่ชอบถอดเสื้อผ้าคู่ต่อสู้\nเป็นนิสัยจริงๆ นะ
22-0728	sound_auth	Strippin' em down was always\na nice personal touch.	ถอดเสื้อผ้าคู่ต่อสู้นี่เป็น\nซิกเนเจอร์ของนายจริงๆ
22-0729	sound_auth	Well yeah. Everyone's the same\nunderneath all this bullshit.	ก็ใช่ไง ทุกคนก็เหมือนกันหมด\nข้างใต้เรื่องไร้สาระพวกนี้แหละ
22-0730	sound_auth	Well yeah. Everyone's the same\nunderneath all the bullshit.	ก็ใช่ไง ทุกคนก็เหมือนกันหมด\nข้างใต้เรื่องไร้สาระทั้งหลายนั่นแหละ
22-0731	sound_auth	Scientist, doctor, whatever.	นักวิทยาศาสตร์ หมอ อะไรก็ตามแหละ
22-0732	sound_auth	Whether you're a scientist\nor some fancy director.	จะเป็นนักวิทยาศาสตร์\nหรือผู้อำนวยการหรูหราก็เหมือนกัน
22-0733	sound_auth	Listen here. It's not too late for you.\nBut if you don't release me...	ฟังนะครับ ยังไม่สายเกินไปสำหรับคุณ\nแต่ถ้าคุณไม่ปล่อยผม...
22-0734	sound_auth	Listen, it's not too late for you.\nBut if you don't release me...	ฟังนะ ยังไม่สายเกินไปสำหรับคุณ\nแต่ถ้าคุณไม่ปล่อยผม...
22-0735	sound_auth	You'll have your assassin hunt us down?	จะส่งมือสังหารมาตามล่าเราเหรอ?
22-0736	sound_auth	You'll have your assassin\nhunt us down?	จะให้มือสังหาร\nมาตามล่าเราเหรอ?
22-0737	sound_auth	I'll take extensive legal\naction against you.	ผมจะฟ้องร้องดำเนินคดี\nกับคุณอย่างถึงที่สุด
22-0738	sound_auth	No, moron...\nI'll take legal action!	เปล่า ไอ้โง่...\nผมจะฟ้องร้องดำเนินคดี!
22-0739	sound_auth	Hmm, who knows what'd happen if you did that?\nI might accidentally let that video loose to the press.	อืม ใครจะไปรู้ว่าจะเกิดอะไรขึ้นถ้า คุณทำแบบนั้น?\nผมอาจจะเผลอปล่อยคลิปนั้นให้ สื่อก็ได้นะ
22-0740	sound_auth	I wouldn't if I were you. Otherwise, I might\naccidentally release that video to the press.	ถ้าเป็นคุณผมจะไม่ทำนะ ไม่งั้นผมอาจจะเผลอ\nปล่อยคลิปนั้นให้สื่อขึ้นมาก็ได้
22-0741	sound_auth	If that doesn't sound good to you... start talking.\nYou're gonna tell us everything you know about AD-9.	ถ้าคุณไม่อยากให้เป็นแบบนั้น... เริ่มพูดได้แล้ว\nคุณต้องบอกทุกอย่างที่รู้เกี่ยวกับ AD-9
22-0742	sound_auth	If you don't want that... start talking AD-9.\nYou're gonna tell us everything you know.	ถ้าไม่อยากให้เป็นแบบนั้น... เริ่มพูดเรื่อง AD-9 ได้แล้ว\nคุณต้องบอกทุกอย่างที่รู้
22-0743	sound_auth	Why me? What do you people want!?	ทำไมต้องเป็นผม? พวกคุณต้องการอะไรกันแน่!?
22-0744	sound_auth	This is gonna be a while.	นี่คงต้องใช้เวลาสักพักเลยครับ
22-0745	sound_auth	Guess we can take turns headin'\nout to grab food.	งั้นคงต้องผลัดกัน\nออกไปหาอะไรกินบ้างล่ะ
22-0746	sound_auth	Guess we can take turns\nheadin' out to grab food.	งั้นคงต้องผลัดกันออกไป\nหาอะไรกินบ้างล่ะ
22-0747	sound_auth	I'm ready when you are, man.	ฉันพร้อมแล้วเมื่อนายพร้อมนะ
22-0748	sound_auth	Or you wanna rough him up\nsome more first?	หรือนายอยากซ้อมเขา\nอีกหน่อยก่อนดีวะ?
22-0749	sound_auth	Hey, remind me what we're\ntrying to get outta him.	เดี๋ยวนะครับ ช่วยทวนหน่อยว่า\nเราจะเค้นอะไรจากเขา
22-0750	sound_auth	Hey, remind me what\nwe're trying to get outta him.	เดี๋ยวนะครับ ช่วยทวนหน่อยว่าเรา\nจะเค้นอะไรจากเขา
22-0751	sound_auth	Where we can get proof\nof the AD-9 experiments.	ที่ที่เราจะหาหลักฐาน\nการทดลอง AD-9 ได้
22-0752	sound_auth	Where we can get proof of\nAD-9's human experiments.	ที่ที่เราจะหาหลักฐาน\nการทดลองในมนุษย์ของ AD-9 ได้
22-0753	sound_auth	Whether or not we actually get\nthat proof depends on us.	จะได้หลักฐานนั้นมาจริงไหม\nก็ขึ้นอยู่กับเราเอง
22-0754	sound_auth	After that, it's up to us to get it.	หลังจากนั้นก็ขึ้นอยู่กับเรา แล้วว่าจะเอามันมาได้ไหม
22-0755	sound_auth	Who were those guys\nat the batting center?	พวกคนที่สนามตีลูก\nเมื่อกี้เป็นใครกัน?
22-0756	sound_auth	Well, I— er...	เอ่อ ผม— เอ่อ...
22-0757	sound_auth	You mentioned how powerful you are.	คุณเคยพูดเองว่าเป็นคนมีอำนาจแค่ไหน
22-0758	sound_auth	You mentioned how powerful you are,\nif I recall.	ถ้าจำไม่ผิด คุณเคยพูดเอง\nว่าเป็นคนมีอำนาจแค่ไหน
22-0759	sound_auth	Did you hire them to protect you?	คุณจ้างพวกมันมาคุ้มกันตัวเองเหรอ?
22-0760	sound_auth	Did you hire them\nto protect you?	คุณจ้างพวกมันมา\nคุ้มกันตัวเองเหรอ?
22-0761	sound_auth	Out with it already.	รีบพูดออกมาซะทีสิ
22-0762	sound_auth	Quit acting like you've\ngot any goddamn dignity.	เลิกทำเป็นยังมี\nศักดิ์ศรีบ้าบออะไรได้แล้ว
22-0763	sound_auth	Your dignity's already shot, pal.	ศักดิ์ศรีของคุณมันหมดไปตั้งนานแล้ว จะบอกให้
22-0764	sound_auth	Who would've thought the scientist who was gonna\nsave the world'd turn out to be some pervy asshole?	ใครจะไปคิดว่านักวิทยาศาสตร์ที่จะมา\nกู้โลกจะกลายเป็นไอ้เปรตวิปริตไปได้?
22-0765	sound_auth	They thought you'd save the world, huh?\nTurns out you're just a pervy asshole.	เขานึกว่าคุณจะกู้โลกได้สินะ?\nที่แท้ก็แค่ไอ้เปรตวิปริตคนหนึ่ง
22-0766	sound_auth	You're name's gonna go down in history\nif this gets out. And not how you're hopin'.	ชื่อของคุณจะถูกจารึกไว้ใน ประวัติศาสตร์\nถ้าเรื่องนี้แดง แต่ไม่ใช่แบบที่คุณหวังหรอก
22-0767	sound_auth	One thing's for sure! If this gets out,\neveryone really will know your name.	อย่างหนึ่งที่แน่ ๆ! ถ้าเรื่องนี้แดงขึ้นมา\nทุกคนจะรู้จักชื่อคุณจริง ๆ นั่นแหละ
22-0768	sound_auth	Stop... I'm begging you, please.	หยุดเถอะ... ผมขอร้อง ได้โปรด
22-0769	sound_auth	Stop... I'm begging you...	หยุดเถอะ... ผมขอร้องล่ะ...
22-0770	sound_auth	Who were those thugs\nat the batting center?	อันธพาลพวกนั้นที่\nสนามตีลูกเบสบอลเป็นใคร?
22-0771	sound_auth	Hitmen.\nOn the Ministry of Health payroll.	นักฆ่ารับจ้างครับ\nกินเงินจากกระทรวงสาธารณสุข
22-0772	sound_auth	They were from the Ministry of Health...\nTheir hitmen.	พวกนั้นมาจากกระทรวงสาธารณสุข...\nเป็นนักฆ่าของพวกเขา
22-0773	sound_auth	Ichinose's payroll, in other words.	พูดง่าย ๆ ก็คือกินเงินอิจิโนเสะนั่นแหละ
22-0774	sound_auth	That means they're on\nIchinose's payroll... right?	หมายความว่าพวกมันกินเงิน\nจากอิจิโนเสะ... ใช่ไหม?
22-0775	sound_auth	I think you mean "yes, sir."	ผมว่าคุณหมายถึง "ครับผม" มากกว่ามั้ง
22-0776	sound_auth	Yes... sir...	ครับ... ผม...
22-0777	sound_auth	Ichinose-san knows I've been abducted.	อิจิโนเสะซังรู้แล้วว่าผมถูก ลักพาตัวไป
22-0778	sound_auth	...Look, think about this rationally!\nIchinose-san knows I've been abducted.	...ฟังนะ ใช้เหตุผลคิดดูสิ!\nอิจิโนเสะซังรู้แล้วว่าผมถูก ลักพาตัวไป
22-0779	sound_auth	More of them could rush in here\nany minute if you don't release me...!	พวกมันอาจบุกเข้ามาที่นี่\nได้ทุกเมื่อถ้าคุณไม่ปล่อยผม...!
22-0780	sound_auth	If you don't release me this instant,\nmore of them could rush this place at any time!	ถ้าคุณไม่ปล่อยผมเดี๋ยวนี้\nพวกมันอาจบุกเข้ามาที่นี่ได้ทุกเมื่อ!
22-0781	sound_auth	Eh. If you haven't noticed, we've got this\nwhole "fighting" thing pretty down by now.	เอ่อ เผื่อคุณยังไม่สังเกต เรื่อง\n"ต่อสู้" นี่พวกเราถนัดกันมากอยู่นะ
22-0782	sound_auth	Let 'em come. Haven't you noticed\nthe all-star roster we've got here?	ให้พวกมันมาเลย ยังไม่สังเกตอีกเหรอ\nว่าทีมที่นี่มีแต่ตัวท็อปทั้งนั้น?
22-0783	sound_auth	Next question. It's about what happened\nthree years ago.	คำถามต่อไป เรื่องที่เกิดขึ้น\nเมื่อสามปีก่อน
22-0784	sound_auth	Next question. About what happened\nthree years ago...	คำถามต่อไป เกี่ยวกับเรื่องที่เกิดขึ้น\nเมื่อสามปีก่อน...
22-0785	sound_auth	An Alzheimer's patient at the ADDC by the name of Waku-san\nwas murdered. His body found buried far out in the mountains.	ผู้ป่วยอัลไซเมอร์ที่ ADDC ชื่อวาคุซัง\nถูกฆาตกรรม ศพถูกฝังไว้ไกลลิบในภูเขา
22-0786	sound_auth	An Alzheimer's patient at the ADDC was murdered.\nHis body, found buried far out in the mountains.	ผู้ป่วยอัลไซเมอร์ที่ ADDC คนหนึ่งถูกฆาตกรรม\nศพของเขาถูกพบฝังไว้ไกลลิบในภูเขา
22-0787	sound_auth	At the time,\nShinpei Okubo was thought to be the killer.	ตอนนั้น\nชินเป โอคุโบะถูกเข้าใจว่าเป็นฆาตกร
22-0788	sound_auth	They said it was\ndone by Shinpei Okubo.	มีคนบอกว่า\nชินเป โอคุโบะเป็นคนทำ
22-0789	sound_auth	But the truth is, it was an unforeseen consequence\nof AD-9, which Shono had administered to this Waku-san.	แต่ความจริงคือมันเป็น ผลข้างเคียงที่ไม่คาดคิด\nจาก AD-9 ที่โชโนะฉีดให้วาคุซังคนนี้
22-0790	sound_auth	But the truth is, it was a death caused by AD-9,\nwhich Shono had administered to the patient.	แต่ความจริงคือเขาตายเพราะ AD-9\nที่โชโนะฉีดให้ผู้ป่วยรายนั้น
22-0791	sound_auth	You knew, didn't you?	คุณรู้เรื่องนี้อยู่แล้วใช่ไหม?
22-0792	sound_auth	You knew what really happened,\ndidn't you?	คุณรู้ว่าเกิดอะไรขึ้นจริง ๆ\nใช่ไหม?
22-0793	sound_auth	What, cat got your tongue? Guess you're\nabout to become internet famous then.	อะไร พูดไม่ออกเหรอ? งั้นคุณ\nคงกำลังจะดังในโลกออนไลน์แล้วสิท่า
22-0794	sound_auth	What, cat got your tongue?\nGuess we're gonna have to make you internet-famous...	อะไร พูดไม่ออกเหรอ?\nงั้นคงต้องทำให้คุณดังในโลก ออนไลน์ซะแล้ว...
22-0795	sound_auth	W-Wait!	เ-เดี๋ยวก่อน!
22-0796	sound_auth	Answer me, Kido!	ตอบมาสิ คิโดะ!
22-0797	sound_auth	Then answer me!\n...Kido.	งั้นก็ตอบมา!\n...คิโดะ
22-0798	sound_auth	Yes. I knew.	ครับ ผมรู้
22-0799	sound_auth	...Yes. I knew.	...ครับ ผมรู้
22-0800	sound_auth	Who told you? When? How?	ใครบอกคุณ? เมื่อไหร่? ยังไง?
22-0801	sound_auth	Who told you? When and how?	ใครบอกคุณ? เมื่อไหร่และยังไง?
22-0802	sound_auth	I'm sorry, I can't say any more than that. If I did, I...\nPlease, just give me some time to figure things out!	ขอโทษครับ ผมพูดได้แค่นี้จริง ๆ ถ้าพูดมากกว่านี้ ผม...\nได้โปรด ขอเวลาให้ผมคิดหาทางออกก่อนเถอะ!
22-0803	sound_auth	I'm sorry, I can't say any more. If I did, then I'd be...\nPlease, I just need some time!	ขอโทษครับ ผมพูดมากกว่านี้ไม่ได้ ถ้าพูด ผมคง...\nได้โปรด ผมแค่ต้องการเวลา!
22-0804	sound_auth	Time's one thing I don't have. Shinpei Okubo's about\nto get executed for a murder he didn't commit.	เวลาคือสิ่งที่ผมไม่มี ชินเป โอคุโบะกำลังจะ\nถูกประหารเพราะคดีฆาตกรรมที่เขา ไม่ได้ก่อ
22-0805	sound_auth	I don't <font_kind=yakuza_italic>have</font_kind> time. Shinpei Okubo's\nabout to get executed.	ผมไม่<font_kind=yakuza_italic>มี</font_kind>เวลา ชินเป โอคุโบะ\nกำลังจะถูกประหาร
22-0806	sound_auth	I need to get every last bit\nof information out of you right here.	ผมต้องได้ข้อมูลทุกเม็ด\nจากคุณให้หมดตรงนี้เลย
22-0807	sound_auth	So I need to get all the information\nout of you here and now.	ดังนั้นผมต้องเค้นข้อมูลทั้งหมด\nจากคุณให้ได้ ที่นี่ เดี๋ยวนี้
22-0808	sound_auth	I'll even resort to torture if I have to.	ถ้าจำเป็นผมพร้อมใช้การทรมานเลย ด้วยซ้ำ
22-0809	sound_auth	If it comes down to it...\nI'm not above torture.	ถ้าจำเป็นจริง ๆ...\nผมก็ไม่ปฏิเสธการทรมานหรอกนะ
22-0810	sound_auth	Torture!? You'd break the law\nover this!?	ทรมานเนี่ยนะ!? คุณจะทำผิดกฎหมาย\nเพื่อเรื่องนี้เชียวหรือ!?
22-0811	sound_auth	B-But you're an attorney!\nYou'd even break the law!?	แ-แต่คุณเป็นทนายความนะ!\nจะทำผิดกฎหมายเองเลยเหรอ!?
22-0812	sound_auth	What, that doesn't sound fun to you?	ทำไม ฟังดูไม่สนุกสำหรับคุณเหรอ?
22-0813	sound_auth	Of course not!	เปล่าซะหน่อย!
22-0814	sound_auth	Then start talking!	งั้นก็เริ่มพูดซะ!
22-0815	sound_auth	Nobody's gonna come help you now.	ไม่มีใครมาช่วยคุณได้แล้วตอนนี้
22-0816	sound_auth	Nobody's gonna come\nhelp you now.	ไม่มีใครจะมา\nช่วยคุณได้แล้วตอนนี้
22-0817	sound_auth	I'll give you a chance to think it over.\nYou better be ready by the time I come back.	ผมจะให้เวลาคุณคิดทบทวนดู\nพอผมกลับมาคุณควรพร้อมพูดได้แล้ว
22-0818	sound_auth	You get a moment to think this over.\nBy the time I get back, you better be ready.	คุณมีเวลาคิดทบทวนเรื่องนี้\nพอผมกลับมา คุณควรพร้อมแล้ว
22-0819	sound_auth	Kido's already a broken man.	คิโดะพังไม่เป็นท่าไปแล้วล่ะ
22-0820	sound_auth	My guess? At this point,\nhe's just desperate to save his own skin.	เดาเอานะ ป่านนี้\nเขาคงคิดแค่จะเอาตัวรอดอย่างเดียว
22-0821	sound_auth	My guess? At this point, he's just desperate\nto save his own skin.	เดาเอานะ ป่านนี้เขาคงคิดแค่\nจะเอาตัวรอดอย่างเดียว
22-0822	sound_auth	Maybe you should take a breather.	บางทีคุณน่าจะพักหายใจหายคอบ้างนะ
22-0823	sound_auth	I'm sure giving Kido some time to stew'll make him realize talking's\nthe only option. We'll keep an eye on him in the meantime.	ผมมั่นใจว่าถ้าปล่อยให้คิโดะ อึดอัดไปสักพัก เขาจะรู้เองว่าพูดออกมา\nคือทางเดียว ระหว่างนี้พวกเราจะคอยจับตาดูเขาไว้
22-0824	sound_auth	Once he's had some time to stew, Kido's bound to talk.\nWe'll keep an eye on him in the meantime.	พอปล่อยให้อึดอัดสักพัก คิโดะต้องยอมพูดแน่\nระหว่างนี้พวกเราจะคอยจับตาดูเขาไว้
22-0825	sound_auth	Thanks, Sugiura.\nI appreciate it.	ขอบคุณนะ ซุกิอุระ\nผมซึ้งใจจริง ๆ
22-0826	sound_auth	You gonna be okay?	คุณจะไหวไหม?
22-0827	sound_auth	Hey, even a guy like you needs to take breaks.\nYou've been up and out all freaking day.	เฮ้ ต่อให้เป็นคุณก็ต้องพักบ้างแหละ\nวิ่งวุ่นมาทั้งวันแล้วนะ
22-0828	sound_auth	We're gonna be fine. <font_kind=yakuza_italic>You're</font_kind> the one\nwho's been up and out all freaking day.	พวกเราไม่เป็นไรหรอก <font_kind=yakuza_italic>คุณ</font_kind>ต่างหาก\nที่วิ่งวุ่นมาทั้งวัน
22-0829	sound_auth	Ready to talk yet?\nWe're waiting.	พร้อมจะพูดหรือยัง?\nพวกเรารออยู่นะ
22-0830	sound_auth	Feel like talking yet?	รู้สึกอยากพูดหรือยังล่ะ?
22-0831	sound_auth	...Okay.	...โอเค
22-0832	sound_auth	Three years ago, Shono killed a patient\nby experimenting on him with AD-9.	สามปีก่อน โชโนะฆ่าผู้ป่วยคนหนึ่ง\nด้วยการทดลอง AD-9 กับเขา
22-0833	sound_auth	Three years ago... Shono killed a patient\nby experimenting on him with AD-9.	สามปีก่อน... โชโนะฆ่าผู้ป่วยคนหนึ่ง\nด้วยการทดลอง AD-9 กับเขา
22-0834	sound_auth	When did you find out?	คุณรู้เรื่องนี้ตั้งแต่เมื่อไหร่?
22-0835	sound_auth	What about you?\nWhen did you find out?	แล้วคุณล่ะ?\nรู้เรื่องนี้ตั้งแต่เมื่อไหร่?
22-0836	sound_auth	Right after the press conference.\nThe one where we announced AD-9 to the world.	ทันทีหลังงานแถลงข่าว\nที่เราประกาศ AD-9 สู่โลกครับ
22-0837	sound_auth	After AD-9... was announced\nto the world.	หลังจาก AD-9... ถูกประกาศ\nสู่โลกแล้ว
22-0838	sound_auth	Shono told me himself.	โชโนะบอกผมเอง
22-0839	sound_auth	Shono told me after the conference...	โชโนะบอกผมหลังงานแถลงข่าว...
22-0840	sound_auth	Just thinking about it makes my blood boil,\neven after all this time...	แค่คิดถึงมันก็เลือดขึ้นหน้าแล้ว\nแม้จะผ่านมานานขนาดนี้...
22-0841	sound_auth	Even thinking about it now, it makes\nmy blood boil... after all this time...	แม้แต่ตอนนี้ที่คิดถึงมัน ก็ยัง\nเลือดขึ้นหน้า... แม้ผ่านมานานขนาดนี้...
22-0842	sound_auth	We'll keep tabs on Kido.\nYou go relax a bit.	พวกเราจะคอยจับตาดูคิโดะเอง\nคุณไปพักผ่อนบ้างเถอะ
22-0843	sound_auth	Good to go, Yagami-san?\nKido's had enough time to think.	พร้อมหรือยัง ยากามิซัง?\nคิโดะมีเวลาคิดพอแล้วล่ะ
22-0844	sound_auth	Is that all Shono told you?	โชโนะบอกคุณแค่นั้นเองเหรอ?
22-0845	sound_auth	There's gotta be more.	ต้องมีมากกว่านั้นแน่
22-0846	sound_auth	Waku-san wasn't the only person\nShono killed, was he?	วาคุซังไม่ใช่คนเดียวที่\nโชโนะฆ่าใช่ไหม?
22-0847	sound_auth	Shono didn't stop at one death, right?	โชโนะไม่ได้หยุดแค่ศพเดียวใช่ไหม?
22-0848	sound_auth	No. He needed Shinpei Okubo\nto take the fall...	ไม่ครับ เขาต้องการให้ชินเป โอคุโบะ\nรับผิดแทน...
22-0849	sound_auth	He needed Shinpei Okubo\nto take the fall... so...	เขาต้องการให้ชินเป โอคุโบะ\nรับผิดแทน... ดังนั้น...
22-0850	sound_auth	...And murdered Emi Terasawa\nto accomplish that.	...และฆ่าเอมิ เทราซาวะ\nเพื่อให้บรรลุเป้าหมายนั้น
22-0851	sound_auth	...He murdered Emi Terasawa.	...เขาฆ่าเอมิ เทราซาวะ
22-0852	sound_auth	So you <font_kind=yakuza_italic>did</font_kind> know!	งั้นคุณก็<font_kind=yakuza_italic>รู้</font_kind>จริง ๆ ด้วยสิ!
22-0853	sound_auth	Save it, Sugiura.\nWe're not done yet.	เก็บไว้ก่อน ซุกิอุระ\nเรายังไม่จบแค่นี้
22-0854	sound_auth	We're not done talking yet.\nSave it.	เรายังคุยกันไม่จบ\nเก็บไว้ก่อนเถอะ
22-0855	sound_auth	Fuck that!	ไม่มีทาง!
22-0856	sound_auth	<color=ｍonologue>(We've got him right where we want him.\nHe won't hide anything anymore.)</color>	<color=ｍonologue>(เราจับเขาไว้ได้ตรงจุดที่ต้องการแล้ว\nเขาจะปิดบังอะไรไม่ได้อีกต่อไป)</color>
22-0857	sound_auth	What happened next?\nAfter Shono killed Emi.	แล้วเกิดอะไรขึ้นต่อ?\nหลังจากโชโนะฆ่าเอมิ
22-0858	sound_auth	What happened next?\nAfter Shono killed Emi Terasawa.	แล้วเกิดอะไรขึ้นต่อ?\nหลังจากโชโนะฆ่าเอมิ เทราซาวะ
22-0859	sound_auth	Don't you already know!?	คุณก็รู้อยู่แล้วไม่ใช่เหรอ!?
22-0860	sound_auth	Do I have to say it!?\nYou know what happened!	ต้องให้ผมพูดออกมาเลยเหรอ!?\nคุณก็รู้อยู่แล้วว่าเกิดอะไรขึ้น!
22-0861	sound_auth	You had Hashiki murdered.	คุณสั่งฆ่าฮาชิกิ
22-0862	sound_auth	...You had Hashiki murdered.	...คุณสั่งฆ่าฮาชิกิ
22-0863	sound_auth	I didn't!\nIt wasn't me!	ผมไม่ได้ทำ!\nไม่ใช่ผม!
22-0864	sound_auth	That wasn't my fault!	นั่นไม่ใช่ความผิดของผม!
22-0865	sound_auth	Hashiki was digging around,\ntrying to find something wrong with AD-9.	ฮาชิกิกำลังสืบสาว\nพยายามหาความผิดปกติของ AD-9
22-0866	sound_auth	Hashiki was digging around\nfor AD-9's secrets.	ฮาชิกิกำลังสืบสาว\nหาความลับของ AD-9
22-0867	sound_auth	You and Shono didn't like that too much.	คุณกับโชโนะไม่ชอบใจเรื่องนั้น เท่าไหร่
22-0868	sound_auth	You and Shono didn't like that\ntoo much.	คุณกับโชโนะไม่ชอบใจ\nเรื่องนั้นเท่าไหร่
22-0869	sound_auth	But you needed some help\nto take care of him.	แต่คุณต้องการความช่วยเหลือ\nเพื่อจัดการเขา
22-0870	sound_auth	But... you needed some help\nto take care of him.	แต่... คุณต้องการความช่วยเหลือ\nเพื่อจัดการเขา
22-0871	sound_auth	Someone else who wanted to protect AD-9.\nThat person was...	อีกคนที่ต้องการปกป้อง AD-9\nคนคนนั้นคือ...
22-0872	sound_auth	Someone else who wanted to protect AD-9,\nand profit off of it. That person was...	อีกคนที่ต้องการปกป้อง AD-9\nและหากำไรจากมันด้วย คนคนนั้นคือ...
22-0873	sound_auth	<color=ｍonologue>(The man Shono and Kido asked for help\nin protecting AD-9 was...)</color>	<color=ｍonologue>(ชายที่โชโนะกับคิโดะขอให้ช่วย\nปกป้อง AD-9 คือ...)</color>
22-0874	sound_auth	<color=ｍonologue>(The person Shono and Kido asked for help\nin protecting AD-9 was...)</color>	<color=ｍonologue>(คนที่โชโนะกับคิโดะขอให้ช่วย\nปกป้อง AD-9 คือ...)</color>
22-0875	sound_auth	Hamura from the Matsugane Family.	ฮามุระ จากตระกูลมัตสึกาเนะ
22-0876	sound_auth	Hm? No, that was before\nI knew any yakuza.	หืม? ไม่ใช่ นั่นมันก่อน\nที่ผมจะรู้จักยากูซ่าคนไหนเลย
22-0877	sound_auth	Hm? No, that was before I knew any yakuza.	หืม? ไม่ใช่ นั่นมันก่อนที่ผมจะรู้จัก ยากูซ่าคนไหนเลย
22-0878	sound_auth	Exactly. In that case, it was...	ใช่เลย ถ้างั้นก็คือ...
22-0879	sound_auth	Right. In that case, it was...	ใช่ ถ้างั้นก็คือ...
22-0880	sound_auth	Kuroiwa, from the Kamurocho police.	คุโรอิวะ จากตำรวจคามุโรโจ
22-0881	sound_auth	Hm? No, I didn't know him at the time.	หืม? ไม่ใช่ ตอนนั้นผมยังไม่รู้จักเขา
22-0882	sound_auth	Ichinose from the Ministry of Health.	อิจิโนเสะ จากกระทรวงสาธารณสุข
22-0883	sound_auth	The guy who founded the ADDC. Made it a place all\nthe old-guard Ministry execs could retire to.	คนที่ก่อตั้ง ADDC เขาทำให้มันเป็นที่\nที่ผู้บริหารรุ่นเก่าของกระทรวง จะได้ไปเกษียณ
22-0884	sound_auth	The ADDC's founder. The one who made it a place\nall the old guard Ministry execs could retire to.	ผู้ก่อตั้ง ADDC คนที่ทำให้มันเป็นที่\nที่ผู้บริหารรุ่นเก่าของกระทรวง จะได้ไปเกษียณ
22-0885	sound_auth	Yes. Shono and I went to Ichinose-san\nand pleaded with him to help us.	ครับ ผมกับโชโนะไปหาอิจิโนเสะซัง\nและขอร้องให้เขาช่วยพวกเรา
22-0886	sound_auth	...Yes. Shono and I... We went to Ichinose-san\nand pleaded with him to help us.	...ครับ ผมกับโชโนะ... เราไปหาอิจิโนเสะซัง\nและขอร้องให้เขาช่วยพวกเรา
22-0887	sound_auth	After all, he's known for being well-versed\nin political matters... both aboveboard and otherwise.	ยังไงเขาก็ขึ้นชื่อเรื่องเชี่ยวชาญ\nการเมือง... ทั้งบนดินและใต้ดิน
22-0888	sound_auth	After all, he's known for being well-versed in political matters...\nboth aboveboard and otherwise.	ยังไงเขาก็ขึ้นชื่อเรื่อง เชี่ยวชาญการเมือง...\nทั้งบนดินและใต้ดิน
22-0889	sound_auth	So... we told him everything. About Waku-san dying\nin the experiment, about Emi Terasawa...	ดังนั้น... เราเล่าให้เขาฟังหมด เรื่องวาคุซังที่ตาย\nจากการทดลอง เรื่องเอมิ เทราซาวะ...
22-0890	sound_auth	We told him everything. About the patient dying\nin the experiment, about Emi Terasawa...	เราเล่าให้เขาฟังหมด เรื่องผู้ป่วยที่ตาย\nจากการทดลอง เรื่องเอมิ เทราซาวะ...
22-0891	sound_auth	Every last detail.	ทุกรายละเอียดเลยครับ
22-0892	sound_auth	Without hesitation, Ichinose-san agreed\nto help us with the coverup.	อิจิโนเสะซังตอบตกลง\nช่วยปกปิดเรื่องนี้โดยไม่ลังเลเลย
22-0893	sound_auth	And Ichinose-san, well... he agreed without hesitation\nto help us with the coverup.	แล้วอิจิโนเสะซังก็... ตอบตกลงโดยไม่ลังเล\nที่จะช่วยปกปิดเรื่องนี้ให้เรา
22-0894	sound_auth	According to him,\nprotecting AD-9 was top priority.	ตามที่เขาว่า\nการปกป้อง AD-9 คือสิ่งสำคัญที่สุด
22-0895	sound_auth	According to him, protecting AD-9\nwas our top priority.	ตามที่เขาว่า การปกป้อง AD-9\nคือสิ่งสำคัญที่สุดของพวกเรา
22-0896	sound_auth	Hence why he decided to silence Hashiki.	นั่นแหละคือเหตุผลที่เขา ตัดสินใจปิดปากฮาชิกิ
22-0897	sound_auth	That's why... he decided to\nsilence Hashiki.	นั่นแหละ... เหตุผลที่เขาตัดสินใจ\nปิดปากฮาชิกิ
22-0898	sound_auth	Ichinose-san knew he was Kajihira's spy\nfrom the start... and acted accordingly.	อิจิโนเสะซังรู้ตั้งแต่แรกว่า เขาเป็นสายลับของคาจิฮิระ\n... และลงมือจัดการตามนั้น
22-0899	sound_auth	Ichinose-san knew all along. How Hashiki\nhad been Kajihira's spy from the beginning.	อิจิโนเสะซังรู้มาตลอด ว่าฮาชิกิ\nเป็นสายลับของคาจิฮิระมาตั้งแต่ต้น
22-0900	sound_auth	Meanin' he's the one who first dragged Hamura\nn' Kuroiwa into this bullshit.	หมายความว่าเขานี่แหละที่ลากฮามุระ\nกับคุโรอิวะเข้ามาในเรื่องบ้า ๆ นี้เป็นคนแรก
22-0901	sound_auth	So it started with Ichinose. He dragged\nHamura n' Kuroiwa into this bullshit.	งั้นมันเริ่มจากอิจิโนเสะ เขาลากฮามุระ\nกับคุโรอิวะเข้ามาในเรื่องบ้า ๆ นี้
22-0902	sound_auth	Real barrel of fucking monkeys.	โคตรจะวุ่นวายกันไปหมดเลยว่ะ
22-0903	sound_auth	Damn... Real barrel of fucking monkeys.	บ้าเอ๊ย... โคตรจะวุ่นวายกันไปหมดเลย
22-0904	sound_auth	With Hashiki out of the way... all that was left\nfor us to do was complete AD-9.	พอฮาชิกิถูกกำจัดไป... สิ่งที่เหลือ\nให้พวกเราทำก็คือทำ AD-9 ให้สำเร็จ
22-0905	sound_auth	But we realized something. If we entered clinical trials\nand another patient died... our dream too would be dead.	แต่เราก็รู้ตัวว่า ถ้าเข้าสู่การทดลองทางคลินิก\nแล้วมีผู้ป่วยตายอีกคน... ความฝันของเราก็จะพังไปด้วย
22-0906	sound_auth	But we realized something. If we entered clinical trials and\nanother patient died... Our dream would die too.	แต่เราก็รู้ตัวว่า ถ้าเข้าสู่การทดลองทางคลินิกแล้ว\nมีผู้ป่วยตายอีกคน... ความฝันของเราก็จะพังไปด้วย
22-0907	sound_auth	The ADDC would be no more... and all our sacrifices\nwould have been for nothing.	ADDC ก็คงล่มสลาย... และการเสียสละทั้งหมดของเรา\nก็จะสูญเปล่า
22-0908	sound_auth	<font_kind=yakuza_italic>Your</font_kind> sacrifices?\nHow can you say that with a straight face?	การเสียสละของ<font_kind=yakuza_italic>คุณ</font_kind>เนี่ยนะ?\nพูดออกมาหน้าตาเฉยได้ยังไง?
22-0909	sound_auth	<font_kind=yakuza_italic>Your</font_kind> sacrifices? How can you say that\nwith a straight face?	การเสียสละของ<font_kind=yakuza_italic>คุณ</font_kind>เนี่ยนะ? พูดออกมา\nหน้าตาเฉยได้ยังไง?
22-0910	sound_auth	You're not the ones who died\nfor some bullshit drug!	คุณไม่ใช่คนที่ตายไป\nเพื่อยาบ้า ๆ นั่นสักหน่อย!
22-0911	sound_auth	Talk. How did you deal with that?	พูดมา คุณจัดการกับเรื่องนั้นยังไง?
22-0912	sound_auth	Through all my hesitation,\nShono kept pushing.	ทั้งที่ผมยังลังเลอยู่\nโชโนะก็ยังคงผลักดันต่อไป
22-0913	sound_auth	Even through all my hesitation...\nShono kept pushing.	แม้ผมจะลังเลแค่ไหน...\nโชโนะก็ยังคงผลักดันต่อไป
22-0914	sound_auth	Aggressive to a damn fault.	ก้าวร้าวเกินไปจนน่ารำคาญ
22-0915	sound_auth	He said we couldn't be afraid of failure\nif we really wanted to finish AD-9.	เขาบอกว่าเราต้องไม่กลัวความล้มเหลว\nถ้าอยากทำ AD-9 ให้สำเร็จจริง ๆ
22-0916	sound_auth	He said we couldn't be afraid of failure,\nif we really wanted to finish AD-9.	เขาบอกว่าเราต้องไม่กลัวความล้มเหลว\nถ้าอยากทำ AD-9 ให้สำเร็จจริง ๆ
22-0917	sound_auth	That we needed to keep experimenting\nuntil we succeeded...	ว่าเราต้องทดลองต่อไปเรื่อย ๆ\nจนกว่าจะสำเร็จ...
22-0918	sound_auth	He also said the only way\nto speed up development...	เขายังบอกอีกว่าทางเดียว\nที่จะเร่งการพัฒนาได้...
22-0919	sound_auth	And... he had his own ideas\nfor speeding up development.	และ... เขาก็มีความคิดของตัวเอง\nสำหรับการเร่งพัฒนา
22-0920	sound_auth	Was to keep conducting clinical trials\nin secret. Shono was adamant about that.	คือต้องทำการทดลองทางคลินิกต่อไป\nอย่างลับ ๆ โชโนะยืนกรานเรื่องนี้มาก
22-0921	sound_auth	Shono wanted to keep conducting clinical trials\nin secret to keep AD-9 alive.	โชโนะต้องการทำการทดลองทางคลินิกต่อไป\nอย่างลับ ๆ เพื่อให้ AD-9 ไปต่อได้
22-0922	sound_auth	Think about it. If we could hide the fact\nthat our subjects were dying...	คิดดูสิ ถ้าเราปิดบังความจริง\nที่ว่าคนไข้ทดลองของเราตายไปได้...
22-0923	sound_auth	If we could hide the fact that AD-9's subjects\nwere dying, whatever that took...	ถ้าเราปิดบังความจริงที่ว่าคนไข้ทดลอง\nของ AD-9 กำลังตาย ไม่ว่าจะต้องทำยังไงก็ตาม...
22-0924	sound_auth	...We could continue experimenting,\ndespite the risks.	...เราก็จะทดลองต่อไปได้\nแม้จะมีความเสี่ยงก็ตาม
22-0925	sound_auth	...then we could continue experimenting\ndespite the risks.	...เราก็จะทดลองต่อไปได้\nแม้จะมีความเสี่ยงก็ตาม
22-0926	sound_auth	In order to do so, we needed a way to quickly\nprocure and discard test subjects.	เพื่อให้ทำแบบนั้นได้ เราต้องหาวิธีจัดหา\nและกำจัดคนไข้ทดลองได้อย่างรวดเร็ว
22-0927	sound_auth	For that, we needed a way to quickly procure\nand discard test subjects.	เพื่อการนั้น เราต้องหาวิธีจัดหา\nและกำจัดคนไข้ทดลองได้อย่างรวดเร็ว
22-0928	sound_auth	With that, it would only be a matter of time\nuntil AD-9 was complete.	แค่นั้นก็เหลือแค่เรื่องของเวลา\nก่อน AD-9 จะสำเร็จ
22-0929	sound_auth	With that, it wouldn't be long\nuntil AD-9 was safe.	แค่นั้นก็คงอีกไม่นาน\nAD-9 ก็จะปลอดภัย
22-0930	sound_auth	And those test subjects...\nwere the Kyorei Clan men.	และคนไข้ทดลองพวกนั้น...\nก็คือคนของตระกูลเคียวเรอิ
22-0931	sound_auth	And your test subjects were\nthe Kyorei Clan men.	และคนไข้ทดลองของคุณก็คือ\nคนของตระกูลเคียวเรอิ
22-0932	sound_auth	Ichinose-san listened to every single one\nof Shono's requests.	อิจิโนเสะซังรับฟังทุกคำขอ\nของโชโนะทุกอย่างเลย
22-0933	sound_auth	Ichinose-san, he... listened to every\nsingle one of Shono's requests.	อิจิโนเสะซังเขา... รับฟังทุกคำขอ\nของโชโนะทุกอย่างเลย
22-0934	sound_auth	My only role in all of this was obtaining\nthe funds required.	บทบาทเดียวของผมในเรื่องนี้คือหา\nเงินทุนที่จำเป็นมาให้
22-0935	sound_auth	All I did... was keep the cash flowing in\nfor their endeavors.	สิ่งเดียวที่ผมทำ... คือทำให้เงินไหลเข้า\nเพื่องานของพวกเขาต่อไปเรื่อย ๆ
22-0936	sound_auth	And so, money flowed into the ADDC\nfrom the Ministry of Health.	แล้วเงินก็ไหลเข้าสู่ ADDC\nจากกระทรวงสาธารณสุข
22-0937	sound_auth	Money flowed into the ADDC,\ndirect from the Ministry of Health.	เงินไหลเข้าสู่ ADDC\nโดยตรงจากกระทรวงสาธารณสุข
22-0938	sound_auth	Money which I gave to Shono...\nAllowing him to build a secret lab in Kamurocho.	เงินที่ผมยกให้โชโนะ...\nทำให้เขาสร้างแล็บลับในคามุโรโจได้
22-0939	sound_auth	Money which I gave to Shono... allowing him\nto build a secret lab in Kamurocho.	เงินที่ผมยกให้โชโนะ... ทำให้เขา\nสร้างแล็บลับในคามุโรโจได้
22-0940	sound_auth	A secret lab?	แล็บลับเหรอ?
22-0941	sound_auth	It's where he carries out\nall of his human experiments.	มันคือที่ที่เขาลงมือ\nทดลองมนุษย์ทั้งหมด
22-0942	sound_auth	His human experiments...\nall happen there.	การทดลองมนุษย์ของเขา...\nเกิดขึ้นที่นั่นทั้งหมด
22-0943	sound_auth	<color=ｍonologue>(Hamura mentioned a secret lab for doing the\nhuman experiments back at Honmaruen.)</color>	<color=ｍonologue>(ฮามุระเคยพูดถึงแล็บลับสำหรับทำการ\nทดลองมนุษย์ ตอนอยู่ที่ฮนมารุเอ็น)</color>
22-0944	sound_auth	Where exactly is this lab?	แล็บนี้อยู่ที่ไหนกันแน่?
22-0945	sound_auth	So, this lab. Where in Kamurocho is it?	แล้วแล็บนี้ล่ะ อยู่ตรงไหนของคามุโรโจ?
22-0946	sound_auth	I'm not sure of the specific location.	ผมไม่แน่ใจตำแหน่งที่แน่ชัดครับ
22-0947	sound_auth	Well, I... I'm not sure exactly.	เอ่อ ผม... ผมไม่แน่ใจเป๊ะ ๆ
22-0948	sound_auth	I... try not to come between Shono and Ichinose-san\nunless absolutely necessary.	ผม... พยายามไม่เข้าไปยุ่งเรื่อง ระหว่างโชโนะกับอิจิโนเสะซัง\nเว้นแต่จำเป็นจริง ๆ
22-0949	sound_auth	I try not to come between Shono and Ichinose-san...\nunless it's absolutely necessary.	ผมพยายามไม่เข้าไปยุ่งเรื่อง ระหว่างโชโนะกับอิจิโนเสะซัง...\nเว้นแต่จำเป็นจริง ๆ
22-0950	sound_auth	So that lab is where all the killings happen.\nWhere those Kyorei guys were slaughtered.	งั้นแล็บนั้นก็คือที่ที่ฆาตกรรม ทั้งหมดเกิดขึ้น\nที่ที่พวกเคียวเรอิถูกฆ่าตาย
22-0951	sound_auth	So that's where all the killings happen.\nWhere those Kyorei guys were slaughtered.	งั้นนั่นก็คือที่ที่ฆาตกรรม ทั้งหมดเกิดขึ้น\nที่ที่พวกเคียวเรอิถูกฆ่าตาย
22-0952	sound_auth	If anywhere's gonna have evidence...\nit's there.	ถ้าจะมีหลักฐานอยู่ที่ไหน...\nก็ต้องที่นั่นแหละ
22-0953	sound_auth	If we want evidence, that's where\nwe're gonna find it.	ถ้าอยากได้หลักฐาน ที่นั่นแหละ\nคือที่ที่เราจะเจอมัน
22-0954	sound_auth	You sure you don't know where it is?	แน่ใจนะว่าไม่รู้ว่ามันอยู่ไหน?
22-0955	sound_auth	Hey. You sure you don't know\nwhere it is?	เฮ้ แน่ใจนะว่าคุณไม่รู้\nว่ามันอยู่ไหน?
22-0956	sound_auth	Detective Kuroiwa would,\nof course.	นักสืบคุโรอิวะรู้แน่\nแน่นอนครับ
22-0957	sound_auth	Detective Kuroiwa would.\nWithout a doubt.	นักสืบคุโรอิวะรู้แน่\nไม่ต้องสงสัยเลย
22-0958	sound_auth	He's not as talkative as you, though.	แต่เขาไม่ค่อยปากโป้งเท่าคุณหรอกนะ
22-0959	sound_auth	Slight hitch there.\nHe's not as talkative as you.	มีปัญหานิดหน่อยตรงนี้\nเขาไม่ค่อยปากโป้งเท่าคุณ
22-0960	sound_auth	There was another person involved\nin setting up the lab.	มีอีกคนที่เกี่ยวข้อง\nกับการตั้งแล็บนี้
22-0961	sound_auth	There was another person\ninvolved in setting up the lab.	มีอีกคน\nที่เกี่ยวข้องกับการตั้งแล็บนี้
22-0962	sound_auth	A subordinate of Ichinose-san.\nI believe his name was... Ishimatsu.	ลูกน้องของอิจิโนเสะซัง\nผมจำได้ว่าเขาชื่อ... อิชิมัตสึ
22-0963	sound_auth	I've heard that name before.\nHe was the middle-man between Hamura and Shono.	ผมเคยได้ยินชื่อนี้มาก่อน\nเขาเป็นคนกลางระหว่างฮามุระกับโชโนะ
22-0964	sound_auth	I've heard that name. Hamura mentioned him...\nHe was the middleman.	ผมเคยได้ยินชื่อนี้ ฮามุระเคยพูดถึงเขา...\nเขาเป็นคนกลาง
22-0965	sound_auth	Where's this Ishimatsu guy?	ไอ้อิชิมัตสึคนนี้อยู่ที่ไหน?
22-0966	sound_auth	In Kamurocho. There's a Ministry of Health\noffice up in the Millennium Tower.	ในคามุโรโจครับ มีสำนักงานกระทรวงสาธารณสุข\nอยู่บนตึกมิลเลนเนียมทาวเวอร์
22-0967	sound_auth	In Kamurocho. At the Millennium Tower...\nThere's a Ministry of Health office.	ในคามุโรโจ ที่มิลเลนเนียมทาวเวอร์...\nมีสำนักงานกระทรวงสาธารณสุขอยู่
22-0968	sound_auth	Apparently he'll be in tonight.	ได้ยินว่าคืนนี้เขาจะเข้าออฟฟิศครับ
22-0969	sound_auth	Wait, the Millennium Tower?	เดี๋ยว มิลเลนเนียมทาวเวอร์เหรอ?
22-0970	sound_auth	What? Like a branch office?	อะไรนะ เป็นสาขางั้นเหรอ?
22-0971	sound_auth	That's where they oversee Shono's secret lab.\nNobody knows the office is there.	ที่นั่นคือที่ที่พวกเขาคุมดูแล แล็บลับของโชโนะ\nไม่มีใครรู้ว่ามีออฟฟิศอยู่ตรงนั้น
22-0972	sound_auth	The sign out front even\nhas a different name.	ป้ายหน้าตึกยังใช้\nชื่ออื่นเลยด้วยซ้ำ
22-0973	sound_auth	The sign out front even has\na different name.	ป้ายหน้าตึกยังใช้ชื่ออื่น\nเลยด้วยซ้ำ
22-0974	sound_auth	They really got a place like that...?	พวกมันมีที่แบบนั้นจริง ๆ เหรอเนี่ย...?
22-0975	sound_auth	That's Kamurocho for you...	ก็คามุโรโจนี่นะ...
22-0976	sound_auth	Well, Ishimatsu knows where the lab is,\nyeah? This'll be easy.	งั้นอิชิมัตสึก็รู้ว่าแล็บอยู่ไหน\nใช่ไหม? เรื่องนี้ง่ายละ
22-0977	sound_auth	Well, that works out. Ishimatsu knows where\nthe lab is, yeah? This'll be easy.	งั้นก็เข้าทางเลย อิชิมัตสึรู้ว่า\nแล็บอยู่ไหนใช่ไหม? เรื่องนี้ง่ายละ
22-0978	sound_auth	Mhm. Just gotta strip him down\nand force him to talk.	อือ แค่ถอดเสื้อผ้าเขาออก\nแล้วบีบให้เขาพูดก็จบ
22-0979	sound_auth	Yep.\nStrip him and grill him, right?	ใช่\nถอดเสื้อผ้าแล้วซักถามให้ เข้มข้นใช่ไหมล่ะ?
22-0980	sound_auth	Hold up. I've got a better idea.	เดี๋ยวก่อน ผมมีไอเดียที่ดีกว่านั้น
22-0981	sound_auth	First, we give this Ishimatsu guy some\nkinda reason to go to the lab.	อย่างแรก เราให้เหตุผลบางอย่าง\nกับไอ้อิชิมัตสึให้ไปที่แล็บ
22-0982	sound_auth	First, we give this Ishimatsu guy some kinda reason\nto go to the lab.	อย่างแรก เราให้เหตุผลบางอย่างกับไอ้อิชิมัตสึ\nให้ไปที่แล็บ
22-0983	sound_auth	Then we just, follow him\nfrom the Millennium Tower.	แล้วก็แค่ตามเขาไป\nจากมิลเลนเนียมทาวเวอร์
22-0984	sound_auth	Then, we just follow him\nfrom the Millennium Tower.	จากนั้นก็แค่ตามเขาไป\nจากมิลเลนเนียมทาวเวอร์
22-0985	sound_auth	Not bad. Ishimatsu himself'll\nlead us straight there.	ไม่เลว อิชิมัตสึเองจะ\nพาเราไปถึงที่นั่นเลย
22-0986	sound_auth	Not bad. Ishimatsu himself can\nlead us straight there.	ไม่เลว อิชิมัตสึเองจะ\nพาเราไปถึงที่นั่นได้เลย
22-0987	sound_auth	But how're we gonna get him to go?	แต่จะทำให้เขาไปได้ยังไงล่ะ?
22-0988	sound_auth	Yeah, but... How're we gonna\nget him to go?	อือ แต่... จะทำให้เขาไป\nได้ยังไงล่ะ?
22-0989	sound_auth	Well, we'll... uh...	เอ่อ เราจะ... เอ่อ...
22-0990	sound_auth	We'll get our buddy Kido\nhere to give him a call.	เราจะให้เพื่อนเราคนนี้ คิโดะ\nโทรหาเขาเอง
22-0991	sound_auth	It's fine. We'll have our buddy Kido\ngive him a call.	ไม่เป็นไร เราจะให้เพื่อนเรา คิโดะ\nโทรหาเขาเอง
22-0992	sound_auth	Say something about how we're\nclosing in on the lab.	พูดอะไรสักอย่างว่าเรากำลัง\nใกล้จะถึงแล็บแล้ว
22-0993	sound_auth	Say something about how we're\nclosing in on Shono's hideout.	พูดอะไรสักอย่างว่าเรากำลัง\nใกล้จะถึงที่ซ่อนของโชโนะแล้ว
22-0994	sound_auth	Tell him you need him over\nthere to stand guard.	บอกเขาว่าคุณต้องการให้เขามา\nคุมเชิงที่นั่น
22-0995	sound_auth	Then, tell him you need a guy\nover there to stand guard.	จากนั้นก็บอกเขาว่าคุณต้องการคน\nไปคุมเชิงที่นั่น
22-0996	sound_auth	Y'know, that might just work.	รู้อะไรไหม แผนนี้อาจได้ผลจริง ๆ
22-0997	sound_auth	Nice, that's good.	เยี่ยม ดีมาก
22-0998	sound_auth	And what, you think I'll just agree to this?	แล้วไง คิดว่าผมจะยอมทำตามงั้นเหรอ?
22-0999	sound_auth	You... You want me to call Ishimatsu!?	คุณ... คุณจะให้ผมโทรหาอิชิมัตสึเนี่ยนะ!?
22-1000	sound_auth	You better. If you don't want us\nspreadin' your little video, that is.	ทำซะดี ๆ นะ ถ้าไม่อยากให้เรา\nปล่อยคลิปเล็ก ๆ ของคุณออกไปน่ะ
22-1001	sound_auth	Better do it right. If you don't want us\nspreadin' your little video, that is.	ทำให้ถูกต้องด้วยล่ะ ถ้าไม่อยากให้เรา\nปล่อยคลิปเล็ก ๆ ของคุณออกไปน่ะ
22-1002	sound_auth	That settles it, then.\nWhat does Ishimatsu look like?	งั้นก็ตกลงตามนี้\nอิชิมัตสึหน้าตาเป็นยังไง?
22-1003	sound_auth	...He's in his fifties, always wears a gray suit.\nA short man. Not that much over five feet.	...เขาอายุห้าสิบกว่า ใส่สูทสีเทาตลอด\nตัวเตี้ย สูงไม่เกินห้าฟุตเท่าไหร่
22-1004	sound_auth	...He's in his fifties. Always wears a gray suit.\nA short man. Not much over five feet.	...เขาอายุห้าสิบกว่า ใส่สูทสีเทาตลอด\nตัวเตี้ย สูงไม่เกินห้าฟุตเท่าไหร่
22-1005	sound_auth	Ah, and he always wears gloves!	อ้อ แล้วเขาก็ใส่ถุงมือตลอดด้วย!
22-1006	sound_auth	That could be any regular-ass\nold dude in this town.	นั่นมันก็ลุงแก่ ๆ ทั่วไป\nคนไหนก็ได้ในเมืองนี้นี่นา
22-1007	sound_auth	Sounds like any regular-ass old dude.	ฟังดูเหมือนลุงแก่ ๆ ทั่วไปเลยนะ
22-1008	sound_auth	Anything else?	มีอะไรอีกไหม?
22-1009	sound_auth	There may be photos of him\non the internet.	เขาอาจมีรูปอยู่\nในอินเทอร์เน็ตครับ
22-1010	sound_auth	Well, there might be photos of him\non the internet...	เอ่อ เขาอาจมีรูปอยู่\nในอินเทอร์เน็ตบ้างครับ...
22-1011	sound_auth	You seriously telling\nus to just... search him?	จะให้เราเสิร์ชหา\nเขาเฉยๆ งั้นเหรอ?
22-1012	sound_auth	So what, you want us to just\nsearch his name?	อะไรนะ จะให้เราเสิร์ช\nชื่อเขาเฉยๆ งั้นเหรอ?
22-1013	sound_auth	Yes. Er, well, not exactly.\nTry looking up Vice Minister Ichinose.	ครับ เอ่อ ก็ไม่เชิงครับ\nลองค้นหารองปลัดอิจิโนเสะดูสิครับ
22-1014	sound_auth	Er, well, not exactly.\nTry looking up Vice Minister Ichinose.	เอ่อ ก็ไม่เชิงครับ\nลองค้นหารองปลัดอิจิโนเสะดูสิครับ
22-1015	sound_auth	Ishimatsu might have ended up\nin a photo of his at some point.	อิชิมัตสึอาจจะเผลอ\nติดอยู่ในรูปของเขาสักรูปก็ได้ครับ
22-1016	sound_auth	You see, Ishimatsu's often seen with him.\nThey might be in a photo together...	คืออิชิมัตสึมักจะอยู่กับเขาบ่อยๆ ครับ\nอาจติดรูปด้วยกันบ้างก็ได้...
22-1017	sound_auth	Mm, gotcha. Could take a while,\nbut I should be able to find somethin'.	อืม เข้าใจแล้ว อาจใช้เวลาหน่อย\nแต่ฉันน่าจะหาเจอบ้างแหละ
22-1018	sound_auth	Gotcha. I can handle that,\nbut who knows how deep we'll have to dig.	เข้าใจแล้ว เรื่องนี้ฉันจัดการได้\nแต่ไม่รู้ว่าต้องขุดลึกแค่ไหน
22-1019	sound_auth	Kaito. Higashi.\nMind hanging back here with Kido?	ไคโตะ ฮิงาชิ\nช่วยอยู่เฝ้าที่นี่กับคิโดะได้ไหม?
22-1020	sound_auth	In that case, Kaito, Higashi.\nMind hanging back here with Kido?	งั้นไคโตะกับฮิงาชิ\nช่วยอยู่เฝ้าที่นี่กับคิโดะได้ไหม?
22-1021	sound_auth	What about me then?	แล้วผมล่ะครับ?
22-1022	sound_auth	What do I do?	แล้วผมต้องทำยังไง?
22-1023	sound_auth	You get to tail Ishimatsu with me.\nYou're good at that kinda stuff, right?	นายไปสะกดรอยอิชิมัตสึกับผม\nนายถนัดเรื่องแบบนี้ไม่ใช่เหรอ?
22-1024	sound_auth	Guess so, yeah.\nWell, let's head to the Millennium Tower.	ก็ใช่ครับ\nงั้นไปที่มิลเลนเนียมทาวเวอร์กันเลย
22-1025	sound_auth	Guess so... Well, we better get moving.\nTo the Millennium Tower!	ก็คงงั้น...งั้นรีบไปกันดีกว่า\nมุ่งสู่มิลเลนเนียมทาวเวอร์!
22-1026	sound_auth	Be safe, you two. I'll send you a shot\nof Ishimatsu once I've got one.	ระวังตัวด้วยนะทั้งคู่ เดี๋ยวฉันส่งรูป\nอิชิมัตสึให้ทันทีที่หาเจอ
22-1027	sound_auth	I'll send you a shot of Ishimatsu once I find one.\nCareful out there, you two.	เดี๋ยวฉันส่งรูปอิชิมัตสึให้ ทันทีที่หาเจอ\nระวังตัวด้วยนะทั้งคู่
22-1028	sound_auth	Great. Let's move out.	เยี่ยม ออกเดินทางกันเลย
22-1029	sound_auth	Yo, it's Kaito.\nI just sent you the photo. Later.	นี่ไคโตะนะ\nส่งรูปให้แล้ว แล้วเจอกัน
22-1030	sound_auth	It's Kaito. Check your messages.\nJust sent you Ishimatsu's creepy mug. Later.	ไคโตะเองว่ะ เช็กข้อความดูสิ\nส่งหน้าตาขนหัวลุกของอิชิมัตสึให้แล้ว แล้วเจอกัน
22-1031	sound_auth	So this is Ishimatsu, huh?\nGray suit, gloves...	นี่แหละอิชิมัตสึสินะ\nสูทเทา ถุงมือ...
22-1032	sound_auth	So that's our guy, huh?\nGray suit, gloves...	นี่แหละเป้าหมายของเราสินะ\nสูทเทา ถุงมือ...
22-1033	sound_auth	We should be able to tell when\nhe's leaving from here.	จากตรงนี้น่าจะเห็นตอน\nเขาออกมาได้ชัดเจน
22-1034	sound_auth	We'll see him leaving from\nup here no problem.	อยู่ตรงนี้เห็นตอนเขาออกมา\nชัวร์แน่นอน
22-1035	sound_auth	Once he takes us there, we'll be ready\nto raid the lab. You good to go?	พอเขาพาเราไปถึง เราก็พร้อม\nบุกแล็บได้เลย พร้อมหรือยัง?
22-1036	sound_auth	...There's no turning back once we start\ntailin' Ishimatsu to the lab. You ready?	...พอเริ่มสะกดรอยอิชิมัตสึไปที่แล็บแล้ว\nถอยกลับไม่ได้นะ พร้อมหรือยัง?
22-1037	sound_auth	Not just yet.\nWe can't afford to fail now.	ยังก่อน\nตอนนี้พลาดไม่ได้เด็ดขาด
22-1038	sound_auth	Right. I'll be on standby here in case\nhe comes out in the meantime.	โอเค ผมจะรออยู่ตรงนี้\nเผื่อเขาออกมาระหว่างนี้
22-1039	sound_auth	Guess not. Let me know—\nI'll be here on standby.	งั้นก็ยังก่อน บอกผมด้วยล่ะ—\nผมจะรออยู่ตรงนี้
22-1040	sound_auth	We're in position, Kaito-san.\nTell Kido to make the call.	เราเข้าประจำที่แล้ว ไคโตะซัง\nบอกคิโดะให้โทรได้เลย
22-1041	sound_auth	Kaito-san. We're in position.\nTell Kido to make the call.	ไคโตะซัง เราเข้าประจำที่แล้ว\nบอกคิโดะให้โทรได้เลย
22-1042	sound_auth	Gotcha!	เข้าใจแล้ว!
22-1043	sound_auth	It's time for your big\nacting debut, buddy.	ได้เวลาแสดงฝีมือการแสดง\nครั้งใหญ่ของแกแล้ว เพื่อนยาก
22-1044	sound_auth	Well, time for your big\nacting debut, buddy.	เอาล่ะ ได้เวลาแสดงฝีมือ\nการแสดงครั้งใหญ่ของแกแล้ว เพื่อนยาก
22-1045	sound_auth	You there, Tak? Kido's call went off\nwithout a hitch. Ishimatsu's on the move.	อยู่ไหม ทาคุ? สายที่คิโดะโทรไปราบรื่นดี\nอิชิมัตสึเริ่มเคลื่อนไหวแล้ว
22-1046	sound_auth	You there, Tak? Kido's call went off without a hitch.\nIshimatsu's on the move.	อยู่ไหม ทาคุ? สายที่คิโดะโทรไปราบรื่นดี\nอิชิมัตสึเริ่มเคลื่อนไหวแล้ว
22-1047	sound_auth	Great. Now we just have\nto find him and follow him.	ดี ทีนี้ก็แค่ต้อง\nหาตัวเขาแล้วตามไป
22-1048	sound_auth	Great. Now we just spot him\nand follow him.	ดี ทีนี้ก็แค่ต้องมองหาตัวเขา\nแล้วตามไป
22-1049	sound_auth	Don't fuck this up, man.	อย่าทำพังล่ะเว้ย
22-1050	sound_auth	Don't fuck it up, man.	อย่าทำพังนะเว้ย
22-1051	sound_auth	Don't worry.\nMe and Sugiura got it covered. 	ไม่ต้องห่วง\nผมกับซุกิอุระจัดการได้ 
22-1052	sound_auth	We've got this. Don't worry.	เราจัดการได้ ไม่ต้องห่วง
22-1053	sound_auth	Plan's good to go.\nJust gotta nail the execution...	แผนพร้อมแล้ว\nที่เหลือก็แค่ทำให้สำเร็จ...
22-1054	sound_auth	Plan's good to go...	แผนพร้อมแล้ว...
22-1055	sound_auth	Get movin'. We'll have Kido make the call\nwhen you get to the Millennium Tower.	ไปได้เลย พอถึงมิลเลนเนียมทาวเวอร์\nเราจะให้คิโดะโทรไป
22-1056	sound_auth	Get movin'. When you reach the Millennium Tower,\nwe'll have Kido make the call.	ไปได้เลย พอถึงมิลเลนเนียมทาวเวอร์\nเราจะให้คิโดะโทรไป
22-1057	sound_auth	That'll lure Ishimatsu out no problem.	แบบนี้ล่ออิชิมัตสึออกมาได้แน่นอน
22-1058	sound_auth	Ugh, he's really on guard.	เชอะ เขาระวังตัวจริงๆ
22-1059	sound_auth	A gray suit, gloves... That's him!	สูทเทา ถุงมือ...คนนั้นแหละ!
22-1060	sound_auth	Yeah. Thankfully that makes\nhim stand out even more.	ใช่ โชคดีที่มันทำให้\nเขาเด่นขึ้นไปอีก
22-1061	sound_auth	Yup. Thankfully that makes him\nstand out even more.	ใช่เลย โชคดีที่มันทำให้เขา\nเด่นขึ้นไปอีก
22-1062	sound_auth	He'll get suspicious if we stay too close.\nLet's back off a bit.	เข้าใกล้เกินไปเดี๋ยวเขาจับพิรุธได้\nถอยออกมาหน่อยดีกว่า
22-1063	sound_auth	How 'bout we switch for now? You go around\nand see if you can head where he's goin'.	งั้นสลับกันก่อนดีไหม? นายอ้อมไป\nดูซิว่าจะไปดักทางที่เขาจะไปได้ไหม
22-1064	sound_auth	Okay, how 'bout we switch for now?\nYou see if you can head where he's goin'.	โอเค งั้นสลับกันก่อนดีไหม?\nนายลองไปดักทางที่เขาจะไปดูสิ
22-1065	sound_auth	There he is.\nComing right towards me.	อยู่นั่นไง\nกำลังตรงมาทางผมเลย
22-1066	sound_auth	Ishimatsu's right there.\nComing right toward me.	อิชิมัตสึอยู่ตรงนั้น\nกำลังตรงมาทางผมเลย
22-1067	sound_auth	All right. It's all on you now.	โอเค ทีนี้อยู่ที่นายแล้วนะ
22-1068	sound_auth	(Is that Ishimatsu...? Nah.)	(นั่นอิชิมัตสึหรือเปล่านะ...? ไม่ใช่หรอก)
22-1069	sound_auth	...Monsieur Lee?	...มองซิเออร์ลี?
22-1070	sound_auth	It's a love hotel that closed down years ago.\nPerfect place to set up a mad scientist's lab.	เป็นโรงแรมม่านรูดที่ปิดตัวไป หลายปีแล้ว\nเหมาะจะใช้ตั้งแล็บของ นักวิทยาศาสตร์บ้าคลั่งสุดๆ
22-1071	sound_auth	It's a love hotel that closed down years ago.\nPerfect place for some secret experiments.	เป็นโรงแรมม่านรูดที่ปิดตัวไป หลายปีแล้ว\nเหมาะกับการทดลองลับสุดๆ
22-1072	sound_auth	Kaito-san, it's me.	ไคโตะซัง ผมเองครับ
22-1073	sound_auth	It's me, Kaito-san.	ผมเองครับ ไคโตะซัง
22-1074	sound_auth	You find the place?	เจอที่นั่นรึยัง?
22-1075	sound_auth	Hey. You find the place?	นี่ เจอที่นั่นรึยัง?
22-1076	sound_auth	We've got a building that looks the part,\nat least. We're gonna head in.	เราเจอตึกที่ดูน่าจะใช่\nแล้วครับ กำลังจะเข้าไปข้างในกัน
22-1077	sound_auth	A building that looks the part, at least.\nWe're gonna head in.	เจอตึกที่ดูน่าจะใช่แล้วครับ\nกำลังจะเข้าไปข้างในกัน
22-1078	sound_auth	Be careful, man.	ระวังตัวด้วยนะ
22-1079	sound_auth	Yup, let's do it.	ครับ ลุยกันเลย
22-1080	sound_auth	Yeah. We're going in.	ครับ เราจะเข้าไปกันแล้ว
22-1081	sound_auth	Geez, it's dark.\nWhat's the deal with this place...?	โธ่ มืดจัง\nที่นี่มันอะไรกันเนี่ย...?
22-1082	sound_auth	Hey, you think this counts\nas trespassing?	นี่ นายว่านี่นับเป็น\nการบุกรุกไหม?
22-1083	sound_auth	Huh? Who the hell are you!?	หา? มึงเป็นใครวะ!?
22-1084	sound_auth	Yagami-san!\nWhat do we do?	ยากามิซัง!\nเราจะทำยังไงดี?
22-1085	sound_auth	What's the plan, Yagami-san!?	แผนคืออะไรครับ ยากามิซัง!?
22-1086	sound_auth	Only one thing to do.\nWe fight!	มีทางเดียวเท่านั้น\nสู้กันเลย!
22-1087	sound_auth	I say we tear through 'em!	จัดการพวกมันให้เรียบเลยดีกว่า!
22-1088	sound_auth	I bet those weren't the last of 'em, Yagami-san.\nIf anything that was just the welcoming party.	ผมว่านั่นยังไม่ใช่ทั้งหมดหรอกครับ ยากามิซัง\nถ้าจะว่าไปนั่นก็แค่ทีมต้อนรับ เท่านั้นเอง
22-1089	sound_auth	Well, I bet those weren't the last of 'em.\nIf anything, that was just the welcoming party.	ผมว่านั่นยังไม่ใช่ทั้งหมดหรอกครับ\nถ้าจะว่าไปนั่นก็แค่ทีมต้อนรับ เท่านั้นเอง
22-1090	sound_auth	They'll know we're here, too. Probably have\nweapons next time. Guns, worst case scenario.	พวกมันคงรู้ว่าเราอยู่ที่นี่แล้วด้วย คราวหน้าคง\nมีอาวุธมา แย่สุดอาจถึงขั้นมีปืน
22-1091	sound_auth	They'll know we're here, too.\nThey'll be armed. Maybe even with guns.	พวกมันคงรู้ว่าเราอยู่ที่นี่แล้วด้วย\nคงพกอาวุธมา อาจถึงขั้นมีปืนด้วยซ้ำ
22-1092	sound_auth	Who are these guys anyway?	จริงๆ แล้วพวกนี้เป็นใครกันแน่?
22-1093	sound_auth	Bums off the street, if I had to guess.\nIchinose must've offered them a lot to do this...	ถ้าให้เดา ก็คงพวกจรจัดข้างถนนนี่แหละ\nอิจิโนเสะคงจ่ายหนักถึงยอมทำแบบนี้...
22-1094	sound_auth	If I had to guess... the homeless of Kamurocho.\nProbably offered big payouts from Ichinose's pocket.	ถ้าให้เดา...ก็คงคนไร้บ้านแถวคามุโรโจนี่แหละ\nคงได้เงินก้อนโตจากกระเป๋าอิจิโนเสะ
22-1095	sound_auth	Yo, you guys okay in there?	นี่ พวกนายโอเคกันไหม?
22-1096	sound_auth	Yo, you okay in there, Tak?	นี่ โอเคไหม ทาคุ?
22-1097	sound_auth	Yup, we're right on track.	ครับ ทุกอย่างเป็นไปตามแผน
22-1098	sound_auth	They've got guards, too.\nThere's gotta be something here.	พวกนี้มียามเฝ้าด้วย\nต้องมีอะไรซ่อนอยู่ที่นี่แน่ๆ
22-1099	sound_auth	Something like a secret lab, maybe?	อาจจะเป็นแล็บลับอะไรสักอย่างมั้ง?
22-1100	sound_auth	Shono's secret lab? 	แล็บลับของโชโนะเหรอ? 
22-1101	sound_auth	It'd be the perfect place.	ที่นี่เหมาะสุดๆ เลย
22-1102	sound_auth	There's even a car here.\nIt'd be the perfect place.	ยังมีรถจอดอยู่ที่นี่ด้วย\nเหมาะสุดๆ เลย
22-1103	sound_auth	It's so dark, you could carry a corpse\nin here and nobody'd ever know.	มืดขนาดนี้ ต่อให้ลากศพ\nเข้ามาก็ไม่มีใครรู้หรอก
22-1104	sound_auth	It's dark enough that you could\ncarry a corpse through unnoticed.	มืดพอที่จะลากศพผ่าน\nเข้ามาโดยไม่มีใครสังเกตเห็น
22-1105	sound_auth	Think you two can handle\nit on your own?	คิดว่าสองคนจะรับมือ\nเองไหวไหม?
22-1106	sound_auth	Think you two can handle it?	คิดว่าสองคนจะรับมือเองไหวไหม?
22-1107	sound_auth	<color=ｍonologue>(Are the two of us going to be able to\nget evidence of the secret lab by ourselves?)</color>	<color=ｍonologue>(สองคนเราจะหาหลักฐาน\nแล็บลับนี้กันเองได้จริงเหรอ)</color>
22-1108	sound_auth	Actually...	ที่จริง...
22-1109	sound_auth	I just thought of something. Can you call\nMafuyu for me? Get her over here.	ผมเพิ่งนึกอะไรออก ช่วยโทรหา\nมาฟุยุให้ผมทีได้ไหม ให้เธอมาที่นี่
22-1110	sound_auth	Here's a thought... Can you call Mafuyu for me,\nand send her over?	มีไอเดียนึง...ช่วยโทรหามาฟุยุให้ผมที\nแล้วให้เธอมาที่นี่ได้ไหม?
22-1111	sound_auth	And tell her to bring the cops.	แล้วบอกให้เธอพาตำรวจมาด้วย
22-1112	sound_auth	Tell her to bring the cops.	บอกให้เธอพาตำรวจมาด้วย
22-1113	sound_auth	Huh? Sure that's wise?	หา? แน่ใจเหรอว่านี่ฉลาด?
22-1114	sound_auth	Well think about it.\nWe're trespassing, yeah?	ก็ลองคิดดูสิ\nเรากำลังบุกรุกอยู่ไม่ใช่เหรอ?
22-1115	sound_auth	I figure we're trespassing, yeah?	ผมว่าเรากำลังบุกรุกอยู่ไม่ใช่เหรอ?
22-1116	sound_auth	Even if we do stumble on Shono's secret lab,\nthe court would never accept evidence found illegally.	ต่อให้เราเจอแล็บลับของโชโนะจริงๆ\nศาลก็ไม่มีทางรับหลักฐานที่ ได้มาโดยผิดกฎหมาย
22-1117	sound_auth	Even if we're right, and we do stumble on Shono's lab,\nthe court would never accept evidence found illegally.	ต่อให้เราคิดถูกและเจอแล็บของ โชโนะจริงๆ\nศาลก็ไม่มีทางรับหลักฐานที่ ได้มาโดยผิดกฎหมาย
22-1118	sound_auth	And calling the cops...\nmakes it all fuckin' better?	แล้วเรียกตำรวจมา...\nมันจะช่วยอะไรขึ้นมาวะ?
22-1119	sound_auth	And you think... calling the cops is gonna help?	แล้วนายคิดว่า...เรียกตำรวจมาจะช่วยได้เหรอ?
22-1120	sound_auth	Not exactly. Even they can't\ninvestigate without a warrant.	ก็ไม่เชิง ต่อให้เป็นตำรวจก็\nสืบสวนโดยไม่มีหมายไม่ได้
22-1121	sound_auth	Not exactly. Even they can't investigate\nwithout a warrant.	ก็ไม่เชิง ต่อให้เป็นตำรวจก็สืบสวน\nโดยไม่มีหมายไม่ได้
22-1122	sound_auth	Then why the hell're you tryin'\nto get Mafuyu-chan over there?	แล้วนายจะพยายามเรียก\nมาฟุยุจังมาที่นั่นทำไมวะ?
22-1123	sound_auth	That's my point. So why the hell're you\ntryin' to get Mafuyu-chan over there?	นั่นแหละประเด็นของฉัน แล้วนายจะพยายาม\nเรียกมาฟุยุจังมาที่นั่นทำไมวะ?
22-1124	sound_auth	I've got an idea.	ผมมีไอเดียแล้ว
22-1125	sound_auth	I think I've got a workaround.	ผมน่าจะมีทางแก้แล้วล่ะ
22-1126	sound_auth	Just talk to Mafuyu for me, okay?\nWe'll keep looking for the lab.	ช่วยคุยกับมาฟุยุให้ผมทีนะ?\nเราจะหาแล็บกันต่อ
22-1127	sound_auth	Ugh, it's dark.	เชอะ มืดจัง
22-1128	sound_auth	Hold on. We shouldn't go in there\nwithout a light.	เดี๋ยวก่อน เราไม่ควรเข้าไป\nโดยไม่มีไฟส่องทาง
22-1129	sound_auth	Who knows what's gonna be in here.\nLet's be careful.	ใครจะรู้ว่าข้างในมีอะไรบ้าง\nระวังตัวด้วยนะ
22-1130	sound_auth	Who knows what's gonna be in here.\nWatch your step.	ใครจะรู้ว่าข้างในมีอะไรบ้าง\nดูทางเดินด้วยนะ
22-1131	sound_auth	Dammit, I stepped in a puddle.	แย่แล้ว เหยียบแอ่งน้ำเข้าแล้วเรา
22-1132	sound_auth	Gah, how come there's puddles in here?	อ๊ะ ทำไมข้างในนี้มีแอ่งน้ำด้วยเนี่ย
22-1133	sound_auth	...For a door that doesn't even open.	...ทั้งที่ประตูก็ไม่เห็นจะเปิดได้เลย
22-1134	sound_auth	In front of doors that don't open no less!	ตรงหน้าประตูที่เปิดไม่ได้ซะด้วยสิ!
22-1135	sound_auth	Didn't I tell you to be careful?	บอกแล้วไม่ใช่เหรอให้ระวัง?
22-1136	sound_auth	I warned you, didn't I?	เตือนแล้วไม่ใช่เหรอ?
22-1137	sound_auth	I really like these shoes, too...	รองเท้าคู่นี้ผมชอบมากด้วยนะเนี่ย...
22-1138	sound_auth	Dammit, I really liked these shoes...	แย่แล้ว รองเท้าคู่นี้ผมชอบมากเลยนะ...
22-1139	sound_auth	(A mechanized door... Might be able to short it out\nif I run electricity through this puddle.)	(ประตูกลไฟฟ้าสินะ...ถ้าปล่อยกระแสไฟ\nผ่านแอ่งน้ำนี้ อาจจะลัดวงจรมันได้)
22-1140	sound_auth	(They're sparking. Gotta be careful\nif I don't wanna to get shocked.)	(มันมีประกายไฟแล้ว ต้องระวัง\nไม่งั้นโดนไฟช็อตแน่)
22-1141	sound_auth	Keep it down, Sugiura.\nYou're gonna give me a heart attack.	เบาหน่อยสิ ซุกิอุระ\nจะทำให้ผมหัวใจวายเอานะ
22-1142	sound_auth	Could you keep the outbursts to a minimum!?\nYou're gonna give me a heart attack.	ช่วยตะโกนให้น้อยลงหน่อยได้ไหม!?\nจะทำให้ผมหัวใจวายเอานะ
22-1143	sound_auth	The hell? Can't you see I'm tryin'\nto have some fun here!?	อะไรวะ ไม่เห็นเหรอว่า\nกูกำลังสนุกอยู่!?
22-1144	sound_auth	I'm tryin' to have some fun here!\nDon't interrupt!	กูกำลังสนุกอยู่เว้ย!\nอย่ามาขัดจังหวะ!
22-1145	sound_auth	I give him three minutes.\nThen he's just another body!	ให้เวลามันสามนาที\nแล้วมันก็จะกลายเป็นศพอีกศพ!
22-1146	sound_auth	I give him about three minutes...\n'til he's just another body!	ให้เวลามันอีกสักสามนาที...\nแล้วมันก็จะกลายเป็นศพอีกศพ!
22-1147	sound_auth	Aww, only two more minutes\n'til the pain's over!	โธ่ อีกแค่สองนาทีเท่านั้น\nความเจ็บปวดก็จะจบลง!
22-1148	sound_auth	I give him about two minutes...\n'til he's just another body!	ให้เวลามันอีกสักสองนาที...\nแล้วมันก็จะกลายเป็นศพอีกศพ!
22-1149	sound_auth	Tick tock! One minute to live!	ติ๊กต่อก! เหลือเวลาแค่นาทีเดียว!
22-1150	sound_auth	I give him about one minute...\n'til he's just another body!	ให้เวลามันอีกแค่นาทีเดียว...\nแล้วมันก็จะกลายเป็นศพอีกศพ!
22-1151	sound_auth	(I can't abandon Sugiura!)	(ทิ้งซุกิอุระไว้แบบนี้ไม่ได้!)
22-1152	sound_auth	Sugiura! Are you okay!?	ซุกิอุระ! ไม่เป็นไรนะ!?
22-1153	sound_auth	Are you okay!?	ไม่เป็นไรนะ!?
22-1154	sound_auth	...Yeah, somehow.\nI owe you one, man.	...ครับ ยังไงก็รอดมาได้\nติดหนี้บุญคุณนะครับ
22-1155	sound_auth	...Yeah, somehow.\nI owe you one.	...ครับ ยังไงก็รอดมาได้\nติดหนี้บุญคุณนะครับ
22-1156	sound_auth	Don't mention it.\nC'mon, let's keep going.	ไม่ต้องพูดถึงเลย\nไปกันต่อดีกว่า
22-1157	sound_auth	Good... Let's keep going.	ดี...ไปกันต่อดีกว่า
22-1158	sound_auth	How do you like this!?	ชอบแบบนี้ไหมล่ะ!?
22-1159	sound_auth	Now's my chance!	ได้โอกาสแล้ว!
22-1160	sound_auth	There... Now's our chance.	เอาล่ะ...ได้โอกาสของเราแล้ว
22-1161	sound_auth	Yagami-san!\nThat didn't even leave a scratch!	ยากามิซัง!\nโดนขนาดนั้นยังไม่ถลอกเลยครับ!
22-1162	sound_auth	Yagami-san! That didn't even\nleave a scratch!	ยากามิซัง! โดนขนาดนั้น\nยังไม่ถลอกเลยครับ!
22-1163	sound_auth	Good. Can't say I was thrilled\nabout becoming a murderer.	ดี พูดตรงๆ ผมก็ไม่ได้อยากจะ\nกลายเป็นฆาตกรหรอกนะ
22-1164	sound_auth	That's fine. Can't say I was thrilled\nabout becoming a murderer.	ก็ดี พูดตรงๆ ผมก็ไม่ได้อยากจะ\nกลายเป็นฆาตกรหรอกนะ
22-1165	sound_auth	You look worse than I was expecting.\nI hear Kuroiwa paid you a visit.	หน้าตาแย่กว่าที่คิดไว้อีกนะ\nได้ยินว่าคุโรอิวะแวะมาเยี่ยม
22-1166	sound_auth	You look worse than I was expecting.\nI hear Kuroiwa paid you a visit?	หน้าตาแย่กว่าที่คิดไว้อีกนะ\nได้ยินว่าคุโรอิวะแวะมาเยี่ยมเหรอ?
22-1167	sound_auth	Yup, just him and that baton he's got.\nBeat the shit out of us.	ใช่ แค่เขากับกระบองอันนั้น\nก็ซัดพวกเราจนแทบตายแล้ว
22-1168	sound_auth	Yup, just him and his blackjack.\nStill beat the shit outta us.	ใช่ แค่เขากับกระบองสั้นอันนั้น\nก็ซัดพวกเราจนแทบตาย
22-1169	sound_auth	He took Kido, too.\nHow'd things go with your stuff?	เขาพาคิโดะไปด้วย\nฝั่งนายเป็นยังไงบ้าง?
22-1170	sound_auth	He took Kido on his way out, too.\nHow'd things go with your stuff?	ตอนออกไปเขาพาคิโดะไปด้วย\nฝั่งนายเป็นยังไงบ้าง?
22-1171	sound_auth	We found Shono's lab. But the police\nare basically refusing to investigate it.	เราเจอแล็บของโชโนะแล้ว แต่ตำรวจ\nแทบจะปฏิเสธไม่ยอมสืบสวนเลย
22-1172	sound_auth	We found Shono's lab.\nBut... the police refuse to investigate.	เราเจอแล็บของโชโนะแล้ว\nแต่...ตำรวจปฏิเสธไม่ยอมสืบสวน
22-1173	sound_auth	Chief Prosecutor Morita's\ndefending AD-9.	หัวหน้าอัยการโมริตะ\nกำลังปกป้อง AD-9 อยู่
22-1174	sound_auth	Chief Prosecutor Morita's defending AD-9.	หัวหน้าอัยการโมริตะกำลังปกป้อง AD-9 อยู่
22-1175	sound_auth	You for real?	จริงเหรอเนี่ย?
22-1176	sound_auth	Whatever evidence was there is\nprobably long gone by now.	หลักฐานอะไรก็ตามที่เคยอยู่ตรงนั้น\nป่านนี้คงหายไปหมดแล้ว
22-1177	sound_auth	Whatever evidence <font_kind=yakuza_italic>was</font_kind> there...\nis probably long gone by now.	หลักฐานที่ <font_kind=yakuza_italic>เคย</font_kind>อยู่ตรงนั้น...\nป่านนี้คงหายไปหมดแล้ว
22-1178	sound_auth	Right. There's something else\nI need to tell you, too.	ใช่ ยังมีอีกเรื่องหนึ่ง\nที่ผมต้องบอกพวกนายด้วย
22-1179	sound_auth	...There's something else I need to\ntell you, too.	...ยังมีอีกเรื่องหนึ่งที่ผม\nต้องบอกพวกนายด้วย
22-1180	sound_auth	What is it? This have something\nto do with Sugiura?	เรื่องอะไร? เกี่ยวกับ\nซุกิอุระด้วยหรือเปล่า?
22-1181	sound_auth	What? Something about Sugiura?	อะไรนะ? เรื่องเกี่ยวกับซุกิอุระเหรอ?
22-1182	sound_auth	Yeah, uh. That's...\nnot actually his name.	ใช่ เอ่อ นั่น...\nไม่ใช่ชื่อจริงของเขาหรอก
22-1183	sound_auth	Yeah. Turns out...\nhis name isn't "Sugiura."	ใช่ กลายเป็นว่า...\nชื่อของเขาไม่ใช่ "ซุกิอุระ"
22-1184	sound_auth	So you're Emi Terasawa's\nlittle brother, huh?	งั้นนายก็คือน้องชายของ\nเอมิ เทราซาวะ สินะ?
22-1185	sound_auth	So... you're Emi Terasawa's\nlittle brother, huh?	งั้น...นายก็คือน้องชายของ\nเอมิ เทราซาวะ สินะ?
22-1186	sound_auth	Why'd you keep it a secret?	ทำไมถึงเก็บเป็นความลับล่ะ?
22-1187	sound_auth	At first... I wanted to make\nYagami-san remember.	ตอนแรก...ผมแค่อยากให้\nยากามิซังจำได้
22-1188	sound_auth	At first... I just wanted to make\nYagami-san remember.	ตอนแรก...ผมแค่อยากให้\nยากามิซังจำได้
22-1189	sound_auth	Remember what?	จำอะไร?
22-1190	sound_auth	How he let my sister suffer.	จำได้ว่าเขาปล่อยให้พี่สาวผม ต้องทุกข์ทรมาน
22-1191	sound_auth	In my eyes, he was a scumbag who let a murderer walk.\nThe murderer who then burned Emi to death.	ในสายตาผม เขาคือไอ้สารเลวที่ปล่อยให้ ฆาตกรลอยนวล\nฆาตกรที่สุดท้ายก็เผาเอมิจนตาย
22-1192	sound_auth	I thought he was a scumbag who let a murderer walk.\nThe murderer who then burned Emi to death.	ผมคิดว่าเขาคือไอ้สารเลวที่ ปล่อยให้ฆาตกรลอยนวล\nฆาตกรที่สุดท้ายก็เผาเอมิจนตาย
22-1193	sound_auth	Damn. That's heavy.	เวรเอ๊ย หนักเรื่องนี้เลยนะ
22-1194	sound_auth	Damn...	เวรเอ๊ย...
22-1195	sound_auth	<color=ｍonologue>(From Sugiura's point of view, my\nactions directly led to Emi's death.)</color>	<color=ｍonologue>(มองจากมุมของซุกิอุระ การกระทำ\nของผมทำให้เอมิต้องตายโดยตรง)</color>
22-1196	sound_auth	Go on. You don't have to hold back.	พูดต่อไปเถอะ ไม่ต้องกลั้นไว้ก็ได้
22-1197	sound_auth	Back then, I was just a shut-in fuckup.\nMy life was in shambles.	ตอนนั้นผมเป็นแค่ไอ้ตัวปัญหาที่ หมกตัวอยู่แต่ในห้อง\nชีวิตพังไม่เป็นท่า
22-1198	sound_auth	At the time...\nI was just some shut-in fuckup.	ตอนนั้น...\nผมเป็นแค่ไอ้ตัวปัญหาที่หมกตัว อยู่แต่ในห้อง
22-1199	sound_auth	Emi was still there for me, though.\nWhen nobody else was.	แต่เอมิยังอยู่เคียงข้างผมเสมอ\nตอนที่ไม่มีใครอยู่เลย
22-1200	sound_auth	But even when I had nobody,\nI still had Emi in my corner.	แต่ถึงจะไม่มีใครเหลืออยู่เลย\nผมก็ยังมีเอมิคอยอยู่ข้างๆ
22-1201	sound_auth	And then, somebody murdered her.\nSomeone as nice as Emi, dead, for no reason.	แล้วจู่ๆ ก็มีคนฆ่าเธอ\nคนดีอย่างเอมิต้องตายไปโดยไม่มีเหตุผล
22-1202	sound_auth	And then... somebody murdered her.\nSomeone as nice as Emi... dead, for no reason.	แล้วจู่ๆ...ก็มีคนฆ่าเธอ\nคนดีอย่างเอมิ...ต้องตายไปโดยไม่มีเหตุผล
22-1203	sound_auth	But the world doesn't stop for that shit. It just\nkeeps turning, and people go about their business.	แต่โลกมันไม่หยุดหมุนเพราะ เรื่องแบบนั้นหรอก มันก็แค่\nหมุนต่อไป แล้วทุกคนก็ใช้ชีวิตของตัวเองต่อ
22-1204	sound_auth	But the world doesn't stop for that shit.\nIt just keeps turning without mercy.	แต่โลกมันไม่หยุดหมุนเพราะ เรื่องแบบนั้นหรอก\nมันก็แค่หมุนต่อไปอย่างไม่ปรานีใคร
22-1205	sound_auth	Over time I started to hate\nwhat our whole society stood for.	นานวันเข้าผมก็เริ่มเกลียด\nทุกอย่างที่สังคมนี้ยึดถือ
22-1206	sound_auth	Over time, I started to hate\nwhat our society stood for.	นานวันเข้า ผมก็เริ่มเกลียด\nทุกอย่างที่สังคมนี้ยึดถือ
22-1207	sound_auth	So I'm guessing... That's what led you\nto start that burglary ring?	งั้นผมเดาว่า...นั่นแหละที่ทำให้นาย\nไปตั้งแก๊งย่องเบาสินะ?
22-1208	sound_auth	And... that's why you turned to crime?	แล้ว...นั่นแหละเหตุผลที่นายหันไป ทำผิดกฎหมายสินะ?
22-1209	sound_auth	At the very least, I didn't wanna keep\nliving my life for other people.	อย่างน้อยผมก็ไม่อยากใช้ชีวิต\nเพื่อคนอื่นต่อไปอีกแล้ว
22-1210	sound_auth	At the very least, I didn't wanna keep\nlivin' my life for other people.	อย่างน้อยผมก็ไม่อยากใช้ชีวิต\nเพื่อคนอื่นต่อไปอีกแล้ว
22-1211	sound_auth	Y'know, when Emi died... Yagami-san didn't\napologize. Not to me, or to my parents.	รู้ไหม ตอนที่เอมิตาย...ยากามิซังไม่เคย\nขอโทษเลยสักคำ ไม่ทั้งกับผม ไม่ทั้งกับพ่อแม่ผม
22-1212	sound_auth	Y'know, when Emi died... Yagami-san\ndidn't apologize. Not to me, or to my parents.	รู้ไหม ตอนที่เอมิตาย...ยากามิซัง\nไม่เคยขอโทษเลยสักคำ ไม่ทั้งกับผม ไม่ทั้งกับพ่อแม่ผม
22-1213	sound_auth	So that's when you guys first met, huh?	งั้นตอนนั้นแหละที่พวกนายเจอกัน ครั้งแรกสินะ?
22-1214	sound_auth	So... that's when you guys first met?\nBack then?	งั้น...ตอนนั้นแหละที่พวกนายเจอกันครั้งแรก?\nตั้งแต่ตอนนั้นเลยเหรอ?
22-1215	sound_auth	Yup. I looked totally different back then, though.\nHad glasses and long hair so you couldn't really see my face.	ครับ แต่ตอนนั้นหน้าตาผมเปลี่ยนไปคนละคนเลย\nใส่แว่นแล้วก็ไว้ผมยาว จนแทบมองไม่เห็นหน้าผมจริงๆ
22-1216	sound_auth	Yup. I looked totally different back then, though.\nHad glasses and long hair, so you couldn't really see my face.	ครับ แต่ตอนนั้นหน้าตาผมเปลี่ยนไปคนละคนเลย\nใส่แว่นแล้วก็ไว้ผมยาว จนแทบมองไม่เห็นหน้าผมจริงๆ
22-1217	sound_auth	That's why I didn't recognize you.	อ๋อ ถึงได้จำนายไม่ได้สินะ
22-1218	sound_auth	"Defending a murderer?\nYou're just as guilty as he is!"	"แก้ต่างให้ฆาตกรงั้นเหรอ?\nแกก็มีความผิดไม่ต่างจากมันหรอก!"
22-1219	sound_auth	Those words cut deeper than you\nprobably could have imagined.	คำพูดนั้นมันเจ็บกว่าที่นาย\nคงจะจินตนาการออกซะอีก
22-1220	sound_auth	I remember your words. They hit hard.\nHarder than you might have realized.	ผมยังจำคำพูดนายได้ มันเจ็บมาก\nเจ็บกว่าที่นายคงจะรู้ตัวซะอีก
22-1221	sound_auth	Even so, Okubo insisted\nhe didn't do it.	ถึงอย่างนั้น โอคุโบะก็ยืนกราน\nว่าเขาไม่ได้ทำ
22-1222	sound_auth	Even so, Okubo insisted he didn't do it.	ถึงอย่างนั้น โอคุโบะก็ยืนกรานว่าเขาไม่ได้ทำ
22-1223	sound_auth	And since I was his lawyer, I couldn't apologize.\nThat would essentially be admitting he was guilty.	แล้วเพราะผมเป็นทนายของเขา ผมขอโทษไม่ได้\nนั่นแทบจะเท่ากับยอมรับว่าเขาผิดจริง
22-1224	sound_auth	And since I was his lawyer, I couldn't apologize.\nIf I had... that would have been admitting Okubo's guilt.	แล้วเพราะผมเป็นทนายของเขา ผมขอโทษไม่ได้\nถ้าขอโทษไป...ก็เท่ากับยอมรับว่าโอคุโบะผิดจริง
22-1225	sound_auth	What about after the trial?	แล้วหลังจากขึ้นศาลล่ะครับ?
22-1226	sound_auth	So, what about after the trial?	แล้วหลังจากขึ้นศาลล่ะครับ?
22-1227	sound_auth	I didn't apologize then, either.	ตอนนั้นผมก็ไม่ได้ขอโทษเหมือนกัน
22-1228	sound_auth	...I didn't apologize then, either.	...ตอนนั้นผมก็ไม่ได้ขอโทษเหมือนกัน
22-1229	sound_auth	Instead... I ran away.\nPut it all behind me. 	แทนที่จะทำแบบนั้น...ผมเลือกจะหนี\nทิ้งทุกอย่างไว้ข้างหลัง 
22-1230	sound_auth	Instead... I tried to put it all behind me. 	แทนที่จะทำแบบนั้น...ผมพยายามทิ้งทุกอย่างไว้ข้างหลัง 
22-1231	sound_auth	Right. You didn't just walk away.\nYou practically got disbarred.	ใช่ นายไม่ได้แค่เดินหนีไปเฉยๆ\nนายแทบจะ ถูกเพิกถอนใบอนุญาตว่าความเลย ด้วยซ้ำ
22-1232	sound_auth	No denying that. You didn't just leave the courtroom...\nYou practically got disbarred.	ปฏิเสธไม่ได้เลย นายไม่ได้แค่เดินออกจากห้องพิจารณาคดี...\nนายแทบจะ ถูกเพิกถอนใบอนุญาตว่าความเลย ด้วยซ้ำ
22-1233	sound_auth	At least Okubo was getting the death penalty.\nIt didn't feel good, but... I settled for that.	อย่างน้อยโอคุโบะก็โดนโทษประหารแล้ว\nรู้สึกไม่ดีหรอก แต่...ผมก็ยอมรับได้แค่นั้น
22-1234	sound_auth	At least Okubo was getting the death penalty.\nIt didn't feel good... but I settled for that.	อย่างน้อยโอคุโบะก็โดนโทษประหารแล้ว\nรู้สึกไม่ดีหรอก...แต่ผมก็ยอมรับได้แค่นั้น
22-1235	sound_auth	Then why'd you start hangin'\naround Tak again?	แล้วทำไมนายถึงกลับมา\nคลุกคลีกับทาคุอีกล่ะ?
22-1236	sound_auth	Then... why'd you start coming 'round\nTak again?	แล้ว...ทำไมนายถึงกลับมา\nวนเวียนอยู่กับทาคุอีก?
22-1237	sound_auth	Because he found his way back to the courtroom\nto deal with all this Mole business.	เพราะเขากลับเข้าไปในห้อง พิจารณาคดีอีกครั้ง\nเพื่อจัดการเรื่องไส้ศึกทั้งหมด นี้ครับ
22-1238	sound_auth	Because... Yagami-san was back in court\nfor all this Mole business.	เพราะ...ยากามิซังกลับเข้าไปในศาลอีกครั้ง\nเพื่อจัดการเรื่องไส้ศึกทั้งหมดนี้
22-1239	sound_auth	Even got a yakuza captain off the hook.	ยังช่วยให้กัปตันยากูซ่าคนหนึ่ง พ้นผิดได้ด้วย
22-1240	sound_auth	Well it's not like I suddenly just\nbecame a lawyer again.	ก็ไม่ใช่ว่าผมจะกลับไป\nเป็นทนายอีกครั้งได้ง่ายๆ หรอกนะ
22-1241	sound_auth	I wasn't staging some big comeback.	ผมไม่ได้ตั้งใจจะคัมแบ็กครั้ง ใหญ่อะไรหรอก
22-1242	sound_auth	Sure seemed that way from my perspective.	จากมุมมองของผม มันก็ดูเหมือนงั้นแหละครับ
22-1243	sound_auth	Sure seemed that way\nfrom my perspective.	จากมุมมองของผม\nมันก็ดูเหมือนงั้นแหละครับ
22-1244	sound_auth	...So, I wanted to see where your head was at.\nFind out if you'd forgotten what you did to Emi.	...ผมเลยอยากรู้ว่านายคิดยังไงกันแน่\nอยากรู้ว่านายลืมสิ่งที่ทำกับ เอมิไปแล้วรึเปล่า
22-1245	sound_auth	...That's why. I wanted to see where your head was at.\nFind out if you'd forgotten what you did to Emi.	...นั่นแหละเหตุผล ผมอยากรู้ว่านายคิดยังไงกันแน่\nอยากรู้ว่านายลืมสิ่งที่ทำกับ เอมิไปแล้วรึเปล่า
22-1246	sound_auth	If you were gonna pretend like nothing\nhappened, I'd make you remember.	ถ้านายจะแกล้งทำเป็นไม่มีอะไร\nเกิดขึ้น ผมจะทำให้นายจำได้เอง
22-1247	sound_auth	If you were gonna pretend like nothing happened,\nI'd make you remember what you did.	ถ้านายจะแกล้งทำเป็นไม่มีอะไรเกิดขึ้น\nผมจะทำให้นายจำสิ่งที่ทำไว้ให้ได้
22-1248	sound_auth	And I'd make you pay for it.	แล้วผมจะทำให้นายชดใช้มันด้วย
22-1249	sound_auth	...And make you pay.	...แล้วก็ทำให้นายชดใช้
22-1250	sound_auth	And that's why you approached me.	นั่นแหละเหตุผลที่นายเข้ามาหาผม
22-1251	sound_auth	Yup. I wanted to know what\nOkubo was up to, too.	ครับ ผมก็อยากรู้ด้วยว่า\nโอคุโบะทำอะไรอยู่บ้าง
22-1252	sound_auth	I wanted to know what Okubo\nwas up to, as well.	ผมก็อยากรู้เหมือนกันว่า\nโอคุโบะทำอะไรอยู่บ้าง
22-1253	sound_auth	Find out if he was as afraid of death\nas he should've been.	อยากรู้ว่าเขากลัวตาย\nสมกับที่ควรจะเป็นรึเปล่า
22-1254	sound_auth	Make sure he was as scared\nto die as he deserved to be.	อยากให้แน่ใจว่าเขากลัวตาย\nสมกับที่สมควรได้รับ
22-1255	sound_auth	If anyone was gonna go\nsee him, it was you.	ถ้าจะมีใครไปเจอ\nเขาได้ ก็ต้องเป็นนายเท่านั้น
22-1256	sound_auth	If anyone was gonna go see him,\nI figured it was you.	ถ้าจะมีใครไปเจอเขาได้\nผมว่าก็ต้องเป็นนายนี่แหละ
22-1257	sound_auth	But now it's lookin' more and more\nlikely Okubo was framed.	แต่ตอนนี้มันดูจะยิ่งชัดขึ้นเรื่อยๆ\nว่าโอคุโบะโดนใส่ร้าย
22-1258	sound_auth	But now... it's lookin' more and more likely\nOkubo was framed.	แต่ตอนนี้...มันดูจะยิ่งชัดขึ้นเรื่อยๆ\nว่าโอคุโบะโดนใส่ร้าย
22-1259	sound_auth	And I never would've known if I hadn't\nteamed up with you. Ironic, huh?	ถ้าผมไม่ได้มาทำงานกับนาย\nผมก็คงไม่มีวันรู้เรื่องนี้เลย แดกดันดีเนอะ?
22-1260	sound_auth	And I never would've known if I hadn't\nteamed up with you. Talk about irony, huh?	ถ้าผมไม่ได้มาทำงานกับนาย\nผมก็คงไม่มีวันรู้เรื่องนี้เลย พูดถึงความแดกดันแล้วนะเนี่ย
22-1261	sound_auth	<color=ｍonologue>(So Sugiura was still doubting me\neven as we worked together.)</color>	<color=ｍonologue>(สรุปซุกิอุระยังคงสงสัยผม\nแม้เราจะทำงานด้วยกันมาตลอด)</color>
22-1262	sound_auth	Three years later,\nthe real killer's finally clear.	ผ่านมาสามปี\nในที่สุดตัวฆาตกรตัวจริงก็ชัดเจนแล้ว
22-1263	sound_auth	Three years later, the real killer's finally clear.	ผ่านมาสามปี ในที่สุดตัวฆาตกรตัวจริงก็ชัดเจนแล้ว
22-1264	sound_auth	And now it turns out... Shono...	แล้วตอนนี้ก็รู้แล้วว่า... โชโนะ...
22-1265	sound_auth	And now I know... Shono...	แล้วตอนนี้ผมก็รู้แล้ว... โชโนะ...
22-1266	sound_auth	He's the one leading the charge\nto cure Alzheimer's!	มันคือคนที่นำหน้าคนอื่น\nในการหาทางรักษาโรคอัลไซเมอร์!
22-1267	sound_auth	He gets to go down\nin history as a hero!?	แล้วมันจะได้กลายเป็น\nวีรบุรุษในหน้าประวัติศาสตร์งั้นเหรอ!?
22-1268	sound_auth	He gets to live out his days loved\nby the whole goddamn world.	มันได้ใช้ชีวิตที่เหลือ\nโดยที่คนทั้งโลกรักมันบ้าเอ๊ย
22-1269	sound_auth	For what? Stabbing my sister to death!?\nBurning her body!?	เพื่ออะไรกัน? แทงพี่สาวผมจนตาย!?\nแล้วก็เผาศพเธอทิ้งงั้นเหรอ!?
22-1270	sound_auth	Emi Terasawa's dead! He stabbed her to death\nand burned her body!	เอมิ เทราซาวะตายไปแล้ว! มันแทงเธอจนตาย\nแล้วก็เผาศพทิ้ง!
22-1271	sound_auth	Don't worry. Everyone'll see him for who\nhe really is once the truth gets out.	ไม่ต้องห่วง ทุกคนจะได้เห็นตัวตนที่แท้จริงของมัน\nเองแหละ พอความจริงเปิดเผยออกมา
22-1272	sound_auth	Don't worry. Once the truth gets out,\neveryone'll see who he really is.	ไม่ต้องห่วง พอความจริงเปิดเผยออกมา\nทุกคนจะได้เห็นตัวตนที่แท้จริง ของมันเอง
22-1273	sound_auth	You weren't there today.\nThe whole fucking system is protecting him.	วันนี้นายไม่ได้อยู่ตรงนั้น\nทั้งระบบบ้าๆ นี่มันปกป้องมันหมด
22-1274	sound_auth	No...You weren't there today.\nThe whole fucking system is protecting him.	ไม่นะ...วันนี้นายไม่ได้อยู่ตรงนั้น\nทั้งระบบบ้าๆ นี่มันปกป้องมันหมด
22-1275	sound_auth	They bent the truth. Suppressed evidence.\nRight in front of me.	พวกมันบิดเบือนความจริง กดหลักฐานเอาไว้\nต่อหน้าผมเลยด้วยซ้ำ
22-1276	sound_auth	They bent the truth, and suppressed evidence.\nRight in front of me!	พวกมันบิดเบือนความจริง แล้วก็กดหลักฐานเอาไว้\nต่อหน้าผมเลยด้วยซ้ำ!
22-1277	sound_auth	What's the point of fighting that\nkinda battle, huh!? It's bullshit!	แล้วจะสู้กับอะไรแบบนั้น\nไปเพื่ออะไรกัน!? มันไร้สาระสิ้นดี!
22-1278	sound_auth	So now what!? We can't fight that kind of battle!\nIt's bullshit!	แล้วจะให้ทำไงต่อ!? เราสู้กับอะไรแบบนั้นไม่ได้หรอก!\nมันไร้สาระสิ้นดี!
22-1279	sound_auth	You saw it too, right,\nYagami-san? Right!?	ยากามิซังก็เห็นเหมือนกันใช่ไหม\nใช่ไหมล่ะ!?
22-1280	sound_auth	You know I'm right!\nYagami-san, you saw it!	ยากามิซังก็รู้ว่าผมพูดถูกนี่!\nยากามิซังก็เห็นกับตาเองแท้ๆ!
22-1281	sound_auth	Look, Sugiura. Ever since Emi-chan died...\nI've been running away from the truth.	ฟังนะ ซุกิอุระ ตั้งแต่เอมิจังตาย...\nผมก็หนีความจริงมาตลอด
22-1282	sound_auth	Look, Sugiura... I've been doing a lot of running.\nEver since Emi-chan died... I've been running from the truth.	ฟังนะ ซุกิอุระ... ผมหนีมาเยอะเหมือนกัน\nตั้งแต่เอมิจังตาย... ผมก็หนีความจริงมาตลอด
22-1283	sound_auth	I was worried. Worried I wasn't gonna like what I found.\nThat maybe I was responsible for her death.	ผมกังวล กังวลว่าสิ่งที่เจอจะเป็นสิ่ง ที่ผมไม่อยากรู้\nกังวลว่าบางทีผมอาจเป็นคนที่ ต้องรับผิดชอบต่อการตายของเธอ
22-1284	sound_auth	I was worried. Wondered if maybe I <font_kind=yakuza_italic>was</font_kind> responsible\nfor her death.	ผมกังวล สงสัยว่าบางทีผมอาจ<font_kind=yakuza_italic>เป็น</font_kind>คนที่\nต้องรับผิดชอบต่อการตายของเธอจริงๆ
22-1285	sound_auth	It was killing me.\nI couldn't bring myself to face it all.	มันทรมานผมมาก\nผมไม่กล้าที่จะเผชิญหน้ากับมันเลย
22-1286	sound_auth	It was killing me. I just couldn't\nbring myself to face that.	มันทรมานผมมาก ผมแค่ไม่กล้า\nที่จะเผชิญหน้ากับมันเลย
22-1287	sound_auth	Tak...	ทาคุ...
22-1288	sound_auth	If you ask me... everyone has something they're\ntrying to hide from themselves.	ถ้าให้ผมพูดนะ... ทุกคนต่างก็มีบางอย่าง\nที่พยายามซ่อนจากตัวเองทั้งนั้นแหละ
22-1289	sound_auth	If you ask me... it's the same for everybody.\nWe all have something we're trying to hide from ourselves.	ถ้าให้ผมพูดนะ... มันก็เหมือนกันหมดทุกคนแหละ\nเราต่างก็มีบางอย่างที่พยายาม ซ่อนจากตัวเองทั้งนั้น
22-1290	sound_auth	But sometimes facing your fears\nis the only way forward.	แต่บางที การเผชิญหน้ากับความกลัว\nก็เป็นทางเดียวที่จะก้าวต่อไปได้
22-1291	sound_auth	But sometimes there's only one way forward.\nYou have to face what you fear most.	แต่บางทีก็มีทางเดียวที่จะก้าว ต่อไปได้\nคือต้องเผชิญหน้ากับสิ่งที่กลัวที่สุด
22-1292	sound_auth	The real reason you came to me is because,\ndeep down, you wanted to know the truth.	เหตุผลจริงๆ ที่นายมาหาผมก็คือ\nลึกๆ แล้วนายอยากรู้ความจริงต่างหาก
22-1293	sound_auth	I think I know the real reason you came to me.\nDeep down in your heart, you wanted to know the truth.	ผมว่าผมรู้เหตุผลจริงๆ ที่นายมาหาผมนะ\nลึกๆ ในใจนาย นายอยากรู้ความจริงต่างหาก
22-1294	sound_auth	If that's still true...\nWe have our work cut out for us.	ถ้ายังเป็นแบบนั้นอยู่...\nงานของเราก็ยังหนักอยู่เหมือนเดิม
22-1295	sound_auth	If that's still true...\nwe've got our work cut out for us.	ถ้ายังเป็นแบบนั้นอยู่...\nงานของเราก็ยังหนักอยู่เหมือนเดิม
22-1296	sound_auth	We're gonna chase the truth as far\nas we can. Even if it's in vain.	เราจะตามหาความจริงให้สุดทาง\nเท่าที่จะทำได้ ต่อให้สุดท้ายมันจะไร้ผลก็ตาม
22-1297	sound_auth	No matter what they throw at us,\nin vain or not, we're gonna chase the truth.	ไม่ว่าพวกมันจะโยนอะไรมาใส่เรา\nจะไร้ผลหรือไม่ เราก็จะตามหาความจริงต่อไป
22-1298	sound_auth	Yeah but...\nAll our paths are blocked.	ใช่ แต่...\nทางของเราถูกปิดกั้นหมดแล้วนี่
22-1299	sound_auth	But all our paths are blocked...	แต่ทางของเราถูกปิดกั้นหมดแล้วนี่...
22-1300	sound_auth	Who the hell cares?\nWe'll blaze our own path then.	ใครจะไปสนวะ?\nงั้นก็เปิดทางของเราเองสิ
22-1301	sound_auth	Who the hell cares?\nWe'll cut our own path.	ใครจะไปสนวะ?\nงั้นก็ฝ่าทางของเราเองสิ
22-1302	sound_auth	Right, Tak?	ใช่ไหม ทาคุ?
22-1303	sound_auth	You guys're outta your goddamn minds.	พวกนายมันบ้าไปแล้วจริงๆ
22-1304	sound_auth	Damn, you're both nuts.	แม่ง พวกนายทั้งคู่บ้าไปแล้ว
22-1305	sound_auth	It's Mafuyu.	มาฟุยุโทรมา
22-1306	sound_auth	What's up, Mafuyu?	มีอะไรเหรอ มาฟุยุ?
22-1307	sound_auth	I need to speak with you about Morita.	ฉันมีเรื่องอยากคุยด้วยเรื่องโมริตะ
22-1308	sound_auth	I need to speak with you\nabout Morita.	ฉันมีเรื่องอยากคุยด้วย\nเรื่องโมริตะ
22-1309	sound_auth	Wait, you're still here in town?	เดี๋ยวนะ ยังอยู่ในเมืองอยู่เหรอ?
22-1310	sound_auth	Wait... you're still in Kamurocho?	เดี๋ยวนะ... ยังอยู่คามุโรโจอยู่เหรอ?
22-1311	sound_auth	Yes. I'm waiting at Tender.	ใช่ค่ะ ฉันรออยู่ที่เทนเดอร์
22-1312	sound_auth	Do you think you could come meet me\nhere? I... I think I'm being followed.	มาหาฉันที่นี่ได้ไหมคะ?\nฉัน... ฉันคิดว่ามีคนตามฉันอยู่
22-1313	sound_auth	Just... do you think you could meet me here?\nI... I think I'm being followed.	แค่... มาเจอฉันที่นี่ได้ไหมคะ?\nฉัน... ฉันคิดว่ามีคนตามฉันอยู่
22-1314	sound_auth	It felt like someone was watching me all the way\nto the bar. I don't believe I'm imagining it.	รู้สึกเหมือนมีคนจ้องมองฉันมาตลอดทาง\nจนถึงบาร์เลย ฉันไม่คิดว่าตัวเองคิดไปเองหรอกนะ
22-1315	sound_auth	Yes. It felt like someone was watching me\nall the way here. I'm almost certain.	ใช่ค่ะ รู้สึกเหมือนมีคนจ้องมองฉัน\nมาตลอดทางจนถึงที่นี่ ฉันค่อนข้างมั่นใจเลย
22-1316	sound_auth	More of those bums\nthe Ministry of Health hired?	พวกคนจรที่กระทรวงสาธารณสุข\nจ้างมาอีกแล้วเหรอเนี่ย?
22-1317	sound_auth	More homeless guys the\nMinistry of Health hired?	พวกคนไร้บ้านที่กระทรวงสาธารณสุข\nจ้างมาอีกแล้วเหรอเนี่ย?
22-1318	sound_auth	Or maybe one of the chief prosecutor's men.	หรือไม่ก็อาจเป็นคนของหัวหน้าอัยการ
22-1319	sound_auth	Could be... or maybe one of the\nchief prosecutor's men.	อาจจะใช่... หรือไม่ก็เป็นคนของ\nหัวหน้าอัยการ
22-1320	sound_auth	I'm comin' with. Higashi,\nkeep an eye on Sugiura while we're gone.	ฉันไปด้วย ฮิงาชิ\nช่วยดูซุกิอุระไว้ระหว่างที่เรา ไม่อยู่
22-1321	sound_auth	I heard everything. I'm comin' with.\nHigashi, keep an eye on Sugiura.	ฉันได้ยินหมดแล้ว ฉันไปด้วย\nฮิงาชิ ช่วยดูซุกิอุระไว้ที
22-1322	sound_auth	Huh? Why do...\nAw, fine.	หา? ทำไมต้อง...\nเฮ้อ ก็ได้
22-1323	sound_auth	Huh? Wh— Hey!	หา? ทำ... เฮ้ย!
22-1324	sound_auth	Thanks for coming.	ขอบคุณที่แวะมานะคะ
22-1325	sound_auth	How did it look outside?\nDid you see anyone suspicious?	ข้างนอกเป็นยังไงบ้างคะ?\nเห็นใครที่น่าสงสัยไหม?
22-1326	sound_auth	Not particularly.\nSeemed fine to me.	ไม่มีอะไรน่าสงสัยเป็นพิเศษ\nดูปกติดีสำหรับผมนะ
22-1327	sound_auth	Mind if I sit?	ขอนั่งด้วยได้ไหม?
22-1328	sound_auth	What happened to your face?	หน้าเป็นอะไรไปคะเนี่ย?
22-1329	sound_auth	Oh... What happened to your face?	อ้าว... หน้าเป็นอะไรไปคะเนี่ย?
22-1330	sound_auth	What, this?\nIt's nothing.	อะไร นี่น่ะเหรอ?\nไม่มีอะไรหรอก
22-1331	sound_auth	Eh, it's nothing.	เอ่อ ไม่มีอะไรหรอก
22-1332	sound_auth	You said you wanted to talk\nto me about Morita?	บอกว่าอยากคุยกับผม\nเรื่องโมริตะใช่ไหม?
22-1333	sound_auth	You said you wanted to talk about Morita?\nWe talking about that here?	บอกว่าอยากคุยเรื่องโมริตะใช่ไหม?\nจะคุยกันตรงนี้เลยเหรอ?
22-1334	sound_auth	Yes. Specifically about\nhow he acted tonight.	ใช่ค่ะ โดยเฉพาะเรื่อง\nที่เขาทำตัวแบบนั้นคืนนี้
22-1335	sound_auth	Yes. Specifically about how\nhe acted tonight.	ใช่ค่ะ โดยเฉพาะเรื่องท่าที\nของเขาคืนนี้
22-1336	sound_auth	It's hard to imagine the Morita I know doing that.\nIt's almost like he's a different person.	นึกภาพโมริตะที่ฉันรู้จักทำแบบ นั้นไม่ออกเลย\nเหมือนเขากลายเป็นคนละคนไปแล้ว
22-1337	sound_auth	It's hard to imagine the Morita I know doing that.\nIt's not like him.	นึกภาพโมริตะที่ฉันรู้จักทำแบบ นั้นไม่ออกเลย\nมันไม่เหมือนตัวเขาเลย
22-1338	sound_auth	Almost like... he cared more about\npolitics than the law.	เหมือนกับว่า... เขาใส่ใจเรื่องการเมือง\nมากกว่ากฎหมายไปแล้ว
22-1339	sound_auth	As though... he cared more about\npolitics than the law.	ราวกับว่า... เขาใส่ใจเรื่องการเมือง\nมากกว่ากฎหมายไปแล้ว
22-1340	sound_auth	Not surprising. He's right\nin the middle of this AD-9 mess.	ก็ไม่แปลกหรอก เขาอยู่ตรงกลาง\nเรื่องวุ่นวายของ AD-9 นี่พอดี
22-1341	sound_auth	Yeah. He's right in the middle of\nthis AD-9 mess.	ใช่ เขาอยู่ตรงกลาง\nเรื่องวุ่นวายของ AD-9 นี่พอดี
22-1342	sound_auth	The thing is... Morita is the reason\nI decided to become a prosecutor.	เรื่องมันคือ... โมริตะคือเหตุผล\nที่ทำให้ฉันตัดสินใจเป็นอัยการ
22-1343	sound_auth	The thing is... he's the reason\nI decided to become a prosecutor.	เรื่องมันคือ... เขาคือเหตุผล\nที่ทำให้ฉันตัดสินใจเป็นอัยการ
22-1344	sound_auth	When my mother was killed in a hit-and-run,\nhe was there to give me courage. Show me a way forward.	ตอนที่แม่ฉันเสียชีวิตจาก อุบัติเหตุชนแล้วหนี\nเขาอยู่เคียงข้างให้กำลังใจฉัน ชี้ทางให้ฉันเดินต่อไป
22-1345	sound_auth	When my mom was killed in a hit-and-run,\nhe was there to give me courage. Show me a way forward.	ตอนที่แม่ฉันเสียชีวิตจาก อุบัติเหตุชนแล้วหนี\nเขาอยู่เคียงข้างให้กำลังใจฉัน ชี้ทางให้ฉันเดินต่อไป
22-1346	sound_auth	<color=ｍonologue>(Right, Morita was Mafuyu's first love...)</color>	<color=ｍonologue>(นั่นสิ โมริตะคือรักแรกของมาฟุยุ...)</color>
22-1347	sound_auth	I've heard.	เคยได้ยินมาเหมือนกัน
22-1348	sound_auth	That said... As for why he has\nan interest in protecting AD-9...	ถึงอย่างนั้น... ส่วนเหตุผลที่เขา\nสนใจปกป้อง AD-9 ล่ะก็...
22-1349	sound_auth	So... as for why he'd be\nprotecting AD-9...	ก็เลย... ส่วนเหตุผลที่เขาจะ\nปกป้อง AD-9 ล่ะก็...
22-1350	sound_auth	I... might have an idea.	ฉัน... อาจจะพอเดาออกอยู่นะ
22-1351	sound_auth	About ten years ago...\nsomething happened to his family.	เมื่อสิบปีก่อน...\nมีบางอย่างเกิดขึ้นกับครอบครัวเขา
22-1352	sound_auth	About ten years ago... something happened\nto his family.	เมื่อสิบปีก่อน... มีบางอย่างเกิดขึ้น\nกับครอบครัวเขา
22-1353	sound_auth	Perhaps that's what changed him.\nMade him look the other way on this.	บางทีนั่นอาจเป็นสิ่งที่เปลี่ยนเขาไป\nทำให้เขาเมินเฉยกับเรื่องนี้
22-1354	sound_auth	Perhaps...\nthe aftermath of that really changed him.	บางที...\nผลพวงจากเรื่องนั้นอาจเปลี่ยน เขาไปจริงๆ
22-1355	sound_auth	What happened?	เกิดอะไรขึ้นเหรอ?
22-1356	sound_auth	Hold on. I'm not entirely sure my theory is correct.\nIt wouldn't be fair if I misrepresented the facts.	เดี๋ยวนะ ฉันไม่ได้มั่นใจร้อยเปอร์เซ็นต์ ว่าข้อสันนิษฐานของฉันถูก\nมันคงไม่แฟร์ถ้าฉันเล่า ข้อเท็จจริงผิดไป
22-1357	sound_auth	Hold on. I'm not even sure my theory is correct.\nIt wouldn't be fair if I misrepresented the facts.	เดี๋ยวนะ ฉันเองก็ไม่แน่ใจว่า ข้อสันนิษฐานของฉันถูก\nมันคงไม่แฟร์ถ้าฉันเล่า ข้อเท็จจริงผิดไป
22-1358	sound_auth	However, I just spoke to a former police\ndetective who handled that case.	แต่ว่า ฉันเพิ่งคุยกับอดีตนักสืบตำรวจ\nที่เคยดูแลคดีนั้นมา
22-1359	sound_auth	However... I just spoke to a former police detective.\nThe one who handled that case.	แต่ว่า... ฉันเพิ่งคุยกับอดีตนักสืบตำรวจมา\nคนที่เคยดูแลคดีนั้นน่ะ
22-1360	sound_auth	I'm about to get\nthe case file from him.	ฉันกำลังจะไปรับ\nแฟ้มคดีจากเขา
22-1361	sound_auth	I'm about to get the case file from him.	ฉันกำลังจะไปรับแฟ้มคดีจากเขา
22-1362	sound_auth	Where?	ที่ไหน?
22-1363	sound_auth	We're meeting at the Children's Park.	เราจะเจอกันที่สวนเด็ก
22-1364	sound_auth	The Children's Park in Kamurocho.	สวนเด็กในคามุโรโจ
22-1365	sound_auth	But it felt like I was being followed...\nSo I didn't want to go alone.	แต่รู้สึกเหมือนมีคนตามฉันอยู่...\nเลยไม่อยากไปคนเดียว
22-1366	sound_auth	But it felt like I was being followed...\nso I didn't want to go alone.	แต่รู้สึกเหมือนมีคนตามฉันอยู่...\nเลยไม่อยากไปคนเดียว
22-1367	sound_auth	So that's our job here?\nWe're your bodyguards?	งั้นหน้าที่ของเราตรงนี้คืออะไร?\nเป็นบอดี้การ์ดให้เธองั้นเหรอ?
22-1368	sound_auth	Yes, at least, that was the plan.\nBut seeing what already happened to you...	ใช่ค่ะ อย่างน้อยแผนก็เป็นแบบนั้น\nแต่พอเห็นสภาพที่เกิดขึ้นกับคุณแล้ว...
22-1369	sound_auth	Yes. At least, that was the plan.\nBut seeing you like this...	ใช่ค่ะ อย่างน้อยแผนก็เป็นแบบนั้น\nแต่พอเห็นสภาพคุณแบบนี้แล้ว...
22-1370	sound_auth	You think a couple o' scratches are gonna\nslow me down? We'll do it! Right, Tak?	คิดว่ารอยข่วนนิดหน่อยแบบนี้\nจะทำให้ฉันช้าลงได้เหรอ? เราทำแน่! ใช่ไหม ทาคุ?
22-1371	sound_auth	You think a couple scratches can slow me down?\nWe'll do it! Right, Tak?	คิดว่ารอยข่วนนิดหน่อยแบบนี้\nจะทำให้ฉันช้าลงได้เหรอ? เราทำแน่! ใช่ไหม ทาคุ?
22-1372	sound_auth	If you let us see the case file.\nWhat do you say to that?	ถ้าให้เราดูแฟ้มคดีด้วย\nคิดว่าไงล่ะ?
22-1373	sound_auth	We'll help out, if we can get\na look at that case file.	เราจะช่วยให้ ถ้าเราได้\nดูแฟ้มคดีนั้นด้วย
22-1374	sound_auth	It's a deal then.\nWe'll be your escorts.	งั้นตกลงตามนั้น\nเราจะเป็นคนคุ้มกันให้เอง
22-1375	sound_auth	All right.\nThen you've got an escort.	ตกลง\nงั้นคุณก็มีคนคุ้มกันแล้ว
22-1376	sound_auth	That's cold. Extorting the poor girl?\nGuess chivalry's dead, Mafuyu-chan.	โหดร้ายจัง เอาข้อเสนอไปต่อรองกับสาว น่าสงสารแบบนี้เนี่ยนะ?\nสุภาพบุรุษตายไปหมดแล้วสินะ มาฟุยุจัง
22-1377	sound_auth	Hey, come on. You're extorting her now?\nGuess chivalry's dead, Mafuyu-chan.	เฮ้ ไม่เอาน่า จะต่อรองกับเธอตอนนี้เลยเหรอ?\nสุภาพบุรุษตายไปหมดแล้วสินะ มาฟุยุจัง
22-1378	sound_auth	Are you ready?\nThe detective is waiting for us.	พร้อมหรือยังคะ?\nนักสืบรอเราอยู่แล้ว
22-1379	sound_auth	Ready to escort me?\nThe detective is waiting for us.	พร้อมจะคุ้มกันฉันหรือยัง?\nนักสืบรอเราอยู่แล้ว
22-1380	sound_auth	Well? Do you see anyone?	ยังไงบ้างคะ? เห็นใครไหม?
22-1381	sound_auth	There. Guess you were right\non the money, Mafuyu-chan.	นั่นไง ดูเหมือนเธอจะเดาถูก\nเป๊ะเลยนะ มาฟุยุจัง
22-1382	sound_auth	There. Guess you've got\na nose for this, Mafuyu-chan.	นั่นไง ดูเหมือนเธอจะมี\nสัญชาตญาณเรื่องนี้ดีนะ มาฟุยุจัง
22-1383	sound_auth	Looks like they wanna fight, too.	ดูท่าจะอยากมีเรื่องด้วยแฮะ
22-1384	sound_auth	Looks like they mean business.	ดูท่าจะเอาจริงแฮะ
22-1385	sound_auth	Yup. Those aren't\n"let's chat over some coffee" faces.	ใช่ นั่นไม่ใช่หน้าตาที่มา\n"ชวนคุยกินกาแฟ" หรอกนะ
22-1386	sound_auth	Yup. No need to get so close\nif they're just watchin'.	ใช่ ถ้าแค่จะจับตาดูเฉยๆ\nก็ไม่ต้องมาใกล้ขนาดนี้หรอก
22-1387	sound_auth	So what, are they gonna follow us\nthe whole way like that?	แล้วไง พวกมันจะตามเรา\nไปตลอดทางแบบนั้นเลยเหรอ?
22-1388	sound_auth	This how it's gonna be\nall the way to the park?	จะเป็นแบบนี้\nตลอดทางไปสวนเลยเหรอเนี่ย?
22-1389	sound_auth	What should we do?	เราจะทำยังไงกันดี?
22-1390	sound_auth	I... What should we do?	ฉัน... เราจะทำยังไงกันดี?
22-1391	sound_auth	You back off a bit.\nWe'll take care of 'em.	เธอถอยไปก่อนนะ\nพวกนี้เดี๋ยวเราจัดการเอง
22-1392	sound_auth	Hang back a bit.\nWe'll take care of 'em.	ถอยไปก่อนนะ\nพวกนี้เดี๋ยวเราจัดการเอง
22-1393	sound_auth	Let's go, Kaito-san!	ไปกันเลย ไคโตะซัง!
22-1394	sound_auth	We're going the wrong way.	เราไปผิดทางแล้วนะ
22-1395	sound_auth	This isn't the right way.	นี่ไม่ใช่ทางที่ถูกนะ
22-1396	sound_auth	There's a shorter route!	มีทางลัดที่สั้นกว่านี้นะ!
22-1397	sound_auth	We should take a more direct route.	เราน่าจะไปทางที่ตรงกว่านี้
22-1398	sound_auth	Back off!	ถอยไปนะ!
22-1399	sound_auth	Get away from me!	อยู่ให้ห่างจากฉันไป!
22-1400	sound_auth	Stay back!	ถอยไป!
22-1401	sound_auth	Stop it!	หยุดนะ!
22-1402	sound_auth	Get him, Yagami-kun!	จัดการมันเลย ยากามิคุง!
22-1403	sound_auth	Good job, Yagami-kun!	เก่งมาก ยากามิคุง!
22-1404	sound_auth	Yagami-kun! Now!	ยากามิคุง! เอาเลย!
22-1405	sound_auth	Thanks!	ขอบคุณ!
22-1406	sound_auth	Hang in there, Yagami-kun!	อดทนไว้นะ ยากามิคุง!
22-1407	sound_auth	Yagami-kun, hang in there!	ยากามิคุง อดทนไว้นะ!
22-1408	sound_auth	I'm okay!	ผมไม่เป็นไร!
22-1409	sound_auth	Yeah!	โอเค!
22-1410	sound_auth	Are you okay, Yagami-kun!?	ยากามิคุงไม่เป็นไรใช่ไหม!?
22-1411	sound_auth	Yagami-kun, are you okay!?	ยากามิคุง ไม่เป็นไรใช่ไหม!?
22-1412	sound_auth	What, you worried about me?	อะไร ห่วงผมเหรอ?
22-1413	sound_auth	Fine, forget I asked!	ก็ได้ ถือว่าไม่ได้ถาม!
22-1414	sound_auth	Heh, I can keep going!	เฮ้อ ผมยังไหวอยู่!
22-1415	sound_auth	Let's keep going.	ไปกันต่อเถอะ
22-1416	sound_auth	Let's continue.	ไปกันต่อเลย
22-1417	sound_auth	You're so strong!	แข็งแกร่งจังเลยนะ!
22-1418	sound_auth	I think that's all of them.	คิดว่าหมดแล้วนะ
22-1419	sound_auth	Don't overdo it, Yagami-kun.	อย่าฝืนตัวเองนักเลยนะ ยากามิคุง
22-1420	sound_auth	Don't overdo it...	อย่าฝืนตัวเองนักเลย...
22-1421	sound_auth	We're almost to the park, guys.	ใกล้ถึงสวนแล้วนะทุกคน
22-1422	sound_auth	Keep it together. Almost there.	ทนไว้นะ ใกล้ถึงแล้ว
22-1423	sound_auth	You're doing great so far.	ทำได้ดีมากเลยนะจนถึงตอนนี้
22-1424	sound_auth	You can do this.	ทำได้อยู่แล้วน่า
22-1425	sound_auth	Don't worry about me, Yagami-kun.\nI'm fine.	ไม่ต้องห่วงฉันหรอก ยากามิคุง\nฉันไม่เป็นไร
22-1426	sound_auth	Don't worry about me.\nI'm fine.	ไม่ต้องห่วงฉันหรอก\nฉันไม่เป็นไร
22-1427	sound_auth	I'm not feeling so good...	รู้สึกไม่ค่อยดีเลย...
22-1428	sound_auth	More of them?	มาอีกแล้วเหรอ?
22-1429	sound_auth	Why won't they stop!?	ทำไมพวกมันไม่หยุดสักที!?
22-1430	sound_auth	They just won't stop!	พวกมันไม่ยอมหยุดเลย!
22-1431	sound_auth	Get out of our way!	หลีกไปให้พ้นทาง!
22-1432	sound_auth	Get out of my way!	หลีกไปให้พ้นทางฉันไปเลย!
22-1433	sound_auth	We were so close...!	อีกนิดเดียวเองแท้ๆ...!
22-1434	sound_auth	This is the place.\nHe should already be here...	ที่นี่แหละ\nเขาน่าจะมาถึงแล้วนะ...
22-1435	sound_auth	You said he's an ex-detective, right?	บอกว่าเขาเป็นอดีตนักสืบใช่ไหม?
22-1436	sound_auth	You said he's an ex-detective?	บอกว่าเขาเป็นอดีตนักสืบเหรอ?
22-1437	sound_auth	Uzawa-san, yes?	อุซาวะซังใช่ไหมคะ?
22-1438	sound_auth	Yup, that's me.	ใช่ ตัวจริงเสียงจริง
22-1439	sound_auth	Yup. That's me.	ใช่ ผมเอง
22-1440	sound_auth	Uhh...	เอ่อ...
22-1441	sound_auth	You're the detective from before!	คุณคือนักสืบคนที่เคยเจอกันนี่นา!
22-1442	sound_auth	You're that detective!	คุณคือนักสืบคนนั้นนี่นา!
22-1443	sound_auth	Oh shit! Yagami!	บ้าไปแล้ว! ยากามิ!
22-1444	sound_auth	You're from Yagami Detective Agency!	นี่มันสำนักงานนักสืบยากามินี่เอง!
22-1445	sound_auth	You used to be on the force!?\nHow'd you end up so scruffy?	นายเคยอยู่ในกรมตำรวจเหรอ!?\nทำไมถึงได้ซอมซ่อขนาดนี้?
22-1446	sound_auth	You used to be on the force!?\nHow'd you end up so scruffy-looking?	นายเคยอยู่ในกรมตำรวจเหรอ!?\nทำไมถึงได้ดูซอมซ่อขนาดนี้?
22-1447	sound_auth	I could ask you the same thing!	ผมก็อยากถามนายแบบเดียวกันเลยนะ!
22-1448	sound_auth	You two... know each other?	คุณสองคน... รู้จักกันเหรอ?
22-1449	sound_auth	You two know each other?	รู้จักกันเหรอ สองคนนี้?
22-1450	sound_auth	Why'd you bring these\nchowderheads along?	ทำไมถึงพาไอ้พวกทึ่ม\nนี่มาด้วยล่ะ?
22-1451	sound_auth	Prosecutor, why'd you bring\nthese clowns along...?	ท่านอัยการ ทำไมถึงพาไอ้พวกตัวตลก\nนี่มาด้วยล่ะ...?
22-1452	sound_auth	Well, Yagami-kun, he's...	เอ่อ ยากามิคุง เขาน่ะ...
22-1453	sound_auth	He's sort of my boyfriend...	เขาก็เหมือนแฟนฉันน่ะ...
22-1454	sound_auth	Wha!? Since when!?	หา!? ตั้งแต่เมื่อไหร่วะ!?
22-1455	sound_auth	It's not like that!	ไม่ใช่แบบนั้นสักหน่อย!
22-1456	sound_auth	Then why are you blushing!?	แล้วทำไมหน้าแดงล่ะ!?
22-1457	sound_auth	Someone's blushing!	มีคนหน้าแดงด้วยแฮะ!
22-1458	sound_auth	It's comedy hour over here...	ที่นี่มันชั่วโมงตลกไปแล้วสินะ...
22-1459	sound_auth	What a goddamn circus...	บ้าไปแล้ว นี่มันละครสัตว์ชัดๆ...
22-1460	sound_auth	So? What do we have on the case?	เอาล่ะ คดีนี้มีอะไรบ้าง?
22-1461	sound_auth	So? What can you tell us?	เอาล่ะ มีอะไรจะบอกเราบ้าง?
22-1462	sound_auth	Ten years ago, Chief Prosecutor Morita's\nolder brother... strangled their mom to death.	เมื่อสิบปีก่อน พี่ชายของหัวหน้าอัยการ\nโมริตะ... บีบคอแม่ของพวกเขาจนตาย
22-1463	sound_auth	Ten years ago, Chief Prosecutor Morita's older brother...\nstrangled their mom to death.	เมื่อสิบปีก่อน พี่ชายของหัวหน้าอัยการโมริตะ...\nบีบคอแม่ของพวกเขาจนตาย
22-1464	sound_auth	A caretaker murder...	คดีฆาตกรรมโดยผู้ดูแล...
22-1465	sound_auth	It was a caretaker murder.	มันคือคดีฆาตกรรมโดยผู้ดูแล
22-1466	sound_auth	<color=ｍonologue>(His brother murdered his own mother?)</color>	<color=ｍonologue>(พี่ชายเขาฆ่าแม่ตัวเองงั้นเหรอ?)</color>
22-1467	sound_auth	Their mother was over 70 at the time...\nafflicted with a severe case of Alzheimer's.	ตอนนั้นแม่ของพวกเขาอายุเกิน เจ็ดสิบแล้ว...\nป่วยเป็นโรคอัลไซเมอร์ขั้นรุนแรง
22-1468	sound_auth	And they were taking care of her.	แล้วพวกเขาก็ดูแลแม่อยู่
22-1469	sound_auth	...And they were taking care of her.	...แล้วพวกเขาก็ดูแลแม่อยู่
22-1470	sound_auth	Yeah. It's hard to say what a dementia patient'll do\nif you take your eye off 'em even for a second.	ใช่ บอกไม่ได้เลยว่าผู้ป่วย ภาวะสมองเสื่อมจะทำอะไร\nถ้าคุณเผลอละสายตาแม้แต่วินาทีเดียว
22-1471	sound_auth	Yup. It's hard to say what a dementia patient'll do\nif you take your eye off them for even a second.	ใช่ บอกไม่ได้เลยว่าผู้ป่วย ภาวะสมองเสื่อมจะทำอะไร\nถ้าละสายตาไปแม้แต่วินาทีเดียว
22-1472	sound_auth	She apparently used to leave the stove on after she cooked.\nOr wander out in the middle of the night.	ได้ยินว่าเธอมักจะลืมปิดเตาหลัง ทำอาหาร\nหรือไม่ก็เดินออกจากบ้านกลางดึก
22-1473	sound_auth	She apparently used to leave the stove on.\nOr wander out in the middle of the night.	ได้ยินว่าเธอมักจะลืมปิดเตา\nหรือไม่ก็เดินออกจากบ้านกลางดึก
22-1474	sound_auth	None of the homes had any\nopenings for her, either.	บ้านพักคนชราที่ไหนก็ไม่มี\nที่ว่างรับเธอด้วย
22-1475	sound_auth	Ultimately, Morita's brother took care\nof their mom by himself.	สุดท้ายพี่ชายของโมริตะก็ต้องดูแล\nแม่ของพวกเขาเพียงลำพัง
22-1476	sound_auth	Ultimately, Morita's brother took care of\ntheir mom by himself.	สุดท้ายพี่ชายของโมริตะก็ต้อง\nดูแลแม่ของพวกเขาเพียงลำพัง
22-1477	sound_auth	It seems he put the burden\nentirely on his own back.	ดูเหมือนเขาจะแบกภาระทั้งหมด\nไว้บนบ่าตัวเองคนเดียว
22-1478	sound_auth	He quit his job and moved in with their mother, all to ensure\nMorita was free to do his duty as chief prosecutor.	เขาลาออกจากงานแล้วย้ายไปอยู่กับแม่ ทั้งหมดก็เพื่อให้\nโมริตะได้ทำหน้าที่ หัวหน้าอัยการได้อย่างเต็มที่
22-1479	sound_auth	He quit his job and moved in with their mother,\nall to ensure Morita was free to work as chief prosecutor.	เขาลาออกจากงานแล้วย้ายไปอยู่กับแม่\nทั้งหมดก็เพื่อให้โมริตะทำงาน หัวหน้าอัยการได้เต็มที่
22-1480	sound_auth	He barely took breaks, barely slept.\nFor seven whole years before the incident.	แทบไม่ได้พักไม่ได้นอนเลย\nตลอดเจ็ดปีเต็มก่อนเกิดเหตุ
22-1481	sound_auth	All he got from his mother in return was abuse.\nVerbal... and sometimes physical.	สิ่งที่เขาได้รับตอบแทนจากแม่มี แต่การถูกทำร้าย\nทั้งคำพูด... และบางครั้งก็ร่างกายด้วย
22-1482	sound_auth	But in return, all he got was abuse.\nWasn't always just verbal, either. Sometimes physical.	แต่สิ่งที่ได้ตอบแทนกลับมีแต่ การถูกทำร้าย\nไม่ใช่แค่คำพูดด้วยนะ บางทีก็ลงไม้ลงมือด้วย
22-1483	sound_auth	The hell'd she do that for...?	ทำแบบนั้นไปเพื่ออะไรวะเนี่ย...?
22-1484	sound_auth	It's a side effect of dementia,\nthough not all patients exhibit it.	มันเป็นผลข้างเคียงของภาวะสมองเสื่อม\nแม้ผู้ป่วยจะไม่ได้เป็นกันทุกคนก็ตาม
22-1485	sound_auth	Some cases can be suppressed,\nbut it doesn't always work out.	บางเคสสามารถควบคุมอาการได้\nแต่ก็ไม่ได้ผลเสมอไป
22-1486	sound_auth	At the time of the incident, Morita's brother\nwas in the midst of a serious mental breakdown.	ตอนเกิดเหตุ พี่ชายของโมริตะ\nกำลังทรุดโทรมทางจิตใจอย่างหนัก
22-1487	sound_auth	At the time of the incident, Morita's brother\nwas having a serious mental breakdown.	ตอนเกิดเหตุ พี่ชายของโมริตะ\nกำลังมีอาการทรุดโทรมทางจิตใจ อย่างหนัก
22-1488	sound_auth	If I had to guess,\nhe'd probably been about to break for months...	ถ้าให้เดา\nเขาคงใกล้จะทนไม่ไหวมาหลายเดือนแล้ว...
22-1489	sound_auth	Honestly, he'd probably already reached\nhis limit months earlier.	พูดตรงๆ เขาคงถึงจุดที่ทนไม่ไหว\nมาหลายเดือนแล้ว
22-1490	sound_auth	And the result...\nwas him murdering his own mother.	แล้วผลลัพธ์ก็คือ...\nเขาฆ่าแม่ของตัวเอง
22-1491	sound_auth	And so, under all that weight...\nhe snapped.	แล้วภายใต้ภาระทั้งหมดนั้น...\nเขาก็ทนไม่ไหว
22-1492	sound_auth	What ever became of him?\nAfter all that.	แล้วเขาเป็นยังไงต่อ?\nหลังจากเรื่องทั้งหมดนั้น
22-1493	sound_auth	What then? What'd he do after\nhe killed her?	แล้วยังไงต่อ? เขาทำอะไร\nหลังจากฆ่าแม่ตัวเอง?
22-1494	sound_auth	Well... not long afterward,\nhe tried to hang himself and failed.	ก็... ไม่นานหลังจากนั้น\nเขาพยายามผูกคอตายแต่ไม่สำเร็จ
22-1495	sound_auth	Well... not long after, he tried and failed\nto hang himself.	ก็... ไม่นานหลังจากนั้น เขาพยายาม\nผูกคอตายแต่ไม่สำเร็จ
22-1496	sound_auth	So they suspended his sentence\nuntil he was more stable.	เลยรอลงอาญาไว้ก่อน\nจนกว่าอาการเขาจะดีขึ้น
22-1497	sound_auth	He was too unstable to be sentenced...	เขาไม่มั่นคงพอที่จะรับโทษได้...
22-1498	sound_auth	And where is he now?	แล้วตอนนี้เขาอยู่ที่ไหน?
22-1499	sound_auth	So, where is he now?	แล้วตอนนี้เขาอยู่ไหนล่ะ?
22-1500	sound_auth	It says here he died a year later,\nby his own hand.	ในนี้บอกว่าเขาเสียชีวิตในอีก หนึ่งปีต่อมา\nด้วยน้ำมือตัวเอง
22-1501	sound_auth	...Well, it says here he died a year later,\nby his own hand.	...ก็ ในนี้บอกว่าเขาเสียชีวิตในอีก หนึ่งปีต่อมา\nด้วยน้ำมือตัวเอง
22-1502	sound_auth	Dude...	โห...
22-1503	sound_auth	<color=ｍonologue>(His own brother killed his ailing mother\nand then committed suicide on top of that.)</color>	<color=ｍonologue>(พี่ชายเขาฆ่าแม่ที่ป่วยของตัวเอง\nแล้วซ้ำยังฆ่าตัวตายตามไปอีก)</color>
22-1504	sound_auth	After everything his brother did, Morita was removed\nfrom the spotlight for a while.	หลังจากเรื่องที่พี่ชายก่อไว้ โมริตะก็ถูกดึงออก\nจากสายตาสาธารณะไปพักหนึ่ง
22-1505	sound_auth	After everything his brother did, Morita was\nremoved from the spotlight for a while.	หลังจากเรื่องที่พี่ชายก่อไว้\nโมริตะก็ถูกดึงออกจากสายตา สาธารณะไปพักหนึ่ง
22-1506	sound_auth	But it seems that's\nall in the past now.	แต่ดูเหมือนตอนนี้\nมันจะกลายเป็นอดีตไปหมดแล้ว
22-1507	sound_auth	But it seems that's all\nin the past now.	แต่ดูเหมือนตอนนี้มันจะ\nกลายเป็นอดีตไปหมดแล้ว
22-1508	sound_auth	Everyone recognizes him as an\nunquestionable leader on the force.	ทุกคนยอมรับว่าเขาคือ\nผู้นำที่ไร้ข้อกังขาในแวดวงกฎหมาย
22-1509	sound_auth	Everyone on the force respects him.\nHe's an unquestionable leader.	ทุกคนในแวดวงกฎหมายยอมรับนับถือเขา\nเป็นผู้นำที่ไร้ที่ติ
22-1510	sound_auth	So then... Morita blames Alzheimer's for all\nthe suffering his family faced.	งั้นก็... โมริตะโทษโรคอัลไซเมอร์\nที่ทำให้ครอบครัวเขาต้อง ทุกข์ทรมานสินะ
22-1511	sound_auth	So then... Morita blames Alzheimer's for\nall the suffering his family faced.	งั้นก็... โมริตะโทษโรคอัลไซเมอร์\nที่ทำให้ครอบครัวต้องทุกข์ทรมาน ขนาดนั้นสินะ
22-1512	sound_auth	Most likely, yes.	น่าจะใช่ค่ะ
22-1513	sound_auth	The tragedy could have been prevented\nif only AD-9 had existed at the time.	โศกนาฏกรรมครั้งนั้นป้องกันได้\nถ้าตอนนั้นมี AD-9 อยู่แล้ว
22-1514	sound_auth	And if AD-9 had existed,\nthey'd have been fine.	แล้วถ้ามี AD-9 อยู่จริง\nพวกเขาก็คงไม่เป็นแบบนี้
22-1515	sound_auth	And once it does, who knows how many situations\njust like it could be avoided?	แล้วพอมันออกมาจริง ใครจะรู้ว่าจะป้องกัน\nเรื่องแบบนี้ได้อีกกี่กรณี
22-1516	sound_auth	Countless other families would be fine too.\nAD-9 would put a stop to all that.	ครอบครัวอื่นอีกนับไม่ถ้วนก็จะ ไม่เป็นไรด้วย\nAD-9 จะหยุดเรื่องแบบนี้ได้ทั้งหมด
22-1517	sound_auth	With a tragedy like that...\nNo wonder he's defending it.	กับโศกนาฏกรรมขนาดนั้น...\nไม่แปลกใจเลยที่เขาปกป้องมันสุดตัว
22-1518	sound_auth	With all that behind him...\nmaybe that's why he defends it.	กับเรื่องราวที่เขาแบกไว้ทั้งหมด...\nบางทีนั่นอาจเป็นเหตุผลที่เขา ปกป้องมันก็ได้
22-1519	sound_auth	He's sure as hell not in it for the cash.\nNot for reputation either.	เขาไม่ได้ทำเพื่อเงินแน่ๆ ว่ะ\nชื่อเสียงก็ไม่ใช่เหมือนกัน
22-1520	sound_auth	Guy's just doin' what he thinks\nneeds to be done.	ไอ้หมอนี่แค่ทำในสิ่งที่มันคิดว่า\nต้องทำเท่านั้นแหละ
22-1521	sound_auth	I suppose I can understand that.	ฉันว่าฉันก็พอเข้าใจนะ
22-1522	sound_auth	Hm? You can?	หือ? เข้าใจได้เหรอ?
22-1523	sound_auth	Oh? Can you?	อ้อ? เข้าใจได้จริงเหรอ?
22-1524	sound_auth	You think that excuses\neverything that monster has done?	คิดว่านั่นเป็นข้ออ้างให้\nทุกอย่างที่ไอ้สัตว์ตัวนั้นทำได้เหรอ?
22-1525	sound_auth	You think that excuses everything\nthat monster has done?	คิดว่านั่นเป็นข้ออ้างให้ทุกอย่าง\nที่ไอ้สัตว์ตัวนั้นทำได้จริงๆ เหรอ?
22-1526	sound_auth	He framed Ayabe. Turned a blind eye to\nEmi-chan's murder. Left Okubo-kun out in the cold.	มันใส่ร้ายอายาเบะ แสร้งทำเป็นไม่รู้ไม่เห็น\nตอนเอมิจังถูกฆ่า แล้วทิ้งโอคุโบะคุงไว้กลางทาง
22-1527	sound_auth	He framed Ayabe. Turned a blind eye to\nEmi-chan's murder. Left Okubo-kun to rot.	มันใส่ร้ายอายาเบะ แสร้งทำเป็นไม่รู้ไม่เห็น\nตอนเอมิจังถูกฆ่า แล้วปล่อยให้โอคุโบะคุงเน่าตายไปเลย
22-1528	sound_auth	All because this fucking drug\nneeds to get fast-tracked!?	ทั้งหมดนี้เพื่อเร่งไอ้ยาเวรนี่\nให้ผ่านเร็วขึ้นงั้นเหรอ!?
22-1529	sound_auth	All for the sake of this\none fucking drug!	ทั้งหมดนี้เพื่อไอ้ยาเวรตัวเดียว\nแค่นั้นเองเหรอ!
22-1530	sound_auth	How can you begin to think\nthat's right!? How!?	คิดได้ยังไงว่ามันถูกต้อง!?\nคิดได้ยังไง!?
22-1531	sound_auth	If Morita can decide what\n"needs to be done", then so can we.	ถ้าโมริตะตัดสินใจเองได้ว่าอะไร\n"ต้องทำ" พวกเราก็ทำได้เหมือนกัน
22-1532	sound_auth	Morita may have his ideals,\nbut so do I.	โมริตะอาจมีอุดมการณ์ของตัวเอง\nแต่ผมก็มีเหมือนกัน
22-1533	sound_auth	I'm gonna protect every last person they've\ntrampled. I'm gonna get revenge for Emi-chan.	ผมจะปกป้องทุกคนที่พวกมันเหยียบย่ำ\nไว้จนคนสุดท้าย แล้วจะแก้แค้นให้เอมิจัง
22-1534	sound_auth	I'm going to protect everyone they've trampled.\nAnd I'm going to avenge Emi-chan.	ผมจะปกป้องทุกคนที่พวกมัน เหยียบย่ำเอาไว้\nแล้วผมจะแก้แค้นให้เอมิจังด้วย
22-1535	sound_auth	What is?	อะไรนะ?
22-1536	sound_auth	Oh, it's just... really obvious\nyou used to be a lawyer.	อ้อ ก็แค่... เห็นได้ชัดเลยว่า\nนายเคยเป็นทนายมาก่อนจริงๆ
22-1537	sound_auth	Used to?\nI've still got my badge.	เคยเหรอ?\nผมยังพกใบอนุญาตติดตัวอยู่เลยนะ
22-1538	sound_auth	I still am.\nGot my badge and everything.	ผมยังเป็นอยู่นะ\nมีใบอนุญาตครบเซ็ตด้วย
22-1539	sound_auth	Heh, yeah that's right.	เฮ้อ ใช่สิ จริงด้วย
22-1540	sound_auth	Heh. I remember it.	เฮ้อ นึกออกแล้ว
22-1541	sound_auth	Hey, lay off the gamblin', yeah?\nYa lose more than you win.	เฮ้ เลิกเล่นพนันได้แล้วนะ\nแพ้มากกว่าชนะทั้งนั้น
22-1542	sound_auth	Hey, lay off the gamblin', yeah?\nYou'd be better off without it.	เฮ้ เลิกเล่นพนันได้แล้วนะ\nไม่เล่นซะยังจะดีกว่า
22-1543	sound_auth	Whatever you say.	แล้วแต่นายเลย
22-1544	sound_auth	Lay off.	เลิกก็ได้น่า
22-1545	sound_auth	Yagami-kun. I think it'd be best\nif you hold onto these files.	ยากามิคุง ฉันว่าให้คุณเก็บ\nไฟล์พวกนี้ไว้เองจะดีที่สุด
22-1546	sound_auth	Here, take this... I think it belongs\nin your hands, Yagami-kun.	นี่ เอาไปเถอะ... ฉันว่าของพวกนี้\nควรอยู่ในมือคุณมากกว่า ยากามิคุง
22-1547	sound_auth	Yo Tak.	เฮ้ ทาคุ
22-1548	sound_auth	Make sure she gets\nhome safe, would ya?	ดูให้แน่ใจด้วยนะว่าเธอ\nกลับบ้านปลอดภัย โอเคนะ?
22-1549	sound_auth	Make sure Mafuyu gets home safe.	ดูแลให้มาฟุยุกลับบ้านปลอดภัยด้วยล่ะ
22-1550	sound_auth	Um... Can you walk me to a taxi?\nSorry to intrude.	เอ่อ... ไปส่งฉันขึ้นแท็กซี่หน่อยได้ไหม\nขอโทษที่รบกวนนะ
22-1551	sound_auth	Um... Can you walk with me to a taxi?\nSorry to impose...	เอ่อ... เดินไปส่งฉันที่แท็กซี่หน่อยได้ไหม\nขอโทษที่ต้องรบกวนแบบนี้...
22-1552	sound_auth	Hey, since we're close,\ndo you mind if we drop in on Saori?	เฮ้ ในเมื่อใกล้ๆ กันแล้ว\nแวะไปหาซาโอริหน่อยได้ไหม?
22-1553	sound_auth	Oh... hey, do you mind if we stop by\nto see Saori?	อ้อ... เฮ้ แวะไปเยี่ยมซาโอริ\nสักหน่อยได้ไหม?
22-1554	sound_auth	Oh sure, what's up?	อ้อ ได้สิ มีอะไรเหรอ?
22-1555	sound_auth	Oh, no reason, she just likes seeing\nthe two of us together.	อ้อ ไม่มีอะไรหรอก แค่เธอชอบเห็น\nเราสองคนอยู่ด้วยกัน
22-1556	sound_auth	Well, she just likes seeing\nthe two of us together.	ก็แค่เธอชอบเห็น\nเราสองคนอยู่ด้วยกันน่ะ
22-1557	sound_auth	Uhh... What now?	เอ่อ... ว่าไงนะ?
22-1558	sound_auth	Eh, whatever. I was gonna go fill her in\non what happened tonight anyway.	ช่างเถอะ ผมกะจะไปเล่าให้เธอฟัง\nเรื่องที่เกิดขึ้นคืนนี้อยู่แล้วด้วย
22-1559	sound_auth	Eh, whatever. I was gonna go let Saori-san know\nwhat happened tonight anyway.	ช่างเถอะ ผมกะจะไปบอกซาโอริซัง\nเรื่องที่เกิดขึ้นคืนนี้อยู่แล้วด้วย
22-1560	sound_auth	Kido never would've ended up in Kamurocho\nif not for Saori... and her honey trap.	คิโดะจะไม่มีทางมาโผล่ที่คามุโรโจ\nถ้าไม่ใช่เพราะซาโอริ... กับกับดักน้ำผึ้งของเธอ
22-1561	sound_auth	Kido never would've ended up in Kamurocho\nif not for Saori-san... and her honey trap.	คิโดะจะไม่มีทางมาโผล่ที่คามุโรโจ\nถ้าไม่ใช่เพราะซาโอริซัง... กับกับดักน้ำผึ้งของเธอ
22-1562	sound_auth	A honey trap?\nYou can't be serious.	กับดักน้ำผึ้งเหรอ?\nพูดจริงเปล่าเนี่ย
22-1563	sound_auth	Her what? You're joking!	อะไรของเธอนะ? ล้อเล่นแน่ๆ!
22-1564	sound_auth	Ah!?	อ๊ะ!?
22-1565	sound_auth	Oh, I, uh...!	อ้อ ผม เอ่อ...!
22-1566	sound_auth	Oh, whoaaa!	อ้าว วาาา!
22-1567	sound_auth	Yagami-san! I didn't realize\nyou'd be stopping by...	ยากามิซัง! ผมไม่รู้เลยว่า\nคุณจะแวะมา...
22-1568	sound_auth	Yagami-san! I didn't know you\nwere coming! U-Um...	ยากามิซัง! ผมไม่รู้เลยว่า\nคุณจะมา! เอ่อ...
22-1569	sound_auth	Awfully suspicious! Just what\nwere you two up to in here?	น่าสงสัยชะมัด! ตกลงสองคนนี้\nทำอะไรกันอยู่ในนี้?
22-1570	sound_auth	Oh yeah? Just what were you two\nup to, anyway?	อ้อเหรอ? ตกลงสองคนนี้\nทำอะไรกันอยู่กันแน่?
22-1571	sound_auth	Er, not much...	เอ่อ ก็ไม่มีอะไรมาก...
22-1572	sound_auth	Guess we should go then.	งั้นเราไปกันดีกว่า
22-1573	sound_auth	Maybe we should go, Mafuyu.	ไปกันเถอะ มาฟุยุ
22-1574	sound_auth	I think we're kinda ruining the mood.	ผมว่าเรากำลังทำลายบรรยากาศเขาอยู่นะ
