id	bin	EN	TH
10-0001	talk	Good t'see ya, O Magnificent King Koro-nyan! ...Y'know what this means, don't ya!	ดีใจจังที่ได้เจอ โอ้ ราชาโคโระเนียงผู้ยิ่งใหญ่! ...นายรู้ใช่ไหมว่านี่หมายความว่าอะไร!
10-0002	talk	Someone call the internet police, 'cause ya done goofed! Why'd ya run into Kuro-nyan like that!?	ใครก็ได้เรียกตำรวจอินเทอร์เน็ตที เพราะนายพลาดไปแล้ว! ทำไมต้องไปชนคุโระเนียงแบบนั้น ด้วยเนี่ย!?
10-0003	talk	Yeeeee-haaawww!!! It's time for Koro-nyan Mode, big boy!!! We're about t'get filthy rich!!!	ยี้ฮ้าาาา!!! ได้เวลาโหมดโคโระเนียงแล้วพ่อหนุ่ม!!! เรากำลังจะรวยเละกันแล้ว!!!
10-0004	talk	I can feel the power wellin' up inside my cubical feline frame!!! Let's roll around the board n' make a mint!	ฉันรู้สึกถึงพลังที่พลุ่งพล่าน อยู่ในร่างแมวทรง ลูกบาศก์ของฉันแล้ว!!! ไปกลิ้งรอบกระดานกวาดเงินกันเถอะ!
10-0005	talk	The time has finally come... to unleash my true power!!! It's my turn, baby!!!	ในที่สุดเวลาก็มาถึงแล้ว... เวลาปลดปล่อยพลังที่แท้จริงของฉัน!!! ได้เวลาของฉันแล้ว!!!
10-0006	talk	Aaaand the Knockout Battle begins! Send 'em all flyin'!!!	แล้วก็ได้เวลาศึกน็อกเอาต์เริ่มขึ้น! ซัดให้กระเด็นไปเลย!!!
10-0007	talk	Focus, my wayward pupil of a son! The Knockout Battle's beginnin'!	ตั้งสติไว้ ศิษย์เอ๋ยศิษย์ซนของฉัน! ศึกน็อกเอาต์กำลังจะเริ่มแล้ว!
10-0008	talk	♪ I'm gonna knock 'em out! ♪ Ma said knock 'em out! ♪ ...What, it's a Knockout Battle, after all!	"จะซัดให้เรียบ! แม่บอกให้ซัดให้เรียบ!" ...อ้าว ก็มันคือศึกน็อกเอาต์อยู่แล้วนี่!
10-0009	talk	Y'ready? Then let's begin the Knockout Battle!	พร้อมรึยัง? งั้นเริ่มศึกน็อกเอาต์กันเลย!
10-0010	talk	Y'knew it was comin', didn't ya? It's time for a Knockout Battle!	นายรู้อยู่แล้วใช่ไหมว่ามันต้องมา? ได้เวลาศึกน็อกเอาต์แล้ว!
10-0011	talk	It's time t'break everythin' in sight! That's right, it's a Destruction Battle!	ได้เวลาพังทุกอย่างที่เห็นแล้ว! ใช่แล้ว มันคือศึกทำลายล้าง!
10-0012	talk	I'm gonna send ya head-first into a Destruction Battle, so get ready to wreck stuff up!	ฉันจะส่งนายหัวทิ่มเข้าสู่ ศึกทำลายล้างเลย เตรียมพังของให้เรียบเลยนะ!
10-0013	talk	The more ya break, the better yer bonus! So bust up the entire place! Leave nothin' unscathed!	ยิ่งพังเยอะ ยิ่งได้โบนัสเยอะ! ถล่มทั้งที่ให้ราบเลย! อย่าให้เหลืออะไรดี ๆ สักชิ้น!
10-0014	talk	This here's a Special Destruction Battle! What makes it so special? I dunno! Just wreak havoc like y'normally do!!!	นี่คือศึกทำลายล้างพิเศษ! มันพิเศษตรงไหนเหรอ? ฉันก็ไม่รู้เหมือนกัน! อาละวาดให้สุดเหวี่ยงเหมือนที่ นายทำเป็นประจำก็พอ!!!
10-0015	talk	The tension's thick as butter... All the pent-up rage about to be released... Let the Destruction Battle begin!!!	ความตึงเครียดข้นเหมือนเนย... ความคั่งแค้นที่อัดอั้นกำลังจะ ระเบิดออกมา... เริ่มศึกทำลายล้างกันเลย!!!
10-0016	talk	A fine job as always! Here's a li'l bonus fer ya!	เก่งเหมือนเดิมเลยนะ! นี่โบนัสเล็ก ๆ น้อย ๆ สำหรับนาย!
10-0017	talk	That sure was somethin', sonny! Here's yer bonus!	นั่นมันสุดยอดจริง ๆ พ่อหนุ่ม! นี่โบนัสของนาย!
10-0018	talk	That was pretty good! Take your bonus n' don't spend it all in one place!	ทำได้ดีทีเดียว! เอาโบนัสไปสิ อย่าใช้หมดในที่เดียวล่ะ!
10-0019	talk	That didn't go too well... Do better next time!	ครั้งนี้ไม่ค่อยดีเท่าไหร่นะ... คราวหน้าทำให้ดีกว่านี้ล่ะ!
10-0020	talk	Yer items got stolen, sonny! Find that gosh dang Kuro-nyan on the map and get after him!	ไอเทมของนายถูกขโมยไปแล้วพ่อหนุ่ม! หาไอ้คุโระเนียงเวรนั่นในแผน ที่แล้วไล่ล่ามันเลย!
10-0021	talk	Kuro-nyan nabbed yer items! Unforgiveable! Let's get him!	คุโระเนียงคว้าไอเทมของนายไปแล้ว! ให้อภัยไม่ได้เด็ดขาด! ไปจัดการมันกัน!
10-0022	talk	That connivin' little con-artist! He robbed ya for all yer worth! Make him pay up double, sonny boy!	ไอ้นักต้มตุ๋นตัวแสบนั่น! มันปล้นของมีค่าของนายไปหมดเลย! ให้มันจ่ายคืนเป็นสองเท่าเลยพ่อหนุ่ม!
10-0023	talk	Good thing ya didn't have nothin' on ya. Put that in yer pipe n' smoke it, Kuro-nyan!	โชคดีที่นายไม่มีอะไรติดตัวไปเลย เอาไปคิดดูให้ดีนะ คุโระเนียง!
10-0024	talk	*sniff sniff* I smell the items we were carryin'. That means...	*ดมดม* ฉันได้กลิ่นไอเทมที่เราถือมาแล้ว นั่นแปลว่า...
10-0025	talk	Found him! All right, sonny! Beat this bunglin' burglar n' get those items back!	เจอมันแล้ว! เอาล่ะพ่อหนุ่ม! จัดการไอ้ขโมยซุ่มซ่ามนี่แล้ว เอาไอเทมคืนมาเลย!
10-0026	talk	Ahh... sweet, sweet revenge! Oh, ya got your items back, too! Wonderful!	อา... การแก้แค้นช่างแสนหวาน! โอ้ นายได้ไอเทมคืนมาด้วยนะ! สุดยอดไปเลย!
10-0027	talk	You ended up gettin' more than y'started with! Do watch out fer Kuro-nyan next time, though!	สุดท้ายนายได้มากกว่าที่เริ่มต้นซะอีก! แต่คราวหน้าก็ระวังคุโระเนียงด้วยล่ะ!
10-0028	talk	Y'lost... but y'still have time! Do yer best and find as many items as you can!	นายแพ้ไป... แต่ยังมีเวลาอยู่นะ! ทำให้เต็มที่แล้วหาไอเทมมา ให้ได้มากที่สุดเลย!
10-0029	talk	He got away...! Well, don't let it weigh on yer mind. Y'can always collect more items anyway!	มันหนีไปแล้ว...! เอาล่ะ อย่าเก็บมาคิดมากเลยนะ ยังไงนายก็เก็บไอเทมเพิ่มได้อยู่ดี!
10-0030	talk	The dice came out as 5, 6 and 2... Activatin' Startup Sequence: Koro-nyan Mode!	ลูกเต๋าออกเลข 5, 6 และ 2... เริ่มระบบเปิดใช้งานโหมดโคโระเนียง!
10-0031	talk	I just saw Kaito-san in Nakamichi Alley, but he was in a really good mood.	เมื่อกี้เห็นไคโตะซังอยู่แถวซอย นากามิจิพอดีเลย เขาอารมณ์ดีสุด ๆ เลยนะ
10-0032	talk	Was that his friend with him? I've never seen that guy so happy.	คนที่อยู่ด้วยนั่นเพื่อนเขารึเปล่านะ ไม่เคยเห็นไอ้หมอนั่นยิ้มแก้ม ปริขนาดนี้มาก่อนเลย
10-0033	talk	Hm? Something wrong? You guys must have time to kill at Yagami Detective Agency.	หืม? มีอะไรเหรอ? สำนักงานนักสืบยากามิคงจะว่างมา กสินะพวกนาย
10-0034	talk	Kaito-san was cruisin' hard through Nakamichi Alley. You'll see when you get there.	ไคโตะซังเดินเท่ผ่านซอยนากามิจิ ไปเลยนะ ไปดูเองก็รู้
10-0035	talk	Oh... hey there.	อ้าว... ไง
10-0036	talk	Hey. I didn't catch you at a bad time, did I?	ไง ผมมาไม่ผิดจังหวะใช่ไหม?
10-0037	talk	Oh, no, not at all. I'm actually glad you're taking me out.	เปล่าเลยค่ะ ดีใจด้วยซ้ำที่พาออกมาข้างนอก
10-0038	talk	For some reason I thought I wouldn't see you again...	ไม่รู้ทำไมเหมือนกัน นึกว่าจะไม่ได้เจอกันอีกแล้ว...
10-0039	talk	What made you think that?	ทำไมถึงคิดแบบนั้นล่ะ?
10-0040	talk	I'm... not sure. I guess it's just something I felt.	ไม่แน่ใจเหมือนกัน... แค่รู้สึกแบบนั้นน่ะ
10-0041	talk	You seem pretty down, Tsukino-chan.	ดูเหมือนสึกิโนะจังจะหดหู่มากเลยนะ
10-0042	talk	Yeah, I know... And you came all this way to see me, too...	ค่ะ รู้ตัวอยู่... แล้วยังอุตส่าห์มาไกลขนาดนี้ เพื่อมาหาฉันด้วย...
10-0043	talk	Well, why don't we go have some fun? Maybe that would help cheer you up.	งั้นเราไปหาอะไรสนุก ๆ ทำกันดีไหม? อาจจะช่วยให้อารมณ์ดีขึ้นก็ได้
10-0044	talk	Okay. That sounds nice.	โอเคค่ะ ฟังดูดีเลย
10-0045	talk	Personally, I'd rather go de-stress somewhere...	ถ้าให้เลือกเอง อยากไปหาที่คลายเครียดสักที่มากกว่า...
10-0046	talk	But if you wanted to do something in particular, I'd be okay with that too.	แต่ถ้าคุณอยากทำอะไรเป็นพิเศษ ฉันก็โอเคเหมือนกันนะ
10-0047	talk	(I take it she has a lot on her mind. Where would be a good place to take her?)	(ท่าทางเธอมีเรื่องกังวลใจเยอะเลย จะพาไปที่ไหนดีนะ)
10-0048	talk	Ever been to a casino before?	เคยไปคาสิโนไหม?
10-0049	talk	A casino? Actually no, I haven't!	คาสิโนเหรอคะ? จริง ๆ ยังไม่เคยไปเลย!
10-0050	talk	Well, I know of a pretty interesting one nearby. How about we go together?	ผมรู้จักที่หนึ่งแถวนี้ที่ น่าสนใจอยู่นะ ไปด้วยกันไหม?
10-0051	talk	Hmm... Would they really let me in, though?	อืม... แต่เขาจะให้ฉันเข้าจริงเหรอคะ?
10-0052	talk	You're not underage or anything, so it shouldn't be a problem. Besides, it's a good learning experience.	คุณอายุถึงอยู่แล้วนี่ ไม่น่ามีปัญหาอะไรหรอก แถมยังเป็นประสบการณ์ที่ดีด้วย
10-0053	talk	...All right. It's not like I get to play at a casino every day.	...ก็ได้ค่ะ ยังไงก็ไม่ใช่ว่าจะได้เล่น คาสิโนทุกวันอยู่แล้ว
10-0054	talk	Awesome. Then let's head on over.	เยี่ยม งั้นไปกันเลย
10-0055	talk	How about we play some darts? That should get you pumped up.	ลองเล่นปาเป้ากันดีไหม? น่าจะทำให้คุณสนุกขึ้นนะ
10-0056	talk	...Mm, I doubt I'd make a very good opponent.	...อืม ฉันว่าฉันคงเล่นได้ไม่ดี เท่าไหร่หรอกค่ะ
10-0057	talk	Don't worry, I'll go easy on you.	ไม่ต้องห่วง ผมจะปล่อยมือให้เอง
10-0058	talk	But... I don't exactly have the best aim.	แต่... เล็งไม่ค่อยแม่นเลยนะคะ
10-0059	talk	Ah, it's not that hard. You'll get the hang of it.	อ้อ ไม่ยากขนาดนั้นหรอก เดี๋ยวก็จับทางได้เอง
10-0060	talk	...Okay. At least I'll give it a shot.	...ก็ได้ค่ะ อย่างน้อยก็ลองดูสักตั้ง
10-0061	talk	Want to go to the batting center? It's always nice to have a little exercise.	อยากไปศูนย์ฝึกตีไหม? ได้ออกกำลังกายนิด ๆ ก็ดีนะ
10-0062	talk	Sure. I've wanted to try that at least once.	ได้ค่ะ อยากลองอยู่เหมือนกันสักครั้งหนึ่ง
10-0063	talk	All right then. Then let's head on over.	งั้นก็ไปกันเลย
10-0064	talk	Hey, that was awesome!	โห สนุกมากเลย!
10-0065	talk	Wasn't it?	ใช่ไหมล่ะ?
10-0066	talk	Totally! I'm glad I could finally blow off some steam.	ใช่เลยค่ะ! ดีใจที่ในที่สุดก็ได้ปลดปล่อย ความเครียดออกไปบ้าง
10-0067	talk	That's good to hear. Maybe we should grab some tea and relax for a bit?	ดีใจที่ได้ยินแบบนั้น ไปหาอะไรดื่มพักผ่อนกันสักหน่อยไหม?
10-0068	talk	Sounds good. I was having so much fun, I didn't realize how tired I was.	ฟังดูดีค่ะ สนุกจนลืมไปเลยว่าเหนื่อยขนาดไหนแล้ว
10-0069	talk	(Maybe now would be a good time to ask what's on her mind?)	(นี่อาจจะเป็นจังหวะที่ดีในการ ถามว่าเธอกังวลเรื่องอะไรอยู่นะ)
10-0070	talk	Is everything okay, Tsukino-chan? I heard there was something bothering you.	สึกิโนะจังไม่เป็นไรใช่ไหม? ผมได้ยินมาว่ามีเรื่องกวนใจอยู่
10-0071	talk	Oh, you mean what my brother was talking about? Honestly... it's nothing to worry about.	อ๋อ หมายถึงเรื่องที่พี่ชายพูดถึงใช่ไหมคะ พูดตรง ๆ นะ... ไม่มีอะไรต้องเป็นห่วงหรอกค่ะ
10-0072	talk	Besides... I can figure it out on my own.	อีกอย่าง... ฉันจัดการเองได้
10-0073	talk	You sure? I wouldn't mind listening, at least.	แน่ใจเหรอ? อย่างน้อยผมก็ยินดีรับฟังนะ
10-0074	talk	Nope, not necessary. I wouldn't wanna get you all tangled up in my problems...	ไม่ค่ะ ไม่จำเป็นหรอก ฉันไม่อยากดึงคุณเข้ามาพัวพัน กับปัญหาของฉันด้วย...
10-0075	talk	I wouldn't call it that... It's just that people are worried about you. Namely, your brother and I.	ผมไม่เรียกว่าพัวพันหรอกนะ... แค่มีคนเป็นห่วงคุณอยู่ ทั้งพี่ชายคุณและผมเอง
10-0076	talk	Sorry. I need some time to think this through.	ขอโทษค่ะ ขอเวลาคิดทบทวนดูก่อนนะ
10-0077	talk	(Looks like she won't tell me just yet. Maybe she needs to be more comfortable with me first.)	(ท่าทางเธอยังไม่ยอมบอกตอนนี้หรอก บางทีเธออาจต้องสบายใจกับผม มากกว่านี้ก่อน)
10-0078	talk	You're always welcome to share what's on your mind, Tsukino-chan. Especially if something's not right.	สึกิโนะจังพร้อมจะเล่าเรื่องใน ใจให้ผมฟังได้เสมอนะ โดยเฉพาะถ้ามีอะไรไม่ปกติ
10-0079	talk	Well, something's definitely not right...	ก็... มีอะไรไม่ปกติจริง ๆ นั่นแหละค่ะ...
10-0080	talk	Okay, then, maybe I can help you somehow. Or at least you'll feel better by letting it all out.	โอเค งั้นบางทีผมอาจช่วยอะไรได้บ้าง หรืออย่างน้อยพอได้ระบายออกมาก็ คงสบายใจขึ้น
10-0081	talk	Then will you promise not to tell my brother?	งั้นสัญญานะคะว่าจะไม่บอกพี่ชายฉัน?
10-0082	talk	Of course. Maintaining confidentiality between me and my clients is one of my basic tenets.	แน่นอนอยู่แล้ว การรักษาความลับระหว่างผม กับลูกความเป็นหลักการพื้นฐาน ของผมเลย
10-0083	talk	Otherwise I wouldn't be much of a detective, now would I?	ไม่งั้นผมก็คงเป็นนักสืบที่ ไม่ได้เรื่องสินะ
10-0084	talk	Hehe, true. I'm glad I can trust you, Yagami-san.	ฮิฮิ จริงด้วย ดีใจที่ไว้ใจยากามิซังได้นะคะ
10-0085	talk	Your brother did seem pretty worried, though... Are you sure you don't want to tell him?	แต่พี่ชายคุณดูเป็นห่วงมากเลยนะ... แน่ใจเหรอว่าไม่อยากบอกเขา?
10-0086	talk	I'm 100% sure! Do <font_kind=yakuza_italic>not</font_kind> get him involved in this, okay?	ฉันมั่นใจ 100%! <font_kind=yakuza_italic>ห้าม</font_kind>ให้เขามายุ่งเรื่องนี้เด็ดขาด เข้าใจไหม?
10-0087	talk	Okay. If you're that adamant about it, then I'll keep it between us.	โอเค ถ้าคุณยืนกรานขนาดนั้น ผมจะเก็บเรื่องนี้ไว้แค่เราสองคน
10-0088	talk	So what's been eating away at you?	แล้วอะไรที่กัดกินใจคุณอยู่ล่ะ?
10-0089	talk	It may not seem like a big deal to you, but...	อาจจะดูไม่ใช่เรื่องใหญ่สำหรับคุณ แต่...
10-0090	talk	...I'm worried about my future.	...ฉันกังวลเรื่องอนาคตของตัวเอง
10-0091	talk	How far into the future are we talking here?	อนาคตที่ว่านี่ไกลแค่ไหนเหรอ?
10-0092	talk	Well. I'm in my third year of college and I've been job hunting nonstop...	ก็... ฉันเรียนมหาวิทยาลัยปีสาม แล้วก็หางานมาตลอดไม่หยุดเลย...
10-0093	talk	But my parents told me to come back home and now I'm stuck on what to do.	แต่พ่อแม่บอกให้กลับบ้าน ตอนนี้เลยไม่รู้จะทำยังไงดี
10-0094	talk	So they just want you closer to home?	งั้นพวกท่านแค่อยากให้คุณอยู่ ใกล้บ้านเหรอ?
10-0095	talk	No. That alone would've been fine...	เปล่าค่ะ ถ้าแค่นั้นก็คงไม่เป็นไร...
10-0096	talk	What they want is for me to get married. You see... I'm in an arranged marriage.	สิ่งที่พวกท่านต้องการคือให้ฉัน แต่งงาน คือ... ฉันถูกคลุมถุงชนน่ะค่ะ
10-0097	talk	Wait, are you serious!?	เดี๋ยว คุณพูดจริงเหรอ!?
10-0098	talk	But that would mean... you don't have any control over who you spend your life with.	แต่นั่นก็หมายความว่า... คุณไม่มีสิทธิ์เลือกเองเลยว่าจะ ใช้ชีวิตกับใคร
10-0099	talk	Yeah. Pretty much.	ค่ะ ก็ประมาณนั้นแหละ
10-0100	talk	And your parents are really going through with this?	แล้วพ่อแม่คุณจะทำแบบนี้จริง ๆ เหรอ?
10-0101	talk	Not if I had any say in it.	ถ้าฉันมีสิทธิ์ออกความเห็นก็คงไม่ค่ะ
10-0102	talk	An arranged marriage, though... in this day and age. Don't they respect how you feel?	คลุมถุงชนนี่นะ... ในยุคสมัยนี้ พวกท่านไม่เคารพความรู้สึกคุณเลยเหรอ?
10-0103	talk	The way I see it, my parents treat me like some kind of bargaining chip. Like they're some kind of modern royalty and I'm their little princess.	เท่าที่ฉันมองนะ พ่อแม่ปฏิบัติกับฉันเหมือนเป็น หมากต่อรอง เหมือนพวกท่านเป็นราชวงศ์ ยุคใหม่แล้วฉันเป็นเจ้าหญิง ตัวน้อยของท่าน
10-0104	talk	So basically they can marry me off to whoever they want as long as it benefits the family... that's all this really is.	พูดง่าย ๆ คือพวกท่านจะยกฉันให้แต่งกับใครก็ได้ ขอแค่มีประโยชน์ต่อครอบครัว... มันก็แค่นั้นแหละค่ะ
10-0105	talk	I see... No wonder you seem so stressed out.	เข้าใจแล้ว... ไม่แปลกใจเลยที่คุณดูเครียดขนาดนี้
10-0106	talk	I take it you're from a pretty well-off family, then?	งั้นครอบครัวคุณคงฐานะดีพอสมควร เลยสินะ?
10-0107	talk	You could say that. My father is a CEO.	ก็พอจะพูดได้ค่ะ พ่อฉันเป็นซีอีโอ
10-0108	talk	Ah... so that's how it is.	อ้อ... เป็นแบบนั้นเองสินะ
10-0109	talk	So, you're definitely against this arranged marriage thing, right?	งั้นคุณไม่เอาด้วยกับเรื่อง คลุมถุงชนนี้แน่ ๆ ใช่ไหม?
10-0110	talk	Heck yes I'm against it! That's why I came out to Tokyo in the first place!	ใช่เลยค่ะ ฉันไม่เอาด้วยแน่นอน! นั่นแหละคือเหตุผลที่ตั้งแต่แรก ฉันถึงออกมาโตเกียว!
10-0111	talk	I'm sick of doing only what my parents tell me to do. It's like they want to decide everything for me!	ฉันเบื่อที่ต้องทำตามที่พ่อแม่ สั่งอย่างเดียวแล้วค่ะ เหมือนพวกท่านอยากตัดสินใจ ทุกอย่างแทนฉันเลย!
10-0112	talk	Did you tell them you were looking for a job?	บอกพวกท่านหรือยังว่าคุณกำลังหา งานอยู่?
10-0113	talk	No... I haven't. They probably wouldn't listen to me anyway.	ยังค่ะ... ยังไม่ได้บอก ยังไงพวกท่านก็คงไม่ฟังฉันอยู่ดี
10-0114	talk	Are you sure? I would think that, as parents, they'd listen if their daughter had a heart-to-heart talk...	แน่ใจเหรอ? ผมว่าในฐานะพ่อแม่ ถ้าลูกสาวคุยกันแบบเปิดใจ พวกท่านน่าจะรับฟังนะ...
10-0115	talk	Fat chance. They've been holding this marriage over my head ever since I was little.	ยากมากค่ะ พวกท่านเอาเรื่องแต่งงานนี้มา กดดันฉันตั้งแต่เด็กแล้ว
10-0116	talk	And if they found out I was job hunting, they'd cut me off financially. Then how would I live?	แล้วถ้าพวกท่านรู้ว่าฉันกำลังหา งานอยู่ พวกท่านคงตัดเงินฉันแน่ ๆ แล้วฉันจะอยู่ยังไง
10-0117	talk	I see. Is this why you couldn't tell Yosuke?	เข้าใจแล้ว นี่คือเหตุผลที่คุณบอกโยสึเกะ ไม่ได้ใช่ไหม?
10-0118	talk	Yeah. I don't think he'd tell my parents on purpose, but he can be careless sometimes. So I didn't want it to slip...	ค่ะ ฉันไม่คิดว่าเขาจะตั้งใจไปบอก พ่อแม่หรอก แต่บางทีเขาก็ประมาทได้ เลยไม่อยากให้มันหลุดออกไป...
10-0119	talk	Right. But this is very problematic. You want to work toward a career, but your parents want you to get married...	เข้าใจ แต่นี่มันเป็นปัญหาใหญ่เลยนะ คุณอยากมีอาชีพการงาน แต่พ่อแม่อยากให้คุณแต่งงาน...
10-0120	talk	...What do you think I should do?	...คุณว่าฉันควรทำยังไงดี?
10-0121	talk	Why not see if you can get a job offer first? You can at least get through some interviews before having that talk.	ลองหางานให้ได้ก่อนดีไหม? อย่างน้อยก็ผ่านสัมภาษณ์ไป สักหน่อยก่อนค่อยไปคุยกับพวก ท่าน
10-0122	talk	...I guess that is an option. Although I'm sure they'll just get pissed in the end anyway.	...ก็คงเป็นทางเลือกหนึ่งแหละค่ะ ถึงจะมั่นใจว่าสุดท้ายพวกท่านก็ คงโมโหอยู่ดี
10-0123	talk	How's your job hunting coming along?	การหางานเป็นยังไงบ้าง?
10-0124	talk	Well... I've been applying to all these companies, but no one wants to hire me.	ก็... ฉันสมัครไปหลายบริษัทแล้ว แต่ไม่มีที่ไหนอยากรับฉันเลย
10-0125	talk	That must suck...	แย่จังเลยนะ...
10-0126	talk	I'm fine until the interview starts. Then... I dunno, it's like I freeze up.	ฉันโอเคดีจนกว่าจะเริ่มสัมภาษณ์ แล้ว... ไม่รู้สิ เหมือนตัวแข็งไปเลย
10-0127	talk	*sigh* ...Wish I could just get this over with.	*ถอนหายใจ* ...อยากให้เรื่องนี้จบไปสักที
10-0128	talk	And you still haven't talked to your parents?	แล้วคุณยังไม่ได้คุยกับพ่อแม่อีกเหรอ?
10-0129	talk	No, because I know it'll be a waste of time. I tried dancing around the issue before...	ยังค่ะ เพราะรู้อยู่แล้วว่าเสียเวลาเปล่า เคยลองพูดอ้อม ๆ ดูแล้ว...
10-0130	talk	Let's just say they weren't too thrilled.	พูดง่าย ๆ คือพวกท่านไม่ค่อยพอใจเท่าไหร่
10-0131	talk	Hmm... So that's what you're dealing with...	อืม... นี่แหละสิ่งที่คุณต้องเผชิญอยู่...
10-0132	talk	Would you mind sharing a bit more about your personal life? Up until now, I've only really seen you as a client.	ผมขอถามเรื่องส่วนตัวคุณเพิ่ม อีกหน่อยได้ไหม? ที่ผ่านมาผมมองคุณเป็นแค่ ลูกความมาตลอด
10-0133	talk	Oh, but I do know what kind of panties you wear.	อ้อ แต่ผมก็รู้อยู่นะว่าคุณใส่ กางเกงในแบบไหน
10-0134	talk	Ugh. You still remember that?	หืม ยังจำเรื่องนั้นได้อีกเหรอ?
10-0135	talk	Well... not very clearly, no.	ก็... ไม่ค่อยชัดเจนเท่าไหร่หรอกนะ
10-0136	talk	Thank god! I thought I was gonna die of embarrassment...	โล่งอกไปที! นึกว่าจะอายจนแทบตายซะแล้ว...
10-0137	talk	I would hope not.	ก็หวังว่างั้นนะ
10-0138	talk	Oh, I remember quite well. Let's see, they were all black or red, with intricate little laces...	อ้อ ที่จริงผมจำได้ดีเลยล่ะ เอ้อ ทั้งหมดเป็นสีดำหรือแดง มีลูกไม้ปะติดปะต่ออย่างประณีต...
10-0139	talk	Ahhh! Ahhhhh!	อ้าาาา! อาาาาาา!
10-0140	talk	You need to forget that right now! And I mean wipe it completely from your memory, or else!	ลืมมันซะเดี๋ยวนี้เลยนะ! ลบออกจากความทรงจำให้หมดเกลี้ยงเลย ไม่งั้นรู้กัน!
10-0141	talk	How could I forget something like that? Detectives are all about the details.	ผมจะลืมเรื่องแบบนั้นได้ยังไง? นักสืบต้องใส่ใจรายละเอียดทุกอย่างนะ
10-0142	talk	Is there a fire extinguisher nearby? Maybe if I hit your head with something hard enough...!	แถวนี้มีถังดับเพลิงไหมนะ? ถ้าฟาดหัวคุณแรง ๆ สักทีอาจจะช่วยได้...!
10-0143	talk	Whoa, hang on! That's a crime you're talking about! Plus, I don't think that's how you wipe a person's memory.	เดี๋ยวก่อน! นั่นมันอาชญากรรมนะที่คุณพูดถึงอยู่! แล้วผมก็ไม่คิดว่ามันจะลบ ความทรงจำคนได้แบบนั้นด้วย
10-0144	talk	Why... Why do bad things always happen to me?	ทำไม... ทำไมเรื่องแย่ ๆ ต้องเกิดกับฉันตลอดเลยนะ?
10-0145	talk	I want you to know me for more than just my underwear...	ฉันอยากให้คุณรู้จักฉันมากกว่า แค่เรื่องชุดชั้นในนะ...
10-0146	talk	Believe me, I do too.	เชื่อผมสิ ผมก็อยากแบบนั้นเหมือนกัน
10-0147	talk	(What can I ask that would help me get to know her a little better...)	(ถามอะไรดีนะที่จะช่วยให้รู้จัก เธอมากขึ้นอีกหน่อย...)
10-0148	talk	Do you have any hobbies?	มีงานอดิเรกไหม
10-0149	talk	Hmm. Let me think. Umm...	อืม ขอคิดดูก่อนนะ เอ่อ...
10-0150	talk	I do enjoy drawing.	ฉันชอบวาดรูปค่ะ
10-0151	talk	Oh. Drawing, huh...	อ้อ วาดรูปเหรอ...
10-0152	talk	Yeah. I've always loved drawing, even as a kid. I still pick up a pen and paper from time to time.	ค่ะ ชอบวาดรูปมาตลอดตั้งแต่เด็กแล้ว จนตอนนี้ก็ยังหยิบปากกากับ กระดาษมาวาดเป็นบางครั้ง
10-0153	talk	Can you show me something you've drawn?	ให้ผมดูรูปที่วาดได้ไหม?
10-0154	talk	No. Freaking. Way. My drawings are nowhere near good enough to be seen by another person.	ไม่ ไม่ ไม่มีทางเด็ดขาด รูปที่ฉันวาดยังไม่ดีพอให้ คนอื่นเห็นหรอกค่ะ
10-0155	talk	Ah, that's too bad...	อ้อ น่าเสียดายจัง...
10-0156	talk	I know your preference for panties, but what about your other undergarments?	ผมรู้แล้วว่าคุณชอบกางเกงในแบบไหน แล้วชุดชั้นในส่วนอื่นล่ะ?
10-0157	talk	Lemme guess, red or black lace—	ทายดูนะ สีแดงหรือสีดำแบบลูกไม้ล่ะ—
10-0158	talk	I'll bash your brains out with a fire extinguisher if you bring up my underwear again! Would you like that!?	ถ้าพูดเรื่องชุดชั้นในฉัน อีกครั้งเดียว ฉันจะฟาดหัวคุณด้วยถังดับเพลิง ให้สมองกระจายเลย! อยากลองไหมล่ะ!?
10-0159	talk	...Sorry. That was callous of me.	...ขอโทษที ผมพูดแบบนั้นมันไม่เข้าท่าเลย
10-0160	talk	Come on! Don't guys ever think about something normal?	ให้ตายสิ! ผู้ชายคิดอะไรปกติ ๆ กันบ้างไม่ได้เหรอ?
10-0161	talk	What kind of men do you like?	ชอบผู้ชายแบบไหน?
10-0162	talk	You want to know my taste in <font_kind=yakuza_italic>men</font_kind>?	อยากรู้นักเหรอว่าฉันชอบ<font_kind=yakuza_italic>ผู้ชาย</font_kind>แบบไหน?
10-0163	talk	...Really?	...จริงเหรอ?
10-0164	talk	Hmm... I haven't really given that much thought.	อืม... ฉันก็ไม่ได้คิดอะไรมากมายหรอกนะ
10-0165	talk	But... I guess I'd want a man I can rely on.	แต่... ฉันว่าฉันอยากได้ผู้ชายที่ พึ่งพาได้มากกว่า
10-0166	talk	Someone I can feel safe with.	คนที่อยู่ด้วยแล้วรู้สึกปลอดภัยน่ะ
10-0167	talk	Reliable and safe. Got it.	พึ่งพาได้ แล้วก็ปลอดภัย เข้าใจแล้ว
10-0168	talk	Good thing the Twisted Trio were all arrested. Especially that Giant Impact guy... what a monster.	โชคดีที่สามโรคจิตโดนจับหมดแล้ว โดยเฉพาะไอ้ไจแอนต์อิมแพ็กต์นั่น... วิปริตชะมัด
10-0169	talk	Mhm. Thanks to you, I can finally walk around town without looking over my shoulder every ten seconds.	อือ ต้องขอบคุณคุณเลยนะที่ตอนนี้ฉัน เดินไปไหนมาไหนในเมือง ได้โดยไม่ต้องคอยเหลียวหลังทุก สิบวินาทีแล้ว
10-0170	talk	Even so, you really are some kind of perv magnet.	ถึงอย่างนั้น คุณก็เป็นแม่เหล็กดึงดูดพวกโรคจิตจริง ๆ นะ
10-0171	talk	...That's what my brother keeps saying.	...พี่ชายฉันก็พูดแบบนั้นเหมือนกันแหละ
10-0172	talk	And if that really is true... I'm worried something like this might happen again in the future.	แล้วถ้ามันเป็นแบบนั้นจริง ๆ... ฉันก็เป็นห่วงว่าอะไรแบบนี้อาจ เกิดขึ้นอีกในอนาคต
10-0173	talk	Don't worry. If I see anyone who so much as gives you a dirty look, I'll send their perverted ass to jail.	ไม่ต้องห่วงหรอก ถ้าผมเห็นใครแม้แต่ทำสายตาแปลก ๆ ใส่คุณ ผมจะจับไอ้พวกโรคจิตพวกนั้นเข้า คุกให้หมด
10-0174	talk	You will? Wow... I'm glad I met such a dependable guy!	จริงเหรอ? ว้าว... ดีใจจังที่ได้เจอผู้ชายที่ พึ่งพาได้ขนาดนี้!
10-0175	talk	As long as you're on my side, then I guess I have nothing to fear, huh?	ตราบใดที่คุณอยู่ข้างฉัน ฉันก็คงไม่มีอะไรต้องกลัวแล้วสินะ?
10-0176	talk	I think your brother was right. There's just something about you that weirdos might find attractive.	ผมว่าพี่ชายคุณพูดถูกนะ คุณมีอะไรบางอย่างที่พวกจิต วิปริตอาจจะรู้สึกดึงดูด
10-0177	talk	What makes you say that...?	ทำไมถึงพูดแบบนั้นล่ะ...?
10-0178	talk	Hmm... Maybe because you're so kind and innocent? I dunno, it's hard to put into words.	อืม... อาจเพราะคุณใจดีแล้วก็ดู ไร้เดียงสามั้ง? ไม่รู้สิ มันอธิบายเป็นคำพูดยากอยู่
10-0179	talk	Seriously...? I totally don't get it...	จริงจังนะ...? ฉันไม่เก็ตเลยอะ...
10-0180	talk	We should take a picture while we're at it.	ถ่ายรูปกันหน่อยดีกว่า ในเมื่อมาถึงตรงนี้แล้ว
10-0181	talk	Okay! For memory's sake!	โอเค! เก็บไว้เป็นความทรงจำ!
10-0182	talk	Does this look okay?	แบบนี้โอเคไหม?
10-0183	talk	...Though, I am a little embarrassed.	...แต่ก็อายนิดหน่อยนะ
10-0184	talk	I'll send this to you later.	เดี๋ยวผมส่งให้คุณทีหลังนะ
10-0185	talk	Hmm. Not impressed. Maybe we should do this one over?	อืม ยังไม่ค่อยประทับใจเท่าไหร่ ถ่ายใหม่อีกรอบดีไหม?
10-0186	talk	Yagami-san. I just wanted to say thank you for listening to me.	ยากามิซัง ฉันแค่อยากบอกขอบคุณที่รับฟัง ฉันน่ะค่ะ
10-0187	talk	Sure. Let me know if you ever need anything.	ได้เลย มีอะไรก็บอกผมได้เสมอนะ
10-0188	talk	...Anything?	...อะไรก็ได้เหรอ?
10-0189	talk	Yeah. Anything at all.	ใช่ อะไรก็ได้จริง ๆ
10-0190	talk	So... this might be too much to ask, but...	งั้น... เรื่องนี้อาจจะขอมากไปหน่อยนะ แต่...
10-0191	talk	Okay. I know this is totally out of the blue, but I actually do need your help.	โอเค ฉันรู้ว่ามันอาจจะดูจู่ ๆ ไปหน่อย แต่ฉันอยากให้คุณช่วยจริง ๆ
10-0192	talk	I'd like you to do some practice interviews with me.	ฉันอยากให้คุณช่วยซ้อมสัมภาษณ์ งานกับฉันหน่อย
10-0193	talk	Huh? You want to practice taking interviews... with me?	หา? คุณอยากซ้อมสัมภาษณ์งาน... กับผมเนี่ยนะ?
10-0194	talk	Yeah. I haven't passed a single interview and I can't put my finger on why.	ใช่ ฉันสัมภาษณ์ไม่ผ่านสักที่เลย แล้วก็นึกไม่ออกว่าเพราะอะไร
10-0195	talk	But I feel like you could help me figure out what's wrong.	แต่ฉันรู้สึกว่าคุณน่าจะช่วย หาว่าฉันพลาดตรงไหนได้
10-0196	talk	You might be overestimating me. I've never really had to hunt for jobs before.	คุณอาจจะคาดหวังจากผมมากไปหน่อยนะ ผมไม่เคยต้องหางานจริงจังมาก่อนเลย
10-0197	talk	Even so, I'm sure you can give me <font_kind=yakuza_italic>some</font_kind> kind of advice!	ถึงอย่างนั้น ฉันก็มั่นใจว่าคุณให้คำแนะนำฉันได้ <font_kind=yakuza_italic>บ้าง</font_kind>แหละน่า!
10-0198	talk	Will you do it? For me?	ช่วยได้ไหม? เพื่อฉันนะ?
10-0199	talk	All right. I can't promise I'll be of much help, though.	ก็ได้ แต่ผมไม่รับปากนะว่าจะช่วยได้ มากแค่ไหน
10-0200	talk	By the next time you see me, I'll be ready for that interview.	ครั้งหน้าที่เจอกัน ฉันจะพร้อมสำหรับการสัมภาษณ์ นั้นแล้วนะ
10-0201	talk	Great. Just let me know and we can get started.	เยี่ยม บอกผมมาได้เลย แล้วเราจะเริ่มกัน
10-0202	talk	Sorry. I'm just not sure I'm the right person to ask...	ขอโทษนะ ผมแค่ไม่แน่ใจว่าตัวเองเหมาะจะ เป็นคนตอบเรื่องนี้...
10-0203	talk	That's not true at all!	ไม่จริงเลยสักนิด!
10-0204	talk	In fact, you've helped me out a number of times now... I'm always impressed by how well you think things through.	อันที่จริงคุณช่วยฉันมา หลายครั้งแล้วนะ... ฉันทึ่งเสมอเลยที่คุณคิดเรื่องต่าง ๆ ได้รอบคอบขนาดนั้น
10-0205	talk	All I want is to be a little more... like you. Is that too much to ask?	ฉันแค่อยากเป็นคนแบบคุณให้ได้สักนิด... มันขอมากไปไหมนะ?
10-0206	talk	(Not sure what she sees in me, but I guess I'll take the compliment.)	(ไม่รู้เหมือนกันว่าเธอมองเห็น อะไรในตัวผม แต่เอาเป็นว่าขอรับคำชมไว้ก็แล้วกัน)
10-0207	talk	Talking to you has really eased my mind about this whole job situation.	การได้คุยกับคุณทำให้ฉันสบายใจ ขึ้นมากเรื่องหางานนี่แหละ
10-0208	talk	Glad I could help.	ดีใจที่ช่วยได้นะ
10-0209	talk	I admit, I'm a little burned out from all the talking, though.	แต่ต้องยอมรับว่าคุยกันเยอะขนาด นี้ก็เหนื่อยเหมือนกันนะ
10-0210	talk	Maybe it's just nerves.	หรือฉันอาจจะแค่ตื่นเต้นก็ได้
10-0211	talk	(Hmm. Did I make Tsukino-chan feel uneasy somehow?)	(อืม ผมทำให้สึกิโนะจังรู้สึกไม่ สบายใจไปหรือเปล่านะ?)
10-0212	talk	I notice you haven't fastened all your buttons.	ผมสังเกตว่าคุณติดกระดุมไม่ครบ ทุกเม็ดนี่
10-0213	talk	But isn't the proper way to leave the last button undone?	แต่วิธีที่ถูกต้องคือปล่อย กระดุมเม็ดสุดท้ายไว้ไม่ใช่เหรอ?
10-0214	talk	That's right. I'm impressed you knew.	ใช่แล้ว ทึ่งเลยที่คุณรู้
10-0215	talk	Hehe, even I know that!	เฮะ ๆ แค่นี้ฉันก็รู้นะ!
10-0216	talk	Actually, that's wrong. You're thinking of how guys do it.	อันที่จริงมันผิดนะ คุณคงคิดถึงวิธีของผู้ชายอยู่
10-0217	talk	The right way...	วิธีที่ถูกต้อง...
10-0218	talk	Is to leave them all unfastened.	คือปล่อยไม่ติดกระดุมเลยสักเม็ด
10-0219	talk	...All of them? Wouldn't that make me look like a slacker?	...ทุกเม็ดเลยเหรอ? แบบนั้นไม่ทำให้ดูเหมือนคน ขี้เกียจไปหน่อยเหรอ?
10-0220	talk	Maybe. But it might make you seem more approachable. Give you that relaxed sort of vibe.	อาจจะ แต่มันอาจทำให้คุณดูเข้าถึงง่ายขึ้น ให้ความรู้สึกผ่อนคลายกว่าเดิม
10-0221	talk	So it all depends on who's interviewing me?	งั้นมันก็ขึ้นอยู่กับว่าใครเป็น คนสัมภาษณ์ฉันสินะ?
10-0222	talk	...Isn't that kind of a bad strategy?	...นั่นมันไม่ใช่กลยุทธ์ที่แย่หน่อยเหรอ?
10-0223	talk	Well, maybe. In that case...	ก็อาจจะนะ ถ้างั้น...
10-0224	talk	The proper way for a lady to wear her jacket is to fasten all the buttons.	วิธีที่ถูกต้องสำหรับผู้หญิงใน การใส่เสื้อสูทคือ ติดกระดุมให้ครบทุกเม็ด
10-0225	talk	Really? I had no idea!	จริงเหรอ? ไม่รู้เลย!
10-0226	talk	I'm surprised you knew.	แปลกใจนะที่คุณรู้เรื่องนี้
10-0227	talk	Yeah, I used to wear a suit for my old job.	ใช่ ผมเคยใส่สูททำงานเก่าน่ะ
10-0228	talk	I remember one time, I pointed out my colleague's button and... yeah. It got kinda awkward.	จำได้ว่ามีครั้งหนึ่งผมเคยทัก เรื่องกระดุมของเพื่อนร่วมงาน แล้ว... ก็นั่นแหละ มันเลยกลายเป็นเรื่องน่าอึดอัดไปหน่อย
10-0229	talk	That bag is too flashy for someone wearing a suit. Something black or dark blue would fit better.	กระเป๋าใบนั้นดูฉูดฉาดเกินไป สำหรับคนใส่สูทนะ สีดำหรือน้ำเงินเข้มน่าจะเข้ากันกว่า
10-0230	talk	That's true... I never thought about that.	จริงด้วย... ไม่เคยคิดถึงเรื่องนั้นเลย
10-0231	talk	Ahhh... Today was so much fun.	อ๊าาา... วันนี้สนุกมากเลย
10-0232	talk	I needed this little break. All I ever think about is job hunting these days.	ฉันต้องการพักผ่อนแบบนี้พอดีเลย ช่วงนี้คิดแต่เรื่องหางานตลอดเลย
10-0233	talk	It's important to take it easy every now and then.	การได้ผ่อนคลายบ้าง เป็นครั้งคราวก็สำคัญนะ
10-0234	talk	Maybe we should sit down somewhere and talk?	หาที่นั่งคุยกันสักหน่อยดีไหม?
10-0235	talk	We could practice for your interview like you mentioned.	เราลองซ้อมสัมภาษณ์งานตามที่คุณ พูดไว้ก็ได้นะ
10-0236	talk	O-Okay!	โ-โอเคค่ะ!
10-0237	talk	I guess I'll start by talking about why I applied. The interview is for a publishing company.	งั้นฉันขอเริ่มด้วยเหตุผลที่ สมัครก่อนนะ การสัมภาษณ์นี้เป็นของสำนักพิมพ์
10-0238	talk	I see. Then I'll pretend to be the hiring manager and ask you a couple questions.	เข้าใจแล้ว งั้นผมจะสวมบทเป็น ผู้จัดการฝ่ายบุคคลแล้วถามคำถาม คุณ สักสองสามข้อนะ
10-0239	talk	...Ooh. I'm getting nervous already...	...โอ้โห เริ่มตื่นเต้นแล้วสิ...
10-0240	talk	Well then. Please go ahead.	งั้นเชิญพูดได้เลยครับ
10-0241	talk	Uhh... the reason I applied here is...	เอ่อ... เหตุผลที่ฉันสมัครที่นี่คือ...
10-0242	talk	...Go on.	...ว่ามาสิ
10-0243	talk	I, uh, forgot what I was gonna say.	ฉัน เอ่อ ลืมไปแล้วว่าจะพูดอะไร
10-0244	talk	My mind... it went completely blank...	หัวฉัน... มันโล่งไปหมดเลย...
10-0245	talk	Okay, well. Just try and relax, for starters.	โอเค งั้นลองผ่อนคลายก่อนเป็นอันดับแรกนะ
10-0246	talk	Mm. All right. I think I'm good now.	อืม โอเค คิดว่าตอนนี้ไหวแล้ว
10-0247	talk	What in particular makes you interested in our company?	อะไรที่ทำให้คุณสนใจบริษัทเรา เป็นพิเศษครับ?
10-0248	talk	...Oh, right! The reason I'm applying! Umm...	...อ้อ ใช่! เหตุผลที่สมัคร! เอ่อ...
10-0249	talk	Well, I've always liked to read.	คือฉันชอบอ่านหนังสือมาตลอดค่ะ
10-0250	talk	I was the type of girl who would stay inside reading rather than going out to play.	ฉันเป็นเด็กผู้หญิงประเภทที่ชอบ อยู่บ้านอ่านหนังสือ มากกว่าออกไปเล่นข้างนอก
10-0251	talk	Ah. So you were more of an indoors type of person.	อ้อ งั้นคุณก็เป็นคนประเภทชอบอยู่บ้านสินะ
10-0252	talk	Yes. I actually didn't have many friends, other than my brother...	ใช่ค่ะ อันที่จริงฉันไม่ค่อยมีเพื่อนเท่าไหร่ นอกจากพี่ชาย...
10-0253	talk	So I would often fantasize about living in the world of my books...	ฉันเลยมักจะจินตนาการว่าได้ ใช้ชีวิตอยู่ในโลกของหนังสือที่ อ่าน...
10-0254	talk	That's why I've always wanted to publish books that inspire the imagination.	นั่นเลยเป็นเหตุผลที่ฉันอยาก ทำหนังสือที่จุดประกาย จินตนาการให้คนอื่นมาตลอด
10-0255	talk	(Hmm. What would make Tsukino-chan's statement stand out more?)	(อืม อะไรจะช่วยให้คำตอบของสึกิโนะ จังโดดเด่นขึ้นได้นะ?)
10-0256	talk	Have you been applying to other companies as well?	คุณสมัครบริษัทอื่นด้วยไหมครับ?
10-0257	talk	Y-Yes! I feel like I should have my options open, so...	ค-ค่ะ! ฉันรู้สึกว่าควรเปิดโอกาสไว้หลาย ๆ ทางเลย...
10-0258	talk	Does that mean we're not the company you want to work for the most?	งั้นหมายความว่าเราไม่ใช่บริษัท ที่คุณอยากทำงานด้วยมาก ที่สุดใช่ไหมครับ?
10-0259	talk	Oh, well... that's...	เอ่อ คือ... นั่นมัน...
10-0260	talk	Hey, you really think they'll take it that way?	เดี๋ยวนะ พวกเขาจะคิดแบบนั้นจริง ๆ เหรอ?
10-0261	talk	I think so. I might hesitate about hiring you if I knew you were applying for other companies.	ผมว่าใช่นะ ถ้าผมรู้ว่าคุณสมัครที่อื่นด้วย ผมก็อาจจะลังเลที่จะรับคุณเหมือนกัน
10-0262	talk	Also, you should have a strong reason why this company would be your first pick.	แล้วก็คุณควรมีเหตุผลที่ หนักแน่นด้วยว่าทำไมบริษัทนี้ ถึงเป็นตัวเลือกอันดับแรกของคุณ
10-0263	talk	Ooh, that's good.	โอ้ ดีเลยนะ
10-0264	talk	Were you quiet as a child?	ตอนเด็กๆเป็นคนเงียบๆหรือเปล่า?
10-0265	talk	I... would say so.	ฉัน... ก็ว่างั้นนะ
10-0266	talk	Unlike my brother, I was pretty timid. I wasn't really good at meeting people or opening up to others.	ต่างจากพี่ชาย ฉันค่อนข้างขี้อาย ไม่ค่อยเก่งเรื่องเจอคนใหม่ ๆ หรือเปิดใจกับคนอื่นเท่าไหร่
10-0267	talk	But I'm much better now!	แต่ตอนนี้ดีขึ้นเยอะแล้วนะ!
10-0268	talk	I didn't really like how I was, so when I got to college, I made a conscious effort to talk to more people.	ฉันไม่ค่อยชอบตัวเองแบบนั้นเท่าไหร่ พอเข้ามหาลัยเลยตั้งใจพยายาม พูดคุยกับคนอื่นให้มากขึ้น
10-0269	talk	And was that effort successful?	แล้วความพยายามนั้นได้ผลไหมครับ?
10-0270	talk	I think so...	คิดว่าใช่นะ...
10-0271	talk	I made three... No, five! I made five new friends.	ฉันได้เพื่อนใหม่สามคน... ไม่ใช่ ห้าคนสิ! ฉันได้เพื่อนใหม่ห้าคนเลย
10-0272	talk	...I see. I suppose that does count for something.	...เข้าใจแล้ว ผมว่านั่นก็นับว่าเป็น ความสำเร็จอย่างหนึ่งนะ
10-0273	talk	So, how would you describe yourself in a couple sentences?	แล้วคุณจะอธิบายตัวเองสักสองสาม ประโยคว่ายังไงครับ?
10-0274	talk	Uh... Let's see...	เอ่อ... ขอคิดดูก่อนนะ...
10-0275	talk	Well, I think I'm pretty diligent... and spunky! Is that the right word...? Hmm. Oh, and I'm also a pretty balanced worker.	คือฉันคิดว่าตัวเองค่อนข้างขยัน... แล้วก็กระตือรือร้น! ใช้คำนี้ถูกไหมนะ...? อืม แล้วก็เป็นคนทำงานที่ค่อนข้าง สมดุลด้วยค่ะ
10-0276	talk	On top of that, people are always telling me I'm kind. It's true—I almost never get mad!	นอกจากนั้นคนก็มักจะบอกว่าฉัน ใจดีอยู่เสมอ จริงนะ—ฉันแทบไม่เคยโกรธเลย!
10-0277	talk	Um... I look forward to working with you?	เอ่อ... ฝากเนื้อฝากตัวด้วยนะคะ?
10-0278	talk	Well, I can tell you'd make a very teachable employee... just not a particularly well-spoken one.	ก็บอกได้เลยว่าคุณคงเป็นพนักงาน ที่สอนง่ายมาก... แต่พูดจาเก่งนี่ยังไม่ค่อยเท่าไหร่
10-0279	talk	Now, can you tell me what kind of contribution you can make to our company?	ทีนี้ ช่วยบอกหน่อยได้ไหมครับว่าคุณ จะสร้างประโยชน์อะไรให้ บริษัทเราได้บ้าง?
10-0280	talk	But I'm just a student! What kind of significant contribution could I even make...?	แต่ฉันก็แค่นักศึกษานะ! จะไปสร้างประโยชน์อะไรใหญ่โตได้ล่ะ...?
10-0281	talk	Well... I guess I could copy papers and make tea without giving you any attitude.	ก็... ฉันคงถ่ายเอกสารกับชงชาได้โดย ไม่แสดงอารมณ์ใส่มั้ง
10-0282	talk	I highly doubt a company would hire someone who doesn't think they can make any real contributions.	ผมว่าไม่มีบริษัทไหนอยากจ้างคน ที่คิดว่าตัวเองสร้าง ประโยชน์อะไรจริงจังไม่ได้หรอกนะ
10-0283	talk	But... I'm just a student...	แต่... ฉันก็แค่นักศึกษา...
10-0284	talk	I'm sure there's at least something you can do. Like taking responsibility for the smaller tasks, for example.	ผมมั่นใจว่าอย่างน้อยต้องมีอะไร ที่คุณทำได้ อย่างเช่นรับผิดชอบงานเล็ก ๆ น้อย ๆ เป็นต้น
10-0285	talk	I see. I'd better think about every possible angle to take in order to strike a good impression, huh?	เข้าใจแล้ว ฉันควรคิดให้รอบด้านกว่านี้ เพื่อสร้างความประทับใจที่ดีสิ นะ?
10-0286	talk	Hmm. I suggest you learn about the company culture the moment you get hired. That way you can find where you fit in.	อืม ผมแนะนำให้คุณศึกษาวัฒนธรรม องค์กรทันทีที่ได้งาน จะได้รู้ว่าตัวเองเหมาะกับตรงไหน
10-0287	talk	That's smart.	ฉลาดดีนะ
10-0288	talk	I remember you said you like drawing. Do you also do other kinds of art, like watercolor or oil painting, maybe?	ผมจำได้ว่าคุณบอกว่าชอบวาดรูป แล้วคุณทำงานศิลปะแบบอื่นด้วยไหม อย่างสีน้ำหรือสีน้ำมันอะไรแบบนั้น?
10-0289	talk	Oh, no, I don't do anything complicated like that...	อ๋อ ไม่หรอก ฉันไม่ได้ทำอะไรซับซ้อนขนาดนั้น...
10-0290	talk	I'm mostly about character illustrations. I'm sort of a geek that way...	ฉันวาดแต่ภาพประกอบตัวละครเป็นหลัก ก็เป็นเนิร์ดด้านนี้อยู่เหมือนกัน...
10-0291	talk	Oh, so you're a manga artist, then?	อ้อ งั้นคุณก็เป็นนักวาดมังงะสินะ?
10-0292	talk	Yeah... except for the fact that I can't come up with any kind of story.	ใช่... ยกเว้นแต่ว่าฉันคิดเรื่องราวไม่ ออกเลยสักนิด
10-0293	talk	I can draw cute characters or creatures, but that's about it.	ฉันวาดตัวละครหรือสัตว์ประหลาดน่ารัก ๆ ได้ แต่ก็แค่นั้นแหละ
10-0294	talk	That's still really cool, though. I'd love to check those out.	ถึงอย่างนั้นก็เจ๋งมากนะ อยากลองดูบ้างจัง
10-0295	talk	You would?	อยากดูจริงเหรอ?
10-0296	talk	Well, you drew them so, yeah.	ก็คุณเป็นคนวาดนี่ ก็เลยอยากดูสิ
10-0297	talk	I'm not so sure they're ready to be shown off, though...	แต่ฉันก็ไม่แน่ใจว่ามันพร้อมจะ เอาไปโชว์หรือยังนะ...
10-0298	talk	Sorry... but maybe once I'm a little more talented... I'll let you take a look.	ขอโทษนะ... แต่บางทีถ้าฝีมือฉันดีขึ้นอีกหน่อย... จะให้คุณดูแล้วกัน
10-0299	talk	Okay. Guess I have to be patient.	โอเค งั้นผมก็ต้องอดใจรอแล้วล่ะ
10-0300	talk	Ah. Neat.	อ๋อ เจ๋งดี
10-0301	talk	...You really don't seem like you're interested.	...คุณดูไม่ค่อยสนใจเท่าไหร่เลยนะ
10-0302	talk	What? Of course I am.	หา? สนสิ แน่นอนอยู่แล้ว
10-0303	talk	I mean, it's fine. I didn't plan on showing you in the first place.	ก็คือ ไม่เป็นไรหรอก ฉันก็ไม่ได้ตั้งใจจะให้คุณดู ตั้งแต่แรกอยู่แล้ว
10-0304	talk	So, about that guy you're supposed to marry... What's he all about?	เรื่องผู้ชายที่คุณต้องแต่งงานด้วยน่ะ... เขาเป็นคนยังไงเหรอ?
10-0305	talk	Oh... him.	อ๋อ... เขาเหรอ
10-0306	talk	I haven't seen him in a long, long time...	ไม่ได้เจอเขามานานมากแล้วละ...
10-0307	talk	And I'd rather not remember him, either.	แล้วก็ไม่อยากจะนึกถึงเขาด้วยซ้ำ
10-0308	talk	(Guess that's a sore subject.)	(ดูเหมือนจะเป็นเรื่องที่แตะไม่ได้สินะ)
10-0309	talk	I wonder what your "future husband" thinks about this whole situation.	สงสัยจังว่า "ว่าที่สามี" ของคุณคิดยังไงกับเรื่องทั้งหมดนี้
10-0310	talk	Hmm... couldn't say. Haven't seen him in forever.	อืม... บอกไม่ถูกเหมือนกัน ไม่ได้เจอกันนานมากแล้ว
10-0311	talk	Last time was the first year of middle school.	ครั้งสุดท้ายคือตอนม.ต้นปีหนึ่งได้มั้ง
10-0312	talk	Okay. Well, do you know if he's going along with it? Or are his parents calling all the shots?	โอเค แล้วคุณรู้ไหมว่าเขายอมรับเรื่องนี้ หรือว่าพ่อแม่เขาเป็นคนตัดสินใจ ทุกอย่าง?
10-0313	talk	...Hmm. He seemed to be pretty comfortable with the whole thing. Unlike me.	...อืม เขาดูเหมือนจะสบายใจกับเรื่องนี้ดีนะ ไม่เหมือนฉันเลย
10-0314	talk	Maybe he's just doing it for his family's sake.	หรือเขาอาจจะทำเพื่อครอบครัว ของตัวเองก็ได้
10-0315	talk	Well, if it's you we're talking about... I'm sure he wouldn't mind getting hitched.	ถ้าเป็นคุณล่ะก็... ผมว่าเขาคงไม่ได้รังเกียจที่จะ แต่งงานด้วยหรอกนะ
10-0316	talk	Huh? Why do you say that?	หา? ทำไมถึงพูดแบบนั้นล่ะ?
10-0317	talk	Because, Tsukino-chan, you have a great personality. Not to mention you're pretty darn cute.	ก็เพราะว่า สึกิโนะจัง คุณเป็นคนนิสัยดีมากไง ไม่ต้องพูดถึงว่าน่ารักด้วยนะ
10-0318	talk	What...? Y-You really think I'm <font_kind=yakuza_italic>cute</font_kind>?	หา...? คุ-คุณคิดว่าฉัน<font_kind=yakuza_italic>น่ารัก</font_kind>จริง ๆ เหรอ?
10-0319	talk	...Hehe. You just love to dish out the compliments, don't you?	...เฮะ ๆ คุณนี่ชอบชมคงจังเลยนะ?
10-0320	talk	I can't imagine it's easy on him, either. Not being able to choose who he marries...	ผมก็นึกภาพไม่ออกเหมือนกันว่า มันจะง่ายสำหรับเขา ในเมื่อเลือกคนที่จะแต่งงานด้วย เองไม่ได้...
10-0321	talk	Yeah. Especially when he's stuck with a downer like me...	ใช่ โดยเฉพาะเวลาต้องมาติดแหง็กกับ คนหดหู่แบบฉัน...
10-0322	talk	(Gosh... She really doesn't have much self-esteem...)	(ให้ตายสิ... เธอไม่ค่อยมีความมั่นใจในตัวเอง เลยจริง ๆ...)
10-0323	talk	What was he like in middle school?	ตอนม.ต้นเขาเป็นคนยังไงเหรอ?
10-0324	talk	He wasn't such a bad kid.	เขาไม่ใช่เด็กที่แย่หรอกนะ
10-0325	talk	He was quiet. He liked small animals and plants. He also read a lot.	เขาเงียบ ๆ ชอบสัตว์ตัวเล็ก ๆ กับต้นไม้ แล้วก็อ่านหนังสือเยอะด้วย
10-0326	talk	So he was pretty mellow, huh? Sounds like you two might actually get along.	งั้นเขาก็ค่อนข้างใจเย็นสินะ? ฟังดูเหมือนคุณสองคนอาจจะ เข้ากันได้ดีเลยนะ
10-0327	talk	I'm not so sure. We might have had common interests...	ไม่แน่ใจเหมือนกัน เราอาจจะมีความสนใจร่วมกันอยู่บ้าง...
10-0328	talk	But I have no idea what he's like now.	แต่ตอนนี้ฉันไม่รู้เลยว่าเขา เป็นคนแบบไหนแล้ว
10-0329	talk	Sounds like he's pretty much the opposite of me.	ฟังดูเหมือนเขาจะตรงข้ามกับผมเลยนะ
10-0330	talk	Yeah. You don't strike me as the bookworm type at all...	ใช่ คุณดูไม่เหมือนคนประเภท หนอนหนังสือเลยสักนิด...
10-0331	talk	If he's the heir to a wealthy family, does that mean he's some kind of elite member of society?	ถ้าเขาเป็นทายาทตระกูลรวย งั้นแปลว่าเขาเป็นชนชั้นสูงใน สังคมด้วยเหรอ?
10-0332	talk	It seems so. I heard he's studying abroad in England right now.	ดูเหมือนจะใช่นะ ได้ยินว่าตอนนี้เขาไปเรียนต่อ ที่อังกฤษอยู่
10-0333	talk	Studying in England, huh... Must be nice.	เรียนอยู่ที่อังกฤษเหรอ... ดีจังนะ
10-0334	talk	Yeah, well. He's getting a good education, but an awful marriage. Being part of the elite isn't all it's cracked up to be.	ก็นะ เขาได้การศึกษาดี แต่ได้การแต่งงานที่แย่มาก การเป็นชนชั้นสูงมันก็ไม่ได้ ดีเลิศอย่างที่คิดหรอก
10-0335	talk	Nah, if anything I think he'd be happy because he gets to marry you. I'm honestly a little jealous.	ไม่หรอก ผมว่าเขาน่าจะดีใจมากกว่าที่ได้ แต่งงานกับคุณนะ พูดตรง ๆ ผมอิจฉานิดหน่อยเลย
10-0336	talk	...Why would you say something like that?	...ทำไมถึงพูดแบบนั้นล่ะ?
10-0337	talk	Yeah. I do kinda feel for the guy.	ใช่ ผมก็สงสารเขาอยู่เหมือนกันนะ
10-0338	talk	Right. Having to get married to someone like me...	ใช่สิ ต้องมาแต่งงานกับคนแบบฉัน...
10-0339	talk	You know that's not what I meant.	คุณก็รู้ว่าผมไม่ได้หมายความแบบนั้น
10-0340	talk	That elegant posterior posture... That bewitching feminine figure! Has a decade spent apart deceived my eyes?	ท่วงท่าด้านหลังอันสง่างามนั้น... รูปกายอันเย้ายวนของสตรีนางนั้น! หรือว่าสิบปีที่พรากจากกันจะ หลอกลวงสายตาข้าไปแล้วกระนั้น หรือ?
10-0341	talk	Alas, it is as I suspected!	อนิจจา มันเป็นไปตามที่ข้าสงสัยจริง ๆ!
10-0342	talk	Huh? What's up with this dude...	หา? ไอ้หมอนี่มันเรื่องอะไร...
10-0343	talk	At long last... my fair, sweet Tsukino-san! It <font_kind=yakuza_italic>is</font_kind> you!	ในที่สุด... สึกิโนะซังผู้แสนงามและอ่อนหวานของข้า! นี่<font_kind=yakuza_italic>คือ</font_kind>เจ้าจริง ๆ!
10-0344	talk	The ten torturous years I spent without you seemed longer than eternity itself.	สิบปีอันแสนทรมานที่ข้าต้องอยู่ โดยไร้เจ้า ยาวนานยิ่งกว่านิรันดร์กาลเสียอีก
10-0345	talk	Ah, how I longed to gaze upon your delicate visage once more...	อา ข้าปรารถนาจะได้เห็นใบหน้าอัน บอบบางของเจ้าอีกครั้งเพียงใด...
10-0346	talk	I... I'm sorry?	ห-หา นะคะ?
10-0347	talk	I've sailed across oceans, climbed rugged mountains... And after 120 passes of the moon, I stand before you here.	ข้าฝ่าคลื่นลมข้ามมหาสมุทร ปีนป่ายภูผาอันขรุขระ... แล้วหลังจากดวงจันทร์ผ่านไปนับได้ 120 ครั้ง ข้าก็มายืนอยู่ตรงหน้าเจ้าแล้ว ณ ที่นี้
10-0348	talk	Wait... You wouldn't happen to be—	เดี๋ยวนะ... คุณจะไม่ใช่—
10-0349	talk	Yes, it is I! Daichi Ryuzenji, your beloved fiancé!	ใช่แล้ว! ข้าเอง ไดจิ ริวเซนจิ คู่หมั้นสุดที่รักของเจ้าไง!
10-0350	talk	No... No way!	ไม่นะ... ไม่จริง!
10-0351	talk	And you... I see these years have treated you quite well.	ส่วนเจ้า... ข้าเห็นแล้วว่ากาลเวลาปฏิบัติ ต่อเจ้าดีเหลือเกิน
10-0352	talk	Compared to you... even Venus herself appears haggard.	เมื่อเทียบกับเจ้าแล้ว... แม้แต่เทพีวีนัสก็ยังดูซูบซีดไปเลย
10-0353	talk	...Who?	...ใครนะ?
10-0354	talk	...And here is where words fail me. Were I to compose a thousand sonnets, they'd not scratch thy splendor's surface!	...และนี่คือจุดที่ถ้อยคำล้มเหลวต่อข้า แม้ข้าจะรจนาโคลงกลอนสักพันบท ก็มิอาจสัมผัสถึงความงามอันเจิด จรัสของเจ้าได้แม้แต่น้อย!
10-0355	talk	Humanity only realizes the futility of speech... when confronted by absolute beauty!	มนุษยชาติจะตระหนักถึงความ ไร้ค่าของถ้อยคำ... ก็ต่อเมื่อได้เผชิญหน้ากับ ความงามอันสมบูรณ์แบบเท่านั้น!
10-0356	talk	But I digress. Have you not noticed the princely aura of sophistication seeping from within me?	แต่ข้าออกนอกเรื่องไปแล้ว เจ้ายังไม่ทันสังเกตออร่าแห่ง เจ้าชายผู้ทรงภูมิที่ แผ่ซ่านออกมาจากตัวข้าหรือไร?
10-0357	talk	For I have metamorphosed into a true English gentleman worthy of your affections and praise!	เพราะข้าได้แปรเปลี่ยนกลายเป็น สุภาพบุรุษอังกฤษแท้ ผู้สมควรค่าแก่ความรักและคำ ชื่นชมของเจ้าแล้ว!
10-0358	talk	Hey, will you stop monologuing for a second!?	เฮ้ หยุดพร่ำพูดคนเดียวได้แล้วนะ!?
10-0359	talk	Yes, my liege?	ขอรับ นายหญิงของข้า?
10-0360	talk	...What are you even doing here? I thought you were studying in England.	...คุณมาทำอะไรที่นี่เนี่ย? นึกว่าไปเรียนอยู่อังกฤษซะอีก
10-0361	talk	Ah, but of course. I have completed my academic pursuits in England and hence returned.	อา แน่นอนอยู่แล้ว ข้าสำเร็จการศึกษาที่อังกฤษ เรียบร้อยแล้ว จึงได้เดินทางกลับมา
10-0362	talk	I heard you made a journey to Tokyo, so I took it upon myself to find you. And here we are: two lovers reunited!	ข้าได้ยินว่าเจ้าเดินทางมาโตเกียว ข้าจึงลงมือตามหาเจ้าด้วยตัวเอง แล้วนี่ก็คือช่วงเวลาที่คู่รัก ทั้งสองได้กลับมาพบกันอีกครั้ง!
10-0363	talk	Tsukino-san. Is this guy really him?	สึกิโนะซัง ไอ้หมอนี่คือคนที่คุณพูดถึงจริง ๆ เหรอ?
10-0364	talk	Yes. Even though he named himself earlier and stated that he was my fiancé... I still find it hard to believe.	ใช่ค่ะ ถึงแม้เขาจะบอกชื่อตัวเองแล้วก็ อ้างว่าเป็นคู่หมั้นของ ฉันไปแล้ว... ฉันก็ยังเชื่อไม่ค่อยลงเลย
10-0365	talk	And you must be Tsukino-san's servant. Well then, your service has been much appreciated. You are hereby dismissed.	แล้วเจ้าก็คงเป็นคนรับใช้ของ สึกิโนะซังสินะ เอาล่ะ ข้าขอขอบใจในการรับใช้ของเจ้า บัดนี้เจ้าถูกปลดออกจากหน้าที่แล้ว
10-0366	talk	Oh, I'm no servant.	อ๋อ ผมไม่ใช่คนรับใช้หรอกนะ
10-0367	talk	What? Then just who do you think you are?	อะไรนะ? แล้วเจ้าคิดว่าตัวเองเป็นใครกัน?
10-0368	talk	I'm her boyfriend.	ผมเป็นแฟนเธอ
10-0369	talk	...Hmph. You can't fool me with such nonsense. Tsukino-san would never fall for a mongrel like you.	...หึ เจ้าไม่มีทางหลอกข้าได้ด้วย เรื่องไร้สาระแบบนั้นหรอก สึกิโนะซังไม่มีทางตกหลุมรักไอ้ พวกไร้สกุลอย่างเจ้าเด็ดขาด
10-0370	talk	I'm her friend.	ผมเป็นเพื่อนเธอ
10-0371	talk	...Her friend, you say? Hmm. Well, I am Tsukino-san's dearly beloved.	...เพื่อนของนางงั้นเหรอ? อืม ก็ได้ ข้าคือคนรักสุดที่รักของสึกิโนะ ซังต่างหาก
10-0372	talk	And for you to traipse about with her unchaperoned is entirely unacceptable! So refrain from this at once!	การที่เจ้าเดินเพ่นพ่านอยู่กับ นางตามลำพังโดยไม่มี ผู้ดูแลเช่นนี้ เป็นสิ่งที่ยอมรับไม่ได้โดยเด็ดขาด! จงหยุดพฤติกรรมเช่นนี้เดี๋ยวนี้!
10-0373	talk	So, I don't mean to knock you off your high horse, but she and I were trying to have a conversation here.	เอ่อ ผมไม่ได้ตั้งใจจะดึงคุณลงมาจาก หอคอยงาช้างหรอกนะ แต่เราสองคนกำลังคุยกันอยู่น่ะ
10-0374	talk	...Hmph. Then answer me this!	...หึ งั้นตอบข้ามาสิ!
10-0375	talk	How much is your salary? And what's your net worth? Half a pence and a moldy loaf of bread, I'd wager...	เงินเดือนเจ้าเท่าไหร่? แล้วทรัพย์สินสุทธิของเจ้าล่ะ? ข้าคาดว่าคงมีแค่เศษเหรียญกับ ขนมปังขึ้นราสักก้อนกระมัง...
10-0376	talk	And why should I tell you?	แล้วทำไมผมต้องบอกคุณด้วยล่ะ?
10-0377	talk	Yes, Young Master?	ครับ คุณชาย?
10-0378	talk	Yukikawa. My bank account in Switzerland. Astound this peasant with its contents, if you would be so kind.	ยูกิกาวะ บัญชีธนาคารของข้าที่สวิตเซอร์แลนด์ ช่วยทำให้ไอ้ไพร่นี่ตะลึงด้วย ยอดเงินในนั้นทีสิ
10-0379	talk	Ah, certainly. When converted into Japanese yen, you possess... roughly two hundred million, sir.	ได้ครับ หากแปลงเป็นเงินเยนแล้ว ท่านมีอยู่ราว ๆ สองร้อยล้านเยนครับ
10-0380	talk	T-Two hundred <font_kind=yakuza_italic>million</font_kind> yen?	ส-สอง<font_kind=yakuza_italic>ร้อยล้าน</font_kind>เยนเลยเหรอ?
10-0381	talk	Ahahahaha. Did you hear that?	อาฮ่าฮ่าฮ่า ได้ยินหรือเปล่า?
10-0382	talk	That paltry sum is merely what I've been putting away for our wedding. "Tsukino savings," if you will.	เงินจำนวนน้อยนิดแค่นั้นเป็นแค่ ที่ข้าเก็บไว้สำหรับ งานแต่งงานของเราเท่านั้นเอง เรียกว่า "เงินออมเพื่อสึกิโนะ" ก็ได้
10-0383	talk	Well then! It appears that I surpass you in... hmm, let's see: status, money, <font_kind=yakuza_italic>and</font_kind> appearance! Oh, you <font_kind=yakuza_italic>poor fool</font_kind>...!	เอาล่ะ! ดูเหมือนข้าจะเหนือกว่าเจ้าใน... อืม ขอดูก่อนนะ สถานะ เงินทอง <font_kind=yakuza_italic>และ</font_kind>รูปลักษณ์! โธ่เอ๋ย<font_kind=yakuza_italic>เจ้าคนน่าสงสาร</font_kind>...!
10-0384	talk	(This guy...)	(ไอ้หมอนี่...)
10-0385	talk	Now, Tsukino-san. Let us return to our province where we will have a wedding of incomparable grandeur.	เอาล่ะ สึกิโนะซัง กลับไปยังแว่นแคว้นของเรากันเถอะ แล้วเราจะจัดงานแต่งงานที่ ยิ่งใหญ่อลังการอย่างไม่มี ใครเทียบได้
10-0386	talk	Where do you wish to travel for our honeymoon? France? Perhaps Italy?	เจ้าอยากไปฮันนีมูนที่ไหนล่ะ? ฝรั่งเศส? หรือจะอิตาลีดี?
10-0387	talk	H-Hold on a second!	เ-เดี๋ยวก่อนสิ!
10-0388	talk	Hm? Onto what?	อืม? รอเรื่องอะไร?
10-0389	talk	Look... I haven't fully thought this marriage through yet. I mean, I haven't even graduated college...	ฟังนะ... ฉันยังคิดเรื่องแต่งงานนี้ไม่ ตกผลึกเลย หมายถึง ฉันยังเรียนไม่จบมหาลัยด้วยซ้ำ...
10-0390	talk	How... How strange. You promised me when we were children.	ช่าง... ช่างแปลกเสียจริง เจ้าเคยสัญญากับข้าไว้ตอนเป็นเด็ก
10-0391	talk	I remember it like it was yesterday. We were at the sandbox in the playground...	ข้าจำได้ราวกับเพิ่งเกิดขึ้นเมื่อวาน เราอยู่ที่กระบะทรายในสนามเด็กเล่น...
10-0392	talk	And you came up and told me, "Let's get married when we grow up."	แล้วเจ้าก็เดินมาบอกข้าว่า "โตขึ้นเรามาแต่งงานกันนะ"
10-0393	talk	The joy those words brought me... Not a day went by when I forgot about our sacred oath.	ความปีติที่ถ้อยคำเหล่านั้นมอบให้ข้า... ไม่มีสักวันที่ข้าลืมคำสาบานอัน ศักดิ์สิทธิ์ของเราไปได้เลย
10-0394	talk	Well, yeah, I did say that... but...	ก็... ใช่ ฉันเคยพูดแบบนั้นจริง... แต่...
10-0395	talk	Hm hmm hmmm. Ah, I see how it is.	ฮึ่ม ฮึ่ม ฮึ่มม์ อา ข้าเข้าใจแล้ว
10-0396	talk	You're trying not to hurt the feelings of this peasant here. Such kindness... You truly are a goddess of a woman.	เจ้าพยายามไม่ทำร้ายความรู้สึก ของไอ้ไพร่คนนี้สินะ ความเมตตาเช่นนี้... เจ้าช่างเป็นเทพีในร่างสตรีโดยแท้
10-0397	talk	Actually, we were trying to have some tea together...	อันที่จริงพวกเรากำลังจะดื่มชา ด้วยกันอยู่...
10-0398	talk	So now's not a good time for all this.	เพราะงั้นตอนนี้ไม่ใช่เวลาที่ เหมาะสำหรับเรื่องพวกนี้เลย
10-0399	talk	Oh. Well. How rude of me. A true English gentleman would never interrupt tea time.	อ้อ นั่นสินะ ข้าเสียมารยาทไปหน่อย สุภาพบุรุษอังกฤษแท้ ๆ ไม่มีวันรบกวนเวลาน้ำชาหรอก
10-0400	talk	It seems my timing was off. Very well, then. I shall return.	ดูเหมือนจังหวะของข้าจะไม่เหมาะสมนัก ก็ได้ งั้นข้าจะขอตัวไปก่อน
10-0401	talk	Ah, but before I go. Allow me to say one thing, you impoverished-looking peasant.	อา แต่ก่อนที่ข้าจะไป ขอให้ข้าพูดอะไรสักอย่างก่อนนะ ไอ้ไพร่หน้าตายากจนคนนี้
10-0402	talk	What do you want?	คุณต้องการอะไร?
10-0403	talk	Make no mistake... I am Tsukino-san's one and only fiancé, and don't you forget it.	อย่าเข้าใจผิดไปนะ... ข้าคือคู่หมั้นหนึ่งเดียวของ สึกิโนะซัง อย่าได้ลืมมันเชียว
10-0404	talk	Now then... Let us be off, Yukikawa.	เอาล่ะ... ไปกันเถอะ ยูกิกาวะ
10-0405	talk	As you wish, Young Master.	ตามคำสั่งครับ คุณชาย
10-0406	talk	Sorry you had to go through all that. I know he's a little... different than most guys.	ขอโทษนะที่ต้องเจอเรื่องแบบนั้น รู้แหละว่าเขาค่อนข้าง... แตกต่างจากผู้ชายทั่วไปหน่อย
10-0407	talk	He kept saying he was an English gentleman. Is he part British, too?	เขาพูดย้ำว่าเป็น สุภาพบุรุษอังกฤษตลอดเลย เขามีเชื้อสายอังกฤษด้วยเหรอ?
10-0408	talk	No, I'm pretty sure he's full Japanese. In fact, he's from the countryside, somewhere out in Ibaraki.	เปล่าเลย ฉันค่อนข้างมั่นใจว่าเขาเป็น คนญี่ปุ่นแท้ ๆ อันที่จริงเขามาจากชนบทแถวอิบารากิน่ะ
10-0409	talk	I think he gets all caught up in that persona of his because he studied overseas...	คิดว่าเขาคงหลงไปกับบุคลิกแบบ นั้นเพราะไปเรียนต่างประเทศมา น่ะ...
10-0410	talk	So he's a makeshift English gentleman, then.	งั้นเขาก็เป็นสุภาพบุรุษอังกฤษ กำมะลอสินะ
10-0411	talk	Geez, and right when we were finished with the Twisted Trio, too...	โธ่เอ๊ย เพิ่งจะเคลียร์เรื่องสามโรคจิตไปหมาด ๆ เลยแท้ ๆ...
10-0412	talk	I really think you do attract strange men, Tsukino-chan.	ผมว่าคุณนี่ดึงดูดผู้ชายประหลาด ๆ เข้ามาหาจริง ๆ นะ สึกิโนะจัง
10-0413	talk	Maybe so...	อาจจะงั้น...
10-0414	talk	You really said you were gonna marry him as a kid?	ตอนเด็ก ๆ คุณพูดจริงเหรอว่าจะแต่งงานกับเขา?
10-0415	talk	Yeah. I completely forgot about that.	ใช่ค่ะ ฉันลืมเรื่องนั้นไปเลย
10-0416	talk	Proposals you make as a child don't actually count, do they?	คำขอแต่งงานตอนเป็นเด็กมันไม่ นับจริงจังใช่ไหมคะ?
10-0417	talk	No, I don't think so. But he seems to have taken it seriously enough.	ไม่หรอก ผมว่าไม่นับ แต่ดูเหมือนเขาจะเอาจริงเอาจัง กับมันซะขนาดนั้นเลย
10-0418	talk	Well, Yagami-san. Despite all the crazy things that happened today, I had a lot of fun hanging out with you.	อ่อ ยากามิซัง ถึงจะมีเรื่องบ้า ๆ เกิดขึ้นเยอะแยะวันนี้ แต่ฉันก็สนุกที่ได้ออกมาเที่ยว กับคุณนะคะ
10-0419	talk	Our interview practice was really helpful, too!	การซ้อมสัมภาษณ์ของเราก็ช่วยได้ เยอะเลยด้วยค่ะ!
10-0420	talk	Again, thank you so much.	ขอบคุณมากอีกครั้งนะคะ
10-0421	talk	Phew... That interview really kicked my butt. I'm exhausted!	ฮื้อ... สัมภาษณ์ครั้งนี้เล่นเอาฉันหมดแรงเลย เหนื่อยมากค่ะ!
10-0422	talk	You really did rack your brain there. Not to mention having to deal with that "English gentleman" of yours.	คุณใช้สมองหนักจริง ๆ วันนี้ ยังไม่นับที่ต้องรับมือกับ "สุภาพบุรุษอังกฤษ" คนนั้นของคุณอีก
10-0423	talk	Right... Sorry you had to go through that with me.	ใช่เลยค่ะ... ขอโทษด้วยนะที่ต้องให้คุณเจอ เรื่องแบบนั้นไปกับฉัน
10-0424	talk	(I wonder if she had a good time today...)	(สงสัยว่าวันนี้เธอสนุกรึเปล่านะ...)
10-0425	talk	Hey, Yagami-san! Sorry to keep you waiting.	อ้าว ยากามิซัง! ขอโทษที่ให้รอนะคะ
10-0426	talk	I see you're dressing casual today.	วันนี้แต่งตัวสบาย ๆ นี่
10-0427	talk	Yeah. I wanted to take a break from all the office stuff.	ค่ะ อยากพักจากชุดทำงานบ้างน่ะ
10-0428	talk	Hm? What's wrong?	หืม? มีอะไรเหรอ?
10-0429	talk	Have you noticed anything... different about me?	คุณสังเกตเห็นอะไร... ที่เปลี่ยนไปจากฉันบ้างไหมคะ?
10-0430	talk	Oh, that would be...	อ้อ นั่นก็คือ...
10-0431	talk	(<font_kind=yakuza_italic>Is</font_kind> something different about her?)	(เธอมีอะไร<font_kind=yakuza_italic>เปลี่ยนไป</font_kind>จริง ๆ เหรอเนี่ย?)
10-0432	talk	(Hmm... Did she have those earrings on before?)	(อืม... ต่างหูคู่นั้นเธอใส่มา ก่อนหน้านี้รึเปล่านะ?)
10-0433	talk	Aha, it's those earrings. They're really nice.	อ๋อ ต่างหูคู่นี้เอง สวยดีนะ
10-0434	talk	So you <font_kind=yakuza_italic>did</font_kind> notice! About time.	งั้นคุณก็<font_kind=yakuza_italic>สังเกตเห็น</font_kind>จริงด้วย! ในที่สุดก็รู้ตัวซะที
10-0435	talk	Of course. They caught my eye right away.	แน่นอนสิ มันเตะตาผมตั้งแต่แรกเห็นแล้ว
10-0436	talk	Aren't they gorgeous?	สวยเก๋ใช่ไหมล่ะคะ?
10-0437	talk	(Whew. Lucky guess.)	(ฮื้อ เดาถูกไปได้)
10-0438	talk	(Didn't she wear these before? ...I honestly have no idea.)	(นี่เธอไม่เคยใส่มาก่อนเหรอ? ...พูดตรง ๆ ผมไม่รู้เรื่องเลยสักนิด)
10-0439	talk	(...Her bust size hasn't changed overnight, has it? Maybe from C to B?)	(...รอบอกของเธอไม่ได้เปลี่ยนไป ข้ามคืนใช่ไหมนะ? หรือจาก C เป็น B?)
10-0440	talk	Hey. My eyes are up here, you know.	นี่ ตาฉันอยู่ตรงนี้นะ
10-0441	talk	Oh, I wasn't... Uh... Yeah...	โอ้ ผมไม่ได้... เอ่อ... ใช่...
10-0442	talk	...Jerk.	...ไอ้เวร
10-0443	talk	(Are her clothes new?)	(เสื้อผ้าที่เธอใส่เป็นชุดใหม่ รึเปล่านะ?)
10-0444	talk	Are those new clothes you're wearing?	ชุดที่คุณใส่อยู่เป็นชุดใหม่รึเปล่า?
10-0445	talk	Huh? I'm pretty sure I wore these in front of you before.	หา? ฉันค่อนข้างมั่นใจว่าเคยใส่ชุด นี้ให้คุณเห็นมาก่อนแล้วนะ
10-0446	talk	Huh? Really? In that case...	หา? จริงเหรอ? งั้นก็...
10-0447	talk	(Nah, I've seen her wear those.)	(เปล่า ผมเคยเห็นเธอใส่ชุดนี้แล้ว)
10-0448	talk	(Did she cut her hair?)	(เธอตัดผมมารึเปล่านะ?)
10-0449	talk	Oh, I get it. You got a haircut, didn't you?	อ๋อ เข้าใจแล้ว คุณตัดผมมาใช่ไหม?
10-0450	talk	Huh? No I didn't.	หา? เปล่านะคะ
10-0451	talk	Really? I see. Then...	จริงเหรอ? อ้อ งั้น...
10-0452	talk	(No, her hair pretty much looks the same.)	(ไม่สิ ทรงผมเธอแทบไม่ต่างจากเดิมเลย)
10-0453	talk	Do you wanna go hang out somewhere?	อยากไปเที่ยวที่ไหนสักหน่อยไหม?
10-0454	talk	We could go to the casino, play darts, or...	จะไปคาสิโน เล่นปาลูกดอก หรือ...
10-0455	talk	I think the casino will suit us just fine.	ข้าว่าคาสิโนนั้นแหละเหมาะสมกับ เราที่สุด
10-0456	talk	R-Ryuzenji-san!?	ร-ริวเซนจิซัง!?
10-0457	talk	Ah, my sweet Tsukino-san. What a lovely coincidence.	อา สึกิโนะซังสุดที่รักของข้า ช่างเป็นความบังเอิญที่แสนวิเศษ เสียจริง
10-0458	talk	Nay—it was destiny that led me here! True soulmates can sense each other's presence, you know.	หามิได้—มันคือโชคชะตาที่นำพาข้ามา ที่นี่ต่างหาก! คู่แท้ที่แท้จริงย่อมรับรู้ถึง การมีอยู่ของกันและกันได้เสมอนะ
10-0459	talk	I... wouldn't know...	ฉัน... ก็ไม่รู้เหมือนกันค่ะ...
10-0460	talk	Hey, you didn't follow us here, did you?	เฮ้ นี่คุณไม่ได้แอบตามพวกเรามาใช่ไหม?
10-0461	talk	Preposterous! A true English gentleman would never resort to such underhanded tactics!	ไร้สาระสิ้นดี! สุภาพบุรุษอังกฤษแท้ ๆ ไม่มีวันใช้กลวิธีต่ำช้า เช่นนั้นเด็ดขาด!
10-0462	talk	Now listen up, peasant. You and I shall engage in the ultimate test of stamina, fortitude, and masculinity: poker!	ฟังให้ดีนะ ไอ้ไพร่ เจ้ากับข้าจะต้องประลองบททดสอบ ขั้นสูงสุดแห่งความอึด ความอดทน และความเป็นชายชาตรี: โป๊กเกอร์!
10-0463	talk	Thus, we will prove to Tsukino-san which of us is the superior man!	ด้วยเหตุนี้ เราจะพิสูจน์ให้สึกิโนะซังเห็น ว่าใครกันแน่ที่ เหนือกว่าในความเป็นชาย!
10-0464	talk	Let's just say you're the superior man. Will that make you go away?	เอาเป็นว่าคุณเหนือกว่าแล้วกัน จะได้ไปให้พ้นหน้าซะทีไหม?
10-0465	talk	Oh? So you'd simply abandon our duel? And in front of the lady, too...	อ้อ? งั้นเจ้าจะละทิ้งการดวลของเราไปเฉย ๆ อย่างนั้นหรือ? ต่อหน้าสุภาพสตรีด้วยนะ...
10-0466	talk	I hardly think that pressuring me into a card game qualifies as a duel.	ผมไม่คิดว่าการบังคับให้เล่นไพ่ จะเรียกว่าดวลกันได้หรอกนะ
10-0467	talk	Hmph. I take it you're admitting defeat? Very well! Then Tsukino-san goes with me!	ฮึ่ม เอาเป็นว่าเจ้ายอมแพ้แล้วสินะ? ดีมาก! งั้นสึกิโนะซังก็ต้องไปกับข้า!
10-0468	talk	(This guy... If I don't do something, he might actually take her away.)	(ไอ้หมอนี่... ถ้าผมไม่ทำอะไรสักอย่าง เขาอาจจะพาเธอไปจริง ๆ ก็ได้)
10-0469	talk	Fine. I accept your stupid challenge.	ก็ได้ ผมรับคำท้าโง่ ๆ ของคุณก็แล้วกัน
10-0470	talk	Yagami-san, are you sure?	ยากามิซัง แน่ใจเหรอคะ?
10-0471	talk	Yeah, I'm sure. I'll make him cry like the spoiled brat he is.	ใช่ แน่ใจ ผมจะทำให้คุณร้องไห้เหมือนเด็ก เอาแต่ใจที่คุณเป็นให้ดู
10-0472	talk	Ahahaha. Say what you will, but a true English gentleman never loses his composure, whether in victory or defeat!	อะฮ่าฮ่าฮ่า จะพูดอะไรก็เชิญ แต่สุภาพบุรุษอังกฤษแท้ ๆ ไม่มีวันเสียท่วงท่าไม่ว่าจะแพ้ หรือชนะ!
10-0473	talk	However, can the same be said for such a lowly peasant as you?	แต่จะพูดแบบเดียวกันได้กับไอ้ ไพร่ต่ำต้อยอย่างเจ้าได้หรือ?
10-0474	talk	My advice? Keep your handkerchief handy... That way you can bawl your eyes out once I give you a sound thrashing! Ahaha!	คำแนะนำจากข้าน่ะหรือ? เตรียมผ้าเช็ดหน้าไว้ใกล้ตัว... จะได้ร้องไห้โฮออกมาได้เต็มที่ หลังจากที่ข้าเอาชนะเจ้าราบคาบ! อะฮ่าฮ่า!
10-0475	talk	(He just says whatever the hell he wants, doesn't he...)	(ไอ้นี่พูดอะไรก็ได้ตามใจตัวเองจริง ๆ นะเนี่ย...)
10-0476	talk	Yukikawa! We're taking them to the casino with us.	ยูกิกาวะ! เราจะพาพวกเขาไปที่คาสิโนด้วยกัน
10-0477	talk	*ahem* This will be decided with a single match.	*กระแอม* เรื่องนี้จะตัดสินกันด้วย การแข่งขันเพียงครั้งเดียว
10-0478	talk	Fine by me.	ไม่มีปัญหา
10-0479	talk	Prepare to be awed and amazed, Tsukino-san.	เตรียมตัวทึ่งและตะลึงไว้ได้เลย สึกิโนะซัง
10-0480	talk	For I will dash this peasant man's dreams to pieces and show you how capable I truly am!	เพราะข้าจะทำลายความฝันของไอ้ ไพร่คนนี้ให้แหลกละเอียด แล้วแสดงให้เจ้าเห็นว่าข้า เก่งกาจแค่ไหน!
10-0481	talk	R-Right...	ถ-ถูกต้อง...
10-0482	talk	Victory is mine!	ชัยชนะเป็นของผม!
10-0483	talk	Wow, Yagami-san! You did it!	ว้าว ยากามิซัง! คุณทำได้จริง ๆ ด้วย!
10-0484	talk	Ggh! How...? How can this possibly be? Losing to a miscreant like you...	อึก! ยังไง...? เป็นไปได้ยังไงกัน? แพ้ให้กับไอ้คนชั่วอย่างเจ้า...
10-0485	talk	Heh, you should see the look on your face. I don't have a handkerchief, but I know I can find you some pocket tissues.	เฮ้อ คุณน่าจะเห็นหน้าตัวเองตอนนี้นะ ผมไม่มีผ้าเช็ดหน้าให้หรอก แต่หาทิชชู่ให้ได้อยู่นะ
10-0486	talk	How... How dare you...!	เจ้า... เจ้ากล้าดียังไง...!
10-0487	talk	Ahahahaha! You see that, Tsukino-san!? You see how I completely made an ass out of him?	อะฮ่าฮ่าฮ่าฮ่า! เห็นไหมล่ะ สึกิโนะซัง!? เห็นไหมว่าข้าทำให้เขาดูโง่ขนาดไหน?
10-0488	talk	W-Well... it is pretty impressive you can beat Yagami-san out of all people...	ก-ก็นะ... มันน่าประทับใจอยู่นะคะที่ เอาชนะยากามิซังได้...
10-0489	talk	Ah, what's this I hear? A whisper of sweet praise from the honeyed lips of my betrothed? Oh, the feeling is divine!	อา นี่ข้าได้ยินอะไรกันนี่? เสียงกระซิบคำชมหวานฉ่ำจาก ริมฝีปากอันหอมหวานของ คู่หมั้นข้างั้นหรือ? โอ้ ช่างเป็นความรู้สึกที่วิเศษเหลือเกิน!
10-0490	talk	Well, you did manage to win. I guess that's an accomplishment.	ก็นะ คุณเอาชนะได้จริง ผมว่านั่นก็ถือว่าเป็น ความสำเร็จอยู่หรอก
10-0491	talk	What on earth is the matter with you? Shouldn't you be wallowing in self-pity after losing in front of Tsukino-san?	เจ้าเป็นอะไรไปกันแน่? เจ้าไม่ควรจะจมอยู่กับความสงสาร ตัวเองหลังจากแพ้ ต่อหน้าสึกิโนะซังหรอกหรือ?
10-0492	talk	Well, I am a little annoyed. But in the end it's just a game.	ก็รำคาญนิดหน่อยแหละ แต่สุดท้ายมันก็แค่เกมเดียวเอง
10-0493	talk	...Hah. A pitiful excuse from a man who's lost his mettle! You cannot hide your shame from me.	...ฮะ คำแก้ตัวที่น่าสงสารจากชายผู้ สูญเสียความกล้าหาญ! เจ้าซ่อนความอัปยศของตัวเองจาก ข้าไม่ได้หรอก
10-0494	talk	In any case. Tsukino-san, if I could have your attention, please...	ไม่ว่ายังไง สึกิโนะซัง ขอเวลาสักครู่ได้ไหม...
10-0495	talk	*ahem* If you are the Moon, then I am the Earth: two celestial bodies spun together by the gravity of fate...	*กระแอม* หากเจ้าคือดวงจันทร์ ข้าก็คือโลก: ดวงดาวสองดวงที่ถูกแรงโน้มถ่วง แห่งโชคชะตาหมุนผูกพัน เข้าด้วยกัน...
10-0496	talk	Now, let us swear an oath to join ourselves as one... until the universe sighs its final dying light and fades away.	บัดนี้ ให้เราสาบานที่จะรวมเป็นหนึ่งเดียวกัน... จนกว่าจักรวาลจะถอนลมหายใจ ครั้งสุดท้ายและดับสูญไป
10-0497	talk	...What are you talking about?	...พูดเรื่องอะไรกันเนี่ย?
10-0498	talk	Tsukino-chan. Will you consent to our betrothal?	สึกิโนะจัง เจ้าจะยินยอมรับหมั้นกับข้าไหม?
10-0499	talk	I've already booked the wedding hall. Now let us be on our merry way.	ข้าจองห้องจัดงานแต่งงานไว้แล้ว เอาล่ะ ไปกันเถอะ
10-0500	talk	W-Wait a minute! Ryuzenji-san!	เ-เดี๋ยวก่อนสิคะ! ริวเซนจิซัง!
10-0501	talk	...I can't. I already have plans today... I'm sorry.	...ฉันไปไม่ได้ค่ะ วันนี้มีนัดไว้แล้ว... ขอโทษด้วยนะคะ
10-0502	talk	Oh... Is this true?	โอ้... นี่เป็นเรื่องจริงหรือ?
10-0503	talk	Yes. I promised Yagami-san we'd do something.	ค่ะ ฉันสัญญากับยากามิซังไว้ว่าจะไป ทำอะไรด้วยกัน
10-0504	talk	I... I see. Well. I suppose it would be unlike you to break a promise.	ข้า... ข้าเข้าใจแล้ว เอาล่ะ ข้าว่ามันคงไม่เหมือนตัวเจ้าเลย ถ้าจะผิดสัญญา
10-0505	talk	I will respect the wishes of my fiancée... 	ข้าจะเคารพความต้องการของ คู่หมั้นข้าเอง...
10-0506	talk	I'd appreciate that.	ขอบคุณมากค่ะ
10-0507	talk	Oh, but before I take my leave...	อ้อ แต่ก่อนที่ข้าจะไป...
10-0508	talk	You. Peasant. You had better not be toying with Tsukino-san's heart, you hear me?	เจ้า ไอ้ไพร่ เจ้าอย่าได้เล่นกับหัวใจของ สึกิโนะซังเชียวนะ ได้ยินไหม?
10-0509	talk	I won't let you lay a finger on my fiancée. And don't you forget it! 	ข้าจะไม่ยอมให้เจ้าแตะต้อง คู่หมั้นของข้าแม้แต่นิดเดียว อย่าได้ลืมมันเชียว!
10-0510	talk	Let us depart, Yukikawa!	ไปกันเถอะ ยูกิกาวะ!
10-0511	talk	Ugh... Sorry you had to go through that again.	แหะ... ขอโทษด้วยนะคะที่ต้องเจอเรื่อง แบบนั้นอีกแล้ว
10-0512	talk	Ready to get going?	พร้อมออกไปกันหรือยัง?
10-0513	talk	Sorry to hear your interview was a bust.	เสียใจด้วยนะที่สัมภาษณ์งานไม่ผ่าน
10-0514	talk	...To be honest, I kind of already knew it.	...พูดตามตรง ฉันก็รู้ตัวอยู่แล้วแหละค่ะ
10-0515	talk	I realized while I was at the interview that something just didn't click.	ฉันรู้สึกได้ตอนสัมภาษณ์ว่ามี อะไรบางอย่างมันไม่ เข้าที่เข้าทาง
10-0516	talk	How so?	ไม่เข้าที่ยังไงเหรอ?
10-0517	talk	Maybe you were thinking deep down that the job just wasn't for you?	หรือลึก ๆ แล้วคุณคิดว่างานนี้มันไม่ใช่ ทางของคุณ?
10-0518	talk	Yeah, I think you're right.	ค่ะ ฉันก็คิดว่าคุณพูดถูก
10-0519	talk	How perceptive you are.	คุณนี่ช่างสังเกตจริง ๆ นะคะ
10-0520	talk	Either way, I'm sure you'll do better next time.	ยังไงก็เถอะ ผมมั่นใจว่าครั้งหน้าคุณจะทำได้ ดีกว่านี้
10-0521	talk	Really? 'Cause I'm starting to feel like I'll be rejected anywhere I go.	จริงเหรอคะ? เพราะฉันเริ่มรู้สึกว่าจะโดน ปฏิเสธไม่ว่าจะไปที่ไหนก็ตาม
10-0522	talk	Well, if the interviewers catch you thinking like that, that's exactly what'll happen.	ถ้าคนสัมภาษณ์จับได้ว่าคุณคิดแบบนั้น มันก็จะเป็นแบบนั้นจริง ๆ นั่นแหละ
10-0523	talk	But... how can I keep moving forward... when I'm totally empty inside?	แต่... ฉันจะก้าวต่อไปได้ยังไง... ในเมื่อข้างในฉันมันว่างเปล่าไปหมด?
10-0524	talk	...I think that no one's hired me because they can see right through me.	...ฉันคิดว่าไม่มีใครรับฉัน เข้าทำงานเพราะพวกเขามองทะลุ ตัวฉันได้หมด
10-0525	talk	And honestly, I'm not even sure I want to go into publishing.	แล้วพูดตามตรง ฉันเองก็ไม่แน่ใจว่าอยากทำงาน สายสำนักพิมพ์ด้วยซ้ำ
10-0526	talk	I thought you were all about that stuff.	นึกว่าคุณชอบเรื่องพวกนั้นซะอีก
10-0527	talk	I only started applying for those types of jobs so I wouldn't be tied down to my family.	ที่ฉันเริ่มสมัครงานสายนี้ก็แค่ เพื่อจะได้ไม่ต้องผูก ติดกับครอบครัวเท่านั้นเอง
10-0528	talk	Mm. Understood.	อืม เข้าใจแล้ว
10-0529	talk	No wonder I keep getting rejected...	มิน่าล่ะถึงโดนปฏิเสธอยู่เรื่อย...
10-0530	talk	That Ryuzenji really seems to have a thing for you, though. He wants this marriage <font_kind=yakuza_italic>bad</font_kind>.	เจ้าริวเซนจิคนนั้นดูจะปลื้มคุณจริง ๆ นะ อยากแต่งงานกับคุณ<font_kind=yakuza_italic>ขนาดนั้น</font_kind>เลย
10-0531	talk	So it seems...	ก็ดูเหมือนจะเป็นแบบนั้นค่ะ...
10-0532	talk	It's all because of what I blurted out as a kid.	ทั้งหมดก็เพราะสิ่งที่ฉันพูด หลุดปากออกไปตอนเป็นเด็ก นั่นแหละ
10-0533	talk	That marriage promise, huh?	คำสัญญาแต่งงานนั่นสินะ?
10-0534	talk	...Yeah. I can't exactly turn him down, either.	...ใช่ค่ะ แล้วฉันก็ปฏิเสธเขาตรง ๆ ไม่ได้ด้วย
10-0535	talk	Why? Is it because his parents know yours?	ทำไมล่ะ? เพราะพ่อแม่ของเขารู้จักกับพ่อ แม่คุณเหรอ?
10-0536	talk	Exactly. Basically, my parents' company is a subsidiary of his parents' company. It's called the Ryuzenji Group.	ใช่เลยค่ะ พูดง่าย ๆ คือบริษัทของพ่อแม่ฉันเป็น บริษัทลูกของบริษัทพ่อแม่เขา ชื่อว่ากลุ่มบริษัทริวเซนจิ
10-0537	talk	So you want to avoid causing trouble for your parents? That I can understand.	งั้นคุณก็ไม่อยากสร้างปัญหาให้ พ่อแม่ตัวเองใช่ไหม? อันนั้นผมเข้าใจนะ
10-0538	talk	You know, people will take advantage of you if you don't speak up for yourself. You should make your feelings heard.	รู้ไหม ถ้าคุณไม่พูดปกป้องตัวเอง คนอื่นก็จะเอาเปรียบคุณได้ คุณควรพูดความรู้สึกของตัวเอง ออกมาให้ชัดเจน
10-0539	talk	Well, I'm aware of that, but...	ก็รู้อยู่แหละค่ะ แต่...
10-0540	talk	You still can't bring yourself to do it?	ยังทำใจพูดไม่ได้อยู่ดีใช่ไหม?
10-0541	talk	Right. Ever since I was little, my parents would always tell me not to upset the Ryuzenji family...	ใช่ค่ะ ตั้งแต่ฉันยังเด็ก พ่อแม่ก็บอกเสมอว่าอย่าไปทำให้ กลุ่มบริษัทริวเซนจิไม่พอใจ...
10-0542	talk	My dad said if they cut ties with us, their company would go bankrupt.	พ่อบอกว่าถ้าพวกเขาตัดสัมพันธ์กับเรา บริษัทของเราจะล้มละลาย
10-0543	talk	They can't cut ties with you... if you don't wear a tie in the first place.	เขาตัดสัมพันธ์กับคุณไม่ได้หรอก... ถ้าคุณไม่เคยผูกไทให้มีให้ตัด ตั้งแต่แรก
10-0544	talk	Sorry. Couldn't help it.	ขอโทษที อดพูดไม่ได้จริง ๆ
10-0545	talk	O... Okay...	อ... โอเคค่ะ...
10-0546	talk	(Damn. That sounded a lot funnier in my head.)	(บ้าเอ๊ย ในหัวผมมันตลกกว่านี้เยอะเลยนะ)
10-0547	talk	So you can't just brush him off, huh... That's tough.	งั้นคุณก็ปัดเขาทิ้งไปเฉย ๆ ไม่ได้สินะ... ลำบากจริง ๆ
10-0548	talk	I'm glad you understand... At least I have one person on my side.	ดีใจที่คุณเข้าใจนะคะ... อย่างน้อยก็มีคนคอยเข้าข้างฉัน อยู่บ้าง
10-0549	talk	So. How about showing me those drawings sometime?	เอาล่ะ วันหลังลองเอารูปวาดพวกนั้นมา ให้ผมดูบ้างดีไหม?
10-0550	talk	But... I'm still a little embarrassed...	แต่... ฉันยังรู้สึกอายอยู่นิดหน่อยนะคะ...
10-0551	talk	I know. And I'm still interested.	ผมรู้ แล้วก็ยังสนใจอยู่ดีนะ
10-0552	talk	Well... I'll give it some thought.	ก็... เดี๋ยวฉันลองคิดดูก่อนนะคะ
10-0553	talk	Tsukino-chan. By any chance, have you ever made your art public before?	สึกิโนะจัง เผื่อไว้ถามหน่อย คุณเคยเปิดเผยงานวาดของตัวเอง ต่อสาธารณะบ้างไหม?
10-0554	talk	Actually... I sometimes post them up online. Under an alias, of course.	จริง ๆ แล้ว... บางทีฉันก็โพสต์มันลงเน็ตนะคะ ใช้ชื่อปลอมแน่นอน
10-0555	talk	Does Yosuke know?	โยสึเกะรู้เรื่องนี้ไหม?
10-0556	talk	No. I haven't told him anything.	ไม่ค่ะ ฉันไม่เคยบอกเขาเลย
10-0557	talk	...You really want to see my drawings that badly, huh?	...คุณอยากเห็นรูปวาดของฉันขนาด นั้นเลยเหรอคะ?
10-0558	talk	Yeah, I do.	ครับ เข้าใจ
10-0559	talk	But you'd better not laugh, okay? I've never shown these to anyone in person.	แต่ห้ามหัวเราะเชียวนะคะ ฉันไม่เคยให้ใครดูรูปพวกนี้ต่อหน้าเลย
10-0560	talk	I consider myself honored.	ผมถือเป็นเกียรติเลยนะเนี่ย
10-0561	talk	Actually... I saved all my pictures to my phone. Here.	จริง ๆ แล้ว... ฉันเก็บรูปทั้งหมดไว้ในมือถือ นี่ค่ะ
10-0562	talk	...So what do you think?	...แล้วคุณคิดว่ายังไงคะ?
10-0563	talk	Come on! At least say <font_kind=yakuza_italic>something</font_kind>!	เร็วสิ! พูดอะไรออกมาสัก<font_kind=yakuza_italic>คำ</font_kind>ก็ยังดี!
10-0564	talk	Oh. Sorry. I was just in awe... because they were so good.	อ้อ ขอโทษที ผมแค่ทึ่งจนพูดไม่ออก... เพราะมันดีมากจริง ๆ
10-0565	talk	Whoa! These are incredible!	โห! รูปพวกนี้สุดยอดมากเลย!
10-0566	talk	You... really think so?	คุณ... คิดแบบนั้นจริง ๆ เหรอคะ?
10-0567	talk	Yeah, they're amazing. I had no idea you were this good... You're pretty much a professional already.	ใช่ สุดยอดมากจริง ๆ ไม่รู้เลยว่าคุณเก่งขนาดนี้... แทบจะเป็นมืออาชีพอยู่แล้ว
10-0568	talk	I mean, people would pay good money for these.	หมายความว่ามีคนยอมจ่ายเงินก้อน โตเพื่อรูปพวกนี้แน่ ๆ
10-0569	talk	Hehe. Why thank you.	ฮีฮี ขอบคุณนะคะ
10-0570	talk	Actually, I've been studying how to draw for most of my life. I even went to art classes and everything.	จริง ๆ แล้วฉันฝึกวาดรูปมาแทบทั้งชีวิตเลยค่ะ ถึงขั้นไปเรียนคอร์สศิลปะมาด้วย
10-0571	talk	Wow, you sure put in work...	โห คุณทุ่มเทกับมันจริง ๆ นะ...
10-0572	talk	What is it about drawing that you like in particular?	มีอะไรเกี่ยวกับการวาดรูปที่คุณ ชอบเป็นพิเศษเหรอ?
10-0573	talk	For one, it makes me happy when other people comment on my drawings. Even if it is anonymously.	อย่างแรกเลยคือฉันมีความสุขเวลา มีคนมาคอมเมนต์รูปวาดของฉันค่ะ ถึงจะเป็นแบบไม่เปิดเผยตัวก็ตาม
10-0574	talk	Also...	แล้วก็...
10-0575	talk	I think that being creative and inspiring other people are the two best things in the world!	ฉันคิดว่าการได้สร้างสรรค์และ เป็นแรงบันดาลใจให้คนอื่น คือสองสิ่งที่ดีที่สุดในโลกเลยค่ะ!
10-0576	talk	Ah. I see.	อ้อ เข้าใจแล้ว
10-0577	talk	Someday, I think I'd like to interface with people directly about my work.	สักวันหนึ่ง ฉันคิดว่าอยากจะได้พูดคุยกับ ผู้คนเกี่ยวกับงานของฉัน โดยตรงบ้างค่ะ
10-0578	talk	Well, if you ever decide to go pro, you could show your art to everyone and even turn a nice profit.	ถ้าคุณตัดสินใจไปสายอาชีพจริงจัง คุณก็เอางานของตัวเองไปโชว์ให้ ทุกคนดูได้เลย แถมยังได้กำไรงาม ๆ ด้วยนะ
10-0579	talk	Y-Yeah, but...	ค-ค่ะ แต่...
10-0580	talk	I think you should make this your career. I mean, you have the passion. You definitely have the talent. So why not go all in?	ผมว่าคุณควรทำมันเป็นอาชีพนะ คุณมีทั้งใจรัก แล้วก็มีพรสวรรค์แน่นอน แล้วทำไมไม่ทุ่มเต็มที่ไปเลยล่ะ?
10-0581	talk	...You really think I should?	...คุณคิดว่าฉันควรทำจริง ๆ เหรอคะ?
10-0582	talk	I do. Now I'm no artist, but I know talent when I see it.	ผมคิดแบบนั้นจริง ๆ ผมไม่ใช่ศิลปินหรอกนะ แต่ผมรู้จักพรสวรรค์เมื่อเห็น มันตรงหน้า
10-0583	talk	Thanks... You know, I will say the thought of going professional has crossed my mind...	ขอบคุณค่ะ... จริง ๆ ต้องบอกว่าความคิดที่จะ เป็นมืออาชีพก็เคยผ่านหัวฉันมา เหมือนกัน...
10-0584	talk	But I hear it's pretty hard to actually make a living as an artist.	แต่ได้ยินมาว่าการหาเลี้ยงชีพ ด้วยงานศิลปะมันยากมากเลยนะคะ
10-0585	talk	Besides, my parents would just shoot it down anyway.	อีกอย่าง พ่อแม่ฉันคงคัดค้านอยู่ดีค่ะ
10-0586	talk	Would you do it if you could, though?	แต่ถ้าทำได้จริง คุณจะทำไหมล่ะ?
10-0587	talk	Well... yes, but it's not as simple as that. There are a lot of factors at stake here.	ก็... ทำค่ะ แต่มันไม่ง่ายขนาดนั้นหรอก มีหลายปัจจัยเข้ามาเกี่ยวข้องเยอะเลย
10-0588	talk	I think I can empathize.	ผมว่าผมเข้าใจความรู้สึกนั้นได้นะ
10-0589	talk	In fact, I went through the same sort of thing back when I started my career.	อันที่จริงผมก็เจอเรื่องแบบ เดียวกันตอนเริ่มต้นอาชีพ ของตัวเอง
10-0590	talk	I think you'll be just fine.	ผมว่าเธอไม่เป็นไรหรอก
10-0591	talk	Well, no one can know for sure.	ก็นะ ไม่มีใครรู้แน่ชัดหรอก
10-0592	talk	But what I'm getting at is... I used to question myself, too. About whether I could reach my goal or not.	แต่ที่ผมจะบอกก็คือ... ผมเองก็เคยตั้งคำถามกับตัวเอง เหมือนกัน ว่าจะไปถึงเป้าหมายได้จริงไหม
10-0593	talk	Yeah. I actually used to be a lawyer...	ใช่ จริง ๆ แล้วผมเคยเป็นทนายความมาก่อน...
10-0594	talk	What...? You, a <font_kind=yakuza_italic>lawyer</font_kind>?	อะไรนะ...? คุณเคยเป็น<font_kind=yakuza_italic>ทนายความ</font_kind>เหรอคะ?
10-0595	talk	I was until three years ago. I never even went to college. I just studied on my own and ended up getting a license.	เป็นจนถึงสามปีก่อน ผมไม่เคยเรียนมหาวิทยาลัยด้วยซ้ำ แค่ศึกษาด้วยตัวเองจนได้ ใบอนุญาตมาในที่สุด
10-0596	talk	That's... incredible...	นั่น... สุดยอดมากเลยค่ะ...
10-0597	talk	But since I didn't really go the academic route, I wasn't really sure if I could hang with the big boys.	แต่เพราะผมไม่ได้เดินสายวิชาการ มาแบบเต็มตัว เลยไม่ค่อยมั่นใจว่าจะสู้กับพวก ตัวใหญ่ ๆ ในวงการได้ไหม
10-0598	talk	After all, I had to use whatever resources I could find to scrape my knowledge together.	ยังไงก็ตาม ผมต้องใช้ทุกทรัพยากรที่หาได้ เพื่อรวบรวมความรู้เอาไว้
10-0599	talk	And how did that turn out?	แล้วผลลัพธ์เป็นยังไงบ้างคะ?
10-0600	talk	It was tough at first, but it all worked out in the end. After all, there's no greater teacher than experience.	ตอนแรกก็ยากลำบากอยู่ แต่สุดท้ายก็ผ่านมาได้ด้วยดี ก็อย่างที่ว่าไม่มีครูคนไหนดีไป กว่าประสบการณ์จริง
10-0601	talk	After getting thrown into an office and working my ass off nonstop, I woke up one day and realized I was actually good at my job.	หลังจากถูกโยนเข้าไปทำงานใน ออฟฟิศแล้วทำงานหนักไม่หยุดพัก วันหนึ่งผมก็ตื่นมาแล้วรู้ตัว ว่าตัวเองเก่งงานนี้จริง ๆ
10-0602	talk	Hmm... So all you needed was some hands-on experience...	อืม... งั้นสิ่งที่คุณต้องการก็แค่ ประสบการณ์ตรงเท่านั้นเองสินะคะ...
10-0603	talk	Right. It was the same when I became a detective, too.	ใช่ ตอนที่ผมมาเป็นนักสืบก็เหมือนกัน
10-0604	talk	Somehow things just worked out. Probably because I dove right in without thinking too much.	ไม่รู้ทำไมทุกอย่างมันก็ลงตัวไปเอง คงเพราะผมกระโจนเข้าไปทำเลยโดย ไม่คิดมากมั้ง
10-0605	talk	You just sorta went for it, huh?	คุณแค่ลุยไปเลยแบบนั้นสินะคะ?
10-0606	talk	Yeah. But what works for me might not work for everyone else, so...	ใช่ แต่สิ่งที่ได้ผลกับผมอาจ ใช้ไม่ได้กับทุกคน เพราะงั้น...
10-0607	talk	Thanks for hanging out with me today. I really needed this.	ขอบคุณที่มาเที่ยวกับฉันวันนี้นะคะ ฉันต้องการแบบนี้จริง ๆ
10-0608	talk	No problem. I'm sure it's not easy having to look through so many jobs, but it'll pay off in the long run. I know it will.	ไม่เป็นไร ผมรู้ว่ามันไม่ง่ายเลยที่ต้องหา งานเยอะขนาดนี้ แต่มันจะคุ้มค่าในระยะยาวแน่นอน ผมมั่นใจ
10-0609	talk	Has anyone ever told you how amazing you are?	เคยมีใครบอกคุณไหมคะว่าคุณนี่ สุดยอดแค่ไหน?
10-0610	talk	Huh? Where's all this coming from?	หา? อยู่ ๆ พูดเรื่องนี้ขึ้นมาทำไม?
10-0611	talk	Well, I was just thinking about how I've been going about things... and I realized how timid I am. About everything.	ก็แค่กำลังคิดถึงวิธีที่ฉัน ใช้ชีวิตมาตลอดน่ะค่ะ... แล้วก็รู้ตัวว่าฉันขี้กลัวขนาดไหน กับทุกเรื่องเลย
10-0612	talk	You, on the other hand, seem like the type who isn't satisfied unless they're doing exactly what they want.	แต่คุณดูเหมือนเป็นคนที่จะไม่ พอใจเลยถ้าไม่ได้ทำในสิ่ง ที่ตัวเองต้องการจริง ๆ
10-0613	talk	...Yeah, that does sound like me.	...ใช่ ก็ฟังดูเป็นผมจริง ๆ นะ
10-0614	talk	And I admire that... a lot!	แล้วฉันก็ชื่นชมตรงนั้นนะคะ... มากเลยด้วย!
10-0615	talk	Hahaha. I appreciate you saying that.	ฮ่าฮ่าฮ่า ขอบคุณที่พูดแบบนั้นนะ
10-0616	talk	So. I've decided to take a deeper look at how I really want to live my life.	เพราะงั้น ฉันตัดสินใจแล้วว่าจะมองให้ลึก ขึ้นว่าอยากใช้ชีวิตแบบไหนจริง ๆ ค่ะ
10-0617	talk	That's good. And remember, you can always count on me for support.	ดีเลย แล้วก็อย่าลืมนะ คุณพึ่งพาผมได้เสมอ
10-0618	talk	Thank you, Yagami-san. For making our conversations really meaningful.	ขอบคุณนะคะ ยากามิซัง ที่ทำให้บทสนทนาของเรามีความหมายจริง ๆ
10-0619	talk	Not to mention a lot of fun!	แถมยังสนุกมากด้วย!
10-0620	talk	Any time. Hope I helped clear your head a little.	ยินดีเสมอ หวังว่าจะช่วยให้หัวคุณโล่งขึ้นบ้างนะ
10-0621	talk	Definitely! ...Text me sometime, okay?	แน่นอนค่ะ! ...ทักมาหาบ้างนะคะ?
10-0622	talk	Phew. I'm a little exhausted from letting all that out...	ฮื้อ เหนื่อยนิดหน่อยเลยที่ได้ระบาย ออกมาแบบนี้...
10-0623	talk	Thanks for today, Yagami-san. See you later.	ขอบคุณสำหรับวันนี้นะคะ ยากามิซัง แล้วเจอกันค่ะ
10-0624	talk	Hey, sorry to keep you waiting.	อ้าว ขอโทษที่ให้รอนะคะ
10-0625	talk	No worries. Congrats on making it past the resume screening.	ไม่เป็นไร ยินดีด้วยนะที่ผ่านการคัดเลือกใบสมัคร
10-0626	talk	Thanks! I can hardly believe it myself.	ขอบคุณค่ะ! ฉันเองก็แทบไม่เชื่อสายตาตัวเองเลย
10-0627	talk	You seem a little different today.	วันนี้คุณดูแปลกไปนิดหน่อยนะ
10-0628	talk	Oh yeah, I actually have an interview after this. They told me to come dressed casually.	อ๋อ ใช่ค่ะ จริง ๆ ฉันมีนัดสัมภาษณ์งานต่อจากนี้ เขาบอกให้แต่งตัวสบาย ๆ มา
10-0629	talk	Oh! Then... are you gonna be okay on time?	อ้าว! งั้น... เวลาจะพอไหวเหรอ?
10-0630	talk	Yeah, we've got some time till the interview. Besides... I'd feel a lot more relaxed just talking with you until then.	ค่ะ ยังพอมีเวลาก่อนสัมภาษณ์อยู่ แล้วก็... ได้คุยกับคุณก่อนไปคงทำให้ฉัน ผ่อนคลายขึ้นเยอะเลยค่ะ
10-0631	talk	Gotcha. Is there anything in particular you wanted to do?	เข้าใจแล้ว มีอะไรที่อยากทำเป็นพิเศษไหม?
10-0632	talk	We could play darts, go to the arcade...	จะเล่นปาลูกดอก ไปตู้เกม หรือ...
10-0633	talk	Ooh, let's play darts... I saw that on TV yesterday.	โอ้ ไปเล่นปาลูกดอกกันเถอะค่ะ... เมื่อวานเห็นในทีวีพอดีเลย
10-0634	talk	Darts it is, then.	งั้นก็ปาลูกดอกแล้วกัน
10-0635	talk	Ugh. You again...	แหะ คุณอีกแล้วเหรอ...
10-0636	talk	Tell me. Have you ever stopped to contemplate the beauty of the Moon as it shines in the night sky?	บอกข้าที เจ้าเคยหยุดพิจารณาความงดงามของ ดวงจันทร์ที่ส่องแสงบน ท้องฟ้ายามค่ำคืนบ้างไหม?
10-0637	talk	I've been dwelling upon the rotation of the heavens for quite some time. And I had the most curious epiphany...	ข้าครุ่นคิดถึงการหมุนของฟากฟ้า มาสักพักใหญ่แล้ว และข้าก็ค้นพบสิ่งที่น่าพิศวงที่สุด...
10-0638	talk	The Moon is only beautiful because you look up at it from Earth.	ดวงจันทร์จะงดงามได้ก็เพราะเจ้า มองมันจากพื้นโลกเท่านั้น
10-0639	talk	Like a duplicitous lover, it draws tantalizingly close, almost within reach... but you can never truly touch it.	ราวกับคนรักผู้เจ้าเล่ห์ มันเข้ามาใกล้ชวนให้ล่อลวงจนแทบ เอื้อมถึง... แต่เจ้าก็ไม่มีวันแตะต้องมันได้จริง
10-0640	talk	Thus, the Earth is necessary for the Moon to boast merit in beauty.	ดังนั้น โลกจึงจำเป็นต่อดวงจันทร์ในการ อวดความงามของมัน
10-0641	talk	And the Earth that inches closer to the Moon, slowly but surely... is me!	และโลกที่ค่อย ๆ เคลื่อนเข้าใกล้ดวงจันทร์อย่างช้า ๆ แต่มั่นคงนั้น... ก็คือข้าเอง!
10-0642	talk	...Do you ever actually make sense? Or do you only speak gibberish around me?	...คุณพูดมีเหตุผลบ้างไหมเนี่ย? หรือพอมาเจอผมแล้วพูดแต่เรื่อง เพ้อเจ้อ?
10-0643	talk	Enough playing the fool. You and I will decide our worth as gentlemen with the honorable pastime of darts.	พอทีกับการเล่นตลก เจ้ากับข้าจะตัดสินคุณค่าความ เป็นสุภาพบุรุษกันด้วย กีฬาอันทรงเกียรติอย่างการปาลูกดอก
10-0644	talk	Um. We're in the middle of a date here...	เอ่อ ตอนนี้เรากำลังเดตกันอยู่นะ...
10-0645	talk	Rubbish. If you fancy a date with my fiancée, then defeat me at the dartboard.	ไร้สาระ ถ้าเจ้าอยากเดตกับคู่หมั้นของข้า ก็เอาชนะข้าที่กระดานปาลูกดอก ให้ได้ก่อนสิ
10-0646	talk	Then perhaps I may lend her to you. For the better part of an hour or so.	จากนั้นบางทีข้าอาจให้เจ้ายืมเธอไปได้ สักชั่วโมงเศษ ๆ ก็ว่ากันไป
10-0647	talk	...Sorry, but I don't need your permission.	...ขอโทษนะ แต่ผมไม่ต้องขออนุญาตจากคุณหรอก
10-0648	talk	And Tsukino-chan isn't some trophy that you can lend at will.	แล้วสึกิโนะจังก็ไม่ใช่ ถ้วยรางวัลที่คุณจะให้ยืมได้ ตามใจชอบ
10-0649	talk	That much is obvious. But it is my duty as an English gentleman to escort her safely wherever she pleases!	นั่นมันชัดเจนอยู่แล้ว แต่มันคือหน้าที่ของข้าในฐานะ สุภาพบุรุษอังกฤษที่ต้อง คุ้มกันเธอให้ปลอดภัยไม่ว่าเธอ จะไปที่ไหนก็ตาม!
10-0650	talk	And that is why I refuse to allow such an unscrupulous lowborn street rat to fall into Tsukino-san's good graces!	และนั่นแหละคือเหตุผลที่ข้าจะ ไม่มีวันยอมให้ไอ้หนู ข้างถนนไร้สกุลไร้ยางอายอย่าง เจ้าเข้าไปอยู่ในสายตาดี ๆ ของสึกิโนะซังเด็ดขาด!
10-0651	talk	Now have at thee!	รับมือข้าให้ได้เถอะ!
10-0652	talk	...Let's get out of here, Tsukino-chan.	...ไปจากที่นี่กันเถอะ สึกิโนะจัง
10-0653	talk	Oh, okay.	อ๋อ ค่ะ
10-0654	talk	Hey! You cannot simply <font_kind=yakuza_italic>ignore</font_kind> me, you sniveling swine!	เฮ้! เจ้าจะ<font_kind=yakuza_italic>เมินเฉย</font_kind>ต่อข้าแบบนั้นไม่ได้นะ ไอ้หมูขี้ขลาด!
10-0655	talk	...Damn. I almost hoped you'd disappear if I looked the other way.	...บ้าเอ๊ย นึกว่าถ้าหันหน้าไปทางอื่นคุณจะ หายไปซะอีก
10-0656	talk	If you find fault with my perseverance, then defeat me at the dartboard! Or do you wish to dishonor Tsukino-chan?	ถ้าเจ้าตำหนิความมุ่งมั่นของข้าละก็ ก็เอาชนะข้าที่กระดานปาลูกดอกสิ! หรือเจ้าอยากทำให้สึกิโนะจัง เสียเกียรติล่ะ?
10-0657	talk	(I get the feeling he won't shut up unless I actually go through with this.)	(รู้สึกว่าไอ้นี่คงไม่ยอมหุบปาก ถ้าผมไม่ทำตามที่มันท้าจริง ๆ)
10-0658	talk	Ahh, that's more like it.	อา นั่นแหละที่ควรจะเป็น
10-0659	talk	Sorry, Yagami-san... This happens every time...	ขอโทษนะคะ ยากามิซัง... เรื่องนี้เกิดขึ้นทุกทีเลย...
10-0660	talk	Now then. The stadium awaits.	เอาล่ะ สนามรออยู่แล้ว
10-0661	talk	Let us be off, Yukikawa.	ไปกันเถอะ ยูกิกาวะ
10-0662	talk	How... How is this even possible?	ยังไง... เป็นไปได้ยังไงกัน?
10-0663	talk	All right then. I'll be off with Tsukino-chan, now.	เอาล่ะงั้น ผมจะไปกับสึกิโนะจังก่อนนะ
10-0664	talk	Curse you... You... goatish... insufferable... <font_kind=yakuza_italic>peasant</font_kind>!	แช่งเจ้า... เจ้ามัน... ราคะเยี่ยงแพะ... น่ารำคาญเหลือทน... <font_kind=yakuza_italic>ไอ้ไพร่</font_kind>!
10-0665	talk	Let's get going, Tsukino-chan.	ไปกันเถอะ สึกิโนะจัง
10-0666	talk	Oh, sure!	อ้อ ได้ค่ะ!
10-0667	talk	Ahahahaha! Did you enjoy seeing me toy with him until I crushed him underfoot like the vermin he is?	อะฮ่าฮ่าฮ่าฮ่า! เจ้าเพลิดเพลินไหมที่ได้เห็นข้า เล่นงานเขาไปมาจนบดขยี้ เขาไว้ใต้เท้าราวกับเขาเป็น แมลงสาบตัวหนึ่ง?
10-0668	talk	Now, my resplendent little asteroid. Let us depart this place.	เอาล่ะ ดาวเคราะห์น้อยอันเจิดจรัสของข้า เราไปจากที่นี่กันเถิด
10-0669	talk	...B-But...	...แ-แต่...
10-0670	talk	Are you truly so concerned about the man?	เจ้าเป็นห่วงชายคนนั้นจริง ๆ หรือ?
10-0671	talk	W-Well, yes...	ก็... ใช่ค่ะ...
10-0672	talk	Hmph. It seems I underestimated this scruffy peasant.	หึ ดูเหมือนข้าจะประเมินไอ้ไพร่ สกปรกคนนี้ต่ำไปหน่อย
10-0673	talk	A beautiful yet tiny moon needs a planet for protection. For stability.	ดวงจันทร์งดงามแต่แสนเล็กย่อม ต้องการดาวเคราะห์ไว้ปกป้อง เพื่อความมั่นคง
10-0674	talk	It would seem we are fated to fight for such an honor.	ดูท่าพวกเราคงถูกลิขิตให้ต่อสู้ เพื่อเกียรตินั้น
10-0675	talk	What are you trying to say?	นายพยายามจะพูดอะไร
10-0676	talk	A final duel! A proper one this time! The victor will claim the right to Tsukino-san's affections!	การดวลครั้งสุดท้าย! คราวนี้เอาให้สมศักดิ์ศรี! ผู้ชนะจะได้สิทธิ์ครองใจสึกิโนะซัง!
10-0677	talk	<font_kind=yakuza_italic>Another</font_kind> duel? How many times does that make this now?	ดวล<font_kind=yakuza_italic>อีกแล้ว</font_kind>เหรอ? นี่จะกี่ครั้งแล้วเนี่ย?
10-0678	talk	Ah, but in 19th-century England, dueling was a privilege bestowed on gentlemen to decide what the law could not!	อา แต่ในอังกฤษยุคศตวรรษที่ 19 การดวลคือสิทธิพิเศษที่มอบให้ สุภาพบุรุษ ใช้ตัดสินสิ่งที่กฎหมายตัดสินไม่ได้!
10-0679	talk	...You know we're not in 19th-century England, right?	...นายรู้ใช่ไหมว่านี่ไม่ใช่อังกฤษ ศตวรรษที่ 19
10-0680	talk	Are we not, though? You see, I carry the great country of England within my heart and soul. As such, I am always there!	งั้นหรือ? เจ้าก็รู้นี่ว่าข้าแบกรับ แผ่นดินอังกฤษอันยิ่งใหญ่ไว้ ในหัวใจและจิตวิญญาณ ฉะนั้นข้าจึงอยู่ที่นั่นเสมอ!
10-0681	talk	That makes no sense whatsoever...	นั่นมันไม่สมเหตุสมผลเอาซะเลย...
10-0682	talk	Besides, duels are prohibited in Japan. Are you trying to get a prison sentence?	อีกอย่าง การดวลผิดกฎหมายในญี่ปุ่นนะ นายอยากติดคุกหรือไง?
10-0683	talk	...A life without Tsukino-san is my only prison.	...ชีวิตที่ปราศจากสึกิโนะซัง ต่างหากคือคุกเดียวของข้า
10-0684	talk	And even if I had to reach through prison bars in order to grasp at my lover's soft hand...	และแม้ข้าต้องยื่นมือลอดผ่าน ลูกกรงคุกเพื่อคว้ามือ นุ่มนวลของคนรักข้า...
10-0685	talk	I, Daichi Ryuzenji, would gladly accept my embondagement!	ข้า ไดจิ ริวเซนจิ ก็จะขอน้อมรับ "การจองจำรัก" นี้ด้วยความยินดี!
10-0686	talk	(...Is "embondagement" even a word?)	(..."การจองจำรัก" นี่มันเป็นคำจริงหรือเปล่านะ?)
10-0687	talk	If you manage to best me this time, I shall cease my pursuit of Tsukino-san once and for all.	หากคราวนี้เจ้าเอาชนะข้าได้ ข้าจะเลิกตามตื้อสึกิโนะซังตลอดไป
10-0688	talk	I swear it on my honor as a gentleman!	ข้าขอสาบานด้วยเกียรติแห่งสุภาพบุรุษ!
10-0689	talk	Will you really stop bothering us if I win?	ถ้าผมชนะ นายจะเลิกกวนใจพวกเราจริง ๆ นะ?
10-0690	talk	As I said I would. But if you lose, I expect you to wave farewell to Tsukino-san. For all eternity.	ตามที่ข้าพูดไว้ แต่หากเจ้าแพ้ ข้าคาดหวังให้เจ้าโบกมือลาสึกิโนะซัง ไปตลอดกาล
10-0691	talk	Now come hither, samurai boy! Show me what the land of the rising sun can do!	มาเถิด เจ้าหนุ่มซามูไร! แสดงให้ข้าเห็นสิว่าดินแดน อาทิตย์อุทัยทำอะไรได้บ้าง!
10-0692	talk	No thanks.	ไม่ล่ะ ขอบใจ
10-0693	talk	So you admit your defeat? Excellent. Then hand Tsukino-san over to me!	งั้นเจ้ายอมรับความพ่ายแพ้แล้วสินะ? ดีมาก ถ้างั้นก็ยกสึกิโนะซังให้ข้ามาซะ!
10-0694	talk	...Man. You are one persistent guy, you know that?	...ให้ตายสิ นายนี่มันดื้อรั้นจริง ๆ นะเนี่ย รู้ตัวไหม?
10-0695	talk	Fine. I accept your terms.	ก็ได้ ผมยอมรับเงื่อนไขของนาย
10-0696	talk	Sure. I've got what it takes to bring you down.	ได้เลย ผมมีของพอจะจัดการนายอยู่แล้ว
10-0697	talk	Are you sure about this?	แน่ใจเรื่องนี้เหรอคะ?
10-0698	talk	Hey. Whatever it takes to get rid of this dude, I'm doing it.	เฮ้ ยังไงก็ตามที่จะกำจัดไอ้หมอนี่ได้ ผมทำหมด
10-0699	talk	Ah, now that's more like it.	อา นั่นแหละที่ข้าอยากได้ยิน
10-0700	talk	Now then, let us relocate ourselves. It would not do for a gentleman to cause a scene in public.	เอาล่ะ ย้ายที่กันเถิด สุภาพบุรุษไม่ควรสร้าง ความวุ่นวายในที่สาธารณะ
10-0701	talk	Here we are, peasant. Don't tell me you plan on fighting with fists alone?	มาถึงแล้ว ไอ้ไพร่ อย่าบอกนะว่าเจ้าจะสู้ด้วยหมัดเปล่า ๆ
10-0702	talk	Eh. I'm used to it by now.	เอ่อ ผมชินกับมันไปแล้วล่ะ
10-0703	talk	Very well. According to tradition, I will wield the cane I inherited from my grandfather. Do you object?	ดีมาก ตามธรรมเนียมแล้ว ข้าจะใช้ไม้เท้าที่สืบทอดมาจาก ปู่ของข้า เจ้าจะคัดค้านหรือไม่?
10-0704	talk	Nope, go right ahead. Use whatever you think will help.	ไม่หรอก เชิญเลย จะใช้อะไรก็ตามใจ
10-0705	talk	Hmph, I intend to. Now then...	หึ ข้าตั้งใจจะทำแบบนั้นอยู่แล้ว เอาล่ะ...
10-0706	talk	King Arthur! Grant me your strength! Hraaaaaaaaaaaagh!!!	กษัตริย์อาเธอร์! โปรดประทานพลังแก่ข้า! ฮ้าาาาาาาาาากกก!!!
10-0707	talk	Hoargh... Impossible... A modern prince like me, losing to a pauper like you...	โฮ่ก...เป็นไปไม่ได้... เจ้าชายยุคใหม่อย่างข้า จะพ่ายแพ้ให้กับคนยากไร้อย่างเจ้า...
10-0708	talk	You sure talk a lot about class for someone who just got schooled.	พูดเรื่องชนชั้นเยอะจังเลยนะ ทั้งที่เพิ่งโดนสั่งสอนไปหมาด ๆ
10-0709	talk	Young Master!	คุณชาย!
10-0710	talk	Now make good on the oath you swore and part ways with the fair maid— Ugh, now I'm starting to sound like you...	เอาล่ะ ทำตามคำสาบานที่นายให้ไว้ซะ แล้วเลิกยุ่งกับหญิงสาวผู้นั้น— อุ๊ย ผมเริ่มพูดจาเหมือนนายซะแล้ว...
10-0711	talk	Forgive me, my sweet Tsukino-san... I've... I've failed you...	โปรดอภัยแก่ข้าด้วย สึกิโนะซังที่รัก... ข้า... ข้าทำให้เจ้าผิดหวัง...
10-0712	talk	You little pissant. Do you have any idea how badly you messed up just now!?	ไอ้เด็กระยำ นายรู้ตัวไหมว่าเมื่อกี้ทำ เรื่องเลวร้ายแค่ไหน!?
10-0713	talk	Wow. What the actual hell?	โห นี่มันอะไรกันเนี่ย?
10-0714	talk	Did you really believe you could walk away unharmed after raising a hand to the Ryuzenji Group!?	นายคิดจริง ๆ เหรอว่าจะเดินหนีไปได้อย่าง ปลอดภัยหลังจากยกมือทำร้าย กลุ่มบริษัทริวเซนจิ!?
10-0715	talk	All right, gents! Carve him up good!	เอาล่ะ พวกนาย! จัดการมันซะให้เละ!
10-0716	talk	Cease this at once, Yukikawa!	หยุดเดี๋ยวนี้เลย ยูกิกาวะ!
10-0717	talk	I-I beg your pardon?	ข-ขออภัยครับ ว่าอย่างไรนะครับ?
10-0718	talk	Please. Do not shame us any further. An English gentleman never backs down on his word.	ขอร้องล่ะ อย่าทำให้พวกเราต้องอับอายไป มากกว่านี้เลย สุภาพบุรุษอังกฤษไม่มีวัน กลืนน้ำลายตัวเอง
10-0719	talk	B-But... Young Master...	แ-แต่... คุณชาย...
10-0720	talk	Ryuzenji...	ริวเซนจิ...
10-0721	talk	Tsukino-san. There is something I must ask you.	สึกิโนะซัง มีเรื่องหนึ่งที่ข้าต้องถามเจ้า
10-0722	talk	Why do you refuse my proposal? Is it that you... dislike me?	เหตุใดเจ้าจึงปฏิเสธคำขอของข้า เป็นเพราะเจ้า... ไม่ชอบข้าหรือ?
10-0723	talk	Th-That's not it...	ไ-ไม่ใช่แบบนั้นค่ะ...
10-0724	talk	Then please. Help me understand.	ถ้าเช่นนั้น โปรดช่วยให้ข้าเข้าใจด้วยเถิด
10-0725	talk	I've been pining for you for so long, you see... All I wish to do is hear your heart.	ข้าโหยหาเจ้ามานานแสนนาน... สิ่งเดียวที่ข้าปรารถนาคือได้ ฟังเสียงจากใจของเจ้า
10-0726	talk	Well, I certainly don't hate you, Ryuzenji-san. In fact, I think you're actually a pretty decent guy.	ก็... ฉันไม่ได้เกลียดคุณเลยนะคะ ริวเซนจิซัง จริง ๆ แล้วฉันว่าคุณเป็นคนดีเอาเรื่อง เลยล่ะค่ะ
10-0727	talk	Then... why do you refuse me?	งั้น... เหตุใดเจ้าจึงปฏิเสธข้า?
10-0728	talk	It's... because...	มันเป็นเพราะว่า...
10-0729	talk	I want to stay in Tokyo and draw as a living. So I can't go home.	ฉันอยากอยู่โตเกียวต่อแล้ว วาดรูปหาเลี้ยงชีพค่ะ เลยกลับบ้านไม่ได้
10-0730	talk	Your career?	อาชีพของเจ้างั้นหรือ?
10-0731	talk	Yes. I've been drawing ever since I was little. Right now it's still just a hobby, but I love it nonetheless.	ใช่ค่ะ ฉันวาดรูปมาตั้งแต่เด็ก ตอนนี้มันยังเป็นแค่งานอดิเรก แต่ฉันก็รักมันมากค่ะ
10-0732	talk	Is... that so...	งั้น... หรือ...
10-0733	talk	It is. And the only reason I haven't pursued it further is because I didn't think I'd make it as a professional.	ใช่ค่ะ และเหตุผลเดียวที่ฉันยังไม่ได้ ลงมือทำจริงจังก็เพราะ คิดว่าคงไม่มีทางเป็นมืออาชีพได้
10-0734	talk	However... nothing good will happen if all I do is sit around and mope. I have to go all in.	แต่ว่า... จะไม่มีอะไรดีขึ้นเลยถ้าฉันได้ แต่นั่งเศร้าเฉย ๆ ฉันต้องทุ่มสุดตัว
10-0735	talk	I learned that from someone special to me.	ฉันเรียนรู้เรื่องนั้นมาจาก คนสำคัญคนหนึ่งค่ะ
10-0736	talk	That's why I'm gonna dive right into my career... and make my dreams come true!	เพราะแบบนั้นฉันถึงจะกระโจน เข้าสู่เส้นทางอาชีพนี้เต็มตัว... แล้วทำให้ความฝันเป็นจริงให้ได้!
10-0737	talk	Tsukino-chan...	สึกิโนะจัง...
10-0738	talk	I... think I understand.	ข้า... คิดว่าเข้าใจแล้ว
10-0739	talk	Ahahaha! Indeed! It all makes sense now!	อะฮ่าฮ่าฮ่า! นั่นสิ! ตอนนี้ทุกอย่างเข้าใจได้แล้ว!
10-0740	talk	...What does?	...เข้าใจอะไรคะ?
10-0741	talk	Do you remember what you drew for me, back when we were children?	เจ้ายังจำได้ไหมว่าเคยวาดอะไร ให้ข้าตอนที่พวกเรายังเด็ก?
10-0742	talk	I... drew something for you?	ฉัน... เคยวาดอะไรให้คุณเหรอคะ?
10-0743	talk	Oh yes. It was a picture of us... betrothed in holy matrimony. Your wedding gown was breathtaking...	อา ใช่แล้ว มันคือภาพของพวกเรา... ที่กำลังทำพิธีสมรสอันศักดิ์สิทธิ์ ชุดแต่งงานของเจ้างดงามจนแทบขาดใจ...
10-0744	talk	What you created was probably beyond your comprehension at the time, but it nearly moved me to tears. 	สิ่งที่เจ้าสร้างขึ้นตอนนั้นอาจ เกินกว่าที่เจ้าจะ เข้าใจได้ด้วยซ้ำ แต่มันเกือบทำให้ข้าน้ำตาไหล
10-0745	talk	That picture was the reason I fell in love with you.	ภาพนั้นแหละคือเหตุผลที่ทำให้ ข้าตกหลุมรักเจ้า
10-0746	talk	I-It was?	จ-จริงเหรอคะ?
10-0747	talk	Yes. From that day forward, my singular goal in life was to make that a reality.	ใช่แล้ว นับแต่วันนั้นเป็นต้นมา เป้าหมายเดียวในชีวิตของข้าคือ ทำให้ภาพนั้นเป็นจริง
10-0748	talk	That was why I studied abroad in England... to become a gentleman worthy of your affections.	นั่นจึงเป็นเหตุผลที่ข้าไปศึกษา ต่อที่อังกฤษ... เพื่อเป็นสุภาพบุรุษที่คู่ควร กับความรักของเจ้า
10-0749	talk	You went that far... for me?	คุณทำถึงขนาดนั้น... เพื่อฉันเลยเหรอคะ?
10-0750	talk	But of course. In fact, I still have that picture framed on my bedroom wall.	ก็แน่นอนอยู่แล้ว อันที่จริงข้ายังใส่กรอบภาพนั้น แขวนไว้บนผนังห้องนอนข้าอยู่เลย
10-0751	talk	Alas... How ironic it is...	อนิจจา... ช่างเป็นเรื่องเหน็บแนมชะตากรรม เสียนี่กระไร...
10-0752	talk	That the portrait of bliss that brought us together... ended up depicting our demise.	ภาพวาดแห่งความสุขที่นำพาเรามาพบกัน... กลับกลายเป็นภาพวาดจุดจบของเรา ไปเสียได้
10-0753	talk	Ahahaha...	อะฮ่าฮ่าฮ่า...
10-0754	talk	Ryuzenji. No one has the right to decide someone's destiny.	ริวเซนจิ ไม่มีใครมีสิทธิ์ตัดสิน ชะตาชีวิตของคนอื่น
10-0755	talk	If you plan on getting in her way, then as her friend, I'm gonna have to stop you.	ถ้านายคิดจะขวางทางเธอ ในฐานะเพื่อนของเธอ ผมก็ต้องหยุดนายไว้
10-0756	talk	...Hmph. You needn't worry.	...หึ ไม่ต้องเป็นห่วงหรอก
10-0757	talk	As her fiancé, I would never wish to hinder her in any way. I shall return home for the time being.	ในฐานะคู่หมั้นของนาง ข้าไม่มีวันปรารถนาจะขัดขวางนาง ไม่ว่าทางใด ข้าจะกลับบ้านไปก่อนสักพัก
10-0758	talk	And besides, I'm living proof...	อีกอย่าง ข้าเองก็เป็นหลักฐานที่มีชีวิต...
10-0759	talk	That Tsukino-san's art possesses the power to move people's hearts. Enough to change a man's life.	ว่างานศิลปะของสึกิโนะซังมีพลัง สั่นสะเทือนหัวใจผู้คนได้จริง มากพอจะเปลี่ยนชีวิตคนคนหนึ่งไปเลย
10-0760	talk	That's why I want to see your drawings when you're done. Consider me your first fan.	เพราะแบบนั้นข้าถึงอยากเห็น ผลงานของเจ้าเมื่อเสร็จแล้ว ถือว่าข้าเป็นแฟนคลับคนแรกของ เจ้าก็แล้วกัน
10-0761	talk	Ryuzenji-san...	ริวเซนจิซัง...
10-0762	talk	But if it turns out you had no intention of giving it your all...	แต่หากปรากฏว่าเจ้าไม่ได้ตั้งใจ ทุ่มสุดตัวจริง ๆ...
10-0763	talk	I'll be back to marry you faster than you can say, "Old King Cole was a merry old soul and a merry old soul was he"!	ข้าจะกลับมาแต่งงานกับเจ้าให้ เร็วกว่าที่เจ้าจะพูดประโยค "Old King Cole was a merry old soul and a merry old soul was he" จบซะอีก!
10-0764	talk	A-All right then.	เ-เอาล่ะค่ะ
10-0765	talk	Very well. I shall negotiate with your parents while you focus on your career. And so we part ways here.	ดีมาก ข้าจะไปเจรจากับพ่อแม่ของเจ้าเอง ระหว่างที่เจ้ามุ่งมั่นกับอาชีพ ของเจ้าไป แล้วเราก็จะแยกทางกันตรงนี้แหละ
10-0766	talk	Farewell, my shining image of perfection! Let us be off, Yukikawa!	ลาก่อน ภาพลักษณ์อันสมบูรณ์แบบเจิดจรัสของข้า! ไปกันเถิด ยูกิกาวะ!
10-0767	talk	I guess you really need to get that job now.	งั้นตอนนี้คุณคงต้องได้งานนั้น ให้ได้จริง ๆ แล้วสินะ
10-0768	talk	You still have time until your interview. Would you like to sit down somewhere and relax for a bit?	ยังมีเวลาก่อนสัมภาษณ์อยู่นะ อยากไปนั่งพักผ่อนที่ไหนสักที่ไหม?
10-0769	talk	That sounds like a good idea...	ฟังดูเป็นความคิดที่ดีเลยค่ะ...
10-0770	talk	So... ready for that interview?	แล้ว... พร้อมสำหรับสัมภาษณ์หรือยัง?
10-0771	talk	I hope so... I'm still kinda nervous, to be honest.	หวังว่างั้นนะคะ... จริง ๆ แล้วก็ยังตื่นเต้นอยู่เลยค่ะ
10-0772	talk	Well, what kind of company is it?	แล้วบริษัทนี้ทำอะไรเหรอ?
10-0773	talk	It's a web design company. It's not really that big, but...	เป็นบริษัทออกแบบเว็บไซต์ค่ะ ไม่ได้ใหญ่โตอะไรมาก แต่...
10-0774	talk	I like all the websites they've designed so far. Their design philosophy seems to match my own.	ฉันชอบเว็บไซต์ทุกอันที่พวกเขา ออกแบบมาเลยค่ะ แนวคิดการออกแบบของพวกเขาดูจะ เข้ากับของฉันด้วย
10-0775	talk	Have you got your introduction down yet?	เตรียมคำแนะนำตัวไว้แล้วหรือยัง?
10-0776	talk	Yes. I've thought about my reason for applying...	ค่ะ ฉันคิดเรื่องเหตุผลที่สมัครไว้แล้ว...
10-0777	talk	Would you mind listening?	ฉันขอลองพูดให้ฟังได้ไหมคะ?
10-0778	talk	Not at all. I'll pretend I'm interviewing you, and you respond as naturally as you can.	ได้เลย ผมจะสมมติว่าเป็นคนสัมภาษณ์ คุณก็ตอบไปแบบธรรมชาติที่สุด เท่าที่จะทำได้
10-0779	talk	Got it. Okay, here goes!	ได้ค่ะ โอเค เริ่มเลยนะคะ!
10-0780	talk	So, I applied here because I want to make something that moves people's hearts.	ฉันสมัครที่นี่เพราะอยาก สร้างสรรค์สิ่งที่สั่นสะเทือน หัวใจผู้คนค่ะ
10-0781	talk	And since your company is known for designs that are both innovative and user-friendly...	และเนื่องจากบริษัทของท่าน มีชื่อเสียงเรื่องงานออกแบบ ที่ทั้งสร้างสรรค์และใช้งานง่าย...
10-0782	talk	I'd be honored to be a part of that creative culture as one of your employees.	ฉันรู้สึกเป็นเกียรติที่จะได้ เป็นส่วนหนึ่งของวัฒนธรรม สร้างสรรค์นี้ในฐานะพนักงานคนหนึ่งค่ะ
10-0783	talk	...Or something like that.	...ประมาณนั้นน่ะค่ะ
10-0784	talk	Oh. Sorry. I wasn't mentally prepared.	อ้าว ขอโทษที ผมยังไม่ทันตั้งตัวเลย
10-0785	talk	Hey... don't tell me <font_kind=yakuza_italic>you're</font_kind> the one who's nervous!	เฮ้... อย่าบอกนะว่าคน<font_kind=yakuza_italic>ตื่นเต้น</font_kind> คือคุณเองนี่แหละ!
10-0786	talk	Haha. Maybe so. I'll let you know when I'm ready.	ฮ่าฮ่า อาจจะใช่นะ เดี๋ยวผมจะบอกตอนพร้อมแล้ว
10-0787	talk	Okay. Ready when you are.	โอเคค่ะ พร้อมเมื่อไหร่ก็บอกได้เลย
10-0788	talk	What can you contribute to our company?	คุณจะมีส่วนช่วยบริษัทเราได้ยังไงบ้าง?
10-0789	talk	U-Um, well...	เ-เอ่อ คือว่า...
10-0790	talk	To be honest... I still have a lot to learn. It'll take some time for me to make any significant contributions.	จริง ๆ แล้ว... ฉันยังมีอะไรต้องเรียนรู้อีกเยอะค่ะ คงต้องใช้เวลาสักพักกว่าจะสร้าง ผลงานที่โดดเด่นได้
10-0791	talk	But I'd like to start by contributing whatever I can, no matter how small that may be, and learn along the way.	แต่ฉันอยากเริ่มจากการทำในสิ่ง ที่ทำได้ก่อน ไม่ว่าจะเล็กน้อยแค่ไหน แล้วเรียนรู้ไปพร้อมกันค่ะ
10-0792	talk	That's because I'm the kind of person who gets the job done, no matter what it is.	เพราะฉันเป็นคนประเภทที่ทำงาน ให้เสร็จได้ไม่ว่าจะ เป็นงานอะไรก็ตามค่ะ
10-0793	talk	And as long as I have the opportunity, I believe I can be a great asset to the company.	และตราบใดที่ฉันมีโอกาส ฉันเชื่อว่าจะเป็นกำลังสำคัญให้ บริษัทได้ค่ะ
10-0794	talk	What kind of designer do you see yourself as?	คุณมองตัวเองเป็นดีไซเนอร์แบบไหน?
10-0795	talk	For example...	ยกตัวอย่างเช่น...
10-0796	talk	This might seem a bit dramatic, but...	อาจฟังดูเวอร์ไปหน่อยนะคะ แต่...
10-0797	talk	I believe a well-thought-out design can influence a person's thoughts and behavior.	ฉันเชื่อว่างานออกแบบที่คิดมา อย่างดีสามารถส่งอิทธิพล ต่อความคิดและพฤติกรรมของคนได้ค่ะ
10-0798	talk	That's what makes this position unique. Because if you really think about it, designers have the power to change the world!	นั่นแหละคือสิ่งที่ทำให้ตำแหน่ง นี้พิเศษ เพราะถ้าลองคิดดูดี ๆ นักออกแบบมีพลังเปลี่ยนแปลงโลก ได้เลยค่ะ!
10-0799	talk	(I see...)	(เข้าใจแล้ว...)
10-0800	talk	So. What did you think?	แล้ว... คิดว่ายังไงบ้างคะ?
10-0801	talk	I think you're all set. You communicated yourself very clearly the whole time.	ผมว่าคุณพร้อมแล้วล่ะ สื่อสารได้ชัดเจนมากตลอดเลย
10-0802	talk	I-I did?	จ-จริงเหรอคะ?
10-0803	talk	Yep. Though you came across as idealistic, you showed enough humility and strength of character to actually back it up.	ใช่ แม้จะดูมีอุดมคติไปหน่อย แต่คุณก็แสดงความถ่อมตัวและความ แข็งแกร่งของตัวตนมาก พอที่จะการันตีมันได้จริง
10-0804	talk	If it were up to me, I'd hire you on the spot.	ถ้าให้ผมตัดสินใจ ผมรับคุณเข้าทำงานตรงนี้เลยล่ะ
10-0805	talk	That's... perfect! Exactly what I was going for!	นั่น... เยี่ยมไปเลยค่ะ! ตรงกับที่ฉันตั้งใจไว้เป๊ะ!
10-0806	talk	Maybe you can bring up something more concrete when you talk about making a contribution?	ลองพูดอะไรที่เจาะจงกว่านี้ตอน พูดถึงเรื่องที่จะ ช่วยเหลือบริษัทดูไหม?
10-0807	talk	What... exactly do you mean?	หมายความว่า... ยังไงเหรอคะ?
10-0808	talk	For instance, what specific tasks can you perform in an office environment?	เช่นว่า คุณทำงานอะไรได้บ้างใน สภาพแวดล้อมออฟฟิศจริง ๆ?
10-0809	talk	Well... I thought about it as hard as I could, but nothing really came to mind.	ก็... ฉันพยายามคิดสุดตัวแล้ว แต่ก็นึกอะไรไม่ออกเลยค่ะ
10-0810	talk	I guess that's pretty normal. I mean, you haven't even started working yet.	ก็ธรรมดานะ คุณยังไม่เคยเริ่มทำงานจริงเลยด้วยซ้ำ
10-0811	talk	Yeah. I wouldn't want to say something that's really off and give them a bad impression.	ใช่ค่ะ ฉันไม่อยากพูดอะไรที่ผิดเพี้ยน แล้วทำให้พวกเขามองในแง่ไม่ดี
10-0812	talk	Right. But all in all, I do have to say...	ใช่ แต่โดยรวมแล้ว ผมต้องบอกเลยว่า...
10-0813	talk	You sound like a completely different person than last time. In a good way.	คุณฟังดูเป็นคนละคนกับเมื่อก่อนเลย ในทางที่ดีนะ
10-0814	talk	Well, you've given me plenty of food for thought.	ก็... คุณให้อะไรฉันคิดเยอะเลยค่ะ
10-0815	talk	And it turns out I have a lot more going for me than I initially expected.	แล้วก็กลายเป็นว่าฉันมีดี มากกว่าที่คิดไว้ตอนแรกซะอีกค่ะ
10-0816	talk	Thanks to you, I finally figured that out. So... I guess I really owe you one.	ก็เพราะคุณนี่แหละ ฉันถึงได้ค้นพบเรื่องนั้น ดังนั้น... ฉันคงติดหนี้บุญคุณคุณจริง ๆ ค่ะ
10-0817	talk	Hey, I'm just glad I was able to help.	เฮ้ ผมแค่ดีใจที่ได้ช่วยเหลือนะ
10-0818	talk	Um. Can I... ask you something?	เอ่อ ฉันขอ... ถามอะไรหน่อยได้ไหมคะ?
10-0819	talk	We've been going out several times now, and... I guess what I'm wondering is... what happens after I get a job?	เราออกไปเที่ยวด้วยกันมาหลายครั้งแล้ว แล้ว... สิ่งที่ฉันสงสัยก็คือ... หลังจากฉันได้งานแล้วจะเป็นยังไงต่อคะ?
10-0820	talk	Well, the reason we've been meeting up like this is because I needed help.	ก็... เหตุผลที่เรามาเจอกันแบบนี้ก็ เพราะฉันต้องการ ความช่วยเหลือนี่คะ
10-0821	talk	So you're saying we won't have a reason to meet up after you get a job?	หมายความว่าหลังจากคุณได้งานแล้ว เราจะไม่มีเหตุผลให้เจอกันอีกงั้นเหรอ?
10-0822	talk	...Not exactly, but...	...ก็ไม่เชิงค่ะ แต่...
10-0823	talk	Would you still be interested in hanging out with me?	คุณยังอยากออกไปเที่ยวกับฉันอยู่ไหมคะ?
10-0824	talk	Of course I would. Getting a job won't change that.	อยากอยู่แล้วสิ ได้งานแล้วมันก็ไม่ได้เปลี่ยน อะไรตรงนั้น
10-0825	talk	Really!? Oh, I'm so glad to hear you say that!	จริงเหรอคะ!? โอ๊ย ดีใจจังที่ได้ยินคุณพูดแบบนั้น!
10-0826	talk	Yeah, why wouldn't I?	ใช่สิ จะไม่อยากได้ยังไง?
10-0827	talk	I dunno. Just... promise you'll come see me again?	ไม่รู้สิคะ แค่... สัญญานะว่าจะมาหาฉันอีก?
10-0828	talk	Okay. I promise.	โอเค ผมสัญญา
10-0829	talk	(If I say no... that'd be pretty messed up, right?)	(ถ้าผมปฏิเสธ... มันคงดูแย่มากเลยใช่ไหม?)
10-0830	talk	I wouldn't mind hanging out some more.	ผมไม่ว่าอะไรถ้าจะออกไปเที่ยว ด้วยกันอีก
10-0831	talk	All right... Sorry if I've caused you any trouble.	โอเคค่ะ... ขอโทษด้วยนะถ้าฉันทำให้คุณลำบากใจ
10-0832	talk	Nah, it's no trouble at all.	เปล่าเลย ไม่ลำบากอะไรหรอก
10-0833	talk	Umm... Actually, there's something I have to tell you...	อืม... จริง ๆ แล้วมีเรื่องหนึ่งที่ฉันต้องบอกคุณค่ะ...
10-0834	talk	Once I get hired, that is.	หลังจากฉันได้งานแล้วนะคะ
10-0835	talk	You can't just say it right now?	บอกตอนนี้เลยไม่ได้เหรอ?
10-0836	talk	...Er, well...	...เอ่อ คือว่า...
10-0837	talk	Just wait till I get the job, okay!? I need to focus on my interview!	รอจนกว่าฉันจะได้งานก่อนเถอะนะคะ!? ตอนนี้ฉันต้องโฟกัสกับการสัมภาษณ์ก่อน!
10-0838	talk	Got it. Sorry.	ได้เลย ขอโทษที
10-0839	talk	Ryuzenji did seem pretty supportive when you told him about your career.	ริวเซนจิดูจะสนับสนุนคุณเต็มที่เลยนะ ตอนที่คุณเล่าเรื่องอาชีพให้เขาฟัง
10-0840	talk	He did, didn't he... I still feel kind of bad, though.	ใช่เลยล่ะค่ะ... แต่ฉันก็ยังรู้สึกผิดอยู่ดี
10-0841	talk	I can't believe he fell in love with you because of something you drew so long ago...	ไม่อยากเชื่อเลยว่าเขาตกหลุมรัก คุณเพราะภาพวาดที่วาด ไว้นานมากแล้ว...
10-0842	talk	Yeah, well... I've changed a lot since then.	ก็... ฉันเปลี่ยนไปเยอะมากตั้งแต่ตอนนั้นค่ะ
10-0843	talk	So has he, if you think about it. That picture changed his life.	เขาก็เปลี่ยนไปเหมือนกันนะ ถ้าลองคิดดู ภาพนั้นเปลี่ยนชีวิตเขาไปเลย
10-0844	talk	Honestly, my artwork as a kid was nothing special. I'm surprised he even looked at it.	พูดตรง ๆ ผลงานตอนเด็กของฉันมันก็ไม่ได้ พิเศษอะไรเลยค่ะ แปลกใจที่เขายังมองมันด้วยซ้ำ
10-0845	talk	Guess it woke him up to the world of love.	คงทำให้เขาตาสว่างเรื่องความรักสินะ
10-0846	talk	Ergh. Maybe so...	อื้อ... อาจจะใช่ค่ะ...
10-0847	talk	It's amazing you can draw something so influential.	มันน่าทึ่งนะที่คุณวาดอะไรที่ ส่งอิทธิพลได้ขนาดนั้น
10-0848	talk	You really do have talent. Even he saw that.	คุณมีพรสวรรค์จริง ๆ นะ ขนาดเขายังมองเห็นเลย
10-0849	talk	...I certainly hope so.	...ฉันก็หวังว่าอย่างนั้นนะคะ
10-0850	talk	Talking things out with you really made all the difference in the world. I'm very grateful for that.	การได้คุยเรื่องนี้กับคุณช่วย ได้มากจริง ๆ ค่ะ ฉันขอบคุณมากเลย
10-0851	talk	Well, time to nail this interview!	เอาล่ะ ได้เวลาเอาชนะการสัมภาษณ์นี้แล้ว!
10-0852	talk	Thanks to you, I feel like there's nothing I can't do!	เพราะคุณนี่แหละ ฉันรู้สึกว่าไม่มีอะไรที่ฉันทำ ไม่ได้แล้วค่ะ!
10-0853	talk	Ready for that interview now?	พร้อมสำหรับการสัมภาษณ์หรือยัง?
10-0854	talk	Mm... I'm still a little nervous...	อืม... ฉันยังตื่นเต้นอยู่นิดหน่อยค่ะ...
10-0855	talk	(I guess I couldn't make her feel secure...)	(ดูเหมือนผมจะทำให้เธอรู้สึก อุ่นใจไม่ได้เลยสินะ...)
10-0856	talk	Thanks for meeting with me, Yagami-san.	ขอบคุณที่มาเจอฉันนะคะ ยากามิซัง
10-0857	talk	Of course. Care to have a seat?	ยินดีอยู่แล้ว นั่งก่อนไหม?
10-0858	talk	N-Nothing... I'm just a little flustered.	เ-เปล่าค่ะ... แค่รู้สึกลนลานนิดหน่อยน่ะ
10-0859	talk	Oh? Well, make yourself comfortable first.	เหรอ? งั้นทำตัวตามสบายก่อนเลย
10-0860	talk	R-Right! I'll do that.	ค-ค่ะ! ฉันจะทำแบบนั้น
10-0861	talk	So, what's this big important thing you had to tell me?	แล้วเรื่องสำคัญที่ต้องบอกผม คืออะไรเหรอ?
10-0862	talk	Um, about that...	เอ่อ เรื่องนั้นน่ะค่ะ...
10-0863	talk	Tsukino-chan?	สึกิโนะจัง?
10-0864	talk	No... I can't. I don't know how to say it.	ไม่... ไม่ได้ค่ะ ฉันไม่รู้จะพูดยังไงดี
10-0865	talk	...Gah, this is even worse than taking an interview!	...อุ๊ย นี่มันแย่กว่าการสัมภาษณ์งานอีกค่ะ!
10-0866	talk	(It might help to talk about something else first...)	(คุยเรื่องอื่นก่อนอาจจะช่วยได้นะ...)
10-0867	talk	Oh, by the way.	อ้อ ว่าแต่นะ
10-0868	talk	Y-Yes?	ค-ค่ะ?
10-0869	talk	What's this big thing you had to tell me?	เรื่องสำคัญที่จะบอกผมคืออะไรเหรอ?
10-0870	talk	Oh, about that...	อ้อ เรื่องนั้นน่ะค่ะ...
10-0871	talk	Are you all right?	เป็นอะไรหรือเปล่า?
10-0872	talk	Yeah! Now that we talked it all out, I'm ready to share what's on my heart!	ค่ะ! ตอนนี้ที่เราคุยกันหมดแล้ว ฉันพร้อมจะบอกสิ่งที่อยู่ในใจแล้วค่ะ!
10-0873	talk	Did you tell your folks about that new job?	บอกเรื่องงานใหม่กับพ่อแม่หรือยัง?
10-0874	talk	And? How'd they take it? Were they mad?	แล้วไง? พวกท่านว่ายังไงบ้าง? โมโหไหม?
10-0875	talk	Actually... it seems like Ryuzenji-san won them over.	จริง ๆ แล้ว... ดูเหมือนริวเซนจิซังจะช่วย เกลี้ยกล่อมพวกท่านได้ค่ะ
10-0876	talk	Huh!? Ryuzenji did?	หา!? ริวเซนจิเนี่ยนะ?
10-0877	talk	Yes. He visited my parents and asked them to support me.	ค่ะ เขาไปเยี่ยมพ่อแม่ฉันแล้วขอให้ พวกท่านสนับสนุนฉัน
10-0878	talk	And when they hesitated to agree, he practically got down on his knees and begged!	แล้วพอพวกท่านลังเลไม่ยอมตกลง เขาถึงกับคุกเข่าอ้อนวอนเลยค่ะ!
10-0879	talk	Wow, he really went that far...	โห เขาทำถึงขนาดนั้นเลยเหรอ...
10-0880	talk	Yeah. I guess they couldn't say no to the heir of the Ryuzenji Group.	ใช่ค่ะ คงเป็นเพราะพวกท่านปฏิเสธทายาท ของกลุ่มบริษัทริวเซนจิ ไม่ลงมั้งคะ
10-0881	talk	So now they're on my side, at least for the time being.	ตอนนี้พวกท่านเลยเข้าข้างฉันแล้ว อย่างน้อยก็ตอนนี้ค่ะ
10-0882	talk	I'm really happy to hear that.	ดีใจจริง ๆ ที่ได้ยินแบบนั้น
10-0883	talk	Again, congratulations on the job.	ยินดีด้วยอีกครั้งนะกับงานใหม่
10-0884	talk	Thank you. It's all because I talked it over with you.	ขอบคุณค่ะ ทั้งหมดนี้เป็นเพราะได้คุยกับคุณเลย
10-0885	talk	Don't second-guess yourself. You're the one who did all the hard work.	อย่าไปสงสัยตัวเองเลย คุณเองต่างหากที่ลงมือทำ ทุกอย่างด้วยตัวเอง
10-0886	talk	Well, I don't want to overestimate myself either. But thanks.	ก็... ฉันก็ไม่อยากประเมินตัวเองสูง เกินไปเหมือนกันค่ะ แต่ก็ขอบคุณนะคะ
10-0887	talk	It's a year-long contract position, so I'm going in with the mentality that I'm still being tested.	มันเป็นตำแหน่งสัญญาจ้างหนึ่งปีค่ะ เลยตั้งใจจะทำเหมือนยังอยู่ใน ช่วงทดสอบตลอด
10-0888	talk	You'll be fine. Just focus on doing the best job you can.	คุณต้องทำได้แน่นอน แค่ตั้งใจทำงานให้ดีที่สุดก็พอ
10-0889	talk	Yeah! You bet I will!	ค่ะ! แน่นอนอยู่แล้ว!
10-0890	talk	But... I'm still super nervous! Even more than I was at that interview!	แต่... ฉันยังตื่นเต้นสุด ๆ อยู่เลยค่ะ! ยิ่งกว่าตอนสัมภาษณ์อีก!
10-0891	talk	Don't worry. I'll wait as long as it takes.	ไม่ต้องห่วง ผมรอได้นานเท่าที่จำเป็น
10-0892	talk	Yagami-san. I have one\nmore favor to ask.	ยากามิซัง ฉันมีเรื่อง\nขอร้องอีกอย่างค่ะ
10-0893	talk	Would it be okay... if I\ncame to see you again?	จะได้ไหมคะ... ถ้าฉัน\nจะมาหาคุณอีก?
10-0894	talk	Not about work or anything.\nI just want to be with you.	ไม่ใช่เรื่องงานหรืออะไรหรอกค่ะ\nแค่อยากอยู่กับคุณเฉย ๆ
10-0895	talk	That's... because...	นั่นเป็นเพราะว่า...
10-0896	talk	The reason I'm applying— I mean, the reason I'm saying this is...	เหตุผลที่ฉันสมัคร— ไม่สิ เหตุผลที่ฉันพูดแบบนี้ก็คือ...
10-0897	talk	Is because I want to keep\ngoing out with you!	เพราะฉันอยากคบหา\nกับคุณต่อไปเรื่อย ๆ ค่ะ!
10-0898	talk	Well... this is a surprise.	เอ่อ... นี่มันน่าประหลาดใจจริง ๆ
10-0899	talk	Sorry for springing this on you out of nowhere.	ขอโทษนะคะที่พูดขึ้นมาเฉย ๆ แบบนี้
10-0900	talk	But I felt like I'd lose my chance if I didn't say something...	แต่ฉันรู้สึกว่าถ้าไม่พูดตอนนี้ ฉันคงพลาดโอกาสไปค่ะ...
10-0901	talk	And I just couldn't let that happen.	และฉันก็ไม่อยากให้มันเกิดขึ้นค่ะ
10-0902	talk	I'm just following your lead, you know. "Stop overthinking and just go for it." Isn't that your take on things?	ฉันแค่ทำตามที่คุณสอนไว้เองนะคะ "อย่าคิดมาก แค่ลงมือทำ" นั่นคือแนวคิดของคุณไม่ใช่เหรอคะ?
10-0903	talk	Why me of all people, though?	แต่ทำไมต้องเป็นผมด้วยล่ะ?
10-0904	talk	...At some point, I realized I had feelings for you. But...	...ไม่รู้ตัวเหมือนกันว่าตั้งแต่ เมื่อไหร่ ฉันมีใจให้คุณ แต่...
10-0905	talk	Unlike me, you're a free spirit... who lives by their own rules.	ต่างจากฉัน คุณเป็นคนอิสระ... ที่ใช้ชีวิตตามกฎของตัวเอง
10-0906	talk	And I really admire that about you.	และฉันก็ชื่นชมตรงนั้นของคุณมากค่ะ
10-0907	talk	(I guess I need to give her an answer...)	(ผมคงต้องให้คำตอบเธอสักที...)
10-0908	talk	Then let's be together.	งั้นเรามาคบกันเถอะ
10-0909	talk	You... You really mean it!?	คุณ... พูดจริง ๆ เหรอคะ!?
10-0910	talk	Yeah. I feel the same way about you.	ใช่ ผมก็รู้สึกแบบเดียวกันกับคุณ
10-0911	talk	And I've been wanting to spend more time together, too. Get to know you deeper.	แล้วผมก็อยากใช้เวลาด้วยกัน มากกว่านี้เหมือนกัน อยากรู้จักคุณให้ลึกซึ้งกว่านี้
10-0912	talk	Yagami-san...!	ยากามิซัง...!
10-0913	talk	(This isn't good... This is considered cheating, right?)	(นี่มันไม่ดีเลย... นี่มันถือว่านอกใจใช่ไหมนะ?)
10-0914	talk	Wow. I got myself a dream job <font_kind=yakuza_italic>and</font_kind> a dreamy boyfriend... Is this really happening?	ว้าว ฉันได้ทั้งงานในฝัน<font_kind=yakuza_italic>และ</font_kind> แฟนหนุ่มในฝันเลย... นี่มันเกิดขึ้นจริงเหรอเนี่ย?
10-0915	talk	Maybe this is all in my head and I'll wake up all of a sudden.	หรือทั้งหมดนี้อาจจะเป็นแค่ความฝัน แล้วฉันจะตื่นขึ้นมาเฉย ๆ ก็ได้
10-0916	talk	If that's the case, then I don't want to wake up either.	ถ้าเป็นแบบนั้นจริง ผมก็ไม่อยากตื่นเหมือนกัน
10-0917	talk	Yagami-san... You make me so happy, I could cry...	ยากามิซัง... คุณทำให้ฉันมีความสุขจนแทบ ร้องไห้เลยค่ะ...
10-0918	talk	...Then let's be happy together.	...งั้นเรามีความสุขด้วยกันนะ
10-0919	talk	I want you to call me by my first name.	ผมอยากให้คุณเรียกผมด้วยชื่อจริงนะ
10-0920	talk	Well. Let's keep in touch.	เอาล่ะ งั้นติดต่อกันไว้นะ
10-0921	talk	Yeah. I'll be waiting for you.	ค่ะ ฉันจะรอนะคะ
10-0922	talk	Are you gonna keep this a secret from Yosuke?	คุณจะเก็บเรื่องนี้เป็นความลับ จากโยสึเกะเหรอ?
10-0923	talk	For now... I think that would be best.	ตอนนี้...คิดว่าแบบนั้นดีที่สุดค่ะ
10-0924	talk	Heh. Hope he doesn't ask me to investigate when he figures out you've got a boyfriend.	เฮอะ หวังว่าพอเขารู้ว่าคุณมีแฟนแล้ วจะไม่ให้ผมไปสืบให้นะ
10-0925	talk	Ahaha. He just might.	อะฮ่าฮ่า เขาอาจจะทำแบบนั้นจริงๆ ก็ได้นะ
10-0926	talk	And what about Ryuzenji?	แล้วริวเซนจิล่ะ?
10-0927	talk	Hmm. I guess I'll just have to break it to him.	อืม คงต้องบอกเขาตรงๆ แล้วล่ะค่ะ
10-0928	talk	Yeah, that might be a good idea.	ใช่ น่าจะเป็นความคิดที่ดีนะ
10-0929	talk	I'm sure not looking forward to it, though.	แต่ก็ไม่ค่อยอยากทำเลยนะคะ
10-0930	talk	Hope he doesn't start bawling his eyes out...	หวังว่าเขาจะไม่ร้องไห้โฮนะ...
10-0931	talk	Well... Bye for now.	เอาล่ะ...ไปก่อนนะคะ
10-0932	talk	(All right. Looks like Tsukino-chan and I are official.)	(เอาล่ะ ดูเหมือนผมกับสึกิโนะจังจะคบกัน อย่างเป็นทางการแล้ว)
10-0933	talk	(I hope we can enjoy a long-lasting relationship together.)	(หวังว่าเราจะมีความสัมพันธ์ที่ ยืนยาวด้วยกันนะ)
10-0934	talk	Sorry, Tsukino-chan. I'm flattered, but I don't think we can work.	ขอโทษนะ สึกิโนะจัง ผมรู้สึกเป็นเกียรติมากนะ แต่ผมว่าเราคงไปด้วยกันไม่ได้
10-0935	talk	Wh-What? Why not...?	ห-หา? ทำไมล่ะคะ...?
10-0936	talk	I'm in a dangerous and unstable business. I have no idea what the future has in store for me.	งานของผมมันอันตรายและไม่มั่นคง ผมเองก็ไม่รู้เลยว่าอนาคตจะเป็นยังไง
10-0937	talk	But you still have your whole life ahead of you. Besides, you have a true English gentleman waiting to take your hand.	แต่คุณยังมีชีวิตข้างหน้าอีกยาวไกล แถมยังมีสุภาพบุรุษอังกฤษ ตัวจริงรอจับมือคุณอยู่ด้วยนะ
10-0938	talk	I don't think you should be dating a guy like me...	ผมว่าคุณไม่ควรคบกับผู้ชายแบบผมหรอกนะ...
10-0939	talk	Hmm. Then I guess we weren't meant to be.	อืม...งั้นคงไม่ใช่เนื้อคู่กันสินะคะ
10-0940	talk	...Ahaha... looks like I didn't make the cut.	...อะฮ่าฮ่า...ดูเหมือนฉันจะสอบไม่ผ่านสินะคะ
10-0941	talk	And here I was, thinking I passed the most important interview of all.	ทั้งๆ ที่นึกว่าตัวเองผ่านการสัมภาษณ์ ที่สำคัญที่สุดไปแล้วซะอีก
10-0942	talk	Sorry. I'm actually dating someone right now.	ขอโทษนะ จริงๆ แล้วตอนนี้ผมคบกับคนอื่นอยู่
10-0943	talk	Wait, you are!?	เดี๋ยวนะ จริงเหรอคะ!?
10-0944	talk	Yeah. I didn't really have the opportunity to tell you.	ใช่ ผมไม่ค่อยมีโอกาสจะบอกคุณเลยน่ะ
10-0945	talk	...Well. That stings, but I understand.	...ก็นะ เจ็บอยู่เหมือนกัน แต่ฉันเข้าใจค่ะ
10-0946	talk	(I do feel bad for Tsukino-chan... but that was the right thing to do.)	(รู้สึกผิดกับสึกิโนะจังอยู่เหมือนกัน...แต่นั่นคือสิ่งที่ถูกต้องแล้ว)
10-0947	talk	So this is what a casino's like... How refined.	นี่แหละคาสิโน...ดูหรูหราจังเลยค่ะ
10-0948	talk	(What should we do here?)	(เราควรทำอะไรกันดีที่นี่นะ?)
10-0949	talk	You know how to play poker, Tsukino-chan?	คุณเล่นโป๊กเกอร์เป็นไหม สึกิโนะจัง?
10-0950	talk	Oh, I do! I've seen my brother play.	อ๋อ เป็นค่ะ! เคยดูพี่ชายเล่นน่ะ
10-0951	talk	And you know all the rules?	แล้วรู้กติกาทั้งหมดไหม?
10-0952	talk	Umm, I'm not sure I remember them all. Will you teach me?	เอ่อ ไม่แน่ใจว่าจำได้หมดรึเปล่าค่ะ ช่วยสอนฉันหน่อยได้ไหมคะ?
10-0953	talk	Absolutely.	แน่นอนที่สุด
10-0954	talk	And then once we're done reviewing, you and I can play together.	พอทบทวนกันเสร็จแล้ว เราสองคนก็เล่นด้วยกันได้เลย
10-0955	talk	Yeah! I'd like that!	ค่ะ! ฉันอยากเล่นเลย!
10-0956	talk	...So those are the rules. You got it?	...กติกาก็มีเท่านี้แหละ เข้าใจไหม?
10-0957	talk	Got it! Thank you!	เข้าใจแล้วค่ะ! ขอบคุณนะคะ!
10-0958	talk	Then let's go ahead and give it a try. I'll provide the betting money.	งั้นลองเล่นกันเลยดีกว่า ผมออกเงินเดิมพันให้เอง
10-0959	talk	Huh? Are you really okay with that?	หา? โอเคจริงๆ เหรอคะ?
10-0960	talk	Of course. I can't just let a student pay.	แน่นอน ผมปล่อยให้ลูกศิษย์จ่ายเองไม่ได้หรอก
10-0961	talk	...In that case, I appreciate that.	...ถ้างั้นก็ขอบคุณนะคะ
10-0962	talk	Done looking over the rules?	ทบทวนกติกาเสร็จหรือยัง?
10-0963	talk	Yeah! I'm all set!	ค่ะ! พร้อมแล้ว!
10-0964	talk	Then let's go ahead and play.	งั้นเริ่มเล่นกันเลย
10-0965	talk	Yes! Victory is mine!	เยส! ชัยชนะเป็นของผม!
10-0966	talk	Wow, you're really good, Yagami-san!	ว้าว เก่งจังเลยค่ะ ยากามิซัง!
10-0967	talk	I didn't know you could gamble on top of everything else.	ไม่นึกเลยว่าจะเล่นพนันเก่งด้วยนะคะ
10-0968	talk	Oh! Did I win?	อ้าว! ฉันชนะเหรอคะ?
10-0969	talk	You sure did. Very impressive!	ชนะจริงๆ ด้วย เก่งมากเลย!
10-0970	talk	Must be beginner's luck.	คงเป็นโชคของมือใหม่มั้งคะ
10-0971	talk	Ah. Looks like both of us lost.	อ้าว ดูเหมือนแพ้กันทั้งคู่เลย
10-0972	talk	Guess luck wasn't on our side today.	โชคคงไม่เข้าข้างเราวันนี้สินะคะ
10-0973	talk	Is this your first time playing darts?	นี่เป็นครั้งแรกที่เล่นปาลูกดอกเหรอ?
10-0974	talk	Well, I used to play a little with my friends from college.	ก็เคยเล่นกับเพื่อนสมัยมหาลัย อยู่บ้างค่ะ
10-0975	talk	Oh, good. Wanna play together?	อ้อ ดีเลย เล่นด้วยกันไหม?
10-0976	talk	Hmm... I doubt I could actually beat you.	อืม...คงเอาชนะคุณไม่ได้หรอกค่ะ
10-0977	talk	Nah, I'll go easy on you.	ไม่หรอก ผมจะปล่อยมือให้เอง
10-0978	talk	All right, then. Let's get started.	เอาล่ะ งั้นเริ่มกันเลย
10-0979	talk	Okay. I won't lose!	โอเคค่ะ ฉันจะไม่แพ้!
10-0980	talk	I don't intend on losing either.	ผมก็ไม่มีแผนจะแพ้เหมือนกันนะ
10-0981	talk	Sorry. I ended up going a little overboard.	ขอโทษนะ เผลอเอาจริงไปหน่อย
10-0982	talk	Gah. I didn't stand a chance...	อ๊ะ ไม่มีทางสู้ได้เลย...
10-0983	talk	That's not true. I haven't been this fired up in a while.	ไม่จริงหรอก ผมไม่ได้ฮึกเหิมขนาดนี้มานานแล้ว
10-0984	talk	So I had to go all out in the end.	เลยต้องทุ่มสุดตัวไปเลย
10-0985	talk	Really? Well that makes me feel a little better.	จริงเหรอคะ? งั้นก็รู้สึกดีขึ้นมาหน่อยนะคะ
10-0986	talk	A tie... Not bad, Tsukino-chan.	เสมอกัน...ไม่เลวเลยนะ สึกิโนะจัง
10-0987	talk	Hehe. I guess we're pretty evenly matched!	เหอะๆ สูสีกันเลยนะคะเนี่ย!
10-0988	talk	For today.	สำหรับวันนี้นะ
10-0989	talk	You look like you're not satisfied. Wanna play again?	ดูท่าจะยังไม่จุใจนะคะ เล่นอีกไหมคะ?
10-0990	talk	Of course. I'll get you this time.	แน่นอน รอบนี้ผมเอาชนะคุณให้ได้
10-0991	talk	Ha, good luck with that!	ฮ่า โชคดีนะคะ!
10-0992	talk	Yaaay! I won!	เย่ๆ! ฉันชนะ!
10-0993	talk	You got me, Tsukino-chan. You're actually pretty good!	เอาชนะผมได้เลย สึกิโนะจัง คุณเก่งจริงๆ นะเนี่ย!
10-0994	talk	Hehe. Guess I'm better than I thought.	เหอะๆ คงเก่งกว่าที่คิดไว้จริงๆ ค่ะ
10-0995	talk	Have you ever been to a batting center?	เคยไปสนามตีลูกเบสบอลไหม?
10-0996	talk	No. This is my first time.	ไม่เคยค่ะ นี่เป็นครั้งแรกเลย
10-0997	talk	Okay, so all you need to do is hit every ball that comes flying at you... from unpredictable angles.	โอเค สิ่งที่ต้องทำก็แค่ตีลูกที่พุ่ง เข้ามาทุกลูก...จากมุมที่คาดเดาไม่ได้
10-0998	talk	That... sounds impossible. Even if I were athletic.	นั่น...ฟังดูเป็นไปไม่ได้เลยค่ะ ต่อให้ฉันเก่งกีฬาก็เถอะ
10-0999	talk	How about I watch from the sidelines?	ฉันขอดูอยู่ข้างสนามแทนดีไหมคะ?
10-1000	talk	Is that okay with you?	โอเคเหรอ?
10-1001	talk	Yeah! That way I can learn from the best!	ค่ะ! แบบนั้นฉันจะได้เรียนรู้จากมือโปรเลย!
10-1002	talk	(All right. I'd better not screw this up.)	(เอาล่ะ ทำพลาดไม่ได้นะ)
10-1003	talk	Are you gonna watch or play?	จะดูอย่างเดียวหรือจะเล่นด้วย?
10-1004	talk	I'm gonna sit this one out. Swinging a bat around will probably make me too sore to get up tomorrow morning...	รอบนี้ขอดูเฉยๆ ค่ะ ถ้าแกว่งไม้ตีคงปวดจนลุกไม่ไหว พรุ่งนี้เช้าแน่...
10-1005	talk	Haha. That won't be good for your interview.	ฮ่าฮ่า แบบนั้นไม่ดีต่อการสัมภาษณ์งานแน่นอน
10-1006	talk	Honestly, I think I'd feel better just watching you.	พูดตรงๆ นะคะ ฉันว่าแค่ดูคุณเล่นก็รู้สึกดีกว่าแล้ว
10-1007	talk	Go for a home run, Yagami-san!	โฮมรันเลยนะคะ ยากามิซัง!
10-1008	talk	(All right. This is my chance to impress her.)	(เอาล่ะ นี่คือโอกาสที่จะทำให้เธอทึ่ง)
10-1009	talk	Sweet! I'm on fire today!	เยี่ยม! วันนี้ฟอร์มดีเชียว!
10-1010	talk	Wow! That was awesome!	ว้าว! สุดยอดไปเลยค่ะ!
10-1011	talk	Do you wanna give it a try now?	อยากลองเล่นดูบ้างไหม?
10-1012	talk	I'm okay! I'm happy just watching.	ไม่เป็นไรค่ะ! แค่ดูก็มีความสุขแล้ว
10-1013	talk	Haha. Okay then.	ฮ่าฮ่า ก็ได้
10-1014	talk	That was... average.	อันนั้น...ก็เฉยๆ นะ
10-1015	talk	I'm impressed that you can even hit the ball.	ทึ่งนะคะที่ยังตีโดนลูกได้เลย
10-1016	talk	It's not that hard. Why don't you give it a try?	มันไม่ยากขนาดนั้นหรอก ลองดูสักทีไหมล่ะ?
10-1017	talk	Nope, not me. I wouldn't wanna pull a muscle or anything.	ไม่เอาค่ะ ไม่อยากกล้ามเนื้อฉีกอะไรแบบนั้น
10-1018	talk	Really? You're still so young, though...	จริงเหรอ? ทั้งๆ ที่ยังเด็กอยู่เลยนะ...
10-1019	talk	Hmm. That kinda sucked.	อืม อันนั้นดูแย่ไปหน่อย
10-1020	talk	Don't worry, it happens!	ไม่ต้องห่วงค่ะ มันเกิดขึ้นได้!
10-1021	talk	(Damn. Now I have to redeem myself next time...)	(บ้าเอ๊ย ต้องแก้มือรอบหน้าแล้วสิ...)
10-1022	talk	(Oh yeah. I should get something for Tsukino-chan before our date. Maybe some kinda present?)	(อ้อ ใช่ ผมควรหาอะไรให้สึกิโนะจังก่อนเดตนะ ของขวัญสักอย่างดีไหม?)
10-1023	talk	Takayuki-saaaan!	ทาคายูกิซังงง!
10-1024	talk	Hey there. Sorry to drag you out on such short notice.	ไง ขอโทษนะที่เรียกออกมากะทันหันแบบนี้
10-1025	talk	It's fine, I was getting bored anyway.	ไม่เป็นไรค่ะ เบื่ออยู่พอดีเลย
10-1026	talk	(Should I give Tsukino-chan a present?)	(ควรให้ของขวัญสึกิโนะจังดีไหมนะ?)
10-1027	talk	I actually have something for you, Tsukino-chan.	จริงๆ แล้วผมมีอะไรจะให้คุณนะ สึกิโนะจัง
10-1028	talk	You... actually went and bought me something?	คุณ...ไปซื้ออะไรมาให้ฉันจริงๆ เหรอคะ?
10-1029	talk	I did. Hope you like earrings.	ใช่ หวังว่าคุณจะชอบต่างหูนะ
10-1030	talk	Wow! These are gorgeous! These are pearl, right?	ว้าว! สวยมากเลยค่ะ! นี่ไข่มุกใช่ไหมคะ?
10-1031	talk	Yeah. Thought they'd look good on you.	ใช่ คิดว่ามันน่าจะเข้ากับคุณดี
10-1032	talk	Aww, how sweet!	โอ๊ย น่ารักจังเลยค่ะ!
10-1033	talk	Hehehe. Do you mind if I put them on now?	เหอะๆ ขอใส่เลยตอนนี้ได้ไหมคะ?
10-1034	talk	Sure. I want to see too.	ได้สิ ผมก็อยากดูเหมือนกัน
10-1035	talk	So? What do you think?	ไงล่ะ? คิดว่ายังไงบ้าง?
10-1036	talk	Oh wow. Those really are cute on you.	โอ้โห น่ารักจริงๆ นะเวลาคุณใส่
10-1037	talk	Haha, stop making me blush.	ฮ่าฮ่า อย่าทำให้ฉันหน้าแดงสิคะ
10-1038	talk	Check this out, Tsukino-chan.	ดูนี่สิ สึกิโนะจัง
10-1039	talk	...Aren't these things expensive?	...ของพวกนี้แพงไม่ใช่เหรอคะ?
10-1040	talk	Well, sort of...	ก็...ประมาณนั้นแหละ
10-1041	talk	I... I don't think I can accept something like this!	ฉัน...ฉันว่าฉันรับของแบบนี้ไม่ได้หรอกค่ะ!
10-1042	talk	But I bought it just for you. It would really make me happy if you took it.	แต่ผมซื้อมาเพื่อคุณโดยเฉพาะเลยนะ ถ้าคุณรับไว้ ผมจะดีใจมากเลย
10-1043	talk	Okay, well... Thank you...	โอเคค่ะ...ถ้างั้น...ขอบคุณนะคะ...
10-1044	talk	Oh! Really?	อ้าว! จริงเหรอคะ?
10-1045	talk	Yeah. Here, take it.	ใช่ นี่ เอาไปเลย
10-1046	talk	What do you think?	คิดว่าไงล่ะ?
10-1047	talk	It's cute... but do you really think it fits me? I mean, these are prettier than I am.	น่ารักดีนะคะ...แต่คุณคิดว่ามันเหมาะกับฉันจริงๆ เหรอคะ? หมายถึงว่ามันสวยกว่าตัวฉันซะอีก
10-1048	talk	I wouldn't say that at all.	ผมว่าไม่ใช่แบบนั้นเลยนะ
10-1049	talk	Hmm... I'm not so sure.	อืม...ฉันไม่ค่อยแน่ใจเท่าไหร่ค่ะ
10-1050	talk	Well I am. I think they suit you just fine.	แต่ผมแน่ใจนะ ผมว่ามันเหมาะกับคุณดีออก
10-1051	talk	Okay... Then I guess I'll try them on next time. Hope they don't stand out...	โอเคค่ะ...งั้นครั้งหน้าฉันจะลองใส่ดูนะคะ หวังว่าจะไม่เด่นเกินไป...
10-1052	talk	(I guess they were a little too flashy.)	(สงสัยจะฉูดฉาดไปหน่อยสินะ)
10-1053	talk	Oh! You do?	อ้าว! เหรอคะ?
10-1054	talk	Yeah. I'm not sure if you'll like it, though.	ใช่ แต่ไม่แน่ใจว่าคุณจะชอบรึเปล่านะ
10-1055	talk	Wow, thank you so much! Seriously, this is awesome!	ว้าว ขอบคุณมากเลยค่ะ! สุดยอดจริงๆ!
10-1056	talk	(Nah, not this time.)	(ไม่หรอก คราวนี้ไม่ใช่)
10-1057	talk	Where do you want to go?	อยากไปที่ไหนคะ?
10-1058	talk	(Hmm, what should we do...)	(อืม จะทำอะไรกันดีนะ...)
10-1059	talk	How about we go to the casino?	ไปคาสิโนกันไหม?
10-1060	talk	Ooh, nice choice. Very grown-up.	โอ้โห เลือกได้เข้าท่านะคะ ดูโตเป็นผู้ใหญ่จัง
10-1061	talk	Heh, something like that. Now let's get going.	เฮอะ ประมาณนั้นแหละ ไปกันเลย
10-1062	talk	Wanna play some darts?	อยากเล่นปาลูกดอกไหม?
10-1063	talk	Okay, that sounds great!	ค่ะ ฟังดูดีเลย!
10-1064	talk	What about the batting center?	แล้วสนามตีลูกเบสบอลล่ะ?
10-1065	talk	Yeah! Let's work up a good sweat!	ค่ะ! ไปเหงื่อออกกันให้สุดๆ เลย!
10-1066	talk	Thanks, Takayuki-san! I had so much fun today!	ขอบคุณนะคะ ทาคายูกิซัง! วันนี้สนุกมากเลย!
10-1067	talk	Same. Thanks to you being with me.	ผมก็เหมือนกัน ต้องขอบคุณที่คุณอยู่เป็นเพื่อนผมนะ
10-1068	talk	Always! Just say the word and I'm there!	ตลอดเลยค่ะ! แค่บอกมาคำเดียว ฉันไปหาทันที!
10-1069	talk	(Tsukino-chan always knows how to give me that energy boost I need. She's really something else...)	(สึกิโนะจังรู้เสมอว่าต้องทำ ยังไงให้ผมมีพลังขึ้นมา เธอนี่มันเก่งจริงๆ...)
10-1070	talk	I'll provide the bet, so play to your heart's content.	ผมออกเงินเดิมพันให้เอง เล่นให้เต็มที่ไปเลย
10-1071	talk	Sorry to always make you pay for me.	ขอโทษนะคะที่ให้คุณจ่ายให้ฉันตลอดเลย
10-1072	talk	No problem. Now don't go holding back once the game starts.	ไม่เป็นไรหรอก แต่พอเริ่มเล่นแล้วห้ามปล่อยมือนะ
10-1073	talk	I won't! Besides, I probably couldn't beat you anyway.	ไม่หรอกค่ะ! อีกอย่างฉันก็คงเอาชนะคุณไม่ได้อยู่ดี
10-1074	talk	Wow! You're really good, Takayuki-san!	ว้าว! เก่งจังเลยค่ะ ทาคายูกิซัง!
10-1075	talk	Hehe, that's so like you.	เหอะๆ สมกับเป็นคุณจริงๆ ค่ะ
10-1076	talk	Huh? I won?	หา? ฉันชนะเหรอคะ?
10-1077	talk	You sure did. Nice going, Tsukino-chan.	ชนะจริงๆ ด้วย เก่งมาก สึกิโนะจัง
10-1078	talk	Hehehe. I guess that's what you'd call beginner's luck.	เหอะๆ คงเรียกว่าโชคของมือใหม่นั่นแหละค่ะ
10-1079	talk	I guess luck wasn't on our side today.	โชคคงไม่เข้าข้างเราวันนี้สินะคะ
10-1080	talk	Ready for a challenge?	พร้อมท้าดวลหรือยัง?
10-1081	talk	Yeah, and I want a real match this time, so don't go holding back!	ค่ะ แล้วรอบนี้ฉันอยากได้เกมจริงจังนะ ห้ามปล่อยมือเด็ดขาด!
10-1082	talk	You really don't hold back, do you?	คุณนี่ไม่ยอมปล่อยจริงๆ นะเนี่ย
10-1083	talk	Nope. That's my policy, for the most part.	ไม่ครับ นั่นเป็นหลักการของผมเลยล่ะ
10-1084	talk	Hehe. I see you have a competitive side there.	เหอะๆ ไม่นึกว่าคุณจะมีด้านชอบเอาชนะ ซ่อนอยู่นะเนี่ย
10-1085	talk	You've gotten pretty good, Tsukino-chan.	เก่งขึ้นเยอะเลยนะ สึกิโนะจัง
10-1086	talk	Huh? Did I win?	หา? ฉันชนะเหรอคะ?
10-1087	talk	Not bad, Tsukino-chan.	ไม่เลวเลยนะ สึกิโนะจัง
10-1088	talk	Hehe. I was just lucky.	เหอะๆ แค่โชคดีเฉยๆ ค่ะ
10-1089	talk	(Next time... she's going down.)	(รอบหน้า...เธอจะต้องแพ้ให้ได้)
10-1090	talk	Here I go! These baseballs won't know what hit 'em!	ไปล่ะนะคะ! ลูกเบสบอลพวกนี้จะไม่รู้ตัว ด้วยซ้ำว่าโดนอะไร!
10-1091	talk	Home run, here I come!	โฮมรัน มาแล้วนะ!
10-1092	talk	I know I can get at least a single home run!	ฉันรู้ว่าตัวเองต้องตีโฮมรันได้ อย่างน้อยหนึ่งครั้งแน่ๆ!
10-1093	talk	Hey, that was great! I knew you could do it.	ว้าว เยี่ยมมากเลยค่ะ! รู้อยู่แล้วว่าคุณทำได้
10-1094	talk	(Nice. I managed to impress her today.)	(เยี่ยม วันนี้ทำให้เธอทึ่งได้แล้ว)
10-1095	talk	Looks like I did... okay.	ดูเหมือนผมจะทำได้...พอใช้นะ
10-1096	talk	Well, I thought you did just fine. I notice you tend to be pretty strict on yourself.	ฉันว่าคุณทำได้ดีมากเลยนะคะ สังเกตว่าคุณมักจะเข้มงวดกับ ตัวเองมากไปหน่อย
10-1097	talk	...Goddamn, that was terrible.	...บ้าเอ๊ย แย่มากเลยเนี่ย
10-1098	talk	(That was pretty lame.)	(อันนั้นก็ดูไม่เอาไหนเลยนะ)
10-1099	talk	Yagami-san! Sorry I made you wait!	ยากามิซังคะ! ขอโทษที่ให้รอนะคะ!
10-1100	talk	Whoa. Check out that outfit.	โห ดูชุดนั่นสิ
10-1101	talk	Hehe, do you like it? This is what I've been wearing to my interviews.	เหอะๆ ชอบไหมคะ? นี่คือชุดที่ฉันใส่ไปสัมภาษณ์ งานน่ะค่ะ
10-1102	talk	Even though it's just practice, I still wanted to look prepared!	ถึงจะแค่ซ้อมก็เถอะค่ะ ฉันก็ยังอยากดูพร้อมอยู่ดี!
10-1103	talk	Our interview hasn't started yet, has it?	การสัมภาษณ์เรายังไม่เริ่มใช่ไหม?
10-1104	talk	You should check your jacket before we begin.	ลองเช็กเสื้อสูทก่อนเริ่มดีกว่านะ
10-1105	talk	So. Ready to start that practice interview?	เอาล่ะ พร้อมเริ่มซ้อมสัมภาษณ์หรือยัง?
10-1106	talk	Yes! Yes I am! L-Let's get started!	ค่ะ! พร้อมแล้วค่ะ! เ-เริ่มกันเลยค่ะ!
10-1107	talk	You sure? 'Cause you look nervous as heck.	แน่ใจเหรอ? เพราะดูตื่นเต้นสุดๆ เลยนะ
10-1108	talk	I-I do?	ฉ-ฉันดูแบบนั้นเหรอคะ?
10-1109	talk	Definitely. I think we should start when you're a little more relaxed.	แน่นอน ผมว่าเราควรเริ่มตอนที่คุณ ผ่อนคลายกว่านี้หน่อยดีกว่า
10-1110	talk	Why don't we go unwind somewhere?	ไปผ่อนคลายที่ไหนสักที่กันไหม?
10-1111	talk	That's... considerate of you.	นั่น...ใจดีกับฉันจังเลยค่ะ
10-1112	talk	Wearing this?	ใส่ชุดนี้เนี่ยนะคะ?
10-1113	talk	Ah, you're fine. If anything, a suit would look good in a casino.	อ๋อ ไม่เป็นไรหรอก ถ้าจะว่าไป สูทน่าจะเข้ากับคาสิโนดีด้วยซ้ำ
10-1114	talk	Sure. If anything, let's just see how it goes.	ได้สิ เอาเป็นว่าลองดูก่อนแล้วกัน
10-1115	talk	Want to play some darts?	อยากเล่นปาลูกดอกไหม?
10-1116	talk	Yeah, that sounds good!	ค่ะ ฟังดูดีเลย!
10-1117	talk	Wearing an outfit like this?	ใส่ชุดแบบนี้เนี่ยนะคะ?
10-1118	talk	I'm sure there are people who go in their work clothes.	ผมว่ามีคนที่ไปแบบชุดทำงาน เหมือนกันแหละ
10-1119	talk	Hmm. Maybe. Hope I don't get all sweaty.	อืม ก็อาจจะนะคะ หวังว่าจะไม่เหงื่อโชกไปหมด
10-1120	talk	Thank you. I feel like this challenge isn't just my own anymore.	ขอบคุณค่ะ รู้สึกเหมือนว่าการท้าทาย ครั้งนี้ไม่ใช่แค่เรื่องของ ฉันคนเดียวแล้ว
10-1121	talk	I'm doing this for everyone that's supported me. For Ryuzenji-san, who held back for my benefit... and for you.	ฉันทำสิ่งนี้เพื่อทุกคนที่คอย สนับสนุนฉันมา เพื่อริวเซนจิซังที่ยอมถอยให้เพื่อฉัน...และเพื่อคุณด้วยค่ะ
10-1122	talk	Now I can walk forward with my head held high!	ตอนนี้ฉันเดินหน้าต่อไปได้อย่าง เชิดหน้าชูตาแล้วค่ะ!
10-1123	talk	I know you can do it, Tsukino-chan. Remember all the hard work you've put in and you can't go wrong.	ผมรู้ว่าคุณทำได้ สึกิโนะจัง แค่จำความพยายามทั้งหมดที่คุณ ทุ่มไปไว้ แล้วจะไม่มีทางผิดพลาดหรอก
10-1124	talk	Right! I will!	ค่ะ! ฉันจะจำไว้!
10-1125	talk	I do have one request, though.	แต่ผมมีเรื่องขอร้องอยู่อย่างหนึ่งนะ
10-1126	talk	You do...?	จริงเหรอ...?
10-1127	talk	Why, you don't feel comfortable?	ทำไม รู้สึกอึดอัดเหรอ?
10-1128	talk	N-No. It's not that... I mean, I guess I could try.	ไ-ไม่ค่ะ ไม่ใช่แบบนั้น...หมายถึง ฉันก็คงลองได้นะคะ
10-1129	talk	Ta-Takayuki-san...	ท-ทาคายูกิซัง...
10-1130	talk	...Haha, I guess it'll take some getting used to.	...ฮ่าฮ่า คงต้องใช้เวลาชินสักหน่อยสินะ
10-1131	talk	Hehe. Right?	เหอะ ๆ ใช่ไหมล่ะ?
10-1132	talk	You actually went and bought me something?	คุณไปซื้ออะไรมาให้ฉันจริงๆ เหรอคะ?
10-1133	talk	Hehe. Can I put them on right now?	เหอะๆ ขอใส่เลยตอนนี้ได้ไหมคะ?
10-1134	talk	Sure. I want to see how they look.	ได้สิ ผมอยากเห็นว่าใส่แล้วเป็นยังไง
10-1135	talk	I... don't think I can accept something like this!	ฉัน...ฉันว่าฉันรับของแบบนี้ไม่ได้หรอกค่ะ!
10-1136	talk	But I bought it just for you. It would really make me happy if you wore it.	แต่ผมซื้อมาเพื่อคุณโดยเฉพาะเลยนะ ถ้าคุณใส่มัน ผมจะดีใจมากเลย
10-1137	talk	Okay, well... thank you...	โอเคค่ะ...ถ้างั้น...ขอบคุณนะคะ...
10-1138	talk	It's cute... but do you really think it fits me? I mean, these are way too pretty for me.	น่ารักดีนะคะ...แต่คุณคิดว่ามันเหมาะกับฉันจริงๆ เหรอคะ? หมายถึงว่ามันสวยเกินไปสำหรับฉันน่ะ
10-1139	talk	(Wait... is that really how it's supposed to be?)	(เดี๋ยวนะ...มันควรจะเป็นแบบนั้นจริงๆ เหรอ?)
10-1140	talk	(Maybe I can get a free pass on this one?)	(หรือรอบนี้จะรอดตัวไปได้นะ?)
10-1141	talk	You mentioned something like that in your text, too.	คุณก็พูดอะไรทำนองนั้นในข้อความ ที่ส่งมาเหมือนกันนะ
10-1142	talk	I will compensate you each for your loyalty. So back down, right this instant.	ข้าจะตอบแทนความจงรักภักดีของ พวกเจ้าทุกคนเอง ดังนั้นถอยไปเดี๋ยวนี้
10-1143	talk	Hey, you wore it!	เฮ้ คุณใส่มันด้วย!
10-1144	talk	Wh-What do you think? Is it weird?	ค-คิดว่าไงคะ? แปลกไหม?
10-1145	talk	No way! It looks great on you!	ไม่มีทาง! เข้ากับคุณมากเลยนะ!
10-1146	talk	Hehe, you think so? I feel a little awkward, but I like how it looks.	เหอะๆ คิดงั้นเหรอคะ? รู้สึกเขินๆ นิดหน่อย แต่ก็ชอบนะคะที่มันออกมาเป็นแบบนี้
10-1147	talk	What!? A present?	หา!? ของขวัญเหรอคะ?
10-1148	talk	Here. I hope it fits.	นี่ หวังว่าจะพอดีตัวนะ
10-1149	talk	What!? Clothes!?	หา!? เสื้อผ้าเหรอคะ!?
10-1150	talk	Well, I wasn't totally sure clothes would be the best gift...	คือ ผมก็ไม่ค่อยแน่ใจว่าเสื้อผ้าจะ เป็นของขวัญที่ดีที่สุดรึเปล่า นะ...
10-1151	talk	But I saw it, and I thought, you know, that would look good on you.	แต่พอเห็นมันแล้วก็คิดว่า มันน่าจะเข้ากับคุณดีน่ะ
10-1152	talk	Hehe. This is the first time anyone's bought clothes for me besides my mom.	เหอะๆ นี่เป็นครั้งแรกเลยที่มีคนซื้อ เสื้อผ้าให้ฉันนอกจากแม่ค่ะ
10-1153	talk	Thank you! I'll wear this next time we meet!	ขอบคุณค่ะ! ครั้งหน้าที่เจอกันฉันจะใส่ชุดนี้เลย!
10-1154	talk	Greetings, Yagami-san.	สวัสดีค่ะ ยากามิซัง
10-1155	talk	...Is something wrong?	...มีอะไรผิดปกติเหรอ?
10-1156	talk	It is as I feared. I can sense a bovine disaster forming in the air above you... Yes... I see the calamity of... a cow.	เป็นไปตามที่ดิฉันหวั่นเกรงไว้จริงๆ ค่ะ ดิฉันรู้สึกได้ถึงภัยพิบัติแห่ง โคที่กำลังก่อตัวอยู่ เหนือหัวคุณ...ใช่แล้ว...ดิฉันเห็นเคราะห์กรรมของ...วัวตัวหนึ่ง
10-1157	talk	What should I do?	ควรทำยังไงดี
10-1158	talk	Merely go about your usual business. Fear not, for I shall keep watch over you.	แค่ใช้ชีวิตตามปกติไปเถอะค่ะ ไม่ต้องกลัวไป เพราะดิฉันจะคอยเฝ้าดูคุณอยู่
10-1159	talk	That's it?	แค่นั้นเองเหรอ?
10-1160	talk	Well, I suppose we could at least kill time somewhere...	เอาล่ะ ยังไงก็คงต้องหาที่ฆ่าเวลากันสักหน่อย...
10-1161	talk	Since you're coming along, is there anything you've been wanting to do?	ในเมื่อคุณตามมาด้วย มีอะไรที่อยากทำอยู่ไหม?
10-1162	talk	Let me think... You know, I do have considerable talent for shogi.	ให้ดิฉันคิดดูก่อนนะคะ...ที่จริงดิฉันมีพรสวรรค์ด้านโชกิ อยู่ไม่น้อยเลยค่ะ
10-1163	talk	Shogi? That's pretty obscure...	โชกิเหรอ? เป็นอะไรที่เฉพาะทางเอาเรื่องเลยนะ...
10-1164	talk	However, I wouldn't mind going wherever you want.	แต่ดิฉันก็ไม่ว่าอะไรถ้าจะไป ที่ไหนก็ตามที่คุณอยากไปนะคะ
10-1165	talk	As long as it has nothing to do with the sex industry.	ตราบใดที่ไม่เกี่ยวข้องกับ ธุรกิจทางเพศก็พอค่ะ
10-1166	talk	H-Hey, don't just assume I like that sort of thing.	เ-เฮ้ อย่าเพิ่งไปคิดเองว่าผมชอบอะไร แบบนั้นสิ
10-1167	talk	Really? I thought that all men were into that.	จริงเหรอคะ? ดิฉันนึกว่าผู้ชายทุกคนชอบ เรื่องพวกนั้นซะอีก
10-1168	talk	(What kind of assumption is that...)	(นี่มันข้อสันนิษฐานอะไรกันเนี่ย...)
10-1169	talk	(Well then, where to go?)	(เอาล่ะ จะไปไหนดี?)
10-1170	talk	Should we go play shogi then?	ไปเล่นโชกิกันไหม?
10-1171	talk	...We could do that...	...ก็ได้นะ...
10-1172	talk	But I'm warning you right now. I'm quite the advanced player.	แต่ขอเตือนไว้ก่อนนะ ฉันเล่นเก่งระดับสูงเลยทีเดียว
10-1173	talk	Ooh, someone's competitive. I like it. Let's have a match then.	โอ้โห มีไฟลุกเลยนี่ ชอบจัง งั้นมาแข่งกันเลย
10-1174	talk	Very well, this should be entertaining. Then let us go.	ตกลงค่ะ น่าจะสนุกดี งั้นไปกันเถอะ
10-1175	talk	...In the past, I knew a man who bore the sign of a needle calamity. He ended up having a terrible accident with darts.	...ในอดีต ฉันเคยรู้จักชายคนหนึ่งที่มี ลางร้ายรูปเข็ม สุดท้ายเขาก็ประสบอุบัติเหตุ ร้ายแรงจากลูกดอก
10-1176	talk	Will you truly be safe?	คุณจะปลอดภัยจริง ๆ ใช่ไหมคะ?
10-1177	talk	Yeah... why wouldn't I be? It's just a cow we're after.	อือ... ทำไมจะไม่ปลอดภัยล่ะ ก็แค่ตามล่าวัวตัวเดียวเอง
10-1178	talk	All right. I'll be careful not to throw the darts anywhere near you, then.	ได้ค่ะ ฉันจะระวังไม่ปาลูกดอกเข้าใกล้ คุณก็แล้วกัน
10-1179	talk	I imagine you'd make a good gambler, since you're a fortune teller and all.	ผมว่าคุณน่าจะเล่นการพนันเก่งนะ ในเมื่อเป็นหมอดู
10-1180	talk	...Hmm. Actually, I've never tried it before.	...อืม จริง ๆ แล้วฉันไม่เคยลองเลยค่ะ
10-1181	talk	Then how about trying your luck? Who knows, you might have a knack for it.	งั้นลองเสี่ยงดวงดูไหม ใครจะรู้ คุณอาจจะมีพรสวรรค์ก็ได้
10-1182	talk	Perhaps.	ก็อาจจะค่ะ
10-1183	talk	...All right, looks like we're just about done. Do you want to go relax somewhere?	...เอาล่ะ ดูเหมือนจะเสร็จแล้ว อยากไปพักผ่อนที่ไหนสักแห่งไหม?
10-1184	talk	I suppose that would be wise...	คงจะเป็นความคิดที่ดี...
10-1185	talk	...Though I'm starting to feel like we're actually on a date.	...แต่ฉันเริ่มรู้สึกเหมือนเรา กำลังเดตกันจริง ๆ แล้วนะคะ
10-1186	talk	Is that such a bad thing? I'm thinking we might as well enjoy ourselves.	มันแย่ตรงไหนล่ะ ผมว่าเราสนุกไปด้วยกันเลยดีกว่า
10-1187	talk	Perhaps. But dropping your guard may just result in you getting trampled by a cow.	ก็อาจจะค่ะ แต่ถ้าเผลอตัวเมื่อไหร่ อาจโดนวัวเหยียบเอาได้นะ
10-1188	talk	Come to think of it, Amane-san, I don't really know much about you. Other than your fortune telling, I mean.	คิด ๆ ดูแล้ว อามาเนะซัง ผมไม่ค่อยรู้เรื่องคุณเลยนะ นอกจากเรื่องดูดวง
10-1189	talk	...Are you saying that you're interested in me?	...หมายความว่าคุณสนใจฉันงั้นเหรอคะ?
10-1190	talk	Yeah, I guess so.	อืม ก็คงงั้น
10-1191	talk	I'm very interested in you.	ผมสนใจเธอมากเลยนะ
10-1192	talk	Yeah. I'm curious what a fortune teller does in her spare time.	ใช่ ผมอยากรู้ว่าเวลาว่างหมอดูทำ อะไรกันบ้าง
10-1193	talk	Do you have any hobbies, perhaps?	มีงานอดิเรกอะไรไหมครับ?
10-1194	talk	Well... I'm not entirely sure if this counts, but...	อืม... ไม่แน่ใจว่านับไหม แต่...
10-1195	talk	I like small animals. Like hamsters and hedgehogs.	ฉันชอบสัตว์ตัวเล็ก ๆ อย่างแฮมสเตอร์กับเม่นแคระค่ะ
10-1196	talk	Do you own one?	เลี้ยงอยู่หรือเปล่า?
10-1197	talk	Yes. I actually have a golden hamster named Yagami-san.	ค่ะ จริง ๆ แล้วฉันมีแฮมสเตอร์โกลเด้นตัวหนึ่ง ตั้งชื่อว่ายากามิซัง
10-1198	talk	Huh? What did you just say?	หา? เมื่อกี้พูดว่าอะไรนะ?
10-1199	talk	I have a hamster... named Yagami-san.	ฉันมีแฮมสเตอร์... ตั้งชื่อว่ายากามิซังค่ะ
10-1200	talk	I realized it looked a lot like you, so I renamed him.	ฉันสังเกตว่าหน้าตามันคล้ายคุณมาก เลยเปลี่ยนชื่อให้มัน
10-1201	talk	N-No kidding...	ไ-ไม่จริงน่า...
10-1202	talk	How would you describe a sign of calamity? I can't really imagine what that's like.	ลางร้ายมีลักษณะยังไงเหรอ ผมนึกภาพไม่ค่อยออกเลย
10-1203	talk	It's as if a hazy sort of... <font_kind=yakuza_italic>image</font_kind> appears over someone's head.	มันเหมือนกับมี... <font_kind=yakuza_italic>ภาพ</font_kind>เลือน ๆ ลอยอยู่เหนือหัวคนคนนั้นค่ะ
10-1204	talk	And are these images always the same?	แล้วภาพพวกนี้เหมือนเดิมทุกครั้งไหม?
10-1205	talk	No, it depends on the situation. For example, it could be lashing tongues of fire, or perhaps a mirage of darkness...	ไม่ค่ะ ขึ้นอยู่กับสถานการณ์ อาจเป็นเปลวไฟที่เลื้อยพลิ้ว หรือภาพลวงตาแห่งความมืด...
10-1206	talk	Sometimes a sign will show up very clearly, like a photograph. Whereas other times, its true form will remain clouded in a haze.	บางครั้งลางก็ปรากฏชัดเจนราวกับ ภาพถ่าย แต่บางครั้งรูปลักษณ์ที่แท้จริง ของมันก็ยังคงพร่ามัวอยู่ในหมอก
10-1207	talk	Huh. So what does my cow calamity look like?	อ้าว งั้นลางร้ายรูปวัวของผมหน้าตา เป็นยังไง?
10-1208	talk	...Precisely that. A cow.	...ก็ตามนั้นแหละค่ะ วัวตัวหนึ่ง
10-1209	talk	A large, fierce one, at that. Covered in sinews that swell with strength... like a matador's bull.	แถมยังตัวใหญ่ ดุร้ายอีกด้วย เต็มไปด้วยกล้ามเนื้อพองโตด้วยพลัง... เหมือนวัวกระทิงในสนามสู้วัว
10-1210	talk	Can you see it right now?	ตอนนี้เห็นมันอยู่หรือเปล่า?
10-1211	talk	Oh yes. Quite clearly, in fact.	โอ้ เห็นค่ะ เห็นชัดเจนเลยด้วย
10-1212	talk	I suggest you avoid wearing red.	แนะนำให้เลี่ยงใส่เสื้อสีแดงนะคะ
10-1213	talk	Uh... Okay.	เอ่อ... โอเค
10-1214	talk	Can you see these signs on people passing by as well?	แล้วคุณเห็นลางแบบนี้กับคนที่ เดินผ่านไปมาด้วยหรือเปล่า?
10-1215	talk	I can. And whenever I do, I make sure to notify that person.	เห็นค่ะ แล้วทุกครั้งที่เห็น ฉันจะบอกให้คนคนนั้นรู้เสมอ
10-1216	talk	Without compensation, of course.	โดยไม่คิดค่าตอบแทนใด ๆ ทั้งสิ้นค่ะ
10-1217	talk	Do you even make a profit from that? I mean, you gotta make a living somehow.	แบบนั้นมีรายได้บ้างไหม ยังไงก็ต้องหาเลี้ยงชีพนี่นา
10-1218	talk	...Truthfully, I gain nothing.	...พูดตามตรง ฉันไม่ได้อะไรเลยค่ะ
10-1219	talk	But that's not an issue. I'm happy as long as my gift proves useful to others.	แต่นั่นไม่ใช่ปัญหา ฉันมีความสุขแล้ว ตราบใดที่พรสวรรค์ของฉัน เป็นประโยชน์กับคนอื่น
10-1220	talk	So you're volunteering, then?	งั้นเธอเป็นอาสาสมัครสินะ?
10-1221	talk	Yes. All I want is to use my power to save lives, so I'm happy to do it free of charge.	ค่ะ สิ่งเดียวที่ฉันต้องการคือใช้ พลังนี้ช่วยชีวิตคน ฉันเลยยินดีทำโดยไม่คิดเงิน
10-1222	talk	That's admirable. I don't think I could do that.	น่านับถือจริง ๆ ผมคงทำแบบนั้นไม่ได้หรอก
10-1223	talk	Are you at least able to feed yourself?	อย่างน้อยพอเลี้ยงปากท้องตัวเองได้ไหม?
10-1224	talk	Of course. It's not like I can survive by only breathing air.	แน่นอนค่ะ คงไม่ใช่ว่าฉันจะอยู่รอดได้ด้วย การหายใจเฉย ๆ
10-1225	talk	Every now and then, I'll pick up a part-time job or two that allows me to earn a lot within a short time.	นาน ๆ ทีฉันจะรับงานพาร์ทไทม์สักอย่าง สองอย่างที่ทำเงินได้ เยอะในเวลาสั้น ๆ
10-1226	talk	...What kind of jobs are they?	...งานแบบไหนเหรอ?
10-1227	talk	Mm, let's see... Nude modeling, for one.	อืม เอาล่ะ... อย่างหนึ่งก็เป็นนางแบบเปลือยค่ะ
10-1228	talk	What!? <font_kind=yakuza_italic>That's</font_kind> the kind of work you do!?	อะไรนะ!? <font_kind=yakuza_italic>นั่นน่ะเหรอ</font_kind>งานที่คุณทำ!?
10-1229	talk	Yes. I was requested quite often due to my... voluptuous figure, which supposedly is very ideal for painting.	ค่ะ มีคนขอให้ฉันเป็นแบบบ่อย ๆ เพราะรูปร่าง... อวบอิ่มของฉัน ว่ากันว่าเหมาะกับการวาดภาพมากค่ะ
10-1230	talk	A man can only wonder...	ผมก็ได้แต่จินตนาการ...
10-1231	talk	My client was a young art student with too much lust for him to bear. He devoured every inch of my body with his gaze...	ลูกค้าคนนั้นเป็นนักศึกษาศิลปะ หนุ่มที่มีตัณหาล้นเหลือเกินจะ ทน เขาจ้องมองร่างกายฉันทุกอณู ราวกับจะกลืนกิน...
10-1232	talk	I'll bet he did.	เชื่อเลยว่าต้องเป็นแบบนั้นจริง ๆ
10-1233	talk	If you ever find yourself painting, I'll be happy to model for you. It certainly won't be cheap, though.	ถ้าวันไหนคุณอยากลองวาดภาพ ฉันยินดีเป็นแบบให้นะคะ แต่ราคาไม่ถูกแน่ ๆ
10-1234	talk	...Once I save up enough, sure.	...รอเก็บเงินพอก่อนแล้วกันนะ
10-1235	talk	In any case...	ไม่ว่ายังไงก็ตาม...
10-1236	talk	I inherited a mansion from my parents, so at least I have somewhere to stay. I simply lack spending money.	ฉันได้รับมรดกเป็นคฤหาสน์จากพ่อแม่ อย่างน้อยก็มีที่อยู่ค่ะ เพียงแต่ขาดเงินใช้จ่ายเท่านั้นเอง
10-1237	talk	I see... Well, I'm glad you have a home.	อ๋อ... งั้นก็ดีใจด้วยที่มีบ้านอยู่นะ
10-1238	talk	Is your fortune telling business going well?	ธุรกิจดูดวงของคุณไปได้สวยไหม?
10-1239	talk	Hmm... I would say...	อืม... จะว่ายังไงดี...
10-1240	talk	I'm working on it.	ก็กำลังพยายามอยู่ค่ะ
10-1241	talk	(I guess it's not going too well.)	(ท่าทางจะไม่ค่อยสวยเท่าไหร่สินะ)
10-1242	talk	Are you having any difficulties with your job?	งานมีปัญหาอะไรไหม?
10-1243	talk	As a matter of fact, I am...	อันที่จริง ก็มีค่ะ...
10-1244	talk	But when I consider all of the frightening calamities swirling about the populace, my troubles seem rather trivial in comparison.	แต่พอนึกถึงลางร้ายน่าสะพรึงที่ วนเวียนอยู่รอบตัวผู้คน ปัญหาของฉันก็ดูเล็กน้อยไปเลย เมื่อเทียบกัน
10-1245	talk	True. But have you ever thought about yourself?	จริงอยู่ แต่คุณเคยคิดถึงตัวเองบ้างไหม?
10-1246	talk	...Pardon?	...อะไรนะคะ?
10-1247	talk	I mean, you've paid for my services just to be able to warn people, and even got attacked in the process.	ผมหมายถึง คุณต้องแลกมาหลายอย่างแค่เพื่อ จะได้เตือนคนอื่น แถมยังโดนทำร้ายระหว่างทางด้วยซ้ำ
10-1248	talk	It seems like for the amount of effort you put into helping others, you sure don't get much out of it...	ดูเหมือนว่าเทียบกับความพยายาม ที่ทุ่มให้คนอื่น คุณแทบไม่ได้อะไรตอบแทนกลับมาเลย...
10-1249	talk	You have very a noble attitude.	คุณมีจิตใจที่สูงส่งจริง ๆ นะ
10-1250	talk	Thank you for your kind words. I knew you would understand my way of thinking.	ขอบคุณสำหรับคำพูดดี ๆ นะคะ ฉันรู้อยู่แล้วว่าคุณต้องเข้าใจ วิธีคิดของฉัน
10-1251	talk	But that means you're choosing to suffer...	แต่นั่นก็แปลว่าคุณเลือกที่จะ ทนทุกข์เองนะ...
10-1252	talk	...You're a kind person, Yagami-san.	...คุณเป็นคนใจดีนะคะ ยากามิซัง
10-1253	talk	It's not like I'm kind to just anyone. Only you.	ผมไม่ได้ใจดีกับทุกคนหรอกนะ เฉพาะคุณคนเดียว
10-1254	talk	*chuckle* Well, I'm certainly pleased to hear that.	*หัวเราะเบา ๆ* งั้นก็ดีใจที่ได้ยินแบบนั้นค่ะ
10-1255	talk	I'm only kind to the ladies.	ผมใจดีกับผู้หญิงเท่านั้นแหละ
10-1256	talk	...I had no idea you were such a flirtatious man.	...ไม่นึกเลยว่าคุณจะเป็นคนขี้จีบขนาดนี้
10-1257	talk	Hahaha. I was only kidding.	ฮ่าฮ่าฮ่า ผมล้อเล่นน่ะ
10-1258	talk	Were you really?	จริงเหรอคะ?
10-1259	talk	If you're comfortable enough, would you tell me what's on your mind?	ถ้าคุณสบายใจพอ เล่าให้ผมฟังได้ไหมว่ากำลังคิด อะไรอยู่?
10-1260	talk	My customers...	ลูกค้าของฉัน...
10-1261	talk	What about them?	เป็นอะไรกับพวกเขาเหรอ?
10-1262	talk	They always get scared of me and run away. It happens whenever I warn them about their calamities.	พวกเขามักจะกลัวฉันแล้ววิ่งหนีเสมอ ทุกครั้งที่ฉันเตือนเรื่อง ลางร้ายของพวกเขา
10-1263	talk	Wait, that's what's been bothering you?	เดี๋ยวนะ นั่นคือสิ่งที่กวนใจคุณอยู่เหรอ?
10-1264	talk	It has indeed.	ใช่แล้วค่ะ
10-1265	talk	I offer them advice so that they can avoid imminent peril, and yet they flee as if I were something hideous.	ฉันให้คำแนะนำเพื่อให้พวกเขา หลีกเลี่ยงภยันตรายที่ใกล้ เข้ามา แต่พวกเขากลับวิ่งหนีราวกับฉัน เป็นสิ่งน่าขยะแขยง
10-1266	talk	What's worse is that most people run away before I can even get the words out.	ที่แย่กว่านั้นคือคนส่วนใหญ่ วิ่งหนีไปก่อนที่ฉันจะพูดจบเสีย อีก
10-1267	talk	What could I be doing wrong?	ฉันทำอะไรผิดพลาดไปกันแน่?
10-1268	talk	Well, how do you approach these people?	แล้วคุณเข้าไปหาคนพวกนี้ยังไง?
10-1269	talk	...Hmm...	...อืม...
10-1270	talk	I could always explain, but perhaps it would be quicker to show you.	อธิบายก็ได้อยู่ แต่คงเร็วกว่าถ้าทำให้ดูเลย
10-1271	talk	You sir, over there. Do you have a moment?	คุณผู้ชายคนนั้นค่ะ ขอเวลาสักครู่ได้ไหม?
10-1272	talk	Whoa... just like that, huh?	โอ้โห... จู่ ๆ เลยแบบนี้เหรอเนี่ย
10-1273	talk	Huh? Are you talking to me?	หา? พูดกับผมเหรอ?
10-1274	talk	How unfortunate... I detect a great calamity in your future.	น่าเสียดายจริง ๆ... ฉันตรวจพบลางร้ายครั้งใหญ่ ในอนาคตของคุณ
10-1275	talk	An academic disaster is about to befall you... Yes... I can see that studying will bring you great misfortune.	หายนะด้านการเรียนกำลังจะมาเยือนคุณ... ใช่แล้ว... ฉันเห็นว่าการเรียนจะนำโชคร้าย ครั้งใหญ่มาสู่คุณ
10-1276	talk	What... are you talking about?	คุณ... กำลังพูดเรื่องอะไรเนี่ย?
10-1277	talk	Be sure to guard your material possessions as you fill your mind with knowledge, lest you slip and lose both to the void.	จงระวังทรัพย์สินของคุณให้ดี ในขณะที่เติมเต็มจิตใจด้วย ความรู้ มิเช่นนั้นอาจพลาดพลั้งสูญเสีย ทั้งสองอย่างไปในความว่างเปล่า
10-1278	talk	Lady, what the hell are you talking about!? What is this nonsense all of a sudden?	นี่ พูดเรื่องบ้าอะไรของคุณเนี่ย!? อยู่ ๆ มาพูดอะไรไร้สาระแบบนี้
10-1279	talk	My exams are coming up tomorrow, so stop bogging me down with all your cryptic negativity!	พรุ่งนี้ผมสอบแล้วนะ อย่ามาพูดจาแง่ลบกำกวมแบบนี้ให้ ผมหนักใจเลย!
10-1280	talk	H-Hold on, Amane-san!	เ-เดี๋ยวก่อน อามาเนะซัง!
10-1281	talk	Let's get back to our seats for now.	กลับไปนั่งที่เดิมกันก่อนเถอะ
10-1282	talk	Sorry about that, man.	ขอโทษด้วยนะครับ
10-1283	talk	So, I got a grasp of how you usually are with people. There's definitely an issue here.	เอาล่ะ ตอนนี้ผมพอเห็นภาพแล้วว่าปกติ คุณทำตัวกับคนอื่นยังไง มีปัญหาแน่ ๆ ตรงนี้
10-1284	talk	Was there something amiss about my approach?	วิธีของฉันมีอะไรผิดพลาดเหรอคะ?
10-1285	talk	Yeah. You see, anyone would get scared if you told them they're gonna suffer right off the bat.	ใช่ คือใครก็ต้องกลัวทั้งนั้นแหละ ถ้าจู่ ๆ ก็บอกว่าเขาจะต้องทุกข์
10-1286	talk	Is there any way you can make your warnings sound less extreme? Without, like, unloading the doom and gloom?	มีวิธีไหนที่จะทำให้คำเตือนของ คุณฟังดูไม่สุดโต่งขนาด นั้นได้ไหม โดยไม่ต้องยัดเยียดความหดหู่ สิ้นหวังใส่เขาเต็ม ๆ น่ะ
10-1287	talk	Less... extreme, you say?	ไม่สุดโต่ง... งั้นเหรอคะ?
10-1288	talk	Yeah. Your tone, for example. Maybe try approaching them in a more friendly way. These are random strangers we're talking about here.	ใช่ อย่างเช่นน้ำเสียงของคุณเนี่ย ลองเข้าหาพวกเขาแบบเป็นมิตรกว่า นี้ดูสิ พวกนี้ก็แค่คนแปลกหน้าทั่วไปนะ
10-1289	talk	Well, I know it's tough because you don't exactly know what the calamity is. But on the other hand, no one has any real reason to believe you.	ผมเข้าใจนะว่ามันยากเพราะคุณเอง ก็ไม่รู้แน่ชัดว่า ลางร้ายคืออะไร แต่ในทางกลับกัน ก็ไม่มีใครมีเหตุผลจะเชื่อคุณ เหมือนกัน
10-1290	talk	And with your approach just now, it almost sounded like you were threatening that guy with impending doom.	แล้วด้วยวิธีที่คุณทำเมื่อกี้ มันแทบจะฟังดูเหมือนคุณกำลังขู่ เขาด้วยหายนะที่ใกล้เข้ามาเลยนะ
10-1291	talk	That isn't my intention... although it is the truth.	นั่นไม่ใช่เจตนาของฉันเลยค่ะ... ถึงมันจะเป็นความจริงก็ตาม
10-1292	talk	In that case, I suggest you try to make it sound a little less... frightening.	ถ้าอย่างนั้น ผมแนะนำให้คุณลองพูดให้มันฟังดู น่ากลัวน้อยลงหน่อย
10-1293	talk	You're right. I'll be mindful of that next time.	คุณพูดถูก ครั้งหน้าฉันจะระวังให้มากขึ้นค่ะ
10-1294	talk	Do you always approach people like that?	ปกติคุณเข้าหาคนแบบนั้นตลอดเลยเหรอ?
10-1295	talk	...Yes. I assumed it would be best to tell people the truth directly...	...ค่ะ ฉันคิดว่าการบอกความจริงตรง ๆ กับคนน่าจะดีที่สุด...
10-1296	talk	But I suppose that's been scaring them away.	แต่คงเป็นเพราะแบบนั้นแหละที่ ทำให้พวกเขาตกใจหนีไป
10-1297	talk	Well, you can never be too careful.	ก็นะ ระวังไว้ก่อนย่อมดีกว่า
10-1298	talk	How about we take a picture together? Something to remember this by.	ถ่ายรูปด้วยกันไหม เก็บไว้เป็นที่ระลึกสักหน่อย
10-1299	talk	You know, I think I'd like that.	รู้ไหมคะ ฉันว่าฉันชอบไอเดียนี้นะ
10-1300	talk	Yep. Looks good to me.	เออ ดูดีเลย
10-1301	talk	Would you mind sending that to me later?	ช่วยส่งรูปให้ฉันทีหลังได้ไหมคะ?
10-1302	talk	Mmm, could be better. Let's do this one over.	อืม น่าจะดีกว่านี้ได้อีก เอาใหม่อีกทีดีกว่า
10-1303	talk	Yagami-san, look. It's that student from earlier.	ยากามิซัง ดูสิคะ นักศึกษาคนเมื่อกี้
10-1304	talk	A calamity of studying will surely attack that young man. Should we not watch over him? Or at least deliver a proper warning?	ลางร้ายด้านการเรียนจะต้องมา เยือนเด็กหนุ่มคนนั้นแน่ ๆ เราไม่ควรคอยดูแลเขาหน่อยเหรอคะ หรืออย่างน้อยก็เตือนให้ถูกวิธี
10-1305	talk	Are you absolutely sure something bad's gonna happen to him?	แน่ใจจริง ๆ เหรอว่าจะมีเรื่องร้ายเกิดขึ้นกับเขา?
10-1306	talk	Fate does not bear false witness, Yagami-san. There is no doubt in my mind.	โชคชะตาไม่เคยลวงตาหรอกค่ะ ยากามิซัง ฉันไม่มีข้อสงสัยเลยแม้แต่น้อย
10-1307	talk	All right. Then I'll go with you.	ก็ได้ งั้นผมไปด้วยก็แล้วกัน
10-1308	talk	Hmm... Still sounds kinda fishy to me...	อืม... ฟังดูยังไงก็ไม่ค่อยน่าเชื่ออยู่ดี...
10-1309	talk	If you're not going to accompany me, then I'll go by myself.	ถ้าคุณไม่ไปด้วย ฉันจะไปคนเดียวก็ได้ค่ะ
10-1310	talk	Hm? What's this other guy doing...?	หืม? เจ้าคนนี้กำลังทำอะไรน่ะ...?
10-1311	talk	...A purse-snatcher?	...นักล้วงกระเป๋าเหรอ?
10-1312	talk	Hey. That bag you're holding. It's not yours, is it?	เฮ้ย กระเป๋าที่ถืออยู่นั่น ไม่ใช่ของนายใช่ไหม?
10-1313	talk	...Ack!	...อึ้ก!
10-1314	talk	If you return it without raising an issue, I might just let you off the hook without getting the police involved.	ถ้าคืนไปโดยดีไม่มีปัญหา ผมอาจจะปล่อยไปโดยไม่แจ้งตำรวจก็ได้
10-1315	talk	...I-I'm sorry! It honestly happened on a whim!	...ข-ขอโทษ! ทำไปเพราะใจมันวูบวาบขึ้นมาจริง ๆ!
10-1316	talk	I'll give it back right now, so please don't call the cops!	จะคืนให้เดี๋ยวนี้เลย ได้โปรดอย่าเรียกตำรวจ!
10-1317	talk	Thank you so much for getting back my precious bag!	ขอบคุณมากจริง ๆ ที่ช่วยเอากระเป๋าล้ำค่าของผมคืนมา!
10-1318	talk	Looks like you got so focused on studying, you didn't even notice it was gone.	ดูเหมือนตั้งใจอ่านหนังสือซะจน ไม่ทันสังเกตว่ากระเป๋า หายไปเลยนะ
10-1319	talk	Seriously! I almost got screwed... The admission form for my upcoming exam's inside there!	จริง ๆ นะ! เกือบพังไปแล้ว... ในนั้นมีใบสมัครสอบที่ผมจะใช้ สอบครั้งหน้าด้วย!
10-1320	talk	(Amane-san was spot-on yet again...)	(อามาเนะซังทายแม่นอีกแล้วสินะ...)
10-1321	talk	Thank you for believing in me, Yagami-san.	ขอบคุณที่เชื่อใจฉันนะคะ ยากามิซัง
10-1322	talk	This is the fourth time, after all... I'd be stupid if I didn't recognize your powers by now.	ก็นี่มันครั้งที่สี่แล้วนี่นา... ถ้าผมยังไม่ยอมรับพลังของคุณอีก ผมคงโง่เกินไปแล้วล่ะ
10-1323	talk	...Indeed.	...ใช่ค่ะ
10-1324	talk	Well, we are partners. I guess we've come a long way together.	ก็นะ เราเป็นพาร์ทเนอร์กัน ผ่านอะไรมาด้วยกันเยอะเหมือนกันนะ
10-1325	talk	Indeed. And I will admit it's reassuring to have you here with me.	ใช่ค่ะ และฉันต้องยอมรับว่ามีคุณอยู่ ด้วยมันทำให้อุ่นใจขึ้นมาก
10-1326	talk	It seems as though you have the power to resolve calamities whereas I have the power to predict them.	ดูเหมือนว่าคุณมีพลังในการแก้ไข ลางร้าย ส่วนฉันมีพลังในการทำนายมัน
10-1327	talk	Perhaps this could make for quite an interesting relationship...	บางทีนี่อาจกลายเป็น ความสัมพันธ์ที่น่าสนใจก็ได้ นะคะ...
10-1328	talk	I'm glad you think so.	ดีใจที่คุณคิดแบบนั้น
10-1329	talk	Yagami-san. Thank you for tagging along with me today.	ยากามิซัง ขอบคุณที่มาด้วยกันวันนี้นะคะ
10-1330	talk	The time we spent together was quite enjoyable.	ช่วงเวลาที่เราอยู่ด้วยกันสนุก มากเลยค่ะ
10-1331	talk	Oh? Does that mean your objective changed? I thought you were watching over my calamity.	อ้าว? นั่นแปลว่าจุดประสงค์เปลี่ยน ไปแล้วเหรอ นึกว่าคุณกำลังคอยระวังลางร้าย ของผมอยู่ซะอีก
10-1332	talk	Ah. You're right.	อ้อ จริงด้วยค่ะ
10-1333	talk	I had so much fun that I completely forgot.	สนุกจนลืมไปเลยค่ะ
10-1334	talk	Heh. I'm glad you had a good time.	เฮอะ ดีใจที่คุณสนุกนะ
10-1335	talk	Well then, let us meet again soon... unless a calamity befalls you.	งั้นเจอกันใหม่เร็ว ๆ นี้นะคะ... นอกเสียจากว่าลางร้ายจะมาเยือนคุณก่อน
10-1336	talk	Did you have to end it on an ominous note?	จำเป็นต้องปิดท้ายด้วยคำพูดลาง ไม่ดีขนาดนั้นเลยเหรอ
10-1337	talk	Haha, don't be such a <font_kind=yakuza_italic>cow</font_kind>-ard.	ฮ่าฮ่า อย่าขี้ขลาดเป็น<font_kind=yakuza_italic>วัว</font_kind>ไปหน่อยเลยค่ะ
10-1338	talk	It would seem that the cow calamity decided not to manifest today.	ดูเหมือนลางร้ายรูปวัวจะ ตัดสินใจไม่ปรากฏตัวในวันนี้ นะคะ
10-1339	talk	In fact, it's as if... it's <font_kind=yakuza_italic>moo</font_kind>-ving away from you...	อันที่จริง มันราวกับว่า... กำลัง<font_kind=yakuza_italic>มอ</font_kind>ออกห่างจากคุณไปเรื่อย ๆ...
10-1340	talk	Maybe you just need the right <font_kind=yakuza_italic>cattle</font_kind>-yst...	บางทีคุณอาจแค่ต้องการ<font_kind=yakuza_italic>วัว</font_kind> เร่งปฏิกิริยาที่ใช่ก็ได้นะคะ...
10-1341	talk	(She's really milking those cow puns for all they're worth... I'm gonna have to keep up somehow.)	(เธอเล่นมุกวัวจนสุดตัวจริง ๆ... ผมคงต้องหาทางตามให้ทันสักหน่อยแล้ว)
10-1342	talk	Goodbye then...	งั้นลาก่อนนะคะ...
10-1343	talk	Hey, Amane-san. Is the cow calamity still there?	นี่ อามาเนะซัง ลางร้ายรูปวัวยังอยู่ไหม?
10-1344	talk	Yes. I saw it clearly from far away. And it's getting even bigger.	ค่ะ ฉันเห็นมันชัดเจนจากที่ไกล แล้วมันก็กำลังใหญ่ขึ้นเรื่อย ๆ ด้วย
10-1345	talk	Mm. Your misfortune appears to be concatenating with that of something else...	อืม เคราะห์ร้ายของคุณดูเหมือนกำลัง พันเกี่ยวเข้ากับสิ่งอื่นอยู่...
10-1346	talk	It is as if the very threads of fate are entangling you into a snare, leaving you utterly powerless to run away from ruin.	ราวกับว่าเส้นด้ายแห่งโชคชะตา กำลังรัดตัวคุณเข้าไปในกับดัก จนคุณไม่มีทางหนีพ้นความหายนะได้เลย
10-1347	talk	That's... pretty dark.	นั่นมัน... มืดมนน่าดูเลยนะ
10-1348	talk	Then I'll just have to find that evil cow and defeat it as soon as possible.	งั้นผมก็แค่ต้องหาวัวปีศาจตัว นั้นแล้วจัดการมันซะให้เร็ว ที่สุด
10-1349	talk	That certainly would be prudent.	นั่นคงเป็นทางที่ฉลาดที่สุดจริง ๆ ค่ะ
10-1350	talk	Perhaps we should engage in a game of sport or merriment... Not for our own sake, but to lure out this disastrous bovine.	บางทีเราน่าจะไปเล่นกีฬาหรือ ความบันเทิงสักอย่าง... ไม่ใช่เพื่อตัวเราเอง แต่เพื่อล่อวัวร้ายตัวนั้นออกมาค่ะ
10-1351	talk	(All right. Where should we go this time...)	(เอาล่ะ คราวนี้จะไปไหนดี...)
10-1352	talk	This should be entertaining. Come, let's go.	น่าจะสนุกดีนะคะ มาเถอะ ไปกันเลย
10-1353	talk	Should we go play shogi again?	ไปเล่นโชกิกันอีกไหม?
10-1354	talk	Good idea. Time for a serious game.	ไอเดียดีค่ะ ได้เวลาเล่นแบบจริงจังแล้ว
10-1355	talk	How about we kill some time for a bit? Want to play darts?	ฆ่าเวลากันสักหน่อยดีไหม อยากเล่นลูกดอกไหม?
10-1356	talk	Yeah... why wouldn't I be? It's just a cow we're after. 	อือ... ทำไมจะไม่ปลอดภัยล่ะ ก็แค่ตามล่าวัวตัวเดียวเอง
10-1357	talk	I get the feeling you'd be good at gambling, since you're a fortune teller and all.	ผมรู้สึกว่าคุณน่าจะเล่นพนันเก่งนะ ในเมื่อเป็นหมอดู
10-1358	talk	Should we check out the casino?	ไปดูคาสิโนกันไหม?
10-1359	talk	Certainly. I think I've made some gains in the gambling realm.	ได้เลยค่ะ ฉันว่าตัวเองมีฝีมือด้านการพนัน อยู่บ้างนะ
10-1360	talk	I am a fortune teller, after all.	ก็ฉันเป็นหมอดูนี่คะ
10-1361	talk	It would seem our oxen opponent has failed to show itself yet again.	ดูเหมือนคู่ปรับตัววัวของเราจะ ยังไม่ยอมโผล่มาอีกครั้งนะคะ
10-1362	talk	If it's going to show up at all, I'd rather have it happen sooner than later...	ถ้ายังไงมันจะต้องโผล่มาอยู่แล้ว ผมอยากให้มันเร็วกว่านี้มากกว่า...
10-1363	talk	Wait a sec... Beef Zone?	เดี๋ยวนะ... บีฟโซนเหรอ?
10-1364	talk	...Yagami-san. Do my eyes deceive me, or is that...?	...ยากามิซัง ตาฉันฝาดไปหรือเปล่า หรือว่านั่นคือ...?
10-1365	talk	Yeah... That's definitely a cow.	ใช่... นั่นคือวัวแน่ ๆ
10-1366	talk	Right now, this restaurant is quite possibly the most dangerous place in the world to you.	ตอนนี้ ร้านอาหารนี้อาจเป็นสถานที่ อันตรายที่สุดในโลกสำหรับ คุณเลยก็ได้นะคะ
10-1367	talk	Even the smallest bite of beef will wrack your organs with writhing pain and poison! Of this I am certain!	แค่เนื้อวัวคำเล็ก ๆ ก็อาจทำให้อวัยวะในร่างกายคุณ ปวดร้าวและเป็นพิษได้! ฉันมั่นใจเรื่องนี้เต็มร้อย!
10-1368	talk	...You wanna check it out?	...อยากลองเข้าไปดูไหม?
10-1369	talk	What!? Surely you jest!	อะไรนะ!? ล้อเล่นแน่ ๆ เลยใช่ไหม!?
10-1370	talk	Nah, my friend Kim-san runs that place. I know he wouldn't serve us anything but the best.	เปล่า เพื่อนผม คิมซัง เป็นเจ้าของร้านนั้น ผมรู้ดีว่าเขาไม่เสิร์ฟอะไรที่ ไม่ดีที่สุดให้เราหรอก
10-1371	talk	Besides, it has something to do with cows. I think it's the perfect place to lure out that calamity.	อีกอย่าง มันก็เกี่ยวกับวัวเหมือนกันนี่ ผมว่ามันเหมาะเป็นที่ล่อลางร้าย นั้นออกมาที่สุดแล้ว
10-1372	talk	But you would be plunging into chaos itself.	แต่นั่นเท่ากับคุณกำลังโยน ตัวเองเข้าไปในความโกลาหลเลย นะคะ
10-1373	talk	Ah, I'll be fine. Let's just head in and enjoy. My treat.	อ้า ไม่เป็นไรหรอก เข้าไปสนุกกันเถอะ ผมเลี้ยงเอง
10-1374	talk	You've... lost your mind...	คุณนี่... เสียสติไปแล้วสินะ...
10-1375	talk	Ohh, how horrendous! The entire place reeks with the tainted stench of animal flesh!	โอ๊ย น่าสยดสยองจริง ๆ! ทั้งร้านคลุ้งไปด้วยกลิ่น เนื้อสัตว์ที่แปดเปื้อน!
10-1376	talk	Don't say that kind of stuff inside a restaurant...	อย่าพูดอะไรแบบนั้นในร้านอาหารสิ...
10-1377	talk	Welcome to the Beef Zone! ...Oh? Yagami-san?	ยินดีต้อนรับสู่บีฟโซนครับ! ...อ้าว? ยากามิซังนี่?
10-1378	talk	Hey, Kim-san. You got seats for two?	ไง คิมซัง มีที่นั่งสำหรับสองคนไหม?
10-1379	talk	For you folks? You bet I do.	สำหรับพวกนายเหรอ มีอยู่แล้วสิ
10-1380	talk	And who's this beautiful young lady? I didn't know you had a girlfriend!	แล้วสาวสวยคนนี้เป็นใครกันล่ะ ไม่รู้เลยนะว่านายมีแฟนแล้ว!
10-1381	talk	I... beg your pardon?	ฉัน... ขอโทษนะคะ ว่าอะไรนะคะ?
10-1382	talk	Oh, was I mistaken?	อ้าว เข้าใจผิดไปหรือเปล่าเนี่ย?
10-1383	talk	Nope, she's my girlfriend. Cute, isn't she?	เปล่า เธอคือแฟนผมเอง น่ารักใช่ไหมล่ะ?
10-1384	talk	W-Wait just a moment! Yagami-san, what is the meaning of this!?	เ-เดี๋ยวก่อนนะคะ! ยากามิซัง นี่มันหมายความว่ายังไงกันคะ!?
10-1385	talk	Well I'd appreciate it if you didn't toy with my feelings like that!	ฉันอยากให้คุณอย่าเล่นกับ ความรู้สึกฉันแบบนั้นนะคะ!
10-1386	talk	Sounds like you two have some issues to work out.	ฟังดูเหมือนสองคนนี้มีเรื่อง ต้องคุยกันเยอะเลยนะ
10-1387	talk	She's just a friend, Kim-san.	เธอเป็นแค่เพื่อนน่ะ คิมซัง
10-1388	talk	Oh, okay. Sorry to confuse things.	อ้อ โอเค ขอโทษที่ทำให้สับสนนะ
10-1389	talk	Anyway, feel free to have a seat wherever you like!	เอาล่ะ นั่งตรงไหนก็ได้ตามสบายเลยนะครับ!
10-1390	talk	Perhaps you should take the path of caution and stick to only vegetables?	บางทีคุณควรเลือกทางที่ปลอดภัย แล้วกินแต่ผักดีไหมคะ?
10-1391	talk	No way. I'm not gonna put myself on a diet because of some stupid calamity.	ไม่มีทาง ผมไม่มาจำกัดอาหารเพราะลางร้ายโง่ ๆ หรอก
10-1392	talk	Well, time to dig in!	เอาล่ะ ได้เวลากินแล้ว!
10-1393	talk	Mmm. Now that's good beef!	อืม เนื้อนี่อร่อยจริง!
10-1394	talk	Please be careful...	โปรดระวังตัวด้วยนะคะ...
10-1395	talk	(All right. Now what should we talk about...)	(เอาล่ะ ทีนี้จะคุยเรื่องอะไรกันดี...)
10-1396	talk	Tell me more about yourself, Amane-san.	เล่าเรื่องตัวเองให้ฟังหน่อยสิ อามาเนะซัง
10-1397	talk	Sure. What would you like to know?	ได้ค่ะ อยากรู้เรื่องอะไรเหรอ?
10-1398	talk	Come to think about it, I don't even know your full name.	คิด ๆ ดูแล้ว ผมยังไม่รู้ชื่อเต็มของคุณเลยนะ
10-1399	talk	...That's right. I haven't revealed that to you yet.	...จริงด้วยค่ะ ฉันยังไม่เคยบอกคุณเลย
10-1400	talk	It's... Tsumugi.	ชื่อจริงคือ... สึมุกิค่ะ
10-1401	talk	Ah, so your full name is Amane Tsumugi?	อ้อ งั้นชื่อเต็มของคุณคืออามาเนะ สึมุกิสินะ?
10-1402	talk	The opposite, actually.	จริง ๆ แล้วสลับกันค่ะ
10-1403	talk	Yes. My name is Tsumugi Amane.	ค่ะ ฉันชื่อสึมุกิ อามาเนะ
10-1404	talk	Whoa. That sounds even more intense.	โอ้โห ฟังดูยิ่งเข้มข้นไปอีก
10-1405	talk	Does it? I thought it strange to introduce myself to strangers by my first name.	งั้นเหรอคะ ฉันว่ามันแปลกที่จะแนะนำตัวเอง ด้วยชื่อจริงกับคนแปลกหน้า
10-1406	talk	I guess that makes sense.	ก็มีเหตุผลอยู่นะ
10-1407	talk	Yagami-san, what's your first name?	ยากามิซัง ชื่อจริงของคุณคืออะไรคะ?
10-1408	talk	Takayuki.	ทาคายูกิ
10-1409	talk	Takayuki-san... Such a gentle name. I think it fits you quite well.	ทาคายูกิซัง... ชื่ออ่อนโยนดีนะคะ ฉันว่าเหมาะกับคุณมากเลย
10-1410	talk	So does yours.	ชื่อคุณก็เหมาะกับคุณเหมือนกัน
10-1411	talk	How old are you, Amane-san?	อามาเนะซัง คุณอายุเท่าไหร่?
10-1412	talk	My, such a direct question.	โอ้โห ถามตรงจังนะคะ
10-1413	talk	The answer lies not within your reach.	คำตอบนั้นอยู่นอกเหนือที่คุณจะ เอื้อมถึงค่ะ
10-1414	talk	Aww man.	โธ่เอ๊ย
10-1415	talk	How old are <font_kind=yakuza_italic>you</font_kind>, Yagami-san?	แล้ว<font_kind=yakuza_italic>คุณ</font_kind>ล่ะคะ ยากามิซัง อายุเท่าไหร่?
10-1416	talk	I'm thirty-five. Inching ever closer to my forties.	ผมสามสิบห้าแล้ว ใกล้จะสี่สิบเข้าไปทุกที
10-1417	talk	Thirty-five. Wow, you don't look like it.	สามสิบห้าเหรอ โห ดูไม่ออกเลยนะคะ
10-1418	talk	So, what about you?	แล้วคุณล่ะ?
10-1419	talk	...If you're that curious, then why don't you try and guess?	...ถ้าอยากรู้ขนาดนั้น ลองทายดูไหมล่ะคะ?
10-1420	talk	Okay, if that's how you want to play.	โอเค ถ้าอยากเล่นแบบนี้ก็ได้
10-1421	talk	You're in your twenties, right?	เธออายุยี่สิบกว่าใช่ไหม?
10-1422	talk	That would be correct.	ถูกต้องค่ะ
10-1423	talk	Okay, now I just have to guess the number...	โอเค ทีนี้ก็แค่ต้องทายตัวเลขให้ถูก...
10-1424	talk	Do I truly seem that young?	ฉันดูอ่อนวัยขนาดนั้นเลยเหรอคะ?
10-1425	talk	Yeah. But it sounds like I got it wrong. So my next guess is...	ใช่ แต่ฟังดูเหมือนผมเดาผิดนะ งั้นข้อต่อไปที่จะเดาคือ...
10-1426	talk	...You never cease to amaze me, Yagami-san. You got it.	...คุณนี่ทำให้ฉันทึ่งไม่หยุดจริง ๆ นะคะ ยากามิซัง ทายถูกเผงเลย
10-1427	talk	So you're 27, huh? Wow, you're young.	เพราะงั้นคุณอายุ 27 เหรอ โห อ่อนจัง
10-1428	talk	Not so much. That's almost 30.	ไม่เชิงหรอกค่ะ นั่นมันใกล้ 30 แล้ว
10-1429	talk	Mm. You went a little too high.	อืม คุณเดาสูงไปหน่อยนะ
10-1430	talk	Damn, I missed. Which means...	ซวยแล้ว เดาพลาดอีก งั้นแปลว่า...
10-1431	talk	Are you in your thirties?	เธออายุสามสิบกว่าหรือเปล่า?
10-1432	talk	...Do I seem like I'm in my thirties?	...ฉันดูเหมือนอายุสามสิบกว่าเหรอคะ?
10-1433	talk	Is there really that much of a difference between your twenties and your thirties...?	อายุยี่สิบกับสามสิบมันต่างกัน ขนาดนั้นเลยเหรอ...?
10-1434	talk	That's not the issue.	นั่นไม่ใช่ประเด็นค่ะ
10-1435	talk	S-Sorry. In that case...	ข-ขอโทษ งั้น...
10-1436	talk	Maybe you're older than me? Somewhere in your forties?	หรือว่าคุณจะแก่กว่าผม? สักสี่สิบกว่า ๆ?
10-1437	talk	May I head home now?	ฉันขอตัวกลับบ้านได้หรือยังคะ?
10-1438	talk	Whoa whoa, I was just playing around!	เฮ้ย เฮ้ย ผมแค่ล้อเล่นน่า!
10-1439	talk	Get trampled by a stampede for all I care!	จะโดนฝูงสัตว์เหยียบตายก็ช่างเถอะ!
10-1440	talk	Okay, I messed up! Seriously! I really am sorry!	โอเค ผมพลาดไปจริง ๆ! ขอโทษจริง ๆ นะ!
10-1441	talk	(That was a fail...)	(นั่นมันพังจริง ๆ...)
10-1442	talk	I don't know if I'm allowed to ask you, but...	ผมไม่รู้ว่าจะถามคุณได้ไหม แต่...
10-1443	talk	(I doubt I could just guess her measurements... Those clothes drape over her like a widow's shroud.)	(ผมคงเดาสัดส่วนเธอไม่ถูกหรอก... ชุดที่ใส่อยู่มันหลวมโพรกจนมอง ไม่ออกเลยสักนิด)
10-1444	talk	Might I ask where you're looking?	ขอถามหน่อยได้ไหมคะว่าคุณกำลัง มองอะไรอยู่?
10-1445	talk	Oh. Uh. Nowhere in particular!	อ้อ เอ่อ ไม่มีอะไรเป็นพิเศษหรอก!
10-1446	talk	Umm...	เอ่อ...
10-1447	talk	(Gah... I can't go any longer without knowing her figure. Curse this inquisitive detective mind of mine!)	(อุ๊ย... ผมทนไม่ไหวแล้วถ้าไม่รู้สัดส่วนเธอ สมองนักสืบขี้สงสัยของผมนี่มัน น่ารำคาญจริง ๆ!)
10-1448	talk	(...But is it really okay to ask her straight up?)	(...แต่ถามตรง ๆ แบบนี้มันโอเคจริงเหรอ?)
10-1449	talk	I feel like your measurements would match those of a model.	ผมรู้สึกว่าสัดส่วนคุณน่าจะเท่า นางแบบเลยนะ
10-1450	talk	*chuckle* You're a curious little boy, aren't you... I can clearly see you're trying to guess my sizes.	*ยิ้ม* คุณนี่ช่างสงสัยเหมือนเด็กเล็กเลยนะ... ฉันมองออกชัดเจนเลยว่าคุณกำลัง พยายามเดาขนาดตัวฉันอยู่
10-1451	talk	Sorry. It's a guy thing.	ขอโทษที มันเป็นเรื่องของผู้ชายน่ะ
10-1452	talk	Oh? Then what would be your estimation?	อ้อ? แล้วคุณประเมินว่าเท่าไหร่ล่ะคะ?
10-1453	talk	Whoa. You're okay with me guessing?	โห คุณโอเคให้ผมเดาจริง ๆ เหรอ?
10-1454	talk	All right then...	งั้นก็ได้...
10-1455	talk	Let's see, those are... C cups? No, maybe even... D cups?	ขอดูก่อนนะ นั่นมัน... ไซซ์ C? เปล่า บางทีอาจจะถึง... D เลยมั้ง?
10-1456	talk	...Your eyes scare me, Yagami-san.	...สายตาคุณน่ากลัวจริง ๆ นะคะ ยากามิซัง
10-1457	talk	Hehe.	เฮะเฮะ
10-1458	talk	Hmm... I think... you'd be about...	อืม... ผมว่า... คุณน่าจะประมาณ...
10-1459	talk	Would you mind not leering at me!?	ช่วยอย่ามองฉันแบบนั้นได้ไหมคะ!?
10-1460	talk	Well then. Now that that's over with...	เอาล่ะ ในเมื่อเรื่องนั้นจบไปแล้ว...
10-1461	talk	Actually, forget it. I feel like I'll lose my morals if I keep going.	เอาจริง ๆ ลืมไปเถอะ ผมรู้สึกว่าถ้าทำต่อไปคงเสีย ศีลธรรมแน่
10-1462	talk	(...I don't know why I entertain these thoughts.)	(...ไม่รู้เหมือนกันว่าทำไมถึง ปล่อยใจคิดเรื่องพวกนี้)
10-1463	talk	Hey, Amane-san...	นี่ อามาเนะซัง...
10-1464	talk	How's your love life going?	ชีวิตรักเป็นยังไงบ้าง?
10-1465	talk	Hmm. It's not really going at all. The demands of my profession require all my time and energy.	อืม ไม่ค่อยไปไหนเลยค่ะ งานของฉันมันต้องใช้เวลาและ แรงกายแรงใจทั้งหมด
10-1466	talk	So are you saying you don't have a boyfriend?	เท่ากับว่าคุณไม่มีแฟนใช่ไหม?
10-1467	talk	Do you have a boyfriend?	เธอมีแฟนหรือยัง?
10-1468	talk	...Why do you ask?	...ทำไมถึงถามล่ะคะ?
10-1469	talk	I'm asking 'cause if you did, he probably wouldn't want you hanging out alone with me.	ถามเพราะถ้ามีจริง เขาคงไม่อยากให้คุณมาเที่ยวกับ ผมสองต่อสองหรอก
10-1470	talk	To be frank, this is what I do as a professional. Whether my boyfriend approves, or even exists to begin with, matters not.	พูดตรง ๆ นี่คืองานของฉันในฐานะมืออาชีพ ไม่ว่าแฟนฉันจะเห็นด้วยหรือไม่ หรือต่อให้ไม่มีอยู่จริงก็ไม่ สำคัญเลยค่ะ
10-1471	talk	(So is she dating anyone... or did she just dodge my question?)	(สรุปเธอคบใครอยู่หรือเปล่า... หรือแค่หลบคำถามผมกันแน่?)
10-1472	talk	I'll leave that up to your imagination.	เรื่องนั้นฉันขอให้คุณจินตนาการ เอาเองค่ะ
10-1473	talk	Don't be alarmed. I can often sense what people around me are thinking. I am a fortune teller, after all.	อย่าเพิ่งตกใจไปค่ะ ฉันมักจะรับรู้ได้ว่าคนรอบตัว กำลังคิดอะไรอยู่ ก็ฉันเป็นหมอดูนี่คะ
10-1474	talk	(Then I'd better watch my thoughts.)	(งั้นผมต้องระวังความคิดตัวเอง หน่อยแล้ว)
10-1475	talk	"Then I'd better watch out for dirty thoughts." That's what you just thought to yourself, isn't it?	"งั้นผมต้องระวังความคิดสกปรก ๆ หน่อยแล้ว" นั่นคือสิ่งที่คุณเพิ่งคิดในใจ ใช่ไหมคะ?
10-1476	talk	Hey now, I didn't go <font_kind=yakuza_italic>that</font_kind> far!	เฮ้ย ผมไม่ได้ไปไกลถึง<font_kind=yakuza_italic>ขนาดนั้น</font_kind>เลยนะ!
10-1477	talk	It's fine... as long as they simply remain thoughts.	ไม่เป็นไรค่ะ... ตราบใดที่มันยังเป็นแค่ความคิด
10-1478	talk	Well then, don't mind if I do.	งั้นผมขอถือวิสาสะเลยแล้วกัน
10-1479	talk	Oh my. So you really are letting your mind wander... there.	โอ้โห งั้นคุณก็ปล่อยใจเพ้อไปถึง...ตรงนั้นจริง ๆ ด้วยสินะคะ
10-1480	talk	W-Wait! Please, refrain from this at once!	เ-เดี๋ยวก่อน! ได้โปรดเลิกทำแบบนี้เดี๋ยวนี้เลยค่ะ!
10-1481	talk	Hahaha. I was just messing with you.	ฮ่าฮ่าฮ่า ผมแค่แกล้งเล่นน่า
10-1482	talk	Hmph. Fool.	หึ ทึ่มจริง ๆ
10-1483	talk	Hey now. Believe it or not, I'm actually quite the gentleman.	เดี๋ยวก่อนนะ เชื่อหรือไม่ก็ตาม ผมนี่เป็นสุภาพบุรุษตัวจริงเชียวนะ
10-1484	talk	...How can I be certain?	...แล้วฉันจะมั่นใจได้ยังไงคะ?
10-1485	talk	So. Someone finally listened to your warning, huh?	งั้น ในที่สุดก็มีคนฟังคำเตือนของคุณสินะ
10-1486	talk	Yes. It would appear that tone and delivery is more crucial than I initially expected.	ค่ะ ดูเหมือนน้ำเสียงกับวิธีพูดจะ สำคัญกว่าที่ฉันคิดไว้ตอนแรกซะ อีก
10-1487	talk	Then does that mean your work issues are solved?	งั้นแปลว่าปัญหาเรื่องงานของคุณ คลี่คลายแล้วสิ?
10-1488	talk	It seems that would be the case.	ดูเหมือนจะเป็นแบบนั้นค่ะ
10-1489	talk	You know, Yagami-san... Ever since I met you, I feel like things have been going well for me.	รู้ไหมคะ ยากามิซัง... ตั้งแต่ได้เจอคุณมา ฉันรู้สึกว่าทุกอย่างเริ่มไปได้ดีขึ้น
10-1490	talk	You see, I've always wanted to use my abilities to help other people.	คือฉันอยากใช้ความสามารถ ของตัวเองช่วยเหลือคนอื่น มาโดยตลอด
10-1491	talk	But no one would ever believe me. On the contrary, people would either get scared or make fun of me.	แต่ไม่มีใครเชื่อฉันเลยสักคน ตรงกันข้าม คนอื่นก็มีแต่จะกลัวหรือไม่ก็ ล้อเลียนฉัน
10-1492	talk	It is said that a prophet is never accepted in their hometown. The same held true for me. Everyone was so cold...	เขาว่ากันว่าไม่มีผู้ทำนายคนไหน ได้รับการยอมรับใน บ้านเกิดของตัวเอง สำหรับฉันก็เป็นแบบนั้นเหมือนกัน ทุกคนเย็นชากับฉันเหลือเกิน...
10-1493	talk	Must've been hard to deal with.	คงรับมือยากน่าดูเลยนะ
10-1494	talk	...It was.	...มันเป็นแบบนั้นจริง ๆ ค่ะ
10-1495	talk	What a bunch of jerks.	พวกนั้นมันงี่เง่าจริงๆ
10-1496	talk	...Mm.	...อืม
10-1497	talk	You were the only one, Yagami-san.	มีคุณคนเดียวเท่านั้นค่ะ ยากามิซัง
10-1498	talk	The only one to what?	คนเดียวที่ทำอะไร?
